Date,Close,High,Low,Open,Volume,ma20,ma50,ma200,momentum20,rsi14,macd,macd_signal,macd_hist,bb_upper,bb_middle,bb_lower,bb_pct,obv,state,signal
2021-09-13,64454.48046875,64844.64076214437,63830.22399931901,64220.38429271338,1367010,,,,,,,,,,,,,1367010,bear,hold
2021-09-14,65078.74609375,65937.09885997452,64844.649884779676,65000.71402409323,1530277,,,,,,,,,,,,,2897287,bear,hold
2021-09-15,65000.70703125,65702.99558260804,64376.450541153965,64766.610847463984,1124683,,,,,,,,,,,,,1772604,bear,hold
2021-09-16,65937.09375,65937.09375,65078.74105029585,65234.80517751479,1424238,,,,,,,,,,,,,3196842,bear,hold
2021-09-17,65624.96875,66093.16115487515,65312.84048008323,65781.03288495837,1422626,,,,,,,,,,,,,1774216,bear,hold
2021-09-23,65703.0,65937.09619952494,64532.519002375295,64844.647268408546,1192354,,,,,,,,,,,,,2966570,bear,hold
2021-09-24,64454.48046875,66093.15370100636,64454.48046875,66093.15370100636,1251915,,,,,,,,,,,,,1714655,bear,hold
2021-09-27,64064.328125,64610.55260353228,63986.296056638246,64064.328125,944716,,,,,,,,,,,,,769939,bear,hold
2021-09-28,62503.69140625,64220.39703788233,62503.69140625,64064.33288955212,1573235,,,,,,,,,,,,,-803296,bear,hold
2021-09-29,63518.1015625,63518.1015625,61567.29991746007,61567.29991746007,1955635,,,,,,,,,,,,,1152339,bear,hold
2021-09-30,63362.0390625,63752.199401554804,62815.814587823275,62893.84665563424,1071982,,,,,,,,,,,,,80357,bear,hold
2021-10-01,61099.10546875,63284.00323774745,61099.10546875,62893.842921855045,1785166,,,,,,,,,,,,,-1704809,bear,hold
2021-10-05,60708.9453125,61099.10562941839,59538.46436174486,59928.62467866324,1810229,,,,,,,,,,,,,-3515038,bear,hold
2021-10-06,58289.95703125,61411.239870942096,58289.95703124999,60943.04744498828,2272911,,,,,17.396835876769885,,,,,,,,-5787949,bear,hold
2021-10-07,62269.5859375,62347.61800007832,58367.98280858396,58446.01487116228,2014911,,,,,44.821372307706,,,,,,,,-3773038,bear,hold
2021-10-08,63908.26171875,64298.422046703294,62269.58834134615,62971.87693166209,2260287,,,,,51.902469173005095,,,,,,,,-1512751,bear,hold
2021-10-12,64142.3515625,64688.575967533456,63283.99892601886,63830.223331052315,1506018,,,,,52.83365442426521,,,,,,,,-6733,bear,hold
2021-10-13,65703.0,65937.09619952494,64454.48693586698,64454.48693586698,2252626,,,,,58.58975414847353,,,,,,,,2245893,bear,hold
2021-10-14,65624.96875,66561.35355975029,64844.64807520808,66561.35355975029,1492254,,,,,58.207262968835835,,,,,,,,753639,bear,hold
2021-10-15,65390.8671875,66171.18779832935,64922.67482100238,65702.99543183173,862972,63841.933984375,,,,57.00490873926423,,,,67756.08664409,63841.933984375,59927.78132466,0.6978631568291697,-109333,bear,hold
2021-10-18,65703.0,65859.06413301663,64142.358669833724,65234.80760095012,1323600,63904.3599609375,,,0.019370562328174135,58.243420042868415,,,,67894.68247135615,63904.3599609375,59914.03745051886,0.7253752715934971,1214267,bear,hold
2021-10-19,65781.0390625,66249.23151134342,65546.94283807829,65859.07113730724,810372,63939.474609375,,,0.010791433623172475,58.56479196067,,,,67982.52913723806,63939.474609375,59896.42008151194,0.7277442018693663,2024639,bear,hold
2021-10-20,65390.8671875,67029.54047024164,65390.86718749999,65859.0595539976,1326165,63958.9826171875,,,0.006002398651793417,56.23447884863859,,,,68026.02489608237,63958.9826171875,59891.94033829264,0.67603512234714,698474,bear,hold
2021-10-21,65234.8046875,66561.34975889653,64922.6764354067,65781.02912866329,1361082,63923.8681640625,,,-0.010650895005514305,55.28687460683364,,,,67933.71360488851,63923.8681640625,59914.022723236485,0.6634647198730248,-662608,bear,hold
2021-10-22,65078.74609375,66015.1309296313,64844.649884779676,65312.842302720324,675792,63896.55703125,,,-0.008323396820665185,54.3014808472888,,,,67866.93192957026,63896.55703125,59926.18213292974,0.6488762513333625,-1338400,bear,hold
2021-10-25,65781.0390625,66093.16736172895,64064.33341674081,64844.65416481317,1033710,63900.458984375,,,0.0011877549350867156,57.93497321421214,423.06434672944306,,,67878.07424953206,63900.458984375,59922.84371921794,0.736395421975376,-304690,bear,hold
2021-10-26,66171.1953125,66405.29152233196,65156.778403228185,66249.22738244399,1023323,63986.2947265625,,,0.02663453077683764,59.84511431866944,491.983896211299,,,68080.41402531363,63986.2947265625,59892.175427811366,0.7668340156335923,718633,bear,hold
2021-10-27,66327.2578125,67419.70676470589,65937.09747242647,66327.2578125,1589682,64099.4412109375,,,0.03532277249649218,60.61551059448593,552.8234703499402,,,68319.08670746807,64099.4412109375,59879.795714406915,0.7639814888945331,2308315,bear,hold
2021-10-28,67107.5703125,68668.21148255814,66795.44207848837,67185.60237100291,3809314,64329.63515625,,,0.0736577120913795,64.30324170549129,656.4369717936061,,,68676.35066995205,64329.63515625,59982.919642547946,0.8195441647254322,6117629,bear,hold
2021-10-29,66405.2890625,68278.0586717832,65624.96839196533,68278.0586717832,1924048,64473.99453125,,,0.045454562226786566,58.95307083254739,674.1124419070911,,,68894.4614424943,64473.99453125,60053.5276200057,0.7184491559406752,4193581,bear,hold
2021-11-01,65781.0390625,66639.39188537959,65703.00698769276,66171.19943653618,923058,64594.94453125,,,0.038177432983397264,54.604047089665976,630.4808308346692,,,69019.46667401788,64594.94453125,60170.422388482126,0.6340364555739351,3270523,bear,hold
2021-11-02,67107.5703125,67185.60237100291,65312.832966933136,65781.02531795058,1381762,64895.3677734375,,,0.09833965321837845,61.16093462566806,694.9317101273919,,,69141.99693162847,64895.3677734375,60648.73861524654,0.7604657078185841,4652285,bear,hold
2021-11-03,66327.2578125,67965.93124080882,66015.12954044118,67965.93124080882,894542,65176.2833984375,,,0.09254505198664997,56.03388961578435,675.2608125917468,,,69000.29177528842,65176.2833984375,61352.27502158658,0.650493186812829,3757743,bear,hold
2021-11-04,67887.8984375,68434.12290768679,66717.4174299569,67107.5777658046,1717408,65656.18046875,,,0.16465857748195667,62.75813384309279,776.6494092508219,635.7252431333318,140.92416611749013,68041.15600966809,65656.18046875,63271.204927831895,0.9678702004404844,5475151,bear,hold
2021-11-05,68668.2265625,69760.67562144887,68356.09825994319,68902.32278941761,2934816,65976.1125,,,0.10275707680828838,65.59178637162654,909.4826113711752,690.4767167809005,219.0058945902747,68166.85715482745,65976.1125,63785.36784517256,1.114428992572857,8409967,bear,hold
2021-11-08,68746.2578125,69448.54648481839,68668.22573779795,69448.54648481839,1519360,66218.0123046875,,,0.07570220130601024,65.87143275259982,1009.4144493700733,754.2642632987352,255.1501860713381,68508.17380999526,66218.0123046875,63927.85079937973,1.0519797407198017,9929327,bear,hold
2021-11-09,67887.8984375,69370.50771372126,67263.64190014367,68902.31531070403,1253140,66405.2896484375,,,0.05839428682857628,60.08636702211496,1007.7322133364796,804.957853306284,202.77436003019557,68596.31199940645,66405.2896484375,64214.26729746854,0.8383372123992345,8676187,bear,hold
2021-11-10,66717.40625,67497.72679093567,66327.24597953216,67185.5985745614,1077433,66456.0099609375,,,0.015439268374351167,53.22219697485661,901.5574982009275,824.2777822852128,77.27971591571475,68626.52371269741,66456.0099609375,64285.4962091776,0.5602153036004833,7598754,bear,hold
2021-11-11,65468.90625,66483.32315256257,65234.81004171633,65937.09866656734,1378687,66448.2068359375,,,-0.002378096370522109,47.048282960184665,708.5025789556821,801.1227416193067,-92.62016266362457,68631.69836097573,66448.2068359375,64264.715310899264,0.27574893817818924,6220067,bear,hold
2021-11-12,67731.8359375,68043.96421370967,65703.00214213709,65703.00214213709,1452405,66565.2552734375,,,0.035799628460157384,56.824527832967625,729.6932289321267,786.8368390818707,-57.14361014974406,68760.42752195767,66565.2552734375,64370.08302491734,0.7657150628723844,7672472,bear,hold
2021-11-15,67497.7421875,68043.96669075145,67107.58182803469,67887.90254696531,1399503,66654.9923828125,,,0.02731598538118507,55.67930687744412,719.3058523731306,773.3306417401227,-54.02478936699208,68848.56931174446,66654.9923828125,64461.415453880545,0.6920948824661982,6272969,bear,hold
2021-11-16,65703.0,67185.60926365796,65546.93586698337,67185.60926365796,2018714,66651.0904296875,,,-0.0011863458469522081,47.73607730166429,559.8000597428909,730.6245253406764,-170.82446559778555,68851.13994284836,66651.0904296875,64451.040916526625,0.28452975171332723,4254255,bear,hold
2021-11-17,65546.9296875,66093.1541015625,64766.609095982145,65937.08998325893,1630225,66658.8935546875,,,0.002386610037645065,47.106731730808185,416.0015926138585,667.6999387953128,-251.69834618145433,68842.05089446125,66658.8935546875,64475.73621491375,0.2453312578692252,2624030,bear,hold
2021-11-18,64844.64453125,65859.0613530385,64766.6124680355,65859.0613530385,1480955,66639.385546875,,,-0.005980858808714462,44.27789862367356,242.5754695200303,582.6750449402564,-340.0995754202261,68879.32925246496,66639.385546875,64399.44184128504,0.0993780979526223,1143075,bear,hold
2021-11-19,65390.8671875,66171.18779832935,64922.67482100238,65624.9633707488,1398930,66654.9916015625,,,0.0047960526667243375,46.946474204238186,147.50922634657763,495.6418812215207,-348.13265487494306,68855.22207281993,66654.9916015625,64454.76113030509,0.21272909120741615,2542005,bear,hold
2021-11-22,66873.484375,67029.54851589848,64766.61847287048,65546.93917736289,2198585,66709.6138671875,,,0.01660729790938764,53.46139824249384,189.61756672238698,434.437018321694,-244.819451599307,68874.3006734816,66709.6138671875,64544.927060893395,0.5378508584558348,4740590,bear,hold
2021-11-23,65312.8359375,67107.57336469534,65312.8359375,66639.38099238352,1643812,66666.6958984375,,,-0.01297179793936487,46.92867668343139,95.95137608551886,366.739889874459,-270.7885137889401,68905.15965068887,66666.6958984375,64428.23214618612,0.1975917167352324,3096778,bear,hold
2021-11-24,65078.74609375,65468.90644203388,64610.55367580935,65312.842302720324,1249518,66604.2703125,,,-0.01882350876436667,46.02030107625593,2.798887326323893,293.951689364832,-291.1528020385081,68944.44240630617,66604.2703125,64264.09821869383,0.1740572578427744,1847260,bear,hold
2021-11-25,64298.41796875,65234.80269645024,64298.41796875,65156.770635808556,1103335,66463.8126953125,,,-0.04186043885464208,43.0302384788814,-132.46412537476863,208.6685264169119,-341.13265179168053,68995.65409792062,66463.8126953125,63931.97129270438,0.07236762059190063,743925,bear,hold
2021-11-26,62893.84375,64298.42090570719,62815.81168579404,64298.42090570719,1523245,66288.2404296875,65231.6859375,,-0.052879000484359895,38.21697880862874,-348.97566416766495,97.13968829999655,-446.1153524676615,69260.64165716563,66288.2404296875,63315.839202209376,-0.07098561397234537,-779320,bear,hold
2021-11-29,61801.390625,62737.77533143939,61021.0700363005,61333.198271780304,1758416,66089.2580078125,65178.624140625,,-0.06049841252460075,34.943050556149515,-601.7775388439477,-42.6437571287923,-559.1337817151554,69646.18176702382,66089.2580078125,62532.33424860118,-0.1027494083487546,-2537736,bear,hold
2021-11-30,60708.9453125,63127.93927739396,60552.88118573265,62815.811023859256,2158288,65769.3267578125,65091.228125,,-0.09534878062495045,31.991632150742674,-880.1304565949395,-210.14109702202177,-669.9893595729177,69991.22722559099,65769.3267578125,61547.426290033996,-0.0993013672318041,-4696024,bear,hold
2021-12-01,63362.0390625,63596.135265932884,61333.20529941503,61645.33357065887,2028485,65621.0658203125,65058.454765625,,-0.04470588484725768,44.29680329386194,-876.5404439315389,-343.4209664039252,-533.1194775276138,69960.79711783754,65621.0658203125,61281.33452278746,0.23972734681743663,-2667539,bear,hold
2021-12-02,63674.16796875,63908.26417451746,62035.494528377756,62581.71900850184,1330373,65410.379296875,65013.19625,,-0.06206894845374111,45.54512957112161,-838.839519050729,-442.50467693328596,-396.33484211744303,69698.2795657829,65410.379296875,61122.47902796711,0.2975452763308782,-1337166,bear,hold
2021-12-03,64376.44921875,64766.60951704546,63596.12862215909,63908.25686079546,1306187,65195.7904296875,64988.225859375,,-0.06250019198972234,48.349799580763865,-743.7198967760123,-502.74772090183126,-240.97217587418106,69232.2472557268,65195.7904296875,61159.333603648185,0.3985073733909528,-30979,bear,hold
2021-12-06,65468.90625,65703.00245828368,63830.23279201431,64142.36106972587,1532396,65031.9228515625,64983.543984375,,-0.04767316311876524,52.45233387552423,-573.5729663268648,-516.9127699868379,-56.660196340026914,68730.480421591,65031.9228515625,61333.36528153401,0.5590748406863557,1501417,bear,hold
2021-12-07,65000.70703125,65702.99558260804,64532.514663677975,65078.739092512005,1436180,64887.56328125,64994.468515625,,-0.04252880811899118,50.597437158142654,-471.07974805386766,-507.7461656002439,36.66641754637624,68346.58697770615,64887.56328125,61428.53958479385,0.5163548677211899,65237,bear,hold
2021-12-08,64922.68359375,65781.03638164814,64922.68359374999,65624.97223839392,1343368,64797.8271484375,65011.635625,,-0.02690036614320568,50.27834584913197,-391.63445526957366,-484.52382353410985,92.88936826453619,68153.89870126975,64797.8271484375,61441.75559560525,0.5186015767761464,-1278131,bear,hold
2021-12-09,65624.96875,66171.19322235434,64298.42360285374,64298.42360285374,1774961,64805.6302734375,65074.061171875,,0.0023837651938778404,53.14276274526479,-268.9051740394789,-441.4000936351837,172.4949195957048,68168.62535615574,64805.6302734375,61442.63519071926,0.6218167818283349,496830,bear,hold
2021-12-10,66639.3828125,67029.54313341627,65000.709464651634,65390.86978556791,1690388,64751.0076171875,65136.486796875,,-0.01612909365114612,56.996490357735354,-88.7633883288363,-370.8727525739142,282.1093642450779,67953.78690170105,64751.0076171875,61548.22833267394,0.7948025804405865,2187218,bear,hold
2021-12-13,67107.5703125,68824.27559956395,67029.53825399709,67497.73060501453,2232198,64731.4990234375,65211.397421875,,-0.005780517427029674,58.68536529202448,90.73317755077005,-278.5515665489774,369.28474409974746,67871.2506365156,64731.4990234375,61591.7474103594,0.8783852326351836,4419416,bear,hold
2021-12-14,66561.3515625,67653.80047442848,66093.1591716735,66483.31949736224,1006657,64774.4166015625,65320.64234375,,0.013064115223049066,55.925820629060894,186.75738811113843,-185.48977561695423,372.2471637280927,67988.69439777557,64774.4166015625,61560.13880534943,0.7779683453376045,3412759,bear,hold
2021-12-15,65781.0390625,66561.35981057236,65703.00698769276,65937.10321211447,651974,64786.1220703125,65422.08421875,,0.003571629916399255,52.152940083434885,197.61459139220096,-108.8689022151232,306.48349360732414,68013.24712853655,64786.1220703125,61558.99701208845,0.6541491225529115,2760785,bear,hold
2021-12-16,66873.484375,67107.58058634773,65859.06745915987,66639.38816365227,1014992,64887.5640625,65593.754765625,,0.031287700910632044,56.57030515029014,291.0155637190546,-28.89200902828764,319.9075727473423,68240.75739614794,64887.5640625,61534.37072885207,0.7961237415946307,3775777,bear,hold
2021-12-17,66015.1171875,66951.50182845745,65937.08513408688,66093.14924091313,1300076,64918.7765625,65668.665390625,,0.009546440150580038,52.471216994601065,292.4028112546803,35.36695502830595,257.03585622637434,68301.61871888395,64918.7765625,61535.93440611605,0.6620443068753639,2475701,bear,hold
2021-12-20,64688.5859375,65937.09905571472,64610.55386761158,65937.09905571472,924100,64809.531640625,65684.271875,,-0.032672118970920594,46.8244428594706,184.33730364009534,65.16102475066383,119.17627888943152,68071.78611590806,64809.531640625,61547.27716534193,0.4814628650153811,1551601,bear,hold
2021-12-21,64922.68359375,65234.81188025841,64298.42702073317,65156.779808631305,977687,64790.0240234375,65699.878515625,,-0.005973593676491862,47.89021129895961,116.24434229089093,75.37768825870924,40.866654032181685,68044.6637427981,64790.0240234375,61535.38430407689,0.520380069954189,2529288,bear,hold
2021-12-22,65468.90625,66171.19487485102,65078.74590286055,65312.84211114422,1002461,64809.53203125,65695.196640625,,0.005995200886137919,50.38876217541984,105.14375150686101,81.3309009083396,23.812850598521408,68075.51757654805,64809.53203125,61543.54648595194,0.6009456731520574,3531749,bear,hold
2021-12-23,65703.0,66093.16033254156,65312.83966745843,65937.09619952494,834876,64879.7611328125,65696.757265625,,0.021844737018765326,51.46286973348714,113.92263335405005,87.84924739748169,26.07338595656836,68159.14256237054,64879.7611328125,61600.37970325446,0.6255174008987489,4366625,bear,hold
2021-12-24,66405.2890625,66951.51353187427,65937.0966601792,66093.16079428613,1210818,65055.3333984375,65717.045703125,,0.055831304037607055,54.636013104998334,175.5254701761587,105.3844919532171,70.14097822294161,68265.896215341,65055.3333984375,61844.770581534,0.7102366066402803,5577443,bear,hold
2021-12-27,66171.1953125,66951.51601193986,66171.1953125,66639.38773216392,627895,65273.8236328125,65726.409609375,,0.07070722265806628,53.383221101937615,203.11536546213028,124.93066665499975,78.18469880713053,68145.78507386705,65273.8236328125,62401.86219175794,0.6562297576248096,4949548,bear,hold
2021-12-28,65937.09375,66483.31819526627,65390.86930473372,66327.25406804733,1209343,65535.2310546875,65729.530703125,,0.08611825507078152,52.096721828500506,203.74190674928832,140.69291467385747,63.048992075430846,67508.85457295988,65535.2310546875,63561.607536415126,0.6018083468280382,3740205,bear,hold
2021-12-29,67474.28125,68040.61214778178,67393.37683603118,67716.99449190647,1061718,65740.8431640625,65771.198984375,,0.064900723656379,59.07160173201207,324.53558545862325,177.46144883081064,147.0741366278126,67620.60774474755,65740.8431640625,63861.07858337746,0.9610785051886049,4801923,bear,hold
2021-12-30,66503.4296875,67878.8047540298,66422.52527182177,67393.37825996046,1252096,65882.30625,65796.571484375,,0.04443343052615223,53.74868116834685,338.02924800344044,209.5750086653366,128.45423933810383,67530.19763860178,65882.30625,64234.41486139822,0.6884600653284011,3549827,bear,hold
2022-01-04,67555.1875,67959.70958083833,66907.95217065868,67150.66541916168,959153,66041.2431640625,65846.1003125,,0.049377347148313655,58.14845478908311,428.6499287949264,253.38999269125458,175.2599361036718,67690.69383432469,66041.2431640625,64391.79249380032,0.9589237990660404,4508980,bear,hold
2022-01-05,69496.890625,70467.7435790163,68606.94208381839,68849.65532232246,3678719,66242.6423828125,65920.41734375,,0.061525151491285124,64.80487188477589,649.6578347848845,332.64356110998057,317.0142736749039,68451.99226424661,66242.6423828125,64033.29250137838,1.236471907309478,8187699,bear,hold
2022-01-06,69254.1796875,70063.2238427278,68526.03994779497,68768.75319436332,1767632,66455.316015625,65982.07703125,,0.06543732907712974,63.446471775608444,796.0471127281926,425.324271433623,370.7228412945696,68946.43971914335,66455.316015625,63964.192312106636,1.061767299617038,6420067,bear,hold
2022-01-07,70144.1328125,70548.65491637832,69335.08860474337,69415.99302551904,1905888,66716.3884765625,66058.41453125,,0.08042565294162696,66.2407836496908,972.6612166697741,534.7916604808532,437.8695561889209,69577.2875364484,66716.3884765625,63855.48941667658,1.0990676819045475,8325955,bear,hold
2022-01-10,67797.8984375,69982.31759956742,67555.18519727029,69658.6999459278,1818497,66825.0349609375,66072.22109375,,0.033111325291107274,54.42789619953793,912.7856360921578,610.3904556031141,302.3951804890437,69676.91513931165,66825.0349609375,63973.154782563346,0.6705652789937917,6507458,bear,hold
2022-01-11,68040.6171875,69092.37464699763,67555.19066773188,68364.23486734543,1225547,66895.0966796875,66104.92765625,,0.02102712113860039,55.31567029579702,874.8346326642059,663.2792910153325,211.5553416488733,69793.75510384333,66895.0966796875,63996.43825553166,0.6975949456939049,7733005,bear,hold
2022-01-12,68849.65625,68849.65625,68040.61211075206,68364.22976645123,1069621,66982.2009765625,66166.3,,0.025959603803082487,58.23615360333032,899.6700437088002,710.5574415540261,189.1126021547741,70003.27754620537,66982.2009765625,63961.12440691962,0.809071158970701,8802626,bear,hold
2022-01-13,68687.84375,69415.98343639576,68040.60847320377,68768.74815959953,1131609,67088.5255859375,66197.90546875,,0.03194785168241743,57.427712734460215,895.967217106052,747.6393966644314,148.3278204416206,70191.44430186655,67088.5255859375,63985.60687000846,0.757711901354729,7671017,bear,hold
2022-01-14,67797.8984375,68364.22933136932,67636.08961068018,68040.61167772971,941394,67189.3685546875,66227.31828125,,0.030660193328410967,53.064600248858945,811.86290105425,760.4840975423951,51.37880351185481,70246.51838859983,67189.3685546875,64132.21872077518,0.5995256882836103,6729623,bear,hold
2022-01-17,66907.953125,67878.80613285973,66503.43103839178,67636.0928808948,1032987,67191.0919921875,66207.719375,,0.0005154322422726842,49.051227872912776,665.7244188079203,741.5321617955002,-75.8077429875799,70247.56636503292,67191.0919921875,64134.61761934209,0.45368211333571246,5696636,bear,hold
2022-01-18,66503.4296875,67555.18709131691,66260.71644046533,67231.56942860401,932928,67215.5076171875,66164.4234375,,0.007396979976769025,47.30004630026577,511.3721779447369,695.5001650253477,-184.12798708061075,70241.66750088331,67215.5076171875,64189.34773349168,0.3823462809212439,4763708,bear,hold
2022-01-19,65532.57421875,66907.94923321759,65532.57421875,65775.28745659722,1345861,67257.70703125,66100.149765625,,0.013046942810984286,43.30421587019892,307.16617203547503,617.8333664273732,-310.6671943918982,70162.85880166774,67257.70703125,64352.55526083226,0.20309075930791404,3417847,bear,hold
2022-01-20,65694.3828125,65937.09604949199,64723.529864532014,65128.05192618534,1154871,67296.2919921875,66056.279453125,,0.011886434386767952,44.15103814721016,156.5830504166952,525.5833032252376,-369.0002528085424,70094.91330350676,67296.2919921875,64497.670680868236,0.21380386956812616,4572718,bear,hold
2022-01-21,64804.43359375,65128.05123966136,64399.9115363608,64804.43359375,1450121,67263.068359375,66018.02,,-0.01014943878415564,40.56252291812622,-34.172701069997856,413.63210236619057,-447.8048034361884,70161.66628431802,67263.068359375,64364.47043443198,0.07589240914237272,3122597,bear,hold
2022-01-24,63914.48828125,65128.05451443829,63590.87061906646,64561.72360561709,1287559,67173.6427734375,65986.931640625,,-0.02722115761456856,37.29784466120252,-254.2285688892589,280.0599681151007,-534.2885370043596,70355.73599010188,67173.6427734375,63991.54955677313,-0.012108582350693387,1835038,bear,hold
2022-01-25,61891.875,63914.48529411765,60840.117647058825,63914.48529411765,2484510,66947.9720703125,65870.132421875,,-0.0679676894147998,31.159631590665626,-585.087888689086,107.03039675426336,-692.1182854433494,70870.13331789375,66947.9720703125,63025.81082273127,-0.14455497252064245,-649472,bear,hold
2022-01-26,61891.875,61891.875,61891.875,61891.875,0,66734.0060546875,65758.015078125,,-0.06467043994430643,31.159631590665626,-837.6404852423511,-81.90377964505954,-755.7367055972916,71227.5981722753,66734.0060546875,62240.41393709969,-0.03878177279770454,-649472,bear,hold
2022-01-27,63995.39453125,65532.57847068584,62700.923845409285,63186.350352599555,2992226,66636.92109375,65723.86296875,,-0.029447752521697956,42.5612448057675,-858.161440331176,-237.15531178228287,-621.0061285488931,71276.71127560896,66636.92109375,61997.13091189104,0.215339868941912,2342754,bear,hold
2022-01-28,66341.6171875,66341.6171875,63186.34515053353,64238.10249618902,1896555,66580.287890625,65739.75671875,,-0.016786604340450095,52.092205068933836,-677.296433245996,-325.18353607502553,-352.1128971709705,71205.43979364877,66580.287890625,61955.135987601236,0.47419860924254553,4239309,bear,hold
2022-02-03,65937.09375,67393.37312116564,65856.1893404908,66260.71138803681,1731174,66551.97109375,65761.605703125,,-0.00851589068655878,50.535218258937,-560.1442781707738,-372.1756844941752,-187.96859367659857,71185.58534894352,66551.97109375,61918.35683855648,0.4336503526312289,2508135,bear,hold
2022-02-04,65289.859375,66179.80789188352,64804.43291124535,65937.09466000619,1239261,66438.7046875,65759.585546875,,-0.03353300033398621,48.06008115332219,-513.6062233036137,-400.4617922560629,-113.14443104755077,71079.43313434547,66438.7046875,61797.97624065451,0.37622144608774566,1268874,bear,hold
2022-02-07,63267.25390625,65128.055491727944,63024.540655970275,64966.246658208125,2077473,66127.2228515625,65687.4609375,,-0.08963907108254165,41.25926697340041,-632.6391667318603,-446.8972671512224,-185.7418995806379,70741.26625694986,66127.2228515625,61513.17944617514,0.19007996955845707,-808599,bear,hold
2022-02-08,63267.25390625,63267.25390625001,63267.25390625001,63267.25390625001,0,65827.8765625,65646.549296875,,-0.08644858416149293,41.25926697340041,-718.689032190101,-501.2556201589982,-217.43341203110276,70367.84092431648,65827.8765625,61287.9122006835,0.21799088581111042,-808599,bear,hold
2022-02-09,63267.25390625,63267.25390625001,63267.25390625001,63267.25390625001,0,65484.0326171875,65610.319453125,,-0.09803926045578693,41.25926697340041,-777.9168295469572,-556.58786203659,-221.3289675103672,69693.98580529529,65484.0326171875,61274.07942907971,0.2367216912055668,-808599,bear,hold
2022-02-10,64480.8203125,65128.055648133624,63590.87172600377,65047.15123117942,1462116,65318.1787109375,65613.9675,,-0.04892597265471099,46.89110426474167,-718.6465092619037,-588.9995914816527,-129.646917780251,69410.14251233636,65318.1787109375,61226.21490953864,0.39768257503264753,653517,bear,hold
2022-02-11,63914.48828125,64480.819190071205,63267.25295688291,63995.39269679589,896933,65111.872265625,65634.380390625,,-0.060642144013473565,44.735565052002244,-709.1974288048223,-613.0391589462866,-96.15826985853562,69047.05376934174,65111.872265625,61176.69076190826,0.3478616573029623,-243416,bear,hold
2022-02-14,62296.3984375,63429.060227272734,62296.3984375,63024.538159496755,1363120,64784.209375,65644.280546875,,-0.09518214279392279,39.19211254896143,-822.7906732039191,-654.9894617978132,-167.80121140610595,68505.41540802542,64784.209375,61063.003341974574,0.165725182182757,-1606536,bear,hold
2022-02-15,62781.8203125,63267.24675821521,62296.3938667848,62943.62912773841,931425,64488.908203125,65685.738046875,,-0.08598353238450585,41.53278791273855,-863.6885849330793,-696.7292864248665,-166.95929850821278,67843.42804008668,64488.908203125,61134.38836616332,0.2455540623406807,-675111,bear,hold
2022-02-16,64319.0078125,64319.0078125,63429.05927672956,63833.58133844339,1137433,64314.963671875,65704.877421875,,-0.051312661677958116,48.317300358553645,-763.2638595364624,-710.0362010471857,-53.22765848927668,67306.2287037756,64314.963671875,61323.698639974384,0.5006759916927918,462322,bear,hold
2022-02-17,64319.0078125,64642.62546187107,63429.05927672956,64076.2945754717,1906307,64185.51640625,65717.77421875,,-0.03869413412876688,48.317300358553645,-675.8853554845555,-703.2060319346597,27.3206764501042,66930.68024889608,64185.51640625,61440.35256360392,0.5243139233032674,2368629,bear,hold
2022-02-18,63671.765625,63833.574432179164,63105.434799872935,63509.956817820836,1095147,64043.933203125,65703.680546875,,-0.042579218482505454,45.72621990624659,-651.3558717631604,-692.8359999003599,41.48012813719947,66580.46329096367,64043.933203125,61507.40311528633,0.42663844597993344,1273482,bear,hold
2022-02-21,63671.765625,63671.765625,63671.765625,63671.765625,0,63950.8927734375,65667.737734375,,-0.028395170126211733,45.72621990624659,-624.7147563488106,-679.2117511900501,54.496994841239484,66397.08371587154,63950.8927734375,61504.701831003455,0.442946573876249,1273482,bear,hold
2022-02-22,63671.765625,63671.765625,63671.765625,63671.765625,0,63849.7619140625,65641.15890625,,-0.03078828205560291,45.72621990624659,-596.722831094281,-662.7139671708964,65.99113607661536,66162.8920906223,63849.7619140625,61536.63173750269,0.4615248007080986,1273482,bear,hold
2022-02-23,63671.765625,63671.765625,63671.765625,63671.765625,0,63793.128515625,65616.140546875,,-0.017478248106457372,45.72621990624659,-567.9915753410824,-643.7694888049336,75.77791346385129,66065.08775360041,63793.128515625,61521.16927764959,0.4732911381955183,1273482,bear,hold
2022-02-24,59383.8359375,62700.91669150205,58817.50507706063,62539.107874233654,2937918,63566.5958984375,65491.317890625,,-0.07088615532386444,30.94089941741585,-881.065562852491,-691.2287036144452,-189.8368592380458,66540.13877550884,63566.5958984375,60593.05302136617,-0.20332935051825068,-1664436,bear,hold
2022-02-25,59707.453125,60597.40161331301,59302.93108485773,60516.497205284555,1455219,63457.3748046875,65352.679296875,,-0.03529416219818837,32.70933351195373,-1090.4952012121212,-771.0820031339805,-319.4131980781407,66805.79216578873,63457.3748046875,60108.95744358625,-0.05995434190052759,-209217,bear,hold
2022-02-28,59707.453125,59707.453125,59707.453125,59707.453125,0,63348.1537109375,65204.676953125,,-0.03529416219818837,32.709333511953744,-1242.1509554686709,-865.2957936009186,-376.85516186775226,67020.53800835344,63348.1537109375,59675.76941352156,0.004313779402217943,-209217,bear,hold
2022-03-02,58332.078125,59222.026612343965,58251.17371705964,58898.40898058253,2278836,63064.987890625,65040.091484375,,-0.08849568703704935,29.043476845156576,-1456.5305241258684,-983.5427397059086,-472.9877844199598,67321.05340017793,63064.987890625,58808.922381072065,-0.05601937458455073,-2488053,bear,hold
2022-03-03,59707.453125,60031.07075711383,58898.40904471545,59302.93108485773,2118453,62733.2796875,64918.619765625,,-0.10000003532850266,36.685237807696815,-1498.1765619726648,-1086.46950415926,-411.70705781340484,66950.06997445672,62733.2796875,58516.48940054327,0.1412168549311769,-369600,bear,hold
2022-03-04,59707.453125,59707.453125,59707.453125,59707.453125,0,62421.79765625,64775.299140625,,-0.09447854418060397,36.685237807696815,-1513.7319869298663,-1171.9220007133813,-341.80998621648496,66565.64568300697,62421.79765625,58277.94962949302,0.17248502916572042,-369600,bear,hold
2022-03-07,57523.03515625,58251.174841772154,57037.608699235236,58170.270432269695,1645780,62033.4564453125,64605.4575,,-0.11895912003945863,30.612507349912917,-1682.9243431706345,-1274.122469204832,-408.80187396580254,66474.47660808788,62033.4564453125,57592.43628253711,-0.007813646836016827,-2015380,bear,hold
2022-03-08,56309.47265625,57280.3256330819,55743.14175309806,55824.04616783405,2039889,61685.5673828125,64437.875234375,,-0.10997444681746582,27.853900690658932,-1893.1122365994888,-1397.9204226837633,-495.19181391572556,66734.02256588741,61685.5673828125,56637.112199737596,-0.03244948519955341,-4055269,bear,hold
2022-03-10,56309.47265625,56309.47265625,56309.47265625,56309.47265625,0,61337.6783203125,64265.611015625,,-0.10997444681746582,27.853900690658932,-2036.215432458579,-1525.5794246387263,-510.6360078198527,66840.67068687065,61337.6783203125,55834.68595375435,0.04313895703189989,-4055269,bear,hold
2022-03-11,56309.47265625,56309.47265625,56309.47265625,56309.47265625,0,60989.7892578125,64082.42234375,,-0.10997444681746582,27.853900690658932,-2125.1285866791295,-1645.489257046807,-479.6393296323224,66830.22895348795,60989.7892578125,55149.349562137046,0.09931812967540492,-4055269,bear,hold
2022-03-14,55662.23828125,56471.28244231468,55257.71620071766,56228.569193995274,1627411,60548.86015625,63881.607109375,,-0.13676286977292784,26.27660331872822,-2222.2031324453274,-1760.8320321265114,-461.37110031881593,66596.3523856802,60548.86015625,54501.367926819796,0.0959794829318517,-5682680,bear,hold
2022-03-15,55662.23828125,55662.23828125,55662.23828125,55662.23828125,0,60136.24765625,63666.74609375,,-0.12911391801631444,26.27660331872822,-2272.934436023461,-1863.2525129059013,-409.68192311755956,66333.14124086812,60136.24765625,53939.35407163188,0.13901192477265123,-5682680,bear,hold
2022-03-16,55662.23828125,55662.23828125,55662.23828125,55662.23828125,0,59804.5396484375,63456.566953125,,-0.10649347831730338,26.27660331872822,-2286.7787971057696,-1947.9577697458749,-338.82102735989474,66210.1208857074,59804.5396484375,53398.958411167616,0.17666467618222045,-5682680,bear,hold
2022-03-17,55662.23828125,55662.23828125,55662.23828125,55662.23828125,0,59448.560546875,63251.06984375,,-0.11340196884722176,26.276603318728235,-2271.565361519475,-2012.6792881005952,-258.88607341887996,65943.44150013871,59448.560546875,52953.6795936113,0.20851488326954168,-5682680,bear,hold
2022-03-18,58251.171875,58736.598307291664,58008.458658854164,58655.69390190972,1414173,59145.16875,63066.60765625,,-0.09433970056237018,43.49256297006883,-2027.2346012422495,-2015.590350728926,-11.644250513323414,65257.270588180014,59145.16875,53033.06691181998,0.42686665743889174,-4268507,bear,hold
2022-03-21,58251.171875,58251.171875,58251.171875,58251.171875,0,58841.776953125,62901.5625,,-0.09433970056237018,43.49256297006883,-1812.7049787886717,-1975.0132763408753,162.3082975522036,64480.54689915146,58841.776953125,53203.007007098546,0.44762997215898204,-4268507,bear,hold
2022-03-22,57684.84765625,57765.75207091514,56794.899094933375,56794.899094933375,1225597,58542.4310546875,62704.155703125,,-0.09402783023185557,41.060029909290954,-1669.145468917195,-1913.8397148561394,244.69424593894428,63742.35736205678,58542.4310546875,53342.50474731822,0.4175388892317435,-5494104,bear,hold
2022-03-23,58089.37109375,58979.31967596623,57684.849010924445,57684.849010924445,1537880,58263.311328125,62476.0053125,,-0.08767456778453364,43.49124148312599,-1505.3787927339363,-1832.147530431699,326.7687376977626,62900.83656836318,58263.311328125,53625.786087886816,0.48124643798530964,-3956224,bear,hold
2022-03-24,58332.078125,58332.078125,57361.225229715674,57442.129637656035,950805,57996.326953125,62257.56328125,,-0.08386272074577794,44.958236161486525,-1340.5550092686026,-1733.8290261990799,393.2740169304773,61917.06513949539,57996.326953125,54075.588766754605,0.5428173415202997,-3005419,bear,hold
2022-03-25,57927.5625,58574.79783519553,57846.65808310056,58574.79783519553,800304,57709.116796875,62013.231875,,-0.09021586049350272,42.95662131137647,-1228.4116389265982,-1632.7455487445836,404.3339098179854,60641.872176549594,57709.116796875,54776.36141720041,0.5372424008901207,-3805723,bear,hold
2022-03-28,57765.74609375,58008.459312631305,57118.51084339986,57442.12846857493,914926,57628.2123046875,61812.588828125,,-0.027247984543352866,42.148228378193416,-1139.459462217892,-1534.0883314392454,394.6288692213534,60459.215043125514,57628.2123046875,54797.20956624948,0.5242906492450772,-4720649,bear,hold
2022-03-29,58089.37109375,58736.6064262709,57846.65784405467,58170.275510315114,976807,57547.308203125,61613.56390625,,-0.02710016834686413,44.4017299571745,-1030.9660535462026,-1433.4638758606368,402.4978223144342,60224.29897980321,57547.308203125,54870.317426446796,0.6012448185005754,-3743842,bear,hold
2022-03-30,59626.5546875,60111.98118427747,58979.31935846336,58979.31935846336,1715958,57543.26328125,61429.101875,,-0.0013549135537674895,53.63933200536869,-811.5908620251066,-1309.089273093531,497.4984110684243,60207.39956618457,57543.26328125,54879.126996315434,0.8909881446438775,-2027884,bear,hold
2022-03-31,59869.26171875,59869.26171875,58817.50441828547,59302.93086465372,1058727,57620.1224609375,61252.730234375,,0.026352285794721153,54.913098045821634,-611.1055686023174,-1169.4925321952883,558.3869635929709,60454.13036237363,57620.1224609375,54786.114559501366,0.8968124536055018,-969157,bear,hold
2022-04-01,60031.0703125,60031.0703125,58817.504201061325,59302.93064563679,1152881,57636.3033203125,61097.393671875,,0.005420046754003982,55.78528723250155,-434.15822219012625,-1022.4256701942559,588.2674480041296,60521.03858596958,57636.3033203125,54751.56805465542,0.9150756952808324,183724,bear,hold
2022-04-04,59626.5546875,60031.07676814789,59464.745855240835,59869.26793588873,708434,57632.2583984375,60951.765703125,,-0.0013549135537674895,53.02376063266232,-322.84564198467706,-882.5096645523402,559.6640225676631,60505.57006019309,57632.2583984375,54758.946736681915,0.8470379345907761,-524710,bear,hold
2022-04-05,59707.453125,59869.26194105691,59060.21786077236,59545.64430894309,560715,57741.479296875,60815.846171875,,0.037974664633332766,53.51931532123133,-225.50234177260427,-751.1081999963931,525.6058582237888,60752.64248977279,57741.479296875,54730.3161039772,0.826447572280705,36005,bear,hold
2022-04-06,61810.97265625,62296.399143079194,58898.41373527487,59141.12697868946,2859709,58016.554296875,60741.414140625,,0.09770114583712708,64.11854845750679,21.135731732836575,-596.6594136505471,617.7951453833837,61432.17508794696,58016.554296875,54600.93350580304,1.0554507645130238,2895714,bear,hold
2022-04-07,61406.44921875,62053.68452013339,61082.8315680583,61082.8315680583,1757029,58271.403125,60655.65546875,,0.09051721357106812,61.22702379490756,181.8601506418563,-440.95550079206646,622.8156514339228,61893.850592988354,58271.403125,54648.95565701164,0.9327248526658385,1138685,bear,hold
2022-04-08,60597.3984375,61810.96449432577,60435.58962992323,61244.63366780708,1135251,58485.7994140625,60571.514765625,,0.07614927966785112,55.806459894704844,241.17169685955741,-304.5300612617417,545.7017581212991,62125.9201798054,58485.7994140625,54845.678648319605,0.7900451879659756,3434,bear,hold
2022-04-11,62700.921875,63105.443951612906,60354.69383064516,60840.120322580646,2501703,58837.73359375,60547.2434375,,0.12645347745782276,64.58536486844517,452.6949010545068,-153.08506879849205,605.7799698529989,62673.616868806406,58837.73359375,55001.8503186936,1.003559154989302,2505137,bear,hold
2022-04-12,62134.5859375,63024.534434000656,62134.5859375,62215.49034627279,1563310,59161.3509765625,60552.09765625,,0.11627896858093534,61.06808208645002,568.0814973490778,-8.851755568978064,576.9332529180559,62962.95335416327,59161.3509765625,55359.74859896173,0.8910502290370961,941827,bear,hold
2022-04-13,63024.53125,63348.14886874198,62134.58279845957,62134.58279845957,1148043,59529.465625,60574.75078125,,0.13226728202250548,64.35331523507165,723.0030265274545,137.51920085030847,585.483825677146,63330.28415446423,59529.465625,55728.647095535765,0.9597780185907313,2089870,bear,hold
2022-04-14,62134.5859375,63348.1520690918,62134.5859375,62862.72561645508,1279416,59853.0830078125,60537.534609375,,0.11627896858093534,58.99237504546842,765.1481537865475,263.0449914375563,502.1031623489912,63373.53035935114,59853.0830078125,56332.63565627386,0.8240359394510401,810454,bear,hold
2022-04-15,62053.6796875,62620.0105321056,61568.25324926662,61972.77528112777,731037,60043.2083984375,60451.775859375,,0.0652777908169766,58.515129762024976,782.9941434763095,367.03482184530696,415.9593216310026,63607.512003934484,60043.2083984375,56478.90479294051,0.782028624885081,79417,bear,hold
2022-04-18,63267.25390625,63348.15832300991,61649.165571051795,61730.06998781171,756353,60294.0125,60398.3790625,,0.08611126385601153,63.30985909905414,884.862373435797,470.600332163405,414.262041272392,64020.84283015173,60294.0125,56567.18216984827,0.8988968027595925,835770,bear,hold
2022-04-19,63186.34765625,63752.678557138286,62862.72999859955,63348.156485075226,788093,60569.0875,60356.308828125,,0.09537166558511179,62.78883572833367,948.1357031939624,566.1074063695165,382.0282968244459,64297.11265845623,60569.0875,56841.06234154377,0.8510250125744596,47677,bear,hold
2022-04-20,64804.43359375,65208.9556511392,63509.963010104555,63752.676244538074,2398505,60904.840625,60387.052421875,,0.11559881564499319,68.39149276330194,1115.9819400051274,676.0823130966387,439.8996269084887,64880.40140984244,60904.840625,56929.27984015756,0.9904456477709913,2446182,bear,hold
2022-04-21,64642.62109375,65937.09160376251,64480.81227999844,64885.33431437735,1634019,61220.3677734375,60414.559765625,,0.10818306447486958,67.3002221879847,1221.8595393300566,785.2377583433224,436.62178098673417,65328.55876444621,61220.3677734375,57112.176782428796,0.916515849409452,812163,bear,hold
2022-04-22,64561.71875,65289.858435150374,64076.292293233084,64238.10111215539,1246889,61552.0755859375,60440.4490625,,0.11452503719623963,66.72694413326025,1284.4340009597872,885.0770068666154,399.3569940931718,65614.2824840497,61552.0755859375,57489.8686878253,0.8704443470692181,-434726,bear,hold
2022-04-25,64399.9140625,65451.67145296796,63105.44342807789,63671.77433063756,1920943,61883.783984375,60438.8309375,,0.1148460535415432,65.52476558508354,1305.9146553596074,969.2445365652138,336.6701187943936,65732.9633293433,61883.783984375,58034.604639406694,0.8268398082586255,-2355669,bear,hold
2022-04-26,67555.1875,68040.61399700599,66098.90800898203,66260.71684131736,4533506,62357.0748046875,60511.644921875,,0.16295264052649472,74.98811296240594,1559.564733959356,1087.3085760440424,472.2561579153137,66537.22008420383,62357.0748046875,58176.92952517117,1.1217622053454033,2177837,bear,hold
2022-04-27,67393.375,67797.89705882354,66422.52205882354,66665.23529411765,2031855,62745.4158203125,60613.584453125,,0.13025774092106346,73.86827480793185,1727.6124908798447,1215.369359011203,512.2431318686417,67267.81512705043,62745.4158203125,58223.016513574556,1.0138819976337003,145982,bear,hold
2022-04-28,67716.9921875,68202.41865479392,67231.5657202061,68121.51424357826,1382712,63137.80234375,60712.287890625,,0.13108112983949205,74.68257867884702,1865.4015633573872,1345.37579988044,520.0257634769473,67946.65756991878,63137.80234375,58328.94711758123,0.9761205763516241,1528694,bear,hold
2022-04-29,67797.8984375,67878.8028509099,66907.94988999104,67555.18519727029,1207682,63526.14375,60781.865703125,,0.12938013739499743,74.89322050033157,1958.551887226029,1468.0110173495577,490.54086987647133,68519.61896600094,63526.14375,58532.668533999065,0.9277336426755177,2736376,bear,hold
2022-05-02,68283.3203125,68687.842352266,67474.27623296801,67555.18064092121,1086745,63958.98203125,60861.151953125,,0.14518305929916142,76.17406676969124,2047.9363431091479,1583.996082501476,463.9402606076719,69025.55736573775,63958.98203125,58892.40669676225,0.9267516019957891,3823121,bear,hold
2022-05-03,67555.1875,67959.70958083833,67150.66541916168,67797.900748503,979717,64351.36875,60938.820390625,,0.13143642818879653,70.37447888848425,2036.543925004924,1674.5056510021655,362.0382740027585,69252.97618209732,64351.36875,59449.76131790269,0.8268130704450493,2843404,bear,hold
2022-05-04,67555.1875,67636.09191616767,66988.85658682635,66988.85658682635,863770,64638.5794921875,61016.488828125,,0.09293196008571747,70.37447888848425,2004.4097635271974,1740.486473507172,263.92329002002543,69584.07884317545,64638.5794921875,59693.08014119955,0.7948749762983851,3707174,bear,hold
2022-05-06,67878.8046875,68202.42234989571,67069.76053151072,67312.47377830751,1370938,64962.197265625,61100.629609375,,0.10540188451042565,71.49321727619608,1982.2067657765365,1788.830531961045,193.37623381549156,69866.22913948726,64962.197265625,60058.16539176274,0.7973683182423907,5078112,bear,hold
2022-05-10,68040.6171875,68283.33044738407,66179.81552838883,66584.3376281956,1718566,65334.358203125,61188.006640625,,0.12283066504376294,72.0613286230651,1955.130123484414,1822.0904502657188,133.03967321869527,69979.84565304157,65334.358203125,60688.870753208415,0.7912782580462686,6796678,bear,hold
2022-05-11,69658.703125,70063.22521051104,67231.5706119338,67878.80594875145,2547434,65682.247265625,61393.503984375,,0.11096776637305217,76.9979142570901,2040.7136252671116,1865.8150852659974,174.89854000111427,70524.7095390883,65682.247265625,60839.7849921617,0.9105820174548369,9344112,bear,hold
2022-05-12,69820.5078125,70063.22104939166,68930.5592772306,69658.69898790556,1959270,66066.543359375,61595.765078125,,0.12369796561823265,77.42742713352462,2097.417727088119,1912.1356136304219,185.28211345769728,70941.6399543338,66066.543359375,61191.44676441621,0.8850143663826953,11303382,bear,hold
2022-05-13,69820.5078125,70629.55193547219,69577.79457560835,69739.60340020279,1718335,66406.3421875,61798.026171875,,0.10783065621769294,77.42742713352462,2117.9418213685276,1953.2968551780432,164.6449661904844,71333.04454548215,66406.3421875,61479.63982951787,0.8464960309068026,13021717,bear,hold
2022-05-16,68930.5546875,70386.83401188381,68526.03265294894,70386.83401188381,1445964,66746.140625,62009.995703125,,0.10937497446005251,69.18650581152598,2038.8924514016835,1970.4159744227713,68.47647697891216,71375.96715185663,66746.140625,62116.314098143375,0.7359066856855954,11575753,bear,hold
2022-05-17,68930.5546875,69496.88553587148,68526.03265294894,69335.07672205106,1184480,67089.984375,62194.457734375,,0.11082138939433861,69.18650581152598,1953.7239427222376,1967.0775680826648,-13.353625360427259,71274.82303382854,67089.984375,62905.14571617147,0.7199093516564902,12760233,bear,hold
2022-05-18,68364.2265625,69335.07948409763,67878.80010170118,69173.27066383137,1529946,67344.8330078125,62367.593203125,,0.08056257133908074,64.14764866556774,1819.5546459765465,1937.5729836614412,-118.01833768489473,71173.03993547185,67344.8330078125,63516.62608015314,0.6331424311630381,11230287,bear,hold
2022-05-19,66422.5234375,67474.28081227162,66422.5234375,67231.56757193971,1297520,67506.641796875,62545.58296875,,0.05121637665869905,50.55327194081281,1538.80688902791,1857.8197647347351,-319.01287570682507,70862.52779746763,67506.641796875,64150.75579628237,0.33847509134941556,9932767,bear,hold
2022-05-20,67878.8046875,68202.42234989571,66827.04728471395,66907.95170031287,979637,67660.3603515625,62776.969609375,,0.047440752480344184,57.78003107329017,1417.4821433954785,1769.752240466884,-352.2700970714054,70780.4194025385,67660.3603515625,64540.301300586514,0.5350064425654323,10912404,bear,hold
2022-05-23,68121.5234375,68768.7588145784,66988.86152761283,68768.7588145784,750733,67834.30546875,63013.210625,,0.05381747034521722,58.85927766473757,1325.6356800835056,1680.9289283902083,-355.2932483067027,70633.3990897533,67834.30546875,65035.211847746694,0.551305530939522,11663137,bear,hold
2022-05-24,67393.375,68606.94117647059,67312.4705882353,68283.32352941176,680977,67975.88828125,63234.888671875,,0.043859678844129224,54.36916996937492,1180.4833257213177,1580.8398078564303,-400.3564821351126,70353.21061893716,67975.88828125,65598.56594356283,0.37748542298712695,10982160,bear,hold
2022-05-25,66827.046875,67797.89985623487,66827.046875,67716.99544113196,835944,68097.244921875,63458.18484375,,0.03768844800234472,51.103831649188024,1008.129997366661,1466.2978457584766,-458.1678483918156,69913.61513553771,68097.244921875,66280.87470821229,0.15034714913276337,10146216,bear,hold
2022-05-26,66665.2265625,67797.88817885316,66341.60895782767,67150.6529695085,1047356,68052.746875,63678.244609375,,-0.013173835651037136,50.176520224699594,848.6979345831787,1342.777863523417,-494.07992894023823,69961.31977509416,68052.746875,66144.17397490583,0.13650319240319822,9098860,bear,hold
2022-05-27,67069.765625,67797.90542068757,66503.43467279855,67069.765625,1039995,68036.56640625,63906.39515625,,-0.004801798025399373,52.49714013869004,746.3859253131232,1223.4994758813582,-477.11355056823504,69972.5156458635,68036.56640625,66100.6171666365,0.250303168733129,10138855,bear,hold
2022-05-30,67636.0859375,67959.70357356459,66907.94625635467,67716.99034651615,789515,68032.52109375,64145.872109375,,-0.0011947702841847985,55.61389974618128,702.8976703258959,1119.3791147702657,-416.4814444443698,69971.46033597995,68032.52109375,66093.58185152004,0.3977700931479272,10928370,bear,hold
2022-05-31,69335.0859375,69335.0859375,67636.09316656942,67797.90200189615,2198507,68109.38046875,64367.550390625,,0.022673084792105502,63.37726836925878,796.3482093492785,1054.7729336860684,-258.42472433678995,70125.36196847346,68109.38046875,66093.39896902653,0.8039972015909218,13126877,bear,hold
2022-06-02,68768.75,68768.75,67959.70588235294,68040.61029411765,1354899,68133.651953125,64577.901953125,,0.007109052185488629,59.63309464291426,815.3114547738805,1006.8806379036309,-191.5691831297504,70169.0211111186,68133.651953125,66098.28279513138,0.6560154442698396,11771978,bear,hold
2022-06-03,67555.1875,69254.18023952095,66746.14333832335,68849.65815868264,1255605,68133.651953125,64775.30875,,0.0,52.478622286979686,724.068995151858,950.3183093532764,-226.24931420141843,70169.0211111186,68133.651953125,66098.28279513138,0.35789691986508687,10516373,bear,hold
2022-06-07,67150.65625,67878.79589608434,66746.1342243976,67555.1782756024,872946,68113.425390625,64956.534453125,,-0.005988159680557437,50.31174529906836,612.0609399476816,882.6668354721576,-270.60589552447595,70179.19958926238,68113.425390625,66047.6511919876,0.2669713511621818,9643427,bear,hold
2022-06-08,66179.8125,67636.09199266504,65856.19483496332,67150.66549511002,1490956,68028.47578125,65113.489140625,,-0.02502978942133427,45.46035110630815,439.8840626230667,794.1102809023395,-354.22621827927276,70259.01824498284,68028.47578125,65797.93331751716,0.08560231170039179,8152471,bear,hold
2022-06-09,66503.4296875,66503.4296875,64966.24578961374,65856.19436207421,1717654,67951.61640625,65285.006484375,,-0.022592203944358125,47.285077186365925,325.7903410710569,700.4462929360831,-374.65595186502617,70279.02136956797,67951.61640625,65624.21144293204,0.1888838123199978,9870125,bear,hold
2022-06-10,66665.2265625,66988.84416717234,65128.04294030643,65532.56494614685,1124577,67801.942578125,65462.99609375,,-0.042973475362128366,48.217876949907705,245.59483596822247,609.476001542511,-363.8811655742885,70054.79312730239,67801.942578125,65549.09202894762,0.24771606220393338,10994702,bear,hold
2022-06-13,64076.29296875,65856.18999565972,63671.77091717961,65451.66794408933,1475605,67514.7318359375,65582.73453125,,-0.08227116965656911,36.95074229475253,-26.559818938185344,482.2688374463717,-508.82865638455706,70104.4320959095,67514.7318359375,64925.031575965506,-0.16386811638669768,9519097,bear,hold
2022-06-14,63105.44140625,63914.485526842946,62458.206109775645,63024.536994190705,1474598,67178.978515625,65652.312265625,,-0.09617613243780787,33.76447632582082,-316.93057270886493,322.4289554153244,-639.3595281241894,70192.3942048295,67178.978515625,64165.5628264205,-0.17590029546344438,8044499,bear,hold
2022-06-15,63186.34765625,65128.053602152686,63105.44324183739,63186.34765625,1553995,66891.7681640625,65718.653984375,,-0.08333324832930245,34.273122497428986,-534.3632222704036,151.0705198781788,-685.4337421485825,70257.0811347141,66891.7681640625,63526.4551934109,-0.05053133841145304,9598494,bear,hold
2022-06-16,62458.20703125,64480.81736257287,62458.20703125,64076.29529630829,1265972,66568.15078125,65767.19671875,,-0.09389664257879105,31.89891541462974,-756.7121203910428,-30.486008175665532,-726.2261122153773,70310.66080991382,66568.15078125,62825.64075258618,-0.0490892099850115,8332522,bear,hold
2022-06-17,61568.2578125,61972.779874342974,60031.073977496715,60435.59603933969,1738668,66228.35234375,65806.03078125,,-0.09940825913955131,29.23341293113772,-993.2866976748337,-223.04614607549917,-770.2405515993346,70459.08959623119,66228.35234375,61997.6150912688,-0.05074260739271838,6593854,bear,hold
2022-06-20,61082.83203125,62215.49381725993,60273.78789838576,62215.49381725993,756170,65961.3677734375,65833.538359375,,-0.08038977036568573,27.86563853652831,-1206.0410675817911,-419.6451303767576,-786.3959372050335,70746.94506681943,65961.3677734375,61175.790480055555,-0.009712354759592865,5837684,bear,hold
2022-06-21,62539.11328125,62862.730943766175,60678.31172178202,61568.26029370149,965857,65694.383203125,65848.101171875,,-0.07866507713022997,37.33777341945099,-1242.814322436745,-584.2789687887552,-658.5353536479898,70616.1389148371,65694.383203125,60772.62749141292,0.1794568740615725,6803541,bear,hold
2022-06-22,61810.97265625,63024.53887332297,61730.06824177847,63024.53887332297,976273,65378.8556640625,65856.191640625,,-0.09263666551790772,34.87208452869301,-1315.5474429363603,-730.5326636182763,-585.014779318084,70444.76351219742,65378.8556640625,60312.9478159276,0.14785354227020964,5827268,bear,hold
2022-06-23,62458.20703125,63267.25116377915,61810.971725226686,61972.78055173251,1421036,65132.097265625,65893.4078125,,-0.0732292746690606,38.74436582915953,-1305.9088556589995,-845.6079020264209,-460.3009536325786,70261.83834615663,65132.097265625,60002.35618509338,0.23937376249622616,7248304,bear,hold
2022-06-24,62700.921875,62862.73070564516,61244.64239919355,62134.59096774194,1393958,64925.791015625,65893.4078125,,-0.06174333885676431,40.180716151351916,-1264.113235861536,-929.3089687934439,-334.80426706809203,70097.98072584151,64925.791015625,59753.60130540849,0.2849199985617053,8642262,bear,hold
2022-06-27,65451.66796875,65937.09443081736,62862.72683772404,63024.53565841316,1674410,64865.1130859375,65959.749453125,,-0.018203772136171525,53.491068418615335,-997.5287942297728,-942.9529338807098,-54.575860349062964,69982.43672857375,64865.1130859375,59747.78944330123,0.5573107080745762,10316672,bear,hold
2022-06-28,66260.71875,67312.47619047618,65370.770146520146,65532.57898351648,1318216,64824.6607421875,66024.473203125,,-0.012062765800070596,56.553148929966724,-712.7588269914486,-896.9141125028576,184.15528551140903,69884.097486069,64824.6607421875,59765.22399830599,0.641918762948184,11634888,bear,hold
2022-06-29,62215.4921875,64319.00687784461,61487.352486996104,63024.536299171006,3706637,64553.6310546875,66026.091328125,,-0.08014351621424354,41.75165151546819,-804.2219821239123,-878.3756864270686,74.15370430315625,69562.10403383986,64553.6310546875,59545.15807553514,0.266581663021849,7928251,bear,hold
2022-06-30,62539.11328125,64642.62808760511,62215.49561873383,62215.49561873383,2359713,64213.832421875,66035.8,,-0.09801635873612424,43.03613048811679,-840.9002986707201,-870.8806088757989,29.98031020507881,68781.34195684908,64213.832421875,59646.32288690092,0.3166704275271423,10287964,bear,hold
2022-07-01,63105.44140625,63914.485526842946,62862.728170072114,63509.96346654648,1008059,63930.6669921875,66032.56375,,-0.08235293783513586,45.30900369896864,-814.8767897125726,-859.6798450431537,44.80305533058106,68009.59626465595,63930.6669921875,59851.73771971906,0.3988428664959295,11296023,bear,hold
2022-07-04,63509.9609375,64238.10061703822,62134.58598726115,63509.9609375,1209482,63728.4056640625,66039.036015625,,-0.059880324697492715,46.937618994295825,-752.9322911446434,-838.3303342634517,85.39804311880835,67454.26051428946,63728.4056640625,60002.55081383553,0.4706852876261151,12505505,bear,hold
2022-07-05,63429.06640625,64076.30177774235,61972.786820392226,63671.779670559634,1012601,63542.326171875,66011.528671875,,-0.055421496253061586,46.638522167429024,-702.2729766268167,-811.1188627361248,108.84588610930814,66921.53510873765,63542.326171875,60163.11723501235,0.48324167464321494,11492904,bear,hold
2022-07-06,61001.9296875,63105.44450431034,61001.92968749999,62862.73125621684,1447986,63283.43203125,65938.71484375,,-0.07823961139962432,38.67537039820989,-848.1972635957427,-818.5345429080485,-29.662720687694218,66607.64688112482,63283.43203125,59959.21718137518,0.15683590760748928,10044918,bear,hold
2022-07-07,61244.6328125,61810.96363110965,60354.68438325628,61406.44161781704,1440566,63020.4921875,65872.373125,,-0.07907557399236576,39.78257580582511,-933.4984099264257,-841.5273163117239,-91.97109361470177,66107.80791350327,63020.4921875,59933.17646149672,0.21239427181959192,11485484,bear,hold
2022-07-08,62134.5859375,62943.63002522787,61568.2550760905,61972.77711995443,1079764,62793.96015625,65827.0665625,,-0.06796107744046187,43.79015488303147,-918.6982221806466,-856.9614974855085,-61.73672469513804,65406.69810545092,62793.96015625,60181.22220704908,0.37381547029014794,12565248,bear,hold
2022-07-11,63105.44140625,64480.81641125801,63024.536994190705,63348.154642427886,1256309,62745.417578125,65738.071640625,64278.94572265625,-0.015151493907013092,47.86630844052897,-819.1859781811872,-849.4063936246442,30.220415443457,65296.39830895149,62745.417578125,60194.436847298515,0.5705657678583004,13821557,bull,hold
2022-07-12,63671.765625,64157.192046537486,62781.817185514614,63186.339203462514,1072282,62773.7337890625,65663.639453125,64275.0321484375,0.008974253346937466,50.137768452104055,-686.7082313504798,-816.8667611698113,130.15852981933153,65352.49243757284,62773.7337890625,60194.97514055216,0.6741209547578763,14893839,bull,hold
2022-07-13,64561.71875,65128.04961622807,63105.439379699244,63752.67465538847,1268356,62842.50234375,65600.533984375,64272.44701171875,0.02176690289542238,53.56188017433248,-504.0959783480721,-754.3126046054635,250.21662625739145,65532.55953909739,62842.50234375,60152.44514840261,0.8195501584917013,16162195,bull,hold
2022-07-14,63752.6796875,64480.81943012374,63267.25319241752,63752.67968750001,1274628,62907.2259765625,65519.629609375,64266.206875,0.02072542133017574,50.187756191213964,-419.8177454732722,-687.4136327790253,267.5958873057531,65619.38362346207,62907.2259765625,60195.068329662936,0.6558636740574405,14887567,bull,hold
2022-07-15,63995.39453125,64157.20336698009,62296.401756084066,64157.20336698009,1124239,63028.5828125,65433.87109375,64256.49837890625,0.039421884019223086,51.181335743832705,-329.6416752525838,-615.8592412737371,286.2175660211533,65707.22877397537,63028.5828125,60349.93685102463,0.6804664992415596,16011806,bull,hold
2022-07-18,64804.43359375,65128.05123966136,63914.485067493755,64642.62477079432,920632,63214.662890625,65378.856015625,64252.395703125,0.06092712860130689,54.44328203486704,-190.69557906540285,-530.8265088320703,340.13092976666746,65843.3852007853,63214.662890625,60585.94058046469,0.8023846788571706,16932438,bull,hold
2022-07-19,66422.5234375,66422.5234375,64319.00868795676,64319.00868795676,1564515,63408.8333984375,65356.202734375,64255.9933203125,0.06209570223334615,60.17476591323556,49.41688359195541,-414.7778303472652,464.1947139392206,66362.84298579702,63408.8333984375,60454.82381107797,1.0101016008814527,18496953,bull,hold
2022-07-20,66018.0,67312.4705882353,65937.0955882353,67231.56617647059,1326440,63619.184765625,65318.986640625,64263.81091796875,0.06806279149086669,58.203305605651884,204.70635210024193,-290.88099385776377,495.5873459580057,66685.14303868718,63619.184765625,60553.22649256282,0.8912015462590006,17170513,bull,hold
2022-07-21,66341.6171875,67716.99217797256,65289.85984184451,66098.90395388719,1627950,63813.3552734375,65285.006640625,64275.19736328125,0.062176138906885337,59.35066543908338,349.85467028080893,-162.73386103004924,512.5885313108581,67047.86376564062,63813.3552734375,60578.84678123437,0.8908262909429595,18798463,bull,hold
2022-07-22,65451.66796875,67150.66058598578,64723.52827564895,66584.32971357385,2171648,63950.892578125,65200.8659375,64289.93724609375,0.04387090351293188,54.88838853001479,388.5948147068266,-52.46812588267407,441.06294058950067,67218.26020815133,63950.892578125,60683.52494809866,0.7296612381222781,16626815,bull,hold
2022-07-25,66584.3359375,67393.38011657048,65694.38734052247,65775.29175842952,1609816,64007.5259765625,65136.1425,64305.26841796875,0.017305410295896495,59.1028848164287,504.87362833454245,59.00022496076924,445.8734033737732,67413.31535543721,64007.5259765625,60601.7365976878,0.878298490347176,18236631,bull,hold
2022-07-26,66746.1328125,66746.1328125,65613.47116477272,66341.61079545454,916020,64031.7966796875,65074.655,64322.18888671875,0.0073258194546825806,59.682320261999436,603.1285905404802,167.82589807671144,435.3026924637688,67507.66534387053,64031.7966796875,60555.92801550446,0.8904543576088316,19152651,bull,hold
2022-07-27,65370.765625,66665.23623143564,64480.81708307549,66665.23623143564,1979637,64189.5603515625,65003.45921875,64343.5471875,0.05071523709867787,52.830159843878604,563.5198127469557,246.9646810107603,316.55513173619545,67607.29068493139,64189.5603515625,60771.830018193614,0.6728055110002161,17173014,bull,hold
2022-07-28,65128.046875,66179.80415372671,64804.4292507764,65937.09093555901,1244658,64319.00703125,64927.4090625,64365.6426953125,0.0413970307207121,51.70203081051799,506.7032368375294,298.91239217611417,207.79084466141524,67672.39504110742,64319.00703125,60965.61902139259,0.6206302165707924,15928356,bull,hold
2022-07-29,65694.3828125,65937.09604949199,65047.147513854674,65370.76516317733,1386182,64448.4541015625,64874.0121875,64402.66482421875,0.041025644517456605,54.16161470211055,501.5922252351302,339.4483587879174,162.14386644721276,67804.33973300154,64448.4541015625,61092.568470123464,0.6856333689183605,17314538,bull,hold
2022-08-01,65047.1484375,65775.2881588153,64885.33961054104,65289.86167793843,1076252,64525.3134765625,64846.5046875,64416.55263671875,0.024203880419840562,50.967169639671056,440.24048850692634,359.60678473171924,80.6337037752071,67862.05919881581,64525.3134765625,61188.56775430919,0.5781951944161187,16238286,bull,hold
2022-08-02,65694.3828125,65937.09604949199,65208.95633851601,65613.47840016933,1235041,64638.579296875,64802.81625,64425.4832421875,0.03571416914354564,53.89557449592851,438.787135075916,375.4428548005586,63.34428027535739,67972.57817590656,64638.579296875,61304.58041784345,0.6583389128090652,17473327,bull,hold
2022-08-03,65775.2890625,65937.09789168205,64885.34050199877,65775.2890625,826712,64877.247265625,64755.8915625,64433.6479296875,0.07824931767655396,54.26329194489859,439.10210449519946,388.1747047394868,50.927399755712656,67792.9078546056,64877.247265625,61961.586676644416,0.6540031443078527,18300039,bull,hold
2022-08-04,65775.2890625,66179.81113545511,65289.86257495388,66098.90672086409,928079,65103.780078125,64723.52984375,64434.009375,0.07397638032822518,54.26329194489859,434.344862820908,397.40873635577105,36.936126465136965,67515.81790335792,65103.780078125,62691.74225289207,0.639199513654011,19228118,bull,hold
2022-08-05,65128.046875,66260.70855978261,64966.2380628882,65937.09093555901,1082833,65253.453125,64689.54984375,64431.524765625,0.04817704813404666,50.52452836406298,374.036024753339,392.7341940352847,-18.698169281945695,67244.73748265783,65253.453125,63262.16876734216,0.4685112150061028,18145285,bull,hold
2022-08-08,65856.1875,65937.09190724816,64723.5257985258,65128.047834766585,970648,65390.9904296875,64673.3690625,64433.8513671875,0.04358968153065734,54.33629367449639,380.6082838200309,390.309011992234,-9.700728172203071,67134.38201763149,65390.9904296875,63647.59884174352,0.6334172636628095,19115933,bull,hold
2022-08-09,65937.09375,66260.71138803681,65289.85847392638,66098.9025690184,956573,65504.2568359375,64650.715625,64435.0218359375,0.03557822062516425,54.753425579134294,387.87413313073193,389.8220362199336,-1.9479030892016453,67071.61004924183,65504.2568359375,63936.90362263317,0.6380789315351523,20072506,bull,hold
2022-08-10,65289.859375,65937.09466000619,65289.859375,65856.19024938042,628447,65540.6638671875,64603.79109375,64432.5659375,0.011278210046104187,50.75878547161304,337.5152998769481,379.36068895133656,-41.845389074388436,67051.56156495542,65540.6638671875,64029.76616941958,0.4170014976665797,19444059,bull,hold
2022-08-11,65370.765625,65937.09651531558,64885.33914758663,65856.19210241336,1200789,65621.5681640625,64524.5046875,64432.4654296875,0.025380673336892867,51.23769750295471,300.6681051638516,363.62217219383956,-62.95406702998798,66895.54831668898,65621.5681640625,64347.58801143602,0.4015673287588372,20644848,bull,hold
2022-08-12,66665.2265625,66665.2265625,65047.13853913835,65370.756143810686,1508627,65755.059765625,64482.43421875,64439.6175390625,0.041719127615445384,58.236385464463694,371.6346444323426,365.2246666415402,6.409977790802429,66868.92772559612,65755.059765625,64641.19180565389,0.908561350888752,22153475,bull,hold
2022-08-16,66341.6171875,66988.85247713415,65694.38189786585,66907.94806592987,817498,65831.9189453125,64458.1628125,64445.93189453125,0.02372034610141638,56.069788294814416,397.1850638656906,371.61674608637026,25.568317779320353,66883.17742748605,65831.9189453125,64780.66046313894,0.7424228916249336,21335977,bull,hold
2022-08-17,63671.765625,66260.70653986659,63186.339203462514,65775.2801183291,2196306,65694.3810546875,64388.585,64435.38552734375,-0.041413027842706285,42.14037412963837,199.69726141186402,337.23284915146905,-137.53558773960503,67070.23259141833,65694.3810546875,64318.52951795668,-0.23504130921475164,19139671,bear,death_cross
2022-08-18,62053.6796875,62943.628157594525,61891.87087475554,62700.914938477836,2165092,65496.1650390625,64306.06234375,64414.79794921875,-0.06004908225786909,36.26086294172668,-86.38348209368269,252.5095829024387,-338.8930649961214,67585.6158138784,65496.1650390625,63406.714264246606,-0.3237775670656383,16974579,bear,hold
2022-08-19,62458.20703125,63024.537924020406,61891.8761384796,62539.111444502916,1602176,65301.99453125,64225.157890625,64395.4526953125,-0.05853656152629494,38.568486848115846,-277.26640206704906,146.55438590854118,-423.82078797559024,67734.66296331158,65301.99453125,62869.32609918841,-0.08449961008249747,18576755,bear,hold
2022-08-22,62620.01953125,63186.35045724322,61730.07093326066,61891.879769258725,975563,65160.412109375,64144.25375,64373.01494140625,-0.04326319749180385,39.51184810059114,-410.75069660950976,35.09336940493098,-445.8440660144407,67857.04165830444,65160.412109375,62463.78256044556,0.02896893473307603,19552318,bear,hold
2022-08-23,62620.01953125,63186.35045724322,62296.40185925388,62296.40185925388,1088262,64962.1962890625,64115.12828125,64354.08859375,-0.05953827353585295,39.51184810059114,-510.65148923840025,-74.05560232373527,-436.59588691466496,67790.59865700961,64962.1962890625,62133.79392111538,0.0859541088716328,20640580,bear,hold
2022-08-24,61972.7734375,63267.24390094648,61568.25141767298,62458.19986129243,1189786,64723.5283203125,64092.474921875,64335.047265625,-0.07151514513071622,36.884274985785446,-634.7341178452116,-186.19130542803055,-448.54281241718104,67710.64302365716,64723.5283203125,61736.41361696784,0.03956323141316103,19450794,bear,hold
2022-08-25,63995.39453125,63995.39453124999,62215.49733821902,62215.49733821902,1039468,64654.759765625,64108.655859375,64319.48638671875,-0.021039543909273317,48.42637648384537,-563.3677240289544,-261.6265891482153,-301.7411348807391,67642.43282868288,64654.759765625,61667.08670256711,0.38965237821233767,20490262,bear,hold
2022-08-26,63833.5859375,64561.72570104562,63590.87268298479,63914.49035567173,780703,64590.03671875,64136.1634375,64307.01802734375,-0.019875629619055757,47.675251783464546,-513.9415457651703,-312.0895804716063,-201.85196529356398,67589.95324994782,64590.03671875,61590.12018755218,0.37392136191403264,19709559,bear,hold
2022-08-29,62700.921875,63186.34836693548,62296.3997983871,62296.3997983871,747352,64440.363671875,64158.81671875,64281.08314453125,-0.045566467167272307,42.684309463556886,-559.7154162620354,-361.61474762969215,-198.1006686323433,67502.99751057164,64440.363671875,61377.72983317836,0.21602191308392704,18962207,bear,hold
2022-08-30,64804.43359375,64804.43359375,63024.53654123752,63105.440952715355,1047591,64428.2279296875,64233.24875,64261.7641796875,-0.003731367932034879,52.607053029820456,-421.3981074204203,-373.5714195878378,-47.82668783258248,67483.061600482,64428.2279296875,61373.39425889299,0.5615754742490869,20009798,bear,hold
2022-08-31,65370.765625,65370.76562499999,64157.19943146658,64238.10384436881,1334049,64412.0470703125,64289.881796875,64244.88671875,-0.004926101344518985,54.87228387587679,-263.05010389868403,-351.46715645000705,88.41705255132302,67443.21966509202,64412.0470703125,61380.87447553298,0.6581431813448472,21343847,bull,golden_cross
2022-09-01,64885.33984375,65532.57515391209,63590.869223425805,64399.91336112843,1210194,64367.549609375,64351.369140625,64229.87392578125,-0.013530145308891961,52.553620057491116,-174.71397994121799,-316.1165211482492,141.40254120703122,67342.9827992228,64367.549609375,61392.1164195272,0.587010899142637,20133653,bull,hold
2022-09-02,65370.765625,66827.0450572401,64966.24356048886,65451.67003790222,1379416,64347.3234375,64409.6203125,64223.14072265625,-0.0061500822461703075,54.61874318841961,-64.79029936267762,-265.85127679113486,201.06097742845725,67289.5179715778,64347.3234375,61405.12890342219,0.6739249692102336,21513069,bull,hold
2022-09-05,65532.57421875,66018.00069444445,65128.05215567129,65532.57421875,657587,64367.5498046875,64466.253359375,64223.4590625,0.0062112617092051625,55.31689464001826,34.97840143946087,-205.6853411450157,240.66374258447658,67336.37622574302,64367.5498046875,61398.72338363199,0.6962095873642036,22170656,bull,hold
2022-09-06,65856.1875,66098.90072174447,65128.047834766585,65370.76105651106,622838,64367.5498046875,64474.34375,64214.0808203125,0.0,56.74996983079246,138.56145269253466,-136.83598237750567,275.39743507004033,67336.37622574302,64367.5498046875,61398.72338363199,0.750711473859633,22793494,bull,hold
2022-09-07,66584.3359375,66907.95360912819,65775.29175842952,65937.10059424362,1524189,64399.9119140625,64480.81609375,64209.5137890625,0.009816055738732121,59.868762135901584,276.2231322760854,-54.22415944678746,330.4472917228728,67449.48165524518,64399.9119140625,61350.34217287981,0.8581528229930462,24317683,bull,hold
2022-09-08,65451.66796875,66907.9473549521,64804.43268599351,66907.9473549521,1386173,64408.00234375,64545.539609375,64208.25712890625,0.0024783112614874536,53.41609111538499,290.5746030207374,14.735593046717511,275.8390099740199,67467.81453556757,64408.00234375,61348.190151932424,0.670544066036297,22931510,bull,hold
2022-09-13,65775.2890625,65775.2890625,63995.39194149754,64966.24491658979,1465046,64428.228515625,64610.263125,64209.39892578125,0.006188139814983229,54.91137989743574,324.3231690255634,76.6531082424867,247.6700607830767,67518.42692740861,64428.228515625,61338.03010384138,0.7179569670572546,24396556,bull,hold
2022-09-14,64966.25,65532.580946450806,64157.20579078456,64238.1102117061,1081881,64343.2796875,64647.479296875,64210.006953125,-0.025485198957618138,50.54348958828325,282.5296340546993,117.82841340492922,164.70122064977005,67272.0204376819,64343.2796875,61414.538937318095,0.6063546359406016,23314675,bull,hold
2022-09-15,64723.52734375,65856.18907226562,64723.52734375,65451.667026367184,799235,64262.3751953125,64671.750625,64206.67025390625,-0.024390268316444974,49.27706393852251,227.20320947290747,139.70337261852487,87.49983685438261,67051.92486104478,64262.3751953125,61472.82552958023,0.58265709589301,22515440,bull,hold
2022-09-16,65613.4765625,65775.28538262947,64642.623641723185,64723.52805178792,1358942,64359.4607421875,64715.438828125,64200.37021484375,0.03049563520722609,53.84359143874698,252.2601853336455,162.21473516154902,90.04545017209648,67194.811861875,64359.4607421875,61524.109622499986,0.721139422839933,23874382,bull,hold
2022-09-19,65370.765625,65856.19210241336,64723.53032178217,65128.05238629331,676114,64525.3150390625,64802.815546875,64200.65986328125,0.05345510458372038,52.45654755419764,249.65540291304205,179.70286871184763,69.95253420119442,67184.33885232829,64525.3150390625,61866.29122579671,0.6589776258714891,23198268,bull,hold
2022-09-20,65047.1484375,65856.19257229478,64885.33961054104,65694.38374533581,702213,64654.762109375,64878.865859375,64200.501875,0.04145078011853043,50.58539896668417,218.95392705172708,187.55308037982354,31.400846671903537,67145.39583985748,64654.762109375,62164.12837889252,0.578772386987827,22496055,bull,hold
2022-09-21,64480.8203125,64804.43798031681,63752.68055991217,64723.53356336261,721083,64747.8021484375,64925.790546875,64201.41388671875,0.029715748975794876,47.39900802206833,147.22769038486877,179.4880023808326,-32.26031199596383,67060.08376230618,64747.8021484375,62435.52053456882,0.4422687456544675,21774972,bull,hold
2022-09-22,64076.29296875,64723.52825126262,63590.866506865525,63752.675327493685,807799,64820.6158203125,64945.207578125,64207.3261328125,0.023255716756416245,45.208434740608865,57.084124943481584,155.0072268933624,-97.92310194988082,66944.32297551713,64820.6158203125,62696.908665107876,0.3247585949554363,20967173,bull,hold
2022-09-23,62781.8203125,64076.29083440722,62781.8203125,64076.29083440722,686516,64861.0681640625,64927.408671875,64212.22828125,0.013054876038683716,38.997524477416746,-117.45448295154347,100.51488492438124,-217.96936787592472,66787.95235613905,64861.0681640625,62934.18397198594,-0.03953627833796883,20280657,bull,hold
2022-09-26,60516.49609375,62053.67981805649,60273.78287412266,61972.77541151404,1056001,64687.1232421875,64846.50421875,64211.26603515625,-0.054361699978288214,30.977080074985253,-433.57236718040076,-6.302565496575156,-427.2698016838256,67373.57787113782,64687.1232421875,62000.66861323718,-0.2762325675433229,19224656,bull,hold
2022-09-27,61891.875,61891.875,60516.5,61001.92647058824,992152,64590.0376953125,64809.288125,64203.91521484375,-0.03041832773426112,39.158654375576326,-566.5852427337159,-118.3591009440033,-448.2261417897125,67521.98473111523,64590.0376953125,61658.090659509784,0.039868445376982996,20216808,bull,hold
2022-09-28,59788.359375,61972.77845906631,59141.12409083221,61244.63876437754,1331903,64444.4095703125,64725.147421875,64184.486171875,-0.0464516694954894,32.762380300112056,-832.1426139765244,-261.11580355050756,-571.0268104260169,67967.04415815,64444.4095703125,60921.77498247499,-0.16087612541310717,18884905,bull,hold
2022-09-29,60273.79296875,61163.7415897651,59869.27086828859,60031.07970847315,1189442,64217.8775390625,64634.534609375,64163.972890625,-0.06991251020573619,35.385383642660514,-991.9932293920938,-407.29128871882483,-584.701940673269,68174.71623967381,64217.8775390625,60261.03883845119,0.0016116565854503682,20074347,bull,hold
2022-09-30,58170.26953125,60516.49737047984,58008.460714751396,59869.2621044854,1400931,63857.852734375,64469.48953125,64127.47970703125,-0.11014856602805778,29.93562727698567,-1273.7299888556663,-580.5790287461932,-693.1509601094731,68568.1588176552,63857.852734375,59147.546651094795,-0.1037381756690672,18673416,bull,hold
2022-10-04,58898.40625,59383.83267513736,58170.266612293955,58574.78863324176,1061016,63558.5060546875,64327.09765625,64096.968203125,-0.09226943417676625,33.739766487511176,-1421.863495328762,-748.8359220627069,-673.027573266055,68709.87728902078,63558.5060546875,58407.13482035423,0.04768355912417119,19734432,bull,hold
2022-10-05,57523.03515625,60273.78507933369,55904.946966200776,59788.35862231892,2170561,63166.11953125,64150.726015625,64059.9699609375,-0.12004954192778738,30.38397201710562,-1631.4351503822909,-925.3557677266238,-706.0793826556671,68871.31731063979,63166.11953125,57460.92175186021,0.0054435802921835265,17563871,bull,hold
2022-10-06,57846.65625,58332.08273601398,57280.325349650346,57927.56066433566,1587373,62781.8236328125,63998.62578125,64021.0783984375,-0.1172839318518778,32.09538255058709,-1751.2216857475069,-1090.5289513308005,-660.6927344167063,68823.16989951878,62781.8236328125,56740.47736610623,0.09155069375760659,19151244,bear,death_cross
2022-10-07,57442.12890625,57603.937720070426,56552.18043023768,57280.32009242958,1458161,62361.120703125,63815.781640625,63975.09212890625,-0.12776413140754617,31.067262813909608,-1857.384580640508,-1243.9000771927422,-613.4845034477657,68654.13478312334,62361.120703125,56068.10662312666,0.10917044405561718,17693083,bear,hold
2022-10-11,54529.57421875,55581.33158498702,53396.91243972552,55500.427172199554,2108101,61758.3826171875,63571.45046875,63912.2021484375,-0.18104500929565948,24.886114960570623,-2151.734406916905,-1425.4669431375748,-726.26746377933,68602.96939027416,61758.3826171875,54913.79584410084,-0.028067554557246688,15584982,bear,hold
2022-10-12,55176.80859375,55743.1394737445,53963.24242233321,53963.24242233321,1359615,61244.6396484375,63367.571328125,63855.27943359375,-0.15698391949164303,28.300064332179574,-2306.1979456586196,-1601.6131436417838,-704.5848020168357,68436.8571597574,61244.6396484375,54052.422137117595,0.0781668835003058,16944597,bear,hold
2022-10-13,55257.7109375,56228.56383830527,55176.806529099566,55419.51975430088,1361199,60718.7607421875,63170.164609375,63802.66279296875,-0.1599016632979925,28.736068699741693,-2394.481181403171,-1760.1867511940613,-634.2944302091096,68045.77271770129,60718.7607421875,53391.748766673714,0.12733445619183942,18305796,bear,hold
2022-10-14,55824.04296875,56552.182659646736,55176.807687952896,56390.373839447464,1086325,60261.650390625,62972.7578125,63747.4155859375,-0.1407224063456025,31.859776025677675,-2391.1839398907396,-1886.386188933397,-504.7977509573425,67612.34589598872,60261.650390625,52910.95488526128,0.19815050707535586,19392121,bear,hold
2022-10-17,55581.33203125,55985.85409843522,54529.57465656841,55257.71437750182,1036388,59804.540625,62783.441484375,63695.24666015625,-0.14124995481079594,31.228022108973363,-2380.7122278523384,-1985.2513967171856,-395.46083113515283,67125.49232961534,59804.540625,52483.58892038466,0.2115669680563821,18355733,bear,hold
2022-10-18,55904.94921875,56956.706584659914,54772.28744007779,56633.08893361071,1916863,59319.1142578125,62587.6528125,63651.3284765625,-0.14796544631348962,33.13195128755929,-2319.561655282625,-2052.1134484302734,-267.44820685235163,66315.28421797004,59319.1142578125,52322.944297654954,0.25599756305908733,20272596,bear,hold
2022-10-19,55824.04296875,57118.5135303442,55014.998867753624,55014.998867753624,1963016,58841.778125,62388.627890625,63605.8352734375,-0.14603963354222993,32.88682135245817,-2251.671971300275,-2092.0251530042738,-159.64681829600113,65410.91831118772,58841.778125,52272.63793881227,0.27030973074717696,18309580,bear,hold
2022-10-20,55338.62109375,55985.856428179824,54691.385759320176,55743.143177768645,1273562,58356.3517578125,62179.89453125,63555.18384765625,-0.14925369638729602,31.386401450549982,-2211.545081042881,-2115.9291386119953,-95.61594243088575,64436.16634774952,58356.3517578125,52276.53716787549,0.25182379171091085,17036018,bear,hold
2022-10-21,54934.09375,55662.233431516936,54610.47611377025,55257.71138622975,870846,57879.0154296875,61976.01546875,63501.33931640625,-0.14805529018137054,30.15182566932974,-2187.173828849278,-2130.178076659452,-56.99575218982591,63437.1889180158,57879.0154296875,52320.84194135919,0.2350818856345899,16165172,bear,hold
2022-10-24,52830.58203125,55500.42767754594,52426.0599636294,55095.90560992534,2361978,57316.7298828125,61715.503359375,63433.46578125,-0.17550501779159622,24.709115957759778,-2310.9559896936116,-2166.333659266284,-144.6223304273276,62517.183570512796,57316.7298828125,52116.2761951122,0.06867726154616266,13803194,bear,hold
2022-10-25,53639.625,53639.625,52264.25,53073.29411764706,2080083,56859.6201171875,61469.553984375,63370.8079296875,-0.1456185129229165,29.946817680131304,-2317.0615941050564,-2196.479246234039,-120.58234787101765,61649.1606577305,56859.6201171875,52070.0795766445,0.16385135589410388,15883277,bear,hold
2022-10-26,52992.390625,54286.86123568702,52345.155319656486,54286.86123568702,1992922,56483.41484375,61223.604609375,63306.0844140625,-0.12433147909115427,28.253474806781483,-2347.0711591669533,-2226.597628820622,-120.47353034633124,61246.829728673736,56483.41484375,51719.99995882626,0.1335586650452045,13890355,bear,hold
2022-10-27,53396.91015625,53639.62338423295,52749.67488162879,52911.483700284094,1192464,56058.6666015625,60984.1275,63235.69755859375,-0.13725492794894323,30.883958922623407,-2311.5663126722357,-2243.591365590945,-67.9749470812908,60304.07483561852,56058.6666015625,51813.25836750648,0.18651348721186625,15082819,bear,hold
2022-10-28,53558.72265625,54286.862390247356,53154.200581807025,53235.10499669562,1330594,55747.184765625,60721.997421875,63170.9740234375,-0.1041948095561035,31.958604557742603,-2244.4983695476403,-2243.7727663822843,-0.7256031653560058,59760.067725095556,55747.184765625,51734.30180615445,0.22732046617380766,16413413,bear,hold
2022-10-31,53639.625,54125.05147058824,52587.867647058825,54125.05147058824,1086997,55415.4763671875,60467.957578125,63101.3962109375,-0.11006720569567607,32.523505960603785,-2159.9201830449165,-2227.0022497148107,67.08206666989417,58944.418569639914,55415.4763671875,51886.53416473508,0.24838758113502402,17500410,bear,hold
2022-11-01,53639.625,54044.14705882353,53396.91176470588,53963.242647058825,1115507,55188.944140625,60267.314765625,63022.1098828125,-0.07788591264505085,32.523505960603785,-2069.0407470892824,-2195.409949189705,126.36920210042263,58559.56992968546,55188.944140625,51818.318351564536,0.27017336874751985,18615917,bear,hold
2022-11-02,53558.72265625,53801.435900915785,52587.86967758686,53396.91382647281,1433887,54921.9599609375,60097.415625,62943.63259765625,-0.0906592204054757,32.213332621694875,-1980.7138460888382,-2152.4707285695317,171.75688248069355,57897.77893905286,54921.9599609375,51946.14098282214,0.2709475417165897,17182030,bear,hold
2022-11-03,52183.34375,53073.29224806202,51940.630523255815,52587.86579457365,2192426,54654.975390625,59891.918359375,62853.82865234375,-0.09282701080959621,27.42485568481999,-1998.6564563894644,-2121.7078741335185,123.0514177440541,57607.47617186107,54654.975390625,51702.474609388926,0.08143421056263987,14989604,bear,hold
2022-11-04,52830.58203125,52830.58203125,52021.537896008806,52021.537896008806,1147845,54404.1716796875,59696.129609375,62778.9920703125,-0.08671329587438337,32.509176978883985,-1938.3058014952112,-2085.027459605857,146.72165811064588,57067.62202498129,54404.1716796875,51740.721334393704,0.2045956476684529,16137449,bear,hold
2022-11-07,54286.859375,54367.763785394935,53396.910860655735,53477.81527105067,1737259,54246.408203125,59529.46640625,62710.22328125,-0.0549295367586331,42.30320512424092,-1752.7632974299704,-2018.5746271706798,265.8113297407094,56516.06150197459,54246.408203125,51976.75490427541,0.5089113107926007,17874708,bear,hold
2022-11-08,54610.48046875,54853.19371527778,53801.43631365741,54772.28929976852,1594999,54250.453515625,59382.220546875,62639.02740234375,0.0014837132172613732,44.23971200068302,-1561.6048004708136,-1927.1806618307066,365.575861359893,56522.39844524024,54250.453515625,51978.50858600976,0.579233204210186,19469707,bear,hold
2022-11-09,54529.57421875,55176.809521049705,54367.765393175076,54772.28745711239,1568122,54218.091796875,59192.904140625,62568.2360546875,-0.011730188669761388,43.843522711255225,-1400.494741024515,-1821.8434776694685,421.34873664495353,56454.4950626282,54218.091796875,51981.6885311218,0.5696391448368985,17901585,bear,hold
2022-11-10,53882.33984375,54853.192813907655,53477.817772850976,53882.33984375,1560538,54149.3232421875,58993.87921875,62498.65826171875,-0.024890120680272743,40.70314025758941,-1309.9400891389523,-1719.4627999633653,409.522710824413,56337.69418741388,54149.3232421875,51960.95229696112,0.4389995103389838,16341047,bear,hold
2022-11-11,55015.0,55743.13970588236,54610.477941176476,55257.71323529412,1727900,54108.87109375,58840.16078125,62439.19349609375,-0.014492733340773944,47.75558516397782,-1133.7099637825813,-1602.3122327272088,468.60226894462744,56199.65178668601,54108.87109375,52018.09040081399,0.716696306148101,18068947,bear,hold
2022-11-14,56552.1875,57199.422836194564,55662.23891273248,55743.1433297568,2220166,54157.4138671875,58675.115859375,62389.43728515625,0.017467294022463387,55.49227684211354,-860.0935127052871,-1453.8684887228246,593.7749760175375,56420.65691031375,54157.4138671875,51894.17082406124,1.029057990498573,20289113,bear,hold
2022-11-15,55419.5234375,56794.89847171533,55176.810196167884,56713.994057937954,1829393,54133.142578125,58476.091015625,62338.87203125,-0.008683055579758792,49.65707942239687,-726.2749818019365,-1308.349787338647,582.0748055367105,56330.35008832314,54133.142578125,51935.93506792686,0.7927308534593069,18459720,bear,hold
2022-11-16,54853.19140625,55824.04435149336,54691.382582042774,55743.139939389745,1189821,54084.6,58275.448046875,62284.66607421875,-0.017391280008928756,46.996111594587035,-658.3322494639579,-1178.3462797637094,520.0140302997515,56170.30385052162,54084.6,51998.89614947838,0.6842522863583396,17269899,bear,hold
2022-11-17,53639.625,54691.38235294118,53639.625,54448.66911764706,1549193,53999.6501953125,58040.825234375,62228.84203125,-0.030701814757395307,41.82407171393326,-694.407118364812,-1081.55844748393,387.1513291191179,56011.212136746544,53999.6501953125,51988.08825387845,0.41051103426230207,15720706,bear,hold
2022-11-18,53396.91015625,54125.049840198866,53235.1013375947,53882.33661221591,1278122,53922.791015625,57798.111953125,62176.254140625,-0.027982323704939582,40.85563906689023,-734.1193009838244,-1012.0706181839089,277.95131720008453,55902.88552593893,53922.791015625,51942.69650531107,0.3672081416730899,14442584,bear,hold
2022-11-21,52749.67578125,53396.9110669095,52426.058138420245,53235.10224549463,1375558,53918.745703125,57535.98171875,62130.54314453125,-0.0015314283297530595,38.30830464413749,-808.4980346484808,-971.3561014768234,162.85806682834254,55908.058295222356,53918.745703125,51929.43311102765,0.2061623380560724,13067026,bear,hold
2022-11-22,52749.67578125,52911.484602664874,52264.249317005364,52345.1537277128,987141,53874.2482421875,57259.288515625,62084.8321484375,-0.016591264736656952,38.30830464413749,-857.5583184638308,-948.596544874225,91.03822641039415,55925.39614422224,53874.2482421875,51823.10034015276,0.22586753499785986,14054167,bear,hold
2022-11-23,53639.625,53801.43382352941,52749.67647058824,53154.19852941177,1166893,53906.6099609375,57023.04765625,62033.05330078125,0.012213722901843527,43.88744185840828,-815.2300183224215,-921.9232395638644,106.69322124144287,55921.18029587652,53906.6099609375,51892.039625998485,0.43373650045691176,15221060,bear,hold
2022-11-24,53316.0078125,54367.76517450683,53235.10340003794,54044.147524658576,815880,53902.56484375,56773.86203125,61967.92525390625,-0.001515112831683818,42.38631620308706,-798.5920657236202,-897.2570047958156,98.66493907219547,55921.53279393944,53902.56484375,51883.596893560556,0.3547383995880269,14405180,bear,hold
2022-11-25,52911.48828125,53639.62802823968,52830.58386491781,53396.91477924312,738533,53870.203125,56532.766796875,61902.7972265625,-0.012084574517470692,40.520601379860764,-808.725232810335,-879.5506503987197,70.82541758838465,55930.504928400835,53870.203125,51809.901321599165,0.2673363091350261,13666647,bear,hold
2022-11-28,52911.48828125,53396.91477924312,52426.06178325688,52830.58386491781,812308,53833.7962890625,56296.526015625,61840.90537109375,-0.013574604944572188,40.520601379860764,-807.4480818633383,-865.1301366916434,57.68205482830513,55934.44744198257,53833.7962890625,51733.145136142426,0.2804709252818068,14478955,bear,hold
2022-11-29,54448.671875,54529.57629086182,52992.39238948737,52992.39238948737,1411202,53874.2486328125,56073.229921875,61796.8124609375,0.015083007664576265,50.18426385547965,-674.6214452169661,-827.0283983967081,152.406953179742,55989.49414980152,53874.2486328125,51759.003115823485,0.6357816947427388,15890157,bear,hold
2022-11-30,55500.42578125,55500.42578125,53882.33756605321,54044.14638757289,1970987,53971.3337890625,55875.823125,61757.9783203125,0.036253723552412076,55.51033973903909,-478.9664018163385,-757.4159990806343,278.4495972642958,56195.19092973695,53971.3337890625,51747.476648388045,0.8437927653310858,17861144,bear,hold
2022-12-01,55500.42578125,56066.756656568876,55257.712548970485,55824.04342428936,1086698,54137.187890625,55684.888671875,61719.1441796875,0.06356591572861792,55.5103397390391,-320.2171068236348,-669.9762206292345,349.75911380559967,56296.76031086597,54137.187890625,51977.61547038403,0.8156268059935885,18947842,bear,hold
2022-12-02,53801.43359375,55662.23505639097,53720.52918233082,55581.3306449718,1451053,54185.73046875,55471.3009375,61665.74724609375,0.01837669632194716,46.24693983683515,-327.72382106783334,-601.5257407169543,273.8019196491209,56267.89999256998,54185.73046875,52103.56094493002,0.40771719819072116,17496789,bear,hold
2022-12-05,53073.296875,54125.05428258384,52749.67921112805,54044.14986661586,1148365,54125.05234375,55251.241015625,61611.5412890625,-0.022354627141294214,42.93972773861169,-387.9553859051084,-558.8116697545851,170.85628384947665,56261.90958640228,54125.05234375,51988.19510109772,0.2539013257983121,16348424,bear,hold
2022-12-06,52668.7734375,53073.295506912444,52587.86902361751,52749.67785138249,825203,54027.9669921875,55048.980078125,61563.4031640625,-0.03555557494794637,41.177918523229565,-462.99389028297446,-539.648113860263,76.65422357728858,56242.79840138617,54027.9669921875,51813.135582988834,0.19316094465644623,15523221,bear,hold
2022-12-07,52587.8671875,52911.48483173077,52345.153954326925,52587.8671875,743679,53930.881640625,54890.4075,61512.4333984375,-0.0356083292244439,40.8172021221636,-522.9625174703833,-536.3109945822871,13.348477111903776,56218.288783388416,53930.881640625,51643.47449786158,0.2064330114177881,14779542,bear,hold
2022-12-08,52345.15625,52830.58273763524,52183.347420788254,52749.678323029366,1271219,53854.0224609375,54699.473125,61452.564140625,-0.028528523412449824,39.69384805691353,-583.3483540990273,-545.7184664856352,-37.62988761339216,56243.79982388199,53854.0224609375,51464.24509799301,0.1843082049537879,13508323,bear,hold
2022-12-09,52749.67578125,52992.38901337231,52345.1537277128,52668.771370542556,1011844,53740.75625,54558.699453125,61394.71748046875,-0.041176483118240514,42.532614727778835,-591.741985955101,-554.9231703795284,-36.81881557557256,56114.37404880991,53740.75625,51367.13845119009,0.2912299804022978,14520167,bear,hold
2022-12-12,52668.7734375,53073.295506912444,52587.86902361751,52668.7734375,687218,53546.585546875,54406.5990625,61339.70251953125,-0.06866956406416636,42.10572517843161,-598.0284430536776,-563.5442249143583,-34.484218139319296,55579.37985579626,53546.585546875,51513.791237953745,0.2840873261198694,13832949,bear,hold
2022-12-13,50565.2578125,52992.3901875,50241.6401625,52830.5813625,3121687,53303.872265625,54254.498828125,61274.16998046875,-0.08759125528162393,32.86848144707288,-763.9404072414036,-603.6234613797674,-160.3169458616362,55533.82686119975,53303.872265625,51073.91767005026,-0.11405161758891245,10711262,bear,hold
2022-12-14,51859.7265625,51859.7265625,49998.925141380656,50322.54277983619,1960769,53154.1990234375,54113.725234375,61215.10978515625,-0.05457230048075057,41.389768574016976,-781.960075397139,-639.2907841832417,-142.66929121389728,55349.676780803005,53154.1990234375,50958.72126607199,0.20519572412092757,12672031,bear,hold
2022-12-15,51859.7265625,52426.05742979719,51374.30010481669,51617.013333658346,878566,53065.2041015625,54000.4590625,61156.04958984375,-0.03318252947331379,41.389768574016976,-787.1668230929718,-668.8659919651877,-118.30083112778402,55318.30115080146,53065.2041015625,50812.10705232354,0.23248432874436548,13550597,bear,hold
2022-12-16,51859.7265625,52102.439791341654,51050.682466361155,51131.58687597504,1126438,52988.344921875,53880.72046875,61118.42904296875,-0.028787875351811487,41.389768574016976,-782.2756217367933,-691.5479179195088,-90.72770381728446,55295.17097023103,52988.344921875,50681.51887351897,0.25537419473407674,14677035,bear,hold
2022-12-19,50484.35546875,51617.017290164265,50160.73780548878,51536.11287434896,1296891,52875.07890625,53741.565,61072.3135546875,-0.042944724852796434,35.42291480458563,-879.244874628821,-729.0873092613713,-150.1575653674497,55427.08394165383,52875.07890625,50323.073870846165,0.03159899680180562,13380144,bear,hold
2022-12-20,50484.35546875,50565.259884565305,49270.78923152043,50160.73780548878,1458403,52761.812890625,53660.660625,61026.19806640625,-0.042944724852796434,35.42291480458563,-945.198051400308,-772.3094576891586,-172.88859371114938,55518.87282136909,52761.812890625,50004.752959880905,0.08697716424678092,14838547,bear,hold
2022-12-21,50160.73828125,50727.06919732863,49837.12061491935,50646.16478074597,810736,52587.8685546875,53560.33921875,60985.3413671875,-0.06485665622662351,34.08212673471003,-1011.9148965756904,-820.2305454664651,-191.6843511092253,55533.94389970663,52587.8685546875,49641.793209668365,0.08807396464910582,14027811,bear,hold
2022-12-22,51374.3046875,51374.3046875,50160.73843503937,50160.73843503937,1004592,52490.7833984375,53482.67109375,60943.675625,-0.036418764357386224,42.822284846925484,-955.8454192592544,-847.353520225023,-108.49189903423144,55462.34324546537,52490.7833984375,49519.22355140964,0.3121392856929672,15032403,bear,hold
2022-12-23,50727.06640625,51212.49287903708,50565.257581987644,50646.16199411882,772642,52381.5623046875,53380.7315625,60898.77369140625,-0.04128445345155951,39.79191085155647,-952.6550601023919,-868.4138282004967,-84.24123190189516,55442.47588419447,52381.5623046875,49320.64872518052,0.22973822104706576,14259761,bear,hold
2022-12-26,51536.11328125,51697.92211415816,50727.06911670918,51050.68678252551,856734,52312.7935546875,53299.8271875,60868.83908203125,-0.025993882324557238,45.028606269646424,-874.7596711891529,-869.682996798228,-5.076674390924836,55384.774654795874,52312.7935546875,49240.81245457913,0.37358641734317605,15116495,bear,hold
2022-12-27,51859.7265625,52021.535381727765,51374.30010481669,51778.82215288612,1200679,52183.3462890625,53218.922734375,60846.5903515625,-0.04754836478736424,47.01379861580514,-777.9464446623824,-851.335686371059,73.38924170867654,55098.59931430021,52183.3462890625,49268.09326382479,0.4444954307977927,16317174,bear,hold
2022-12-28,52116.4609375,53143.38627616996,52030.883825944176,53143.38627616996,1834051,52014.148046875,53144.77109375,60825.62529296875,-0.060971871767031116,48.59969180900463,-672.7499045669028,-815.6185300102277,142.86862544332485,54501.009417975685,52014.148046875,49527.28667577432,0.5205706863707716,18151225,bear,hold
2022-12-29,50747.22265625,51859.72500790472,50747.22265625,51774.14790393128,1172767,51776.487890625,53052.943125,60797.81404296875,-0.08564264252195697,41.470642654075675,-691.8912827164095,-790.873080551464,98.98179783505452,53738.30938618464,51776.487890625,49814.66639506536,0.23767612478897146,16978458,bear,hold
2023-01-02,52629.921875,53400.115853658535,51774.150787601626,51859.72789634146,1548935,51717.9123046875,53006.8596875,60782.6524609375,-0.021774730532200803,51.91524865062738,-548.816455751301,-742.4617555914315,193.64529984013052,53495.72221476915,51717.9123046875,49940.102394605856,0.7564980555965661,18527393,bear,hold
2023-01-03,53400.12109375,53485.698210887414,51859.73298527644,52544.3499223758,1238318,51734.253515625,53018.25046875,60771.341875,0.006157978456091451,55.42005965546138,-369.02608149658045,-667.7746207724613,298.74853927588083,53566.763202092305,51734.253515625,49901.7438291577,0.9545317251054874,19765711,bear,hold
2023-01-04,53057.8125,53742.42943548387,52629.926915322576,52629.926915322576,1051604,51753.70546875,53006.61421875,60758.31974609375,0.007386522166908938,53.551827107202044,-251.2659201830902,-584.472880654587,333.2069604714968,53633.14006916117,51753.70546875,49874.27086833883,0.846941317076076,18714107,bear,hold
2023-01-05,52287.6171875,53228.96545110475,52030.885842880525,52972.234106485266,1591393,51738.69296875,52992.51875,60741.446640625,-0.005709491866811578,49.50787517689545,-217.58033815475937,-511.0943721546215,293.51403399986214,53595.90057875913,51738.69296875,49881.48535874087,0.6477821369543334,17122714,bear,hold
2023-01-06,52629.921875,53143.38452743902,51431.84235264227,51774.150787601626,1687827,51752.93125,52977.178984375,60713.340390625,0.005440152354115879,51.2691703922154,-161.40259553251235,-441.1560168301997,279.75342129768734,53632.74705013315,51752.93125,49873.115449866855,0.7332650424945576,18810541,bear,hold
2023-01-09,54854.92578125,55026.07999585608,52458.76677676482,52886.65231328003,2081818,51858.19375,53003.103046875,60696.35916015625,0.03991019790776251,60.8329929361494,61.94384030295623,-340.53604540356855,402.4798857065248,54141.86639490138,51858.19375,49574.52110509862,1.1561211909992062,20892359,bear,hold
2023-01-10,54683.77734375,55111.66292546948,53999.160412998826,54854.93157643779,920688,51958.9439453125,53023.98609375,60681.35380859375,0.038258037443023474,59.85982014938803,222.57158458654885,-227.9145194055451,450.48610399209394,54535.75107522059,51958.9439453125,49382.13681540441,1.0287228071537289,19971671,bear,hold
2023-01-11,54940.50390625,55111.65812402648,54170.30992625584,55111.65812402648,947231,52177.70625,53050.003671875,60665.60947265625,0.08652672374328163,60.87100831759841,366.3627158960735,-109.05907234522137,475.42178824129485,54977.34461123719,52177.70625,49378.06788876282,0.99342045288826,20918902,bear,hold
2023-01-12,54683.77734375,55368.394274501174,54683.77734375,55282.817158157275,1374463,52318.9087890625,53072.504765625,60647.36796875,0.05445556636027615,59.263242617967144,454.3648996468837,3.6257220531996524,450.7391775936841,55317.921722447994,52318.9087890625,49319.89585567701,0.8942744841746767,19544439,bear,hold
2023-01-13,55881.85546875,56309.741038954824,54854.93010025842,54854.93010025842,1611359,52520.015234375,53146.475,60637.13943359375,0.07755785024054518,64.03706646865379,613.7077156949817,125.64212078155607,488.0655949134257,55885.88087492716,52520.015234375,49154.14959382284,0.9994020251241368,21155798,bear,hold
2023-01-16,55282.8125,55625.12093653251,54341.464299535604,55026.08117260062,1202348,52691.16953125,53195.519609375,60624.724765625,0.06600663297702858,60.23609785660953,683.7682297276042,237.26734257076572,446.5008871568385,56248.03470398881,52691.16953125,49134.304358511195,0.8643156041749003,19953450,bear,hold
2023-01-17,55625.12109375,56053.006640625004,55368.389765625005,55796.2753125,1127634,52948.2078125,53222.28484375,60612.403515625,0.10182888495391706,61.63734898804914,758.1733837591164,341.44855080843587,416.72483295068054,56572.37997147095,52948.2078125,49324.03565352904,0.8693137582639124,21081084,bear,hold
2023-01-18,55368.390625,55881.85328921948,54683.77373937403,55710.69906781298,1044133,53192.4095703125,53237.443046875,60591.1126953125,0.09674353789211465,59.93155407799161,787.3479441540694,430.62842947756263,356.7195146765068,56777.577507607624,53192.4095703125,49607.24163301737,0.8034698921704065,20036951,bear,hold
2023-01-19,55026.0859375,55197.240170587094,54598.200354782275,54769.35458786936,644579,53435.676953125,53247.37328125,60566.89681640625,0.0969951364944055,57.64103076125274,773.9265227352589,499.2880481291019,274.638474606157,56819.606725354104,53435.676953125,50051.7471808959,0.7349943839595915,19392372,bear,hold
2023-01-20,55026.0859375,55197.240170587094,54769.35458786936,55026.0859375,574744,53618.266015625,53270.248203125,60541.87189453125,0.07108186226972957,57.64103076125274,754.591488601036,550.3487362234887,204.24275237754728,56930.91671626015,53618.266015625,50305.615314989846,0.7124914530839416,19967116,bear,hold
2023-01-25,55026.0859375,55967.43421947901,55453.97152021773,55539.548636761276,9470,53833.2169921875,53270.469921875,60518.86955078125,0.08474804154494375,57.64103076125274,730.8436243807591,586.4477138549428,144.39591052581636,56917.60077592024,53833.2169921875,50748.833208454766,0.6933723279839192,19976586,bear,hold
2023-01-26,59390.515625,59903.97829610951,55967.4311509366,55967.4311509366,29898,54225.937109375,53327.236484375,60517.28486328125,0.15240579554158207,73.6675486603715,1052.0686787736413,679.5719068386825,372.4967719349588,57969.983515426866,54225.937109375,50481.89070332314,1.1897054624212178,20006484,bear,hold
2023-01-27,59133.78515625,59903.97917420405,57850.128459659914,59818.402061098044,25433,54589.6400390625,53401.52171875,60503.89892578125,0.1402641139070313,71.94322693890143,1271.271419850411,797.9118094410281,473.35961040938275,58735.284527707336,54589.6400390625,50443.99555041766,1.048062566584542,19981051,bear,hold
2023-01-30,58705.8984375,60075.13222029883,58620.32132607507,59304.93821747449,8187,54919.1119140625,53478.575859375,60490.396171875,0.12643677988615343,69.0425780905357,1394.3906221059879,917.2075719740201,477.1830501319678,59268.543489271804,54919.1119140625,50569.6803388532,0.9353197030413418,19972864,bear,hold
2023-01-31,57165.51171875,59219.36243918413,57165.51171875,59219.36243918413,12108,55240.0263671875,53549.09359375,60473.23673828125,0.1264756715057298,59.70932492937157,1352.0811919261105,1004.1822959644383,347.8988959616722,59244.266757466205,55240.0263671875,51235.785976908795,0.7404307888503769,19960756,bear,hold
2023-02-01,59476.08984375,59561.66695143885,57678.97058228417,57935.70190535072,8252,55582.334765625,53670.6771875,60457.112578125,0.13008128693426824,66.93065525236285,1487.8440678031184,1100.9146503321745,386.9294174709439,59800.33886804618,55582.334765625,51364.330663203815,0.9615636902640686,19969008,bear,hold
2023-02-02,59647.24609375,60331.862978613695,59048.20631949426,59818.40031496592,6605,55894.691015625,53808.62859375,60444.67587890625,0.116987094262061,67.3968094062485,1590.908995424099,1198.9135193505595,391.9954760735395,60339.19125969585,55894.691015625,51450.19077155415,0.9221571461415786,19975613,bear,hold
2023-02-03,60759.74609375,61273.20873679577,59647.243700484156,59818.39791483275,6064,56279.7876953125,53968.83,60433.351953125,0.14516115970197596,70.32492203662639,1742.2742920453893,1307.5856738895254,434.6886181558639,61000.44028249529,56279.7876953125,51559.13510812971,0.9745062590076201,19981677,bear,hold
2023-02-06,60930.90234375,61273.21078388343,60331.862573516504,60674.17101364993,5876,56711.951953125,54114.655546875,60427.33353515625,0.16530271642051964,70.76001518488914,1854.6638487481614,1417.0013088612527,437.6625398869087,61473.94580946768,56711.951953125,51949.95809678231,0.9429815029061429,19987553,bear,hold
2023-02-07,60331.86328125,61016.480169547875,59647.246392952125,60417.44039228724,3106,57097.0490234375,54254.97265625,60418.724453125,0.14634149418923115,67.05436440011533,1873.7959825039216,1508.3602435897865,365.4357389141351,61719.985770414096,57097.0490234375,52474.11227646091,0.8498657276598117,19984447,bear,hold
2023-02-08,61016.48046875,61444.36602603436,60417.44068855189,61358.78891457749,2879,57405.1267578125,54417.0725,60407.4705859375,0.11232454697087713,69.04928060609278,1922.0450825119478,1591.0972113742187,330.9478711377292,62207.09113181044,57405.1267578125,52603.16238381455,0.8760287904771374,19987326,bear,hold
2023-02-09,61358.7890625,61786.6746208159,60674.172169194564,61102.05772751046,5699,57738.87734375,54586.018515625,60398.33279296875,0.12206566632714355,70.02655848086748,1965.2501047260812,1665.9277900445913,299.32231468148984,62664.163592477955,57738.87734375,52813.59109502204,0.867482369139957,19993025,bear,hold
2023-02-10,61358.7890625,62128.983067468616,60845.32639252092,61102.05772751046,2615,58059.7916015625,54724.220859375,60381.1045703125,0.11682246612084413,70.02655848086748,1976.7041807659116,1728.0830681888556,248.621112577056,63049.88921379485,58059.7916015625,53069.69398933015,0.830554401666471,19995640,bear,hold
2023-02-13,62642.4453125,62813.5995346653,61701.09709059085,61957.82842383879,3619,58457.725,54867.06125,60371.10369140625,0.14553983567595719,73.64565268527673,2065.5515573695884,1795.5767660250021,269.97479134458627,63575.177371475686,58457.725,53340.27262852431,0.9088675388387915,19999259,bear,hold
2023-02-14,62899.18359375,63583.80055803572,62385.72087053572,62899.18359375,4261,58808.59140625,55015.03640625,60362.791015625,0.12557435801186312,74.31367627917015,2132.1028229295116,1862.8819774059043,269.2208455236073,64129.698429584314,58808.59140625,53487.48438291569,0.8843741696569704,20003520,bear,hold
2023-02-15,62128.98828125,63327.06794507575,61615.525568181816,62899.18235085227,1600,59150.9001953125,55181.5875,60351.43638671875,0.12383913682484948,68.68871121478611,2098.506577878972,1910.006897500518,188.49968037845406,64401.06804290085,59150.9001953125,53900.732347724144,0.7836183692018035,20001920,bear,hold
2023-02-16,65466.48828125,65637.64249897875,62556.86657986111,62642.443688725485,3800,59642.9685546875,55429.451328125,60340.992890625,0.17692306990062034,76.86179337675685,2314.5094448293603,1990.9074069662868,323.6020378630735,65307.49362447955,59642.9685546875,53978.44348489544,1.0140342442492079,20005720,bear,hold
2023-02-17,65380.9140625,65723.222513089,64610.72004867474,64696.297161321985,2618,60143.5947265625,55683.694140625,60330.9305859375,0.18083464815354655,76.31176792294644,2450.539850832327,2082.833895739495,367.705955092832,65975.81029572392,60143.5947265625,54311.37915740109,0.9489991216743164,20003102,bear,hold
2023-02-20,65295.3359375,65723.22149410222,64696.29615825688,65466.49016014089,2252,60657.0572265625,55937.843515625,60318.8223046875,0.1866251219769488,75.72814265379375,2522.3632546713125,2170.7397675258585,351.62348714545396,66404.27148646371,60657.0572265625,54909.842966661294,0.9035240815101636,20000850,bear,hold
2023-02-21,65552.0625,65808.79381527416,64610.714343994776,65723.21671018277,2397,61183.3560546875,56201.981640625,60307.593125,0.19129066483950297,76.31338835715334,2570.369883694206,2250.665790759528,319.70409293467765,66694.54083810892,61183.3560546875,55672.171271266074,0.8963491170223787,20003247,bear,hold
2023-02-22,63754.953125,65038.60989932886,63583.79888842282,64867.45566275168,6503,61619.7994140625,56422.0871875,60284.9512890625,0.15863143886727582,64.57546767352727,2435.330798071751,2287.598792221973,147.73200584977803,66452.13360495325,61619.7994140625,56787.465223171755,0.7209236392386098,19996744,bear,hold
2023-02-23,65380.9140625,66151.10807632525,63754.948922202224,63754.948922202224,1950,61919.3193359375,56676.33,60274.079921875,0.10086456354957773,69.19253935697913,2431.4841727484963,2316.3758683272777,115.10830442121869,66902.07564498519,61919.3193359375,56936.56302688981,0.8473574174475416,19998694,bear,hold
2023-02-24,64439.56640625,65894.37733441235,64353.989292828686,65295.33754046315,3398,62184.6083984375,56953.816171875,60258.50181640625,0.08972504019454308,63.992394138612845,2325.667953290118,2318.234285319846,7.433667970271927,67110.54345834932,62184.6083984375,57258.67333852568,0.7288862906622309,19995296,bear,hold
2023-02-27,65038.60546875,65209.75969366776,63498.21744449013,64182.83434416118,961024,62501.24375,57217.39375,60244.3008203125,0.10787173350207713,65.75611176068142,2264.0467612268403,2307.3967805012453,-43.350019274404985,67304.6362686307,62501.24375,57697.851231369306,0.7641218377332741,20956320,bear,hold
2023-02-28,64439.56640625,66065.53156125497,64439.56640625,65209.76042704184,1666461,62864.946484375,57468.990546875,60226.29556640625,0.12724550990268058,62.46130070081784,2142.180354923963,2274.353495385789,-132.17314046182582,67060.2858811527,62864.946484375,58669.60708759732,0.6876629961195047,19289859,bear,hold
2023-03-02,66578.9921875,67178.03196296594,64781.87286110219,64781.87286110219,1916651,63220.0916015625,57763.375859375,60210.89701171875,0.11942450087774903,68.52674730862364,2192.9551091177273,2258.0738181321767,-65.11870901444945,67410.35623138543,63220.0916015625,59029.82697173956,0.9007981455433085,21206510,bear,hold
2023-03-03,66921.3046875,67691.49873121803,66236.68775975064,67092.45891943734,1149778,63583.79453125,58092.11484375,60196.40099609375,0.12195128979328018,69.37927644215202,2235.0519380830156,2253.469442122345,-18.417504039329287,67733.0051839713,63583.79453125,59434.583878528705,0.9021861548606918,22356288,bear,hold
2023-03-06,67178.03125,67862.64812898089,66322.26015127389,67434.76257961783,1204893,63904.7087890625,58425.988359375,60183.18861328125,0.10563383767843315,70.03484314454184,2263.042718604731,2255.384097418822,7.658621185908942,68122.84377976626,63904.7087890625,59686.573798358724,0.8880058921954241,23561181,bear,hold
2023-03-07,66407.8359375,67605.91545183634,66407.8359375,67178.02991100194,992331,64178.55546875,58750.9303125,60170.57501953125,0.0898876166784981,65.50395140298173,2197.743074784361,2243.85589289193,-46.11281810756918,68298.88542317216,64178.55546875,60058.22551432783,0.7705220811694238,22568850,bear,hold
2023-03-08,67520.34375,67777.07509505704,65637.64721958175,65723.22433460076,1306974,64537.9794921875,59073.85109375,60163.52396484375,0.11914898824257003,68.65809721373859,2210.2839420215823,2237.141502717861,-26.857560696278597,68504.65039422587,64537.9794921875,60571.30859014913,0.8759278663979836,23875824,bear,hold
2023-03-09,66835.7265625,68204.96039732714,66835.7265625,67520.34347991357,1315822,64828.941796875,59396.024296875,60155.88146484375,0.09537171021737922,64.73540957268057,2140.307649919443,2217.7747321581774,-77.46708223873429,68566.79934358453,64828.941796875,61091.08425016547,0.7684405091081645,22560002,bear,hold
2023-03-10,66750.1484375,67178.03400440705,66151.10864383013,66151.10864383013,851372,65098.509765625,59700.305,60157.51958984375,0.08786613062895299,64.24131956685378,2054.265204256284,2185.072826577799,-130.80762232151483,68564.1592677541,65098.509765625,61632.8602634959,0.7382870326125481,21708630,bear,hold
2023-03-13,67434.765625,67777.07407994923,66236.68603267767,66493.41737388959,1422962,65402.30859375,60011.80578125,60155.29939453125,0.09902373653937357,66.44758456055665,2018.0559389446353,2151.6694490511663,-133.61351010653107,68554.46145494562,65402.30859375,62250.15573255439,0.8223918890911726,23131592,bear,hold
2023-03-14,65295.3359375,67520.34083183159,65295.3359375,67178.0323865498,1366264,65534.953125,60275.38328125,60141.16845703125,0.0423497296723605,55.02267450162074,1796.022312259498,2080.540021692833,-284.51770943333486,68423.65680264853,65534.953125,62646.24944735146,0.45852513545192536,21765328,bull,golden_cross
2023-03-15,68119.3828125,68461.69126884422,66322.26341669283,66407.84053077889,1755601,65795.9630859375,60622.826484375,60144.79849609375,0.08299311565736622,63.856721444259705,1826.8769444889767,2029.8074062520618,-202.93046176308508,68627.65927302731,65795.9630859375,62964.266898847694,0.9102522963366212,23520929,bull,hold
2023-03-16,67691.5,68376.11694058155,66664.57458912769,67178.03729456385,1099113,66074.088671875,60924.058046875,60149.12076171875,0.08953166424615211,61.87377797153194,1796.0985893184697,1983.0656428653433,-186.96705354687356,68469.57591346883,66074.088671875,63678.601430281175,0.8375954795419537,22421816,bull,hold
2023-03-17,68632.84375,68803.99797381547,67263.6099594763,68204.95819046134,1454231,66232.4064453125,61228.7125,60158.95884765625,0.04836605035460351,64.4865676438258,1826.6090821128673,1951.7743307148482,-125.16524860198092,68854.18273594497,66232.4064453125,63610.63015468004,0.9577883538851493,23876047,bull,hold
2023-03-20,66750.1484375,68461.6907051282,66664.57132411859,68461.6907051282,997524,66300.8681640625,61502.55921875,60157.36076171875,0.020942417135543456,56.19236785698565,1679.510735788106,1897.3216117295,-217.810875941394,68901.55391764424,66300.8681640625,63700.18241048076,0.5863772704600582,22878523,bull,hold
2023-03-21,66493.4140625,67862.64781410876,66236.68273407336,67349.18515725547,969220,66360.7720703125,61786.67515625,60151.64740234375,0.018348601899326855,55.15066313470415,1524.6427851258268,1822.7858464087656,-298.1430612829388,68920.92992673792,66360.7720703125,63800.614213887064,0.5259050417251818,21909303,bull,hold
2023-03-22,67520.34375,67691.49798003802,66664.5725998099,67349.18951996198,967219,66459.1861328125,62084.48359375,60142.57369140625,0.03002622915182873,58.46730645032535,1467.8529665428287,1751.7992704355784,-283.9463038927497,69038.67949416653,66459.1861328125,63879.69277145847,0.7056910928878061,22876522,bull,hold
2023-03-23,67092.4609375,67263.61517458546,66236.6897520727,66493.4211077009,1361870,66626.0615234375,62329.234296875,60134.19224609375,0.05234899641375912,56.589514276396685,1372.4987479488336,1675.9391659382295,-303.4404179893959,68897.63115275252,66626.0615234375,64354.491894122475,0.6026601623924553,21514652,bull,hold
2023-03-24,66407.8359375,67092.45280283505,65209.75642316366,66664.56726200065,1261980,66677.4076171875,62563.71546875,60128.45548828125,0.015706753105628524,53.622017967451214,1227.5360553415812,1586.2585438189,-358.72248847731885,68879.43598594858,66677.4076171875,64475.37924842642,0.43879014378021614,20252672,bull,hold
2023-03-27,65038.60546875,65894.37659333882,64268.411456620066,65894.37659333882,1635935,66707.3595703125,62765.6775,60117.895234375,0.009296137387446723,48.18034305587963,990.7459191211674,1467.1560188793535,-476.4100997581861,68800.41673582786,66707.3595703125,64614.302404797134,0.10135964534164828,18616737,bull,hold
2023-03-28,65808.796875,65808.796875,65209.75711150846,65466.48843871912,792849,66745.869140625,62988.177890625,60116.04015625,0.011842065196494111,51.181447661314614,855.3758001408423,1344.7999751316513,-489.424174990809,68740.73537255077,66745.869140625,64751.00290869923,0.2651290470939536,19409586,bull,hold
2023-03-29,68033.8046875,68033.8046875,66322.2624312107,66407.83954402515,1500632,66925.5810546875,63231.216875,60123.69203125,0.0557768849434932,58.634620140855674,917.0622184594977,1259.2524237972207,-342.190205337723,68691.43918294056,66925.5810546875,65159.72292643443,0.8137918089458436,20910218,bull,hold
2023-03-30,67948.2265625,68376.11212019836,66921.30122402393,67263.60967018262,1033563,66994.0427734375,63484.52515625,60130.10703125,0.02056556174872637,58.26616162854102,948.1144368748501,1197.0248264127467,-248.91038953789666,68806.40115403963,66994.0427734375,65181.68439283537,0.7632436827272223,19876655,bull,hold
2023-03-31,69317.4609375,69745.3464988426,68290.53559027778,68547.26692708333,1577792,67113.8505859375,63758.371953125,60156.31287109375,0.03580558181268656,62.34347785607061,1070.865048888314,1171.7928709078603,-100.92782201954628,69188.89841169587,67113.8505859375,65038.802760179125,1.0309782078774834,21454447,bull,hold
2023-04-03,69488.6171875,69830.92564655172,68804.00026939655,69745.3485317888,807758,67229.3798828125,64040.776484375,60188.22875,0.0343949635692844,62.8323005930011,1168.4870805354585,1171.1317128333799,-2.644632297921362,69548.75800125078,67229.3798828125,64910.001764374225,0.9870351424649817,22262205,bull,hold
2023-04-04,68547.265625,69916.49939528714,68204.95718242822,68975.15117821473,1009704,67336.3513671875,64311.200078125,60215.03333984375,0.032216524711233374,58.34621411624813,1156.5619142415235,1168.2177531150087,-11.655838873485209,69691.37173599305,67336.3513671875,64981.33099838195,0.7570920986188054,21252501,bull,hold
2023-04-05,69574.1953125,70002.08089252768,68547.26992043358,68632.84703643911,1013013,67439.0439453125,64602.162265625,60250.61328125,0.030418262829119636,61.56974263635641,1215.958959432959,1177.7659943785989,38.19296505436023,69988.30978872879,67439.0439453125,64889.77810189621,0.9187776988229226,22265514,bull,hold
2023-04-06,69317.4609375,71029.00318287036,69317.4609375,70173.23206018518,1364098,67563.1306640625,64887.989765625,60289.359296875,0.037131853016952876,60.31308613060343,1228.1577887489548,1187.84435325267,40.31343549628468,70222.08872912395,67563.1306640625,64904.17259900104,0.8298905493263128,20901416,bull,hold
2023-04-07,68547.265625,69745.34517400125,68461.68851435705,68975.15117821473,1128013,67652.9865234375,65071.124765625,60326.68146484375,0.026923044061582635,56.5820499838547,1162.2790940392879,1182.7313014099936,-20.452207370705764,70317.433556881,67652.9865234375,64988.539489994,0.6678170161271212,19773403,bull,hold
2023-04-10,69317.4609375,70173.23206018518,68033.80425347222,68632.84403935185,1009786,67747.1212890625,65274.79828125,60360.573203125,0.027918764083344483,59.29387902695173,1158.859468195078,1177.9569347670106,-19.0974665719325,70505.45475703543,67747.1212890625,64988.78782108958,0.7846536988132042,20783189,bull,hold
2023-04-11,72740.546875,73168.43244485294,69317.46231617648,69317.46231617648,3307242,68119.3818359375,65555.49125,60415.22107421875,0.11402362558677193,68.66222242757996,1416.040582924601,1225.5736643985288,190.46691852607228,71411.60014521357,68119.3818359375,64827.16352666143,1.2018315015808683,24090431,bull,hold
2023-04-12,73681.8984375,74024.20690875436,71970.35608122822,73767.47555531359,2437920,68397.5076171875,65885.818984375,60471.33953125,0.081658338571724,70.6618733617924,1676.4921155995835,1315.7573546387398,360.7347609608437,72486.2242598127,68397.5076171875,64308.79097456229,1.1462163170250408,26528351,bull,hold
2023-04-13,74109.78125,74109.78125,72740.54741628176,73254.0101039261,1305756,68718.4216796875,66178.4928125,60528.383828125,0.09481664980093507,71.55049798450854,1895.5773628167371,1431.7213562743395,463.8560065423976,73486.22883830444,68718.4216796875,63950.61452107056,1.065391949689975,27834107,bull,hold
2023-04-14,72997.2734375,74452.08427974794,72740.54211239742,74366.50717138042,1163781,68936.6431640625,66445.493359375,60566.11185546875,0.06359097844463135,65.95668794355663,1956.876265333689,1536.7523380862094,420.1239272474795,74055.4078972227,68936.6431640625,63817.87843090228,0.8966416201092493,26670326,bull,hold
2023-04-17,72312.65625,72997.27311390532,72055.9249260355,72826.11889792899,1161544,69214.7685546875,66676.5515625,60596.37154296875,0.08333326505945271,62.70771964800086,1927.988549894464,1614.9995804478606,312.9889694466035,74431.6333694235,69214.7685546875,63997.90373995149,0.7969108655606657,25508782,bull,hold
2023-04-18,70772.2734375,71542.4674652358,69317.46249622128,71542.4674652358,2125174,69428.7115234375,66873.378984375,60639.15544921875,0.06435012302087717,56.02113857165905,1760.5048043236166,1644.1006252230118,116.40417910060478,74531.3189311544,69428.7115234375,64326.104115720584,0.6316544470999845,23383608,bull,hold
2023-04-19,73082.8515625,73510.73711028982,70429.96116620315,70857.84671399297,1758223,69706.8369140625,67128.39875,60691.874140625,0.08238269391956399,62.483383918947744,1793.542235237357,1673.988947225881,119.55328801147607,74967.00438277709,69706.8369140625,64446.669445347914,0.8209037229818928,25141831,bull,hold
2023-04-20,71970.359375,72911.70771403093,71542.47376634959,72227.09074019025,1200517,69950.7318359375,67347.476328125,60736.19873046875,0.07270412158594097,58.0597837068318,1710.2412190274772,1681.2394015862005,29.00181744127667,75155.45443220773,69950.7318359375,64746.00923966729,0.6940187494824206,23941314,bull,hold
2023-04-21,71285.734375,71713.6199354742,70344.38614195678,71285.734375,945223,70194.6267578125,67546.015234375,60775.07759765625,0.07345365751853228,55.45774356980996,1570.873001552187,1659.166121579398,-88.29312002721099,75164.25677008582,70194.6267578125,65224.996745539174,0.6097775502897431,22996091,bull,hold
2023-04-24,72483.8125,72654.96672077922,71456.88717532468,71628.0413961039,938376,70566.887109375,67768.515703125,60820.351328125,0.11447365726233638,58.92682078145857,1539.352875307406,1635.2034723249997,-95.8505970175936,75024.92193957762,70566.887109375,66108.8522791724,0.7149966816811381,23934467,bull,hold
2023-04-25,74109.78125,74537.66682303695,71456.89069717091,72654.97030167437,2444751,70981.936328125,67997.862421875,60885.8905859375,0.12613791421787024,63.12434520833787,1626.8220456249546,1633.5271869849907,-6.705141360036123,75125.31011937333,70981.936328125,66838.56253687666,0.8774514537502821,26379218,bull,hold
2023-04-26,73339.5859375,76762.67046200408,72911.70037193698,75222.28242597725,3309719,71247.225390625,68206.67046875,60946.3653515625,0.07798742513918011,59.99657573977562,1615.372657889413,1629.8962811658753,-14.523623276462331,75279.5249243032,71247.225390625,67214.9258569468,0.7594500395369168,23069499,bull,hold
2023-04-27,74109.78125,75735.74642754042,73767.47279157044,73938.62702078522,1899151,71555.303125,68446.286328125,61006.241328125,0.09068013985372358,62.02305675170674,1649.4336165537097,1633.8037482434422,15.629868310267511,75472.1843490921,71555.303125,67638.42190090791,0.8260857272474612,24968650,bull,hold
2023-04-28,72312.65625,74195.35262573964,72141.50203402367,74195.35262573964,1648678,71705.062890625,68583.2096875,61052.27740234375,0.04320982436446452,55.01942195368918,1513.9621896775352,1609.835436530261,-95.87324685272574,75495.23119744247,71705.062890625,67914.89458380755,0.5801538757899092,23319972,bull,hold
2023-05-02,74366.5078125,74366.5078125,72398.23430307825,72826.11984860472,1301927,71948.957421875,68762.9215625,61105.75111328125,0.07019697358256627,60.50794518882104,1554.4104876842175,1598.7504467610524,-44.33995907683493,75764.91983363478,71948.957421875,68132.99501011524,0.816768108508453,24621899,bull,hold
2023-05-03,74024.203125,74623.24291907514,73254.00910404624,73938.6260115607,853646,72222.804296875,68937.49890625,61153.06353515625,0.0799001601312963,59.21117613021214,1541.0803131859284,1587.216420046028,-46.13610686009952,75801.71868725328,72222.804296875,68643.88990649671,0.7516683317388045,23768253,bull,hold
2023-05-04,73510.7421875,74195.35911124854,73339.58795656286,73767.47353390571,649435,72419.631640625,69096.6725,61201.85384765625,0.056580559175978706,57.22986710179583,1472.1144285996852,1564.1960217567596,-92.0815931570744,75822.92344302236,72419.631640625,69016.33983822764,0.6603022324013471,23118818,bull,hold
2023-05-08,74537.6640625,74879.972508252,73938.62428243399,74024.20139387199,1094022,72680.641796875,69312.32671875,61254.5651953125,0.07530863153955947,60.105146697080066,1483.2247890680155,1548.001775219011,-64.77698615099553,75887.26144057454,72680.641796875,69474.02215317547,0.7895607324794086,24212840,bull,hold
2023-05-09,74965.546875,75136.70109160959,72997.27338398973,74195.35290025685,1237173,73001.555859375,69504.019375,61305.37076171875,0.09363292892107977,61.27335810335321,1509.1597426934168,1540.233368713892,-31.07362602047533,75739.74225275332,73001.555859375,70263.36946599669,0.8586298983105138,25450013,bull,hold
2023-05-10,77019.390625,77019.390625,74537.65470486111,74623.23180555555,2778199,73386.65234375,69755.615859375,61358.35509765625,0.11111096083632432,66.36464762178011,1676.1201366427413,1567.4107222996622,108.70941434307906,76110.35491155474,73386.65234375,70662.94977594526,1.1668749965929528,28228212,bull,hold
2023-05-11,77104.9765625,78645.36455153995,76505.93678898446,77447.28500450889,2250100,73604.873828125,69996.94328125,61413.78998046875,0.05999995703909122,66.56192573574823,1794.6558461569657,1612.859747071123,181.7960990858428,76752.85250605368,73604.873828125,70456.89515019632,1.0559285961679408,30478312,bull,hold
2023-05-12,76505.9375,77276.13150167785,75992.47483221476,77019.40016778524,1133345,73746.07578125,70238.270703125,61464.61158203125,0.03832744707162328,63.74381290493449,1819.2871936834272,1654.145236393584,165.14195728984328,77139.01924054799,73746.07578125,70353.132321952,0.9067061169538357,29344967,bull,hold
2023-05-15,77019.390625,77104.96772569444,75735.73411458333,76591.50512152778,1056421,73891.55625,70447.078671875,61522.4501953125,0.03926080101606022,65.10744015935535,1858.8118640396715,1695.0785619228016,163.73330211686994,77571.75580036479,73891.55625,70211.3566996352,0.9249544531749597,30401388,bull,hold
2023-05-16,74708.8203125,76505.93970146048,74195.35762993986,76334.78547394043,1866373,73977.13359375,70602.828984375,61563.0726171875,0.023446723341871367,55.06982949835027,1684.276445640251,1692.9181386662917,-8.641693026040684,77649.76351837843,73977.13359375,70304.50366912156,0.5996134559928509,28535015,bull,hold
2023-05-17,75393.4296875,76249.2007395715,74708.81284584278,74708.81284584278,1077219,74131.172265625,70767.136953125,61606.3091015625,0.04260351641418225,57.1764704465529,1582.950852072172,1670.9246813474679,-87.97382927529588,77769.90568166514,74131.172265625,70492.43884958487,0.6734473616988201,29612234,bull,hold
2023-05-18,76933.828125,77019.40524193548,75735.74848790323,76249.21118951612,1385713,74439.25,70977.656796875,61664.1244140625,0.08706170352067821,61.54540561813893,1608.4061643527675,1658.420977948528,-50.014813595760415,77928.55781345505,74439.25,70949.94218654495,0.857460312813434,30997947,bull,hold
2023-05-19,75906.8984375,76762.66955855412,75650.16710118376,76420.36111013246,1125650,74580.45234375,71145.387890625,61718.018671875,0.038641717100828865,57.345092004059566,1528.1000531554746,1632.3567929899173,-104.25673983444267,78067.33514253823,74580.45234375,71093.56954496178,0.6902051445794176,29872297,bull,hold
2023-05-22,75992.4765625,76677.09346846846,75479.01388302364,75906.89944925394,966583,74781.558203125,71328.522890625,61769.509140625,0.05588574549896075,57.604754944578,1454.5946591615211,1596.804366224238,-142.20970706271692,78103.1275315523,74781.558203125,71459.9888746977,0.6822810604932267,30838880,bull,hold
2023-05-23,75906.8984375,76933.82378276494,75906.8984375,76677.0924464487,784013,75012.61640625,71511.657890625,61823.807890625,0.06482593050371444,57.229569377890925,1373.6016406857816,1552.1638211165468,-178.56218043076524,77950.02896014618,75012.61640625,72075.20385235382,0.6522227495868468,30054867,bull,hold
2023-05-24,76249.203125,76420.3573407688,75650.1633698092,75735.7404776936,606275,75200.8859375,71687.946640625,61876.5819921875,0.05194802115299879,58.39678069643322,1321.7983489662292,1506.0907266864833,-184.29237772025408,77941.95695984567,75200.8859375,72459.81491515433,0.6912240104240167,30661142,bull,hold
2023-05-25,74537.6640625,76249.20629126005,74537.6640625,76249.20629126005,1341962,75222.280078125,71872.793203125,61920.3938671875,0.005773634806134353,50.91492048401967,1129.615464724775,1430.7956742941417,-301.18020956936675,77935.49040462193,75222.280078125,72509.06975162806,0.3738365380414656,29319180,bull,hold
2023-05-26,74794.3984375,74879.97555241705,74024.20440324656,74537.66709274886,848329,75295.020703125,72006.293515625,61965.4894140625,0.01983666094378811,51.910223526872386,986.651953256689,1341.9669300866512,-355.31497682996223,77877.27835408784,75295.020703125,72712.76305216216,0.403065004873093,30167509,bull,hold
2023-05-30,73254.0078125,75222.28138690129,73168.43070056952,74965.55005110982,1336978,75252.23203125,72117.543671875,62006.11921875,-0.0115473750302022,45.89682477969091,740.5194433799043,1221.677432745302,-481.1579893653977,77937.91989581719,75252.23203125,72566.5441666828,0.1279865122985892,28830531,bull,hold
2023-05-31,73510.7421875,74623.24468859138,72911.70237922002,73339.58795656286,1496401,75312.136328125,72215.101640625,62044.3919921875,0.016568136196767114,46.99884677162194,559.7218493923428,1089.2863160747102,-529.5644666823673,77777.27353063152,75312.136328125,72846.99912561847,0.1346259877962657,30326932,bull,hold
2023-06-01,72055.9375,73168.440097981,71542.4747624703,72740.55448337292,1365020,75196.6078125,72321.217421875,62074.9862109375,-0.031070039194601273,41.802744859328484,295.6399206340866,930.5570369865854,-634.9171163524989,78018.8830611665,75196.6078125,72374.33256383351,-0.05640751446620015,28961912,bull,hold
2023-06-02,72911.6953125,73082.84952684859,72227.07845510563,72654.9639909771,894151,75140.982421875,72449.583046875,62113.095390625,-0.01502897384280355,45.61187171565291,153.63458917809476,775.1725474248873,-621.5379582467925,78094.30585813857,75140.982421875,72187.65898561143,0.12257992436558064,29856063,bull,hold
2023-06-05,73767.4609375,73767.4609375,72997.26702979988,73339.57543322215,689610,75153.818359375,72574.525390625,62155.0788671875,0.0034922617070740625,49.19311751678206,108.89223303247127,641.9164845464041,-533.0242515139329,78080.80245281839,75153.818359375,72226.83426593161,0.2631764680613537,30545673,bull,hold
2023-06-07,70173.234375,74965.55282012196,69403.04033917683,74965.55282012196,3985993,74935.596875,72636.140859375,62172.61890625,-0.05855334671932322,37.904193043831164,-214.12218469451182,470.70875069822097,-684.8309353927327,78577.30904922113,74935.596875,71293.88470077887,-0.15386311055987698,26559680,bull,hold
2023-06-08,69659.765625,70344.38248617935,69146.30297911548,70002.07405558968,2402672,74670.3078125,72701.179453125,62189.2096484375,-0.07077626284574479,36.61160469411361,-505.7164899257041,275.423702573436,-781.1401924991401,78976.96011891356,74670.3078125,70363.65550608645,-0.08172123391969689,24157008,bull,hold
2023-06-09,70943.4296875,71114.58392076298,69830.92717129072,70258.81275444814,1423561,74366.509765625,72819.2759375,62225.56796875,-0.07888871735019654,41.941973966304424,-626.0098637971532,95.13698929931817,-721.1468530964714,78822.1092959824,74366.509765625,69910.9102352676,0.11586762288638396,25580569,bull,hold
2023-06-12,69830.921875,70943.42430683211,69574.1905445772,70686.69297640931,1076108,74002.80703125,72899.7184375,62264.4541796875,-0.09433962646501515,38.889732651321474,-801.8698555619922,-84.26437967294389,-717.6054758890483,78686.57900287215,74002.80703125,69319.03505962786,0.05464471994724989,24504461,bull,hold
2023-06-13,70429.96875,70601.12298754556,69830.92891859052,70173.23739368164,1027454,73699.00859375,72947.64171875,62304.31298828125,-0.0794182641053186,41.36416472996887,-882.7265672801732,-243.95681719438977,-638.7697500857835,78481.10522260639,73699.00859375,68916.9119648936,0.15820014760641027,25531915,bull,hold
2023-06-14,71029.0,71628.03975903614,70601.11445783133,70772.26867469879,1331782,73399.4890625,73009.2571875,62346.357890625,-0.07777769437525983,43.81414022216587,-888.2303121615842,-372.8115161878287,-515.4187959737554,78061.07700876563,73399.4890625,68737.90111623437,0.2457423210905008,26863697,bull,hold
2023-06-15,70429.96875,71713.62553159174,70258.81451245444,71456.8941752734,976819,73185.546484375,73031.50734375,62385.40763671875,-0.05727371339290277,41.92752832706392,-930.206048895896,-484.2904227294422,-445.91562616645376,77978.04656122994,73185.546484375,68393.04640752004,0.21251145642304034,25886878,bull,hold
2023-06-16,69830.921875,71285.73274739583,69659.76765471813,70943.42430683211,1396059,72907.42109375,73038.3534375,62424.69837890625,-0.07377974228730766,40.0693941898623,-1000.2795984866534,-587.4882578808845,-412.79134060576894,77799.70007815493,72907.42109375,68015.14210934508,0.1855760650039652,24490819,bull,hold
2023-06-19,70429.96875,70515.54586877278,69488.62044349939,69830.92891859052,592234,72582.228125,73076.0075,62456.87125,-0.08453835631879258,42.79939698498311,-995.9941148499202,-669.1894292746916,-326.8046855752285,77218.66588478963,72582.228125,67945.79036521036,0.26789730753361335,25083053,bull,hold
2023-06-20,69916.4921875,70173.22349296205,69403.02957657588,69916.4921875,700544,72282.7078125,73082.8534375,62487.28578125,-0.07891781080915017,41.072333495722816,-1022.2472752217145,-739.8009984640962,-282.4462767576183,76793.61110456189,72282.7078125,67771.8045204381,0.2377226387047613,24382509,bull,hold
2023-06-21,71799.1953125,71884.77242252682,69317.45912172229,69488.61334177593,1636970,72073.04375,73132.488125,62532.7771484375,-0.05518021572242404,49.17123492105019,-880.9793051401066,-768.0366597992984,-112.94264534080821,76252.3609748293,72073.04375,67893.7265251707,0.4672376583580369,26019479,bull,hold
2023-06-22,71371.3125,71884.77517985611,70772.27270683453,71371.3125,764933,71846.264453125,73188.9690625,62565.61154296875,-0.059751959714629876,47.57102463793523,-794.3927232512069,-773.3078724896802,-21.084850761526695,75643.60221322255,71846.264453125,68048.92669302745,0.43746250885083293,25254546,bull,hold
2023-06-23,71371.3125,71799.19806654676,71114.58116007195,71114.58116007195,895139,71602.369921875,73230.04609375,62595.61427734375,-0.06397300463590916,47.57102463793523,-717.5013246402377,-762.1465629197917,44.64523827955395,74819.47700381448,71602.369921875,68385.26283993552,0.4640892553480532,26149685,bull,hold
2023-06-26,73168.4296875,73254.00679824561,71285.73325109649,71285.73325109649,1332113,71533.908203125,73238.60375,62637.0297265625,-0.01836969795366672,54.744908068481784,-505.72234695768566,-710.8617197273704,205.13937276968477,74550.25504134383,71533.908203125,68517.56136490617,0.7709438887572019,27481798,bull,hold
2023-06-27,73767.4609375,74024.19224006671,72654.95862637761,73168.42123151102,1041380,71482.561328125,73240.315,62679.013203125,-0.013730139174234157,56.86367809910579,-286.2494602040242,-625.9392678227013,339.68980761867704,74303.80121368942,71482.561328125,68661.32144256057,0.9049459992867422,28523178,bull,hold
2023-06-28,73938.625,74195.35633680556,73425.16232638889,73938.625,953623,71516.7921875,73236.891875,62721.04345703125,0.009345798379418957,57.4763037364361,-97.38155294455646,-520.2277248470723,422.84617190251583,74438.01670944714,71516.7921875,68595.56766555287,0.9145235661115375,29476801,bull,hold
2023-06-29,73596.3203125,74195.3601289971,73339.58896257267,73853.05166242733,761277,71521.07109375,73248.8728125,62759.74412109375,0.001164158087014311,55.77045244836023,24.39528311850154,-411.30312325395755,435.6984063724591,74454.19222924775,71521.07109375,68587.94995825224,0.8537612534365767,28715524,bull,hold
2023-06-30,75735.7421875,75821.31929731638,74195.35421080509,74280.93132062147,1899152,71705.061328125,73317.33453125,62805.50115234375,0.051068722650371434,63.134841321936925,290.1926087164029,-271.0039768598855,561.1965855762884,75163.85650004738,71705.061328125,68246.26615620262,1.0826712278447488,30614676,bull,hold
2023-07-03,75735.7421875,76163.62773658191,75051.12530896893,76163.62773658191,951562,71846.263671875,73416.60390625,62856.9215234375,0.038732426435788,63.134841321936925,495.1313383590168,-117.77691381610504,612.9082521751218,75698.74289406014,71846.263671875,67993.78444968986,1.0048020107709854,31566238,bull,hold
2023-07-04,76078.0546875,76933.8258313414,75564.59200119517,76078.0546875,963786,71961.793359375,73476.50796875,62908.4353515625,0.0313226688384689,64.23973536824141,677.3603278128285,41.25053450968166,636.1097933031468,76160.79549987084,71961.793359375,67762.79121887917,0.9901475624919455,32530024,bull,hold
2023-07-05,75393.4296875,76848.24047602156,75051.1212666714,76505.93205519296,950585,72222.803125,73544.969375,62960.57125,0.07439011980841159,60.34430458708759,757.7991619682289,184.56026000139113,573.2389019668377,76590.24534149995,72222.803125,67855.36090850006,0.8629843745295075,31579439,bull,hold
2023-07-06,76163.625,76762.66474719101,75051.12261235956,75136.69971910113,1394753,72547.99609375,73642.5271875,63017.77173828125,0.09336608179264161,63.05825527268199,873.6252346031688,322.3732549217467,551.2519796814221,77069.47072174278,72547.99609375,68026.52146575722,0.8998285077024848,32974192,bull,hold
2023-07-07,75222.2890625,75650.17466581342,74195.36361454778,75393.44330382536,982277,72761.9390625,73697.29671875,63065.81580078125,0.0603136808277811,57.8474036765599,879.3239889797842,433.7634017333542,445.56058724643,77363.68746307559,72761.9390625,68160.1906619244,0.7673277400055444,31991915,bull,hold
2023-07-10,74879.96875,75735.73982142858,74280.929,75307.85428571429,870366,73014.39140625,73712.70046875,63113.36181640625,0.07230388400196097,56.03401374151397,846.4604355542833,516.30280849754,330.1576270567433,77497.71575314738,73014.39140625,68531.06705935262,0.7080573698667427,31121549,bull,hold
2023-07-11,75735.7421875,75735.7421875,74366.50843043785,74452.08554025424,802263,73279.680078125,73760.62359375,63166.80478515625,0.07533403083470769,59.45575642467422,879.3331914396695,588.908885085966,290.4243063537035,77747.78782117198,73279.680078125,68811.57233507803,0.7748436531322442,31923812,bull,hold
2023-07-12,75650.1640625,76078.04960583993,74537.66164981617,75992.47249717194,798856,73510.73828125,73791.43125,63222.65150390625,0.06506024387926068,58.96157292991734,888.2405635272007,648.7752207742129,239.4653427529878,77967.32463537496,73510.73828125,69054.15192712504,0.7400296562490903,31124956,bull,hold
2023-07-13,74879.96875,75992.47114285715,74794.39164285714,75735.73982142858,989972,73733.23828125,73842.7775,63276.6698828125,0.06318333060455883,54.56577759664116,823.6567923589901,683.7515350911683,139.90525726782175,77992.33057493744,73733.23828125,69474.14598756256,0.634621462705752,30134984,bull,hold
2023-07-14,75906.8984375,76420.36111013246,75222.28154065671,75393.43576486754,1212425,74037.037109375,73873.5853125,63342.2952734375,0.08700982887460995,58.9592528330846,845.5908864026133,716.1194053534573,129.47148104915595,77995.57690105871,74037.037109375,70078.49731769129,0.7361806911797747,31347409,bull,hold
2023-07-17,74109.78125,76249.20911518476,74024.20413539262,75650.16931293302,968236,74221.027734375,73875.296875,63410.26169921875,0.052247822415795175,49.87076755964893,709.7795788994263,714.8514400626511,-5.071861163224867,77817.34487752993,74221.027734375,70624.71059122008,0.4845332766901902,30379173,bull,hold
2023-07-18,73510.7421875,74708.82180405995,72911.70237922002,74366.51334218567,962946,74400.740234375,73875.296875,63468.35603515625,0.051407756418343276,47.255846901333484,547.4994602983788,681.3810441097967,-133.88158381141784,77433.7925781836,74400.740234375,71367.6878905664,0.3532834343113525,29416227,bull,hold
2023-07-19,73596.3203125,74024.2058957122,72826.12626271803,73510.74319585756,709966,74490.596484375,73856.47,63537.39583984375,0.025029876618786195,47.67792202323416,420.9443521602516,629.2937057198876,-208.34935355963603,77308.91531368825,74490.596484375,71672.27765506174,0.34134581180566664,30126193,bull,hold
2023-07-20,72141.5,73596.31079478054,71884.76868327403,72997.27105575327,1040267,74529.105859375,73799.9890625,63596.734375,0.010791275556267799,41.585516494107935,200.94036100176163,543.6230367762624,-342.6826757745008,77192.68493260618,74529.105859375,71865.52678614383,0.05180495984325804,29085926,bull,hold
2023-07-21,72312.65625,72826.11889792899,71799.193602071,72826.11889792899,769963,74576.173046875,73705.854375,63667.44630859375,0.013189385441104262,42.51616420733329,39.93613304565952,442.88565603014183,-402.9495229844823,77040.71969745307,74576.173046875,72111.62639629694,0.04078434742874705,29855889,bull,hold
2023-07-24,71456.890625,72312.66177020958,71114.58216691617,72055.93042664671,969395,74490.59609375,73592.89265625,63730.23873046875,-0.023391769781173744,39.15707331136586,-154.92809692615992,323.3229054388815,-478.2510023650414,77246.37780236949,74490.59609375,71734.81438513052,-0.05042557602825295,28886494,bull,hold
2023-07-25,72398.234375,72997.27413933215,71456.88617390662,72141.50304742908,1095142,74422.134765625,73510.73859375,63804.6147265625,-0.018561389332080847,44.364221518190995,-230.74099109866074,212.51012613137306,-443.2511172300338,77311.1822961001,74422.134765625,71533.0872351499,0.14972878270850548,29981636,bull,hold
2023-07-26,70686.6953125,72055.92912000605,69830.92418280873,71884.7748940678,2126961,74259.53828125,73384.0846875,63868.814921875,-0.043981473654669645,37.996843700360486,-424.0420614207105,85.19968862095634,-509.2417500416669,77573.86934638539,74259.53828125,70945.20721611462,-0.03899910698934071,27854675,bull,hold
2023-07-27,71114.578125,71884.77211191335,69830.9214801444,71029.00101534296,1863363,74135.451171875,73312.19984375,63937.17716796875,-0.033721009107006816,40.303584101292124,-536.5232789218135,-39.14490488759762,-497.3783740342159,77715.02981028131,74135.451171875,70555.87253346869,0.07804069249056303,29718038,bull,hold
2023-07-28,72055.9375,74623.25118764845,71713.62900831354,71799.20613123516,1838414,73951.4609375,73245.45,64024.808984375,-0.04858742492269841,45.13930802825887,-543.4411683722719,-140.0041575845325,-403.43701078773944,77561.26186809414,73951.4609375,70341.66000690586,0.23744764961484796,31556452,bull,hold
2023-07-31,70772.2734375,72654.96994974304,70772.2734375,72569.39283555018,1143605,73703.2875,73122.21890625,64102.78630859375,-0.06553667537464514,40.34048266309821,-645.0686574759457,-241.01705756281515,-404.05159991313053,77467.46300791766,73703.2875,69939.11199208235,0.11066984571590176,30412847,bull,hold
2023-08-01,71285.734375,71371.31148709483,69830.92346938775,70173.2319177671,1129424,73463.671484375,73029.795625,64182.92642578125,-0.06299215105045797,42.95296771888248,-676.3802774862124,-328.08970154749466,-348.2905759387178,77202.70380545825,73463.671484375,69724.63916329174,0.208756581603444,31542271,bull,hold
2023-08-02,68461.6875,70772.269453125,68461.6875,70429.961015625,2159024,73117.084375,72879.17984375,64246.1146484375,-0.09194093193838693,34.106653465317834,-918.4842287479696,-446.16860698758967,-472.31562176037994,77331.23287879633,73117.084375,68902.93587120368,-0.052353206205972266,29383247,bull,hold
2023-08-03,69060.7265625,69745.34343052974,68461.68680297397,68461.68680297397,989975,72761.939453125,72742.25640625,64313.51162109375,-0.09325840829529841,37.0674752537128,-1049.913163027144,-566.9175181955006,-482.9956448316434,77085.02420068263,72761.939453125,68438.85470556737,0.07192455078332236,30373222,bull,hold
2023-08-04,68975.1484375,69403.03397371278,68547.26290128722,69231.87975922767,616785,72449.582421875,72596.7753125,64378.8626171875,-0.08304906302185822,36.812989137839544,-1147.7464729264902,-683.0833091416986,-464.66316378479166,76916.80608695085,72449.582421875,67982.35875679916,0.11111931650773763,29756437,bull,hold
2023-08-07,66407.8359375,68461.68653350516,66151.10461299936,68376.10942533828,2254858,72025.97578125,72434.17875,64431.78158203125,-0.11314284653063511,30.129998549033374,-1416.1166277145676,-829.6899728562723,-586.4266548582953,77061.59903020256,72025.97578125,66990.35253229745,-0.057839572779656706,27501579,bull,hold
2023-08-08,67006.8828125,67263.61416427203,66493.42010895594,66493.42010895594,1527761,71589.5328125,72278.4284375,64490.122890625,-0.11525416035918479,33.17827401698386,-1562.4528486714407,-976.242548019306,-586.2103006521347,76774.25625097858,71589.5328125,66404.80937402141,0.0580622520779299,29029340,bull,hold
2023-08-09,67520.34375,67520.34375,66493.41836977187,66493.41836977187,946574,71183.041796875,72163.75515625,64553.054140625,-0.10746599710984595,35.7650918829751,-1618.3381567012257,-1104.6616697556901,-513.6764869455355,76304.9879158763,71183.041796875,66061.09567787369,0.14245054889515713,29975914,bull,hold
2023-08-10,67520.34375,67691.49798003802,66578.99548479088,67434.76663498099,1050522,70815.060546875,72043.9471875,64626.50294921875,-0.09828563129575296,35.7650918829751,-1643.6803421182703,-1212.4654042282064,-431.214937890064,75878.88408859861,70815.060546875,65751.23700515139,0.1746809234437155,31026436,bull,hold
2023-08-11,68718.4296875,69659.77803938357,67862.65845851495,67948.23558141345,1290039,70455.637109375,71977.19703125,64701.89697265625,-0.09470112595785773,41.85626594127881,-1549.2301238026412,-1279.8183481430933,-269.41177565954786,75018.4627255073,70455.637109375,65892.81149324271,0.3096346904281255,32316475,bull,hold
2023-08-14,67349.1796875,68632.8362253812,67263.6025849746,68204.95071275413,875348,70117.60703125,71865.94671875,64773.68091796875,-0.0912241467788707,37.481757026021576,-1566.803541090383,-1337.2153867325515,-229.58815435783163,74547.25509075269,70117.60703125,65687.9589717473,0.18751159160251682,31441127,bull,hold
2023-08-16,66750.1484375,67605.9195713141,66664.57132411859,66664.57132411859,701727,69779.57734375,71725.60046875,64840.447109375,-0.09196742610428432,35.72275946824712,-1610.5025456196163,-1391.8728185099644,-218.62972710965187,74153.36379154772,69779.57734375,65405.7908959523,0.15368349113439386,30739400,bull,hold
2023-08-17,67092.4609375,67605.92364875638,65552.07280373087,67605.92364875638,1085644,69454.384375,71663.985,64908.11580078125,-0.08837207278004833,37.52700478362275,-1599.0793720101065,-1433.3141292099929,-165.76524280011358,73606.20560928842,69454.384375,65302.563140711565,0.21555573997337615,31825044,bull,hold
2023-08-18,67092.4609375,67862.65500438456,65979.95839644452,66065.53551498725,631497,69201.932421875,71612.63890625,64975.37998046875,-0.06998799668013556,37.52700478362275,-1571.9064653700625,-1461.032596442007,-110.87386892805557,73282.90166893389,69201.932421875,65120.963174816105,0.24154773576212699,32456541,bull,hold
2023-08-21,66835.7265625,67605.92059459026,66664.5723331466,67605.92059459026,483738,68928.0859375,71530.48484375,65041.36048828125,-0.07573957273212462,36.63259472667682,-1553.1839221008559,-1479.4628615737768,-73.72106052707909,72870.01540087671,68928.0859375,64986.15647412328,0.23460212892702936,31972803,bull,hold
2023-08-22,67434.765625,67605.91985247462,66921.30294257613,67006.88005631344,563960,68726.9796875,71482.56171875,65110.740703125,-0.05628743379148393,40.21318007211181,-1473.0285692876641,-1478.1760031165543,5.147433828890144,72540.64766999689,68726.9796875,64913.311705003114,0.3305812057537894,32536763,bull,hold
2023-08-23,67349.1796875,67434.75679002542,66407.83155972046,66835.71707234753,541701,68474.526953125,71420.9459375,65186.5698828125,-0.0697400251689494,39.86657969125584,-1400.2695093139337,-1462.5947043560302,62.32519504209654,71934.75502656902,68474.526953125,65014.298879680966,0.33738828167691914,31995062,bull,hold
2023-08-24,67434.765625,68119.38253489847,67092.45717005075,68119.38253489847,732961,68311.93046875,71349.06125,65259.59080078125,-0.046004834051492804,40.41960963238277,-1320.4796922768,-1434.1717019401842,113.69200966338417,71644.33362670892,68311.93046875,64979.52731079107,0.3683885469177068,32728023,bull,hold
2023-08-25,66835.7265625,67434.76636523688,66578.9952184699,66750.1494478233,656919,68097.987890625,71277.17640625,65322.33513671875,-0.060168416593556207,37.79929268650211,-1290.7046931192017,-1405.478300175988,114.7736070567862,71226.3571012177,68097.987890625,64969.61868003229,0.29825569759302084,32071104,bull,hold
2023-08-28,67006.8828125,67434.76839878672,66493.42010895594,67434.76839878672,465264,67845.53515625,71220.695625,65384.3171484375,-0.07007132045849795,39.015763255857216,-1239.01432690605,-1372.1855055220003,133.17117861595034,70421.73262958982,67845.53515625,65269.337682910176,0.3372305787058401,32536368,bull,hold
2023-08-29,68632.84375,69060.72930953866,67006.87862375312,67263.6099594763,1066302,67738.563671875,71184.753125,65454.83349609375,-0.030229771965561647,49.18328087906459,-1054.690069737262,-1308.6864183650528,253.99634862779067,69975.04157222113,67738.563671875,65502.08577152888,0.6999304526967584,33602670,bull,hold
2023-08-30,68804.0,69403.03980099503,68547.26865671642,69317.46268656717,642079,67614.476953125,71162.50328125,65529.441796875,-0.034813899257105096,50.125907468316896,-884.6037278558797,-1223.8698802632182,339.2661524073385,69242.60172048533,67614.476953125,65986.35218576468,0.8653046347312706,34244749,bull,hold
2023-08-31,68632.84375,69060.72930953866,68033.80396664588,68975.15219763093,1221196,67623.034765625,71099.17625,65597.531015625,0.002500029669879167,49.144182443240496,-754.9177337567235,-1130.0794509619193,375.1617172051958,69270.56575408051,67623.034765625,65975.50377716948,0.8064613022306956,33023553,bull,hold
2023-09-01,68204.9609375,68975.1549756901,67777.07536072773,67948.22959143664,430154,67580.246484375,71035.84921875,65655.7948828125,-0.01239149466847167,46.68268061675941,-678.8419486789644,-1039.8319505053282,360.9900018263638,69116.92181872972,67580.246484375,66043.57115002029,0.7032681982844884,32593399,bull,hold
2023-09-04,68461.6875,68632.84171875,67178.03085937501,67862.647734375,625059,67554.5734375,70977.65671875,65721.005703125,-0.007444144001592989,48.35413396480989,-591.0227109550324,-950.0701025952691,359.0473916402367,69012.30181511691,67554.5734375,66096.8450598831,0.8111396047537152,33218458,bull,hold
2023-09-05,67691.5,68632.84829329963,67349.19152970923,68461.69405815423,623988,67618.756640625,70868.118125,65785.19724609375,0.01933000894213932,43.90709438762129,-576.9226220151322,-875.4406064792418,298.51798446410953,68978.62519551492,67618.756640625,66258.88808573507,0.5267464671910482,32594470,bull,hold
2023-09-06,67520.34375,68204.9606701521,67263.61240494296,67691.49798003802,693599,67644.4296875,70743.17578125,65854.60083984376,0.007662808892883177,42.961515092224204,-572.9544170392619,-814.9433685912459,241.98895155198397,68976.21989933308,67644.4296875,66312.63947566692,0.4534138573787806,31900871,bull,hold
2023-09-07,67006.8828125,67178.03704701469,66664.57434347062,66921.30569524266,950333,67618.756640625,70604.5409375,65922.650703125,-0.007604536780812854,40.16684644673643,-604.2758763369202,-772.8098701403808,168.5339938034606,68978.62519551492,67618.756640625,66258.88808573507,0.27502464266683246,30950538,bull,hold
2023-09-08,66578.9921875,67178.03196296594,66407.8379659383,67006.87774140424,470141,67571.6890625,70464.194375,65991.79728515625,-0.013941747186380415,37.9512682993381,-656.0628714979248,-749.4604704118897,93.39759891396488,69005.09970259042,67571.6890625,66138.27842240957,0.15372906854613227,30480397,bull,hold
2023-09-11,66407.8359375,66835.72147833441,65894.37328849871,66236.68172116624,462259,67456.159375,70277.63625,66060.0880859375,-0.033624076692490235,37.07043902283653,-702.8137181739294,-740.1311199642977,37.31740179036831,68873.61682954968,67456.159375,66038.70192045033,0.13020991066251927,30018138,bull,hold
2023-09-12,66493.4140625,67263.60804777993,66407.83695302445,66750.14539092664,615337,67413.37109375,70092.7896875,66124.35703125,-0.012706400122031947,37.84718840067302,-724.605856245762,-737.0260672205906,12.420210974828592,68891.52841421684,67413.37109375,65935.21377328316,0.1888162651863555,30633475,bull,hold
2023-09-13,67178.03125,68033.80234872612,66750.14570063695,67006.87703025478,915335,67434.765234375,69914.78921875,66193.6671484375,0.006410215145822962,43.82122888726634,-678.8085152052081,-725.3825568175141,46.57404161230602,68886.0482312767,67434.765234375,65983.48223747329,0.41154930329815514,31548810,bull,hold
2023-09-14,67777.0703125,67777.0703125,67178.030549637,67520.33898555872,770400,67468.995703125,69762.46203125,66267.99505859375,0.010203968753475179,48.48692930313408,-587.4051060970232,-697.7870666734159,110.38196057639266,68918.66309397809,67468.995703125,66019.3283122719,0.6062569977495705,32319210,bull,hold
2023-09-15,68547.265625,68547.265625,67605.9174079276,68290.53429307116,1406794,67541.7359375,69610.13484375,66346.1739453125,0.021683579155864052,53.79968628176159,-447.65859134163475,-647.7613716070597,200.10278026542494,69053.20823173973,67541.7359375,66030.26364326026,0.8326325237095343,33726004,bull,hold
2023-09-18,67948.2265625,68376.11212019836,67605.91811634132,68033.80367403968,571336,67597.3609375,69464.65359375,66413.67171875,0.016645289237032124,49.52172154283188,-380.8556506775494,-594.3802274211577,213.52457674360824,69082.4632948745,67597.3609375,66112.25858012549,0.6181284317736514,33154668,bull,hold
2023-09-19,67948.2265625,68632.84345481738,67691.49522788098,67691.49522788098,621704,67623.033984375,69326.01875,66475.91072265625,0.007614187322238397,49.52172154283188,-324.1769290669181,-540.3395677503098,216.16263868339172,69113.74739773381,67623.033984375,66132.32057101619,0.6090728020593486,33776372,bull,hold
2023-09-20,69659.765625,70002.07405558968,67691.49214910934,67948.2234720516,1466060,67738.56328125,69204.49921875,66546.707421875,0.03430755872931357,60.048425246204125,-139.54316864185967,-460.1802879286198,320.63711928676014,69465.84273953791,67738.56328125,66011.28382296208,1.0561353533533901,35242432,bull,hold
2023-09-21,68290.53125,69659.76495927318,68204.95414317043,69659.76495927318,650659,67781.3515625,69057.3065625,66619.15291015625,0.012690273586162482,50.9029464511419,-102.52352678585157,-388.6489357000662,286.12540891421463,69518.77669858231,67781.3515625,66043.92642641769,0.6465328424590829,34591773,bull,hold
2023-09-22,68632.84375,68803.99797381547,67263.6099594763,67263.6099594763,620891,67871.207421875,68932.3640625,66696.95064453124,0.02688857112699239,52.836860547459516,-45.04419454213348,-319.92798746847967,274.8837929263462,69589.49618182902,67871.207421875,66152.918661921,0.721626407003145,35212664,bull,hold
2023-09-25,70258.8125,70258.8125,68033.80747563946,68290.53882460414,1163419,68033.80390625,68819.40234375,66784.90083984374,0.04853127844492655,60.74615997345489,130.20970330740965,-229.9004493133018,360.11015262071146,69992.75413313256,68033.80390625,66074.85367936744,1.067908404005455,36376083,bull,hold
2023-09-26,69231.8828125,70087.65392266687,68889.57436843326,69830.9225896168,828358,68063.755859375,68721.844375,66868.12091796874,0.008728169048073386,54.52663513576425,184.11270001794037,-147.09781944705338,331.21051946499375,70076.01985290553,68063.755859375,66051.49186584447,0.7902519144805428,35547725,bull,hold
2023-09-27,69659.765625,69916.49694794226,68033.80057969902,68376.1090102887,1147397,68106.544140625,68644.82484375,66954.69396484375,0.012437730727864693,56.52399721787853,258.3793440217123,-66.00238675330024,324.38173077501256,70214.0877791906,68106.544140625,65999.00050205941,0.8684909427147448,36695122,bull,hold
2023-10-04,70087.65625,70857.85027472528,68461.69108669109,69574.19356684982,1734756,68179.284765625,68574.6515625,67041.3838671875,0.02119703075832402,58.487671346116976,347.7546922409383,16.749029045547466,331.00566319539087,70448.67635293942,68179.284765625,65909.89317831057,0.9204588346591498,38429878,bull,hold
2023-10-05,71456.890625,71456.890625,70002.07967814371,70857.85082335329,1483105,68341.88125,68560.959375,67135.324453125,0.047678785278975955,64.07880965828895,523.0417705638101,118.0075773492,405.0341932146101,71023.82008046772,68341.88125,65659.9424195323,1.0807383337033003,39912983,bull,hold
2023-10-06,72911.6953125,73082.84952684859,70686.69052596831,71456.88449053698,1594554,68564.381640625,68572.94015625,67247.056640625,0.06499997261241908,68.87545618809071,770.4671571921208,248.4994933177842,521.9676638743366,71906.31814521542,68564.381640625,65222.44513603456,1.1504183526382992,41507537,bull,hold
2023-10-10,71970.359375,74366.51878344234,70943.43391423901,74366.51878344234,2220163,68778.324609375,68583.20953125,67347.6098046875,0.06321117680949606,63.012232122514334,880.4463778303325,374.8888702202938,505.55750761003867,72405.0594520272,68778.324609375,65151.58976672281,0.940070049798663,39287374,bull,hold
2023-10-11,72312.65625,73425.15865384616,71799.193602071,71884.77071005917,1561647,69017.940234375,68581.49796875,67449.874453125,0.07097583089541071,64.20548227026188,983.8845905488124,496.68801428599755,487.19657626281486,72904.49910934456,69017.940234375,65131.38135940544,0.9238602992539008,40849021,bull,hold
2023-10-12,72312.65625,72398.23335798817,71285.73095414201,72398.23335798817,842777,69283.22890625,68614.0171875,67552.1391015625,0.07918251401645882,64.20548227026188,1053.7135652934958,608.0931244874972,445.62044080599856,73306.41022267252,69283.22890625,65260.04758982748,0.8764964968623158,41691798,bull,hold
2023-10-13,72055.9375,72911.70872921615,71884.78325415676,72911.70872921615,881827,69557.076171875,68632.844375,67659.99701171875,0.08226236433672351,62.453011510862545,1075.9357555886963,701.6616507077371,374.27410488095927,73552.2009444214,69557.076171875,65561.9513993286,0.8127388342532642,40809971,bull,hold
2023-10-16,71799.1953125,72911.69774284863,71799.1953125,72055.92664258045,957963,69826.644140625,68627.70953125,67766.5712109375,0.08118559050883833,60.66950998106559,1060.6040691466042,773.4501343955105,287.15393475109363,73659.68878248608,69826.644140625,65993.59949876391,0.7573086614140321,39852008,bull,hold
2023-10-17,70429.96875,72483.81960054678,70429.96875,72398.242481774,1050207,70023.471875,68620.8634375,67867.91736328125,0.059202174275483355,52.12091241396126,927.2793574709212,804.2159790105927,123.06337846032852,73543.1284157061,70023.471875,66503.8153342939,0.5577466679346001,38801801,bull,hold
2023-10-18,71799.1953125,72227.08086263409,70686.69288215137,71114.57843228546,1037347,70254.530078125,68631.13265625,67970.04181640624,0.06878981084310953,58.42902302611609,921.4814389789099,827.6690710042561,93.81236797465374,73599.04242924991,70254.530078125,66910.01772700009,0.73092532964566,39839148,bull,hold
2023-10-19,71970.359375,72398.24498365042,71285.74240115934,71285.74240115934,1082319,70464.19453125,68701.30609375,68076.25828125,0.06186884507055246,59.15350926130422,920.0918105139135,846.1536189061876,73.93819160772591,73684.62599183955,70464.19453125,67243.76307066045,0.7338451946861603,40921467,bull,hold
2023-10-20,69916.4921875,71542.45712209302,69659.76088203794,71456.88002027234,1257281,70532.655859375,68718.42140625,68168.16017578125,0.019974926060371212,48.28036997933283,744.6764363830443,825.858182401559,-81.18174601851467,73643.52443000072,70532.655859375,67421.78728874927,0.40096597495421377,39664186,bull,hold
2023-10-23,71029.0,71628.03975903614,70087.65180722892,70601.11445783133,816603,70686.69453125,68759.4984375,68264.00654296875,0.0453400124382386,53.28889631993257,687.5034595126199,798.1872378237712,-110.68377831115129,73566.97371165114,70686.69453125,67806.41535084887,0.5594222725142783,40480789,bull,hold
2023-10-24,70258.8125,71799.20059378806,69830.9269183922,71799.20059378806,892518,70802.223828125,68836.51796875,68354.71830078126,0.034005095561613796,49.700554038117055,573.4355607165635,753.2369024023296,-179.80134168576615,73405.95102709686,70802.223828125,68198.49662915315,0.3956474149174342,39588271,bull,hold
2023-10-25,70173.234375,71200.15975609756,69916.50302972562,70002.08014481708,609588,70827.897265625,68899.845,68451.848359375,0.007371094998570138,49.30328567226107,470.70450113884,696.7304221496317,-226.02592101079176,73395.93975404777,70827.897265625,68259.85477720223,0.3725365928374737,38978683,bull,hold
2023-10-26,69317.4609375,70258.80917245371,68975.15248842593,69745.3464988426,1097964,70879.24375,68935.78734375,68535.2860546875,0.01503765849676264,45.39561979541045,316.58622296666726,620.7015823130389,-304.11535934637163,73277.77136029096,70879.24375,68480.71613970902,0.1744288442211155,37880719,bull,hold
2023-10-27,68204.9609375,70601.12016742471,67178.03555324655,70002.08035994353,1115007,70857.849609375,68949.4796875,68609.31025390625,-0.0062343739399549625,40.86160547882218,103.48402527661528,517.2580709057542,-413.77404562913887,73342.2406777381,70857.849609375,68373.4585410119,-0.03391124804335299,36765712,bull,hold
2023-10-30,66835.7265625,68547.26885603393,66322.26387443981,68033.80616797374,1211921,70686.6953125,68911.825625,68678.19982421875,-0.048721090147944124,36.08462379197927,-173.88236493956356,379.0299837366906,-552.9123486762542,73722.93467664212,70686.6953125,67650.45594835788,-0.13416751582233644,35553791,bull,hold
2023-10-31,65808.796875,67948.22460175553,65808.796875,67691.49327454486,1040116,70515.541015625,68881.01796875,68745.80572265625,-0.049443779346153405,32.97131618436191,-471.13096636316914,208.99779371671866,-680.1287600798878,74181.2001724879,70515.541015625,66849.8818587621,-0.14200515367242666,34513675,bull,hold
2023-11-01,66236.6875,66664.57307816538,65723.22480620156,66236.6875,754912,70344.387109375,68870.74875,68813.83955078125,-0.049139960410252925,35.469595454704475,-664.5153083176992,34.29517330983509,-698.8104816275343,74447.45054948772,70344.387109375,66241.32366926229,-0.0005649643650356576,35268587,bull,hold
2023-11-02,67178.03125,68204.95656847135,66493.41437101911,66664.56859076433,1387393,70198.905859375,68872.46015625,68875.455078125,-0.041514086155506114,40.705534775463136,-733.361484398105,-119.23615823175292,-614.125326166352,74528.16100962798,70198.905859375,65869.65070912201,0.1511091972485766,36655980,bear,death_cross
2023-11-03,66407.8359375,67948.22388450387,66065.52750483247,67777.06966817011,1314264,69946.453125,68858.76765625,68934.07537109376,-0.07065875163806146,37.989524633195,-840.3834822172503,-263.4656230288524,-576.9178591883979,74533.98598265,69946.453125,65358.92026735,0.1143224149774611,35341716,bear,hold
2023-11-06,67605.921875,67777.07610759494,66664.57359572785,67349.1905261076,2083115,69681.164453125,68874.1715625,68997.4024609375,-0.07276985420184545,44.2239632996024,-819.0817990873329,-374.5888582405486,-444.49294084678434,74164.58172822409,69681.164453125,65197.747178025915,0.268564640452841,37424831,bear,hold
2023-11-07,66322.265625,67349.1910282258,66151.11139112903,67263.61391129032,1285076,69398.759765625,68851.9215625,69055.59490234376,-0.07847805400791086,39.62701985226415,-895.4581094660243,-478.76270848564377,-416.69540098038055,73980.28554008238,69398.759765625,64817.233991167624,0.16425004550046735,36139755,bear,hold
2023-11-08,65894.375,66664.56899350649,65894.375,66578.99188311688,1038502,69077.845703125,68822.82546875,69105.6575,-0.08875737087862823,38.20153999238665,-979.2261733300693,-578.8554014545289,-400.3707718755404,73696.98188348973,69077.845703125,64458.70952276027,0.15540410816881017,35101253,bear,hold
2023-11-09,66322.265625,66664.57409274192,65894.38004032258,66151.11139112903,837826,68778.326171875,68800.57546875,69160.854765625,-0.08284014079485569,40.506298090966844,-999.5634250944277,-662.9970061825087,-336.56641891191896,73295.34019807755,68778.326171875,64261.31214567244,0.22813228687937004,35939079,bear,hold
2023-11-10,65894.375,66664.56899350649,65894.375,65894.375,660121,68470.248046875,68781.7484375,69212.20103515625,-0.08551082275489097,38.94223851104356,-1038.239858242072,-738.0455765944214,-300.19428164765054,72890.503113859,68470.248046875,64049.992979891,0.2086284605932759,35278958,bear,hold
2023-11-13,65894.375,66493.41477272728,65894.375,66407.83766233767,518786,68175.00703125,68759.49828125,69264.83095703126,-0.08224075892215454,38.94223851104356,-1056.7101137481368,-801.7784840251645,-254.93162972297227,72452.93085469864,68175.00703125,63897.083207801355,0.23344172016935658,35797744,bear,hold
2023-11-14,66921.3046875,67178.03603540601,66151.11064378197,66493.41910765665,1037469,67999.573828125,68725.2675,69324.30705078125,-0.0498177711103982,44.86760111695547,-977.2185142016242,-836.8664900604565,-140.3520241411677,72179.87387081738,67999.573828125,63819.27378543261,0.37102969528348506,36835213,bear,hold
2023-11-15,69745.34375,70344.38351226994,68376.11000766871,68547.26422546012,2150765,67896.88125,68744.094375,69397.90333984375,-0.02860549555689007,57.175436375643066,-678.5229082697333,-805.1977737023119,126.6748654325786,71789.80344594047,67896.88125,64003.95905405954,0.7374132344498906,38985978,bear,hold
2023-11-16,72312.65625,72312.65625,69574.1887943787,69830.9201183432,2107692,67913.99609375,68817.690625,69484.33619140626,0.004756081225278708,64.85637159397498,-231.96982204652159,-690.5521833711539,458.5823613246323,71880.71268499948,67913.99609375,63947.27950250052,1.0544459825984769,41093670,bear,hold
2023-11-17,72911.6953125,72997.2724196743,71542.46159771127,71970.34713358275,1271006,68063.75625,68911.8253125,69551.94208984375,0.04283972252165569,66.37196844184373,168.32382966166188,-518.7769807645908,687.1008104262527,72517.80266565576,68063.75625,63609.709834344256,1.0442173935884147,42364676,bear,hold
2023-11-20,72227.078125,72654.96365891588,71628.03837751778,72398.23233856636,973922,68123.66015625,68987.133125,69617.4085546875,0.016867450266792483,63.02664127476614,425.4126548784843,-329.9390536359758,755.3517085144601,72763.9501545656,68123.66015625,63483.37015793441,0.9421510261470213,41390754,bear,hold
2023-11-21,71542.4609375,72398.23200134569,71542.4609375,72227.07778857656,916802,68187.842578125,69064.15234375,69681.5913671875,0.018270283709961754,59.78169998575334,567.3741792805085,-150.47640705267895,717.8505863331875,72977.58979332619,68187.842578125,63398.0953629238,0.8501874116371395,40473952,bear,hold
2023-11-22,71114.578125,71371.30945397112,70344.38413808664,71029.00101534296,730476,68234.909765625,69136.03703125,69751.33669921875,0.013414569791233122,57.779452179271274,637.9986913700704,7.21861263187094,630.7800787381996,73119.33574825792,68234.909765625,63350.48378299207,0.7947806323213784,39743476,bear,hold
2023-11-23,72312.65625,72398.23335798817,70772.26830621302,71114.57673816568,636051,68384.66953125,69242.1525,69815.51953125,0.04320982436446452,61.652327822838764,781.6338297152106,162.10165604853887,619.5321736666717,73567.24853213751,68384.66953125,63202.090530362475,0.8789606215435728,40379527,bear,hold
2023-11-24,72055.9375,72483.82311460808,71628.05188539192,72312.66886876484,594791,68577.218359375,69351.69140625,69877.56298828125,0.05646182491078422,60.37436160467449,864.7819856299029,302.6377219648117,562.1442636650912,73999.39574115913,68577.218359375,63155.040977590856,0.8207861801341841,39784736,bear,hold
2023-11-27,71970.359375,72740.55347057075,71799.20513153984,72055.9364967301,539991,68833.95,69462.941875,69933.6160546875,0.07682467262024084,59.92840512795853,913.244741852177,424.75912594228475,488.4856159098922,74386.65073684925,68833.95,63281.24926315075,0.7824219711847541,39244745,bear,hold
2023-11-28,72398.234375,72654.96570257093,71628.04039228724,72654.96570257093,774545,69163.421875,69581.03828125,69990.95271484375,0.10013004055546326,61.46117590529463,974.939268899805,534.7951545337888,440.1441143660162,74740.94757575444,69163.421875,63585.89617424555,0.7899863374508921,40019290,bear,hold
2023-11-29,73596.3203125,73767.47454578489,72055.93221293605,72055.93221293605,1346329,69531.403515625,69709.4040625,70057.275,0.11111112421646996,65.44670343630989,1107.7388247758645,649.383888582204,458.3549361936605,75257.14485472727,69531.403515625,63805.662176522725,0.8549686019795237,41365619,bear,hold
2023-11-30,73510.7421875,74280.93622671711,72483.81680187718,73425.16507203144,1896215,69848.0390625,69824.0775,70119.74630859375,0.09426758747860742,64.93017597742342,1192.333511575911,757.9738131809454,434.35969839496556,75716.80696156525,69848.0390625,63979.27116343475,0.8120504327308103,39469404,bear,hold
2023-12-01,73425.1640625,73681.89540537588,72227.08446241259,72569.39291958042,695821,70198.90546875,69921.63546875,70180.07818359375,0.10567018222976565,64.38295688723662,1238.1968087944551,854.0184123036473,384.1783964908078,76042.03586758868,70198.90546875,64355.77506991133,0.7760727874900083,38773583,bear,hold
2023-12-04,71970.359375,73596.32468787159,71884.78225326992,72911.70771403093,1026876,70417.12734375,70002.078125,70233.13603515625,0.0645570296056257,55.77704714805525,1143.9662909879553,912.007988040509,231.95830294744633,76182.07198492574,70417.12734375,64652.18270257427,0.6347135252744784,37746707,bear,hold
2023-12-05,71970.359375,72483.8221053805,71456.8966446195,71970.359375,572456,70699.53203125,70082.52078125,70279.77560546875,0.08516135112053469,55.77704714805525,1057.102309333437,941.0268522990947,116.07545703434232,76180.81879032183,70699.53203125,65218.24527217816,0.6159241798147773,38319163,bear,hold
2023-12-06,72312.65625,72911.69600591715,71970.34781804733,72141.50203402367,765813,71020.44609375,70135.57859375,70326.84296875,0.0974025666075442,57.333308199094944,1004.3054669051489,953.6825752203056,50.62289168484335,76073.67163029242,71020.44609375,65967.22055720758,0.627859932918626,39084976,bear,hold
2023-12-07,72826.125,72997.27923031728,71200.1598119859,71884.776733255,675617,71345.6390625,70226.29046875,70380.32865234376,0.09806449332979938,59.628431888034996,992.4558129581419,961.4372227678729,31.018590190269038,75966.20199082087,71345.6390625,66725.07613417914,0.660206230330252,39760593,bear,hold
2023-12-08,73938.625,74195.35633680556,72997.27676504629,73339.58521412036,834740,71747.8515625,70332.40609375,70422.6893359375,0.12207794671396455,64.13050987530596,1060.6082970400312,981.2714376223046,79.3368594177266,75760.8257005355,71747.8515625,67734.8774244645,0.7729613202257598,40595333,bear,hold
2023-12-11,74537.6640625,74537.6640625,73339.58450236797,73510.73872524397,780527,72180.016015625,70417.983125,70468.4730859375,0.13116884502660509,66.309167302634,1149.7040055424877,1014.9579512063412,134.74605433614647,75351.90349122154,72180.016015625,69008.12854002847,0.8716474914406589,41375860,bear,hold
2023-12-12,74794.3984375,75307.8611270023,73853.05017341247,73853.05017341247,1091566,72573.670703125,70529.2334375,70515.9683984375,0.11764704508922375,67.22788436935801,1226.886530659307,1057.3436670969345,169.54286356237253,74870.88732959604,72573.670703125,70276.45407665396,0.9833518329933172,42467426,bull,golden_cross
2023-12-13,74794.3984375,75222.28401208525,74452.08997783181,74794.3984375,601164,72826.1234375,70631.92609375,70562.180078125,0.07239271349207455,67.22788436935801,1273.375557110834,1100.5500450997145,172.8255120111196,74925.81731038983,72826.1234375,70726.42956461018,0.9687052301798269,43068590,bull,hold
2023-12-14,74623.2421875,75307.85908830275,73254.0083858945,75307.85908830275,1465254,72941.652734375,70722.6378125,70616.5215234375,0.03195271833898361,65.83973493455807,1281.6336911442486,1136.7667743086213,144.8669168356273,75166.18049007907,72941.652734375,70717.12497867094,0.8779654915100772,41603336,bull,hold
2023-12-15,76420.359375,76591.51359532474,74965.54850223963,75051.12561240201,1991815,73117.0859375,70821.9071875,70671.71875,0.048122102324761995,72.30584645338858,1416.858002667359,1192.7850199803688,224.07298268699014,75808.83573823252,73117.0859375,70425.33613676748,1.1135922136227268,43595151,bull,hold
2023-12-18,76505.9375,77019.40016778524,76163.62905480985,76933.8230564877,907576,73331.02890625,70893.79203125,70732.05060546874,0.05924176203825904,72.57209402969876,1513.4831911522342,1256.924654214742,256.55853693749214,76364.32263015851,73331.02890625,70297.73518234148,1.0233434152329657,44502727,bull,hold
2023-12-19,76420.359375,76848.24492581187,76163.62804451288,76762.66781564949,627320,73574.923828125,70982.79203125,70788.959375,0.06818186533674542,71.82842686644582,1565.1122696956154,1318.562177310917,246.55009238469847,76773.66254160236,73574.923828125,70376.18511464764,0.9447746130195356,43875407,bull,hold
2023-12-20,81298.2578125,81298.2578125,76505.93945723685,76591.51657072369,3016274,74084.1078125,71162.5040625,70873.25283203126,0.1432010138568196,82.70641612502787,1976.8464684723876,1450.2190355432112,526.6274329291764,78546.6377461123,74084.1078125,69621.5778788877,1.3083027013065134,46891681,bull,hold
2023-12-21,81640.5703125,84635.76943297955,80356.91354658018,80699.22201749214,2479053,74550.503515625,71349.06234375,70948.56072265626,0.12899421133489342,83.19676492590246,2304.209057616885,1621.017039957946,683.1920176589388,80012.78239681885,74550.503515625,69088.22463443114,1.1490026370939688,49370734,bull,hold
2023-12-22,81811.7265625,83523.26895920502,81640.5723228295,82154.03504184101,1331329,75038.29296875,71544.178125,71023.01283203125,0.13539188304225447,83.44945437954553,2548.0844159766566,1806.4305151616884,741.6539008149682,81217.71336872668,75038.29296875,68858.87256877332,1.0480638276184904,50702063,bull,hold
2023-12-26,82410.7578125,82667.48914524922,81298.2553705867,82239.60359066719,1043738,75560.312890625,71756.409375,71099.17646484375,0.14506525364282985,84.33723187484065,2757.902823056502,1996.724976740651,761.1778463158507,82348.79000641793,75560.312890625,68771.83577483209,1.0045641905411973,51745801,bull,hold
2023-12-27,83009.796875,83266.52820554124,81726.14022229382,82154.02577319588,1040291,76090.891015625,72008.0059375,71182.18626953124,0.14657211728445563,85.19261472710849,2938.647963810712,2185.1095741546633,753.5383896560488,83443.20923395768,76090.891015625,68738.57279729233,0.9705254624400652,52786092,bull,hold
2023-12-28,85577.1171875,86347.3112421875,83523.26637499999,83951.1519609375,2100873,76689.930859375,72283.564375,71272.47013671875,0.16279070508047022,88.17356903625229,3251.5690196573414,2398.401463255199,853.1675564021425,85019.05500566083,76689.930859375,68360.80671308917,1.0335006521716945,54886965,bull,hold
2024-01-02,83523.2578125,85063.64576396004,83352.10359567111,84721.33733030225,1341485,77190.556640625,72514.62234375,71355.90779296875,0.13620479574892053,75.14102019101622,3295.839537546781,2577.889078113515,717.9504594332657,85890.51225431742,77190.556640625,68490.60102693258,0.8639502000394278,53545480,bull,hold
2024-01-03,80271.3203125,82838.63332889126,80185.74321195362,82581.90202725213,1694613,77532.864453125,72721.71890625,71423.51365234375,0.09323991764148465,60.015493912553865,3033.5511736419576,2669.021497219204,364.5296764227537,86151.6296682317,77532.864453125,68914.0992380183,0.6588659042814577,51850867,bull,hold
2024-01-04,79501.1328125,79929.01834970398,78559.78463065124,79586.7099199408,1589156,77909.403125,72891.1615625,71483.84548828125,0.10463715205673862,57.08465629683793,2732.0447498003923,2681.626147735442,50.41860206495039,86173.93649752223,77909.403125,69644.86975247777,0.5962988238871512,50261711,bull,hold
2024-01-05,78388.640625,80185.76011531113,78046.33215065501,80014.60587813864,1110042,78230.3171875,73053.758125,71549.31201171875,0.0891795081438691,53.0543801470733,2375.9415395279357,2620.4892260939405,-244.5476865660048,86033.01249789697,78230.3171875,70427.62187710303,0.5101454325205445,49151669,bull,hold
2024-01-08,76078.0546875,78987.67657656074,75992.47757311586,78730.94523340833,1397056,78418.587109375,73171.85453125,71589.10537109376,0.052071084548218405,45.818863227107705,1885.546795274262,2473.5007399300052,-587.9539446557433,85812.02855652924,78418.587109375,71025.14566222076,0.3417156314414391,47754613,bull,hold
2024-01-09,76249.203125,76933.81998807519,75393.432046156,76848.2428801908,1384540,78589.741015625,73310.489375,71631.89388671875,0.04700343626686165,46.40194948795336,1493.4995428501861,2277.5005005140415,-784.0009576638554,85606.28722293905,78589.741015625,71573.19480831095,0.33321296393764077,49139153,bull,hold
2024-01-10,77447.2890625,77960.75175241713,75992.4781077348,76505.94079765193,1123770,78765.17421875,73495.3359375,71675.96611328125,0.04745373696765398,50.4240717310862,1264.8938837674796,2074.979177164729,-810.0852933972496,85476.60303080021,78765.17421875,72053.7454066998,0.40181783989992,50262923,bull,hold
2024-01-11,76762.671875,78559.79128344482,76762.671875,78217.48282469342,1472306,78876.424609375,73693.87484375,71726.02873046875,0.029850785377903977,48.19829078452658,1016.7588039019174,1863.335102512167,-846.5762986102495,85374.22460665609,78876.424609375,72378.6246120939,0.3373485845009492,48790617,bull,hold
2024-01-12,75564.5859375,76762.66544273782,75307.85461494903,76505.93412018687,923693,78914.933984375,73888.990625,71771.38458984374,0.010297395474657023,44.4966310472778,715.1901759001048,1633.7061171897544,-918.5159412896496,85324.03224083397,78914.933984375,72505.83572791604,0.2386256293154353,47866924,bull,hold
2024-01-15,77789.59375,76591.51419829483,75650.1659790979,75906.89731160615,150188,79064.69375,74120.04875,71822.73083984375,0.040045716993136304,51.88684404654537,648.2616441220453,1436.6172225762127,-788.3555784541675,85216.4694287251,79064.69375,72912.91807127491,0.3963632561888002,48017112,bull,hold
2024-01-16,76848.25,78046.32962138085,76505.94153674833,77190.55846325167,836055,79175.944140625,74313.453125,71871.50978515625,0.0298165524208851,48.9191578960792,513.3442144483706,1251.9626209506444,-738.6184065022737,85077.81363991697,79175.944140625,73274.07464133302,0.3028002702445182,47181057,bull,hold
2024-01-17,75222.2890625,76591.52299310296,74879.98057984926,76163.63738978954,961515,79116.040625,74489.7421875,71915.58205078125,-0.015677370824978554,44.21504894645914,272.08331339979486,1055.9867594404745,-783.9034460406797,85151.38138399478,79116.040625,73080.6998660052,0.17742073579715203,46219542,bull,hold
2024-01-18,74708.8203125,75735.74567762027,74366.5118574599,74879.97454002005,840897,79026.184765625,74631.80015625,71963.933125,-0.023489904786801685,42.814875998108626,39.0001053030428,852.5894286129882,-813.5893233099454,85264.39222348365,79026.184765625,72787.97730776636,0.15395792923765642,45378645,bull,hold
2024-01-19,74965.546875,75906.89506635275,74452.08422517123,75393.43241652398,831282,78953.444140625,74804.66578125,72009.716875,-0.01903697538061988,43.773599396861414,-123.57977759672212,657.3555873710461,-780.9353649677682,85343.5738979658,78953.444140625,72563.31438328419,0.18796429673092252,46209927,bull,hold
2024-01-22,74623.2421875,75564.5904261038,73510.73972369553,75051.12775050172,1060021,78619.693359375,74979.243125,72042.6640625,-0.08210527266641732,42.74459277923438,-276.85521901281027,470.51342609427485,-747.3686451070851,85180.0820322754,78619.693359375,72059.3046864746,0.19541048776702,45149906,bull,hold
2024-01-23,75222.2890625,75393.44330382536,74366.51785587316,74537.67209719852,917374,78298.779296875,75157.24359375,72079.034375,-0.07861632060423385,45.17359719928523,-346.0005552332441,307.21062982877106,-653.2111850620151,84864.60657723957,78298.779296875,71732.95201651043,0.26571952756239897,46067280,bull,hold
2024-01-24,75222.2890625,75479.02042448806,74280.94073521046,74879.98057984926,882524,77969.307421875,75343.801875,72108.558515625,-0.08054392416429457,45.17359719928523,-396.2312254317949,166.52225877665788,-562.7534842084527,84457.81108174482,77969.307421875,71480.80376200518,0.2883164976568642,46949804,bull,hold
2024-01-25,79586.7109375,79586.7109375,73681.8904485887,74537.66153393817,3397759,77828.105078125,75617.64859375,72159.048984375,-0.03426793964721497,59.64092409264224,-82.91127358812082,116.63555230370214,-199.54682589182295,84040.90073295035,77828.105078125,71615.30942329964,0.6415309594167266,50347563,bull,hold
2024-01-26,80784.7890625,81897.29145425053,79329.97824251854,80955.94327661546,2383070,77716.8546875,75894.91828125,72220.2366015625,-0.026804159222923007,62.56144748825842,259.0853627405595,145.1255143910736,113.9598483494859,83626.8236647529,77716.8546875,71806.88571024711,0.7595558781110601,52730633,bull,hold
2024-01-29,85491.5390625,85577.11617867868,80784.79767267268,81041.52902120871,3200604,77712.57578125,76209.8421875,72299.8233203125,-0.0010000117766586492,71.33680393628214,899.5461420551437,296.0096399238877,603.536502131256,83599.85513493532,77712.57578125,71825.29642756467,1.160658583865272,55931237,bull,hold
2024-01-30,83865.5703125,88657.88861607143,83694.41608737245,86432.88368941327,3463949,77729.69140625,76440.90046875,72372.5638671875,0.004098409340886233,65.61510149464681,1261.3735059961327,489.08241313833673,772.291092857796,83686.02833564823,77729.69140625,71773.35447685177,1.0150715094679772,52467288,bull,hold
2024-01-31,88058.8515625,88144.4286777211,84293.45849277212,85063.65252976191,3793928,78119.06796875,76743.84359375,72470.121796875,0.0970151134886379,71.87928486845803,1864.988622975594,764.2636551057883,1100.7249678698056,85529.72432254828,78119.06796875,70708.4116149517,1.1706412441224203,56261216,bull,hold
2024-02-01,90968.46875,91396.35430385702,86946.34454374413,87973.26987300094,3751067,78692.434765625,77118.67140625,72578.3768359375,0.1442411640164325,75.24874611227573,2548.7592324555153,1121.1627705757337,1427.5964618797816,87979.10419551362,78692.434765625,69405.76533573639,1.1609492281950557,60012283,bull,hold
2024-02-02,102264.6484375,102606.95688415272,93022.32037787657,94134.8228294979,8478816,79886.23515625,77733.11515625,72725.99734375,0.3045850472993834,83.50986329244758,3956.551004327761,1688.2404173261393,2268.3105870016216,93730.11412538045,79886.23515625,66042.35618711954,1.3082421599881846,68491099,bull,hold
2024-02-05,101237.7265625,103805.04000026415,97301.17929126162,102350.2290521978,6726216,81144.21875,78335.578125,72863.776484375,0.3307086646516719,80.86742008569934,4932.513171699713,2337.094968200854,2595.418203498859,97685.06768169257,81144.21875,64603.36981830743,1.1073904639199161,61764883,bull,hold
2024-02-06,95504.0546875,100980.9897233423,94905.01491795474,98927.13908490144,5169164,82106.961328125,78799.40609375,72970.7478515625,0.25252528253881334,67.94095818177323,5183.557988909088,2906.387572342501,2277.170416566587,99609.55920188993,82106.961328125,64604.36345436008,0.8827172816286954,56595719,bull,hold
2024-02-07,98156.9453125,99098.29352386661,94220.3982467851,95846.3633391456,4555156,83142.444140625,79321.42625,73096.5462109375,0.2674032429112825,70.30603609106285,5532.800240410332,3431.6701059560673,2101.1301344542644,101830.13853468871,83142.444140625,64454.74974656128,0.901721605010955,61150875,bull,hold
2024-02-08,96873.2890625,98156.9457196886,95247.32396339443,96445.4035101038,2788161,84147.975,79819.48484375,73219.349375,0.26198433035587976,67.70336524206948,5640.971303661616,3873.530345497177,1767.4409581644386,103506.49958610334,84147.975,64789.45041389667,0.8286746881432008,58362714,bull,hold
2024-02-13,100296.3828125,102692.54212883959,98499.26332524531,99526.1887465337,3370853,85384.56484375,80377.4478125,73366.969921875,0.3272934876590978,70.80693212692304,5934.503446623014,4285.724965722345,1648.778480900669,105535.37519470656,85384.56484375,65233.75449279345,0.8700054168799751,61733567,bull,hold
2024-02-14,100638.6796875,101665.60499043368,98156.94353874362,98927.13751594388,1530264,86527.019140625,80918.295,73504.7490625,0.29372933879732477,71.10593905131412,6124.154837015885,4653.410939981053,1470.7438970348321,107403.68643377091,86527.019140625,65650.35184747908,0.8379768511113852,63263831,bull,hold
2024-02-15,97729.0625,102435.80368870402,96787.7142622592,102093.49523861647,2518069,87571.059765625,81402.66140625,73633.542578125,0.2717148731428498,65.01053048177945,5970.844955990178,4916.897743182879,1053.9472128072994,108495.60503264735,87571.059765625,66646.51449860266,0.7427293545629469,60745762,bull,hold
2024-02-16,99098.296875,99183.87398801812,95418.4810152202,97130.02327558289,2159137,88764.86015625,81916.1240625,73772.605390625,0.3174060256616509,66.46730400721529,5891.913233465879,5111.900841239479,780.0123922264002,109458.16749559333,88764.86015625,68071.55281690667,0.7496806467254141,62904899,bull,hold
2024-02-19,100638.6796875,102093.4905333227,98670.40619021046,98927.13751594388,1750923,90061.353125,82489.49046875,73913.3797265625,0.34707895622682594,68.07752961376978,5885.807370565453,5266.682147104673,619.12522346078,110314.06798999448,90061.353125,69808.63826000551,0.7611335476011227,64655822,bull,hold
2024-02-20,99355.0234375,101580.02826900301,96702.13306147719,98927.1378929802,1952950,91280.826953125,83037.18375,74039.6059375,0.32534247503280156,65.2649611690538,5711.548918201137,5355.655501323967,355.89341687717024,110669.52938626432,91280.826953125,71892.12451998568,0.7082191036821145,62702872,bull,hold
2024-02-21,99954.0625,101494.4504494863,98413.67455051371,99440.59985017123,1845668,92547.36796875,83590.011875,74172.6783203125,0.33944947405063464,65.97149548808399,5557.719356027359,5396.068272264645,161.65108376271382,110687.24818856677,92547.36796875,74407.48774893323,0.7041550010666172,64548540,bull,hold
2024-02-22,102093.4921875,104318.49704657376,98670.40778892497,99954.0644383906,3154400,93890.928125,84175.35921875,74312.596875,0.3572239486447095,68.44050665408247,5544.528541862412,5425.7603261842,118.76821567821207,110624.98514993727,93890.928125,77156.87110006274,0.7450859361324169,67702940,bull,hold
2024-02-23,101323.3046875,103291.57834274705,100980.9962257179,102179.07584195523,2253030,95195.97890625,84723.0528125,74457.6501171875,0.34698512834824036,66.56797709625508,5409.568889261805,5422.522038799721,-12.953149537915124,109843.86140617017,95195.97890625,80548.09640632985,0.7091539777603825,65449910,bull,hold
2024-02-26,98071.375,99697.34020506109,96103.10133071554,99269.45462478185,2748769,96120.212109375,85193.72703125,74576.174453125,0.2322581728124955,59.20274142727964,4982.770566548948,5334.571744349566,-351.80117780061755,108929.0904721191,96120.212109375,83311.3337466309,0.5761644710554887,62701141,bull,hold
2024-02-27,96359.828125,99098.29570936946,95675.21122890765,95675.21122890765,2108829,96898.9640625,85625.035625,74687.852578125,0.19279667921705168,55.70908912862988,4455.0670522690925,5158.6708059334715,-703.6037536643789,107604.94321693767,96898.9640625,86192.98490806234,0.47482080201526783,60592312,bull,hold
2024-02-28,100724.2578125,100809.83492194136,95846.36257434155,96359.8252309898,1833765,97660.6,86143.6328125,74823.92015625,0.17817808542274416,61.88568722169725,4339.013766268981,4994.739398000574,-655.7256317315923,107105.08716864607,97660.6,88216.11283135394,0.6621929151786433,62426077,bull,hold
2024-02-29,106543.5,108597.35060240964,100553.10240963855,101237.71927710844,5862121,98794.496484375,86782.03796875,74983.9493359375,0.27040810195408516,68.24451539942837,4662.854428761566,4928.362404152773,-265.50797539120686,106654.27170990194,98794.496484375,90934.72125884808,0.9929532520508875,68288198,bull,hold
2024-03-04,107484.8515625,108597.35400701631,106115.61778463375,106543.50334021695,3032627,99765.796484375,87403.3278125,75146.545859375,0.22060246818245566,69.14139748569963,4938.531375258492,4930.396198373917,8.13517688457432,106840.82381540837,99765.796484375,92690.76915334162,1.0455141525932146,71320825,bull,hold
2024-03-05,105259.84375,106885.8088160569,104660.80398882114,106115.61483739837,2940381,100480.365234375,87978.4059375,75287.748125,0.15710251251206198,64.504066688578,4920.744526357099,4928.465863970554,-7.721337613455034,106690.9927195126,100480.365234375,94269.7377492374,0.8847822564678514,68380444,bull,hold
2024-03-06,108682.9375,109453.13154527558,104147.35034448818,104147.35034448818,2543361,100801.2796875,88623.6575,75445.6379296875,0.06276156189421211,68.0539864123565,5123.799407971601,4967.532572770764,156.2668352008368,107941.28350115569,100801.2796875,93661.27587384432,1.0519365268002976,70923805,bull,hold
2024-03-07,107912.734375,110565.62475218081,107399.2717213521,108682.92835547184,1849757,101135.030078125,89155.94703125,75602.6719140625,0.0659339955483802,66.44383835756418,5163.056408860779,5006.637339988767,156.41906887201185,108920.30833555304,101135.030078125,93349.75182069695,0.9352897913705461,69074048,bull,hold
2024-03-08,109881.0078125,111250.24155471183,107998.31141695872,108597.3511791764,2324865,101853.877734375,89720.75578125,75766.98,0.1505376203350004,68.49525133914732,5291.988334385242,5063.707538868062,228.28079551717929,110069.7427691762,101853.877734375,93638.0126995738,0.9885139936040365,71398913,bull,hold
2024-03-11,107998.3046875,112705.0453830725,107912.72758394414,110308.88648350832,1885521,102345.945703125,90244.48734375,75933.427421875,0.1002614674251352,64.43736665790632,5182.508672509692,5087.467765596389,95.04090691330293,110792.79419097333,102345.945703125,93899.09721527668,0.834583897918052,69513392,bull,hold
2024-03-12,107912.734375,109196.39100911975,107056.96328558684,107056.96328558684,1085368,102897.91796875,90754.526875,76096.0239453125,0.11395757715398358,64.25105267815519,5030.847958960367,5076.143804269184,-45.29584530881766,111284.71645987975,102897.91796875,94511.11947762025,0.798970841588354,68428024,bull,hold
2024-03-13,107741.5859375,108939.66552695591,106543.50634804409,107741.5859375,1396568,103270.178125,91249.16265625,76250.062734375,0.07423202030045783,63.8533797273208,4841.040995108779,5029.123242437103,-188.08224732832423,111821.35963865934,103270.178125,94718.99661134067,0.7614497075847083,67031456,bull,hold
2024-03-14,109966.59375,110907.9420233463,107399.28027723735,107741.58874027237,1913544,103736.573828125,91736.9521875,76420.3612109375,0.09268716651952058,66.73585417008297,4814.656777759432,4986.229949501569,-171.57317174213676,112671.6756804382,103736.573828125,94801.47197581179,0.8486261278746429,68945000,bull,hold
2024-03-15,106971.390625,111849.2860375,106971.390625,109624.2811125,2180445,104198.690234375,92205.91484375,76575.25578125,0.09457092791614574,59.82031725597128,4500.183916271941,4889.020742855643,-388.83682658370253,112792.67698616069,104198.690234375,95604.7034825893,0.6613163058489054,66764555,bull,hold
2024-03-18,109538.703125,109709.85734863281,106714.65843505859,107998.31511230468,1548673,104720.710546875,92791.2625,76743.4148046875,0.10535404319984676,63.32813349247665,4407.317755092023,4792.680145302919,-385.3623902108966,113280.32108203105,104720.710546875,96161.10001171894,0.7814376050368492,68313228,bull,hold
2024-03-19,106406.46875,110612.61175357443,105780.02191968041,110254.64213624895,3390443,105009.1,93329.36921875,76894.2011328125,0.05731185147112372,56.81145301854631,4034.46867291299,4641.037850824934,-606.5691779119443,113385.85471548274,105009.1,96632.34528451727,0.5834075246000244,64922785,bull,hold
2024-03-20,103542.7109375,107659.3615019987,103005.75651604365,106943.42227339024,2379123,105218.484375,93832.450625,77039.2263671875,0.042148724393732184,51.584859669150376,3467.925678494503,4406.415416358848,-938.4897378643454,113220.42134794517,105218.484375,97216.54740205483,0.3952895128288408,62543662,bull,hold
2024-03-21,103542.7109375,105601.03621974935,103363.72613034789,104974.58939471694,2960845,105397.916796875,94381.74375,77182.9679296875,0.035902977305199535,51.584859669150376,2984.53244151712,4122.038821390503,-1137.5063798733827,113073.92012739001,105397.916796875,97721.91346635998,0.37915548108220243,65504507,bull,hold
2024-03-22,101036.921875,104527.12555358725,100320.98265887954,103990.1711414969,2811721,105345.08828125,94877.498125,77321.8825,-0.010349046642067594,47.1801274299894,2371.9017757483234,3772.011412262067,-1400.1096365137437,113125.17020008226,105345.08828125,97565.00636241776,0.22312846759223842,62692786,bull,hold
2024-03-25,99784.03125,101573.8793441704,99336.5692264574,101215.90972533633,1550861,105268.124609375,95324.23296875,77453.2489453125,-0.015191701872016572,45.10623068495447,1764.9445743539836,3370.5980446804506,-1605.653470326467,113234.05854348204,105268.124609375,97302.19067526795,0.15577838049257287,61141925,bull,hold
2024-03-26,102379.3125,103274.23656031469,99515.55550699301,99515.55550699301,2021266,105483.521484375,95836.56578125,77604.8658203125,0.0439265534922908,50.00832498914103,1476.3259598786099,2991.7436277200823,-1515.4176678414724,112871.41200062966,105483.521484375,98095.63096812034,0.2899123587751338,63163191,bull,hold
2024-03-27,101663.375,102916.26870598592,101036.92814700704,102379.31426056339,1270063,105748.698828125,96358.5415625,77748.62421875,0.055038982304120854,48.71590186194244,1176.2642139519885,2628.6477449664635,-1452.383531014475,112118.15704015906,105748.698828125,99379.24061609093,0.17930366350418675,61893128,bull,hold
2024-03-28,100231.4921875,102289.81747349331,100052.50738002232,102200.32506975447,1350186,105724.060546875,96807.37953125,77880.944375,-0.004892223935939022,46.14713771946335,813.5441121410695,2265.6270184013847,-1452.0829062603152,112174.36922587702,105724.060546875,99273.75186787298,0.07423988271637237,60542942,bull,hold
2024-03-29,98620.625,101484.38180580763,98441.64019963703,100410.47300362977,1307187,105327.916796875,97242.82703125,78023.181328125,-0.07436281894249763,43.376109056721965,391.5883124357497,1890.8192772082577,-1499.230964772508,112464.8787333019,105327.916796875,98190.9548604481,0.030101753615840207,59235755,bull,hold
2024-04-01,97278.2421875,99784.0294747585,96830.78017191812,99247.07505606025,1112885,104817.586328125,97683.94609375,78161.2737109375,-0.09495858464357732,41.1581504807915,-50.55105200501566,1502.545211365603,-1553.0962633706188,112686.73213179386,104817.586328125,96948.44052445615,0.020955366139618743,58122870,bull,hold
2024-04-02,93698.546875,97278.2430306829,93072.10004775549,96830.78101122254,2520832,104239.521484375,98063.740625,78275.049296875,-0.10983577842333625,35.8881751967252,-681.9401966294827,1065.6481297665862,-1747.5883263960689,113473.93046230475,104239.521484375,95005.11250644525,-0.07074441009532627,55602038,bull,hold
2024-04-03,91103.265625,94324.99211075639,91103.265625,93340.57568455304,1671419,103360.537890625,98386.495,78381.411015625,-0.16175190217875735,32.62646208164551,-1375.8778860460297,577.342926604063,-1953.2208126500927,113978.7917471851,103360.537890625,92742.2840340649,-0.07717928160345737,53930619,bull,hold
2024-04-04,95488.3984375,95667.38325181583,91908.70215118321,92714.1338156045,2078100,102739.32109375,98803.798125,78506.7031640625,-0.11513317690871461,42.18738851885583,-1554.0705763462174,151.0602260140069,-1705.1308023602244,113668.79002297492,102739.32109375,91809.85216452507,0.16828568235088964,56008719,bull,hold
2024-04-05,93967.0234375,97099.25755208333,93340.57661458333,94235.50064732143,1944665,101943.621875,99178.6928125,78621.39328125,-0.14482925386119028,40.06319345802804,-1797.3332758538163,-238.61847435955775,-1558.7148014942586,112993.99044280042,101943.621875,90893.25330719957,0.1390799823300492,54064054,bull,hold
2024-04-08,97099.2578125,99336.56790034562,93967.02368951612,93967.02368951612,2070252,101398.66953125,99616.2321875,78754.7397265625,-0.10091868484914734,46.082471293296145,-1717.5764290195657,-534.4100652915594,-1183.1663637280062,112274.5368115366,101398.66953125,90522.80225096339,0.3023416612235133,56134306,bull,hold
2024-04-09,96651.7890625,100678.94694010417,96472.80426793982,99426.05337818287,1652638,100835.622265625,99957.53375,78888.8440625,-0.10435233040586178,45.381305186520585,-1671.210863220418,-761.7702248773312,-909.4406383430869,111467.47849510355,100835.622265625,90203.76603614645,0.3032406988572398,54481668,bull,hold
2024-04-11,99963.015625,100052.50802931961,93430.07010966876,93609.05491830797,2217580,100446.69375,100341.09828125,79036.509296875,-0.07219654551040566,51.287847799212194,-1351.695997700066,-879.7553794418782,-471.9406182581879,110597.80831666893,100446.69375,90295.57918333108,0.4761761074696094,56699248,bull,hold
2024-04-12,98262.6640625,99963.01981585838,96651.80071721312,99784.0349997154,1226958,99861.497265625,100596.52078125,79178.24015625,-0.10643168337202402,48.393733600142724,-1221.6004755949252,-948.1243986724876,-273.47607692243764,109054.0815147638,99861.497265625,90668.9130164862,0.41303679358311085,55472290,bull,hold
2024-04-15,102558.296875,102916.26649760034,95935.85885689354,97725.70696989528,2446762,99640.842578125,100970.3753125,79332.0356640625,-0.04125489744702471,55.26205116462642,-763.0808481553686,-911.1156885690639,148.0348404136953,108338.73198437408,99640.842578125,90942.95317187591,0.6677104732315249,57919052,bull,hold
2024-04-16,102647.78125,103095.24324324325,100410.47128378379,101573.87246621621,1988405,99296.296484375,101262.15390625,79488.4180078125,-0.06290855814804042,55.395229620899705,-388.0073910656065,-806.4940290683724,418.48663800276586,106872.12907457082,99296.296484375,91720.46389417916,0.7211958042712222,59907457,bull,hold
2024-04-17,101215.90625,102826.76947944297,99605.04302055703,102737.27707780724,1576611,99036.768359375,101467.10265625,79637.6409765625,-0.04878051645708803,52.69222358945204,-203.94833048456348,-685.9848893516106,482.0365588670471,105946.89791279823,99036.768359375,92126.63880595176,0.6576770647914605,58330846,bull,hold
2024-04-18,100410.4765625,102558.29424298128,99068.0905121992,102021.33982286096,1665994,98880.156640625,101430.01921875,79773.8512109375,-0.030250650641073795,51.17943802782847,-121.6691175736778,-573.121734996024,451.4526174223462,105511.0308413084,98880.156640625,92249.28243994161,0.6153935269739604,56664852,bull,hold
2024-04-19,98799.609375,101752.85856827446,96472.80698029892,99336.56377377718,2114673,98643.0015625,101381.256875,79899.011953125,-0.04580816476171856,48.19896405184941,-184.32102990760177,-495.36159397833956,311.0405640707378,104919.69954783474,98643.0015625,92366.30357716525,0.5124753343928539,54550179,bull,hold
2024-04-22,103005.7578125,103363.72743130973,99873.52364791486,99873.52364791486,1916502,98741.443359375,101531.2909375,80044.3476171875,0.01948630165055687,55.48809202366995,104.22644723713165,-375.4439857352453,479.67043297237694,105223.62910003995,98741.443359375,92259.25761871005,0.8289256605510013,56466681,bull,hold
2024-04-23,103721.6953125,105869.51298937661,102468.80166765531,103811.18771570318,1392773,98938.3265625,101642.5859375,80194.9744921875,0.03946186592356171,56.6073457399237,386.22046554439294,-223.11109547931767,609.3315610237106,105765.24856257986,98938.3265625,92111.40456242015,0.8503312876537952,57859454,bull,hold
2024-04-24,103990.171875,104527.1262908778,102200.32382207402,102737.2782379518,1178637,99018.86953125,101784.92359375,80336.246640625,0.015734227312768967,57.04355672776861,624.1715109071374,-53.65457420202665,677.8260851091641,106041.48063281225,99018.86953125,91996.25842968776,0.8539497112864531,59038091,bull,hold
2024-04-25,104348.140625,105601.03425171526,102200.3229792024,102737.2773906518,1708852,99153.1078125,101865.95875,80479.3086328125,0.026408385763309505,57.65479153862674,832.0432386311295,123.48498836460459,708.558250266525,106469.29064663281,99153.1078125,91836.9249783672,0.8550371095336197,60746943,bull,hold
2024-04-26,105780.0234375,108733.2728228109,102468.80442972716,104348.14494765228,2705868,99430.534375,101968.785625,80627.8184765625,0.05535716498783172,60.10044469071967,1099.6479990857624,318.71759050883617,780.9304085769263,107289.87842143684,99430.534375,91571.19032856317,0.9039452290791778,63452811,bull,hold
2024-04-29,105869.515625,108554.28778793322,105243.06878698226,106943.42449017329,1820652,99792.97890625,102131.5946875,80780.19890625,0.07350278529465815,60.25494736353902,1303.9172252358549,515.7575174542399,788.159707781615,108123.9290294807,99792.97890625,91462.02878301931,0.8646965009312496,65273463,bull,hold
2024-04-30,105601.0390625,106943.42515227754,104885.09981461865,105690.53146848516,1264927,100209.11875,102261.64953125,80927.3859765625,0.0855566125358036,59.51044331270691,1427.6808279148536,698.1421795463626,729.538648368491,108822.71108307046,100209.11875,91595.52641692953,0.812989058688012,64008536,bull,hold
2024-05-02,107032.9140625,107032.9140625,105153.57359819188,105869.51282269022,1246995,100875.837109375,102389.53421875,81086.4391015625,0.14231135521545402,62.19346763948983,1622.6003932284366,883.0338222827775,739.5665709456591,109434.53132420068,100875.837109375,92317.14289454932,0.8596972154034599,65255531,bull,hold
2024-05-03,101931.84375,108106.81935908692,101663.36654960492,107659.35735842845,1779155,101417.266015625,102441.070625,81221.6984765625,0.11886048266999216,49.58707182971933,1349.9009919131204,976.4072562088461,373.4937357042743,108711.17202971395,101417.266015625,94123.36000153606,0.5352744971885457,63476376,bull,hold
2024-05-07,103542.7109375,104348.14256968454,102021.34007670701,102021.34007670701,1204913,101819.981640625,102512.84359375,81360.7333203125,0.08434859764950176,52.83809885223424,1249.3663535103697,1030.999075669151,218.36727784121877,108633.61169480925,101819.981640625,95006.35158644075,0.6264178773411002,64681289,bull,hold
2024-05-08,103811.1875,104885.0963362069,102647.78626077587,102647.78626077587,792482,102312.18984375,102547.1975,81501.5384375,0.1047619015946335,53.377737846868285,1177.7790394795884,1060.3550684312384,117.42397104835004,108135.9058826091,102312.18984375,96488.4738048909,0.6286976945860547,65473771,bull,hold
2024-05-09,99963.015625,104169.15862802148,99515.55360340198,104169.15862802148,1762344,102455.377734375,102519.99171875,81626.953671875,0.029493096827062804,45.36523884334946,801.2934553873492,1008.5427458224606,-207.24929043511133,107886.9934463616,102455.377734375,97023.7620223884,0.27056899442694343,63711427,bull,hold
2024-05-10,102110.828125,102468.79772403593,100231.48773006134,101573.8737264461,1422408,102728.3296875,102600.78078125,81757.9733203125,0.05648151074544416,49.88678222157462,668.5300381596608,940.5402042899007,-272.0101661302399,107470.88730549911,102728.3296875,97985.77206950088,0.4348978323261239,65133835,bull,hold
2024-05-13,102289.8203125,103542.71399961723,101394.8962502734,101931.85068760936,935835,102844.669921875,102719.380625,81898.873515625,0.023276655600594776,50.25625168817985,571.1731189566635,866.6667872232533,-295.4936682665898,107421.43496730221,102844.669921875,98267.90487644779,0.4393840841874363,66069670,bull,hold
2024-05-14,101931.84375,103095.24495171203,100678.95014815628,102468.79815079017,788713,103028.12890625,102743.53234375,82040.9790234375,0.03734052727459347,49.470691534935,459.83070013429096,785.2995698054609,-325.46886967116995,107124.44972744983,103028.12890625,98931.80808505017,0.3661866093866039,65280957,bull,hold
2024-05-16,102647.78125,103363.72043918919,101484.38006756757,102826.76604729731,963262,103032.603125,102665.61796875,82186.236328125,0.000872522045769486,51.116417712954565,424.46819877620146,713.1332955996091,-288.6650968234077,107127.056523937,103032.603125,98938.14972606298,0.45300692943533066,66244219,bull,hold
2024-05-17,100857.9453125,103721.70241099157,100678.96049384428,103005.76313636868,1087425,102943.111328125,102533.07984375,82329.8185546875,-0.017436674380139072,46.99550566041534,249.14635570332757,620.3359076203528,-371.18955191702526,107144.14968244085,102943.111328125,98742.07297380915,0.25182730556567684,65156794,bull,hold
2024-05-20,102826.765625,104258.64399749783,101126.41005765884,101484.37965078329,850630,103023.654296875,102484.41828125,82482.3891015625,0.015915081281999477,51.61623117542516,266.0035536581563,549.4694368279136,-283.46588316975726,107150.25512119998,103023.654296875,98897.05347255002,0.4761439644568473,66007424,bull,hold
2024-05-21,102379.3125,102916.26693618881,101842.35806381119,102826.77453015734,695579,103122.09609375,102358.34578125,82637.0012109375,0.019607873649265084,50.537927584520645,240.48511412239168,487.6725722868092,-247.18745816441754,107085.34815610801,103122.09609375,99158.844031392,0.40629114902824603,65311845,bull,hold
2024-05-22,106406.46875,107122.40798465097,101484.3865117746,101663.37132043735,2260904,103502.4390625,102328.22046875,82807.0423828125,0.07699280820157606,58.8667468343971,539.0060932425549,497.9392764779584,41.066816764596524,107183.38544577497,103502.4390625,99821.49267922502,0.8944678059825828,67572749,bull,hold
2024-05-23,107838.34375,108196.31335580912,103990.17048755186,106495.95772821577,1760819,103744.068359375,102287.3671875,82992.800625,0.046915687434645026,61.358238041735326,880.9711783852108,574.5456568594088,306.42552152580197,107870.38667563567,103744.068359375,99617.75004311433,0.996117249909029,69333568,bull,hold
2024-05-24,107390.8828125,109270.22326171875,106316.973984375,106764.43599609374,1463021,103927.527734375,102275.21875,83174.1821484375,0.03537531361153734,60.13246514719534,1103.1580941991415,680.2681443273555,422.88994987178603,108349.24962731058,103927.527734375,99505.80584143943,0.8916296820542098,67870547,bull,hold
2024-05-27,109628.1953125,111328.55099489796,106137.99154336736,107838.34722576532,1644197,104209.42890625,102309.52796875,83362.0434375,0.05421688738313768,64.00451843900217,1443.139631156504,832.8424416931853,610.2971894633188,109282.14895817814,104209.42890625,99136.70885432187,1.0341085601787086,69514744,bull,hold
2024-05-28,109538.6953125,111686.51286764705,109180.72571997548,110075.64970128676,1096369,104468.956640625,102345.47015625,83555.875546875,0.04974266581475084,63.73783238661659,1685.9212953691895,1003.4582124283861,682.4630829408034,110049.22886007519,104468.956640625,98888.6844211748,0.9542554979848731,68418375,bull,hold
2024-05-29,109180.734375,110075.6584272541,106674.94702868852,108464.79513319672,1277990,104638.9921875,102329.75296875,83745.350546875,0.03214889567035595,62.61410966370964,1828.3667831954372,1168.4399265817963,659.9268566136409,110565.22035968676,104638.9921875,98712.76401531324,0.883189952828302,67140385,bull,hold
2024-05-30,105332.5546875,109359.7126831988,105332.5546875,108375.2962842502,1096042,104612.144140625,102296.97625,83929.7048828125,-0.005071912668439538,52.00028342914265,1612.1559876667598,1257.183138798789,354.9728488679707,110520.66893794708,104612.144140625,98703.61934330291,0.560963656038265,66044343,bull,hold
2024-05-31,105332.5546875,108106.81908453695,105332.5546875,106674.94068606627,2011874,104598.719921875,102212.85328125,84111.0640234375,-0.002542440655731615,52.00028342914265,1424.3879172363959,1290.6240944863105,133.7638227500854,110499.41141354624,104598.719921875,98698.02843020376,0.5621820990523565,68056217,bull,hold
2024-06-03,108017.328125,109896.66854805303,107211.89651512014,107480.37371841342,906152,104647.940625,102245.07046875,84306.274921875,0.00919730226092108,57.789759422034415,1475.2138010332856,1327.5420357957055,147.67176523758008,110644.67186425536,104647.940625,98651.20938574465,0.7809353434037165,68962369,bull,hold
2024-06-04,106495.9609375,108912.25584952731,105690.52930015756,108017.33180803571,820199,104876.146484375,102304.13546875,84506.715546875,0.04477616630475212,53.82772966239889,1376.860472229906,1337.4057230825456,39.45474914736042,110788.85087974723,104876.146484375,98963.44208900277,0.636977459450941,68142170,bull,hold
2024-06-05,106943.421875,107569.86869769874,105869.51303608787,106495.9598587866,1068743,105046.18203125,102372.1496875,84706.3982421875,0.0328435570858554,54.809079380125965,1319.8071928571153,1333.8860170374596,-14.078824180344327,110991.22537464563,105046.18203125,99101.13868785439,0.6595648453814594,69210913,bull,hold
2024-06-07,108375.3046875,109449.21356962222,106943.42617800372,107838.3502464389,976721,105274.387890625,102518.91734375,84910.673046875,0.04396556187645961,57.89320321514249,1374.2910622333293,1341.9670260766336,32.32403615669568,111360.9959716064,105274.387890625,99187.7798096436,0.7547327473379071,70187634,bull,hold
2024-06-10,108643.7734375,110075.65183535832,107390.87983937397,108285.80383803543,970865,105708.42578125,102696.1121875,85116.2901953125,0.08683969524353774,58.46555101825521,1422.7327284143248,1358.1201665441718,64.61256187015306,111446.16567543856,105708.42578125,99970.68588706144,0.7557930221987799,71158499,bull,hold
2024-06-11,109180.734375,110254.64323770492,108554.28753842213,109807.18121157786,1214447,106061.92109375,102832.140625,85318.60171875,0.06923757626708604,59.6470060964673,1487.306613132605,1383.9574558618585,103.34915727074645,111740.35987252711,106061.92109375,100383.48231497289,0.7746189051915475,72372946,bull,hold
2024-06-12,109628.1953125,110970.58137755103,108643.77886479592,110970.58137755103,970708,106428.83984375,102991.43703125,85529.996796875,0.07174100978553821,60.65147012745177,1556.6442145428446,1418.4948075980558,138.14940694478878,112032.77265810422,106428.83984375,100824.90702939578,0.7854562656921041,73343654,bull,hold
2024-06-13,108912.25,112223.46877567789,108822.75760065735,110165.14359079703,2186257,106777.86015625,103165.0521875,85740.8073046875,0.06848111437207272,58.15704559546268,1536.1165643424029,1442.0191589469252,94.09740539547761,112079.33850677055,106777.86015625,101476.38180572944,0.7013013826172114,71157397,bull,hold
2024-06-14,109807.1796875,111507.53536318256,108106.82401181743,108643.77843571719,1278973,107135.830078125,103388.78328125,85954.3808984375,0.0697472302890132,60.35208891803438,1573.918448067503,1468.3990167710408,105.51943129646224,112236.51119453303,107135.830078125,102035.14896171697,0.7618620482646641,72436370,bull,hold
2024-06-17,115534.6875,115803.1646979086,110791.59033694811,110970.57513555384,2654199,107869.6671875,103753.9121875,86196.59203125,0.14551894887433336,70.88055863892002,2042.494126079284,1583.2180386326895,459.2760874465944,113354.98158244595,107869.6671875,102384.35279255405,1.1986855958121911,75090569,bull,hold
2024-06-18,117235.046875,119830.32653864504,115534.69123330152,116250.63045085878,2632809,108590.08125,104224.6421875,86448.5886328125,0.14012189494071725,73.15931672368575,2521.9767398938857,1770.969778884929,751.0069610089568,114951.57356155744,108590.08125,102228.58893844257,1.1794762299165238,77723378,bull,hold
2024-06-19,118398.453125,120814.7480867347,117056.0670351474,118308.96071900983,1606458,109391.03828125,104770.5459375,86703.4070703125,0.15646853093489965,74.62262948380884,2961.706616929325,2009.1171464938084,952.5894704355164,116421.58291455057,109391.03828125,102360.49364794944,1.1405915411649528,79329836,bull,hold
2024-06-20,116877.078125,117772.0021535222,115176.72247080781,117593.01734781776,1110575,109914.56875,105198.31953125,86951.0465625,0.09840200034831059,69.3018189781154,3151.1094366359466,2237.515604522236,913.5938321137105,117514.49300521874,109914.56875,102314.64449478127,0.9580643925641075,78219261,bull,hold
2024-06-21,114460.7890625,116787.5916548573,113207.89535892298,116698.09924745894,1680099,110245.691015625,105608.19484375,87186.1766796875,0.06141085890425679,61.76872822286634,3070.839476301975,2404.180378878184,666.6590974237911,118029.76209968659,110245.691015625,102461.6199315634,0.7707515130164794,76539162,bull,hold
2024-06-24,114818.75,115355.70440374123,112849.91718628215,114371.28799688231,712382,110617.084375,105962.5846875,87426.091796875,0.06916664611528289,62.4204342763674,3001.509873034025,2523.646277709352,477.86359532467304,118528.63404947976,110617.084375,102705.53470052025,0.7655399888692657,77251544,bull,hold
2024-06-25,115445.1953125,116877.07370397287,114460.7789183624,115624.1801114341,1100760,110907.934375,106338.4528125,87668.283359375,0.05306116718804299,63.59015986970207,2962.9594125188596,2611.5089046712537,351.4505078476059,119076.21412603298,110907.934375,102739.65462396701,0.777736627282275,78352304,bull,hold
2024-06-26,117056.0703125,117145.56272099579,114192.31324063455,114371.29805762615,1219468,111283.803125,106680.31390625,87910.3994921875,0.0686275747447409,66.47954541567324,3027.492990035258,2694.705721744055,332.78726829120296,119847.71793082156,111283.803125,102719.88831917846,0.8370110118082994,79571772,bull,hold
2024-06-27,117682.5078125,118398.4470235266,114729.2585670152,115534.69017942014,901065,111708.891796875,107068.71078125,88154.79203125,0.0778688061237911,67.55774304643757,3093.5243628468597,2774.469449964616,319.05491288224357,120648.79895453974,111708.891796875,102768.98463921026,0.8340983250873832,80472837,bull,hold
2024-06-28,115713.6796875,118398.45183802204,115087.23285237819,118398.45183802204,1026360,112227.948046875,107331.8184375,88390.1962109375,0.09855571272147201,60.92492316300373,2952.9469912565546,2810.164958223004,142.78203303355076,120825.6449854923,112227.948046875,103630.2511082577,0.7027131024454082,79446477,bull,hold
2024-07-01,115087.234375,116250.6356556182,114281.8027191874,114639.772343993,659327,112715.68203125,107580.6075,88624.607578125,0.09260840313272678,58.941990739364634,2759.1833619050885,2799.968638959421,-40.785277054332255,120783.80874290927,112715.68203125,104647.55531959074,0.6469704448445796,78787150,bull,hold
2024-07-02,110612.609375,114818.75228812703,110523.11697259304,114550.27508090614,1369592,112845.44609375,107768.5415625,88835.3621875,0.02402652699386043,47.13988270494871,2218.9804231037415,2683.7709957882853,-464.7905726845438,120687.44780387108,112845.44609375,105003.44438362891,0.3576360474476662,77417558,bull,hold
2024-07-03,110702.1015625,112312.96480269806,109628.19273570129,111686.51798706548,1035953,113055.753125,107974.3740625,89050.4151953125,0.039495776064863986,47.36687291247564,1777.5959541214543,2502.5359874549195,-724.9400333334652,120416.16530354062,113055.753125,105695.34094645939,0.34011414677549534,78453511,bull,hold
2024-07-04,112402.4609375,113297.38498955016,111060.07485942476,111060.07485942476,793881,113328.705078125,108246.43109375,89274.82578125,0.051046048151337065,51.61799107310707,1547.1656114245416,2311.461912248844,-764.2963008243023,120147.12834436877,113328.705078125,106510.28181188123,0.4320778349731827,79247392,bull,hold
2024-07-05,113028.90625,114729.26192596991,112133.98221001583,113386.87586599367,805600,113561.38515625,108446.8940625,89504.9358984375,0.04293968608363907,53.12028895889946,1398.9703466457722,2128.96359912823,-729.9932524824576,119994.50854571872,113561.38515625,107128.26176678129,0.4586142784761679,80052992,bull,hold
2024-07-08,111149.5625,114102.81174516908,111149.5625,112939.4105273752,999050,113686.674609375,108595.45140625,89727.78875,0.023064267589541387,48.27720476633413,1117.0011039085948,1926.571100084303,-809.5699961757082,119822.55950542989,113686.674609375,107550.7897133201,0.2932562171263798,79053942,bull,hold
2024-07-09,109628.1953125,112223.47503826531,107927.83963010204,111865.50542091837,1662846,113709.04765625,108708.211875,89943.890546875,0.004098350684866414,44.72252554503472,761.9930485856457,1693.6554897845717,-931.662441198926,119781.99032074217,113709.04765625,107636.10499175782,0.16401359528632728,77391096,bull,hold
2024-07-10,109180.734375,109986.16602202869,108106.82551229508,108822.76475409836,1118813,113686.674609375,108804.86375,90157.3271484375,-0.004081622763418613,43.70328166038569,439.474263234777,1442.8192444746128,-1003.3449812398358,119822.55950542989,113686.674609375,107550.7897133201,0.13282066802849246,76272283,bull,hold
2024-07-11,109449.203125,110254.63470973018,108554.27914196649,110075.64991312347,998099,113713.522265625,108878.24734375,90368.6830078125,0.004930144451152252,44.52025807994511,203.19666202556982,1194.8947279848041,-991.6980659592343,119769.7923320196,113713.522265625,107657.2521992304,0.14794179471230076,77270382,bull,hold
2024-07-12,108554.2890625,110523.12200510099,107390.88777823579,109896.67515972795,863955,113650.877734375,108931.9428125,90572.5691015625,-0.011409915349484434,42.31580275775513,-55.625904158558114,944.7906015561317,-1000.4165057146898,119890.61689152221,113650.877734375,107411.13857722779,0.09160242571701174,76406427,bull,hold
2024-07-15,107390.8828125,108822.76125,106227.48158203125,108554.28404296875,669497,113243.6875,108967.7396875,90766.7871875,-0.07048796221913878,39.572511110061214,-350.5805397255026,685.7163732998049,-1036.2969130253075,119981.55724043891,113243.6875,106505.81775956109,0.06567840334067186,75736930,bull,hold
2024-07-16,109986.1640625,109986.1640625,107927.83877898699,108196.31598988,891422,112881.243359375,109026.8046875,90976.976875,-0.061832046011198405,47.71543890275118,-370.64415118422767,474.4442684029984,-845.0884195872261,119500.11996163322,112881.243359375,106262.36675711679,0.281301309055432,76628352,bull,hold
2024-07-17,108285.8125,110075.66064049586,107480.38083677685,110075.66064049586,944338,112375.611328125,109153.8840625,91178.6648046875,-0.08541193198126928,43.57259612260095,-517.7802204047766,275.9993706414434,-793.77959104622,118772.68477689008,112375.611328125,105978.53787935992,0.18033829368376916,75684014,bull,hold
2024-07-18,107301.390625,108017.32984518349,106048.4969896789,107390.88302752293,864546,111896.826953125,109229.05765625,91366.8729296875,-0.08192955927387924,41.334985411990445,-705.6865185644128,79.66219280027215,-785.348711364685,118307.95113551687,111896.826953125,105485.70277073313,0.14160448328653902,74819468,bull,hold
2024-07-19,104079.6640625,105959.00451418744,102647.78562311908,105869.51211172614,1498610,111377.770703125,109234.4271875,91545.81859375,-0.09069590630142788,35.000177532244464,-1101.8683694750507,-156.64391965479243,-945.2244498202583,118514.41294660649,111377.770703125,104241.12845964351,-0.01131235051686903,73320858,bull,hold
2024-07-22,103721.6953125,105153.57376375108,101842.35484523296,104437.63453812554,968117,110822.91796875,109309.60078125,91721.2628515625,-0.09664845408524303,34.36989540681172,-1428.2662627016543,-410.9683882641648,-1017.2978744374896,118507.6591262096,110822.91796875,103138.1768112904,0.03796604786377099,72352741,bull,hold
2024-07-23,107838.34375,107927.83615145228,104885.09450207469,104885.09450207469,1194748,110442.575390625,109424.15109375,91909.1605078125,-0.06589145214669978,46.33776500171515,-1339.320961666046,-596.6389029445411,-742.682058721505,117924.89133123799,110442.575390625,102960.25945001202,0.32597422634283657,73547489,bull,hold
2024-07-24,105959.0078125,106853.93186497044,105511.54578626477,106316.97743348817,689203,109887.722265625,109497.53484375,92092.7961328125,-0.09480125610209367,42.525295208810455,-1404.290091633433,-758.1691406823195,-646.1209509511134,116960.65775967919,109887.722265625,102814.7867715708,0.22227129340938886,72858286,bull,hold
2024-07-25,102916.265625,106406.46941576086,102468.80360054347,105869.51498641304,1138700,109149.41015625,109517.22328125,92259.0786328125,-0.125475250842093,37.190166812289355,-1681.9143982559035,-942.9181921970363,-738.9962060588672,115888.43847001465,109149.41015625,102410.38184248535,0.0375338816637234,71719586,bull,hold
2024-07-26,100320.984375,106048.49820194024,98441.64390053523,106048.49820194024,1582067,108379.775390625,109470.68734375,92410.2452734375,-0.13302398950642658,33.34724573877109,-2087.290186655213,-1171.7925910886718,-915.4975955665411,115451.93527167378,108379.775390625,101307.61550957622,-0.06975458354809622,70137519,bull,hold
2024-07-29,101752.859375,103900.6769871372,99247.07216083993,100320.98096690852,1192545,107713.056640625,109488.585625,92561.7251171875,-0.11586319779439047,37.20273442257745,-2266.881870595942,-1390.810446990126,-876.0714236058161,114642.89010088397,107713.056640625,100783.22318036603,0.06996100268459687,71330064,bull,hold
2024-07-30,99873.5234375,103184.74240451389,99873.5234375,100947.43229166667,765612,107176.10234375,109429.52078125,92696.5342578125,-0.09708735738339058,34.390905230977936,-2531.6727305711975,-1618.9829037063405,-912.689826864857,114757.62508498678,107176.10234375,99594.57960251321,0.018396293495868396,70564452,bull,hold
2024-07-31,100320.984375,101126.41600691347,98889.10591826495,98889.10591826495,882651,106657.046484375,109388.35421875,92838.2873828125,-0.09377524943949733,35.63822408014411,-2674.584096157836,-1830.10314219664,-844.4809539611961,114614.04375157671,106657.046484375,98700.04921717328,0.10185595793202822,71447103,bull,hold
2024-08-01,100320.984375,102468.8020601026,100320.984375,101394.89321755129,615829,106052.97265625,109266.64453125,92978.3290234375,-0.10748409297922534,35.63822408014411,-2756.0720994390285,-2015.2969336451179,-740.7751657939107,114007.93110454433,106052.97265625,98098.01420795567,0.1397222990851053,72062932,bull,hold
2024-08-02,95846.359375,98441.63894724556,95488.38977882819,97546.71495681605,1332881,105193.8453125,109026.80484375,93095.9975390625,-0.15201904933057775,29.19998680553175,-3145.45789005034,-2241.3291249261624,-904.1287651241778,113645.54489167873,105193.8453125,96742.14573332126,-0.05299445099350687,70730051,bull,hold
2024-08-05,86181.1875,93430.07242990655,85017.78621495327,92982.61039719627,2493835,103945.4265625,108602.6109375,93166.6237890625,-0.22463763633797484,20.560019959717295,-4185.697415286544,-2630.202782998239,-1555.4946322883052,115364.67111942369,103945.4265625,92526.18200557631,-0.2778202390686706,68236216,bull,hold
2024-08-06,91908.6953125,94146.00532497566,87344.58288704966,90297.83210351753,1867054,103059.4515625,108248.2209375,93267.1712890625,-0.1616326890129841,33.17799625797413,-4496.104426764636,-3003.3831117515188,-1492.721315013117,115297.79896531881,103059.4515625,90821.1041596812,0.04443374244174097,70103270,bull,hold
2024-08-07,90924.28125,92266.66729207677,89402.91040231299,89850.37241633858,1475882,102146.62890625,107875.93265625,93369.6428515625,-0.16721313727653697,32.23042174380747,-4766.591903116234,-3356.024870024462,-1410.567033091772,115123.63231202838,102146.62890625,89169.62550047162,0.06760635312567875,68627388,bull,hold
2024-08-08,90924.28125,91371.74326402559,88865.95598548229,89581.89520792323,1074481,101220.3828125,107510.80359375,93465.26828125,-0.16925588625659538,32.23042174380747,-4924.192154923148,-3669.6583270041992,-1254.533827918949,114617.90457692767,101220.3828125,87822.86104807233,0.11574604081489098,69701869,bull,hold
2024-08-09,91192.7578125,93877.5298776374,90834.78820381501,92624.63624723995,1080152,100352.30625,107228.00765625,93561.3802734375,-0.15993408827912936,32.837144530581455,-4970.135052009209,-3929.753672005201,-1040.381380004008,113984.35592003251,100352.30625,86720.25657996748,0.1640436082904125,70782021,bull,hold
2024-08-12,91371.7421875,92177.1738032566,90655.80297349412,91550.72699100147,639297,99551.34921875,106948.79140625,93668.6565234375,-0.14916667230465697,33.2660835560164,-4935.212527765994,-4130.84544315736,-804.3670846086343,113316.82936705928,99551.34921875,85785.8690704407,0.20289423459541894,71421318,bull,hold
2024-08-13,91998.1875,92356.15710116731,90476.8166950389,91461.23309824902,727338,98651.950390625,106628.40859375,93773.5024609375,-0.16354763088453805,34.834766208951535,-4801.636992073822,-4265.003752940653,-536.6332391331689,111914.14285381208,98651.950390625,85389.75792743792,0.24914544072956335,72148656,bull,hold
2024-08-14,91550.7265625,92982.60498380987,91013.7721545088,92893.112582478,713158,97815.19609375,106329.50390625,93879.96203125,-0.15454550832778768,34.21607307944903,-4677.959174314179,-4347.594837215358,-330.3643370988211,110645.17403839968,97815.19609375,84985.21814910031,0.2558659275068206,71435498,bull,hold
2024-08-16,94772.4609375,95756.87743449009,92356.16589943343,92803.62794351984,1467142,97188.749609375,106086.0846875,94002.9581640625,-0.11676390785359403,42.17891213012415,-4270.74607151885,-4332.225084076057,61.47901255720717,109308.67796635495,97188.749609375,85068.82125239504,0.4003175348605326,72902640,bull,hold
2024-08-19,92356.1640625,95398.9059017684,91819.20962027616,95130.42868065649,806135,96602.574609375,105765.701875,94118.1516796875,-0.11263967947629061,38.42245451762544,-4095.7880229297007,-4284.9376718467865,189.14964891708587,108463.94447416477,96602.574609375,84741.20474458524,0.3209983081515573,72096505,bull,hold
2024-08-20,92535.140625,93877.5266108559,91819.20143254352,93161.58741839942,895891,96043.246875,105443.52921875,94239.802578125,-0.10785163753635496,38.856826344364386,-3897.7596491298755,-4207.502067303405,309.7424181735296,107559.02444049231,96043.246875,84527.46930950768,0.347682615001516,72992396,bull,hold
2024-08-21,92177.1796875,92982.61135467234,91550.73283525486,92535.14931735437,566956,95260.188671875,105103.458125,94366.50984375,-0.14522815835160674,38.27528332450631,-3726.745588897771,-4111.350771622278,384.60518272450736,105522.9780286482,95260.188671875,84997.39931510181,0.34979673277907186,72425440,bull,hold
2024-08-22,91640.21875,92624.63516235352,91282.24914550781,92266.66555786133,458855,94544.24921875,104743.69859375,94495.666953125,-0.13513517498991534,37.37173878598601,-3593.1246696116723,-4007.7055512201573,414.580881608485,103654.81772053018,94544.24921875,85433.68071696983,0.340622982628221,71966585,bull,hold
2024-08-23,93072.1015625,93340.57877854568,91192.76105018028,91282.25345552884,680599,94052.041015625,104426.895625,94629.8440234375,-0.09565216929236009,41.34790170751538,-3333.264355560037,-3872.817312088134,539.5529565280967,102325.41365124295,94052.041015625,85778.66838000705,0.44077751019540495,72647184,bull,hold
2024-08-26,91998.1875,94235.49750729572,91729.7102991245,93430.06590466926,538340,93635.901171875,104070.71578125,94753.9448046875,-0.08296167473685634,39.331040604096806,-3177.352532094388,-3733.724356089385,556.3718239949967,101429.47146883683,93635.901171875,85842.33087491317,0.3949317444077313,72108844,bull,hold
2024-08-27,91103.265625,92356.1592583497,89760.87958926817,92266.66685596757,657152,93103.421484375,103582.08734375,94877.421953125,-0.10466137084906857,37.681543792564646,-3090.3800275888934,-3605.055490389287,514.6754628003937,100010.76873000331,93103.421484375,86196.07423874667,0.3552153389536845,71451692,bull,hold
2024-08-28,93609.0546875,94235.50151619264,90924.28256453155,91103.26737272945,827919,92790.198046875,103109.5675,95007.4376171875,-0.06272401868269173,44.677712040412956,-2787.129165482431,-3441.470225407916,654.3410599254853,98971.0788239626,92790.198046875,86609.3172697874,0.5662410965489326,72279611,bull,hold
2024-08-29,95398.8984375,96562.29963795732,92803.61883647983,94414.48203711303,1623481,92544.09375,102649.57640625,95152.82078125,-0.049063373611858085,49.075419280507745,-2374.997744567314,-3228.175729239796,853.1779846724821,97833.66205775863,92544.09375,87254.52544224137,0.7698523321187318,73903092,bull,hold
2024-08-30,94951.4375,99068.08794769086,94951.4375,95398.89950518378,3386834,92275.61640625,102211.06359375,95298.10609375,-0.05352366614474824,48.04712300790163,-2060.7321449094015,-2994.6870123737176,933.9548674643161,96368.81415049675,92275.61640625,88182.41866200326,0.8268619378957486,70516258,bull,hold
2024-09-02,94951.4375,95935.85391140434,93519.55908341188,95488.39190622054,1014420,92230.8703125,101820.8765625,95441.251953125,-0.00933704608955055,48.04712300790163,-1791.0285309904139,-2753.9553160970568,962.9267851066429,96184.12486505024,92230.8703125,88277.61575994977,0.8440920830338342,71530678,bull,hold
2024-09-03,91461.2421875,95398.90819165851,91103.27255075831,94593.47650898973,1021486,92494.873046875,101353.72640625,95569.0862890625,0.06126690569795179,40.39109017239369,-1837.7318381081277,-2570.710620499271,732.9787823911433,95349.372100302,92494.873046875,89640.373993448,0.318947065662176,70509192,bull,hold
2024-09-04,89671.390625,90655.80708894711,88239.51213198603,88686.9741610529,1394527,92383.0078125,100838.2503125,95687.9713671875,-0.024342687924063244,37.12412438593943,-1996.1601168971101,-2455.800519778839,459.64040288172873,95485.23270013156,92383.0078125,89280.78292486844,0.06295605803578165,69114665,bull,hold
2024-09-05,90118.8515625,92266.66927600546,89223.92751520606,90118.8515625,1103725,92342.736328125,100299.5059375,95803.9591015625,-0.008858246404889747,38.464140674104996,-2061.841683704479,-2377.008752563967,315.16706885948815,95539.14308441867,92342.736328125,89146.32957183133,0.15212738315513039,70218390,bull,hold
2024-09-06,89492.40625,90924.28475,88150.02015625,89760.88346875,1130536,92271.142578125,99735.70390625,95902.6944140625,-0.015747993608692945,37.266684822299176,-2139.7776748361357,-2329.5625370184007,189.784862182265,95650.341720029,92271.142578125,88891.943436221,0.08884691143722738,69087854,bull,hold
2024-09-09,90208.34375,90745.29817708333,87971.03363715278,88239.51085069445,665413,92221.921875,99225.5971875,95992.1728515625,-0.010794871063380285,39.58167312619931,-2119.341882419787,-2287.518406098678,168.17652367889104,95690.02527465472,92221.921875,88753.81847534528,0.20970039053615447,69753267,bull,hold
2024-09-10,89671.390625,90566.31468313374,89223.92859593313,90208.34505988024,709669,92136.904296875,98717.2803125,96075.971328125,-0.018609162108464417,38.43606668338164,-2122.012757222692,-2254.417276323481,132.404519100789,95763.92925785521,92136.904296875,88509.87933589479,0.1601190096016476,69043598,bull,hold
2024-09-11,86091.6953125,89939.86880359927,85733.725685421,89939.86880359927,1788449,91841.5796875,98226.86203125,96145.2944140625,-0.06420226689248631,31.82332918914763,-2385.482581416174,-2280.6303373420196,-104.85224407415444,96326.16500065553,91841.5796875,87356.99437434446,-0.14107202489076354,67255149,bull,hold
2024-09-12,88686.96875,89671.38515388496,87344.58274470232,87523.56754540867,1965672,91698.391796875,97786.559375,96231.016953125,-0.03128055800349072,39.89682298601948,-2357.689461978982,-2296.042162269412,-61.64729970956978,96389.1155436137,91698.391796875,87007.6680501363,0.17900230225999333,69220821,bull,hold
2024-09-13,89939.859375,91282.24533582089,89044.9354011194,89760.87458022387,1051359,91456.76171875,97337.30734375,96325.143359375,-0.05099162261584589,43.382530191829716,-2209.100279092512,-2278.6537856340324,69.55350654152016,95984.21750860463,91456.76171875,86929.30592889537,0.3324773985480812,70272180,bull,hold
2024-09-19,92624.6328125,93519.55680102657,90387.32284118357,90834.78483544686,1700541,91470.18515625,96929.221875,96426.7032421875,0.0029068850219713394,50.06555222097953,-1853.3393598328403,-2193.590900473794,340.25154064095386,96009.80351438603,91470.18515625,86930.56679811396,0.6271525010666338,71972721,bull,hold
2024-09-20,94503.9765625,95130.42337683476,91819.20450106534,92266.66651130446,1898045,91568.626953125,96596.31015625,96538.9434375,0.021276629874900532,54.14578519828607,-1403.5694588763145,-2035.5866121542983,632.0171532779839,96278.5445444721,91568.626953125,86858.7093617779,0.8116136909452223,73870766,bull,hold
2024-09-23,92356.1640625,95130.42868065649,91998.19443435078,95130.42868065649,758934,91577.576171875,96250.86953125,96640.8724609375,0.0019417428001897719,49.19803989226442,-1206.5260098775907,-1869.774491698957,663.2484818213663,96292.7621721131,91577.576171875,86862.3901716369,0.5825617367571166,73111832,bear,death_cross
2024-09-24,92893.1171875,93519.56402787812,91282.25388367052,92714.13237596338,1004487,91640.22109375,95925.1171875,96743.346875,0.013671927616388357,50.41785136679228,-995.5637876150286,-1694.9323508821715,699.3685632671429,96390.23438700866,91640.22109375,86890.20780049135,0.6318834302556728,74116319,bear,hold
2024-09-25,91998.1875,94235.49750729572,91819.20269941633,93788.03550583657,873655,91586.525390625,95576.096875,96835.3562109375,-0.011538517391044834,48.33475670301336,-890.3249413965968,-1534.0108689850565,643.6859275884597,96294.6741803555,91586.525390625,86878.3766008945,0.5437180437322758,73242664,bear,hold
2024-09-26,93877.53125,93877.53125,91013.77433865586,91103.26674213537,954693,91680.492578125,95282.56171875,96937.19015625,0.020428051911348888,52.74975676013592,-647.8075411810714,-1356.7702034242595,708.9626622431881,96491.64567566963,91680.492578125,86869.33948058038,0.7283276615117752,74197357,bear,hold
2024-09-27,93788.0390625,95130.42511778387,93072.09983301527,93967.02386987119,1180495,91814.73125,95010.50484375,97039.00453125,0.029469563127968224,52.51960343376372,-457.5575868392043,-1176.9276801072485,719.3700932680442,96703.16927145261,91814.73125,86926.29322854738,0.7018341854637677,73016862,bear,hold
2024-09-30,89402.9140625,94682.96604416917,89402.9140625,94593.4736377002,1408649,91604.42421875,94598.83984375,97126.1673046875,-0.04493305310091611,42.690579694775735,-653.0975646415754,-1072.161657014114,419.06409237253865,96527.77299874951,91604.42421875,86681.0754387505,0.27642147097181413,71608213,bear,hold
2024-10-02,88329.0,89760.87841945289,87792.04559270517,87881.53799392097,947817,91250.929296875,94199.70359375,97207.9605078125,-0.07410880579645063,40.68255345051905,-884.5240529238654,-1034.6341361960644,150.11008327219906,96047.34487661373,91250.929296875,86454.51371713626,0.19540490723760912,70660396,bear,hold
2024-10-04,87702.5546875,89492.40274234694,87523.5698820153,88955.44832589287,953289,90888.48515625,93807.726875,97284.91,-0.07634305496954696,39.514945515282946,-1105.7339014023019,-1048.854089237312,-56.879812164989744,95606.49105648788,90888.48515625,86170.47925601211,0.16236472186381104,69707107,bear,hold
2024-10-07,89850.3671875,90297.82917548556,88239.504030752,88865.95081393178,747649,90633.431640625,93523.1409375,97370.0312109375,-0.053722939291993344,45.31044786290983,-1095.1100345247105,-1058.1052782947918,-37.00475622991871,94982.3846094717,90633.431640625,86284.4786717783,0.40997092188230067,70454756,bear,hold
2024-10-08,89134.4296875,90297.8308782003,89044.93728821537,89223.92208678465,953986,90517.091015625,93231.395625,97446.010234375,-0.025440420929664587,43.80377831389456,-1131.4184290277335,-1072.7679084413803,-58.650520586353196,94895.62943294307,90517.091015625,86138.55259830694,0.34210926154532767,69500770,bear,hold
2024-10-10,90208.34375,92087.68424479167,90029.35894097222,91192.76019965278,1347031,90543.938671875,92878.795625,97524.3636328125,0.005988009344535472,46.668500757201144,-1061.3031612847699,-1070.4749590100582,9.171797725288343,94907.96647082533,90543.938671875,86179.91087292468,0.4615498643299519,70847801,bear,hold
2024-10-11,90476.8203125,91461.23675506923,90118.85069702027,90655.80512023986,586806,90561.837109375,92569.151875,97602.7757421875,0.003972184995630235,47.39054001321208,-972.857990274948,-1050.9515652630362,78.09357498808822,94921.67866366032,90561.837109375,86201.99555508968,0.49025001300890864,71434607,bear,hold
2024-10-14,90476.8203125,91729.71396667903,89939.86588928041,90745.29752410979,512895,90611.0578125,92320.36296875,97681.1878515625,0.010999973112243877,47.39054001321208,-892.4766398795036,-1019.2565801863298,126.77994030682612,94943.63634803309,90611.0578125,86278.47927696691,0.48450835929469355,71947502,bear,hold
2024-10-15,89223.921875,90208.3382647944,88776.45987963892,90208.3382647944,742330,90561.83671875,92098.42171875,97754.19125,-0.01091275855510876,44.155076443642514,-919.2754385453882,-999.2603518581416,79.9849133127534,94933.7858722599,90561.83671875,86189.88756524009,0.3469887461207221,71205172,bear,hold
2024-10-16,87523.5703125,88955.44876342024,87255.09310295245,88418.49434432515,1442581,90454.445703125,91813.8359375,97809.7073046875,-0.02395212450180506,40.14893375807619,-1065.4361554369389,-1012.495512573901,-52.94064286303785,95010.25976669508,90454.445703125,85898.63163955494,0.17833680767819943,69762591,bear,hold
2024-10-17,85196.765625,88060.5224527311,83854.37961200105,87792.04525013131,2337274,90409.69921875,91520.30078125,97853.1614453125,-0.010395075671951193,35.41387751577808,-1353.4218641931511,-1080.6807828977512,-272.7410812953999,95149.88429498594,90409.69921875,85669.51414251406,-0.04986604002912251,67425317,bear,hold
2024-10-18,85107.2734375,86539.15185495531,84122.85702549947,84122.85702549947,954041,90230.714453125,91216.0265625,97896.596015625,-0.040363261513546744,35.24172311160142,-1570.7670599230332,-1178.6980383028076,-392.0690216202256,95462.42508648458,90230.714453125,84999.0038197654,0.010347439424900597,66471276,bear,hold
2024-10-21,85017.78125,86270.67486842105,84480.82684210526,85286.25845394736,887808,89984.610546875,90909.9625,97915.1936328125,-0.0547263266721113,35.058188149039594,-1730.2902560370712,-1289.0164818496605,-441.2737741874107,95689.56828565591,89984.610546875,84279.65280809409,0.06469184135127691,65583468,bear,hold
2024-10-22,82780.4765625,84212.35507601351,82154.02971283784,83764.89304054054,2094323,89492.402734375,90648.64484375,97920.8931640625,-0.10628011092823997,30.747068464642723,-2014.0288576245657,-1434.0189570046416,-580.0099006199241,95861.34569682165,89492.402734375,83123.45977192836,-0.026926227118903665,63489145,bear,hold
2024-10-23,83227.9296875,83943.86886760753,81527.57413474462,82333.00571236559,2096814,88928.600390625,90589.5796875,97927.9741796875,-0.11931822644037215,32.533938902899806,-2177.6850186105003,-1582.7521693258134,-594.9328492846869,95418.39947778342,88928.600390625,82438.80130346658,0.06079759738594191,65585959,bear,hold
2024-10-24,81348.59375,82511.99498074807,80543.16212871287,80543.16212871287,2432361,88378.221875,90378.37765625,97922.663359375,-0.11918609249568735,29.13382149866659,-2431.0072705953644,-1752.4031895797236,-678.6040810156408,95452.6467801968,88378.221875,81303.79696980321,0.0031661075491721284,63153598,bear,hold
2024-10-25,82959.4609375,83675.40019046656,80453.67355211705,80632.65836535869,2070730,87881.5390625,90219.08125,97922.4116796875,-0.10693640767753998,35.36885925699099,-2473.273108098103,-1896.5771732833996,-576.6959348147034,95012.90993753698,87881.5390625,80750.16818746302,0.15489958303602647,65224328,bear,hold
2024-10-28,85465.25,86628.65130890052,83675.40183246073,83854.38664921466,1990596,87554.8921875,90109.900625,97921.85234375,-0.07101158922288553,43.67119128784993,-2278.3099147387256,-1972.923721574465,-305.3861931642607,94498.08954380883,87554.8921875,80611.69483119115,0.349518738971083,67214924,bear,hold
2024-10-29,83854.3828125,85733.72330242797,83227.93598252401,85017.7840681697,1032980,87053.734765625,89963.133125,97923.50796875,-0.10676834279768088,40.10460731040716,-2228.0995541040174,-2023.9588880803753,-204.1406660236421,93530.38169645389,87053.734765625,80577.08783479613,0.25300861793962626,66181944,bear,hold
2024-10-30,84212.3515625,84480.82877258236,82422.50349528427,83227.93512553135,1288804,86574.950390625,89819.9453125,97943.213125,-0.10209923990007719,41.2527996712788,-2134.8135928762204,-2046.1298290395443,-88.68376383667601,92369.30439987032,86574.950390625,80780.59638137968,0.2961292299059306,67470748,bear,hold
2024-10-31,82243.515625,84570.31802570728,82243.515625,83675.39402543525,1497645,86216.98046875,89624.851875,97956.9250390625,-0.08008014629696514,37.046349469034396,-2194.4560787475784,-2075.795078981151,-118.66099976642727,92151.18287888676,86216.98046875,80282.77805861324,0.16520649540344637,65973103,bear,hold
2024-11-01,84391.3359375,85196.76756362672,81080.11703009014,81438.08664170202,1273159,86020.097265625,89481.6640625,97986.938515625,-0.04457951592908327,43.7810481429294,-2044.8403823077824,-2069.6041396464775,24.763757338695086,91922.14577039029,86020.097265625,80118.0487608597,0.3620172871495432,67246262,bear,hold
2024-11-04,87165.6015625,87255.09396656828,84480.82944045175,85017.7838648614,1455797,85993.249609375,89329.526875,98042.37625,-0.006122434254204556,51.06331479852688,-1683.0081442731025,-1992.2849405718025,309.2767962987,91869.2683967484,85993.249609375,80117.23082200158,0.5997573353274666,68702059,bear,hold
2024-11-05,86807.6328125,86986.61762242268,86002.20116784795,86628.64800257732,853795,85841.112890625,89218.55625,98095.1683984375,-0.033864462330470135,50.16044123056378,-1408.8976797812793,-1875.6074884136979,466.70980863241857,91461.8056649018,85841.112890625,80220.42011634819,0.5859787183439648,67848264,bear,hold
2024-11-06,85017.78125,86628.64447368421,83943.87243421053,86270.67486842105,1201388,85635.28046875,89068.2090625,98133.020859375,-0.04618471730769724,45.79991236638798,-1320.8631364639587,-1764.65861802375,443.79548155979137,91056.4525940752,85635.28046875,80214.1083434248,0.44304744394064405,66646876,bear,hold
2024-11-07,85017.78125,85107.27365131579,82869.96361842105,84122.8572368421,1538830,85375.75234375,88925.02109375,98174.29640625,-0.057539716219432324,45.79991236638798,-1236.8376323097764,-1659.0944208809553,422.25678857117896,90377.08889750313,85375.75234375,80374.41578999688,0.4642124570199764,68185706,bear,hold
2024-11-08,83227.9296875,85286.25483030913,82780.4676999328,84301.83845766129,954617,85013.3078125,88756.7753125,98212.613125,-0.08011875969958815,41.605264822754556,-1299.6908504817548,-1587.2137068011152,287.52285631936047,89508.45549852255,85013.3078125,80518.16012647745,0.3014105153261648,67231089,bear,hold
2024-11-11,84659.8203125,85196.77477536998,82422.51005054175,82422.51005054175,952667,84722.4578125,88588.5296875,98246.9642578125,-0.06429271033076234,45.87595975890973,-1219.8986399272544,-1513.750693426343,293.8520534990887,88453.80807000118,84722.4578125,80991.10755499882,0.491606590687369,68183756,bear,hold
2024-11-12,82243.515625,85107.27242587051,82243.515625,84749.3028257617,1029314,84373.4375,88393.43625,98273.9405859375,-0.07823469427604113,40.49398224363826,-1336.2350467300857,-1478.2475640870916,142.0125173570059,87631.06073828303,84373.4375,81115.81426171697,0.17308652363945592,67154442,bear,hold
2024-11-13,81259.1015625,82154.02558851872,80185.19273127754,81885.54838071311,930142,84060.2140625,88196.55296875,98304.1246484375,-0.07157464815058301,38.51172295903709,-1490.682811498933,-1480.73461356946,-9.948197929473054,87250.01402400975,84060.2140625,80870.41410099025,0.06092662019560933,66224300,bear,hold
2024-11-14,82780.4765625,84033.37026182433,80901.13601351352,81975.04489864864,1308730,83939.399609375,87979.98140625,98344.4829296875,-0.028361276919073197,43.143949696888136,-1473.3378088363534,-1479.2552526228387,5.917443786485364,87130.89377184014,83939.399609375,80747.90544690986,0.3184356624390878,67533030,bear,hold
2024-11-15,81975.046875,82690.98614901747,80095.70628070415,80990.63037322598,1000774,83782.78828125,87711.504375,98379.5304296875,-0.036803277040712734,41.367186653446325,-1507.2090461082844,-1484.846011319928,-22.363034788356345,87036.4749646887,83782.78828125,80529.1015978113,0.22220106265126513,66532256,bear,hold
2024-11-18,86539.1484375,86628.64083505687,81527.57417431488,81527.57417431488,1258964,83858.856640625,87543.25859375,98439.1099609375,0.01789469408789124,53.14311978370761,-1152.4822948699584,-1418.373268029934,265.8909731599756,87290.7357451994,83858.856640625,80426.9775360506,0.8904991573424598,67791220,bear,hold
2024-11-19,85286.2578125,86986.61342471144,85017.78061057188,85733.71981571353,791662,83984.145703125,87349.955,98489.4298046875,0.030270195993714832,50.164638809788386,-961.374465040848,-1326.9735074321168,365.59904239126877,87432.32187237745,83984.145703125,80535.96953387256,0.6888117145791439,66999558,bear,hold
2024-11-20,87792.046875,88776.4633027523,85017.78239678899,85286.2596043578,1315123,84212.3515625,87276.57109375,98552.27859375,0.05483876872387805,55.532557946155706,-600.7982689919154,-1181.7384597440764,580.940190752161,88015.93631529358,84212.3515625,80408.76680970642,0.9705686273811638,68314681,bear,hold
2024-11-21,87344.5859375,88507.98718461834,86628.6467085041,87792.04795562243,877875,84512.151171875,87230.035,98591.06796875,0.07370738584525327,54.40560114130648,-347.143736970771,-1014.8195151894154,667.6757782186444,88310.7949328525,84512.151171875,80713.5074108975,0.8728218469341456,67436806,bear,hold
2024-11-22,87523.5703125,88418.49434432515,86897.1234902224,88150.0171347776,625998,84740.356640625,87178.129375,98624.761875,0.055016140695978155,54.800727237569035,-130.17754394028452,-837.8911209395892,707.7135769993047,88684.07863060647,84740.356640625,80796.63465064354,0.8528663631647215,68062804,bear,hold
2024-11-25,86986.6171875,87971.03363715278,86181.185546875,87344.58680555556,1490846,84816.425,87128.01359375,98632.237265625,0.01780100318550515,53.30819361222077,-1.5401486150949495,-670.6209264746904,669.0807778595954,88870.29238380371,84816.425,80762.5576161963,0.7676693613819855,66571958,bear,hold
2024-11-26,87076.109375,87255.0941835817,85644.23090634635,86360.17014067317,824826,84977.511328125,87065.36890625,98648.2899609375,0.038420491027926884,53.535333839729724,106.4006649429939,-515.2166081911536,621.6172731341475,89120.71965089251,84977.511328125,80834.30300535748,0.7532576065923251,67396784,bear,hold
2024-11-27,84391.3359375,86986.61562168611,84122.85872879109,85554.7371752386,1316143,84986.460546875,86959.7678125,98629.9523828125,0.002125393385638441,46.26414935623697,-24.41282560201944,-417.0558516733268,392.64302607130736,89123.788341009,84986.460546875,80849.13275274099,0.42807862478061626,66080641,bear,hold
2024-11-28,85017.78125,85733.72046052631,84033.36483552631,84480.82684210526,667018,85125.173828125,86938.28953125,98600.1989453125,0.03373233262120778,48.03758005399059,-76.65097331561265,-348.974876001784,272.3239026861714,89066.7423746473,85125.173828125,81183.6052816027,0.4863769236970706,66747659,bear,hold
2024-11-29,83138.4375,84570.31586383207,82422.49831808396,83406.91469321852,1137504,85062.52890625,86827.31890625,98504.567890625,-0.014846292259526384,43.409097859815326,-266.6239412015857,-332.50468904174437,65.88074784015868,89087.69793369989,85062.52890625,81037.3598788001,0.26099247098338857,65610155,bear,hold
2024-12-02,84301.84375,85733.72220010616,83675.39692807855,84033.3665406051,856300,84919.341015625,86714.55859375,98419.8884765625,-0.03285421956787171,46.824773899564455,-319.6173754005431,-329.92722631350415,10.309850912961053,88837.39156064737,84919.341015625,81001.29047060263,0.42119840485346816,66466455,bear,hold
2024-12-03,87702.5546875,87702.5546875,85017.7826052296,85823.21422991072,1269834,84964.087109375,86616.11703125,98380.8809765625,0.010309253299568555,55.314927245349885,-86.21230033817119,-281.18424111843757,194.97194078026638,88986.42942553357,84964.087109375,80941.74479321644,0.8404070766334352,67736289,bear,hold
2024-12-04,87792.046875,89223.92531536697,86181.18362958715,86539.1532396789,1718985,85102.800390625,86481.8784375,98329.056484375,0.03263159287634321,55.51621068872699,104.77637799088552,-203.99211729657296,308.76849528745845,89310.07586126278,85102.800390625,80895.5249199872,0.819594771383883,69455274,bear,hold
2024-12-05,84122.859375,88060.52513297871,83943.87456781915,86986.61628989362,1047065,85058.054296875,86317.21234375,98265.3043359375,-0.010526290639935931,46.306305110101526,-39.48136836658523,-171.0899675105754,131.60859914399018,89286.97487571934,85058.054296875,80829.13371803064,0.389428649174282,68408209,bear,hold
2024-12-06,84838.796875,86091.69049973629,83406.91844672996,84212.35006263186,974415,85138.59765625,86156.1259375,98188.01640625,0.01935488715805378,48.115007086616465,-94.94206573079282,-155.8603871546189,60.918321423826086,89285.59221586266,85138.59765625,80991.60309663734,0.4638532463763345,69382624,bear,hold
2024-12-09,82333.0078125,84480.8254076087,82333.0078125,83406.91661005435,1163885,85022.25703125,85962.82234375,98096.488046875,-0.027484259846184078,42.69416973652458,-337.20422317304474,-192.12915435830408,-145.07506881474066,89343.35002245587,85022.25703125,80701.16404004414,0.18882303340577625,68218739,bear,hold
2024-12-10,85733.71875,85912.70354906053,83227.9315631524,83227.9315631524,1426079,85196.7671875,85799.94609375,98036.511328125,0.042437426202863726,50.7962079826664,-251.88618942354515,-204.0805613713523,-47.805628052192844,89332.82621210282,85196.7671875,81060.70816289716,0.5649110130326981,69644818,bear,hold
2024-12-11,86360.171875,87255.09593588083,85375.75540803108,86360.171875,891106,85451.820703125,85651.38875,97972.820703125,0.06277537179729387,52.138615220307635,-132.19760954091907,-189.7039710052657,57.50636146434661,89195.67367168369,85451.820703125,81707.96773456632,0.6213123457976895,70535924,bear,hold
2024-12-12,86986.6171875,88507.98806423611,86628.64756944445,86628.64756944445,1672208,85662.127734375,85603.0628125,97904.560390625,0.0508107805084248,53.50468893752823,13.054865262180101,-149.15220375177654,162.20706901395664,89251.47628345356,85662.127734375,82072.77918529643,0.6845027635258516,72208132,bear,hold
2024-12-13,87792.046875,88239.50888761468,86002.19882454128,87255.09245986238,784619,85952.977734375,85592.32375,97846.7455078125,0.07096061816067123,55.27233086889116,190.9586896490946,-81.13002507160232,272.0887147206969,89229.17158901463,85952.977734375,82676.78387973538,0.7806715997621102,72992751,bear,hold
2024-12-16,85286.2578125,87881.53743113851,85286.2578125,87792.0450304958,977937,85890.333203125,85543.9978125,97773.406484375,-0.01447773230522209,49.02742647446142,128.2738554547832,-39.24924896632521,167.5231044211084,89167.21170197128,85890.333203125,82613.45470427873,0.40782761844272125,72014814,bear,hold
2024-12-17,85644.2265625,86986.61255877743,85375.74936324451,85375.74936324451,1015342,85908.231640625,85459.875,97691.16015625,0.0041972617767680465,49.89830133589808,106.25590723470668,-10.148217726118833,116.40412496082551,89175.61339979264,85908.231640625,82640.84988145737,0.4595999032888862,73030156,bear,hold
2024-12-18,91103.265625,91640.22003929273,86360.16829874754,86360.16829874754,2225773,86073.792578125,85499.25171875,97640.0599609375,0.03771661406544702,60.87613636494554,523.2733840453438,96.53610262817371,426.73728141717015,89979.43791741879,86073.792578125,82168.1472388312,1.1438722170027364,75255929,bear,hold
2024-12-19,90029.359375,91103.26823434394,88507.98849092942,89492.40494532803,1674120,86208.03125,85495.67203125,97599.8498828125,0.030737720130943336,58.175659766586094,758.3655139221228,228.90198488696353,529.4635290351592,90449.2933282854,86208.03125,81966.7691717146,0.9504942225292559,73581809,bear,hold
2024-12-20,90566.3125,90566.3125,88597.47961956522,89581.89605978261,1253819,86360.168359375,85497.461875,97570.8823046875,0.03476483165204525,59.15138022573745,976.746030048671,378.47079391930504,598.2752361293659,90980.61376023556,86360.168359375,81739.72295851445,0.9551665235392246,74835628,bear,hold
2024-12-23,90297.8359375,91908.6992148786,89044.94227731664,90566.31315039643,778490,86525.729296875,85493.8821875,97518.7501953125,0.03806584112660283,58.417552096994655,1115.2939333666436,525.8354218087728,589.4585115578708,91451.31876114638,86525.729296875,81600.13983260361,0.8829091591967451,74057138,bear,hold
2024-12-24,90029.359375,90834.79101950795,89044.94292060139,90029.359375,588138,86673.391796875,85509.9909375,97436.1794921875,0.03391573212442922,57.64736958890079,1189.7160243323888,658.6115423134961,531.1044820188927,91827.87681612816,86673.391796875,81518.90677762184,0.8255385907214497,73469000,bear,hold
2024-12-26,92087.6875,92177.17990767736,89134.43804664724,90208.3469387755,912601,87058.209375,85601.27328125,97359.193671875,0.09119836150241656,61.80503318196488,1398.6630283729755,806.621839525392,592.0411888475835,92607.78065061067,87058.209375,81508.63809938934,0.9531411414701182,74381601,bear,hold
2024-12-27,90297.8359375,91103.26757618929,89492.4042988107,90476.82074609763,607220,87322.212109375,85703.2946875,97284.3836328125,0.06210529856070557,56.60165734002676,1403.6485846341675,926.0271885471473,477.62139608702023,92960.05905961104,87322.212109375,81684.36515913896,0.7638971804653563,73774381,bear,hold
2024-12-30,90118.8515625,92266.66927600546,89850.37434831182,89939.8667530412,704616,87671.2328125,85803.52625,97191.563203125,0.08396133331829825,56.09308415313998,1377.2806961250171,1016.2778900627213,361.0028060622958,93089.85818054224,87671.2328125,82252.60744445777,0.7258523687977644,73069765,bear,hold
2025-01-02,90924.28125,91550.72806963582,89939.8648191437,90387.3268331693,712616,88002.3546875,85921.65625,97106.6209375,0.07855625933448218,57.925162153290124,1405.1773887902236,1094.057789808222,311.11959898200166,93366.01410912829,88002.3546875,82638.69526587172,0.7723818136846735,73782381,bear,hold
2025-01-03,90118.8515625,91103.26801452333,88776.46549155908,90834.79080033515,1015616,88123.16953125,86068.42375,97007.81015625,0.027551043223423832,55.434165055078395,1346.76955311434,1144.6001424694457,202.16941064489424,93562.69095153298,88123.16953125,82683.64811096701,0.6834427955195169,72766765,bear,hold
2025-01-06,89939.859375,90655.79855410448,88776.45820895521,90208.33656716418,784082,88230.56015625,86202.66234375,96917.5179296875,0.024464773022755626,54.8694521492892,1271.3820480621362,1169.9565235879838,101.42552447415233,93724.22980879975,88230.56015625,82736.89050370024,0.6555698947020482,71982683,bear,hold
2025-01-07,88686.96875,90834.78635847628,88686.96875,89939.86235494449,1128286,88458.765625,86349.42984375,96821.3891015625,0.05425528101290844,50.95642449972685,1097.8833882854815,1155.5418965274835,-57.65850824200197,93620.07514165464,88458.765625,83297.45610834536,0.5221070955213623,70854397,bear,hold
2025-01-08,90387.328125,90745.29774133663,88507.98763923267,88597.48004331683,1058728,88736.1921875,86497.9871875,96734.6178125,0.0654008714689236,55.58574180733839,1085.0811019842804,1141.4497376188428,-56.36863563456245,93681.32007760287,88736.1921875,83791.06429739713,0.6669457266013857,71913125,bear,hold
2025-01-09,92445.6484375,94593.46601978461,90566.30805300098,90566.30805300098,2359171,89241.82421875,86637.59515625,96647.0130859375,0.12282608025240482,60.45221078017189,1226.881716255608,1158.5361333461958,68.34558290941209,93482.51920323695,89241.82421875,85001.12923426305,0.8777475426162493,74272296,bear,hold
2025-01-10,94503.9765625,95398.90058297823,92624.63611949574,93072.09812973485,1951844,89680.337109375,86850.58703125,96584.676015625,0.10229648194864982,64.6262710994505,1488.194620983777,1224.467830873712,263.72679011006494,94184.89129289497,89680.337109375,85175.78292585503,1.0354180743093744,76224140,bear,hold
2025-01-13,94324.9921875,94324.9921875,92714.1289433112,93698.54537031546,1130422,90078.578125,87052.83984375,96508.6074609375,0.09222793493311343,63.99377271713965,1661.6895150473574,1311.9121677084413,349.7773473389161,94744.03517532238,90078.578125,85413.12107467762,0.955090896422096,75093718,bear,hold
2025-01-14,95488.3984375,96562.30732339503,93251.08825855202,93698.5502943416,1300498,90503.6671875,87317.7375,96454.017109375,0.0977366579467549,66.3023822116908,1871.4892666350934,1423.8275874937717,447.66167914132166,95502.15429052191,90503.6671875,85505.1800844781,0.9986239983480607,76394216,bear,hold
2025-01-15,92445.6484375,95935.85200871249,91908.69404192886,95309.40521387948,1177799,90736.347265625,87478.82375,96398.531796875,0.05300709720466923,56.16040457607677,1771.8082826467435,1493.4237265243662,278.38455612237726,95640.63055019257,90736.347265625,85832.06398105742,0.674266153961141,75216417,bear,hold
2025-01-16,92535.140625,93788.03421179883,92177.17102877176,93519.55701462766,654359,91098.79140625,87586.21453125,96343.4939453125,0.0849947341860926,56.371784870260335,1680.6580761584628,1530.8705964511857,149.78747970727704,95368.79937059016,91098.79140625,86828.78344190985,0.6681904613229397,75870776,bear,hold
2025-01-17,90834.7890625,92177.17510775862,89850.37262931035,91640.22068965518,919480,91358.31953125,87666.75765625,96292.48328125,0.06060609930562122,51.30963318363445,1454.4507176430634,1515.5866206895614,-61.135903046498015,94826.32076328993,91358.31953125,87890.31829921008,0.42451985542662923,74951296,bear,hold
2025-01-20,90387.328125,91282.25216584158,90208.34331683168,90834.79014542079,411505,91322.52265625,87774.14859375,96245.499765625,-0.007858527299635432,50.036249717020056,1224.9529036478634,1457.459877281222,-232.50697363335848,94815.00905473104,91322.52265625,87830.03625776897,0.36611336100596686,74539791,bear,hold
2025-01-21,90387.328125,94235.50150061882,90118.85091274753,91371.74456992574,1033495,91340.42109375,87881.53953125,96185.53984375,0.003976133480067867,50.036249717020056,1031.1873467724508,1372.2053711794679,-341.01802440701704,94809.80768725275,91340.42109375,87871.03450024726,0.3626424379262176,75573286,bear,hold
2025-01-22,92177.1796875,92535.14931735437,90118.85431583738,91192.7632054005,856499,91420.964453125,88060.52453125,96138.1088671875,0.017786604566681463,55.19471801153992,1010.4054841575417,1299.8453937750828,-289.43990961754116,94889.52014246865,91420.964453125,87952.40876378134,0.6090101042197915,76429785,bear,hold
2025-01-23,91908.6953125,93072.09651898734,90476.81690451558,91729.71051150195,730474,91501.507421875,88205.50203125,96096.4948828125,0.017839401778299013,54.28926404602842,961.1912486711371,1232.114564754294,-270.9233160831568,94936.65263518596,91501.507421875,88066.36220856402,0.5592679297875354,75699311,bear,hold
2025-01-24,91013.7734375,93430.06830752213,90387.32661934612,93430.06830752213,1296839,91550.728125,88380.9071875,96058.460625,0.01093436707018669,51.27011903366707,840.2895613393921,1153.7495640713137,-313.4600027319216,94927.80746069645,91550.728125,88173.64878930354,0.42050013723037727,74402472,bear,hold
2025-01-31,91282.25,91998.18921568627,89671.38676470588,90208.3411764706,909716,91510.45625,88581.37015625,96028.4806640625,-0.008746419004169281,52.13019656250714,757.407001477317,1074.4810515525144,-317.0740500751974,94880.16374035648,91510.45625,88140.74875964352,0.4661385668261875,75312188,bear,hold
2025-02-03,86002.203125,90118.85384690427,85017.7866480229,89671.39181191467,2040413,91295.674609375,88645.8046875,95989.9989453125,-0.04757182459470277,37.94553415473859,262.6387836198264,912.1125979659768,-649.4738143461503,95412.04252919502,91295.674609375,87179.30668955497,-0.14297842023392746,73271775,bear,hold
2025-02-04,86539.1484375,88776.45837642191,86181.17884727249,88686.96597886505,1255891,91116.689453125,88737.08671875,95967.178359375,-0.03972202333845076,39.74120625921506,-85.1599237741757,712.6580936179464,-797.8180173921221,95706.27198911969,91116.689453125,86527.10691713031,0.0013118317706732915,74527666,bear,hold
2025-02-05,87792.046875,88865.95570527522,86807.6304472477,87165.60005733944,923434,90960.077734375,88762.1446875,95928.6966015625,-0.03444882194215859,43.82590976007617,-256.7349909771583,518.7794766989255,-775.5144676760838,95773.53848564727,90960.077734375,86146.61698310272,0.17091963318308614,75451100,bear,hold
2025-02-06,88418.4921875,88418.4921875,86986.6137715081,87971.03018250252,563800,90875.059765625,88824.789375,95900.9539453125,-0.018867965420317767,45.80405808288498,-338.261300854414,347.3713211882576,-685.6326220426715,95803.6388010027,90875.059765625,85946.4807302473,0.25078338396406114,76014900,bear,hold
2025-02-07,86360.171875,88507.98962111399,86181.18706282382,87344.5883419689,991140,90696.075390625,88796.151875,95847.258515625,-0.03980090167891703,40.7289998533294,-562.4768528852728,165.4016863735515,-727.8785392588243,95993.68544241681,90696.075390625,85398.4653388332,0.0907679620399324,75023760,bear,hold
2025-02-10,84659.8203125,85107.28236489165,83227.94174484673,84122.86584963002,1722666,90494.71796875,88742.4565625,95787.298671875,-0.04540857010066657,37.07453925563969,-867.3748960389494,-41.153630108948676,-826.2212659300008,96358.37435281844,90494.71796875,84631.06158468156,0.0024522862472444625,73301094,bear,hold
2025-02-11,83943.8671875,85107.26833188966,83406.91281316632,83406.91281316632,1172529,90172.544921875,88670.8625,95707.2029296875,-0.07128721548875849,35.625080249844245,-1153.4835848796938,-263.6196210630977,-889.8639638165961,96695.40525901457,90172.544921875,83649.68458473543,0.02255012276512875,72128565,bear,hold
2025-02-12,82064.5390625,84212.35687874864,81796.06183546892,83496.41760666577,1688145,89653.489453125,88572.4209375,95626.2123046875,-0.11229419178143785,32.07969735972563,-1514.4156150554336,-513.7788198615649,-1000.6367951938687,96973.63866908055,89653.489453125,82333.34023716945,-0.018360361704345757,70440420,bear,hold
2025-02-13,84391.3359375,85554.7371752386,83496.41190847031,83943.87392298515,2326740,89147.857421875,88518.72546875,95535.3775,-0.1070075672245604,40.036438913126595,-1594.3253966454795,-729.8881352183479,-864.4372614271316,96455.01394301983,89147.857421875,81840.70090073017,0.17452993030798095,72767160,bear,hold
2025-02-14,85017.78125,85823.2128618421,83854.38003289474,84480.82684210526,1349332,88682.496875,88531.254375,95447.2275,-0.09867173822817865,42.00625714753157,-1588.7909795534215,-901.6687040853626,-687.1222754680589,95794.40629729778,88682.496875,81570.58745270221,0.24235360664815922,74116492,bear,hold
2025-02-17,84391.3359375,84928.29035491782,83317.42710266437,84391.3359375,1049521,88127.64375,88518.72546875,95363.1046484375,-0.11621372524394524,40.57096995070995,-1616.3218631188502,-1044.5993358920603,-571.7225272267899,94743.27379499926,88127.64375,81512.01370500075,0.21761511850830656,73066971,bear,hold
2025-02-18,84033.3671875,85286.26084098776,83854.38237985889,84391.33680278221,883917,87707.0296875,88536.6240625,95281.2191015625,-0.0909970495332435,39.735463622765685,-1648.0279329992336,-1165.285055313495,-482.7428776857387,94240.21293548863,87707.0296875,81173.84643951138,0.21884590095257006,72183054,bear,hold
2025-02-19,85017.78125,85733.72046052631,83048.94842105263,83048.94842105263,1053531,87331.16171875,88550.9428125,95212.3099609375,-0.08123788783619201,43.19966121895159,-1575.559168711814,-1247.3398779931588,-328.2192907186552,93568.28099120491,87331.16171875,81094.04244629508,0.31454736011169365,73236585,bear,hold
2025-02-20,84570.3203125,84838.79751984128,83675.39628802911,84212.35070271164,1078110,87017.93828125,88488.298125,95120.1327734375,-0.06896552317295146,42.01735083027958,-1536.5214461935975,-1305.1761916332466,-231.3452545603509,93148.07606705464,87017.93828125,80887.80049544535,0.3003619123849171,72158475,bear,hold
2025-02-21,84659.8203125,86539.16093254492,84391.34308106502,85733.72923823996,960186,86731.562890625,88425.65359375,95024.8233984375,-0.06336626971182524,42.357170914177,-1481.286518907902,-1340.3982570881778,-140.88826181972422,92739.23567653829,86731.562890625,80723.89010471173,0.3275752814814746,73118661,bear,hold
2025-02-24,84928.2890625,84928.2890625,83764.88784246576,83854.38024400685,659841,86458.6109375,88441.7621875,94929.513984375,-0.06039606630423344,43.428212367479595,-1399.71422238597,-1352.2614501477365,-47.45277223823359,92269.94096063683,86458.6109375,80647.28091436316,0.36833290581439404,73778502,bear,hold
2025-02-25,83406.921875,84391.33833489807,83406.921875,84122.86111856223,1001392,86020.098046875,88413.1246875,94824.807890625,-0.09514565147505072,39.005288400673855,-1441.2157688729203,-1370.0523138927733,-71.16345498014698,91342.17827306251,86020.098046875,80698.0178206875,0.25449673240392273,72777110,bear,hold
2025-02-26,84212.3515625,84301.84396586078,83317.42752889213,83406.91993225292,789301,85635.280859375,88450.7115625,94716.96953125,-0.08373901646445481,42.352595442067724,-1393.056312914021,-1374.653113697023,-18.40319921699802,90266.76817791573,85635.280859375,81003.79354083426,0.3463852755054802,73566411,bear,hold
2025-02-27,84659.8203125,84749.31272297833,83764.8962077167,83854.38861819504,841391,85317.583203125,88429.23359375,94610.9210546875,-0.0698130940517846,44.185215281141964,-1303.7537469870877,-1360.473240355036,56.71949336794842,89248.43753161008,85317.583203125,81386.72887463993,0.41633334185669246,74407802,bear,hold
2025-02-28,83406.921875,84480.83074034334,83227.93706410944,83675.39909133583,1640049,84923.816796875,88370.16859375,94499.95046875,-0.08627447422691703,40.32018434799487,-1318.8760707253823,-1352.1538064291053,33.27773570372301,87830.03137319522,84923.816796875,82017.60222055479,0.23902564968281426,72767753,bear,hold
2025-03-04,83496.4140625,86181.18621885049,82243.52038953644,83317.42925207663,1312252,84798.52734375,88300.36453125,94382.26796875,-0.029136335715236994,40.7190668357648,-1308.5551405120787,-1343.4340732457,34.87893273362124,87723.96845135097,84798.52734375,81873.08623614903,0.27745009498451206,74080005,bear,hold
2025-03-05,85823.2109375,86449.65773266424,84480.82494786236,84659.8097464807,1593290,84762.73046875,88260.9878125,94301.7248046875,-0.00827298988869829,50.064237082393625,-1099.9432064074936,-1294.7358998780587,194.79269347056515,87618.79821025426,84762.73046875,81906.66272724574,0.6856539418409342,75673295,bear,hold
2025-03-06,87702.5546875,88865.95592315051,87076.10786830357,88597.47871492348,1778981,84758.255859375,88309.31375,94222.5240234375,-0.0010193655426148363,56.085804494681284,-774.0466830331716,-1190.5980565090813,416.5513734759097,87595.5441008372,84758.255859375,81920.9676179128,1.0188578983796959,77452276,bear,hold
2025-03-07,86628.640625,87523.56459839875,86002.19384362086,86539.14822766012,1138412,84668.76328125,88329.00203125,94136.6112890625,-0.020242955045019828,52.21134825433061,-595.561962491658,-1071.5908377055966,476.0288752139386,87126.07293160609,84668.76328125,82211.4536308939,0.8987851802612655,76313864,bear,hold
2025-03-10,87702.5546875,88060.52429846939,85823.21422991072,85823.21422991072,1190280,84735.882421875,88260.9878125,94075.308984375,0.01554400348395557,55.52039861177245,-363.2681170532451,-929.9262935751265,566.6581765218814,87435.68912879036,84735.882421875,82036.07571495963,1.049423086109477,77504144,bear,hold
2025-03-11,88060.53125,88150.0236598069,86002.20582444106,86002.20582444106,1137146,84905.91796875,88221.61125,94005.0575,0.04016912538849193,56.59921111061786,-148.57517199976428,-773.6560692600541,625.0808972602898,87969.05505074204,84905.91796875,81842.78088675796,1.014931783464041,78641290,bear,hold
2025-03-12,88686.96875,88955.44595105953,87344.58274470232,88060.52194752774,1144714,85143.073046875,88184.024375,93937.0432421875,0.05650325296433678,58.49626681285862,71.29693790823512,-604.6654678263963,675.9624057346314,88582.84038198504,85143.073046875,81703.30571176496,1.015135960934351,79786004,bear,hold
2025-03-13,89850.3671875,90655.798765874,87971.02683796066,88239.504030752,2279252,85532.364453125,88175.075,93876.635859375,0.09487445142499795,61.83288988882624,335.55562372895656,-416.6212495153257,752.1768732442822,89242.0891666922,85532.364453125,81822.63973955781,1.0819842532497372,82065256,bear,hold
2025-03-14,89044.9375,90029.35389447237,88955.44510050252,89492.39949748744,1408638,85765.04453125,88155.3865625,93808.621640625,0.055143119975567645,58.33631511537482,474.5211076485575,-238.3927780825491,712.9138857311066,89734.01694771482,85765.04453125,81796.07211478517,0.9131917061383131,80656618,bear,hold
2025-03-17,88418.4921875,89581.89340049343,87881.53778150304,89223.92379649544,1892886,85935.080078125,88082.00265625,93746.424375,0.03999999632429829,55.69813673926022,528.0167056465434,-85.11088133673061,613.127586983274,90050.1220104077,85935.080078125,81820.0381458423,0.8017480927584866,78763732,bear,hold
2025-03-18,92346.078125,92346.078125,89376.44283259855,89376.44283259855,2228720,86332.8171875,88122.9675,93694.0209375,0.09426017610849602,66.06121302563035,877.2236255236494,107.3560200353454,769.867605488304,91236.3201057017,86332.8171875,81429.3142692983,1.1131597184513649,80992452,bear,hold
2025-03-19,93016.640625,93112.4353115345,91483.925640448,92441.872505793,1094424,86781.980859375,88180.92328125,93647.207578125,0.10690126717707282,67.46071327836073,1194.3141054783773,324.7476371239518,869.5664683544255,92360.02298367972,86781.980859375,81203.93873507029,1.058857357715107,82086876,bear,hold
2025-03-20,91962.8984375,92920.84529622395,91483.92500813802,92633.46123860677,1056834,87129.23671875,88201.695625,93574.9897265625,0.08169017216619023,63.060119852018296,1345.0771946966997,528.8135486385014,816.2636460581983,93077.18668079219,87129.23671875,81181.28675670782,0.9063300590620967,81030042,bear,hold
2025-03-21,91675.515625,93304.0253069488,91483.92625065308,91483.92625065308,2448199,87484.496484375,88232.82890625,93494.1755859375,0.08401523473300365,61.87466696777787,1424.9427844581078,708.0393958024226,716.9033886556851,93624.3165542563,87484.496484375,81344.67641449372,0.841298205234378,78581843,bear,hold
2025-03-24,94549.3515625,95315.70902197316,91771.30577190983,91867.10045434398,1564435,87978.973046875,88325.01875,93429.9679296875,0.11681493314650715,68.29359335398627,1700.5287454169593,906.53726572533,793.9914796916293,94695.07597691257,87978.973046875,81262.87011683744,0.9891511181461481,80146278,bear,hold
2025-03-25,96561.0390625,98572.72737630208,95890.47629123264,98572.72737630208,1515074,88560.610546875,88482.50015625,93364.6321484375,0.13697143941566137,71.86455924136676,2057.5409228585922,1136.7379971519824,920.8029257066098,96085.36082220229,88560.610546875,81035.86027154772,1.0316075765236623,81661352,bear,hold
2025-03-26,97135.8125,98668.52749013806,96944.22312623274,97710.58062130178,1181983,89247.055078125,88617.46984375,93302.617734375,0.1646013342342878,72.80692154969316,2359.654430992552,1381.3212839200964,978.3331470724556,97255.2857597524,89247.055078125,81238.82439649761,0.9925405957631506,82843335,bear,hold
2025-03-27,93782.9921875,95794.68047752809,93304.01878511236,94836.73367275282,1400285,89725.587109375,88644.21671875,93225.6290234375,0.11364889410429235,60.15072228888617,2302.000950259986,1565.4572171880745,736.5437330719114,97616.15643132005,89725.587109375,81835.01778742996,0.757104710229251,81443050,bear,hold
2025-03-28,91292.3359375,92441.87217176023,90621.77313418154,91196.54125131165,1293885,90057.212890625,88579.98390625,93155.4279296875,0.07834313373826896,52.80708784644544,2031.912386150303,1658.7482509805204,373.16413516978264,97618.9404260023,90057.212890625,82495.4853552477,0.5816693699354094,80149165,bear,hold
2025-03-31,88418.4921875,90142.79647718038,87652.13472541982,89376.43901510022,1230700,90307.79140625,88461.85390625,93070.8576171875,0.06008578424714828,45.85116687579488,1567.89634719085,1640.5778702225864,-72.68152303173633,97280.62239082012,90307.79140625,83334.96042167989,0.36452423535499734,78918465,bear,hold
2025-04-01,89280.6484375,89759.6218733235,88131.1121915236,88897.4696888412,656473,90597.003125,88337.69890625,92977.17421875,0.06927524301427246,48.06150783082681,1255.2592500324245,1563.5141461845542,-308.25489615212973,96859.41723923676,90597.003125,84334.58901076324,0.39490037999024635,79574938,bear,hold
2025-04-02,88226.90625,89663.82654723126,87939.52219055375,88514.29030944625,931914,90717.187890625,88253.3240625,92885.8289453125,0.02800752018297792,45.6109103691124,911.9515008338494,1433.2016171144135,-521.250116280564,96694.28639208272,90717.187890625,84740.08938916729,0.29168139524405806,78643024,bear,hold
2025-04-03,86981.5703125,87556.33839826542,84682.49796943834,85448.85541712555,1054819,90681.138671875,88142.25265625,92786.0196875,-0.008220791031333108,42.83136757111702,533.2425456117926,1253.2098028138894,-719.9672572020968,96738.68548387411,90681.138671875,84623.59185987589,0.19463146763911943,77588205,bear,hold
2025-04-04,85927.828125,87939.51640886288,84969.88132316053,85736.23876463211,947048,90646.098046875,88044.1134375,92673.7823046875,-0.008089847594789035,40.57802087728035,146.3972062427929,1031.84728349967,-885.4500772568772,96804.28009557904,90646.098046875,84487.91599817097,0.11691048717308185,76641157,bear,hold
2025-04-07,81042.3046875,83437.17184729611,80563.33125554079,82479.22498337766,1066394,90313.085546875,87857.21296875,92535.7749609375,-0.07594134542296593,32.13641735756241,-548.0834587185818,715.8611350560197,-1263.9445937746016,97674.69520241684,90313.085546875,82951.47589133315,-0.1296707712827394,75574763,bear,hold
2025-04-08,80754.921875,82958.1996960261,80659.1271871293,81904.4581294484,952615,89947.805078125,87664.56484375,92393.6458984375,-0.0829612230507637,31.718413852235244,-1108.8714011103293,350.91462782274994,-1459.7860289330793,98368.9971446179,89947.805078125,81526.61301163211,-0.045818402581185566,74622148,bear,hold
2025-04-09,80275.9453125,80659.12404907518,79317.99847106205,80371.7399966438,1002947,89527.25390625,87426.54015625,92246.8846484375,-0.09483945111721948,30.99479578865082,-1573.8074190683983,-34.0297815554797,-1539.7776375129185,98940.0141435035,89527.25390625,80114.4936689965,0.008576211410576252,73619201,bear,hold
2025-04-10,84490.9140625,86023.62905683107,83341.3778167517,85927.83436968538,1374506,89259.28125,87278.18453125,92124.77796875,-0.05964865022550081,43.261794363218485,-1583.9015793595609,-344.00414111629595,-1239.8974382432648,98921.8317037816,89259.28125,79596.7307962184,0.2532552502412125,74993707,bear,hold
2025-04-11,78551.640625,82575.01733993903,77881.07783917684,82479.22265625,2232779,88734.61640625,87028.941875,91968.5002734375,-0.11784271143994007,34.07080091328905,-2047.5481434981048,-684.7129415926577,-1362.835201905447,99467.05850397427,88734.61640625,78002.17430852573,0.025598382524270824,72760928,bear,hold
2025-04-14,79509.5859375,80275.94339231927,78360.04975527109,78839.02316453314,797192,88289.17109375,86793.48859375,91788.374765625,-0.10075840505295885,36.41713630724136,-2311.0528267291957,-1009.9809186199652,-1301.0719081092304,99751.80071355491,88289.17109375,76826.5414739451,0.11703442196715465,73558120,bear,hold
2025-04-15,82191.8359375,83149.78274329838,81425.47849286131,82096.04125692017,1128439,87781.458984375,86717.28125,91613.1587109375,-0.10995856449642805,42.57918165818099,-2277.1969195543643,-1263.4241188068452,-1013.7728007475191,99379.07045080604,87781.458984375,76183.84751794396,0.25901835205231677,74686559,bear,hold
2025-04-16,81138.09375,82670.80862603306,81042.29907024793,81808.65650826447,583287,87187.531640625,86609.26015625,91426.8569140625,-0.12770346031834023,40.902114836824815,-2308.779879949536,-1472.4952710353834,-836.2846089141524,98868.24343113978,87187.531640625,75506.81985011023,0.24105011753061995,74103272,bear,hold
2025-04-17,81425.484375,81952.35515624999,80946.5109375,81329.6896875,430473,86660.6609375,86481.92890625,91249.5989453125,-0.11458331828961932,41.57796842568207,-2284.2877349035844,-1634.8537638090238,-649.4339710945605,98382.77973536013,86660.6609375,74938.54213963986,0.2766966598455019,74533745,bear,hold
2025-04-18,83628.7578125,83916.14185996563,81042.30138530929,81712.86416272909,569432,86258.323046875,86386.13421875,91095.4387890625,-0.08777433928395206,46.61824128123027,-2063.307258900022,-1720.5444628272235,-342.76279607279866,97815.54156184412,86258.323046875,74701.10453190588,0.3862371066632886,75103177,bear,hold
2025-04-21,84299.3203125,84778.29372336647,83341.37349076704,84011.93626598011,416037,85745.821484375,86344.9171875,90942.841640625,-0.10840932360307531,48.08620630081891,-1813.1687690522085,-1739.0693240722205,-74.099444979988,96679.1638813624,85745.821484375,74812.4790873876,0.4338490866126366,75519214,bear,hold
2025-04-22,83149.7890625,84299.32531682028,82958.19968677996,83916.14656538019,558552,85075.258984375,86314.7165625,90781.364609375,-0.13888883270321328,45.76291985869936,-1688.2289263617422,-1728.901244530125,40.672318168382844,94857.5618992712,85075.258984375,75292.95606947881,0.4015840166356454,74960662,bear,hold
2025-04-23,86215.21875,86885.7815625,83820.3515625,84395.1196875,1212681,84529.229296875,86360.14359375,90627.1603515625,-0.11242602979205019,52.37144984008657,-1326.566807571624,-1648.4343571384247,321.8675495668008,92632.89316410564,84529.229296875,76425.56542964435,0.604026368859076,76173343,bear,hold
2025-04-24,85065.6796875,86981.57337415541,84874.09031883447,86598.39463682433,908535,84093.363671875,86420.16640625,90464.0762109375,-0.09295195532438871,49.91527601793886,-1119.796847037258,-1542.7068551181915,422.9100080809335,91010.05240117114,84093.363671875,77176.67494257887,0.5702876805418957,75264808,bear,hold
2025-04-25,84490.9140625,85927.83436968538,83820.35125248016,85736.244995394,1356631,83753.292578125,86422.15796875,90307.9623828125,-0.07450156472780312,48.68580417954519,-990.886621866026,-1432.3428084677585,441.4561866017325,89839.71669324586,83753.292578125,77666.86846300412,0.5605956363230167,73908177,bear,hold
2025-04-28,84969.8828125,85448.8562218151,84011.93599386979,84778.29344877395,572742,83580.862109375,86421.2,90157.375625,-0.03900325926941717,49.79556220055583,-840.3880936336645,-1313.9518655009397,473.56377186727514,89313.99653336372,83580.862109375,77847.72768538627,0.6211397291953444,74480919,bear,hold
2025-04-29,86789.984375,87077.36842922185,85736.2428428532,86789.984375,808315,83456.32890625,86469.17296875,90038.2625,-0.027897020307189657,53.87758936388088,-567.7057819857291,-1164.7026487978976,596.9968668121685,88782.58242581628,83456.32890625,78130.07538668372,0.8129456245843012,75289234,bear,hold
2025-04-30,86598.390625,87556.33742394911,85832.03318584072,87173.15870436947,1023836,83374.903125,86520.4734375,89917.7439453125,-0.01845826510549331,53.385518505229136,-362.88004457511124,-1004.3381279533404,641.4580833782292,88450.85472579667,83374.903125,78298.95152420332,0.8175254369539373,74265398,bear,hold
2025-05-02,85640.4453125,87173.1602174217,84874.08786003914,87173.1602174217,768903,83307.846875,86532.92671875,89783.9338671875,-0.015418496069704468,50.88322536827128,-274.68594424398907,-858.4076912114703,583.7217469674812,88224.37259255348,83307.846875,78391.32115744652,0.7372202009614144,73496495,bear,hold
2025-05-07,84395.1171875,86598.39493473327,83820.34907952612,86406.80556540863,1093539,83231.211328125,86529.42265625,89640.764921875,-0.017837189312760793,47.74983598884722,-301.8000927680987,-747.086171522796,445.2860787546973,88028.32547098256,83231.211328125,78434.09718526746,0.6213131295935432,72402956,bear,hold
2025-05-08,84107.734375,84969.8865496868,84107.734375,84395.11843322893,1161546,83384.4828125,86518.3809375,89505.55578125,0.0378250556832056,47.030093315414916,-342.52917887369404,-666.1747729929756,323.64559411928155,88087.00677118219,83384.4828125,78681.95885381782,0.5769003591321069,71241410,bear,hold
2025-05-09,85544.65625,86885.78187989921,85448.86156215005,85640.45093784994,967229,83623.96953125,86530.70828125,89385.1380859375,0.05931198079064459,51.00658543262489,-255.90971865587926,-584.1217621255563,328.21204346967704,88253.72846011011,83623.96953125,78994.21060238988,0.70742837243395,72208639,bear,hold
2025-05-12,88514.2890625,88514.2890625,86023.62724905304,86406.80598958334,813230,84035.88671875,86632.855625,89281.805859375,0.10262530971051897,58.020527512980394,51.764666485221824,-456.9444764034007,508.7091428886225,88862.59951853473,84035.88671875,79209.17391896527,0.9639184606084018,73021869,bear,hold
2025-05-13,89759.6171875,90813.35869130203,88801.67036586179,90047.00123399145,1369914,84299.321875,86743.8009375,89183.3579296875,0.06235822139529246,60.56981606909273,391.5726002398151,-287.24106107475757,678.8136613145726,89733.5073930403,84299.321875,78865.13635695969,1.0024023650253584,74391783,bear,hold
2025-05-14,88514.2890625,90047.00402462122,87939.52095170454,89663.82528409091,878937,84797.454296875,86820.8903125,89083.1579296875,0.12682928527312343,56.851802732506556,553.9991070248652,-118.99302745483303,672.9921344796983,89845.60745754736,84797.454296875,79749.30113620264,0.8681380741952326,73512846,bear,hold
2025-05-15,87364.75,88610.08086622808,87077.36595394737,88035.31277412281,761239,85190.2125,86900.046875,88983.027265625,0.09879518261703302,53.582165498846905,583.2418397536094,21.453945986855445,561.787893766754,89728.13111951698,85190.2125,80652.293880483,0.7395963526811176,72751607,bear,hold
2025-05-16,88131.109375,88418.49342730979,87460.54658627718,87460.54658627718,500754,85487.176171875,86992.74078125,88873.7519921875,0.07226111169990546,55.422775505599084,660.6402632333629,149.29120943615695,511.349053797206,89978.46531770739,85487.176171875,80995.88702604262,0.7943401234340909,73252361,bear,hold
2025-05-19,87652.1328125,88035.31153517759,86981.57004781421,87460.5434511612,555859,85812.878125,87029.31921875,88770.58359375,0.08028336335545228,53.98201283112557,675.542433187773,254.54145418648017,421.0009790012928,89924.06469472637,85812.878125,81701.69155527363,0.7236890319018546,72696502,bear,hold
2025-05-20,87364.75,88897.4649122807,87077.36595394737,88418.49150219299,710012,86109.84140625,87022.563125,88670.900390625,0.07294111506475143,53.09024839931623,656.594308557309,334.95202506064595,321.642283496663,89740.39545890238,86109.84140625,82479.28735359761,0.672826044668472,71986490,bear,hold
2025-05-21,87364.75,88801.67023026316,87077.36595394737,88801.67023026316,748573,86296.641015625,87037.2853125,88587.3258203125,0.04467353438247024,53.09024839931623,634.2663555441832,394.8148911573534,239.4514643868298,89778.75966795124,86296.641015625,82814.52236329878,0.6533705612905298,72735063,bear,hold
2025-05-22,85448.859375,87268.95839756166,84682.50189181614,86694.19028517377,1103198,86354.11796875,86992.21140625,88495.961640625,0.013636397757877727,47.07724560234681,456.71025867584103,407.1939646610509,49.516294014790105,89739.05883265381,86354.11796875,82969.17710484618,0.36628147578537423,71631865,bear,hold
2025-05-23,83437.171875,85736.24434916762,83245.5825021527,85448.86028989668,879529,86368.487109375,86899.74421875,88373.95578125,0.0034562061520564402,41.73251635997173,151.91818553199118,356.138808835239,-204.2206233032478,89700.92899456962,86368.487109375,83036.04522418037,0.06018509318973475,70752336,bear,hold
2025-05-26,84395.1171875,84682.50124148696,82575.01817891601,83341.37565621453,760388,86277.48203125,86813.9071875,88266.136328125,-0.021111140108311832,44.93826480435677,-12.192994259137777,282.4724482163636,-294.6654424755014,89719.31014330564,86277.48203125,82835.65391919434,0.22654577996549888,71512724,bear,hold
2025-05-27,84490.9140625,84778.29812393709,83437.1725038974,83628.76187818879,607447,86248.74375,86706.718125,88174.0095703125,-0.006756727591097578,45.262591515630284,-132.9892619671882,199.38010617965324,-332.36936814684145,89739.8108125224,86248.74375,82757.6766874776,0.2482389114819941,72120171,bear,hold
2025-05-28,85257.265625,86215.21242977529,84778.29222261236,84778.29222261236,842967,86287.061328125,86630.9646875,88098.6909765625,0.009070224544299732,47.90610218190832,-164.98120732857205,126.5078434780082,-291.4890508065803,89716.38910777435,86287.061328125,82857.73354847565,0.34985458240006817,72963138,bear,hold
2025-05-29,89280.6484375,89759.6218733235,86215.21844822961,86885.7812583825,1583303,86502.599609375,86648.2078125,88036.329921875,0.0507328653672785,59.07951005238544,132.7876206057117,127.76379890354892,5.023821702162792,90110.89324008414,86502.599609375,82894.30597866586,0.8849532649562981,74546441,bear,hold
2025-05-30,85640.4453125,87364.74958053691,85640.4453125,87173.1602174217,1535385,86445.12265625,86514.09515625,87965.16453125,-0.013245065899921138,48.86698201294978,74.18246305444336,117.04753173372781,-42.86506867928445,90069.85885775147,86445.12265625,82820.38645474851,0.3890019440012391,73011056,bear,hold
2025-06-02,84682.5,85832.03619909503,84395.11595022625,84682.5,663587,86349.328125,86347.41234375,87886.972109375,-0.022123859475592922,46.58484951393566,-48.99593275414372,83.8388388361535,-132.83477159029724,90053.20118886465,86349.328125,82645.45506113535,0.27498849228099387,72347469,bear,hold
2025-06-04,85832.0390625,86598.39655412946,84874.09219796317,85448.86031668527,862750,86358.9078125,86224.79515625,87814.5273828125,0.002237187689775322,49.62508592645275,-53.2437429146521,56.42232248599238,-109.66606540064448,90056.38306164453,86358.9078125,82661.43256335545,0.4287529037385859,73210219,bear,hold
2025-06-05,89184.8515625,89568.03030175886,85353.06416991139,85353.06416991139,1416289,86598.39453125,86174.981875,87781.21984375,0.056753690670974244,57.265124625870335,211.49579320361954,87.43701662951781,124.05877657410173,90375.66928377608,86598.39453125,82821.11977872392,0.8423707832638186,74626508,bear,hold
2025-06-09,91292.3359375,92154.48811319517,89855.41564467471,90430.18376180483,1449046,86957.624609375,86109.8415625,87806.7755859375,0.08542141357020716,61.24399693158059,584.6210118922609,186.87381568206644,397.74719621019443,91070.72066249937,86957.624609375,82844.52855625062,1.0269402017529212,76075554,bear,hold
2025-06-10,90525.9765625,92346.07556216931,90142.79782572751,92154.48619378307,1077370,87206.690625,85989.1403125,87799.8619921875,0.058230642694294454,59.089524939598135,809.1591560284578,311.3308837513447,497.8282722771131,91544.51897995194,87206.690625,82868.86227004806,0.8825976578477104,74998184,bear,hold
2025-06-11,92825.046875,92825.046875,91100.74259868421,91100.74259868421,992153,87422.228515625,85902.925,87809.3658203125,0.04870126459984525,63.264619632453424,1159.259787832838,480.91666456764335,678.3431232651945,92382.28407614818,87422.228515625,82462.17295510182,1.0446328466938706,75990337,bear,hold
2025-06-12,94261.96875,94836.73685213416,92729.25381097561,92825.04849466465,1768683,87647.34609375,85912.50453125,87826.0542578125,0.05016010209908739,65.62580421951343,1534.9704633168003,691.7274243174747,843.2430389993256,93362.51639756572,87647.34609375,81932.17578993429,1.0786898993923038,77759020,bear,hold
2025-06-13,93112.4296875,93974.58181423611,91579.71479552469,93878.78713348765,1506724,87877.253125,85948.90640625,87835.6526171875,0.05194800380482345,62.18239900738488,1720.1370164644468,897.4093427468692,822.7276737175775,94063.92043015438,87877.253125,81690.58581984563,0.9231015104156601,76252296,bear,hold
2025-06-16,93399.8203125,93782.99906249999,91100.74781249999,92441.87343749999,809768,88179.006640625,86048.53296875,87845.7930078125,0.06907900855322091,62.709202579217255,1868.5335735862318,1091.6341889147418,776.89938467149,94809.07823792778,88179.006640625,81548.93504332221,0.8937222694547455,77062064,bear,hold
2025-06-17,95411.5078125,95603.09718561747,93687.20345444277,93878.79282756025,1332802,88543.0265625,86171.15015625,87862.859609375,0.08260872340233161,66.25295291097294,2123.9813482704194,1298.1036207858774,825.877727484542,95883.9504268305,88543.0265625,81202.1026981695,0.9678213108416709,78394866,bear,hold
2025-06-18,94740.9453125,95219.91874684024,93112.43563574317,94357.7665650278,1018716,88897.4671875,86301.4309375,87878.810703125,0.08087438688073845,64.06739683720171,2246.421412786265,1487.7671791859552,758.6542336003099,96702.00122784205,88897.4671875,81092.93314715796,0.874364317894877,77376150,bear,hold
2025-06-19,94070.3828125,95603.09780740835,93399.8200022276,95219.91905868126,691399,89232.748828125,86443.2071875,87875.3003125,0.07675444401203002,61.869447709102204,2263.257828999136,1642.8653091485915,620.3925198505447,97316.25445934707,89232.748828125,81149.24319690293,0.7992287136963153,76684751,bear,hold
2025-06-20,94549.3515625,94740.9409273683,93112.43132598784,93878.788785461,998377,89591.97890625,86615.63765625,87886.26625,0.08223684681178622,62.849826713265074,2288.8649747043964,1772.0652422597525,516.799732444644,97945.55582254982,89591.97890625,81238.40198995019,0.7967215544862573,77683128,bear,hold
2025-06-23,91867.1015625,92920.84308198644,90430.18130865485,92920.84308198644,867116,89912.891015625,86832.13359375,87882.9260546875,0.07511208732855024,54.41264333283519,2068.8749609440856,1831.4271859966193,237.4477749474663,98096.56120075064,89912.891015625,81729.22083049937,0.6193969516529944,76816012,bear,hold
2025-06-24,92825.046875,94357.7617872807,91675.51069078948,91675.51069078948,911752,90382.284765625,87073.53609375,87886.165390625,0.1125143001498694,56.65084975996833,1949.3584798105585,1855.0134447594073,94.34503505115117,98089.442374041,90382.284765625,82675.12715720899,0.6584736055421766,77727764,bear,hold
2025-06-25,96848.421875,100105.44100828389,92920.83997898121,93399.81338093472,2778238,91004.95,87404.985625,87912.20640625,0.14755954020222029,64.52810024849964,2154.458291118368,1914.9024140311997,239.55587708716826,98688.85402896236,91004.95,83321.04597103763,0.8802410762142943,80506002,bear,hold
2025-06-26,94932.53125,98189.55048562058,94549.35251639759,96465.24618440968,1157512,91527.030859375,87613.81796875,87921.5085546875,0.12358272251352465,59.02746227981959,2137.7622154635756,1959.4743743176748,178.28784114590076,98776.22070979708,91527.030859375,84277.8410089529,0.7348883434489385,79348490,bear,hold
2025-06-27,93591.40625,95507.29992963152,93304.02219805527,95507.29992963152,574885,91943.737890625,87914.61328125,87929.4746484375,0.09775284914317228,55.46333355457057,1993.3349514552683,1966.2464897451937,27.088461710074625,98640.4917624451,91943.737890625,85246.98401880488,0.6230199280810051,78773605,bear,hold
2025-06-30,92825.046875,94070.37774122808,92537.66282894737,92825.046875,693015,92120.9578125,88180.9225,87938.0835546875,0.039699514951229586,53.47628536159917,1796.3295386116515,1932.2630995184854,-135.93356090683392,98713.21211850329,92120.9578125,85528.7035064967,0.5534027534297955,78080590,bull,golden_cross
2025-07-01,94549.3515625,96273.65584631459,92920.84196111956,92920.84196111956,1019849,92566.403125,88428.0728125,87942.7850390625,0.10402685573961712,57.19240335475665,1759.0609476246464,1897.6226691397178,-138.56172151507144,98519.90138382078,92566.403125,86612.90486617922,0.666536408620095,79100439,bull,hold
2025-07-02,95794.6875,96465.2503125,94597.25390625,95986.276875,1023366,93122.0125,88721.2046875,87944.763984375,0.13122176955096987,59.69630448731652,1809.1586682459456,1879.9298689609634,-70.77120071501781,98006.93959379852,93122.0125,88237.08540620147,0.7735634482030443,80123805,bull,hold
2025-07-03,95890.4765625,97231.60210882867,95124.11910745504,96177.86060814185,774595,93624.934375,89010.50453125,87949.4591796875,0.1171874466675058,59.89064177137493,1835.4331190945813,1871.030518987687,-35.5973998931056,97333.69793870854,93624.934375,89916.17081129145,0.8054309271247522,80898400,bull,hold
2025-07-04,94932.53125,97231.60365161454,94932.53125,96273.65681760848,470300,93912.318359375,89236.58,87949.3646484375,0.06444681565088528,56.934040605422375,1758.6846084307472,1848.5613368762993,-89.87672844555209,97046.59080999592,93912.318359375,90778.04590875408,0.6627511498598166,80428100,bull,hold
2025-07-07,94453.5546875,95794.68021044625,94166.17064686866,94740.93872813134,430089,94070.379296875,89439.6646875,87964.3262109375,0.034627427565926405,55.45979359603496,1640.3030625154352,1806.9096820041266,-166.60661948869142,96970.28559350895,94070.379296875,91170.47300024107,0.5660668572411743,79998011,bull,hold
2025-07-08,94932.53125,95603.09403380424,93399.81631559032,94453.55783299697,643120,94290.70703125,89675.31953125,87990.6319140625,0.048677240001467226,56.66813677733275,1567.0700322397315,1758.9417520512477,-191.8717198115162,96709.67010175856,94290.70703125,91871.74396074144,0.6326651544570839,80641131,bull,hold
2025-07-09,95411.5078125,95603.09718561747,93304.02470820783,94166.17688723645,1037777,94420.030078125,89859.2453125,88017.0951953125,0.027863825816139665,57.898188947782664,1530.0443350751302,1713.1622686560243,-183.11793358089403,96787.74870038532,94420.030078125,92052.31145586468,0.709374062663852,81678908,bull,hold
2025-07-10,95890.4765625,96944.21806318681,95124.11910745504,95698.88719873877,1142761,94501.45546875,90075.74125,88049.085546875,0.017276403560158027,59.14705856211004,1521.8075286347594,1674.8913206517714,-153.083792017012,96952.37713074512,94501.45546875,92050.53380675489,0.7833670931406458,82821669,bull,hold
2025-07-11,96561.0390625,97806.3699234251,95603.09224640377,95890.47629123264,1087429,94673.8859375,90317.14375,88080.8490234375,0.0370370463596974,60.89591907170001,1551.5038195588568,1650.2138204331886,-98.71000087433185,97193.92290523615,94673.8859375,92153.84896976386,0.8744296510648624,83909098,bull,hold
2025-07-14,98668.5234375,98955.90748634709,95411.50421723301,95986.27231492719,1173952,94937.32109375,90591.1165625,88125.8346875,0.05641020622279358,65.84471492143922,1725.207600829206,1665.2125765123924,59.99502431681367,97927.26609332484,94937.32109375,91947.37609417515,1.1239583578093515,85083050,bull,hold
2025-07-15,95794.6875,97997.9653125,95603.098125,97806.3759375,1241921,94956.480078125,90771.210625,88174.3496484375,0.004016074122348057,55.52538845338817,1612.3879518150352,1654.647651572921,-42.259699757885755,97963.19716754643,94956.480078125,91949.76298870356,0.6393891405387091,83841129,bull,hold
2025-07-16,95315.7109375,96273.65778109296,94932.53220006281,95507.30030621859,668896,94985.218359375,90945.55703125,88207.493359375,0.00606670772709883,54.00620212672351,1467.4127408858185,1617.2006694355005,-149.78792854968196,97994.13218592586,94985.218359375,91976.30453282413,0.5549189171203104,83172233,bull,hold
2025-07-17,95986.2734375,96465.24685784681,94357.76380832086,95794.68406936128,687922,95081.012890625,91152.47359375,88237.7254296875,0.02036656562585404,55.828306177898,1390.5976868428552,1571.8800729169716,-181.2823860741164,98089.31697848946,95081.012890625,92072.70880276055,0.6504602793525482,83860155,bull,hold
2025-07-18,95603.09375,97135.8086798597,95219.91501753507,96273.65653181363,586973,95133.7,91376.633125,88252.617734375,0.011144890684982034,54.49964132994542,1284.0006445089966,1514.3041872353767,-230.3035427263801,98139.82220148569,95133.7,92127.5777985143,0.5780729655248243,83273182,bull,hold
2025-07-21,95124.1171875,95986.26930702417,94932.52782760575,95507.29590728853,422784,95296.55078125,91596.96078125,88255.7184375,0.03545355812476725,52.80781545470918,1147.6430007202434,1440.97194993235,-293.32894921210664,97903.57484675721,95296.55078125,92689.52671574279,0.46692903682182696,82850398,bull,hold
2025-07-22,93687.203125,95507.30216321575,93495.61375255624,95028.32873210634,646392,95339.65859375,91759.81171875,88262.3736328125,0.009287969993281964,47.994395436487956,913.1059129858186,1335.3987425430437,-422.2928295572251,97806.53414962087,95339.65859375,92872.78303787914,0.16507117377336653,82204006,bull,hold
2025-07-23,101638.15625,101638.15625,96273.6541293591,96561.03817153629,3318750,95579.1453125,92022.2890625,88306.098828125,0.04945598784440697,66.29930251093674,1353.2100859803759,1338.9610112305102,14.249074749865713,99230.857331774,95579.1453125,91927.433293226,1.3296123716109198,85522756,bull,hold
2025-07-24,100584.4140625,104416.20126488095,99626.46726190476,102691.89702380952,2027261,95861.739453125,92238.785,88349.0299609375,0.0595357854476255,63.1279889021893,1598.540644326742,1390.8769378497566,207.66370647698545,100097.5963890033,95861.739453125,91625.8825172467,1.0574638946576884,83495495,bull,hold
2025-07-25,99722.265625,102500.31144932758,98093.75600384246,100584.41777737753,1395349,96168.282421875,92462.94453125,88378.2536328125,0.06550664874746448,60.574960014685225,1703.7588344063697,1453.4533171610792,250.3055172452905,100586.02613428883,96168.282421875,91750.53870946118,0.90223963118756,82100146,bull,hold
2025-07-28,101063.390625,102979.28428613745,100105.44379443128,101829.74808945498,1045072,96580.199609375,92736.91734375,88414.630390625,0.0887513018021302,63.07650584356685,1873.7630137062806,1537.5152564701195,336.2477572361611,101205.64321089286,96580.199609375,91954.75600785716,0.9846228169503379,83145218,bull,hold
2025-07-29,101254.984375,101925.54718543046,99147.50125650426,99913.85875413907,1196086,96915.48125,92999.39484375,88473.8907421875,0.07092203914341355,63.43346367039179,2000.887578528651,1630.189720881826,370.697857646825,101864.31213817411,96915.48125,91966.65036182589,0.9384372009326306,84341304,bull,hold
2025-07-30,105757.328125,107673.22175045291,100584.41533627718,100584.41533627718,1917384,97413.61328125,93361.49875,88561.0323828125,0.10399992823192838,70.62117376768848,2436.845783691155,1791.5209334436918,645.324850247463,103649.22075636405,97413.61328125,91178.00580613595,1.1690378505261338,86258688,bull,hold
2025-07-31,97997.9609375,108439.58140884654,97997.9609375,107960.60799272973,3132736,97518.9875,93574.16296875,88612.5094140625,0.021978036302972903,51.74393345389069,2131.6572994601593,1859.5482066469854,272.1090928131739,103719.20435295455,97518.9875,91318.77064704546,0.5386255391431798,83125952,bull,hold
2025-08-01,96561.0390625,99722.26355561755,96561.0390625,97040.01247054811,1374554,97600.412890625,93758.08875,88646.0627734375,0.017154370488777992,49.12515337785593,1753.630875353716,1838.3647403883317,-84.73386503461575,103704.65326120812,97600.412890625,91496.17252004187,0.4148646051739843,81751398,bull,hold
2025-08-04,98476.9375,99339.08967655642,96273.65971546693,96465.24908803502,775610,97801.58203125,94018.6503125,88692.7753125,0.04259641498735944,52.571825768729596,1590.3071321038879,1788.7532187314432,-198.44608662755536,103740.68888138751,97801.58203125,91862.47518111249,0.5568566525061225,82527008,bull,hold
2025-08-05,97135.8125,99818.06373274162,97040.01781311637,98668.52749013806,891875,97911.74609375,94292.623125,88727.41265625,0.023208917122390593,50.01736543510081,1337.239445716099,1698.4504641283745,-361.2110184122755,103714.05641217956,97911.74609375,92109.43577532044,0.4331358070176422,81635133,bull,hold
2025-08-06,97518.984375,98381.13649619352,96944.21629420432,97040.01097433694,780400,98017.119921875,94555.10046875,88762.6234765625,0.022088284849680395,50.7536224452719,1154.2942632673657,1589.6192239561728,-435.3249606888071,103709.4836240357,98017.119921875,92324.7562197143,0.45624528113989665,82415533,bull,hold
2025-08-07,97518.984375,98955.9045769892,97231.60033460216,98668.52053659136,649320,98098.5453125,94815.661875,88797.834296875,0.016982998425694174,50.7536224452719,997.8067925366777,1471.256737672274,-473.4499451355964,103712.95441317481,98098.5453125,92484.1362118252,0.44838629256368695,83064853,bull,hold
2025-08-08,97614.78125,98093.75466143277,97135.80783856723,97997.95997914622,664464,98151.232421875,95062.8121875,88839.78859375,0.010912705556305857,50.96306297081406,871.4735471774475,1351.300099573309,-479.8265523958614,103726.58050640195,98151.232421875,92575.88433734805,0.45189079105537894,83729317,bull,hold
2025-08-11,97327.3984375,98429.03729776698,97040.01438699556,97327.3984375,536398,98084.176171875,95223.7471875,88888.807734375,-0.013592227321102213,50.27233096009938,739.6380616717652,1228.967691993,-489.32963032123484,103665.28202903048,98084.176171875,92503.07031471953,0.43220181145599046,83192919,bull,hold
2025-08-12,97518.984375,99339.08329751964,96752.6269339391,96848.4216140717,655429,98170.391015625,95461.31796875,88950.418828125,0.017999921707558153,50.75155009173985,643.2024362850061,1111.8146408514012,-468.6122045663951,103659.88527915839,98170.391015625,92680.89675209162,0.4406678821988859,83848348,bull,hold
2025-08-13,98860.1171875,98955.9118746972,97806.3756283309,98476.93843871124,534661,98347.611328125,95744.8703125,89019.183046875,0.037185960374613636,54.08707257943416,667.3024705399876,1022.9122067891186,-355.60973624913106,103683.73575334791,98347.611328125,93011.48690290209,0.5480222928229032,84383009,bull,hold
2025-08-14,99339.0859375,100297.03276428398,98764.3178414296,99243.2912548216,574716,98515.251953125,96015.01125,89090.7895703125,0.03493012469312218,55.25269597640355,716.7880105341901,961.687367538133,-244.8993570039429,103753.88072584078,98515.251953125,93276.62318040922,0.5786306894531021,84957725,bull,hold
2025-08-18,97902.1640625,99051.7002354452,97806.36938142123,97806.36938142123,539476,98630.20546875,96189.3575,89166.3980078125,0.024048074411817888,51.06426807663421,632.7639619765396,895.9026864258144,-263.13872444927483,103706.56405021643,98630.20546875,93553.84688728358,0.42829097919638154,84418249,bull,hold
2025-08-19,99626.46875,99626.46875,97614.78043870193,98189.54852764423,627551,98855.323046875,96356.04015625,89248.390703125,0.047331336107176325,55.43044567822623,697.273540462993,856.1768572332502,-158.90331677025722,103683.02248342174,98855.323046875,94027.62361032826,0.5798667888567443,85045800,bull,hold
2025-08-20,100680.2109375,101063.38966609181,98955.90665883682,99818.05879816841,713124,99204.9734375,96559.12484375,89345.0487890625,0.07464208108731496,57.90238520062486,823.9283016365516,849.7271461139105,-25.798844477358898,103464.29389084349,99204.9734375,94945.6529841565,0.6731775662526128,85758924,bull,hold
2025-08-21,99530.6796875,101350.77873857073,99530.6796875,101254.98405167228,433907,99099.599609375,96693.2375,89427.9048828125,-0.02073509241269811,54.36034985460334,822.069244987506,844.1955658886296,-22.126320901123677,103214.75906462145,99099.599609375,94984.44015412855,0.552377080744151,85325017,bull,hold
2025-08-22,100392.828125,101063.39090827767,99818.06002504771,99818.06002504771,553097,99090.0203125,96815.8546875,89502.5427734375,-0.0019047278774318999,56.50917005849812,880.0197825703071,851.3604092249652,28.65937334534192,103192.18114516772,99090.0203125,94987.85947983227,0.6587953112570624,85878114,bull,hold
2025-08-25,100297.03125,100871.79933739256,98860.11103151862,100584.41529369628,440278,99118.75859375,96959.54671875,89584.756015625,0.005763663925981932,56.19258474685317,907.7519939805206,862.6387261760764,45.11326780444426,103246.20916225467,99118.75859375,94991.30802524532,0.6427361317469245,85437836,bull,hold
2025-08-26,98668.5234375,100201.23836468447,98668.5234375,99913.85431583738,606440,98999.015234375,97064.92078125,89657.036875,-0.02369668356354926,50.96537153751625,789.2253028463019,847.9560415101216,-58.73073866381969,103031.72126119917,98999.015234375,94966.30920755082,0.4590235694498091,84831396,bull,hold
2025-08-27,99147.5,99626.4734299517,98572.73188405798,98764.32125603865,383772,98893.641015625,97139.640625,89741.556796875,-0.02081363587193774,52.36880485993928,725.5774466545699,823.4803225390114,-97.90287588444141,102792.97854747699,98893.641015625,94994.30348377302,0.5325515529626932,85215168,bull,hold
2025-08-28,101254.984375,102691.90468306528,98955.91188209555,100105.44812854777,974330,98668.523828125,97269.92140625,89825.8750390625,-0.04257240448319999,58.05710013913207,835.5606154883571,825.8963811288805,9.664234359476609,101256.04591304928,98668.523828125,96081.00174320073,0.999794873625337,86189498,bull,hold
2025-08-29,101350.7734375,103266.66707525993,101063.38939183601,101446.568119388,704357,98836.164453125,97415.52921875,89896.8008984375,0.03421308431242065,58.30085542507044,919.848999298425,844.6869047627895,75.16209453563556,101652.51292210234,98836.164453125,96019.81598414767,0.9464307261821359,86893855,bull,hold
2025-09-01,102021.3359375,103362.46148034038,101542.36252934273,102308.71998239437,496884,99109.179296875,97564.96890625,89972.8694140625,0.056547619288414896,60.051137440857104,1028.8964624054788,881.5288162913274,147.3676461141514,102046.43901427166,99109.179296875,96171.91957947833,0.9957267863268987,87390739,bull,hold
2025-09-02,102691.8984375,102691.8984375,101302.87555751516,101733.95162371735,400273,99319.92734375,97781.46484375,90061.24,0.04280150301688668,61.77884173181998,1156.099358430598,936.4429247191816,219.6564337114163,102627.05072224245,99319.92734375,96012.80396525754,1.0098042479574971,87791012,bull,hold
2025-09-03,102500.3125,103266.66997663552,101638.16033878505,101638.16033878505,544535,99588.15234375,97974.97015625,90148.65265625,0.055226799075778654,60.96755786105996,1227.3016169012117,994.6146631555877,232.686953745624,103011.335782649,99588.15234375,96164.968904851,0.9253584723444799,87246477,bull,hold
2025-09-04,102500.3125,102691.90186915887,101350.77628504673,101542.3656542056,563510,99837.21875,98088.00796875,90245.0145703125,0.051080598889799544,60.96755786105995,1269.1005189291755,1049.5118343103052,219.58868461887027,103345.76441679882,99837.21875,96328.67308320118,0.8795153324069165,87809987,bull,hold
2025-09-05,102117.1328125,102500.3115472561,101638.15939405488,101733.95407774391,442357,100067.126171875,98231.7,90332.3011328125,0.04715131588961441,59.165334473122826,1256.8192218692711,1090.9733118220984,165.84591004717277,103540.34118227536,100067.126171875,96593.91116147465,0.795116575634731,87367630,bull,hold
2025-09-08,100488.625,101638.16122497617,99722.26751668255,101638.16122497617,713309,100210.818359375,98369.644375,90423.5266796875,0.029440661682576863,52.114501011771324,1102.9649417298206,1093.371637803643,9.593303926177668,103499.18662627105,100210.818359375,96922.45009247895,0.5422408042647892,86654321,bull,hold
2025-09-09,101063.390625,101446.56935722749,100297.03316054503,101063.390625,599237,100397.61796875,98534.41125,90522.548125,0.03838582195227502,54.189526963085655,1015.704687298843,1077.838247702683,-62.133560403839965,103423.56299252814,100397.61796875,97371.67294497186,0.6100106993052258,87253558,bull,hold
2025-09-10,101542.3671875,102500.31404775944,100488.62564121463,100488.62564121463,704159,100598.787109375,98674.2715625,90616.357578125,0.04125743144563998,55.90436563881293,973.97236545349,1057.0650712528445,-83.09270579935446,103355.46102475215,100598.787109375,97842.11319399785,0.6711446669229839,87957717,bull,hold
2025-09-11,102117.1328125,102308.72217987805,100967.59660823172,101446.57002667684,1118881,100761.637890625,98800.72046875,90717.0680078125,0.03294569860586627,57.939057735392296,976.0269510110957,1040.8574472044947,-64.83049619339909,103472.66162406938,100761.637890625,98050.61415718062,0.7499968748249998,89076598,bull,hold
2025-09-12,101446.5703125,102117.13310021246,100967.59689270538,101638.15968041784,906762,100867.012109375,98911.84234375,90791.6051171875,0.021215057045380403,54.764139598115776,913.0216895418562,1015.2902956719671,-102.26860613011092,103511.6917595461,100867.012109375,98222.33245920391,0.6095705869494441,88169836,bull,hold
2025-09-15,97423.1953125,100680.21462481564,97040.01656987463,100392.83056784661,2334779,100843.063671875,98961.655625,90852.2898046875,-0.004892320354575874,40.4439053303159,532.3007959173265,918.692395721039,-386.39159980371255,103600.9517006518,100843.063671875,98085.1756430982,-0.12001580986807019,85835057,bull,hold
2025-09-16,97135.8125,97614.78593441815,96273.66031804733,97423.19656065089,1317017,100718.530859375,99015.30078125,90899.0086328125,-0.024999945107459176,39.6464378395341,205.02396491900436,775.9587095606321,-570.9347446416277,103880.27631136842,100718.530859375,97556.78540738157,-0.06657286517422721,84518040,bull,hold
2025-09-17,96752.6328125,97231.60624226485,96273.65938273515,96944.22218440594,1005177,100522.151953125,99051.7028125,90946.0488671875,-0.039010428051627244,38.55483386003792,-84.29300269985106,603.9083671085355,-688.2013698083865,104126.0042509142,100522.151953125,96918.2996553358,-0.02298468820953406,83512863,bull,hold
2025-09-18,97710.578125,97902.16749387255,96848.42596507353,97231.60470281863,1143276,100431.146875,99097.68421875,90996.98390625,-0.018286839477180683,42.795317918192936,-233.5879466724582,436.4091043523367,-669.9970510247949,104217.83536427414,100431.146875,96644.45838572587,0.1407720416260717,84656139,bull,hold
2025-09-22,97614.78125,98189.54934371934,96944.21847399411,97231.60252085378,737975,100292.24453125,99132.1703125,91050.1247265625,-0.02767176626940948,42.479596962697585,-355.53686492252746,278.0199104973639,-633.5567754198914,104273.18960394574,100292.24453125,96311.29945855428,0.163715118852803,83918164,bull,hold
2025-09-23,98476.9375,98572.73218628405,97040.0172057393,97040.0172057393,597793,100201.23984375,99170.48828125,91107.1288671875,-0.018147035134701506,46.31803783592139,-378.2531898771849,146.76529042245414,-525.0184802996391,104260.04010986786,100201.23984375,96142.43957763213,0.28758472569540294,84515957,bull,hold
2025-09-24,98668.5234375,99243.29153519418,98189.55002275486,98572.72875455098,680285,100201.23984375,99170.48828125,91178.5148046875,0.0,47.16184443008718,-376.45709401683416,42.12081353459648,-418.57790755143066,104260.04010986786,100201.23984375,96142.43957763213,0.3111860271808844,85196242,bull,hold
2025-09-25,97710.578125,98668.52496936276,97135.81001838236,98668.52496936276,775758,100129.39375,99208.80609375,91241.9787890625,-0.014492769610933154,43.481559706792495,-447.1770769579598,-55.73876456391478,-391.438312394045,104309.32410627128,100129.39375,95949.46339372873,0.2106631667473859,84420484,bull,hold
2025-09-26,95986.2734375,97040.01496226298,95986.2734375,96944.22027819362,700206,99865.958203125,99222.21734375,91306.21796875,-0.052034089679844464,37.768390452616174,-635.0398070177471,-171.59897305468124,-463.44083396306587,104379.70642025027,99865.958203125,95352.20998599974,0.07023690965909542,83720278,bull,hold
2025-09-29,96465.25,96944.22343594836,95794.68718967229,96369.45531281033,639908,99621.68203125,99231.796875,91367.035,-0.04820410611383008,40.1219467221806,-736.7798292068328,-284.63514428511155,-452.14468492172125,104312.87245325721,99621.68203125,94930.4916092428,0.1635787777402271,84360186,bull,hold
2025-09-30,96465.25,97518.9915590864,95986.27656405163,95986.27656405163,885167,99343.877734375,99249.04,91410.8484765625,-0.05446003903442076,40.1219467221806,-808.0943214722647,-389.3269797225422,-418.7673417497225,104091.45727828026,99343.877734375,94596.29819046974,0.1968320690834494,85245353,bull,hold
2025-10-01,96369.453125,97231.6052901342,95986.27438494036,96273.6584399851,580310,99027.75546875,99273.94671875,91453.7355078125,-0.06156712855345592,39.77304043915512,-862.4003630309744,-483.9416563842287,-378.4587066467457,103682.577721433,99027.75546875,94372.93321606699,0.21445715867907014,84665043,bull,hold
2025-10-02,99818.0625,100584.41998560462,96465.24850047985,96465.24850047985,1580346,98893.64296875,99396.56390625,91532.2115234375,-0.026168212901789945,54.958213523579865,-620.0171649583936,-511.1567580990617,-108.86040685933187,103287.79955757566,98893.64296875,94499.48637992435,0.6051873678786042,86245389,bull,hold
2025-10-10,96369.453125,98189.55214028331,96369.453125,96848.42655007455,1354370,98587.1,99291.18984375,91589.8648046875,-0.05981307983817119,43.22220514424597,-698.1528184347408,-548.5559701661975,-149.59684826854323,102782.98269763215,98587.1,94391.21730236786,0.2357353583488538,84891019,bull,hold
2025-10-13,96848.421875,97423.18995734422,95890.47507109298,96656.83251421861,564201,98323.664453125,99216.47,91662.441875,-0.05159477937139134,44.97956100076395,-713.2057199511619,-581.4859201231905,-131.71979982797143,102253.06802820675,98323.664453125,94394.26087804326,0.3122816160345254,85455220,bull,hold
2025-10-14,98189.5546875,99530.6803125,96273.6609375,96369.455625,971824,98208.7109375,99185.81578125,91724.7210546875,-0.022878911045902006,49.676365502275296,-609.8866495443508,-587.1660660074226,-22.72058353692819,102010.49229165351,98208.7109375,94406.92958334649,0.4974806218170501,86427044,bull,hold
2025-10-15,99434.8828125,99434.8828125,97518.98911669075,97806.37317106214,598957,98127.285546875,99153.245625,91790.094609375,-0.01611372627050134,53.63432806510291,-422.6459701709973,-554.2620468401376,131.61607666914028,101746.3850699054,98127.285546875,94508.18602384461,0.6806522944870688,87026001,bull,hold
2025-10-16,106619.484375,107385.84185478436,103649.84914083558,104703.59067553908,2290270,98381.14140625,99260.535625,91888.2589453125,0.0499999884592508,68.85400579129116,301.99965506648005,-383.0097064588141,685.0093615252941,103374.24082776137,98381.14140625,93388.04198473862,1.3249728548621926,89316271,bull,hold
2025-10-17,107385.84375,108631.17467662801,105469.95001672613,106140.51282337199,1054766,98644.576953125,99293.1059375,91986.2279296875,0.05159477937139134,69.98575648595948,927.4344437275868,-120.92087642153393,1048.3553201491206,104815.3836415621,98644.576953125,92473.77026468789,1.2082758574542967,90371037,bull,hold
2025-10-20,109684.9140625,113037.72802947598,106523.6894650655,112079.78118176856,1188885,99056.494140625,99526.845,92108.2212109375,0.08120869660376173,73.1391150087532,1590.2800216674514,221.31930319626315,1368.960718471188,106815.85799658381,99056.494140625,91297.13028466619,1.1848770156404569,91559922,bull,hold
2025-10-21,110930.2421875,114762.029482405,110355.47409326425,110355.47409326425,1725109,99731.846484375,99814.2290625,92234.6512890625,0.13864302881540747,74.69025146694443,2190.8230454474833,615.2200516465073,1575.602993800976,109007.99707716226,99731.846484375,90455.69589158773,1.1036122199133116,93285031,bull,hold
2025-10-22,113133.5234375,113612.49686441575,110451.2722467718,113420.90749364944,1259947,100531.73203125,100107.36078125,92344.802578125,0.1646942618357159,77.19898582876874,2812.127644757231,1054.601570268652,1757.5260744885788,111397.3112983322,100531.73203125,89666.15276416778,1.079895056512437,94544978,bull,hold
2025-10-23,110163.8828125,112558.74983016304,109876.49877038044,111409.21366168479,1129493,101202.29453125,100367.9221875,92445.4751953125,0.13861379902694826,67.4890022335355,3029.9633049599215,1449.673917206906,1580.2893877530155,112689.74612405927,101202.29453125,89714.84293844072,0.8900598931298058,93415485,bull,hold
2025-10-24,110068.09375,111313.42466275021,108918.55752284595,111026.04060596171,738758,101820.1703125,100618.904375,92542.9841015625,0.126470601874765,67.19541090405716,3158.4614804183366,1791.4314298491922,1367.0300505691444,113808.35302040102,101820.1703125,89831.987604599,0.8440022411430242,92676727,bull,hold
2025-10-27,109972.296875,112558.75333460367,109972.296875,110547.06497713416,916818,102438.04609375,100867.970625,92641.35640625,0.1265947171807036,66.88205352946935,3215.500910131712,2076.245325905696,1139.2555842260158,114764.59535859292,102438.04609375,90111.49682890708,0.8056107033433418,91759909,bull,hold
2025-10-28,108822.7578125,109397.52589953785,108056.40036311619,109301.73121836488,872146,102955.337109375,101092.13015625,92735.3233984375,0.10505830679899031,63.08057101931998,3131.8449152047833,2287.3652437655137,844.4796714392696,115440.86029774105,102955.337109375,90469.81392100896,0.734968956230534,90887763,bull,hold
2025-10-29,110930.2421875,111696.599646481,108343.78576343913,110451.26877563687,1165316,103568.423046875,101364.18703125,92829.536171875,0.12427183789536467,66.8056299058988,3198.7303403736587,2469.638263087143,729.0920772865156,116352.36843668835,103568.423046875,90784.47765706165,0.787932203875461,92053079,bull,hold
2025-10-30,111313.421875,120892.8901947074,111217.62719180294,120797.09551151033,2737130,104248.565234375,101640.07578125,92934.6141015625,0.13921567153761027,67.44871595880545,3245.2477244475886,2624.760155359232,620.4875690883564,117160.3047799453,104248.565234375,91336.82568880469,0.7735826809273262,94790209,bull,hold
2025-10-31,114857.828125,117444.2846382402,111121.83538365304,112079.78224040868,3039559,105192.14296875,101960.03,93058.308984375,0.19660680649080442,72.71449217175157,3527.454746449119,2805.2990735772096,722.1556728719092,118307.39595901087,105192.14296875,92076.88997848914,0.8684902290267502,97829768,bull,hold
2025-11-03,112750.34375,116007.36302570094,112558.75438084111,115624.18428738318,1371107,106006.39765625,102228.25515625,93167.439296875,0.16881824024713565,65.88930232963085,3540.239787943763,2952.28721645052,587.9525714932429,118873.07422195323,106006.39765625,93139.72109054678,0.7620702424325457,96458661,bull,hold
2025-11-04,109589.1171875,113995.67259888549,108726.96504179414,111696.60021033653,1179087,106662.591015625,102461.99421875,93264.790625,0.13604761494424156,57.214218625199344,3257.7343278561893,3013.376638731654,244.35768912453523,118835.90129159807,106662.591015625,94489.28073965193,0.6202025622254612,95279574,bull,hold
2025-11-05,106332.1015625,109780.71026182432,104799.38658502253,109589.12088963964,1290707,107160.7234375,102596.106875,93346.7518359375,0.10337973408002576,49.9214144850753,2739.454053396039,2958.592121664531,-219.13806826849213,118386.98936009686,107160.7234375,95934.45751490313,0.463094501737568,93988867,bull,hold
2025-11-06,107290.046875,108439.58309151787,105613.63989257812,107769.0202985491,865031,107534.32265625,102728.30359375,93439.7672265625,0.0748560349485845,51.86479981130804,2378.59244957802,2842.592187247229,-463.999737669209,118243.71815933684,107534.32265625,96824.92715316317,0.48859525819269645,94853898,bull,hold
2025-11-07,105469.9453125,106906.86554836512,104320.40912380791,105565.73999489102,536664,107989.347265625,102847.08890625,93515.1803125,0.09443336962487292,48.04944582318225,1923.5663681014848,2658.7870234180805,-735.2206553165956,117464.81194523301,107989.347265625,98513.88258601697,0.36705654876499333,94317234,bull,hold
2025-11-10,108918.5546875,109972.29620162709,106715.27697614336,106811.07165924582,699593,108592.85390625,103017.6034375,93597.54484375,0.12462911195474757,54.8297298289866,1820.2462103280996,2491.0788608000844,-670.8326504719848,116572.59020565635,108592.85390625,100613.11760684366,0.5204079915068262,95016827,bull,hold
2025-11-11,111121.8359375,111121.8359375,109014.35284213362,109301.73690059267,959520,109239.46796875,103234.09953125,93680.634140625,0.1317073011600729,58.55171692937126,1894.314149846643,2371.725918609396,-477.4117687627531,115692.15543372765,109239.46796875,102786.78050377236,0.6458592236929701,95976347,bull,hold
2025-11-12,113612.4921875,114857.82304621628,110451.26769998946,110834.44642574832,1238570,109948.3484375,103532.97890625,93777.071640625,0.1425818482808905,62.3304099091151,2129.4417902119167,2323.2690929299006,-193.8273027179839,114870.32157752229,109948.3484375,105026.3752974777,0.8722230542265216,97214917,bull,hold
2025-11-13,113037.7265625,113708.2893471928,111792.39567664194,112271.36909427965,783292,110269.260546875,103810.7834375,93864.81828125,0.060197647973290636,60.94949521096852,2243.541210267751,2307.323516397471,-63.78230612971993,115117.6072252646,110269.260546875,105420.9138684854,0.7855061940975476,96431625,bull,hold
2025-11-14,112079.78125,114474.6483707265,110930.24503205129,111600.8078258547,667473,110503.957421875,104027.279375,93962.9889453125,0.04371095235725608,58.61852682940608,2230.9506317044725,2292.0489394588712,-61.098307754398775,115224.01182619078,110503.957421875,105783.90301755923,0.6669285661923878,95764152,bull,hold
2025-11-17,112462.9609375,113899.88122205068,111888.19282367972,113133.52373695698,619912,110642.859765625,104249.523125,94062.628046875,0.02532752018583917,59.289217347813725,2226.229320075654,2278.885015582228,-52.65569550657392,115421.46946774994,110642.859765625,105864.25006350008,0.6904425434730148,96384064,bull,hold
2025-11-18,109684.9140625,112367.16523608078,109684.9140625,111409.21838837335,514941,110580.593359375,104402.7946875,94156.878671875,-0.011226227406004208,52.6293442737785,1975.5495751234266,2218.217927490468,-242.66835236704128,115375.02935609035,110580.593359375,105786.15736265964,0.4065917975035417,95869123,bull,hold
2025-11-19,109684.9140625,111505.0130731441,109301.73532341703,110834.45027974891,615044,110408.162890625,104542.655,94253.3666015625,-0.030482648027002957,52.6293442737785,1756.6346800739848,2125.9012780071716,-369.26659793318686,115069.13332007399,110408.162890625,105747.192461176,0.4224143513596054,96484167,bull,hold
2025-11-20,108631.171875,111313.4230324074,108631.171875,110547.06555886244,651240,110331.52734375,104665.2721875,94344.5858203125,-0.013913007588055804,50.15115028866679,1481.042326487397,1996.9294877032169,-515.8871612158198,115056.01230812732,110331.52734375,105607.04237937268,0.32004858925674406,95832927,bull,hold
2025-11-21,109205.9375,109876.50027412281,106811.0704495614,107194.24917763159,680023,110288.41953125,104799.3846875,94429.729609375,-0.007832935236965488,51.492846614779054,1294.094665398312,1856.362523242236,-562.267857843924,115037.4021688515,110288.41953125,105539.43689364848,0.3860301127783545,96512950,bull,hold
2025-11-24,106427.890625,110163.88318519351,106427.890625,110068.08850416291,1566600,110111.19921875,104885.59984375,94502.3255859375,-0.03222999201361365,45.165273139756785,911.2676056801138,1667.3435397298117,-756.0759340496979,115149.84565564453,110111.19921875,105072.55278185547,0.1344942396851193,94946350,bull,hold
2025-11-25,106523.6875,108439.58116007195,106332.09813399281,107481.63433003597,632037,109996.245703125,105006.30109375,94579.87515625,-0.02112674185726171,45.41436818744852,608.5889750669303,1455.5926267972354,-847.0036517303051,115247.63908850166,109996.245703125,104744.85231774833,0.16936792311209425,95578387,bull,hold
2025-11-26,108439.578125,108439.578125,106906.863239841,108439.578125,527546,109871.7125,105153.82484375,94665.661796875,-0.0224525252391512,50.279034092785416,517.346690682607,1267.9434395743099,-750.5967488917029,115146.67897538615,109871.7125,104596.74602461384,0.3642518031458054,96105933,bull,hold
2025-11-27,109205.9375,109205.9375,108056.40131578948,108247.99067982456,477958,109766.33828125,105307.09625,94781.68046875,-0.01893288643454527,52.11726503374294,501.09896285236755,1114.5745442299215,-613.4755813775539,115005.97591168512,109766.33828125,104526.70065081489,0.44652294483163824,96583891,bull,hold
2025-11-28,109301.734375,110451.27058227432,108152.19816772567,109205.93969106047,609629,109488.53359375,105450.78828125,94895.4933984375,-0.048373661949739244,52.35439525662753,490.3006480240874,989.7197649887547,-499.4191169646673,114179.33505115821,109488.53359375,104797.7321363418,0.48008877369399283,97193520,bull,hold
2025-12-01,107577.4296875,109589.11804318789,106332.09880064559,109110.14462516695,690993,109229.887890625,105573.40546875,94994.4203125,-0.045879364004156264,47.76876220496306,338.7015869988245,859.5161293907687,-520.8145423919442,113739.72274822865,109229.887890625,104720.05303302135,0.3167939342236742,96502527,bull,hold
2025-12-02,112079.78125,112079.78125,108152.19917200855,108439.58322649573,984373,109354.42109375,105866.5371875,95112.7267578125,0.022727293789935654,58.09080296306517,575.2294947482587,802.6588024622667,-227.42930771400802,114031.50839917308,109354.42109375,104677.33378832693,0.7913522859718639,97486900,bull,hold
2025-12-03,113612.4921875,114187.26027613829,111600.80387726602,112367.16132878372,1066553,109718.440625,106196.07078125,95248.988359375,0.06846841657428104,60.922018366412935,876.2555998824537,817.3781619463042,58.87743793614948,114529.30911250973,109718.440625,104907.57213749028,0.9047139900633301,98553453,bull,hold
2025-12-04,115241.0078125,115815.7759312656,112750.3459645158,114283.0609478907,1315070,110115.988671875,106565.83828125,95401.894296875,0.07410716249162785,63.726001277085714,1232.026522994638,900.307834155971,331.71868883866705,115353.60341838887,110115.988671875,104878.37392536114,0.9892512516347434,99868523,bull,hold
2025-12-05,118402.2265625,118593.81592586974,113229.313751517,113708.28715994135,2075345,110762.602734375,106979.67125,95574.18609375,0.12261579553950241,68.45738560982947,1748.9012317236047,1070.026513669498,678.8747180541068,116693.4857332357,110762.602734375,104831.7197355143,1.1440545050030944,101943868,bull,hold
2025-12-08,120318.125,121898.73731090764,118210.64191878981,120030.74094347135,1464750,111332.58125,107433.738125,95765.4540234375,0.10466141737931323,70.93201590497058,2286.7647537280864,1313.3741616812158,973.3905920468706,118505.9604834584,111332.58125,104159.2020165416,1.1263117742394837,103408618,bull,hold
2025-12-09,118593.8203125,120797.09807274838,118114.84688635905,119360.17779432553,966759,111706.18046875,107836.07578125,95936.4664453125,0.06724136900692135,65.91953230132896,2544.5564297574892,1559.6106152964705,984.9458144610187,119544.24782934446,111706.18046875,103868.11310815554,0.9393710545521278,102441859,bull,hold
2025-12-10,118210.640625,119072.79278514993,116869.51504254458,118593.81936284441,700984,111936.087890625,108226.918125,96102.4307421875,0.040472208196185466,64.8232693269124,2686.9651304385625,1785.081518324889,901.8836121136735,120240.22335253331,111936.087890625,103631.95242871669,0.8777968677869502,101740875,bull,hold
2025-12-11,117731.6640625,121084.47792921074,117348.4853348759,119360.17365490235,1030322,112170.784765625,108627.33984375,96269.1323828125,0.04152540609886257,63.403843568736505,2729.70925697856,1974.0070660556235,755.7021909229366,120843.34807512644,112170.784765625,103498.22145612355,0.8206018277654221,100710553,bull,hold
2025-12-12,120509.7109375,120509.7109375,117923.25450243441,118210.63855077504,684563,112592.28125,109117.80859375,96451.5141015625,0.07521365221704523,67.80690257257244,2953.7010241312237,2169.945857670744,783.7551664604798,121994.86593847653,112592.28125,103189.69656152347,0.9210241093176919,101395116,bull,hold
2025-12-15,118785.40625,120030.7371219758,118402.22752016128,119647.5583921371,654771,112908.403515625,109564.21171875,96620.3522265625,0.0562180228921203,62.75961097915239,2957.98136777927,2327.5529596924493,630.4284080868206,122689.83901258338,112908.403515625,103126.96801866662,0.8004161677599623,100740345,bull,hold
2025-12-16,115719.9765625,120126.53196140315,115145.2084669909,119072.79045296978,971830,113210.156640625,109949.30625,96776.1005078125,0.05502180998711581,54.931326339526564,2683.0900224290817,2398.660372239776,284.4296501893059,122947.45977527523,113210.156640625,103472.85350597478,0.6288765424660444,99768515,bull,hold
2025-12-17,116390.5390625,116773.71779192386,115145.20819187243,116773.71779192386,811670,113545.437890625,110349.72796875,96934.7541015625,0.06113534443012858,56.21784499054184,2490.6349510301807,2417.055287997857,73.57966303232388,123235.7896743639,113545.437890625,103855.08610688611,0.6468007165977854,100580185,bull,hold
2025-12-18,115336.796875,116103.15432931893,114091.46601173173,114762.0287842608,658756,113880.719140625,110660.10265625,97086.796640625,0.061728368425556956,53.62720957964677,2227.408553056346,2379.125941009555,-151.7173879532088,123328.73771246956,113880.719140625,104432.70056878045,0.5770573069529181,99921429,bull,hold
2025-12-19,115911.5703125,116773.72248837809,113229.31909865703,116103.15968491735,1103568,114216.00078125,111050.945,97249.3198828125,0.06140355520962393,54.84941030129007,2041.6443439252034,2311.629621592685,-269.98527766748157,123450.1523090686,114216.00078125,104981.8492534314,0.5918097091076515,101024997,bull,hold
2025-12-22,116007.359375,116677.92214595375,114474.64446996283,116582.12746438893,532952,114694.97421875,111434.12375,97408.294921875,0.09000900697875691,55.061977953422875,1880.4772751594865,2225.3991523060454,-344.9218771465589,123230.94243474607,114694.97421875,106159.00600275391,0.5768738310078666,101557949,bull,hold
2025-12-23,115145.2109375,116773.72057638312,114762.03219893927,116294.7471531822,398278,115126.050390625,111773.236875,97560.721875,0.08093527026559233,52.65896096855393,1664.001465298512,2113.119614904539,-449.11814960602715,122794.55767778584,115126.050390625,107457.54310346415,0.5012493009498137,101159671,bull,hold
2025-12-24,115911.5703125,117348.49060563016,114953.62345041322,115241.00750903925,423315,115499.65,112102.770625,97723.2451171875,0.0689046593199294,54.5574279543344,1536.5690120991785,1997.8094943434671,-461.2404822442886,122530.24907678399,115499.65,108469.050923216,0.5292948231012221,101582986,bull,hold
2025-12-26,114762.03125,116582.13024311353,114091.46846306343,116198.9515077212,425261,115777.4546875,112265.6215625,97879.573203125,0.05087721306362125,51.238214418555245,1327.5168912210793,1863.7509737189896,-536.2340824979103,122204.52824227021,115777.4546875,109350.38113272977,0.4210042153052427,101157725,bull,hold
2025-12-29,116007.359375,116103.15405656482,113325.10829118497,113612.49233587943,425379,116112.7359375,112438.051875,98030.4939453125,0.061349666941183933,54.46986911512669,1247.9436339380045,1740.5895057627927,-492.6458718247882,121811.96403715892,116112.7359375,110413.50783784107,0.490755189943503,101583104,bull,hold
2025-12-30,116677.921875,116677.921875,114474.64420412561,114762.02824815271,435122,116567.760546875,112577.91203125,98175.37078125,0.08459480965417998,56.15489513765915,1224.870499212644,1637.445704452763,-412.575205240119,120708.60681592743,116567.760546875,112426.91427782257,0.5133017891714936,102018226,bull,hold
2026-01-02,115528.390625,117061.10559183251,114474.64908530266,116007.36405213516,645645,116740.191015625,112669.875,98319.86953125,0.030769237203521094,52.56353869173318,1101.134120163275,1530.1833875948655,-429.0492674315906,120375.48262576795,116740.191015625,113104.89940548204,0.3333283102731145,101372581,bull,hold
2026-01-05,117444.28125,118019.04934747145,115624.18227467373,115911.56632340947,858385,116931.78046875,112756.09015625,98468.5781640625,0.033726828702747014,57.44808886351647,1144.4757064332953,1453.0418513625516,-308.5661449292563,120280.08864398091,116931.78046875,113583.4722935191,0.5765313039345092,102230966,bull,hold
2026-01-06,117348.484375,120509.70885204081,116582.1269260204,119264.37799744897,1302137,117037.154296875,112899.7821875,98615.0179296875,0.018287557550077382,57.131313198786664,1157.748415545895,1393.9831641992205,-236.23474865332537,120297.48235640756,117037.154296875,113776.82623734244,0.5477452072981938,100928829,bull,hold
2026-01-07,123862.5234375,125012.05961789444,116198.94890153712,116294.74358323666,3038127,117310.169140625,113175.67078125,98790.895703125,0.046116505014521136,69.46226797443376,1674.5919913116377,1450.104929621704,224.48706168993363,121700.6177463175,117310.169140625,112919.72053493251,1.2462055572612165,103966956,bull,hold
2026-01-08,119647.5625,125586.83301641313,118402.23158526822,125491.03833066454,1693240,117276.641015625,113369.17609375,98939.8816796875,-0.005573245926164483,57.86400628987913,1724.2065472100367,1504.9252531393706,219.28129407066604,121584.15355437211,117276.641015625,112969.1284768779,0.7752077287121034,102273716,bull,hold
2026-01-09,127598.515625,127981.6943506006,120030.73579438814,121084.4772897898,1738639,117726.87578125,113744.69125,99132.6495703125,0.07592887461397413,68.53641542204977,2377.6933397548128,1679.4788704624593,698.2144692923534,123948.21371814606,117726.87578125,111505.53784435394,1.2933695246809842,104012355,bull,hold
2026-01-12,123862.5234375,131717.68733686194,122521.3978937065,130280.76711136891,1768796,118009.469921875,114003.336875,99309.8697265625,0.04781196331072679,60.75016866518909,2564.560329329717,1856.4951622359108,708.0651670938064,124782.06445272645,118009.469921875,111236.87539102355,0.9321130911471495,102243559,bull,hold
2026-01-13,130280.7734375,130472.3628102022,124054.11882467831,125203.65506089154,2944545,118636.925390625,114382.68390625,99499.543203125,0.10659077551420726,67.56708694764532,3193.737482651035,2123.943626318936,1069.793856332099,127262.1661405217,118636.925390625,110011.68464072829,1.174986842947801,105188104,bull,hold
2026-01-14,136986.390625,140147.61502403847,131430.29925699302,133729.37154720278,2992169,119460.759375,114825.25515625,99719.391953125,0.13672491253460328,72.86890097819364,4185.20770624865,2536.196442304879,1649.0112639437707,131221.67251960843,119460.759375,107699.84623039156,1.2450795288814072,108180273,bull,hold
2026-01-15,146086.890625,146086.890625,135453.68088114753,136794.80643442622,3375671,120825.83359375,115491.98609375,99990.0119140625,0.22983870861661515,78.10098095873579,5640.271753725421,3157.0115045889875,2483.2602491364337,137335.35570082488,120825.83359375,104316.31148667511,1.2650450711842471,111555944,bull,hold
2026-01-16,144745.765625,152792.51897543017,143404.64006659496,151355.59873428193,2624747,122277.123046875,116195.1190625,100255.3631640625,0.2508278166373743,75.78166550725328,6609.018266663348,3847.41285700386,2761.605409659488,141599.5977943859,122277.123046875,102954.64829936411,1.0814121346185068,108931197,bull,hold
2026-01-19,162371.984375,163521.52054756638,144937.35242441003,145416.32582964603,4040319,124576.1953125,117315.91671875,100594.476328125,0.39506170933540097,82.94865252635418,8698.771380598599,4817.684561722808,3881.0868188757904,150398.7494855717,124576.1953125,98753.64113942829,1.2318367658206764,112971516,bull,hold
2026-01-20,157007.484375,169556.58776311774,154995.79604560707,166682.74729255642,3225052,126659.7296875,118310.26546875,100896.7085546875,0.36129568905196807,75.61446506738268,9808.97371908807,5815.942393195861,3993.0313258922088,155689.44286913003,126659.7296875,97630.01650586996,1.0227015936675534,109746464,bull,hold
2026-01-21,164862.65625,167449.11279779198,153271.4991284137,153367.29381536896,4144416,129107.283984375,119498.1196875,101235.3427734375,0.42231406067165556,78.5984644648405,11193.63058720273,6891.480031997235,4302.150555205495,162085.3114096315,129107.283984375,96129.2565591185,1.0421090201144267,113890880,bull,hold
2026-01-22,157678.046875,168311.25659743318,156720.10005315917,165629.00549627887,3390188,131190.818359375,120473.30953125,101554.818046875,0.35920727550824827,70.1439475120529,11577.781737865735,7828.740373170935,3749.0413646948,165819.1582613966,131190.818359375,96562.4784573534,0.882450163515905,110500692,bull,hold
2026-01-23,152313.546875,158588.09864878145,150685.0372543239,155378.97674921385,2594922,133049.23515625,121297.14375,101859.9241015625,0.3227953263090959,64.55990882496491,11318.877007042,8526.767699945149,2792.109307096851,168021.34834501636,133049.23515625,98077.12196748368,0.7754239015350382,107905770,bull,hold
2026-01-26,148673.34375,151930.36287854382,147619.6022672358,150206.05863402062,1425292,134687.323828125,121998.36078125,102161.198359375,0.282644548332609,61.010594019510556,10696.654794777918,8960.745118911702,1735.9096758662163,169362.9349332043,134687.323828125,100011.7127230457,0.7016694079232295,106480478,bull,hold
2026-01-27,147044.84375,147332.22780944625,139764.44757736157,143021.46691775243,1856834,136301.464453125,122678.503125,102450.0193359375,0.28130220551494456,59.43631991391622,9957.350727678946,9160.066240665152,797.2844870137942,170111.4394389295,136301.464453125,102491.4894673205,0.6588788412500414,104623644,bull,hold
2026-01-28,143404.640625,149439.70566132263,142829.87252630258,148577.55351327654,1756119,137671.328515625,123305.0003125,102725.9080078125,0.23616847584157852,55.96033454799844,8974.263238040963,9122.905640140314,-148.64240209935087,170280.0571094103,137671.328515625,105062.5999218397,0.5879106968688697,102867525,bull,hold
2026-01-29,148385.96875,149918.68372740477,143404.64507343445,147523.8165752098,2518535,139256.730859375,124023.46046875,103032.93,0.2717570416532584,59.45471806205922,8499.138095298491,8998.15213117195,-499.01403587345885,170690.64974855533,139256.730859375,107822.8119701947,0.6452131680241643,105386060,bull,hold
2026-01-30,146182.6875,149439.70674967236,144937.3566104194,146949.04497051114,1571584,140789.445703125,124753.4159375,103334.204296875,0.26533994552475404,57.28945474983707,7854.272449613636,8769.376194860288,-915.1037452466517,170381.35923679953,140789.445703125,111197.53216945048,0.5911269524820976,103814476,bull,hold
2026-02-02,143787.8125,150206.05596269155,141967.71360759495,145224.73267821452,1396470,142106.622265625,125435.47390625,103647.9318359375,0.2243066326398928,54.94702708587114,7068.484294736758,8429.197814835581,-1360.7135200988232,169702.64064180202,142106.622265625,114510.60388944794,0.5304607391446432,102418006,bull,hold
2026-02-03,147523.8125,147523.8125,142542.48896103897,143787.81984577922,1341474,143615.388671875,126213.32671875,103981.7762890625,0.2571428875772388,57.84284652347251,6670.314266901783,8077.421105248822,-1407.1068383470383,168828.69542820164,143615.388671875,118402.08191554838,0.5775071644885349,103759480,bull,hold
2026-02-04,150206.0625,151355.59869260204,147523.81138392858,148577.55289381376,1387022,144932.565625,127033.32921875,104331.426875,0.2126836942393857,59.83871839659224,6496.311375955236,7761.199159390106,-1264.8877834348696,168584.6961081831,144932.565625,121280.43514181688,0.6114803776080451,105146502,bull,hold
2026-02-05,149631.296875,154468.92843209827,148290.17129481435,150110.27029649488,1589252,146431.75234375,127897.39734375,104657.1287890625,0.25060046145946346,59.19202151466149,6240.102036883676,7456.9797348888205,-1216.8776980051443,167095.30410980672,146431.75234375,125768.2005776933,0.5774200042537163,103557250,bull,hold
2026-02-06,145512.125,148385.96552007901,142734.07916392363,148098.5814680711,1269545,147327.4328125,128677.16609375,104991.9312109375,0.14039042137172197,54.63488220310479,5639.661042888765,7093.51599648881,-1453.8549536000446,166115.84358641814,147327.4328125,128539.02203858184,0.4516907567557556,102287705,bull,hold
2026-02-09,147332.21875,148481.75491710013,145799.50386053315,147236.42406940833,1370996,148500.917578125,129455.01890625,105331.044375,0.18948181145641363,56.238104648477965,5250.153086990875,6724.843414589223,-1474.6903275983486,163907.91999957326,148500.917578125,133093.91515667673,0.46207247859914546,103658701,bull,hold
2026-02-10,148194.375,151930.36764705883,148098.5803167421,149248.11651583712,1011933,149396.59765625,130234.78765625,105661.0570703125,0.13749996327043412,57.013074893585554,4953.928228814562,6370.660377434291,-1416.7321486197288,162350.0070751838,149396.59765625,136443.1882373162,0.4535943542982309,104670634,bull,hold
2026-02-11,154995.796875,155187.3862407293,148194.37439161,149822.88400030904,1622428,150297.06796875,131148.66890625,106030.3455859375,0.13146857996500327,62.63463153094713,5207.9517717954,6138.118656306514,-930.1668845111135,162129.86083883347,150297.06796875,138464.27509866652,0.6985469093323552,106293062,bull,hold
2026-02-12,159306.5625,159306.5625,153942.06009470834,156336.92723992784,1804086,150958.0515625,132183.2515625,106419.7509765625,0.09049184234425556,65.69657439194978,5691.501927728532,6048.795310590917,-357.29338286238544,163244.48593338364,150958.0515625,138671.6171916164,0.8397450670181529,108097148,bull,hold
2026-02-13,157199.078125,159019.17714046314,156336.9259597806,157965.435605195,972962,151580.7171875,133085.6375,106787.602578125,0.08603576378367728,62.97937928111605,5837.372932488361,6006.510834970406,-169.13790248204532,163806.80416677173,151580.7171875,139354.63020822828,0.7297693835740511,107124186,bull,hold
2026-02-19,162850.96875,164287.8890625,157103.2875,161893.021875,1357727,151604.66640625,134070.40703125,107180.3608203125,0.0029499200668372527,66.9296833149071,6335.999633568164,6072.408594689958,263.59103887820675,163916.7877961002,151604.66640625,139292.54501639982,0.9567166773152989,108481913,bull,hold
2026-02-20,164575.265625,165437.41777321012,161605.63044783176,162946.7560117142,1074310,151983.05546875,135057.0921875,107587.488203125,0.048200130586927736,68.04980028976131,6792.007202692563,6216.328316290479,575.6788864020837,165355.59525765793,151983.05546875,138610.5156798421,0.970823432011577,109556223,bull,hold
2026-02-23,165437.421875,169365.00398089172,164287.88564888536,167544.9049562102,1158150,152011.79375,135997.79609375,107983.59921875,0.003486330003857452,68.62207928949128,7140.652295850508,6401.193112202485,739.4591836480231,165496.9221762531,152011.79375,138526.6653237469,0.9977938548535706,110714373,bull,hold
2026-02-24,166682.75,167161.7234195402,162180.39985632183,164000.49885057472,1213901,152462.02890625,136925.08859375,108391.6845703125,0.05710815997193652,69.47264126093427,7431.7747429588635,6607.309438353762,824.4653046051017,167215.46743601022,152462.02890625,137708.59037648977,0.9819459905927815,111928274,bull,hold
2026-02-25,187853.375,191493.57298572158,168119.6701300357,168311.25949770524,3876333,154239.0203125,138310.2796875,108908.496875,0.23333333675281476,79.5976679725718,9263.99432695593,7138.646416074196,2125.3479108817337,175582.36168405344,154239.0203125,132895.6789409466,1.2874670161135469,115804607,bull,hold
2026-02-26,197337.046875,199252.94053398058,185937.47960406553,189098.7041413835,1991104,156672.20546875,139892.8078125,109470.3326953125,0.32731962500843403,82.41186366586041,11350.45364544986,7981.007861949329,3369.4457835005305,184906.03780658537,156672.20546875,128438.37313091462,1.2201438494014887,117795711,bull,hold
2026-02-27,196858.078125,203563.70609032846,188811.32456660585,191206.1916970803,2945241,159162.8671875,141475.33609375,110020.6731640625,0.3387621973313839,81.79819556394493,12817.585762270464,8948.323442013556,3869.2623202569084,191977.18355685542,159162.8671875,126348.55081814458,1.0743714193708258,114850470,bull,hold
2026-03-03,174633.703125,187470.19035415526,172430.4254662644,177220.15950699398,3431157,160724.3203125,142557.8159375,110460.8497265625,0.2177688418163768,59.615658334281854,12048.094278158183,9568.277609242483,2479.8166689157006,193362.20975688426,160724.3203125,128086.43086811574,0.7130864318938563,111419313,bull,hold
2026-03-04,150110.265625,169460.79125119656,148481.75604259732,160551.8858886407,2941762,160810.53515625,143184.313125,110783.198828125,0.011620349885676173,45.08624610048709,9351.630502535612,9524.94818790111,-173.3176853654968,193326.48113530152,160810.53515625,128294.58917719848,0.3354611989738254,108477551,bull,hold
2026-03-05,159402.359375,165341.62997671275,156528.51876126803,164383.68310546875,2697408,161471.51875,144057.96078125,111158.2350390625,0.09043254096009146,50.05343053916639,7873.694789412111,9194.69750820331,-1321.0027187911983,193301.39389997596,161471.51875,129641.64360002402,0.46749658355160795,111174959,bull,hold
2026-03-06,159977.125,162467.7868263473,154229.44386227545,154325.23854790418,1667956,162280.984375,144929.6925,111537.5819921875,0.11259168783863371,50.35257965791204,6671.889482384722,8690.135903039592,-2018.2464206548702,193077.47707887102,162280.984375,131484.49167112898,0.46259542609034804,112842915,bull,hold
2026-03-09,146949.046875,148481.76183588657,143787.82226817144,145703.71596927967,1846031,162252.24609375,145561.9375,111844.6039453125,-0.0038960871147496468,43.92989654402096,4614.994311837509,7875.107584799176,-3260.1132729616675,193104.7905018773,162252.24609375,131399.7016856227,0.2519945354212216,110996884,bull,hold
2026-03-10,154229.4375,156145.33113354037,150397.65023291926,153463.08004658384,1765368,162453.41484375,146328.29484375,112173.1796875,0.026785703140310924,47.92717942021137,3531.6461305046687,7006.415293940275,-3474.769163435606,193040.48081456654,162453.41484375,131866.34887293348,0.36556446192654435,112762252,bull,hold
2026-03-11,155187.390625,163234.14421296297,153750.4703414352,161893.01861496913,1171357,162731.21953125,147111.89546875,112500.3185546875,0.03713189597388489,48.44795864756013,2719.0402989133727,6148.940294934895,-3429.8999960215224,192946.07651707868,162731.21953125,132516.36254542135,0.3751635840972504,113933609,bull,hold
2026-03-12,159977.125,159977.125,154516.82791916167,154708.41729041917,1348612,163454.46953125,148008.53375,112857.632734375,0.09940752359983751,51.08223314605934,2433.4841667673027,5405.849069301377,-2972.3649025340746,192661.70809408347,163454.46953125,134247.23096841655,0.4404711862134928,115282221,bull,hold
2026-03-13,157390.671875,159210.77094111382,152026.16936434875,154612.62593198416,1614149,163957.3921875,148838.11578125,113207.76234375,0.06827056030471956,49.608070632889394,1975.699094097101,4719.819074260522,-2744.119980163421,192372.5218550921,163957.3921875,135542.26251990788,0.3844502842443574,113668072,bull,hold
2026-03-16,155187.390625,158252.8205632716,154995.80125385802,155953.7481095679,1055451,164307.04296875,149646.62296875,113543.04375,0.047188131297156266,48.32860174888407,1418.7601585965604,4059.6072911277297,-2640.8471325311693,192103.06093286356,164307.04296875,136511.02500463644,0.33595397809276034,112612621,bull,hold
2026-03-17,160264.5,163713.10848774656,159977.11595935444,159977.11595935444,1068349,164570.478125,150531.76578125,113906.1055859375,0.033992554838432554,51.43684870259173,1371.255356895621,3521.936904281308,-2150.6815473856873,192107.17350230142,164570.478125,137033.78274769857,0.4218138185065332,113680970,bull,hold
2026-03-18,167736.484375,168886.02053290978,163425.72378283838,163904.69718196744,1186749,164991.97421875,151552.93703125,114307.9642578125,0.052916350354367925,55.66380573463871,1914.4653871082992,3200.4426008467062,-1285.977213738407,192451.43368261584,164991.97421875,137532.51475488415,0.5499738561835409,114867719,bull,hold
2026-03-19,163329.9375,166586.95678152493,163042.5534457478,163808.91092375366,904634,165298.5171875,152508.96796875,114687.7901953125,0.03900060641656511,52.747901340498174,1966.7206129204424,2953.6982032614537,-986.9775903410114,192539.1608470435,165298.5171875,138057.8735279565,0.46386686540700883,113963085,bull,hold
2026-03-20,161414.046875,165245.83433790802,161414.046875,164862.6555916172,2000787,165226.67109375,153388.36328125,115067.6161328125,-0.00882353900642674,51.48508889632719,1832.4139666146366,2729.44135593209,-897.0273893174535,192500.31666584828,165226.67109375,137953.0255216517,0.43010424278134624,111962298,bull,hold
2026-03-23,154900.0,157007.48299319728,152505.13296227582,155283.17872603587,1347768,164742.9078125,154139.39359375,115424.9302734375,-0.0587893058428719,47.3356720518575,1186.666684276861,2420.8864216010443,-1234.2197373241834,192386.33011333042,164742.9078125,137099.48551166957,0.3219665476766184,110614530,bull,hold
2026-03-24,157900.0,164200.0,154500.0,164000.0,1544213,164366.03671875,154820.143125,115792.4546875,-0.04556056174941525,49.35988115488526,906.5322985788516,2118.015596996606,-1211.4832984177542,192166.3834202986,164366.03671875,136565.69001720138,0.38370582589911,112158743,bull,hold
2026-03-25,157900.0,163300.0,157900.0,160600.0,1032979,163926.89921875,155585.191875,116159.5001171875,-0.05269141527842558,49.359881154885265,676.7229388601554,1829.7570653693158,-1153.0341265091604,191844.2129117761,163926.89921875,136009.58552572393,0.39205803815831375,113191722,bull,hold
2026-03-26,154700.0,158000.0,154300.0,156500.0,836063,162269.23046875,156127.2215625,116506.7137890625,-0.1764853838798478,47.1194227828404,233.69027311060927,1510.5437069175746,-1276.8534338069653,188171.29266990226,162269.23046875,136367.16826759774,0.3538874933978562,112355659,bull,hold
2026-03-27,155800.0,156300.0,149400.0,150800.0,832198,160192.378125,156765.97109375,116839.310546875,-0.21048783050509,47.993298108399955,-28.328941059065983,1202.7691773222466,-1231.0981183813126,180590.5006541072,160192.378125,139794.25559589278,0.39233376457239477,113187857,bull,hold
2026-03-30,151500.0,151900.0,145400.0,147400.0,976319,157924.47421875,157190.355625,117168.6083203125,-0.2304100423869766,44.871637647431086,-576.3117562511761,846.952990607562,-1423.2647468587381,169830.21343965235,157924.47421875,146018.73499784764,0.23019423239714323,112211538,bull,hold
2026-03-31,145200.0,151800.0,143800.0,145100.0,1442003,156452.7890625,157354.6278125,117471.1958203125,-0.168545375825489,40.69520845654948,-1501.6394689372974,377.23449869859024,-1878.8739676358875,166923.0316719175,156452.7890625,145982.5464530825,-0.0373700248539911,110769535,bull,hold
2026-04-01,155300.0,157000.0,150100.0,152900.0,1056596,156712.27578125,157538.89,117818.535625,0.03457281454663996,48.905732670969286,-1403.8006174071925,21.02747547743371,-1424.8280928846261,166790.81291144443,156712.27578125,146633.73865105558,0.42993646979684436,111826131,bull,hold
2026-04-02,150600.0,160300.0,148600.0,157900.0,1122509,156272.1578125,157655.9746875,118125.6113671875,-0.055221010589260655,45.732737108005956,-1686.0772936453577,-320.3934783471246,-1365.6838152982332,166607.86139164638,156272.1578125,145936.4542333536,0.2256036916565456,110703622,bull,hold
2026-04-03,150200.0,156100.0,149700.0,153000.0,508389,155783.3015625,157412.535,118420.1496875,-0.06111576889508419,45.46239801536986,-1919.9285095738887,-640.3004845924775,-1279.6280249814113,166295.18581182536,155783.3015625,145271.41731317466,0.23442907902746607,110195233,bull,hold
2026-04-06,151600.0,154100.0,150200.0,151000.0,613147,156015.84921875,157304.3853125,118725.5198046875,0.03165010746178076,46.65106483554261,-1969.58483533471,-906.1573547409241,-1063.427480593786,165924.15825901233,156015.84921875,146107.54017848766,0.2771643374865365,110808380,bull,hold
2026-04-07,150800.0,153400.0,149100.0,152200.0,719002,155844.37734375,157023.1321875,119015.3945703125,-0.022235946364000725,46.033637251674264,-2049.8616166534775,-1134.898207123435,-914.9634095300426,165986.35648346678,155844.37734375,145702.39820403323,0.2513119838712823,110089378,bull,hold
2026-04-08,159200.0,160000.0,155300.0,158200.0,1136144,156045.0078125,157053.57125,119340.0847265625,0.02585654258918635,53.058747194719565,-1419.3108143630088,-1191.7807285713498,-227.53008579165908,166285.3420308247,156045.0078125,145804.6735941753,0.6540473250303814,111225522,bull,hold
2026-04-09,150500.0,163200.0,149100.0,159300.0,1896387,155571.1515625,157017.3003125,119627.022578125,-0.05924050079034737,46.33158654437691,-1603.132142319344,-1274.0510113209486,-329.08113099839534,165916.3629732555,155571.1515625,145225.94015174446,0.25490343497341655,109329135,bull,hold
2026-04-10,149000.0,154700.0,149000.0,154000.0,1787395,155151.61796875,157023.8334375,119905.0234765625,-0.053311112882623024,45.26596430829703,-1848.5405087543768,-1388.9489108076343,-459.59159794674247,165842.41967517204,155151.61796875,144460.81626232798,0.21229388881777242,107541740,bull,hold
2026-04-13,147400.0,148700.0,145700.0,147400.0,976438,154762.2484375,157030.9365625,120164.9659375,-0.05018056295448459,44.1008031257627,-2147.381359850173,-1540.635400616142,-606.7459592340308,165974.03094023684,154762.2484375,143550.46593476317,0.1716735971419864,106565302,bull,hold
2026-04-14,149200.0,151700.0,149100.0,149800.0,924805,154209.0234375,157146.84375,120437.2612109375,-0.06903899491153687,45.79132286459627,-2213.4546037588734,-1675.1992412446884,-538.255362514185,165372.02493220847,154209.0234375,143046.02194279153,0.27564172862135705,107490107,bull,hold
2026-04-15,151500.0,154600.0,150800.0,152000.0,1100822,153397.19921875,157209.124375,120724.409296875,-0.09679757171195336,47.95711156929246,-2056.521052932221,-1751.463603582195,-305.0574493500262,162716.3027076128,153397.19921875,144078.0957298872,0.3982091345472593,108590929,bull,hold
2026-04-16,157900.0,158900.0,154600.0,154600.0,1405390,153125.70234375,157443.470625,121041.1625390625,-0.03324520650110452,53.52171467951546,-1399.5899683480093,-1681.088876535358,281.49890818734866,161544.374011297,153125.70234375,144707.03067620296,0.7835540952769521,109996319,bull,hold
2026-04-17,159200.0,159900.0,156800.0,159800.0,866411,153015.0,157751.714375,121377.82703125,-0.013716568773686544,54.583972668751514,-765.2469252310693,-1497.9204862745005,732.6735610434312,161044.01612901088,153015.0,144985.98387098912,0.8851654985255304,110862730,bull,hold
2026-04-20,157400.0,160300.0,156600.0,158500.0,602294,153140.0,157949.238125,121700.701796875,0.0161394448030987,52.785081294430576,-403.1234934416716,-1278.9610877079347,875.8375942662631,161358.12630712846,153140.0,144921.87369287154,0.7591831666242976,110260436,bull,hold
2026-04-21,160000.0,160500.0,157700.0,158200.0,758081,153245.0,158145.116875,122016.4596875,0.013299556681444002,55.08754160523494,92.59285332713625,-1004.6502995009206,1097.2431528280567,161752.2851133553,153245.0,144737.7148866447,0.8970126726677798,111018517,bull,hold
2026-04-22,160000.0,160100.0,157700.0,160000.0,770589,153350.0,158352.4909375,122341.79703125,0.013299556681444002,55.08754160523495,479.91941728189704,-707.736356144357,1187.6557734262542,162131.9132311767,153350.0,144568.0867688233,0.8786190904501203,111789106,bull,hold
2026-04-23,158400.0,164800.0,157000.0,164700.0,1112754,153535.0,158610.2484375,122665.84,0.023917259211376773,53.23476009067882,650.2759056534851,-436.1339037847886,1086.4098094382737,162574.97234508581,153535.0,144495.02765491419,0.7690826815772641,110676352,bull,hold
2026-04-24,153400.0,157700.0,153400.0,157700.0,1088654,153415.0,158731.6040625,122968.714765625,-0.015404364569961526,47.82183788516754,377.47513835883,-273.41209535606487,650.8872337148948,162395.03897541188,153415.0,144434.96102458812,0.49916481431533477,109587698,bull,hold
2026-04-27,152600.0,154700.0,152100.0,153800.0,1418466,153470.0,158819.7165625,123258.9680078125,0.007260726072607193,46.99841233721522,95.62296867370605,-199.6050825501107,295.22805122381675,162415.85937738328,153470.0,144524.14062261672,0.4513741518115345,108169232,bull,hold
2026-04-28,155600.0,159200.0,152300.0,152900.0,1572801,153990.0,158831.800625,123557.9945703125,0.07162534435261714,50.44434841162929,113.02513808081858,-137.07903842392486,250.10417650474344,162124.83865850553,153990.0,145855.16134149447,0.5989570947615929,109742033,bull,hold
2026-04-29,156900.0,157400.0,154000.0,157300.0,726697,154070.0,158783.669375,123863.0421875,0.010302640051513157,51.903624505930956,229.0749843333324,-63.84823387247341,292.9232182058058,162285.8627057611,154070.0,145854.1372942389,0.6722278050006578,110468730,bull,hold
2026-04-30,151800.0,157400.0,151700.0,155400.0,1187225,154130.0,158675.6878125,124147.37953125,0.007968127490039834,46.16075806106276,-89.45091942130239,-68.9687709822392,-20.48214843906318,162260.70722630672,154130.0,145999.29277369328,0.3567160312659312,109281505,bull,hold
2026-05-04,154000.0,156500.0,153600.0,156300.0,779973,154320.0,158498.6684375,124445.1117578125,0.025299600532623145,48.7928371367636,-162.49029222715762,-87.6730752312229,-74.81721699593473,162249.59015333807,154320.0,146390.40984666193,0.4798224123938302,110061478,bull,hold
2026-05-06,154600.0,158800.0,154000.0,154300.0,1124784,154470.0,158299.163125,124743.4491015625,0.01978891820580464,49.517694294362876,-169.9998829755641,-104.13843678009113,-65.86144619547298,162300.9897203301,154470.0,146639.0102796699,0.5083003556793406,111186262,bull,hold
2026-05-07,157600.0,161900.0,156300.0,159000.0,1567931,154810.0,158142.4146875,125054.3915625,0.04509283819628651,53.09300673921692,65.37009444917203,-70.2367305342385,135.60682498341055,162564.1988625464,154810.0,147055.8011374536,0.6799025308388723,112754193,bull,hold
2026-05-08,164500.0,170300.0,156400.0,159800.0,3759583,155075.0,158098.7596875,125397.4391796875,0.033291457286432236,60.09353202553661,799.4591640047729,103.7024483735638,695.7567156312091,163722.05152060027,155075.0,146427.94847939973,1.0449834534665592,116513776,bull,hold
2026-05-11,174700.0,178800.0,166500.0,170400.0,2981237,156285.0,157835.6921875,125788.133984375,0.16079734219269093,67.75470334642108,2179.1647408474237,518.7949068683358,1660.3698339790878,168191.17906802663,156285.0,144378.82093197337,1.2733379405258756,119495013,bull,hold
2026-05-12,168300.0,180400.0,162500.0,175700.0,2971261,157250.0,157254.95125,126136.2913671875,0.12953020134228188,59.974625960070405,2724.755551868322,959.9870358683331,1764.768515999989,169751.5998976097,157250.0,144748.4001023903,0.9419434348603954,116523752,bull,hold
2026-05-13,179500.0,179500.0,163800.0,166500.0,2667366,158855.0,156907.7896875,126554.8179296875,0.2177747625508819,67.09535432919674,4014.608688116976,1570.9113663180617,2443.6973217989143,173874.78362027608,158855.0,143835.21637972392,1.1872602336337958,119191118,bull,hold
2026-05-14,178100.0,183000.0,173600.0,182100.0,2320304,160300.0,156977.115625,126968.739375,0.19369973190348522,65.52608340961339,4867.745946566865,2230.2782823678226,2637.4676641990427,176812.78292717232,160300.0,143787.21707282768,1.038976382070327,116870814,bull,hold
2026-05-15,168000.0,184200.0,164900.0,178200.0,2839184,161125.0,157334.9103125,127328.8080078125,0.10891089108910901,55.4501316578296,4674.9874345653225,2719.220112807323,1955.7673217579995,177444.29839177878,161125.0,144805.70160822122,0.7106401830198606,114031630,bull,hold
2026-05-18,162500.0,170700.0,158600.0,168800.0,1367438,161355.0,157396.863125,127663.2925390625,0.029132362254591593,50.86340074956689,4031.9431595263304,2981.7647221511247,1050.1784373752057,177615.5627208874,161355.0,145094.4372791126,0.5352078836278279,112664192,bull,hold
2026-05-19,154900.0,162600.0,152100.0,161700.0,1578129,161140.0,157295.320625,127962.171953125,-0.027010050251256246,45.28864786343944,2875.9176658686774,2960.5953108946355,-84.6776450259581,177621.06792656085,161140.0,144658.93207343915,0.31069187907588103,111086063,bull,hold
2026-05-20,149400.0,154900.0,147700.0,153600.0,1918825,160740.0,157344.3396875,128240.7359375,-0.0508259212198221,41.72457987448466,1498.6792572666309,2668.212100169035,-1169.532842902404,177937.48818868364,160740.0,143542.51181131636,0.17030068939189638,109167238,bull,hold
2026-05-21,167900.0,169300.0,153700.0,154500.0,1633956,161135.0,157617.7509375,128572.04515625,0.04937499999999995,54.65192177104473,1878.350825942849,2510.2398453237975,-631.8890193809484,178607.06627734433,161135.0,143662.93372265567,0.6935947326611288,110801194,bull,hold
2026-05-22,164800.0,169800.0,162400.0,169500.0,900343,161375.0,157810.003125,128893.1230859375,0.030000000000000027,52.54834897376595,1907.1151509633637,2389.614906451711,-482.4997554883471,178909.86526894098,161375.0,143840.13473105902,0.5976625696139967,109900851,bull,hold
2026-05-26,167000.0,170500.0,165500.0,168400.0,887765,161805.0,157950.460625,129229.5117578125,0.05429292929292928,53.90434303469562,2083.416372549633,2328.3751996712954,-244.95882712166258,179448.40953443843,161805.0,144161.59046556157,0.6472221111758417,110788616,bull,hold
2026-05-27,164700.0,169000.0,162500.0,167300.0,1295315,162370.0,158096.6471875,129547.6948046875,0.07366362451108222,52.224118146454465,2014.3256900596898,2265.5652977489744,-251.23960768928464,179619.93913032484,162370.0,145120.06086967516,0.5675364701984349,109493301,bull,hold
2026-05-28,164300.0,173000.0,159500.0,172900.0,1409381,162955.0,158278.899375,129862.9198828125,0.07667103538663178,51.92100582424878,1905.330703036947,2193.518378806569,-288.1876757696223,179623.71020804887,162955.0,146286.28979195113,0.540345053192854,108083920,bull,hold
2026-05-29,169200.0,172500.0,164100.0,165500.0,2545048,163635.0,158457.609375,130180.1332421875,0.08740359897172234,55.34053830000588,2189.1057906625792,2192.6358611777714,-3.5300705151921647,180157.01864179774,163635.0,147112.98135820226,0.6684116245312044,110628968,bull,hold
2026-06-01,169900.0,174600.0,167600.0,170500.0,1733940,164285.0,158500.8796875,130539.6434375,0.08285532186105793,55.823914465947475,2442.3300810739747,2242.5747051570124,199.7553759169623,180718.65753567693,164285.0,147851.34246432307,0.6708384146319838,112362908,bull,hold
2026-06-02,168800.0,172700.0,163900.0,171300.0,1440263,165135.0,158610.2809375,130900.8382421875,0.11198945981554687,54.819787966369425,2525.143071213126,2299.088378368235,226.05469284489072,180629.42157680987,165135.0,149640.57842319013,0.6182683710337828,110922645,bull,hold
2026-06-04,164300.0,168000.0,162000.0,166000.0,1477518,165650.0,158668.0,131229.9535546875,0.06688311688311699,50.794565366311154,2202.274125353899,2279.725527765368,-77.45140241146919,180290.96991322332,165650.0,151009.03008677668,0.4538964970216653,109445127,bull,hold
2026-06-05,161100.0,163000.0,154600.0,162900.0,1077583,165975.0,158792.0,131549.7744921875,0.042043984476067164,48.090400931052365,1668.9463287364924,2157.569687959593,-488.6233592231006,179891.01595284767,165975.0,152058.98404715233,0.3248421093897058,108367544,bull,hold
2026-06-08,151400.0,154700.0,149800.0,149900.0,1305489,165665.0,158662.0,131819.1795703125,-0.03934010152284262,40.97022623143753,458.2884102615062,1817.7134324199758,-1359.4250221584696,180555.57084197618,165665.0,150774.42915802382,0.021005603096582087,107062055,bull,hold
2026-06-09,164300.0,167300.0,154500.0,155900.0,2331570,165655.0,158790.0,132153.0846484375,-0.0012158054711246535,51.297509341896045,533.604418176983,1560.8916295713773,-1027.2872113943943,180548.9551496542,165655.0,150761.0448503458,0.4545117470012168,109393625,bull,hold
2026-06-10,159700.0,164800.0,154500.0,162000.0,669,164905.0,158890.0,132463.5107421875,-0.0858614768174013,48.06808865927379,219.58015750473714,1292.6293351580493,-1073.0491776533122,179407.06537014336,164905.0,150402.93462985664,0.32054280314044176,109392956,bull,hold
2026-06-11,156000.0,156000.0,150300.0,154300.0,1634502,164290.0,158894.0,132756.87375,-0.07308377896613194,45.58235996692486,-324.10927928978344,969.2816122684828,-1293.3908915582663,179201.45868115898,164290.0,149378.54131884102,0.22202585349766515,107758454,bull,hold
2026-06-12,166800.0,168900.0,160800.0,162800.0,2416481,163655.0,159200.0,133103.278828125,-0.07075208913649023,53.191390498608335,115.15522782888729,798.4563353805638,-683.3011075516765,176911.31547602545,163655.0,150398.68452397455,0.6186227049924939,110174935,bull,hold
2026-06-15,167500.0,172900.0,167100.0,169200.0,1297572,163125.0,159646.0,133446.4782421875,-0.059517125210555855,53.64382548411029,513.8364772486093,741.532363754173,-227.69588650556375,174779.67717270248,163125.0,151470.32282729752,0.6876928865197186,111472507,bull,hold
2026-06-16,170200.0,171900.0,166200.0,171700.0,1130432,163235.0,159944.0,133800.7828125,0.013095238095238049,55.43316455462375,1035.7225105290418,800.3703931091468,235.35211741989497,175111.0725831359,163235.0,151358.9274168641,0.7932366719402824,112602939,bull,hold
2026-06-17,166300.0,169400.0,165800.0,169200.0,585295,163425.0,160258.0,134142.7719921875,0.023384615384615337,52.29326100864837,1121.6933626942919,864.6349870261758,257.058375668116,175369.3501288229,163425.0,151480.6498711771,0.62034978751428,112017644,bull,hold
2026-06-18,158800.0,167000.0,158500.0,165500.0,1058777,163620.0,160430.0,134438.6396484375,0.02517753389283417,46.802901846077205,577.976014815853,807.3031925841112,-229.32717776825825,175120.36521158836,163620.0,152119.63478841164,0.2904414376709046,110958867,bull,hold
2026-06-19,154900.0,162400.0,153700.0,159000.0,1605584,163895.0,160496.0,134709.73859375,0.036813922356091044,44.20391663352107,-165.71109266515123,612.7003355342588,-778.41142819941,174225.62921606965,163895.0,153564.37078393035,0.0646441367768785,109353283,bull,hold
2026-06-22,151400.0,155700.0,151100.0,154500.0,735085,163070.0,160508.0,134969.0851953125,-0.09827278141751039,41.95239606610364,-1025.685765561473,285.0231153151124,-1310.7088808765855,174559.8389892945,163070.0,151580.1610107055,-0.007840014593474718,108618198,bull,hold
2026-06-23,137400.0,151400.0,137300.0,150300.0,1317728,161700.0,160072.0,135154.1210546875,-0.16626213592233008,34.40379900252108,-2804.5754863143375,-332.89660501077765,-2471.67888130356,177690.62225180474,161700.0,145709.37774819526,-0.2598203377375586,107300470,bull,hold
2026-06-24,138900.0,141400.0,136300.0,139300.0,1133812,160295.0,159840.0,135347.1358984375,-0.16826347305389222,35.7379709790784,-4046.6734101370384,-1075.65196603603,-2971.0214441010085,178900.2116354508,160295.0,141689.7883645492,-0.07497330369608558,108434282,bull,hold
2026-06-25,139500.0,144200.0,138300.0,142000.0,1040861,159035.0,159650.0,135551.29328125,-0.15300546448087426,36.29611174242008,-4925.847869996593,-1845.6911468281426,-3080.1567231684503,179587.59351030702,159035.0,138482.40648969298,0.024755841879437364,109475143,bull,hold
2026-06-26,135300.0,139000.0,130000.0,138200.0,1133840,157585.0,159408.0,135732.05578125,-0.1765063907486305,34.065679243987546,-5893.567485328182,-2655.2664145281506,-3238.301070800031,180413.16462179812,157585.0,134756.83537820188,0.01189680884987709,108341303,bull,hold
2026-06-29,140600.0,142400.0,132100.0,135400.0,786609,156155.0,159236.0,135928.780859375,-0.16903073286052006,39.14749272036907,-6161.797184116993,-3356.5725684459194,-2805.2246156710735,179471.55849390978,156155.0,132838.44150609022,0.16643876702338115,109127912,bull,hold
2026-06-30,138000.0,143500.0,136200.0,143400.0,979109,154560.0,158966.0,136112.0269921875,-0.18775750441436134,37.61584066514039,-6509.136154004344,-3987.085285557605,-2522.0508684467386,178258.55691808925,154560.0,130861.44308191074,0.1506116372984795,108148803,bull,hold
2026-07-01,141500.0,144200.0,137700.0,140500.0,790999,153195.0,158638.0,136309.4203125,-0.16172985781990523,40.964338187592205,-6427.8873565770045,-4475.2456997614845,-1952.64165681552,176598.544603327,153195.0,129791.45539667299,0.2501446853837377,108939802,bull,hold
2026-07-02,145200.0,148700.0,137600.0,142900.0,1317643,152240.0,158358.0,136521.9608203125,-0.11625076080340835,44.364104754046146,-5995.821918631613,-4779.36094353551,-1216.4609750961026,175309.40831490737,152240.0,129170.59168509263,0.3474169795796025,110257445,bull,hold
2026-07-03,152000.0,152000.0,143800.0,146800.0,1078769,151785.0,158250.0,136769.4592578125,-0.056486654252017376,50.05662309054141,-5046.530513761245,-4832.794857580657,-213.7356561805882,174493.61290347602,151785.0,129076.38709652398,0.504733886673613,111336214,bull,hold
2026-07-06,160700.0,162500.0,150400.0,153000.0,1610920,152250.0,158264.0,137060.4576953125,0.06142668428005282,56.22748566036814,-3551.2562733213417,-4576.487140728794,1025.230867407452,175286.5361979599,152250.0,129213.46380204009,0.6834043088636806,112947134,bull,hold
2026-07-07,153700.0,159100.0,147200.0,157700.0,1180558,151720.0,158138.0,137318.37203125,-0.06451612903225812,50.789869604078284,-2897.6795177251915,-4240.725616128073,1343.0460984028814,174101.65320077847,151720.0,129338.34679922153,0.544232657485979,111766576,bull,hold
2026-07-08,156800.0,162900.0,150000.0,153100.0,1779324,151575.0,158106.0,137599.92890625,-0.018159048215403928,52.959473189132645,-2105.3025209734915,-3813.6409970971567,1708.3384761236653,173784.89644280038,151575.0,129365.10355719962,0.6176277434128639,113545900,bull,hold
2026-07-09,144800.0,156900.0,144400.0,156700.0,1363126,151015.0,157934.0,137818.611953125,-0.07179487179487176,44.737087946106804,-2417.767238379165,-3534.4662453535584,1116.6990069743933,173314.97982061683,151015.0,128715.02017938317,0.36065009811681326,112182774,bull,hold
2026-07-10,147500.0,152000.0,145500.0,147400.0,1005420,150050.0,157832.0,138048.4001171875,-0.11570743405275774,46.74071415846314,-2419.6382592710142,-3311.5006481370497,891.8623888660354,171173.49402915905,150050.0,128926.50597084095,0.4396406674842723,113188194,bull,hold
2026-07-13,143500.0,151100.0,142300.0,148000.0,898409,148850.0,157590.0,138255.314453125,-0.14328358208955227,44.18485296922948,-2712.6182527415804,-3191.7241690579563,479.1059163163759,168550.81216599757,148850.0,129149.18783400241,0.3642187957805676,112289785,bull,hold
2026-07-14,139600.0,144700.0,138700.0,143700.0,1139267,147320.0,157244.0,138446.0816015625,-0.1797884841363102,41.78569497853926,-3222.359065258497,-3197.851148298065,-24.50791696043234,164775.8414291583,147320.0,129864.1585708417,0.2788705852040888,111150518,bull,hold
2026-07-15,145000.0,146300.0,141300.0,141400.0,1067661,146255.0,157108.0,138683.965625,-0.12808177991581482,46.14600339280933,-3154.2373763158103,-3189.128393901614,34.89101758580364,161394.2833383856,146255.0,131115.7166616144,0.4585515386709901,112218179,bull,hold
2026-07-16,149700.0,150500.0,142400.0,143400.0,967288,145800.0,157022.0,138946.7865625,-0.05730478589420651,49.67886558012802,-2689.991182684753,-3089.300951658242,399.3097689734891,159916.23179180335,145800.0,131683.76820819665,0.6381388481543833,113185467,bull,hold
2026-07-20,140000.0,146300.0,138100.0,143000.0,876708,145055.0,156730.0,139163.0233984375,-0.09619109102646872,43.35723776067829,-3069.3995360201516,-3085.320668530624,15.92113251047249,158737.6130545273,145055.0,131372.3869454727,0.3152765126129396,112308759,bull,hold
2026-07-21,144600.0,144900.0,137300.0,139500.0,870748,144715.0,156470.0,139397.4705078125,-0.044914134742404244,46.813670080322005,-2964.72631386391,-3061.2017975972813,96.47548373337122,158084.40911184635,144715.0,131345.59088815365,0.4956991367741862,113179507,bull,hold
2026-07-22,146800.0,150300.0,145500.0,146400.0,790259,145185.0,156116.0,139643.3966015625,0.06841339155749626,48.43433701569289,-2673.4327487686824,-2983.6479878315617,310.2152390628794,158147.44961417094,145185.0,132222.55038582906,0.5622953241119809,113969766,bull,hold
2026-07-23,149800.0,150000.0,145000.0,146500.0,555094,145730.0,155618.0,139900.0119140625,0.0784737221022318,50.642982027093886,-2175.4285852465546,-2822.0041073145603,646.5755220680057,158504.8346368914,145730.0,132955.1653631086,0.6592975610129065,114524860,bull,hold
2026-07-24,130500.0,146800.0,129500.0,146300.0,1512716,145280.0,154862.0,140059.169296875,-0.06451612903225812,39.05387070559419,-3300.0643137093284,-2917.616148593514,-382.4481651158144,159457.95471850297,145280.0,131102.04528149703,-0.02123173946631857,113012144,bull,hold
2026-07-27,130400.0,133200.0,127200.0,133100.0,1048912,145035.0,153880.0,140222.61640625,-0.03621581670362162,39.00406625839836,-4151.558809642185,-3164.4046808032485,-987.1541288389367,160039.56930404602,145035.0,130030.43069595397,0.012315225334271224,111963232,bull,hold
2026-07-28,121800.0,127300.0,121100.0,126000.0,1115783,144095.0,152754.0,140351.6850390625,-0.1337126600284495,34.88392149925208,-5457.412801502476,-3623.0063049430946,-1834.4064965593816,162140.5506981616,144095.0,126049.4493018384,-0.1177423003851944,110847449,bull,hold
2026-07-29,120400.0,126500.0,114700.0,122700.0,1833971,143215.0,151802.0,140471.3587890625,-0.12753623188405794,34.24965315735753,-6530.005954082444,-4204.406234770964,-2325.59971931148,163888.77807755326,143215.0,122541.22192244676,-0.051785936620157666,109013478,bull,hold
2026-07-30,120800.0,124400.0,115000.0,115000.0,1376243,142180.0,150968.0,140593.0325390625,-0.14628975265017663,34.61544963158343,-7264.0318604732165,-4816.331359911415,-2447.700500561801,165049.59553643048,142180.0,119310.4044635695,0.032567159617178675,110389721,bull,hold
2026-07-31,131900.0,132300.0,123700.0,126100.0,1434879,141515.0,150508.0,140770.6852734375,-0.0915977961432507,43.93658262915725,-6870.872307241225,-5227.239549377377,-1643.6327578638475,164764.96989245195,141515.0,118265.03010754805,0.29322553868937506,111824600,bull,hold
2026-08-03,129600.0,130400.0,127000.0,127000.0,686065,140395.0,150112.0,140919.5949609375,-0.1473684210526316,42.581988944255514,-6668.016562603705,-5515.394952022643,-1152.6216105810618,163674.81743914506,140395.0,117115.18256085494,0.26814680724582945,111138535,bull,hold
2026-08-04,129600.0,129800.0,126400.0,128400.0,700158,138840.0,149346.0,141085.7476953125,-0.19352831362787803,42.581988944255514,-6433.095206405036,-5698.935002899122,-734.1602035059141,160591.45052634244,138840.0,117088.54947365755,0.2876003720117483,111838693,bull,hold
2026-08-05,133000.0,134400.0,131300.0,131400.0,850555,137805.0,148710.0,141266.5055859375,-0.13467794404684452,45.464572732230764,-5904.50331529323,-5740.048665377944,-164.4546499152857,158577.52753036865,137805.0,117032.47246963135,0.3843424327401836,112689248,bull,hold
2026-08-06,133600.0,135800.0,130300.0,132600.0,796639,136645.0,148042.0,141443.5578125,-0.14795918367346939,45.97997413907383,-5375.213334333326,-5667.081599169021,291.8682648356944,155552.40331192847,136645.0,117737.59668807151,0.4194759864756538,113485887,bull,hold
2026-08-07,134900.0,135000.0,131000.0,134000.0,880574,136150.0,147446.0,141620.8833984375,-0.0683701657458563,47.14550976684538,-4795.56775569715,-5492.778830474646,697.2110747774968,154692.32995068107,136150.0,117607.67004931893,0.4662933406070124,114366461,bull,hold
2026-08-10,135500.0,136200.0,132800.0,133600.0,703951,135550.0,146870.0,141765.2859765625,-0.08135593220338988,47.70631568486444,-4238.915889179363,-5242.00624221559,1003.0903530362266,153346.01078893594,135550.0,117753.98921106405,0.498595190781996,115070412,bull,hold
2026-08-11,134300.0,136800.0,133800.0,133800.0,454123,135090.0,146172.0,141899.8567578125,-0.06411149825783968,46.640436491363886,-3850.2123938827426,-4963.647472549021,1113.435078666278,152511.92871067737,135090.0,117668.07128932262,0.47732742415838764,114616289,bull,hold
2026-08-12,135600.0,137900.0,134700.0,135800.0,851047,134890.0,145486.0,142029.4321875,-0.028653295128939882,47.9959871535449,-3398.0918503440043,-4650.536348108018,1252.4444977640132,152191.66465979285,134890.0,117588.33534020715,0.5205182568833958,115467336,bull,hold
2026-08-13,137400.0,141000.0,135900.0,137900.0,1035090,134510.0,144858.0,142161.7809765625,-0.05241379310344829,49.89403329887048,-2861.55191622852,-4292.739461732118,1431.187545503598,151230.8731829389,134510.0,117789.1268170611,0.58641893184588,116502426,bull,hold
2026-08-14,141700.0,142400.0,137200.0,137400.0,771767,134110.0,144406.0,142304.613359375,-0.05344021376085506,54.19497601830571,-2065.5556497137877,-3847.302699328452,1781.7470496146643,149702.93429730035,134110.0,118517.06570269966,0.743379464547416,117274193,bull,hold
2026-08-18,137200.0,142300.0,136000.0,141800.0,513457,133970.0,143928.0,142439.7939453125,-0.020000000000000018,49.414638339501096,-1777.347114413482,-3433.311582345458,1655.9644679319763,149398.29867483533,133970.0,118541.70132516467,0.6046777764702068,116760736,bull,hold
2026-08-19,133000.0,133600.0,130000.0,132800.0,634199,133390.0,143560.0,142554.4534765625,-0.08022130013831263,45.39038873886657,-1866.3307734868722,-3119.9154205737414,1253.5846470868692,148028.155621523,133390.0,118751.84437847699,0.48667864961667134,116126537,bull,hold
2026-08-20,131100.0,134600.0,130800.0,134600.0,869614,132605.0,142896.0,142660.0919921875,-0.10694822888283384,43.65824259177757,-2066.345540299517,-2909.2014445188966,842.8559042193797,145905.14661573045,132605.0,119304.85338426956,0.44342167633625923,115256923,bull,hold
2026-08-21,130900.0,131800.0,129400.0,129900.0,667262,131660.0,142320.0,142770.478203125,-0.12616822429906538,43.47019261998994,-2215.4585850638687,-2770.452872627891,554.9942875640222,142373.0574534036,131660.0,120946.9425465964,0.46452926705071745,114589661,bear,death_cross
2026-08-24,131500.0,132200.0,129600.0,132100.0,658492,131710.0,141830.0,142873.3269921875,0.00766283524904221,44.246061817010506,-2259.1744054910378,-2668.19717920052,409.0227737094824,142410.26167903974,131710.0,121009.73832096026,0.4901871558706195,115248153,bear,hold
2026-08-25,134900.0,134900.0,128600.0,132100.0,574478,131935.0,141192.0,142991.2598828125,0.0345092024539877,48.55496578344307,-1996.4540436548705,-2533.8485520913905,537.39450843652,142704.63787691706,131935.0,121165.36212308296,0.6376555105141921,115822631,bear,hold
2026-08-26,131400.0,135800.0,130200.0,135800.0,730263,132415.0,140470.0,143073.9707421875,0.07881773399014769,44.72320819379598,-2047.0696684994327,-2436.492775372999,389.4231068735662,142140.0758351761,132415.0,122689.9241648239,0.44781531695985893,115092368,bear,hold
2026-08-27,126100.0,134600.0,125000.0,133000.0,1435376,132700.0,139588.0,143140.7190234375,0.047342192691029794,39.623870449345695,-2486.1893783519918,-2446.4320959687975,-39.75728238319425,141264.81173172686,132700.0,124135.18826827315,0.11470256400666372,113656992,bear,hold
2026-08-28,128000.0,128100.0,126000.0,126200.0,820385,133060.0,138822.0,143232.7734375,0.0596026490066226,42.16952799253734,-2650.329443013092,-2487.2115653776564,-163.11787763543543,140055.2555349984,133060.0,126064.7444650016,0.13832629310795042,114477377,bear,hold
2026-08-31,131000.0,132100.0,125500.0,127400.0,1014981,133015.0,138266.0,143356.1129296875,-0.006823351023502622,46.038296126348584,-2509.409784921212,-2491.6512092863677,-17.75857563484442,140050.98607161254,133015.0,125979.01392838745,0.3568075619045261,115492358,bear,hold
2026-09-01,131200.0,133000.0,129300.0,129700.0,813483,133095.0,137792.0,143475.6626953125,0.012345679012345734,46.296233418279776,-2354.4509669299005,-2464.2111608150744,109.76019388517398,140009.18107948627,133095.0,126180.81892051375,0.3629628022310337,116305841,bear,hold
2026-09-02,124400.0,129700.0,123300.0,129700.0,969533,132835.0,137252.0,143570.31296875,-0.04012345679012341,39.400319581209885,-2748.6632779973443,-2521.1015842515285,-227.56169374581577,140594.71004612453,132835.0,125075.28995387547,-0.0435125764920002,115336308,bear,hold
2026-09-03,127400.0,128400.0,123800.0,124900.0,841092,132555.0,137052.0,143662.7201953125,-0.04210526315789476,43.40545982988674,-2786.8790399106074,-2574.2570753833443,-212.62196452726312,140666.83702991658,132555.0,124443.16297008342,0.1822544646182931,116177400,bear,hold
2026-09-04,126500.0,132700.0,125700.0,132700.0,977137,132200.0,136804.0,143739.611015625,-0.05314371257485029,42.49801142490979,-2856.8557304134592,-2630.7768063893673,-226.07892402409198,140709.52407599427,132200.0,123690.47592400573,0.16508115206583973,115200263,bear,hold
2026-09-07,128400.0,128400.0,126200.0,128300.0,719881,131875.0,136582.0,143813.5485546875,-0.04818383988139363,45.10710405606864,-2727.5570608027338,-2650.1328572720404,-77.42420353069338,140443.51795819594,131875.0,123306.48204180406,0.2972228093029728,115920144,bear,hold
2026-09-08,125400.0,129700.0,125300.0,128900.0,536778,131370.0,136384.0,143875.359921875,-0.07453874538745386,41.87618497741124,-2834.4876522951527,-2687.003816276663,-147.48383601848946,140210.61083862005,131370.0,122529.38916137994,0.16235364789952356,115383366,bear,hold
2026-09-09,126800.0,127400.0,123900.0,123900.0,836910,130995.0,136108.0,143948.961015625,-0.055845122859270235,43.89579722210606,-2774.2824159738666,-2704.459536216104,-69.82287975776262,139942.28450424635,130995.0,122047.71549575365,0.26557133072000394,116220276,bear,hold
2026-09-10,127000.0,127500.0,125300.0,125800.0,852205,130565.0,135888.0,144021.6462109375,-0.06342182890855452,44.194115950334826,-2679.5429012950917,-2699.4762092319015,19.933307936809797,139411.75646776415,130565.0,121718.24353223585,0.29851372573721435,117072481,bear,hold
2026-09-11,126600.0,126800.0,124900.0,125100.0,531709,130025.0,135590.0,144106.221640625,-0.0786026200873362,43.69371426164638,-2606.689516275612,-2680.918870640644,74.22935436503212,138445.1840834941,130025.0,121604.81591650592,0.2966196483332257,116540772,bear,hold
