Date,Close,High,Low,Open,Volume,ma20,ma50,ma200,momentum20,rsi14,macd,macd_signal,macd_hist,bb_upper,bb_middle,bb_lower,bb_pct,obv,state,signal
2021-06-21,27078.466796875,27108.354729321883,26983.821677459877,27028.653576130197,224889,,,,,,,,,,,,,224889,bear,hold
2021-06-22,27153.1875,27158.168822234453,27098.392955421023,27158.168822234453,186443,,,,,,,,,,,,,411332,bear,hold
2021-06-23,27531.767578125,27546.711544604892,27452.066423565564,27467.010390045456,427225,,,,,,,,,,,,,838557,bear,hold
2021-06-24,27895.40625,27920.312862723214,27845.59302455357,27850.574347098216,588535,,,,,,,,,,,,,1427092,bear,hold
2021-06-25,28139.490234375,28308.855195955588,28109.602299978425,28174.359491171002,418934,,,,,,,,,,,,,1846026,bear,hold
2021-06-28,28333.76171875,28333.76171875,28283.948494912536,28308.855106831266,439300,,,,,,,,,,,,,2285326,bear,hold
2021-06-29,28652.564453125,28742.228250092357,28627.65784285629,28722.30296187739,774353,,,,,,,,,,,,,3059679,bear,hold
2021-06-30,28856.80078125,28861.78210367038,28792.043589785088,28792.043589785088,339080,,,,,,,,,,,,,3398759,bear,hold
2021-07-01,28797.0234375,28821.930048326416,28692.415672029063,28752.191538012456,247016,,,,,,,,,,,,,3151743,bear,hold
2021-07-02,28742.228515625,28792.041736622617,28697.396616727146,28787.060414522857,285594,,,,,,,,,,,,,2866149,bear,hold
2021-07-05,28851.818359375,28871.74364829722,28792.04249260834,28851.818359375,244171,,,,,,,,,,,,,3110320,bear,hold
2021-07-06,28861.779296875,28881.704584618787,28831.89136525932,28881.704584618787,239783,,,,,,,,,,,,,3350103,bear,hold
2021-07-07,28891.66796875,28891.66796875,28782.078883351292,28861.780036368535,349703,,,,,,,,,,,,,3699806,bear,hold
2021-07-08,28712.341796875,28891.66940004771,28617.69667297829,28891.66940004771,404703,,,,,80.05606288014765,,,,,,,,3295103,bear,hold
2021-07-09,28293.91015625,28313.83544509243,28104.61991224692,28278.96618961818,533165,,,,,59.57013825413069,,,,,,,,2761938,bear,hold
2021-07-12,28692.416015625,28692.416015625,28537.995026652017,28597.770893351237,300783,,,,,67.97522664426432,,,,,,,,3062721,bear,hold
2021-07-13,28901.630859375,28931.518792011375,28782.079128829497,28782.079128829497,427375,,,,,71.34348828121263,,,,,,,,3490096,bear,hold
2021-07-14,28876.724609375,28886.68725371151,28797.023454682916,28886.68725371151,264934,,,,,70.394288326678,,,,,,,,3225162,bear,hold
2021-07-15,28931.521484375,28951.446774653494,28826.9137104129,28881.708258678762,315796,,,,,71.29904510830984,,,,,,,,3540958,bear,hold
2021-07-16,28677.47265625,28677.47265625,28523.05166400686,28592.790176632796,343922,28443.5990234375,,,,61.86029636378913,,,,29591.00617330124,28443.5990234375,27296.191873573756,0.6019139687426014,3197036,bear,hold
2021-07-19,28149.453125,28159.41576988586,28049.82667614139,28159.41576988586,382776,28497.14833984375,,,0.039551217436306185,47.72024840698797,,,,29471.653451745042,28497.14833984375,27522.643227942455,0.32160421192384353,2814260,bear,hold
2021-07-20,28069.75,28094.656610470276,27900.38504880213,27900.38504880213,417406,28542.97646484375,,,0.033755245125457245,46.01059991444904,,,,29328.18157520105,28542.97646484375,27757.771354486445,0.19866060561653148,2396854,bear,hold
2021-07-21,28293.91015625,28373.61131161972,28149.451812142386,28363.648667198504,217291,28581.08359375,,,0.02768229740289363,51.295546047272275,,,,29228.104903242063,28581.08359375,27934.06228425794,0.2780803867762529,2614145,bear,hold
2021-07-22,28368.630859375,28403.500115918567,28343.724247558162,28343.724247558162,274326,28604.74482421875,,,0.016964248705824136,52.94891183947869,,,,29180.412878352305,28604.74482421875,28029.076770085194,0.29492177553683513,2888471,bear,hold
2021-07-23,28717.322265625,28717.322265625,28533.013345620122,28533.013345620122,295256,28633.63642578125,,,0.020534559312809675,59.806090932530076,,,,29169.637525943468,28633.63642578125,28097.63532561903,0.5780649888763507,3183727,bear,hold
2021-07-26,28528.033203125,28687.43551890988,28498.145268915334,28687.43551890988,710495,28643.35,,,0.006856536957690285,55.110610827929705,182.67868863022522,,,29164.085254637477,28643.35,28122.61474536252,0.3892750242584604,2473232,bear,hold
2021-07-27,28114.58203125,28293.90962748051,28109.600709132486,28293.90962748051,644887,28616.45087890625,,,-0.018776065324104918,46.519438303924886,138.55943653806025,,,29185.81287824043,28616.45087890625,28047.088879572068,0.059270860855536296,1828345,bear,hold
2021-07-28,28124.544921875,28124.544921875,27750.945759788458,27830.64691436692,465012,28579.8380859375,,,-0.02537550385179188,46.73491764426554,103.2088065266762,,,29176.20356016548,28579.8380859375,27983.47261170952,0.1182767248121669,2293357,bear,hold
2021-07-29,28428.404296875,28428.404296875,28239.114063252913,28393.535043313037,310951,28561.40712890625,,,-0.012800598694689302,52.960048737588146,98.57576954878823,,,29152.546301394512,28561.40712890625,27970.267956417985,0.38750294497368193,2604308,bear,hold
2021-07-30,27965.142578125,28254.059263114537,27865.516135025162,28254.059263114537,451844,28522.55283203125,,,-0.02703638435960376,44.43380306948092,56.8671758960445,,,29161.281181043727,28522.55283203125,27883.824483018776,0.0636562438726481,2152464,bear,hold
2021-08-02,28353.685546875,28353.685546875,27975.10506522312,27975.10506522312,227427,28497.64619140625,,,-0.017265213800229606,51.488118967079835,54.53632451972226,,,29121.755649228453,28497.64619140625,27873.536733584046,0.3846671503476392,2379891,bear,hold
2021-08-03,28343.72265625,28343.72265625,28164.395061236817,28323.797367915202,172910,28471.743359375,,,-0.01794957390867069,51.308247448032354,51.293901830067625,,,29075.935957599693,28471.743359375,27867.550761150305,0.394056379123839,2206981,bear,hold
2021-08-04,28298.892578125,28343.724479762586,28164.396873212245,28343.724479762586,182988,28442.10458984375,,,-0.020517174407035377,50.45412357720181,44.59280771475824,,,29018.50983974715,28442.10458984375,27865.699339940355,0.37577141972357714,2023993,bear,hold
2021-08-05,28353.685546875,28418.44273452598,28298.891003478017,28363.648191128996,150118,28424.17177734375,,,-0.012491361817064894,51.51647423929502,43.205431681792106,80.91601136052078,-37.71057967872868,28988.0109608692,28424.17177734375,27860.332593818297,0.4374943844554865,2174111,bear,hold
2021-08-06,28552.939453125,28622.677965397113,28453.31300702198,28528.032841599244,231978,28437.1232421875,,,0.009154948730823564,55.27228566860761,57.52098506985203,76.23700610238704,-18.71602103253501,29000.29840853584,28437.1232421875,27873.94807583916,0.6028243234591286,2406089,bear,hold
2021-08-09,28229.154296875,28358.668680449864,28094.65859085495,28293.911488662434,233830,28413.96015625,,,-0.01614578983163084,48.67386242729902,42.25234936169363,69.44007475424836,-27.187725392554725,28971.306987406224,28413.96015625,27856.613325093775,0.3342092849154478,2172259,bear,hold
2021-08-10,28328.779296875,28338.741941255823,28259.04078620923,28303.87268592294,138410,28385.317578125,,,-0.019820734867429857,50.626937313231736,37.755528230100026,63.1031654494187,-25.34763721931867,28896.43450593779,28385.317578125,27874.20065031221,0.4446914412598872,2310669,bear,hold
2021-08-11,28179.33984375,28278.966288309835,28109.601332558115,28144.470588154058,147000,28350.44833984375,,,-0.024150410929866695,47.69512654361948,21.88101936511157,54.85873623255727,-32.9777168674457,28815.815130797717,28350.44833984375,27885.081548889786,0.3161573844332634,2163669,bear,hold
2021-08-12,27985.068359375,28144.470671140753,27975.10571488964,28144.470671140753,155291,28303.12568359375,,,-0.03271356210945042,44.11827225071574,-6.303070600213687,42.62637486600308,-48.92944546621677,28711.512535868587,28303.12568359375,27894.73883131891,0.11059309029285103,2008378,bear,hold
2021-08-13,27925.29296875,28144.471151166163,27895.405034784162,28024.9194153028,242149,28265.51669921875,,,-0.026228939227532333,43.04851926077196,-33.081199932308664,27.484859906340734,-60.566059838649394,28667.56950567822,28265.51669921875,27863.463892759282,0.07689173536082587,1766229,bear,hold
2021-08-17,27491.91796875,27770.872019529128,27491.91796875,27696.152184499006,347443,28232.63994140625,,,-0.023358718669601153,36.19598086321369,-88.25544713058844,4.336798498954899,-92.59224562954333,28756.395402350932,28232.63994140625,27708.88448046157,-0.20712577518545905,1418786,bear,hold
2021-08-18,27392.2890625,27392.2890625,26899.138195581014,27143.222968096474,247937,28198.76689453125,,,-0.024134911693192818,34.82360467119504,-138.42497865766927,-24.215556932369935,-114.20942172529934,28835.682542780236,28198.76689453125,27561.851246282265,-0.13311196250902887,1170849,bear,hold
2021-08-19,26929.02734375,27198.01873786071,26929.02734375,27083.448329258,210582,28130.52275390625,,,-0.048239455238338724,29.266921844581063,-213.10944982666115,-61.99433551122818,-151.11511431543298,28971.7538454497,28130.52275390625,27289.2916623628,-0.21412922218067643,960267,bear,hold
2021-08-20,26958.916015625,27083.449071868647,26894.1588263783,26899.14014862805,423876,28060.03701171875,,,-0.049692734582012066,30.042527348139018,-266.8100451533501,-102.95747743965256,-163.8525677136975,29035.224258267695,28060.03701171875,27084.8497651698,-0.0645690096904281,1384143,bear,hold
2021-08-23,27437.12109375,27447.083737574892,27188.05499812772,27188.05499812772,173195,27996.026953125,,,-0.044579406117102205,41.1595084176692,-267.6951771953027,-135.9050173907826,-131.79015980452007,28958.212529091645,27996.026953125,27033.84137715836,0.20956441598414824,1557338,bear,hold
2021-08-24,28064.76953125,28064.76953125,27820.684741219604,27820.684741219604,257721,27972.86376953125,,,-0.016238892761252566,51.95186409661359,-215.26917820030576,-151.77784955268726,-63.4913286476185,28904.525687129644,27972.86376953125,27041.201851932856,0.5493235582472135,1815059,bear,hold
2021-08-25,28234.1328125,28293.908675899787,28184.319593000175,28254.058100299928,300280,27978.84130859375,,,0.004252269555959032,54.38323880541549,-158.23100637288007,-153.06848091672583,-5.162525456154242,28915.58379948011,27978.84130859375,27042.09881770739,0.636265572657374,2115339,bear,hold
2021-08-26,28184.322265625,28308.855326183613,28124.546396556867,28234.135489848446,220639,27981.83017578125,,,0.002125451057645611,53.525368273721895,-115.71326857934037,-145.59743844924876,29.88416986990839,28920.79201583631,27981.83017578125,27042.868335726194,0.6078276460265282,1894700,bear,hold
2021-08-27,28169.376953125,28179.33959749392,27900.385555164125,27900.385555164125,122011,27968.87880859375,,,-0.009111568171220719,53.253926496788175,-82.27519958349512,-132.93299067609803,50.657791092602906,28889.817164317818,27968.87880859375,27047.94045286968,0.6088553556734065,1772689,bear,hold
2021-08-30,28333.76171875,28403.50023212245,28318.81775159876,28318.81775159876,294458,27987.309765625,28227.558984375,,0.013181378911092834,55.902846435772865,-42.02635853024185,-114.7516642469268,72.72530571668494,28921.865151932627,27987.309765625,27052.75437931737,0.6853565653790792,2067147,bear,hold
2021-08-31,28846.8359375,28876.723869744,28642.60173383267,28742.228174646003,541809,28011.96728515625,28262.9263671875,,0.01739281441242313,62.95820414841858,30.91556411581041,-85.61821857437937,116.53378269018978,29007.895295812225,28011.96728515625,27016.039274500275,0.9191410641186095,2608956,bear,hold
2021-09-01,28926.5390625,28991.296253444118,28861.78187155588,28861.78187155588,390751,28041.10810546875,28298.3933984375,,0.020562450928494513,63.92382970070279,94.06956403376535,-49.680662052750435,143.7502260865158,29105.88593896645,28041.10810546875,26976.33027197105,0.9157820200495198,2999707,bear,hold
2021-09-02,29240.361328125,29315.081161161095,29155.678850684093,29160.6601728865,824941,28088.18154296875,28332.5652734375,,0.0332687488530119,67.51467740966234,167.51143058305752,-6.24224352558884,173.75367410864635,29271.07599818339,28088.18154296875,26905.287087754106,0.9870171552825406,3824648,bear,hold
2021-09-03,29120.80859375,29185.565780154164,29080.95801750128,29185.565780154164,192584,28126.5376953125,28357.0733203125,,0.02705549673980734,64.86585320216842,213.60542208226616,37.727289595982164,175.878132486284,29388.48847266876,28126.5376953125,26864.586917956243,0.8939420285949903,3632064,bear,hold
2021-09-06,29230.400390625,29230.400390625,29160.661875718943,29190.549810678684,170698,28160.4107421875,28378.8915234375,,0.023726486676167946,66.17589302170336,256.0270639240189,81.38724446158952,174.63981946242936,29500.28726987917,28160.4107421875,26820.534214495834,0.8992866604958262,3802762,bear,hold
2021-09-07,29409.7265625,29409.7265625,29175.60441676194,29175.60441676194,225313,28219.43935546875,28400.4108203125,,0.04182102847323654,68.26131671682262,300.65092735217695,125.239981039707,175.41094631246995,29666.00234035045,28219.43935546875,26772.876370587048,0.9114190738568472,4028075,bear,hold
2021-09-08,29589.0546875,29599.017332175925,29539.24146412037,29564.148075810186,369979,28282.453125,28419.140625,,0.04448745840467705,70.23749814486978,346.4917998118217,169.49034479412995,177.00145501769174,29847.521722735375,28282.453125,26717.384527264625,0.9174262918541168,4398054,bear,hold
2021-09-09,29170.623046875,29285.193458432055,29120.809824458887,29200.510980324667,203815,28332.01728515625,28425.4170703125,,0.03517765883166568,60.7350010741311,345.0792265629789,204.60812114789974,140.47110541507914,29942.99710625894,28332.01728515625,26721.03746405356,0.7602781706926467,4194239,bear,hold
2021-09-10,29330.025390625,29330.025390625,29070.99663377845,29070.99663377845,158374,28399.26513671875,28436.077109375,,0.04805980868006121,62.799759861041146,352.7558393131694,234.23766478095368,118.51817453221574,30058.269722046072,28399.26513671875,26740.260551391428,0.7805176857671585,4352613,bear,hold
2021-09-13,29100.8828125,29240.359827007018,28871.742002952757,29006.237695513097,295655,28458.04462890625,28443.2501953125,,0.04209767271074116,58.072293097576086,336.4710899158745,254.68434980793785,81.78674010793662,30128.972409727954,28458.04462890625,26787.116848084544,0.6923596552083253,4056958,bear,hold
2021-09-14,29061.033203125,29061.033203125,28762.15387638734,28976.350727215995,182372,28536.500390625,28447.4344921875,,0.057075509833784954,57.26494228748422,316.6990685300625,267.0872935523628,49.611774977699724,30165.431734165606,28536.500390625,26907.56904708439,0.6610051935522,3874586,bear,hold
2021-09-15,28802.00390625,28951.443566780526,28672.48953379021,28951.443566780526,173567,28606.9861328125,28446.238984375,,0.05146392988674675,52.18617538185052,276.9357566562212,269.0569861731345,7.878770483086726,30151.589277067378,28606.9861328125,27062.382988557623,0.5631287635801029,3701019,bear,hold
2021-09-16,28806.986328125,28951.444672153295,28762.15442825415,28941.48202773755,136653,28700.88408203125,28444.5453515625,,0.06973734923295916,52.27385569615969,243.0236598487245,263.85032090825246,-20.826661059527964,30040.817830333268,28700.88408203125,27360.950333729234,0.539592347841154,3837672,bear,hold
2021-09-17,28991.296875,28991.296875,28712.34281572165,28811.96926546392,136484,28802.503125,28450.124453125,,0.07538807785138912,55.5230660496381,228.3876884841775,256.7577944234375,-28.370105939259986,29881.435050309152,28802.503125,27723.571199690847,0.5874910388558131,3974156,bear,hold
2021-09-23,28453.314453125,28572.866194524686,28408.482550100118,28572.866194524686,222849,28853.31279296875,28453.3125390625,,0.03703717149852448,45.73544829511557,171.40207397794438,239.68665033433888,-68.2845763563945,29750.698182573477,28853.31279296875,27955.927403364025,0.2771312389986986,3751307,bear,hold
2021-09-24,28572.865234375,28642.60374784802,28528.03333285663,28562.90258959314,115536,28878.717578125,28450.9215234375,,0.018104396067077477,47.93200990729456,134.33873947616303,218.61706816270373,-84.2783286865407,29711.837615421256,28878.717578125,28045.597540828745,0.3164416110176688,3866843,bear,hold
2021-09-27,28642.6015625,28682.452138586956,28542.97512228261,28572.863054347825,193514,28899.141015625,28445.7409375,,0.014467196591890996,49.223181600663736,109.33260056335712,196.76017464283441,-87.4275740794773,29686.841961351867,28899.141015625,28111.44006989813,0.3371593594519104,4060357,bear,hold
2021-09-28,28418.443359375,28533.013770815076,28318.8169146445,28448.33129279415,129981,28910.8470703125,28436.5753125,,0.008306784585540461,45.33186131711335,70.61337466371333,171.5308146470102,-100.91743998329687,29661.81013951641,28910.8470703125,28159.88400110859,0.17215184665506134,3930376,bear,hold
2021-09-29,27970.125,27995.031611754228,27696.15227070347,27696.15227070347,178238,28900.88447265625,28417.3473828125,,-0.007073353218161826,38.73616710125016,3.709800066688331,137.96661173094583,-134.2568116642575,29694.978002209355,28900.88447265625,28106.790943103144,-0.08605154054085788,3752138,bear,hold
2021-09-30,27945.21875,27945.21875,27686.189984402852,27890.424203431372,107871,28881.45732421875,28402.7023046875,,-0.01371307391538057,38.40188280004464,-50.73663074371143,100.2259632360144,-150.96259397972582,29745.985304323985,28881.45732421875,28016.929344113516,-0.04147384223746408,3644267,bear,hold
2021-10-01,27521.806640625,27895.405825791855,27496.900028280543,27895.405825791855,89774,28815.205859375,28390.149375,,-0.0459332628280561,33.162436618950196,-126.59236012372276,54.862298564066975,-181.45465868778973,29863.70090953251,28815.205859375,27766.710809217493,-0.1167884238250352,3554493,bear,hold
2021-10-05,27013.7109375,27098.3934169279,26759.6634992163,27098.3934169279,158974,28719.564453125,28369.02859375,,-0.06612709943858319,28.19169698280342,-225.1126901137759,-1.1326991715015993,-223.9799909422743,30026.985781592433,28719.564453125,27412.143124657567,-0.1523732933225937,3395519,bear,hold
2021-10-06,27212.962890625,27481.95428657846,27198.01892418314,27402.25313222188,83933,28618.19453125,28347.4096484375,,-0.06933561506813313,32.466680350646826,-283.84085335967393,-57.67433000913607,-226.16652335053786,30056.23864132149,28618.19453125,27180.150421178507,0.011408714522971734,3479452,bear,hold
2021-10-07,27970.125,27980.08764470169,27566.637889581478,27566.637889581478,112841,28560.6603515625,28339.43953125,,-0.03951413608744925,45.69661347500001,-266.2178972818474,-99.38304346367835,-166.83485381816905,30005.722557657595,28560.6603515625,27115.598145467404,0.2956713042969038,3592293,bear,hold
2021-10-08,28194.28515625,28343.724830223055,28154.43457652385,28333.762185291518,104612,28508.85458984375,28328.9787890625,,-0.03544649476328454,48.8889494343036,-231.49519390427304,-125.80547355179729,-105.68972035247575,29928.222492981888,28508.85458984375,27089.486686705615,0.3891867876896971,3696905,bear,hold
2021-10-12,28039.86328125,28189.30295054073,27995.031380462784,28094.6578266566,105853,28440.36142578125,28319.215390625,,-0.04657857931248832,46.8458573045099,-213.97122893432606,-143.43862462830305,-70.53260430602302,29810.586406450253,28440.36142578125,27070.13644511225,0.35385679352608523,3591052,bear,hold
2021-10-13,28074.732421875,28074.732421875,27915.330108620918,27915.330108620918,51802,28364.6453125,28318.4183984375,,-0.05117846046851682,47.380594372050886,-195.02162431901888,-153.75522456644623,-41.26639975257265,29636.424558361312,28364.6453125,27092.86606663869,0.38602074944671017,3642854,bear,hold
2021-10-14,28557.921875,28557.921875,28333.76236263736,28333.76236263736,95645,28334.01025390625,28327.0859375,,-0.021004048178553947,54.249119814684576,-139.40757174356258,-150.88569400186952,11.47812225830694,29555.165267491382,28334.01025390625,27112.855240321118,0.5916802611473454,3738499,bear,hold
2021-10-15,28841.85546875,28841.85546875,28652.56522560449,28777.098280305483,124442,28309.6017578125,28335.3549609375,,-0.016644033388086954,57.7399713361149,-71.59664476286707,-135.02788415406906,63.431239391201984,29468.05270213912,28309.6017578125,27151.150813485878,0.7297264780801256,3862941,bear,hold
2021-10-18,28792.041015625,28881.70481117539,28782.078371674957,28841.854235375216,87224,28294.15966796875,28351.8929296875,,-0.010612798204951313,56.919401554434856,-21.626311967302172,-112.34756971671568,90.72125774941351,29417.71613911318,28294.15966796875,27170.60319682432,0.7215648970225406,3775717,bear,hold
2021-10-19,29439.615234375,29479.465813372462,29195.530438015547,29389.802010628173,320709,28313.08876953125,28373.6115234375,,0.013027135979779558,64.06825139438965,69.4290296043473,-75.9922498525031,145.4212794568504,29498.728085446623,28313.08876953125,27127.449453615875,0.9750713179471514,4096426,bear,hold
2021-10-20,29783.326171875,29887.933940667335,29758.41956025778,29768.382204904665,425179,28362.1548828125,28402.40359375,,0.034071319093601504,67.18115862087139,167.39600699405491,-27.31459848319149,194.71060547724642,29696.554618731887,28362.1548828125,27027.755146893116,1.0325133282057077,4521605,bear,hold
2021-10-21,29673.736328125,29768.381449869903,29638.8670727453,29768.381449869903,157171,28405.4923828125,28429.90046875,,0.03008818729343332,65.24042362935742,233.5009047980202,24.848502173050846,208.65240262496934,29846.875147447405,28405.4923828125,26964.109618177594,0.9399400271841533,4364434,bear,hold
2021-10-22,29997.5234375,30072.243273362255,29858.046410557126,29902.878312074477,230440,28455.8037109375,28462.7772265625,,0.034707883777620685,68.16644700092478,308.4606835427476,81.5709384469902,226.88974509575738,30038.756189832628,28455.8037109375,26872.851232042372,0.9869759980535211,4594874,bear,hold
2021-10-25,30007.486328125,30007.486328125,29678.719047637576,29887.934589765937,102742,28533.5123046875,28491.8681640625,,0.05462182191675402,68.25499712578161,364.46939396476955,138.15062955054606,226.3187644142235,30254.885767328684,28533.5123046875,26812.13884204632,0.9281389412080028,4697616,bear,hold
2021-10-26,30425.916015625,30455.803948842706,30216.700483101056,30251.569738521714,273817,28626.16484375,28535.8033984375,,0.0648535163012165,71.80259957997941,437.5763712872649,198.03577789788983,239.5405933893751,30535.27910338073,28626.16484375,26717.05058411927,0.9713576368716446,4971433,bear,hold
2021-10-27,30286.439453125,30405.991187808388,30132.01846249229,30405.991187808388,106745,28708.35673828125,28574.9566015625,,0.05739136115265375,69.03322827556177,478.74095683865016,254.17681368604192,224.56414315260824,30750.155834368143,28708.35673828125,26666.55764219436,0.8864441702095336,4864688,bear,hold
2021-10-28,30037.373046875,30271.495191684808,29992.541146805037,30271.495191684808,133681,28789.30322265625,28612.117265625,,0.056967570919606025,64.26646040592651,485.6681301271892,300.47507697427136,185.19305315291786,30905.710823213958,28789.30322265625,26672.895622098542,0.7948557319227788,4731007,bear,hold
2021-10-29,30082.205078125,30236.626067928257,30052.31714461469,30141.980945145613,127658,28894.9072265625,28654.06,,0.0755119999687166,64.73844221440984,489.13706747431206,338.2074750742795,150.92959240003256,31047.738097442598,28894.9072265625,26742.076355682402,0.7757527002288669,4858665,bear,hold
2021-11-01,30500.634765625,30560.410629937836,30415.952291181817,30430.896257260025,129899,29022.67802734375,28705.5668359375,,0.09144376497768514,68.87111940495025,519.6596906952836,374.49791819848036,145.16177249680328,31237.32693719896,29022.67802734375,26808.029117488542,0.8336774356658357,4988564,bear,hold
2021-11-02,30904.123046875,30973.861557941447,30834.38453580855,30884.19775799887,195243,29191.79384765625,28773.8109375,,0.12289587127820867,72.24870498585683,569.8384784388327,413.56603024655084,156.27244819228184,31438.505497960432,29191.79384765625,26945.082197352065,0.8810745359750367,5183807,bear,hold
2021-11-03,30749.701171875,30864.271579610806,30580.33622130903,30864.271579610806,142716,29378.593359375,28840.9591796875,,0.13829977832437512,69.15602175455155,590.33990355485,448.9208049082107,141.41909864663933,31486.84927903159,29378.593359375,27270.337439718412,0.8251758478931098,5041091,bear,hold
2021-11-04,31262.779296875,31262.779296875,31158.171526761173,31158.171526761173,165850,29581.0841796875,28927.63421875,,0.148819385177833,73.25280492429576,640.6040625083624,487.2574564282411,153.34660608012132,31594.23423805439,29581.0841796875,27567.93412132061,0.9176775372998592,5206941,bear,hold
2021-11-05,31631.3984375,31845.595308809057,31491.921405019686,31511.846695374017,160804,29764.1478515625,29021.0838671875,,0.13089943064251597,75.7453689877167,702.0899981199909,530.223964766591,171.86603335339987,31823.381626803945,29764.1478515625,27704.914076321053,0.9533847998191866,5367745,bear,hold
2021-11-08,31297.6484375,31342.480338811078,31203.003312509947,31327.536371707385,302957,29919.316015625,29098.2944140625,,0.11007064956786317,69.43606755687134,715.6377824525262,567.3067283037781,148.33105414874808,31949.48008227784,29919.316015625,27889.15194897216,0.8394633085363082,5064788,bear,hold
2021-11-09,31541.732421875,31541.732421875,31302.628954368683,31307.610276608397,142954,30094.40947265625,29167.833671875,,0.12488895204302475,71.3177287274746,737.5678141452263,601.3589454720677,136.20886867315858,32048.613593430662,30094.40947265625,28140.20535188184,0.8703100750409851,5207742,bear,hold
2021-11-10,30879.216796875,30899.142085984127,30764.646384497497,30899.142085984127,261131,30234.63369140625,29220.7353515625,,0.09989353888961117,60.440850136534884,693.4938824042329,619.7859328585008,73.70794954573205,31980.3793340743,30234.63369140625,28488.888048738198,0.684615412954325,4946611,bear,hold
2021-11-11,30724.794921875,30724.794921875,30386.065016770022,30610.224512795376,199980,30342.97734375,29271.5448046875,,0.07587642603546407,58.21231726531821,638.7414058846007,623.5770274637208,15.16437842087987,31919.82659596069,30342.97734375,28766.12809153931,0.6210697781001271,4746631,bear,hold
2021-11-12,30998.76953125,30998.76953125,30824.423245922382,30824.423245922382,103208,30450.823046875,29328.13265625,,0.07478416445283842,60.962471038895295,610.4205865001677,620.9457392710102,-10.52515277084251,31891.402820224543,30450.823046875,29010.24327352546,0.6901826245626613,4849839,bear,hold
2021-11-15,31212.966796875,31382.331761939437,31143.228281848467,31382.331761939437,74904,30571.8693359375,29385.7167578125,,0.08408315964596613,63.01201684843283,598.3625117445554,616.4290937657192,-18.066582021163867,31829.85277012646,30571.8693359375,29313.885901748537,0.7548115672726742,4924743,bear,hold
2021-11-16,31143.2265625,31212.965073676423,31088.432018004238,31163.151851407547,115046,30657.04990234375,29431.6445703125,,0.057867988917728486,61.87299871386235,576.5330326355179,608.449881539679,-31.916848904161156,31824.264257588202,30657.04990234375,29489.8355470993,0.7082636569588918,4809697,bear,hold
2021-11-17,31352.44140625,31352.44140625,31247.83364178682,31312.590829311644,86142,30735.5056640625,29480.1626171875,,0.05268435181886266,63.97670208602391,569.5494905827363,600.6698033482905,-31.120312765554218,31867.673214474275,30735.5056640625,29603.338113650727,0.7724577921188066,4895839,bear,hold
2021-11-18,31188.05859375,31188.05859375,31063.525537553905,31173.11462700647,126944,30811.22177734375,29519.1165625,,0.0510324095651451,61.123022104775124,544.4743031843173,589.4307033154959,-44.95640013117861,31847.735959229383,30811.22177734375,29774.70759545812,0.6817808299162416,4768895,bear,hold
2021-11-19,31257.798828125,31257.798828125,31003.751379482073,31128.28444254233,178808,30874.235546875,29561.8563671875,,0.04201264791911208,61.89949417773167,524.1869892674986,576.3819605058965,-52.1949712383979,31857.060009051176,30874.235546875,29891.411084698822,0.695133157553238,4947703,bear,hold
2021-11-22,31412.21875,31412.21875,31292.667013558515,31302.629658261973,95423,30944.47216796875,29605.492734375,,0.04681273221337401,63.63155327073764,514.6371275247766,564.0329939096725,-49.39586638489595,31868.50979458869,30944.47216796875,30020.43454134881,0.7530993157401137,5043126,bear,hold
2021-11-23,30764.64453125,31227.907475130545,30734.75659938674,31227.907475130545,250425,30961.40859375,29632.59109375,,0.011132894584046316,52.79283654769155,449.6318893072603,541.1527729891901,-91.52088368192983,31858.84141268147,30961.40859375,30063.975774818526,0.3903739319817413,4792701,bear,hold
2021-11-24,30640.11328125,30650.075925789508,30485.692290887662,30575.35609174321,149559,30979.09228515625,29653.612265625,,0.011677629807636869,50.99397520016246,383.64373242109286,509.65096487557065,-126.00723245447779,31835.634333240272,30979.09228515625,30122.550237072228,0.30212354742857994,4643142,bear,hold
2021-11-25,30938.9921875,30938.9921875,30764.645910481402,30764.645910481402,91868,31024.1732421875,29688.9796484375,,0.030016577655375354,54.960564473268256,351.41379310947013,478.0035305223506,-126.58973741288048,31764.774138895817,31024.1732421875,30283.57234547918,0.44249193116961166,4735010,bear,hold
2021-11-26,30719.8125,30864.270836711526,30665.01795848873,30864.270836711526,103240,31056.05361328125,29716.775390625,,0.02119550146736593,51.658401935185545,304.673281049254,443.33748062773134,-138.66419957847734,31676.93246121891,31056.05361328125,30435.17476534359,0.22922163929555445,4631770,bear,hold
2021-11-29,30575.35546875,30655.05662344208,30156.924406616567,30156.924406616567,187475,31059.7896484375,29746.26484375,,0.002449808133475617,49.54552238939719,253.05752373940413,405.28148925006593,-152.2239655106618,31668.025485877584,31059.7896484375,30451.55381099742,0.10177109776499897,4444295,bear,hold
2021-11-30,30460.78515625,30854.309608800082,30401.00929003986,30854.309608800082,113574,31037.62275390625,29774.2598828125,,-0.014345590391047547,47.87310950545359,200.5944693087331,364.3440852617994,-163.74961595306632,31697.092394797743,31037.62275390625,30378.153113014756,0.0626503769935029,4330721,bear,hold
2021-12-01,31083.44921875,31083.44921875,30326.288276241987,30445.840004006408,136634,31054.31015625,29819.8887890625,,0.010853700496454177,56.47252534716895,206.87616704186803,332.85050161781317,-125.97433457594514,31700.55049479733,31054.31015625,30408.06981770267,0.5225450662562319,4467355,bear,hold
2021-12-02,29987.55859375,30067.259746158637,29628.90340791113,29962.6519836223,467427,30990.54912109375,29843.500234375,,-0.04079038178324956,43.02066511108371,122.01868757874763,290.6841388100001,-168.66545123125246,31778.117911390593,30990.54912109375,30202.98033079691,-0.13676375936996832,3999928,bear,hold
2021-12-03,29748.45703125,29748.45703125,29469.502980052745,29723.550419535957,216000,30896.40205078125,29858.6434375,,-0.059527605457295074,40.74047473365034,35.07075210104449,239.561461468209,-204.4907093671645,31797.08562380716,30896.40205078125,29995.718477755338,-0.13726321535688984,3783928,bear,hold
2021-12-06,28732.267578125,29439.61535830769,28528.03335990324,29290.175686438106,329885,30768.1330078125,29864.2225,,-0.08196720799960255,32.78676837870961,-114.51406257778945,168.7463566590093,-283.2604192367987,32052.6231711688,30768.1330078125,29483.642844456197,-0.2924799612197476,3454043,bear,hold
2021-12-07,29280.212890625,29290.17553536492,29090.92264056652,29220.43702218548,166398,30655.05703125,29878.369453125,,-0.07169928084487764,39.63071645191806,-186.69440171274618,97.65820498465823,-284.35260669740444,32041.36879928615,30655.05703125,29268.74526321385,0.0041360203655331695,3620441,bear,hold
2021-12-08,30037.373046875,30077.223624714967,29917.8213133551,30057.298335794985,167207,30612.96484375,29906.2648828125,,-0.027262470921386672,47.57453697286125,-180.7181375539476,41.98293647693706,-222.70107403088466,32020.455692745843,30612.96484375,29205.473994754157,0.2955255633506787,3787648,bear,hold
2021-12-09,30122.0546875,30211.718485147594,30042.353534035472,30072.24146658467,93366,30582.82783203125,29940.337109375,,-0.019617388363619925,48.39246059134463,-167.22118276367473,0.14211262881470077,-167.36329539248942,32005.183235976718,30582.82783203125,29160.47242808578,0.3380246093018975,3881014,bear,hold
2021-12-10,29708.607421875,29753.439324423103,29628.90626178949,29743.47667941241,99209,30518.3197265625,29975.1067578125,,-0.04161978455546056,44.72366587119483,-187.7225392853834,-37.43081775402492,-150.29172153135846,31975.954961497893,30518.3197265625,29060.684491627104,0.22225139552029743,3781805,bear,hold
2021-12-13,29788.306640625,29937.746306046196,29788.306640625,29937.746306046196,119141,30447.08671875,30011.968515625,,-0.04564321506255009,45.58015456595893,-195.28779501566896,-69.00221320635373,-126.28558180931523,31901.212168354105,30447.08671875,28992.961269145897,0.2734789394187557,3900946,bear,hold
2021-12-14,29110.84765625,29170.62352412731,28991.29592049538,28991.29592049538,183351,30345.4677734375,30043.7493359375,,-0.0652590990265991,39.91819318333615,-253.0317998825194,-105.80813054158688,-147.22366934093253,31873.00173804174,30345.4677734375,28817.93380883326,0.09587801456599046,3717595,bear,hold
2021-12-15,29031.146484375,29036.127806695586,28881.70681475742,28896.650781719178,115960,30229.40302734375,30084.098046875,,-0.07403872929054445,39.29968344032699,-301.7472043023372,-144.99594529373695,-156.75125900860024,31785.73359075789,30229.40302734375,28673.07246392961,0.11503790674774114,3601635,bear,hold
2021-12-16,29509.353515625,29539.241449638124,29414.708391250108,29529.278804967085,122281,30145.4677734375,30130.025859375,,-0.05382525087539136,44.82380643862439,-298.32825992409926,-175.6624082198094,-122.66585170428985,31666.610263833674,30145.4677734375,28624.325283041326,0.29090904966870423,3723916,bear,hold
2021-12-17,28607.732421875,28876.72381152871,28403.498218619407,28403.498218619407,217160,30012.964453125,30142.7780078125,,-0.0847809668499605,37.83288211885888,-364.1740373636676,-213.36473404858106,-150.80930331508654,31584.30651765388,30012.964453125,28441.622388596123,0.05285610212715862,3506756,bear,hold
2021-12-20,28119.564453125,28353.686601804697,28064.769907689326,28269.00412249502,118153,29848.33173828125,30141.28359375,,-0.10482081266147425,34.67915393319309,-450.55465209707836,-260.8027176582805,-189.75193443879783,31487.26747683415,29848.33173828125,28209.39599972835,-0.027405451138269147,3388603,bear,hold
2021-12-21,28288.9296875,28313.836299304454,27995.03166820743,27995.03166820743,122427,29724.54599609375,30146.264921875,,-0.08047272710189213,36.652150721016696,-499.5866289654514,-308.5594999197147,-191.02712904573667,31440.133312296224,29724.54599609375,28008.95867989128,0.08159625714313665,3511030,bear,hold
2021-12-22,28657.546875,28717.322741938988,28528.032496632193,28597.771008061012,183666,29625.41767578125,30157.9212109375,,-0.06470493069172878,40.84042954504186,-502.9033408541691,-347.42826810660557,-155.4750727475635,31347.038678823486,29625.41767578125,27903.796672739012,0.21890712326611173,3694696,bear,hold
2021-12-23,29041.109375,29160.66111170669,28996.27747373499,29001.25879609777,86677,29530.52353515625,30167.5849609375,,-0.0613427483674398,44.92112352061458,-469.17323374870466,-371.77726123502543,-97.39597251367923,31158.757831847382,29530.52353515625,27902.28923846512,0.349710154997094,3781373,bear,hold
2021-12-24,29145.716796875,29285.193821368674,29080.959606931505,29245.34324294191,90569,29451.81875,30173.6621875,,-0.05124040724939316,46.014814559679095,-429.05505653646105,-383.2328202953126,-45.82223624114846,30992.30657821572,29451.81875,27911.330921784276,0.40064772096266976,3871942,bear,hold
2021-12-27,29240.361328125,29354.931738780346,29240.361328125,29285.193227946656,73598,29385.06904296875,30182.62859375,,-0.043662424202703054,47.03947407994248,-385.1839288028059,-383.6230419968113,-1.5608868059945848,30838.257451917518,29385.06904296875,27931.88063401998,0.4502102707561402,3945540,bear,hold
2021-12-28,29549.205078125,29643.850205651026,29544.223755623632,29623.924915645544,116653,29339.4900390625,30184.820390625,,-0.029926348695511584,50.35110940396881,-321.78529392540804,-371.2554923825307,49.47019845712265,30709.67318953819,29339.4900390625,27969.306888586812,0.5765281046514447,4062193,bear,hold
2021-12-29,29494.408203125,29549.202746316078,29474.482914691882,29544.2214242078,66633,29260.03798828125,30179.04203125,,-0.05112177237609994,49.756621855952915,-272.8181906006612,-351.5680320261568,78.74984142549562,30377.478168238158,29260.03798828125,28142.59780832434,0.6048692444783886,3995560,bear,hold
2021-12-30,29255.3046875,29349.949807381236,29150.69692342074,29200.510144410862,73506,29223.42529296875,30170.6733984375,,-0.024418590261716555,47.141157455001874,-250.41839647186498,-331.33810491529846,80.91970844343348,30289.94197474212,29223.42529296875,28156.90861119538,0.5149455676953135,3922054,bear,hold
2022-01-04,29788.306640625,29892.914406419837,29778.343996263586,29798.269284986414,163426,29225.4177734375,30166.4890625,,0.0013395521432637558,53.06401618083147,-187.49625499378453,-302.5697349309957,115.07347993721118,30295.991673143944,29225.4177734375,28154.843873731057,0.7628911779662506,4085480,bear,hold
2022-01-05,29399.765625,29489.429430701457,29240.363303752965,29384.82165738309,160408,29258.79267578125,30154.3346484375,,0.02323165218547496,48.77367383066956,-167.05629633581339,-275.46704721195925,108.41075087614587,30307.178554143025,29258.79267578125,28210.406797419473,0.5672333308414251,3925072,bear,hold
2022-01-06,28443.349609375,28617.695885439472,28343.72316590959,28413.461676335377,204833,29216.94951171875,30114.6833203125,,-0.028581188407887148,40.165032617693846,-225.43360294895683,-265.4603583593588,40.02675541040196,30323.749973510556,29216.94951171875,28110.149049926946,0.1505242231777868,3720239,bear,hold
2022-01-07,28787.060546875,28792.041868997665,28662.527493808404,28662.527493808404,74517,29154.43388671875,30084.6957421875,,-0.04162522794682533,43.990974350327235,-241.18322875186277,-260.6049324378596,19.421703685996818,30208.813513682977,29154.43388671875,28100.054259754525,0.3257869696792732,3794756,bear,hold
2022-01-10,28687.43359375,28687.43359375,28368.62898357462,28567.881864934232,79516,29082.70283203125,30057.696953125,,-0.04762693344240343,43.130115218210136,-258.7216015959966,-260.228266269487,1.506664673490377,30056.09631507732,29082.70283203125,28109.309348985178,0.29696328095174795,3715240,bear,hold
2022-01-11,28403.5,28627.659505436688,28398.518677656964,28612.715538407578,81648,29017.4474609375,30024.1228515625,,-0.04393027930733717,40.68644355282392,-292.1640709713647,-266.61542720986256,-25.54864376150215,29989.236432525766,29017.4474609375,28045.658489349233,0.18411482385209643,3633592,bear,hold
2022-01-12,29006.240234375,29026.16552390574,28831.893950981026,28831.893950981026,68572,28978.344140625,29994.2349609375,,-0.026254141119368857,47.48814661569083,-266.9540887258954,-266.68315951306914,-0.2709292128262746,29883.572217999135,28978.344140625,28073.11606325086,0.5154083232984342,3702164,bear,hold
2022-01-13,29051.0703125,29235.37922909165,29016.201058009687,29185.566008391204,62843,28975.3552734375,29957.17390625,,-0.0020534387887247707,47.96608749903754,-240.5842777290054,-261.46338315625644,20.879105427251034,29879.20731976076,28975.3552734375,28071.50322711424,0.5418846421659923,3765007,bear,hold
2022-01-14,28443.349609375,28443.349609375,28099.63837941933,28269.00333331053,107268,28945.9654296875,29911.046875,,-0.02024711202212981,42.34022382719378,-265.6616126362387,-262.3030290522529,-3.358583583985819,29878.42290510152,28945.9654296875,28013.507954273482,0.23048861016995142,3657739,bear,hold
2022-01-17,28388.5546875,28577.844927564045,28323.797500109667,28443.349230676435,50291,28889.92548828125,29853.5623828125,,-0.03798113799855174,41.86345164779442,-286.65271936400313,-267.17296711460295,-19.47975224940018,29814.898549159323,28889.92548828125,27964.952427403176,0.2289808633424958,3607448,bear,hold
2022-01-18,28144.470703125,28458.29400477046,28144.470703125,28388.555493293694,70870,28866.76240234375,29783.823828125,,-0.01619358402540727,39.71795288883281,-319.3031325696429,-277.59900020561093,-41.70413236403198,29840.74547773391,28866.76240234375,27892.779326953587,0.12920726372508554,3536578,bear,hold
2022-01-19,27586.564453125,27875.481162818254,27556.67651763949,27875.481162818254,90866,28840.11240234375,29709.6021484375,,-0.018954774384521644,35.268679791797354,-385.75050037953406,-299.22930024039556,-86.5212001391385,29918.037512877832,28840.11240234375,27762.18729180967,-0.08146337670789323,3445712,bear,hold
2022-01-20,27770.87109375,27775.852415919282,27437.122508408072,27457.0477970852,161780,28814.20947265625,29634.184921875,,-0.01831312105027838,37.74957800938587,-418.7118627974887,-323.12581275181424,-95.58605004567448,29966.222326328672,28814.20947265625,27662.196618983828,0.04716721450621687,3607492,bear,hold
2022-01-21,26724.79296875,27352.439551054285,26600.259916705498,27347.458228972508,222029,28717.57177734375,29551.0964453125,,-0.06744310371995166,30.58473037459933,-523.2124745175679,-363.14314510496496,-160.06932941260294,30186.585688055115,28717.57177734375,27248.557866632385,-0.17827091154935157,3385463,bear,hold
2022-01-24,26132.017578125,26251.56931694982,26022.42848420225,26022.42848420225,157472,28572.1171875,29459.2408984375,,-0.10017151064412466,27.409949064796137,-646.4105635843807,-419.7966288008481,-226.6139347835326,30413.164853107042,28572.1171875,26731.069521892958,-0.16269321945296686,3227991,bear,hold
2022-01-25,25444.59375,25803.248947729055,25175.60235170321,25803.248947729055,164472,28387.06103515625,29348.1573828125,,-0.12698685960167688,24.264391333973364,-790.40400924403,-493.91810488948454,-296.4859043545455,30654.868491049136,28387.06103515625,26119.253579263364,-0.1487471582982639,3063519,bear,hold
2022-01-26,25419.6875,25419.6875,25205.49064275916,25265.26650989614,164065,28196.02734375,29232.291796875,,-0.13066438493186694,24.156226281477473,-896.1987571626232,-574.3742353441123,-321.8245218185109,30767.48841353643,28196.02734375,25624.56627396357,-0.03983703591137508,2899454,bear,hold
2022-01-27,24931.51953125,25419.6891444493,24707.360014985017,25419.6891444493,109414,27965.14306640625,29108.05765625,,-0.15627105821176313,22.078743041472805,-1007.815463071347,-661.0624808895593,-346.75298218178773,30822.47855436387,27965.14306640625,25107.80757844863,-0.030848328441235317,2790040,bear,hold
2022-01-28,25011.21875,25041.106683180642,24747.208673571,24806.984539932284,159220,27740.98359375,28981.233203125,,-0.15200133605833788,23.239432616604347,-1077.421600244037,-744.3343047604549,-333.08729548358224,30780.848659135372,27740.98359375,24701.118528364626,0.05100558988069118,2949260,bear,hold
2022-02-03,26211.716796875,26246.586051450853,26146.959609805566,26191.791508545943,155973,27588.80419921875,28881.7063671875,,-0.10403541932432658,38.17762078968216,-1023.9117883039034,-800.2498014691446,-223.66198683475886,30614.897894972473,27588.80419921875,24562.710503465027,0.2724645135284299,3105233,bear,hold
2022-02-04,26485.69140625,26485.69140625,26201.756027247506,26201.756027247506,121340,27423.6734375,28786.26421875,,-0.11086951917806986,40.99956550659669,-948.4641116678577,-829.8926635088872,-118.5714481589705,30308.804240508594,27423.6734375,24538.54263449141,0.3374454928920587,3226573,bear,hold
2022-02-07,26281.45703125,26381.083479435176,26027.409588377795,26166.886615837044,74357,27267.7580078125,28683.648984375,,-0.10606576370453635,39.55027482430665,-894.8361771334348,-842.8813662337968,-51.954810899638005,30043.84966023539,27267.7580078125,24491.666355389607,0.3223579946105734,3152216,bear,hold
2022-02-08,25813.212890625,25977.59653118668,25773.362311094894,25967.633886304153,59721,27136.251171875,28584.6203515625,,-0.09246930318935087,36.37549674648592,-879.9752347744543,-850.3001399419284,-29.67509483252593,29926.277309371355,27136.251171875,24346.225034378644,0.2628985865994011,3092495,bear,hold
2022-02-09,26366.138671875,26396.026605377978,26176.848426356155,26296.40016036806,56010,27015.205078125,28499.140859375,,-0.08409757123544892,42.26873640131448,-814.1957989829534,-843.0792717501334,28.883472767180024,29716.911493462896,27015.205078125,24313.498662787104,0.37987843487264644,3148505,bear,hold
2022-02-10,26794.53125,26919.064300985312,26630.147622699387,26809.475216118237,62012,26920.5599609375,28416.251640625,,-0.06598367670513394,46.410357274694945,-719.2068524698625,-818.3047878940793,99.09793542421676,29511.67101757675,26920.5599609375,24329.448904298246,0.47568056555998,3210517,bear,hold
2022-02-11,26271.494140625,26296.400752438258,26132.017114470753,26171.867693371965,61137,26813.95966796875,28327.2852734375,,-0.07506137832925519,42.40996617862258,-678.3129817049667,-790.3064266562568,111.99344495129014,29326.495652571306,26813.95966796875,24301.423683366193,0.3920482073355143,3149380,bear,hold
2022-02-15,25897.89453125,25902.875853529524,25603.99651675803,25803.249407939027,58090,26658.5423828125,28233.7360546875,,-0.10716127557412047,39.77282959492039,-668.3463796403848,-765.9144172530825,97.56803761269771,28987.240558702877,26658.5423828125,24329.84420692212,0.33667959647203644,3091290,bear,hold
2022-02-16,26341.234375,26346.215697688163,26236.626598548602,26321.309084247354,40769,26523.0505859375,28151.3450390625,,-0.09327835113648186,44.206499360721914,-617.5551639386176,-736.2425665901897,118.68740265157203,28578.45857020995,26523.0505859375,24467.64260166505,0.45577125993264594,3132059,bear,hold
2022-02-17,26226.662109375,26396.02706886574,26097.147728587963,26396.02706886574,39693,26412.2162109375,28054.209296875,,-0.07793341960221778,43.31898262388316,-579.8634786501825,-704.9667490021883,125.10327035200578,28271.14722230106,26412.2162109375,24553.285199573937,0.4500911813218956,3092366,bear,hold
2022-02-18,25843.099609375,25882.950187030165,25499.388377099196,25653.809365512963,66221,26284.94345703125,27971.3201171875,,-0.08966483521775803,40.395096844743414,-574.3224035250569,-678.837879906762,104.51547638170518,27920.311023026174,26284.94345703125,24649.57589103633,0.3649099270268812,3026145,bear,hold
2022-02-21,25125.791015625,25210.473499222466,24792.04240379969,25090.921757673103,130352,26134.00947265625,27878.866796875,,-0.10725658049646047,35.56104556657998,-620.6573190563649,-667.2017677366827,46.544448680317714,27603.86026986034,26134.00947265625,24664.15867545216,0.15703374146918347,2895793,bear,hold
2022-02-22,24443.34765625,24657.544507527513,24313.833281058945,24587.805997809253,88362,25976.8486328125,27793.0883984375,,-0.11394013206015352,31.67709887018721,-704.3265115275499,-674.6267164948562,-29.699795032693714,27463.90866151134,25976.8486328125,24489.78860411366,-0.015615021239019583,2807431,bear,hold
2022-02-23,24612.712890625,24627.65685716454,23098.39094795145,24513.086447028054,83839,25818.94072265625,27699.7383984375,,-0.113721971214499,33.61491078240867,-748.3421677126316,-689.3698067384113,-58.97236097422035,27175.435412342562,25818.94072265625,24462.44603296994,0.05538792698473799,2891270,bear,hold
2022-02-24,23118.318359375,23935.255271880385,22983.822648169844,23915.329981331473,235814,25638.6169921875,27561.3573046875,,-0.13494864538678164,26.47870003219427,-893.5102123139077,-730.1978878535106,-163.31232446039712,27371.98649218651,25638.6169921875,23905.247492188493,-0.2269940519935143,2655456,bear,hold
2022-02-25,24184.3203125,24373.61056417353,24009.97402806385,24009.97402806385,100130,25541.23212890625,27442.6026171875,,-0.07453298467300162,36.78766271125389,-912.0262143896762,-766.5635531607437,-145.46266122893246,27369.056386325676,25541.23212890625,23713.407871486823,0.12881775671311654,2755586,bear,hold
2022-02-28,24144.46875,24184.319327676916,23930.271894986592,24094.65552790386,90277,25476.22587890625,27331.31984375,,-0.051096315892251165,36.58115737974218,-919.3186345129725,-797.1145694311895,-122.20406508178303,27402.974450445832,25476.22587890625,23549.47730736667,0.15440298008315087,2665309,bear,hold
2022-03-02,24757.169921875,24836.871072528924,24542.97307949258,24707.356702716297,127100,25443.1,27230.697109375,,-0.026063167697281897,41.97424996388804,-865.6790566877717,-810.8274668825059,-54.8515898052658,27395.211610212675,25443.1,23490.988389787322,0.32431074265004023,2792409,bear,hold
2022-03-03,24891.66796875,24901.630613524365,24772.116231457625,24777.097553844807,67779,25441.107421875,27146.313515625,,-0.0015984409795017918,43.1177812272978,-803.0592691060629,-809.2738273272173,6.214558221154448,27395.38386063007,25441.107421875,23486.83098311993,0.35942637330391997,2860188,bear,hold
2022-03-04,24288.927734375,24567.88178546708,23890.421947100593,24567.88178546708,83715,25404.99287109375,27051.469140625,,-0.02887868131675908,39.373013985896925,-792.9283514453928,-806.0047321508525,13.07638070545977,27415.595295338007,25404.99287109375,23394.39044684949,0.2224550405239231,2776473,bear,hold
2022-03-07,23467.0078125,23656.298047455424,23327.530797269686,23581.578217867755,128477,25267.757421875,26930.6222265625,,-0.10471305659392094,34.91933967425564,-841.5210638386525,-813.1079984884126,-28.41306535023989,27409.76217286617,25267.757421875,23125.752670883834,0.07965788625311343,2647996,bear,hold
2022-03-08,22610.22265625,22973.859195995814,22610.22265625,22884.195391674926,138682,25073.983984375,26810.67203125,,-0.14632311048846092,30.984786559022126,-938.3498274505946,-838.1563642808491,-100.19346316974554,27430.637828491366,25073.983984375,22717.330140258637,-0.022724483758198476,2509314,bear,hold
2022-03-10,23671.244140625,23900.384971952597,23651.31885094434,23750.94529934764,68064,24943.47333984375,26721.705625,,-0.09931766292566369,40.00074994797149,-918.8794830659317,-854.3009880378656,-64.57849502806607,27307.28864771097,24943.47333984375,22579.658031976527,0.23089496565477619,2577378,bear,hold
2022-03-11,23207.98046875,23407.233359660066,23023.671544658187,23407.233359660066,66132,24813.21171875,26620.086640625,,-0.10092631370274652,37.685839230073306,-930.1088852723478,-869.4625674847621,-60.64631778758576,27256.7436243883,24813.21171875,22369.679813111703,0.17153462447205425,2511246,bear,hold
2022-03-14,22371.1171875,22734.75369488978,22166.88298471944,22734.75369488978,149632,24613.46064453125,26494.358046875,,-0.15152091605421636,33.87235104848901,-995.0656429380906,-894.5831825754278,-100.48246036266278,27167.221581429993,24613.46064453125,22059.699707632506,0.06097232426259829,2361614,bear,hold
2022-03-15,21613.95703125,21693.658186470097,21359.90959898594,21643.844964457538,118757,24354.43193359375,26345.815,,-0.19334446161471852,30.832381664810683,-1095.01815052022,-934.6701761643862,-160.34797435583368,27019.25876070272,24354.43193359375,21689.60510648478,-0.014193806979354648,2242857,bear,hold
2022-03-16,22694.904296875,22694.904296875,21987.556533451767,22186.809424556905,293135,24175.60244140625,26216.79875,,-0.1361395672665351,39.219106370364806,-1074.6202688834783,-962.6601947082047,-111.96007417527358,26781.20466808181,24175.60244140625,21570.000214730688,0.21586258843115058,2535992,bear,hold
2022-03-17,24119.5625,24513.086960450226,24064.76795487402,24393.535225629905,248000,24086.68583984375,26114.3827734375,,-0.06866705048567379,48.1435860573552,-932.7446899286733,-956.6770937522986,23.932403823625236,26569.609197900103,24086.68583984375,21603.7624817874,0.5066205547685502,2783992,bear,hold
2022-03-18,24219.1875,24363.645837618264,24084.691806355408,24169.374280131633,57007,23980.58349609375,26007.782421875,,-0.08055988739138198,48.7107188649686,-803.0117469876823,-925.9440243993754,122.93227741169312,26240.404526861155,23980.58349609375,21720.762465326345,0.5527926770876239,2840999,bear,hold
2022-03-21,24886.6875,25230.398756505205,24792.042371397118,25006.239241393116,92036,23913.584765625,25915.6280078125,,-0.0510920758343858,52.4620896910619,-638.9701336067046,-868.5492462408413,229.57911263413666,25973.698072540923,23913.584765625,21853.47145870908,0.7361769935440531,2933035,bear,hold
2022-03-22,25140.734375,25205.49156677234,24836.873705914408,24836.873705914408,158573,23878.46650390625,25833.3366015625,,-0.027178057005213363,53.8457279450909,-482.89994353777,-791.419385700227,308.51944216245704,25826.724031651233,23878.46650390625,21930.208976161266,0.8239479003976354,3091608,bear,hold
2022-03-23,26107.109375,26171.86656291738,25788.30475756058,25788.30475756058,147929,23927.532421875,25759.71265625,,0.03905621752424615,58.76261369939712,-278.02985224686563,-688.7414790095548,410.7116267626892,26041.363933386514,23927.532421875,21813.700910363485,1.0155512492967034,3239537,bear,hold
2022-03-24,26156.923828125,26181.83044003523,25768.38068232539,25768.38068232539,50201,24013.21123046875,25694.8558203125,,0.07010398886327862,59.00505293481068,-110.3768630688428,-573.0685558214125,462.6916927525697,26332.63882436783,24013.21123046875,21693.78363656967,0.9621210429881443,3289738,bear,hold
2022-03-25,26136.998046875,26251.568459506623,26067.25953483836,26241.60581492996,94248,24089.42548828125,25648.7287890625,,0.061930806369199676,58.85599771975204,20.64352895745469,-454.3261388656391,474.9696678230938,26576.738004063496,24089.42548828125,21602.112972499002,0.9116033963568506,3195490,bear,hold
2022-03-28,25992.5390625,26146.960049647852,25848.080719684265,26077.221539323014,70870,24233.1365234375,25592.838359375,,0.12432654739177584,57.71763572911473,111.53578573495906,-341.1537539455195,452.68953968047856,26809.93115025139,24233.1365234375,21656.341896623613,0.8413936292699307,3124620,bear,hold
2022-03-29,26600.26171875,26630.14965326545,26510.59791520365,26520.560560042133,94188,24353.93359375,25551.094921875,,0.09989701488535485,61.12418533011956,229.95590495396755,-226.93182216562212,456.88772711958967,27129.124137399063,24353.93359375,21578.743050100937,0.9047160167327342,3218808,bear,hold
2022-03-30,26909.103515625,26958.91673945992,26829.40235748912,26849.327647023092,88745,24492.16533203125,25521.2069921875,,0.1145038556967628,62.76595055029703,344.751572982208,-112.59514313605611,457.3467161182641,27479.179570608572,24492.16533203125,21505.15109345393,0.9045742655624078,3307553,bear,hold
2022-03-31,26679.9609375,26829.400599211167,26570.371852245145,26729.774158070388,65770,24588.3048828125,25474.68140625,,0.07766602651646615,60.717160715522134,412.48322605439535,-7.579469297965815,420.0626953523612,27723.35308727443,24588.3048828125,21453.256678350568,0.8335923274976392,3241783,bear,hold
2022-04-01,26206.736328125,26206.736328125,25927.78228243502,26042.35269405769,77961,24654.05830078125,25417.7947265625,,0.05283166885505586,56.60761013422339,423.0985611772812,78.5561367970836,344.54242438019764,27866.01898432877,24654.05830078125,21442.09761723373,0.7417025269482536,3163822,bear,hold
2022-04-04,26316.32421875,26331.26818480267,25907.855813310383,25922.799779363053,48701,24755.428125,25375.25421875,,0.08346998708822051,57.32789921180806,435.3358371077229,149.91207685921145,285.4237602485115,28041.999225388634,24755.428125,21468.857024611363,0.7374657425736851,3212523,bear,hold
2022-04-05,26998.767578125,27153.18857349804,26963.89832110528,27048.580802438883,93226,24932.01611328125,25347.4584765625,,0.15049893850309126,61.60240589745896,494.40228039814974,218.8101175669991,275.59216283115063,28301.188909019962,24932.01611328125,21562.843317542538,0.8067149698373666,3305749,bear,hold
2022-04-06,26336.251953125,26401.009145368356,26122.055086473898,26401.009145368356,76863,25118.317578125,25311.2941015625,,0.16479401169652075,55.76259055687837,482.194945022864,271.4870830581721,210.70786196469186,28363.116966637608,25118.317578125,21873.51818961239,0.6876748342766257,3228886,bear,hold
2022-04-07,25429.6484375,25882.94873285994,25175.60101922135,25863.02344515181,105628,25206.23779296875,25268.15578125,,0.07428440543423731,48.927276972914555,394.81404631689657,296.152475709917,98.66157060697958,28384.033300718635,25206.23779296875,22028.442285218865,0.5351518283644124,3123258,bear,hold
2022-04-08,25499.388671875,25499.388671875,25195.5280137417,25379.83693752747,84290,25320.808203125,25222.7261328125,,0.098733632002596,49.44069051889461,327.4172464111725,302.4054298501681,25.011816561004423,28364.5657155336,25320.808203125,22277.0506907164,0.5293355282117536,3207548,bear,hold
2022-04-11,24607.732421875,25404.743998292004,24448.330106591602,25404.743998292004,129546,25432.63896484375,25180.384921875,,0.09997780690294378,43.42948316164409,199.75296162565064,281.87493620526465,-82.121974579614,28185.091564563987,25432.63896484375,22680.186365123514,0.3501506360086645,3078002,bear,hold
2022-04-12,24054.8046875,24119.561875517706,23740.98139172189,24119.561875517706,124016,25554.68134765625,25138.8406640625,,0.11292923608208172,40.168014941866005,53.346503719607426,236.16924970813324,-182.8227459885258,27786.191387532854,25554.68134765625,23323.171307779645,0.16393235222925823,2953986,bear,hold
2022-04-13,24209.2265625,24303.871686921295,23895.403255208334,23960.16044560185,58718,25630.3974609375,25114.1333203125,,0.06672521046204705,41.48957490711216,-49.64879382751678,179.00564100100326,-228.65443482852004,27549.53531387391,25630.3974609375,23711.25960800109,0.12973715091310034,3012704,bear,hold
2022-04-14,24403.498046875,24428.404658476218,24249.077054947436,24413.460691515487,41964,25644.59423828125,25093.80953125,27984.844267578126,0.011772002368409362,43.18964142067574,-114.27987669831055,120.3485374611405,-234.62841415945104,27522.576102739145,25644.59423828125,23766.612373823355,0.16956651315573035,3054668,bear,hold
2022-04-15,24014.955078125,24024.917722836937,23631.39325671541,23711.09441441091,58156,25634.3826171875,25075.4782421875,27969.526708984376,-0.008432670248537444,40.64594894100403,-194.60931090821032,57.356967787270335,-251.96627869548064,27545.190472249524,25634.3826171875,23723.574762125478,0.07624532085411181,2996512,bear,hold
2022-04-18,23491.916015625,23656.29965186665,23362.40163555582,23412.21485865935,56547,25564.64404296875,25045.0921875,27951.2203515625,-0.056044882806319696,37.44853004779531,-297.05162120476234,-13.524750011136199,-283.52687119362616,27671.289673856732,25564.64404296875,23457.998412080768,0.008050144515747443,2939965,bear,hold
2022-04-19,23745.96484375,23830.647327984057,23561.655907475877,23561.655907475877,45276,25494.90556640625,24995.7771484375,27932.291337890623,-0.055478472125975786,39.920681216757316,-353.66148348178103,-81.55209670526517,-272.10938677651586,27740.8087073055,25494.90556640625,23249.002425507002,0.11063754469037712,2985241,bear,hold
2022-04-20,23232.88671875,23860.53331535431,23232.88671875,23755.925549253592,165939,25351.19443359375,24930.7210546875,27908.978740234375,-0.110093485072014,36.76078199769051,-434.91291850244306,-152.22426106470076,-282.68865743774234,27782.214078167442,25351.19443359375,22920.17478902006,0.06431703059824048,2819302,bear,hold
2022-04-21,22709.849609375,22909.102512286823,22625.167125637476,22779.588125394137,133657,25178.84072265625,24859.28890625,27881.830537109374,-0.13178438876835985,33.821745416454036,-535.3389356510852,-228.84719598197765,-306.4917396691076,27835.25443859934,25178.84072265625,22522.42700671316,0.03527737444227549,2685645,bear,hold
2022-04-22,21962.650390625,22191.791220284504,21738.490883349397,22037.370226383533,167638,24970.12333984375,24782.27765625,27849.97498046875,-0.1597102945320492,30.117287279872144,-667.5251951903228,-316.58279582364673,-350.9423993666761,27931.110507238714,24970.12333984375,22009.136172448787,-0.007849710112841274,2518007,bear,hold
2022-04-25,21145.712890625,21708.60230326119,21105.862312739253,21320.05916887515,136449,24727.78203125,24677.869140625,27812.44072265625,-0.18646990046723144,26.676943442264317,-828.6516071348487,-418.99655808588716,-409.6550490489616,28081.68782016323,24727.78203125,21373.87624233677,-0.0340145737644142,2381558,bear,hold
2022-04-26,21628.900390625,21818.19062895843,21479.46072878282,21479.46072878282,113411,24479.21396484375,24574.5565234375,27776.301220703124,-0.18689144417781367,31.650135140198586,-906.9020540186248,-516.5776572724347,-390.32439674619,27975.056803825282,24479.21396484375,20983.37112586222,0.09232813008133485,2494969,bear,hold
2022-04-27,20757.169921875,20762.151244150467,20443.346618520518,20622.674220437366,154350,24171.61728515625,24464.2700390625,27736.101953125,-0.2286190467169531,27.964945549490352,-1027.4140705484315,-618.7449399276342,-408.6691306207973,27836.62806429456,24171.61728515625,20506.606506017943,0.03418317584265988,2340619,bear,hold
2022-04-28,21175.599609375,21225.41282887482,20757.16856557648,20757.16856557648,85395,23896.39921875,24369.824140625,27698.26880859375,-0.20631069666928747,32.05444598614534,-1076.7448882507233,-710.344929592252,-366.3999586584713,27593.180370233345,23896.39921875,20199.618067266656,0.13200423586296534,2426014,bear,hold
2022-04-29,21778.33984375,21833.134385900332,20224.16737548605,21145.711948014352,123956,23674.97939453125,24278.56625,27662.901416015626,-0.1689793200087436,37.55395227144358,-1055.041950224022,-779.284333718606,-275.75761650541597,27321.866768600856,23674.97939453125,20028.09202046164,0.23996461142906578,2549970,bear,hold
2022-05-03,21599.013671875,21758.415986796586,21419.686067588216,21424.667389929517,50536,23439.1138671875,24186.01328125,27626.587587890626,-0.17925415828073676,36.60466581844751,-1040.3201754498368,-831.4915020648523,-208.82867338498454,26980.842763000255,23439.1138671875,19897.384971374748,0.24022571328257517,2499434,bear,hold
2022-05-04,21539.23828125,21693.65927725341,21499.387701636217,21693.65927725341,34485,23166.13740234375,24099.9360546875,27589.825439453125,-0.20221401888352974,36.27549719182876,-1021.6989280788985,-869.5329872676616,-152.16594081123685,26396.223703056272,23166.13740234375,19936.051101631227,0.24816475944700414,2464949,bear,hold
2022-05-06,20901.62890625,21120.80709306482,20752.189233421712,21120.80709306482,87360,22894.40625,24015.4528125,27550.771875,-0.20635521928283118,32.87909722389989,-1046.3297650038985,-904.8923428149091,-141.43742218898944,25919.927812672395,22894.40625,19868.884687327605,0.1706720969475075,2377589,bear,hold
2022-05-10,19950.1953125,19950.1953125,19163.146408785895,19875.475479868914,116177,22620.43359375,23925.589765625,27509.05330078125,-0.21547498536864107,28.579149068962522,-1129.6012798738666,-949.8341302267006,-179.76714964716598,25670.30599759706,22620.43359375,19570.56118990294,0.062237705767329225,2261412,bear,hold
2022-05-11,19980.083984375,19980.083984375,19576.59687324701,19905.364148980927,71223,22344.468359375,23832.9371875,27465.491640625,-0.21644851013968092,28.893752831251504,-1179.5852646523454,-995.7843571118296,-183.8009075405157,25299.752978660636,22344.468359375,19389.183740089367,0.09997349162742707,2332635,bear,hold
2022-05-12,18889.173828125,19900.38223717283,18794.528706095894,19028.650850062633,174350,22058.5404296875,23748.354296875,27415.42935546875,-0.23238868562576276,24.629344390102176,-1292.3281111779106,-1055.0931079250458,-237.23500325286477,25184.24471405305,22058.5404296875,18932.836145321948,-0.006984396671070594,2158285,bear,hold
2022-05-13,19088.42578125,19207.97750848121,18844.34100481961,18938.986122210987,210850,21810.221484375,23646.43640625,27366.487861328125,-0.20646099483113922,26.755657473629014,-1350.0372726090136,-1114.0819408618395,-235.9553317471741,25049.153420440554,21810.221484375,18571.289548309447,0.07983129055325823,2369135,bear,hold
2022-05-16,19576.59765625,19860.53304210401,19352.4381411021,19626.410881838423,61375,21578.5900390625,23555.078984375,27319.7132421875,-0.19135798883496447,31.829926967131954,-1340.923477176304,-1159.4502481247325,-181.47322905157148,24760.230746115194,21578.5900390625,18396.949332009804,0.18538364838388052,2430510,bear,hold
2022-05-17,19795.775390625,19805.738035512077,19382.325627811242,19521.802656230342,29533,21348.20390625,23455.85109375,27275.304755859375,-0.188814023604294,34.03941820366495,-1301.017596221318,-1187.7637177440497,-113.25387847726824,24339.890900509527,21348.20390625,18356.516911990475,0.2405429581029343,2460043,bear,hold
2022-05-18,19925.2890625,20348.701455078124,19925.2890625,20144.4672421875,52344,21143.72060546875,23356.523515625,27234.183935546876,-0.1702966340066253,35.37238857305094,-1244.5943185574797,-1199.1298379067357,-45.46448065074401,23930.396467208233,21143.72060546875,18357.044743729264,0.28138262154964344,2512387,bear,hold
2022-05-19,19128.279296875,19173.11120147705,18929.026387532555,19028.652842203777,115842,20925.53876953125,23253.310546875,27189.47658203125,-0.18575056695450676,31.194585652448524,-1249.7837624484055,-1209.2606228150698,-40.52313963333563,23624.56553877432,20925.53876953125,18226.512000288178,0.1670541594590628,2396545,bear,hold
2022-05-20,19412.212890625,19457.044791065244,19143.221487983545,19237.866611135167,52291,20708.851171875,23172.2146484375,27145.068095703125,-0.18250477424865108,34.17720415119483,-1216.9570427766412,-1210.799906807384,-6.1571359692570695,23150.981765497178,20708.851171875,18266.720578252825,0.2345272434168184,2448836,bear,hold
2022-05-23,19347.455078125,19402.24962134317,19138.2395494738,19227.90334746717,64395,20514.57958984375,23106.959296875,27099.962216796874,-0.1672384360867769,33.817146433190416,-1182.535511919541,-1205.1470278298157,22.611515910274647,22730.333371833876,20514.57958984375,18298.825807853624,0.23663036904071708,2384441,bear,hold
2022-05-24,18729.76953125,19128.275265957447,18729.76953125,18978.835615442156,117743,20315.5755859375,23008.1298046875,27050.024453125,-0.17525787913989344,30.514913611049664,-1191.3649486121903,-1202.3906119862907,11.025663374100304,22419.00653213982,20315.5755859375,18212.144639735176,0.12304299612244926,2266698,bear,hold
2022-05-25,18650.072265625,18665.01623378656,18440.85671136318,18660.03491106604,61221,20149.9466796875,22916.971640625,27000.6346484375,-0.1508277947371056,30.106415133272563,-1191.0634065424747,-1200.1251708975276,9.061764355052901,22230.06667301635,20149.9466796875,18069.826686358647,0.13947406426726763,2205477,bear,hold
2022-05-26,18550.443359375,18784.56549629515,18490.66749462943,18645.088478555484,74316,20020.183203125,22840.5581640625,26952.813955078123,-0.12273265719031956,29.573440216460497,-1185.2013885358028,-1197.1404144251826,11.939025889379764,22158.621196665437,20020.183203125,17881.745209584566,0.1563520082907164,2131161,bear,hold
2022-05-27,19701.12890625,19800.75534825379,19521.801310643175,19521.801310643175,130051,19923.79462890625,22802.3016015625,26910.696875,-0.0891294263489506,42.28244706308769,-1075.309491617063,-1172.7742298635587,97.4647382464957,21933.401295459895,19923.79462890625,17914.187962352604,0.4445996755578773,2261212,bear,hold
2022-05-30,20647.580078125,20702.374621155006,20328.775464132235,20328.775464132235,103631,19918.31513671875,22761.3551171875,26871.79275390625,-0.005279613943638295,50.236876124556,-901.4572339771148,-1118.5108306862699,217.05359670915504,21919.382115715787,19918.31513671875,17917.24815772171,0.6822190234161398,2364843,bear,hold
2022-05-31,20652.560546875,20702.373765753135,20353.681233606185,20642.597903099373,40451,19892.16318359375,22692.015078125,26835.22984375,-0.024700082743746132,50.27571139833283,-754.5778809517724,-1045.7242407393703,291.14635978759793,21839.77807654716,19892.16318359375,17944.54829064034,0.6952124534558687,2405294,bear,hold
2022-06-02,20313.833984375,20468.254988179713,20089.674462722996,20468.254988179713,157610,19818.937890625,22613.9080078125,26795.0305859375,-0.06724598247075697,47.557391996954685,-657.9232089979923,-968.1640343910948,310.24082539310245,21578.422125085523,19818.937890625,18059.453656164475,0.6406366945657066,2247684,bear,hold
2022-06-03,21105.861328125,21115.823972131668,21031.141498074994,21070.992074101665,69931,19794.2802734375,22538.291484375,26758.841279296874,-0.022832169618567155,53.84183000350447,-511.5172453276791,-876.8346765784116,365.3174312507325,21464.864964009183,19794.2802734375,18123.695582865817,0.8925515007080157,2317615,bear,hold
2022-06-07,20622.673828125,21051.06753566576,20493.15945142663,21051.06753566576,62487,19748.45205078125,22447.9302734375,26720.460185546875,-0.042553243580710665,49.91222167745177,-429.5273336734135,-787.373207997412,357.8458743239985,21268.558557210625,19748.45205078125,18228.345544351872,0.7875528042430517,2255128,bear,hold
2022-06-08,20901.62890625,21011.217999657412,20762.15187827693,20777.095845559757,54973,19748.45205078125,22343.8206640625,26683.19990234375,0.0,52.086382563146046,-338.1424982685239,-697.5270660516345,359.3845677831106,21268.558557210625,19748.45205078125,18228.345544351872,0.8793079138176585,2310101,bear,hold
2022-06-09,21070.9921875,21220.431848404256,21026.160289228723,21195.525238253544,58469,19804.49189453125,22242.10203125,26645.790166015624,0.05617974448088492,53.40869610339742,-249.18075580578807,-607.8578040024653,358.6770481966772,21429.251676300682,19804.49189453125,18179.732112761816,0.8897500132571836,2368570,bear,hold
2022-06-10,20811.962890625,20816.944212523187,20333.755988399054,20523.04622053016,56025,19846.08583984375,22135.601328125,26608.704208984374,0.04163540588220527,51.08651507424396,-197.30502393121424,-525.7472479882151,328.4422240570009,21528.274048249605,19846.08583984375,18163.897631437892,0.7870894724962361,2312545,bear,hold
2022-06-13,19506.857421875,19775.84881635438,19317.567181315437,19656.297085474656,130144,19876.97001953125,22005.8876953125,26564.594599609376,0.03270040285352782,41.33479381170237,-258.52413152029476,-472.30262469463105,213.7784931743363,21509.70419953638,19876.97001953125,18244.23583952612,0.38665864836152075,2182401,bear,hold
2022-06-14,19068.501953125,19098.38988722081,18480.705915907456,19098.38988722081,141934,19875.973828125,21855.2525,26519.04041015625,-0.0010437648632382057,38.665110423858025,-338.51020327504375,-445.5441404107136,107.03393713566987,21510.654424664328,19875.973828125,18241.29323158567,0.25301845611018964,2040467,bear,hold
2022-06-15,18943.96875,19013.707262358665,18754.67850216934,18754.67850216934,64785,19844.3423828125,21695.9498046875,26473.834912109374,-0.03231556971024674,37.91589161820638,-407.2539599900192,-437.8861043265748,30.632144336555598,21524.812535491445,19844.3423828125,18163.87223013356,0.23210662760741116,1975682,bear,hold
2022-06-16,19143.220703125,19745.96067322079,19143.220703125,19476.96928160779,66105,19811.7146484375,21545.215,26429.92455078125,-0.032964340856738605,39.92178813772506,-440.5772151728015,-438.4243264958202,-2.15288867698132,21519.802535298873,19811.7146484375,18103.626761576128,0.3043151203007286,2041787,bear,hold
2022-06-17,18909.099609375,18998.763411526936,18530.519111400157,18555.425723109027,98627,19760.90517578125,21399.262265625,26387.010458984376,-0.050999985492682254,38.35374330990244,-480.340682237118,-446.8075976440798,-33.53308459303821,21512.361932723466,19760.90517578125,18009.44841883903,0.25682940414316197,1943160,bear,hold
2022-06-20,18879.208984375,18938.984843956136,18679.95611910455,18819.433124793864,74419,19748.45166015625,21250.5199609375,26344.44505859375,-0.013021051639531933,38.14772950732318,-508.40486518224134,-459.1270511517121,-49.277814030529214,21521.137460146914,19748.45166015625,17975.765860165586,0.25482325300235725,1868741,bear,hold
2022-06-21,19178.091796875,19212.9610546875,18884.19376674107,18884.19376674107,37055,19736.74560546875,21094.1064453125,26305.690380859374,-0.012060505160803592,41.5297345819856,-500.75618170412054,-467.45287726219385,-33.303304441926684,21521.21123733853,19736.74560546875,17952.27997359897,0.34346747883051504,1905796,bear,hold
2022-06-22,18948.951171875,19476.9713675161,18934.007204073838,19476.9713675161,52029,19716.82041015625,20946.3604296875,26265.640556640625,-0.020597226076548125,39.73587982198879,-507.33602448674355,-475.4295067071038,-31.906517779639728,21526.943093477963,19716.82041015625,17906.69772683454,0.2878958024899855,1853767,bear,hold
2022-06-23,19242.84765625,19322.548811440265,18983.818901881634,19023.669479476768,49628,19742.47431640625,20822.6244140625,26224.669189453125,0.027393723352759247,43.12897585969242,-483.26483105305306,-476.99657157629366,-6.268259476759397,21509.9549482185,19742.47431640625,17974.993684594,0.3586613479198447,1903395,bear,hold
2022-06-24,19830.64453125,19860.53246573568,19427.15741569329,19427.15741569329,93009,19801.5029296875,20709.24953125,26183.498564453126,0.06330121668219912,49.27983213247636,-412.00856319414015,-463.99896989986297,51.99040670572282,21496.476859969236,19801.5029296875,18106.528999405764,0.5085964748607243,1996404,bear,hold
2022-06-27,20597.767578125,20697.394023484732,20219.18708575801,20303.869564313783,102996,19903.869140625,20629.050234375,26145.31673828125,0.11036524459752739,55.97238928710186,-290.2907477340923,-429.2573254667089,138.9665777326166,21530.15285761416,19903.869140625,18277.58542363584,0.7133386783164308,2099400,bear,hold
2022-06-28,20453.30859375,20478.215204312284,20174.354555452384,20478.215204312284,87917,19941.478125,20557.0203125,26106.661669921876,0.03817952215222431,54.51363953695693,-203.1434238595939,-384.03454514528596,180.89112128569207,21581.995423697084,19941.478125,18300.96082630292,0.6559966692080906,2011483,bear,hold
2022-06-29,19745.962890625,19745.962890625,19576.597921331042,19626.41114759397,63067,19896.397265625,20467.7550390625,26064.544599609377,-0.04366696649624402,47.92706476330773,-188.97701909199895,-345.02303993462857,156.04602084262962,21506.085781931673,19896.397265625,18286.708749318328,0.4532722096616671,1948416,bear,hold
2022-06-30,19267.755859375,19731.01886219865,18669.997146054164,19731.01886219865,105322,19827.15703125,20365.0401953125,26019.2145703125,-0.06705244535450783,44.051917701385776,-213.87196919895723,-318.79282578749434,104.9208565885371,21419.82827832285,19827.15703125,18234.48578417715,0.324382724023204,1843094,bear,hold
2022-07-01,18938.986328125,19188.052429231328,18809.47195554971,19188.052429231328,67588,19758.4146484375,20263.5208203125,25969.675322265626,-0.06768036291462787,41.56373529249897,-257.16590161382555,-306.4674409527606,49.30153933893507,21379.555662881008,19758.4146484375,18137.273633993995,0.2472680312780228,1775506,bear,hold
2022-07-04,19188.052734375,19267.753887996496,19013.70646082798,19148.20215756425,36371,19662.52421875,20177.4435546875,25920.982890625,-0.09086616101255196,44.1379373837188,-268.28643845893384,-298.8312404539953,30.544801995061448,21176.875011126307,19662.52421875,18148.173426373694,0.34334161980050076,1811877,bear,hold
2022-07-05,19541.728515625,19581.579096334917,19337.49428948668,19337.49428948668,58631,19608.476953125,20093.358828125,25872.4897265625,-0.052415381318101306,47.663585829828776,-245.72826183092184,-288.2106447293806,42.48238289845875,21057.654223367215,19608.476953125,18159.29968288278,0.4769702303263278,1870508,bear,hold
2022-07-06,19830.64453125,19950.196269192726,19696.14882606443,19760.906017450074,55931,19554.927734375,20025.313984375,25826.03890625,-0.05123927803922279,50.41660524626566,-202.2067232054942,-271.00986042460335,68.80313721910915,20883.109942150546,19554.927734375,18226.745526599454,0.6037947938396093,1926439,bear,hold
2022-07-07,19920.306640625,19975.101182522194,19780.82962488669,19880.45606469977,46429,19497.39345703125,19969.523125,25779.4884375,-0.05460993657230928,51.273238398606836,-158.65176856927064,-248.5382420535368,89.88647348426616,20645.364392462237,19497.39345703125,18349.42252160026,0.6842003009575216,1972868,bear,hold
2022-07-08,20273.98046875,20453.30806011978,20249.07385883753,20368.625586417384,88585,19470.4943359375,19935.7497265625,25733.80970703125,-0.02584967235922475,54.60479543309464,-94.5062221683038,-217.73183807649022,123.22561590818643,20514.497178815855,19470.4943359375,18426.491493059144,0.8848103184265568,2061453,bear,hold
2022-07-11,19900.3828125,20378.589758682727,19900.3828125,20348.701824546308,44913,19490.17060546875,19910.843125,25685.36634765625,0.02017369492759502,50.66415835606388,-72.97540799753551,-188.78055206069928,115.80514406316377,20550.873051614646,19490.17060546875,18429.468159322852,0.69336818186937,2016540,bear,hold
2022-07-12,19427.158203125,19551.69126852965,19252.811911558492,19551.69126852965,47857,19508.10341796875,19866.80828125,25636.6490234375,0.01880883201426431,46.123624251768035,-93.02501920422583,-169.6294454894046,76.60442628517876,20551.6725619641,19508.10341796875,18464.534273973397,0.4612171290663855,1968683,bear,hold
2022-07-13,19352.4375,19471.989237451737,19297.642953667953,19327.530888030888,24008,19528.52685546875,19838.7136328125,25586.761083984376,0.021561941712979316,45.4312842338499,-113.63391576412323,-158.43033954434833,44.7964237802251,20542.70873362695,19528.52685546875,18514.34497731055,0.4131865007346926,1944675,bear,hold
2022-07-14,19397.267578125,19462.02476315726,19212.958666879334,19272.734529986035,25399,19541.22919921875,19803.1469921875,25538.2430078125,0.013270853371007085,45.955441023502665,-124.90932517556212,-151.7261366705911,26.816811495028986,20542.065408200266,19541.22919921875,18540.392990237233,0.42807933016319955,1970074,bear,hold
2022-07-15,19357.419921875,19407.23314864256,19227.905532279336,19367.382567228513,41047,19563.64521484375,19754.72859375,25489.72494140625,0.023709236386788346,45.536746337387086,-135.49859771813863,-148.4806288801006,12.98203116196197,20526.19537592566,19563.64521484375,18601.095053761837,0.392875560512633,1929027,bear,hold
2022-07-18,19865.513671875,19905.364250955994,19541.72771684193,19541.72771684193,45676,19612.96044921875,19720.05859375,25445.042490234377,0.052242903201945357,51.592880716144485,-101.71919759943557,-139.1283426239676,37.40914502453202,20530.189518528812,19612.96044921875,18695.731379908688,0.6376718374430828,1974703,bear,hold
2022-07-19,19770.8671875,19810.717763841647,19616.446204176114,19810.717763841647,24848,19642.59921875,19684.691171875,25399.86189453125,0.03090898703079481,50.46712083750512,-81.64480939276473,-127.63163597772703,45.9868265849623,20539.79490397746,19642.59921875,18745.40353352254,0.5714827160127725,1949855,bear,hold
2022-07-20,20483.1953125,20513.083243403453,20343.718301617217,20423.419450693094,68918,19719.31142578125,19676.3225,25357.32138671875,0.08096723278817697,57.91078984553285,-8.162691175086366,-103.7378470171989,95.57515584211254,20628.43841511728,19719.31142578125,18810.184436445215,0.9201194638807513,2018773,bear,hold
2022-07-21,20647.580078125,20647.580078125,20483.196449034982,20597.76685718863,48838,19789.548046875,19690.2701953125,25318.29271484375,0.0730002360860944,59.42611634631595,62.61510572537372,-70.46725646868438,133.0823621940581,20755.83586342769,19789.548046875,18823.26023032231,0.9439836747145899,2067611,bear,hold
2022-07-22,20757.169921875,20896.6469455881,20727.281988222192,20762.151244150467,75711,19835.87431640625,19705.8119140625,25279.21423828125,0.046721899994977,60.44844935163903,126.09644290408323,-31.154516594130857,157.2509594982141,20890.41131709117,19835.87431640625,18781.337315721332,0.9368246940934127,2143322,bear,hold
2022-07-25,20458.291015625,20523.048206568055,20418.44043658312,20523.048206568055,77895,19828.90048828125,19737.1942578125,25238.292685546876,-0.006771440738467471,56.28326055145075,150.55334483435945,5.187055691567203,145.36628914279225,20864.87249067391,19828.90048828125,18792.92848588859,0.8037681162667142,2065427,bear,hold
2022-07-26,20443.345703125,20453.308347229835,20194.27960050408,20403.495126705653,37310,19828.40234375,19764.29265625,25198.417197265626,-0.0004871041073543081,56.075188051820646,166.80680894116813,37.511006341487395,129.29580259968074,20863.18178166101,19828.40234375,18793.62290583899,0.797137407666524,2028117,bear,hold
2022-07-27,20433.3828125,20433.3828125,20174.354068899316,20244.09257679181,88449,19862.77333984375,19781.428359375,25160.733486328125,0.0348131881783984,55.926758583938934,176.84531166511806,65.37786740621354,111.46744425890452,20929.48981785513,19862.77333984375,18796.056861832367,0.7674607003915445,1939668,bear,hold
2022-07-28,20727.28125,20906.60884552992,20692.411995313625,20906.60884552992,82808,19935.749609375,19800.0584765625,25124.643798828125,0.07574963069271234,59.34541548442829,206.13979386576102,93.53025269812304,112.60954116763799,21029.023374602213,19935.749609375,18842.47584414779,0.8620006561030471,2022476,bear,hold
2022-07-29,21036.125,21280.20980345726,20951.442517167892,21220.433933222826,112318,20040.60654296875,19822.2751953125,25092.215390625,0.11073130502030515,62.62617429344068,251.37924808147,125.10005177479243,126.27919630667756,21133.641497548117,20040.60654296875,18947.571588389386,0.9553918668659394,2134794,bear,hold
2022-08-01,20956.421875,21066.01096015569,20901.62733242215,21021.17906168291,135284,20129.025,19858.838046875,25061.9289453125,0.09215990622419978,61.25241943847384,277.6004600956985,155.60013343897364,122.00032665672487,21217.982328330334,20129.025,19040.06767166967,0.8799032585916947,1999510,bear,hold
2022-08-02,20841.853515625,21056.050384929942,20826.909547999076,21041.106417304018,95011,20194.03125,19887.430859375,25030.0733984375,0.06653070627608293,59.24078890410383,285.84125041202424,181.64835683358376,104.19289357844048,21290.191037254517,20194.03125,19097.871462745483,0.7954962739727754,1904499,bear,hold
2022-08-03,21051.068359375,21056.04968175062,20911.59133285761,21051.068359375,70543,20255.05244140625,19921.503125,24995.478115234375,0.061542317810286074,61.713552114063596,305.7297631195506,206.46463809077713,99.2651250287735,21398.365380145115,20255.05244140625,19111.739502667384,0.8481181271537075,1975042,bear,hold
2022-08-04,21728.525390625,21738.488034087004,21499.38459099897,21499.38459099897,142720,20345.46337890625,19981.4782421875,24963.14931640625,0.09077263631636878,68.39901299572158,371.86998766966644,239.545708006555,132.32427966311144,21644.032391934412,20345.46337890625,19046.894365878088,1.0325331183182775,2117762,bear,hold
2022-08-05,21962.650390625,22037.370226383533,21892.911877250368,21932.762456321587,77778,20429.896875,20047.7298046875,24932.763251953125,0.08329247058701128,70.32739333606558,438.1280554776531,279.26217750077467,158.86587797687844,21906.31220458445,20429.896875,18953.481545415547,1.0190793826478375,2195540,bear,hold
2022-08-08,21663.771484375,21668.752806859335,21419.68668264256,21668.752806859335,59986,20518.06630859375,20109.9963671875,24900.708447265624,0.08861079148524542,64.8840913006407,461.20454280040576,315.6506505607009,145.55389223970485,22066.32956502206,20518.06630859375,18969.803052165436,0.8699968887798443,2135554,bear,hold
2022-08-09,21519.310546875,21559.161121961806,21399.758821614585,21539.235834418403,110423,20622.67392578125,20146.36,24865.515390625,0.10769214528831417,62.37126587491564,462.50457012962215,345.0214344744852,117.48313565513695,22144.45906269586,20622.67392578125,19100.888788866643,0.7946002689025019,2025131,bear,hold
2022-08-10,21145.712890625,21295.152557696554,21021.179834732036,21295.152557696554,73906,20712.3376953125,20156.32265625,24827.034677734377,0.09266405798365196,56.29884362296859,428.4497406709779,361.7070957137838,66.7426449571941,22132.086078984998,20712.3376953125,19292.589311640004,0.6526239438961281,1951225,bear,hold
2022-08-11,22156.921875,22156.921875,21838.117243705034,21838.117243705034,85215,20850.32041015625,20186.4098828125,24793.85908203125,0.1422702597548926,65.95929485180179,477.5522321202334,384.87612299507373,92.67610912515966,22268.42173318463,20850.32041015625,19432.219087127873,0.9606869211762243,2036440,bear,hold
2022-08-12,22007.482421875,22097.146225314056,21848.080104650013,22097.146225314056,43393,20982.82353515625,20220.2828515625,24756.69841796875,0.13690163827077373,63.71761779358469,498.65955842383846,407.6328100808267,91.02674834301177,22310.54242879552,20982.82353515625,19655.10464151698,0.8858719235026342,1993047,bear,hold
2022-08-16,22396.025390625,22440.857291985238,22316.324232651245,22410.969357745078,98527,21109.34912109375,20246.0861328125,24719.7619140625,0.12738214377676127,66.87025239841827,540.5087881241088,434.2080056894831,106.30078243462572,22468.96457984756,21109.34912109375,19749.73366233994,0.9731765372506813,2091574,bear,hold
2022-08-17,22321.3046875,22336.24865403928,22236.622210444097,22246.584854803616,60790,21236.87099609375,20280.05875,24682.999755859375,0.1289997791099673,65.68815974367845,561.1763759519708,459.6016797419807,101.57469620999012,22547.96495266037,21236.87099609375,19925.777039527125,0.9135606323158069,2030784,bear,hold
2022-08-18,21897.892578125,21957.668445035262,21848.079355699785,21858.04200018483,46393,21307.605859375,20299.9840234375,24642.5016015625,0.0690662391312391,59.29196859470849,537.1972935769081,475.1208025089662,62.0764910679419,22600.949656895973,21307.605859375,20014.262061854024,0.728201782032526,1984391,bear,hold
2022-08-19,22022.42578125,22097.14561538679,21942.724624837425,21957.668591664784,42849,21376.34814453125,20319.0126953125,24602.576298828124,0.06658628749339845,60.50991716839132,522.2226293605272,484.5411678792784,37.68146148124879,22668.20838049755,21376.34814453125,20084.48790856495,0.7500570954703512,2027240,bear,hold
2022-08-22,21489.423828125,21653.807459633605,21369.872096118743,21653.807459633605,57741,21412.96083984375,20332.5619140625,24557.893837890624,0.03527715526760278,53.176640472916745,462.0204132225008,480.0370169479229,-18.0166037254221,22673.683568757766,21412.96083984375,20152.23811092973,0.5303250613824962,1969499,bear,hold
2022-08-23,20941.48046875,21061.032212624883,20871.741951489654,20976.349727380173,87443,21437.1203125,20361.254375,24511.16904296875,0.02361827059532806,46.88585462609373,365.877663497864,457.2051462579111,-91.32748276004713,22640.97534203423,21437.1203125,20233.265282965767,0.29414471361150485,1882056,bear,hold
2022-08-24,20906.609375,21011.217141708363,20802.001608291637,20921.553341672625,82685,21460.28349609375,20398.0165234375,24465.515224609375,0.022660853981654627,46.50877463631284,283.6008616367071,422.4842893336703,-138.88342769696317,22603.03962753729,21460.28349609375,20317.52736465021,0.25774616041904574,1799371,bear,hold
2022-08-25,21325.0390625,21344.964350108035,21061.029001693532,21066.01032359554,154847,21504.86630859375,20445.6379296875,24421.72939453125,0.0436372312006279,51.544650167285354,249.2860675957818,387.8446449860926,-138.5585773903108,22549.229404380236,21504.86630859375,20460.503212807267,0.4139057829507428,1954218,bear,hold
2022-08-26,21574.107421875,21788.304286142058,21574.107421875,21703.6218049202,72993,21547.2076171875,20494.2556640625,24377.0967578125,0.040855631843901286,54.30247018047694,239.42909161532953,358.16153431194,-118.73244269661046,22528.815630536537,21547.2076171875,20565.599603838466,0.5137019076462722,2027211,bear,hold
2022-08-29,20687.431640625,20702.375607617985,20473.234780392184,20483.197425054175,122831,21529.77294921875,20529.8223046875,24326.01330078125,-0.016575931136319055,44.575981796040736,158.24588182591106,318.1784038147342,-159.93252198882317,22558.335187947585,21529.77294921875,20501.210710489915,0.09052487206084342,1904380,bear,hold
2022-08-30,20896.646484375,20896.646484375,20607.729798774584,20757.169463740316,49917,21526.7841796875,20570.1710546875,24276.74802734375,-0.002852366257061756,46.98875670691545,109.52693426354017,276.4481099044954,-166.92117564095525,22562.316932043108,21526.7841796875,20491.251427331892,0.19574226702193817,1954297,bear,hold
2022-08-31,20672.48828125,20692.41357115964,20293.907772966868,20353.683642695785,115208,21518.31591796875,20600.058984375,24223.796572265626,-0.008126207884919023,44.74138431036674,52.22708239970234,231.6039044035368,-179.37682200383446,22578.589245407406,21518.31591796875,20458.042590530094,0.10112755134468511,1839089,bear,hold
2022-09-01,19990.044921875,20184.316477308123,19970.11963413827,20074.727394756104,109902,21465.26474609375,20620.880859375,24165.5898046875,-0.05040235580383157,38.676471120425944,-47.701070462557254,175.74290943031798,-223.44397989287523,22704.772798841495,21465.26474609375,20225.756693346008,-0.09508279149477133,1729187,bear,hold
2022-09-02,20174.353515625,20318.811849440586,20144.46558449074,20239.110699749228,75996,21387.55615234375,20639.5109765625,24109.973330078126,-0.07152679931379802,41.00248626781419,-110.74607653170824,118.44511223791274,-229.19118876962096,22740.942585796653,21387.55615234375,20034.169718890847,0.05179001106746018,1805183,bear,hold
2022-09-05,19895.40234375,20009.97276285522,19830.6451503427,19955.178214587504,45753,21284.19375,20640.8061328125,24051.7416796875,-0.09412561827043553,38.615166470144,-181.130763641082,58.52993706211379,-239.6607007031958,22756.63309153519,21284.19375,19811.754408464807,0.028404543713828004,1759430,bear,hold
2022-09-06,19975.1015625,20154.429157574814,19940.23230790212,20044.840071695762,25874,21199.76025390625,20628.3528125,23997.221103515625,-0.07794902762397371,39.69550691791132,-227.8535208362773,1.2532454824355668,-229.10676631871289,22766.122336324675,21199.76025390625,19633.398171487825,0.10907547968876825,1785304,bear,hold
2022-09-07,19561.65234375,19740.979943539915,19447.081932773108,19740.979943539915,73171,21101.87734375,20610.5196875,23941.405390625,-0.0909721619036391,36.141945132335245,-294.8447523756877,-57.96635408918909,-236.8783982864986,22814.017216526627,21101.87734375,19389.73747097337,0.05020468114495522,1712133,bear,hold
2022-09-08,20109.59765625,20114.57897843386,20004.9898903889,20004.9898903889,62518,21050.07158203125,20617.7923828125,23886.95953125,-0.048998832043840146,43.376605435711795,-300.2599686544236,-106.425077002236,-193.8348916521876,22815.638652627433,21050.07158203125,19284.50451143507,0.2336623622393231,1774651,bear,hold
2022-09-13,20926.53515625,20976.34837966407,20806.983420056236,20886.684577518747,113035,20988.55224609375,20650.96796875,23835.527373046876,-0.05553057982021703,52.09131653244896,-235.91209002774121,-132.32247960733704,-103.58961042040417,22679.74037917853,20988.55224609375,19297.36411300897,0.48166463901014106,1887686,bear,hold
2022-09-14,19621.427734375,19735.998142572673,19546.707902941736,19576.595835515043,211384,20869.24951171875,20664.616796875,23777.91837890625,-0.10842015646134562,41.1857906859821,-286.91976190822606,-163.24193606751487,-123.6778258407112,22592.42880513377,20869.24951171875,19146.07021830373,0.13793037030093405,1676302,bear,hold
2022-09-15,19765.884765625,19805.735339749244,19681.202295610983,19765.884765625,54386,20737.74248046875,20676.1734375,23719.985595703125,-0.11743783011163134,42.61776699068949,-312.0896589011063,-193.01148063423318,-119.07817826687312,22374.03228239384,20737.74248046875,19101.45267854366,0.20303007642644866,1730688,bear,hold
2022-09-16,19432.138671875,19616.44760057517,19412.21338228579,19616.44760057517,53530,20593.2841796875,20673.981640625,23661.20599609375,-0.129435355866225,40.18352478935158,-354.8767063724372,-225.384525781874,-129.49218059056318,22153.20658850179,20593.2841796875,19033.36177087321,0.12781946677235836,1677158,bear,hold
2022-09-19,19402.25,19546.70834403081,19287.679589216943,19457.044544287546,46850,20468.50205078125,20665.41375,23601.928251953126,-0.11396724909583467,39.96337898763215,-386.7394244397474,-257.6555055134487,-129.08391892629868,21989.8131535888,20468.50205078125,18947.190947973704,0.14956147075588092,1630308,bear,hold
2022-09-20,19875.4765625,19875.4765625,19721.055566651004,19745.962178884714,65313,20361.15458984375,20664.5171484375,23544.244541015625,-0.09748922485087552,45.092481455215605,-369.5455384589841,-280.0335121025558,-89.5120263564283,21723.393047667512,20361.15458984375,18998.91613201999,0.3217353119953596,1695621,bear,hold
2022-09-21,19566.634765625,19731.01840800423,19486.933605683553,19731.01840800423,32996,20265.01513671875,20650.370234375,23488.2544921875,-0.08947606403404296,42.53827139057935,-376.5001524588515,-299.32684017381496,-77.17331228503656,21565.15993388187,20265.01513671875,18964.87033955563,0.2314220798261869,1662625,bear,hold
2022-09-22,19068.501953125,19083.445920172904,18829.39848035854,19083.445920172904,74923,20171.3662109375,20633.7326171875,23430.396435546874,-0.08943868693619628,38.72787699553375,-417.3954145389944,-322.9405550468509,-94.4548594921435,21531.551381789286,20171.3662109375,18811.181040085714,0.09459039789345171,1587702,bear,hold
2022-09-23,18953.9296875,19063.518768478974,18779.583422306176,18899.13514701051,61454,20073.7322265625,20624.268046875,23370.471123046875,-0.09340011345096455,37.887252125542446,-453.8188870500562,-349.11622144749197,-104.70266560256425,21488.04759275391,20073.7322265625,18659.416860371093,0.1041185135115928,1526248,bear,hold
2022-09-26,18331.265625,18575.35041185462,18311.340336277175,18575.35041185462,72198,19924.0435546875,20603.844609375,23308.528388671875,-0.14038771177514697,33.61662515202815,-526.8552777689802,-384.6640327117896,-142.19124505719054,21408.882055358095,19924.0435546875,18439.205054016908,-0.03634719498725252,1454050,bear,hold
2022-09-27,18560.40625,18565.387572128286,18381.078653381643,18381.078653381643,63828,19773.35849609375,20587.1073828125,23248.453642578126,-0.13969065384458346,36.455269908538824,-559.7944482437015,-419.690115818172,-140.1043324255295,21166.656960934506,19773.35849609375,18380.060031252997,0.06471916222473395,1517878,bear,hold
2022-09-28,18156.919921875,18530.519097222223,18102.125376157408,18530.519097222223,76170,19646.83291015625,20563.0973828125,23186.93431640625,-0.12232121235294868,33.72087074579129,-611.4090102809496,-458.0338947107275,-153.37511557022208,21141.059970101996,19646.83291015625,18152.6058502105,0.0014435796874994308,1441708,bear,hold
2022-09-29,18575.3515625,18904.118846792036,18535.500982585814,18789.54842953875,75804,19530.7681640625,20537.294140625,23124.393828125,-0.11108456678016232,38.84384468273987,-611.500983447957,-488.72731245817346,-122.77367098978351,20978.538196611054,19530.7681640625,18082.99813151395,0.1700385489121318,1517512,bear,hold
2022-09-30,18266.5078125,18410.966150804474,18201.750626363515,18331.26499863649,48578,19410.469140625,20507.206953125,23065.78857421875,-0.11638562499185112,36.59545547391062,-629.2414782831002,-516.8301456231588,-112.41133265994131,20858.611581510573,19410.469140625,17962.326699739424,0.10502458327737493,1468934,bear,hold
2022-10-04,18540.482421875,18679.95945245332,18381.080101214066,18381.080101214066,46765,19337.991015625,20468.3526953125,23009.748701171877,-0.0725142192358833,39.917848033083544,-614.1143589213643,-536.2869882827999,-77.82737063856439,20807.78623115604,19337.991015625,17868.195800093963,0.22870077908715314,1515699,bear,hold
2022-10-05,18779.583984375,18929.023644728117,18729.770764257293,18849.322492539788,60090,19268.2525390625,20430.9927734375,22959.985283203125,-0.0691357733059329,42.73788452333747,-576.190544077599,-544.2676994417598,-31.922844635839283,20704.674270788088,19268.2525390625,17831.830807336915,0.3299007374037499,1575789,bear,hold
2022-10-06,18829.3984375,19028.65133101852,18789.547858796297,18829.3984375,39575,19214.95234375,20392.43734375,22907.7312109375,-0.05358041460191321,43.33462385094837,-535.9380769954187,-542.6017749524916,6.663697957072941,20633.331332976737,19214.95234375,17796.57335452326,0.3640864292341947,1615364,bear,hold
2022-10-07,18550.443359375,18774.602852170887,18550.443359375,18679.957732990402,23732,19143.71943359375,20354.280390625,22850.2965625,-0.0713217001008678,40.77223309552551,-520.5465141233872,-538.1907227866708,17.64420866328362,20545.237010448323,19143.71943359375,17742.201856739175,0.2883451181717468,1591632,bear,hold
2022-10-11,17559.162109375,17957.66791611259,17464.516980274824,17957.66791611259,78745,19043.594921875,20296.59671875,22787.482099609377,-0.10236815373190089,33.24855216801389,-581.6320102877689,-546.8789802868904,-34.75303000087854,20590.004520304006,19043.594921875,17497.185323445992,0.020038929528104904,1512887,bear,hold
2022-10-12,17290.16796875,17374.850439354654,17066.008487737683,17175.597567343706,112520,18902.6234375,20233.732421875,22725.38990234375,-0.14020318733844628,31.547337217344747,-644.3209542808036,-566.3673750856731,-77.95357919513049,20545.644940261252,18902.6234375,17259.601934738745,0.009301775405825873,1400367,bear,hold
2022-10-13,16936.49609375,17260.282048483456,16936.49609375,17115.82369944853,36202,18703.121484375,20157.91671875,22661.130849609373,-0.19066888200593113,29.416181712806292,-714.3066758789828,-595.955235244335,-118.35144063464782,20282.426128401174,18703.121484375,17123.816840348823,-0.05930481725212949,1364165,bear,hold
2022-10-14,17574.10546875,17688.675884220876,17300.132736102252,17504.36695498512,44997,18600.75537109375,20088.676328125,22603.447138671876,-0.10434114649252935,37.6003314633516,-710.1351209957429,-618.7912123946167,-91.34390860112626,20194.04317717247,18600.75537109375,17007.46756501503,0.1778203227229661,1409162,bear,hold
2022-10-17,17046.0859375,17051.067260100088,16826.907743096144,16886.683614297195,54567,18464.7654296875,20010.469609375,22543.5218359375,-0.1376006619675848,34.07658641172107,-740.895317001803,-643.212033316054,-97.68328368574907,20100.76270495859,18464.7654296875,16828.76815441641,0.06641752598505346,1354595,bear,hold
2022-10-18,17972.611328125,17997.51794027595,17653.806692592847,17723.545206615505,63962,18391.7890625,19953.084765625,22485.838125,-0.07510894031764193,43.994794623852535,-682.6410768199166,-651.0978420168266,-31.54323480309006,19978.126295883798,18391.7890625,16805.451829116202,0.3678787443320432,1418557,bear,hold
2022-10-19,17982.57421875,18196.771086175555,17967.630251255196,17982.57421875,53162,18320.8052734375,19891.7148828125,22432.712333984375,-0.07317067769202024,44.092199043837425,-628.4261443561045,-646.5635024846822,18.137358128577716,19845.795804951544,18320.8052734375,16795.81474192346,0.38910388369700283,1471719,bear,hold
2022-10-20,17479.458984375,17623.917323088845,17320.056679587313,17584.06674689192,66626,18201.00439453125,19806.7335546875,22379.511806640625,-0.12055145297223613,40.28215692873222,-618.9230547764091,-641.0354129430277,22.112358166618606,19588.93784793506,18201.00439453125,16813.07094112744,0.2400648394248621,1405093,bear,hold
2022-10-21,17325.037109375,17429.644866504637,17265.261248158065,17429.644866504637,36326,18088.92451171875,19713.9812890625,22324.69234375,-0.11456224757606648,39.16355350466612,-616.7429141680877,-636.1769131880397,19.43399901995201,19376.008870024154,18088.92451171875,16801.840153413345,0.20324889840573648,1368767,bear,hold
2022-10-24,17653.806640625,18112.088302853415,17524.29225782132,17997.51788729631,114432,18018.18974609375,19633.7819921875,22269.673642578124,-0.07419016533011691,42.80511811052256,-581.7797882451196,-625.2974881994558,43.517699954336194,19235.77901868487,18018.18974609375,16800.600473502633,0.35036698594867005,1483199,bear,hold
2022-10-25,17693.658203125,17748.452752740533,17459.5360365859,17603.994394663216,62691,17955.176171875,19557.2689453125,22212.93638671875,-0.06649130313098828,43.24856286221467,-544.578014650262,-609.153593489617,64.57557883935499,19100.856359132078,17955.176171875,16809.49598461792,0.3858678138721638,1545890,bear,hold
2022-10-26,17559.162109375,17653.80723847518,17444.591689937944,17534.2554964539,74618,17916.57099609375,19485.5379296875,22155.00361328125,-0.04211948762403028,42.06324686654459,-519.9543417950226,-591.3137431506982,71.35940135567557,19060.99155920601,17916.57099609375,16772.15043298149,0.3438472279164693,1471272,bear,hold
2022-10-27,17494.404296875,17658.787936338802,17434.62842797907,17564.142810586916,60281,17863.2708984375,19392.287578125,22096.273828125,-0.057434192914015525,41.473855115744534,-499.90275019282853,-573.0315445591243,73.12879436629578,18981.785539014392,17863.2708984375,16744.756257860605,0.33510872894240834,1410991,bear,hold
2022-10-28,16602.74609375,17140.728865464673,16592.78344982936,16866.756157647014,184925,17785.56220703125,19284.1928515625,22031.541533203126,-0.08559677714129088,34.339072524564614,-549.6253456233862,-568.3503047719768,18.72495914859053,19021.46634779537,17785.56220703125,16549.65806626713,0.021477404974971567,1226066,bear,hold
2022-10-31,17031.140625,17120.80442472214,16672.485426111438,17120.80442472214,94060,17708.35166015625,19176.89515625,21969.2251953125,-0.08313225902100607,39.70582865111361,-548.1443356117306,-564.3091109399276,16.164775328196924,18930.108636992278,17708.35166015625,16486.594683320225,0.22285362474048678,1320126,bear,hold
2022-11-01,17120.8046875,17120.8046875,16856.794606488216,16931.514440736835,90974,17651.06650390625,19072.88515625,21908.5526953125,-0.06272151944752025,40.796543160856345,-533.5846522907887,-558.1642192100999,24.57956691931122,18870.204881973656,17651.06650390625,16431.928125838847,0.2825259929693829,1411100,bear,hold
2022-11-02,16916.5703125,16996.271468271494,16667.504200714076,16936.49560144287,135564,17569.8708984375,18973.2587109375,21844.194013671877,-0.08758737083664159,39.06314597046123,-532.3889570702122,-553.0091667821224,20.620209711910206,18757.14183444911,17569.8708984375,16382.599962425891,0.22487299818349443,1275536,bear,hold
2022-11-03,16249.0732421875,16438.363488417766,16044.839029149582,16388.55026572559,142136,17443.345361328124,18857.79166015625,21778.440551757812,-0.1347479658917331,33.98131606870287,-578.6326777391841,-558.1338689735348,-20.4988087656493,18627.32068582945,17443.345361328124,16259.370036826796,-0.004348399171086306,1133400,bear,hold
2022-11-04,16259.037109375,16338.738271675858,15910.344524308746,15930.26981488396,175088,17314.827294921874,18753.18392578125,21717.518989257813,-0.1365078834916974,34.11909275288163,-607.4745700234052,-568.002009183509,-39.47256083989623,18424.79061710534,17314.827294921874,16204.863972738407,0.02440312015446879,1308488,bear,hold
2022-11-07,16229.1474609375,16303.867292709772,15990.043999266229,16069.745153156653,148577,17198.7625,18658.937265625,21654.729423828125,-0.1251342543931364,33.89060352551007,-625.5330664744506,-579.5082206416973,-46.02484583275327,18251.627713951275,17198.7625,16145.897286048725,0.039535058137379,1159911,bear,hold
2022-11-08,16244.091796875,16388.550141588086,16234.12915241203,16338.73691927323,75631,17133.008984375,18565.6869140625,21592.51271484375,-0.0748936825292974,34.12812821392052,-631.3607384171592,-589.8787241967897,-41.48201422036948,18249.93902429423,17133.008984375,16016.078944455767,0.10207123287494413,1235542,bear,hold
2022-11-09,16254.0546875,16418.43832362856,16219.185431351516,16293.905265955409,66061,17081.2033203125,18464.2672265625,21531.76548828125,-0.059924998017523934,34.29760888077564,-627.9368235826187,-597.4903440739555,-30.446479508663174,18258.645356543242,17081.2033203125,15903.761284081756,0.148751867454814,1301603,bear,hold
2022-11-10,15900.3798828125,15905.361204830924,15790.79079840715,15845.585340609825,60959,17029.397509765626,18350.79267578125,21466.236186523438,-0.061176538830830185,31.226167133915197,-646.3116687604524,-607.254609011255,-39.05705974919749,18314.043430820726,17029.397509765626,15744.751588710527,0.0605724470654734,1240644,bear,hold
2022-11-11,17379.83203125,17404.738640638436,16288.922540036543,17180.579156142518,229161,17019.683837890625,18284.64068359375,21407.879995117186,-0.011054527802024094,50.99562558199077,-535.3235650357019,-592.8684002161444,57.54483518044253,18290.572204133598,17019.683837890625,15748.795471647652,0.6416915139541535,1469805,bear,hold
2022-11-14,17648.826171875,17758.415270317353,17394.778716395005,17584.068977340885,157878,17049.820849609376,18219.68427734375,21353.90737792969,0.03535945064368251,53.60689432747278,-420.80829802160224,-558.456379777236,137.6480817556337,18350.031941186393,17049.820849609376,15749.609758032359,0.730349258726556,1627683,bear,hold
2022-11-15,18057.29296875,18151.93809051724,17648.82454849138,17708.60041487069,77060,17054.054931640625,18167.38037109375,21302.251069335936,0.004711704886895429,57.32552881212224,-293.708577413443,-505.5068193044774,211.79824189103442,18366.75014896208,17054.054931640625,15741.359714319167,0.8821290821629085,1704743,bear,hold
2022-11-16,18316.322265625,18430.89267957914,18107.106727100047,18331.266232662496,95624,17070.742333984374,18133.90591796875,21253.11032714844,0.01855952561713936,59.5403031407971,-170.11861220148785,-438.4291778838795,268.31056568239165,18437.596022998925,17070.742333984374,15703.888644969824,0.9556376229772775,1800367,bear,hold
2022-11-17,18012.4609375,18027.404903985756,17808.22672886131,17992.53564885232,44692,17097.392431640626,18090.66806640625,21205.239809570314,0.030493046358096798,55.87674047009072,-95.5898438408185,-369.8613110752673,274.2714672344488,18514.92727140031,17097.392431640626,15679.857591880942,0.8227675539934197,1755675,bear,hold
2022-11-18,17768.376953125,17972.611170977012,17763.395630738367,17932.760591883936,46259,17119.559423828126,18048.12755859375,21155.22733886719,0.025589546559187326,53.05283770958689,-55.58010278085567,-307.00506941638497,251.4249666355293,18564.24594536701,17119.559423828126,15674.872902289244,0.7245530499605382,1709416,bear,hold
2022-11-21,17613.95703125,17743.471421185663,17429.648091726172,17743.471421185663,76909,17117.566943359376,18000.90466796875,21109.67315917969,-0.0022572814003354313,51.286906012277385,-35.91844639876581,-252.78774481286115,216.86929841409534,18559.407796822856,17117.566943359376,15675.726089895896,0.6721376137658445,1632507,bear,hold
2022-11-22,17320.056640625,17364.888538745687,17225.41152237022,17260.280776464086,41709,17098.886865234374,17956.07275390625,21065.613354492187,-0.02111499827853669,48.011309831485995,-43.54973314187373,-210.9401424786637,167.39040933678996,18519.919395835044,17098.886865234374,15677.854334633703,0.5778200958204447,1590798,bear,hold
2022-11-23,17524.291015625,17544.216303874717,17354.926065502415,17509.347049437714,27775,17097.143310546875,17904.36662109375,21026.011840820312,-0.0019859201442978813,50.38284242504012,-32.74016739197759,-175.30014746132647,142.55998006934888,18515.99649930663,17097.143310546875,15678.29012178712,0.6505256880916275,1618573,bear,hold
2022-11-24,17897.890625,17917.815913755916,17753.43228151962,17877.965336244088,43168,17117.317626953125,17843.79373046875,20988.40285644531,0.023063736339800522,54.47396339697379,5.904790765536745,-139.05915981595382,144.96395058149056,18569.27918056017,17117.317626953125,15665.356073346078,0.7687994720341361,1661741,bear,hold
2022-11-25,17902.873046875,17962.648916814484,17783.321306996033,17902.873046875,52573,17182.323974609375,17809.42263671875,20953.259624023438,0.07830794651581319,54.52781207661441,36.51234672780265,-103.94485850720254,140.45720523500518,18652.613654641067,17182.323974609375,15712.034294577685,0.7450364312732213,1714314,bear,hold
2022-11-28,17359.91015625,17902.874347650646,17220.433116257173,17723.546724802723,88591,17198.762451171875,17761.30314453125,20915.00308105469,0.019304023053358987,47.88127735921218,16.763251471995318,-79.80323651136297,96.56648798335829,18669.27492595848,17198.762451171875,15728.24997638527,0.554793042507684,1625723,bear,hold
2022-11-29,17534.25390625,17613.955060369317,17215.44928977273,17300.131766024504,35703,17219.434912109376,17723.34544921875,20871.615766601564,0.024148936121668463,49.98923379883684,15.007042921468383,-60.8411806247967,75.84822354626507,18696.5919642338,17219.434912109376,15742.277859984952,0.6065624652733627,1661426,bear,hold
2022-11-30,17434.62890625,17494.404776785716,17305.114520089286,17494.404776785716,44013,17245.337841796874,17683.99302734375,20826.360454101563,0.030624327755561342,48.77524695433882,5.5127821719506755,-47.570388065447226,53.0831702373979,18718.506334352587,17245.337841796874,15772.169349241161,0.5642462370766347,1617413,bear,hold
2022-12-01,18610.220703125,18924.044017979624,17972.61142849973,18924.044017979624,108264,17363.39521484375,17658.68791015625,20788.004272460938,0.14530966940362156,60.85560871919916,91.79083766395706,-19.698142919566372,111.48898058352344,18876.189863392734,17363.39521484375,15850.600566294766,0.9120934356414991,1725677,bear,hold
2022-12-02,18694.90234375,18754.678210556554,18525.537387798096,18754.678210556554,52284,17485.1884765625,17641.25326171875,20752.412719726562,0.1498160818496732,61.55886507805965,165.09678594642537,17.260842853631978,147.8359430927934,19014.85319019121,17485.1884765625,15955.52376293379,0.8954179816038854,1777961,bear,hold
2022-12-05,18993.78125,19003.743894243376,18779.584398767372,18789.547043010753,51926,17623.420166015625,17639.75884765625,20715.55093261719,0.1703499087500926,64.01608072859284,244.49096830794224,62.706867944494036,181.7841003634482,19173.608787078127,17623.420166015625,16073.231544953123,0.9419981753720806,1829887,bear,hold
2022-12-06,18660.033203125,18904.117994089527,18570.369402362518,18600.257335950013,34081,17744.217236328124,17633.88091796875,20674.87844238281,0.1487273918702412,59.446449598302934,277.2843898569081,105.62237232697686,171.66201752993123,19220.40184532699,17744.217236328124,16268.03262732926,0.8101969635823442,1795806,bear,hold
2022-12-07,18201.751953125,18401.004848068897,18151.938729389025,18281.45311110256,36149,17841.602099609376,17631.29064453125,20634.529731445313,0.1198283937805904,53.770551461574755,263.25925699804066,137.14974926118964,126.10950773685101,19160.289504754655,17841.602099609376,16522.914694464096,0.6365561891735618,1759657,bear,hold
2022-12-08,18166.8828125,18201.752069337814,17932.76065944612,18201.752069337814,28208,17954.92724609375,17623.42017578125,20595.87467285156,0.1425439484082689,53.353141789639565,246.48921568270816,159.01764254549335,87.47157313721482,18932.198388932087,17954.92724609375,16977.656103255413,0.608442558628436,1731449,bear,hold
2022-12-09,18630.14453125,18630.14453125,18410.96636029412,18500.630157503343,32048,18017.44287109375,17632.88466796875,20557.319223632814,0.07194042484138286,58.016188196099705,267.496651296824,180.71344429575947,86.78320700106451,18999.513565267804,18017.44287109375,17035.372176919696,0.8119437652457125,1763497,bear,hold
2022-12-12,18405.984375,18630.14385994587,18346.208512347766,18630.14385994587,28223,18055.30078125,17629.49732421875,20518.215834960938,0.04290133495289328,55.143689442401985,263.02535162073764,197.17582576075512,65.84952585998252,19035.987891786728,18055.30078125,17074.613670713272,0.6787948418930843,1735274,bear,hold
2022-12-13,18520.5546875,18535.4986530897,18391.040319055945,18455.797503277972,25110,18078.4638671875,17634.57826171875,20481.603110351563,0.025655103428388948,56.333712264446696,265.66426880761355,210.87351437012683,54.790754437486726,19079.90909298183,18078.4638671875,17077.01864139317,0.7207264106540827,1760384,bear,hold
2022-12-14,18909.099609375,18909.099609375,18739.734649754675,18804.49184019774,49120,18108.102734375,17641.95060546875,20450.519653320312,0.03236333883808595,60.19087688648277,295.69931998613174,227.83867549332783,67.86064449280391,19169.259892468017,18108.102734375,17046.94557628198,0.8774167044396396,1809504,bear,hold
2022-12-15,18580.33203125,18834.379466529826,18470.742941521446,18834.379466529826,28852,18136.4962890625,17637.96556640625,20421.204575195312,0.03152656906351714,55.7069004096025,289.63478895093795,240.19789818484986,49.436890766088084,19216.12602628003,18136.4962890625,17056.866551844967,0.7055499801864356,1780652,bear,hold
2022-12-16,17897.890625,17987.554424401616,17743.469637141665,17788.30153684247,65741,18142.97197265625,17619.33541015625,20387.630463867186,0.0072889984390061,47.754346345126415,227.14292409201516,237.58690336628294,-10.443979274267775,19215.22044901735,18142.97197265625,17070.72349629515,0.3857161595193001,1714911,bear,hold
2022-12-19,17733.505859375,17887.92683736394,17638.860743833393,17683.69264066889,106806,18148.9494140625,17602.99666015625,20360.706401367188,0.006787164741738572,46.04905253500346,162.48022332258188,222.56556735754273,-60.085344034960855,19210.615563930034,18148.9494140625,17087.283264194964,0.30434359956784224,1608105,bear,hold
2022-12-20,17051.06640625,17554.179963664916,16976.34657099036,17554.179963664916,66275,18135.49990234375,17592.83474609375,20325.040131835936,-0.015530563205207515,39.70938208693528,55.52732220467806,189.1579183269698,-133.63059612229173,19244.58431306728,18135.49990234375,17026.415491620217,0.011113182365308694,1541830,bear,hold
2022-12-21,17320.056640625,17374.851182772505,17215.4488783434,17225.41152237022,46446,18125.28818359375,17593.43251953125,20290.918071289063,-0.011654358787919095,43.03817624015027,-7.442565355842817,149.83782159040726,-157.28038694625008,19260.156191463546,18125.28818359375,16990.420175723957,0.14523119103506474,1588276,bear,hold
2022-12-22,17648.826171875,17653.807494531473,17559.16236405853,17608.975590623235,32641,18112.8349609375,17607.67912109375,20255.376352539064,-0.013915855133068256,46.89734004855387,-30.466502514587773,113.77695676940826,-144.24345928399603,19262.77684819076,18112.8349609375,16962.89307368424,0.2982468530775814,1620917,bear,hold
2022-12-23,16931.513671875,17275.22489381068,16498.13865291262,17275.22489381068,72528,18064.2669921875,17594.82728515625,20215.575581054687,-0.05425717830075061,40.45705469857756,-105.37951308039192,69.94566279944823,-175.32517587984015,19322.526961443727,18064.2669921875,16806.00702293127,0.049873099363527684,1548389,bear,hold
2022-12-26,17011.21484375,17011.21484375,16881.70047012262,16936.495012811127,33508,18046.8322265625,17594.12986328125,20179.18701660156,-0.020086239465615052,41.41966333529637,-156.51320835325532,24.653888568907522,-181.16709692216284,19352.42110558318,18046.8322265625,16741.24334754182,0.10339069999228494,1581897,bear,hold
2022-12-27,17041.103515625,17085.935416133805,16966.383681443658,17021.178226509976,27155,18022.17470703125,17575.49970703125,20147.057495117188,-0.028124971456539694,41.79965284683673,-192.40731249605597,-18.758351644085177,-173.6489608519708,19383.01308430265,18022.17470703125,16661.336329759848,0.13953427247790376,1609052,bear,hold
2022-12-28,16373.6064453125,16806.98148660918,16328.774544488706,16413.45702382254,58399,17969.123583984376,17543.3203515625,20115.8744140625,-0.060857186387095585,36.158615564513106,-271.58442747621666,-69.32356681051148,-202.2608606657052,19490.68096099474,17969.123583984376,16447.56620697401,-0.024303967362318626,1550653,bear,hold
2022-12-29,16278.9619140625,16313.831171528362,16039.858434296588,16039.858434296588,35400,17852.56064453125,17519.31041015625,20078.913002929687,-0.12526765943571205,35.42853574736044,-338.0727915350217,-123.07341175541353,-214.99937977960815,19510.848124728633,17852.56064453125,16194.273164333872,0.025535002446785564,1515253,bear,hold
2023-01-02,16642.59765625,16841.85054647748,16592.78443369313,16787.05600166492,108975,17749.94541015625,17505.66162109375,20046.08608886719,-0.10977883969456081,40.40714946296756,-357.304153839239,-169.91956017217865,-187.38459366706036,19440.712100338424,17749.94541015625,16059.178719974081,0.17253088189626523,1624228,bear,hold
2023-01-03,16931.513671875,16931.513671875,16737.242111650485,16816.943264563106,80773,17646.83203125,17491.21576171875,20018.888071289064,-0.10857593603827564,44.095277812846994,-345.2521868329786,-204.98608550433866,-140.26610132863996,19271.856064223346,17646.83203125,16021.807998276654,0.2799052983646757,1705001,bear,hold
2023-01-04,16707.353515625,16722.297481202484,16552.93253799102,16642.596331455912,76594,17549.198046875,17471.48966796875,19994.355053710937,-0.10464502748971449,41.92717935734391,-349.75698655077576,-233.9402657136261,-115.81672083714966,19153.499197360037,17549.198046875,15944.896896389964,0.23762889498786385,1628407,bear,hold
2023-01-05,16687.431640625,16762.15148379198,16602.749151702425,16737.244869402984,43728,17473.48203125,17454.05505859375,19964.31769042969,-0.08319640419229046,41.73079807984563,-350.88976283622105,-257.3301651381451,-93.55959769807595,19090.334983449084,17473.48203125,15856.629079050921,0.2569196414689736,1584679,bear,hold
2023-01-06,16358.6630859375,16413.457633423892,16313.831183448634,16408.47631092513,46032,17383.071044921875,17431.340234375,19925.513193359377,-0.09953384657263964,38.52393906745748,-374.0050732590207,-280.66514676232026,-93.33992649670046,19036.528093265584,17383.071044921875,15729.613996578168,0.19022238587614354,1538647,bear,hold
2023-01-09,16772.111328125,16792.0366163081,16682.447531301048,16732.260751758797,48640,17290.169384765624,17434.7275390625,19888.2778125,-0.09973262418916584,44.3188520329499,-354.871566968377,-295.50643080353166,-59.36513616484535,18859.568389457392,17290.169384765624,15720.770380073856,0.33495017675814964,1587287,bear,hold
2023-01-10,17056.046875,17105.860096013435,16976.345721378504,17095.897451810746,34021,17222.672509765624,17435.2256640625,19849.124609375,-0.0733423147872253,47.94766357018943,-313.1866786199389,-299.04248036681315,-14.14419825312575,18708.183861057794,17222.672509765624,15737.161158473453,0.4439164047381111,1621308,bear,hold
2023-01-11,17364.888671875,17394.776604184593,17315.075451359007,17344.9633836686,39522,17164.889208984376,17440.10734375,19810.245380859375,-0.062399103867282646,51.63954384742683,-252.3215466461479,-289.6982936226801,37.37674697653222,18528.90306276963,17164.889208984376,15800.875355199123,0.5733128414845671,1660830,bear,hold
2023-01-12,17713.58203125,17748.451287217027,17668.750130720964,17668.750130720964,40623,17105.113330078126,17456.047578125,19768.277744140625,-0.06322445821440759,55.47895823759823,-173.94373598553284,-266.54738209525067,92.60364610971783,18244.41133718471,17105.113330078126,15965.815322971543,0.7670366740643965,1701453,bear,hold
2023-01-13,17872.986328125,17937.743524966034,17828.15442261967,17932.762202132108,35994,17069.746044921874,17488.52583984375,19726.858056640624,-0.03806959433961277,57.153629876596526,-97.83834228721025,-232.8055741336426,134.96723184643236,18057.505284072886,17069.746044921874,16081.986805770863,0.906597200697165,1737447,bear,hold
2023-01-16,18052.3125,18112.0883692053,18007.480598096026,18007.480598096026,35378,17077.467138671876,17524.39134765625,19686.43462890625,0.008627937125970764,59.02109719679245,-22.791420780977205,-190.80274346310955,168.01132268213235,18093.022421263526,17077.467138671876,16061.911856080227,0.9799568167477619,1772825,bear,hold
2023-01-17,17952.685546875,18052.31199275111,17932.760257699778,18027.405381282082,24388,17088.426123046876,17558.862109375,19646.235361328127,0.012359636568091803,57.52112166035702,28.318306882378238,-146.97853339401198,175.2968402763902,18136.27927423021,17088.426123046876,16040.572971863541,0.9123952974002701,1748437,bear,hold
2023-01-18,18231.640625,18316.323108777324,18052.313012295082,18281.453850751364,83917,17147.454833984375,17598.6130859375,19604.392255859377,0.06923755914276808,60.54472022942771,90.29165180372729,-99.52449635446413,189.81614815819142,18307.268354078205,17147.454833984375,15987.641313890546,0.9673965996395321,1832354,bear,hold
2023-01-19,17957.666015625,17987.553947967233,17912.83411711165,17982.572625910194,29683,17179.335302734376,17632.6853125,19559.635068359374,0.036813353918511815,56.30571187793087,115.96177768308917,-56.42724154695347,172.38901923004263,18390.298596679135,17179.335302734376,15968.372008789616,0.8213684166904772,1802671,bear,hold
2023-01-20,17922.796875,17942.722163354643,17773.35721234019,17942.722163354643,70663,17193.033837890624,17673.13365234375,19515.849248046874,0.01552345184075743,55.77052148139564,131.97061406084322,-18.747670425394134,150.71828448623734,18430.831958129012,17193.033837890624,15955.235717652235,0.7947827376603346,1732008,bear,hold
2023-01-25,19063.51953125,19143.2206842419,18829.397394336294,18829.397394336294,180362,17299.634130859376,17706.80740234375,19480.1331640625,0.12591938917525614,66.86613772238692,234.00702979485868,31.803269618656437,202.20376017620225,18773.66075307061,17299.634130859376,15825.607508648143,1.0983220973799523,1912370,bear,hold
2023-01-26,19347.455078125,19347.455078125,19183.071448470488,19198.015414802714,85674,17416.446142578126,17740.77998046875,19445.288818359375,0.13733529649902376,68.95385494432477,333.9334728722788,92.22931026938092,241.7041626028979,19131.162238040284,17416.446142578126,15701.730047115969,1.0630695777152601,1998044,bear,hold
2023-01-27,19546.70703125,19611.464215604294,19521.800421882963,19611.464215604294,134661,17541.726318359375,17770.56826171875,19408.028515625,0.14703293793900207,70.3650012033315,424.3126541893798,158.6459790533807,265.6666751359991,19479.99788640687,17541.726318359375,15603.454750311881,1.017208410302982,2132705,bear,hold
2023-01-30,20054.8046875,20264.02023565574,20054.8046875,20259.0389130806,129106,17725.78623046875,17805.33791015625,19376.621279296876,0.2248251327209203,73.65362707537247,530.8190890054611,233.0806010437968,297.7384879616643,19873.248974463524,17725.78623046875,15578.323486473977,1.0422721450102415,2261811,bear,hold
2023-01-31,19481.951171875,19726.035960272307,19447.08191638967,19726.035960272307,65208,17885.935693359374,17834.72771484375,19346.88279296875,0.19675635797425217,64.90803722091627,562.5173647345218,298.9679537819418,263.54941095258005,20055.536526407926,17885.935693359374,15716.33486031082,0.8678131604220097,2196603,bear,hold
2023-02-01,19865.513671875,19875.476316645247,19805.73780325351,19815.70044802376,38864,18047.081494140624,17876.67044921875,19318.71341796875,0.19365462544933054,67.67563052461307,611.5393201947882,361.4822270645111,250.05709313027705,20300.493085046175,18047.081494140624,15793.669903235073,0.9034842514064696,2235467,bear,hold
2023-02-02,21409.724609375,21419.6872546097,21051.06938092572,21349.948737966784,221990,18270.992041015626,17952.58580078125,19302.72337890625,0.2644896979848159,75.91220775291815,766.162644185657,442.4183104887403,323.74433369691667,20895.853084364742,18270.992041015626,15646.13099766651,1.0978854721304787,2457457,bear,hold
2023-02-03,21668.751953125,21818.19162176724,21564.14418507543,21818.19162176724,252040,18519.061962890624,18039.55970703125,19290.793115234374,0.2969589667723267,76.97217700284162,899.2382257974677,533.7822935504859,365.4559322469819,21428.306220216902,18519.061962890624,15609.817705564346,1.0413244319899557,2709497,bear,hold
2023-02-06,21599.013671875,21608.9763165576,21484.44325802511,21608.9763165576,116703,18764.641064453124,18121.05416015625,19277.74205078125,0.29432821880707616,76.00248376752883,987.6888245583141,624.5635997520516,363.1252248062625,21838.51685028696,18764.641064453124,15690.765278619288,0.9610421508384095,2592794,bear,hold
2023-02-07,21494.40625,21564.14476390498,21439.61170336037,21469.499637891076,80452,19021.42822265625,18192.98447265625,19263.196591796874,0.3139463865159844,74.48663835716727,1037.3872620184266,707.1283322053266,330.25892981309994,22106.47787465341,19021.42822265625,15936.37857065909,0.900800360821231,2512342,bear,hold
2023-02-08,21927.78125,22017.445053384825,21848.08009143571,21897.89331553839,120364,19279.21171875,18273.48263671875,19252.76072265625,0.30739540305992996,76.57141365136847,1099.0739322562004,785.5174522155014,313.55648004069894,22430.27730317694,19279.21171875,16128.146134323062,0.92026569430031,2632706,bear,hold
2023-02-09,21773.359375,21773.359375,21603.994419898194,21628.901030942576,104070,19515.07734375,18361.75162109375,19244.167939453124,0.2765771303615745,74.24343354200515,1122.5603313626452,852.9260280449303,269.63430331771497,22671.395779344173,19515.07734375,16358.758908155825,0.8577398917965768,2528636,bear,hold
2023-02-10,21439.611328125,21514.331163144023,21320.059592094563,21494.405873805616,99755,19718.8134765625,18439.85876953125,19232.636171875,0.23465296744744557,69.33693330160793,1101.5448701555833,902.6497964670609,198.89507368852242,22819.203188532443,19718.8134765625,16618.423764592557,0.7775131534140477,2428881,bear,hold
2023-02-13,20782.076171875,20921.553193162752,20692.41237247573,20921.553193162752,95002,19872.23818359375,18506.80771484375,19220.382119140624,0.1732283247516857,60.81032988369193,1020.0736003904458,926.134557251738,93.9390431387078,22862.25067272707,19872.23818359375,16882.225694460427,0.6521461852731215,2333879,bear,hold
2023-02-14,21280.208984375,21359.91014161985,21220.433116441363,21359.91014161985,51125,20042.59931640625,18560.20748046875,19213.233916015626,0.19063533053166282,64.38364832588987,984.355153561457,937.7786765136818,46.57647704777514,22944.522434225208,20042.59931640625,17140.67619858729,0.713239568679359,2385004,bear,hold
2023-02-15,21683.6953125,21733.508533985183,21594.03151382667,21723.545889688146,95269,20224.16845703125,18619.98333984375,19211.839140625,0.20115887161270884,67.00774857848921,977.3398364539971,945.6909085017448,31.64892795225228,23058.895826954118,20224.16845703125,17389.441087108382,0.7574369004502297,2480273,bear,hold
2023-02-16,22017.4453125,22022.42663496889,21922.800185591062,21977.59473274887,105378,20427.4064453125,18680.45662109375,19216.197802734376,0.22641513744624953,69.03969984960128,987.3296610968246,954.0186590207609,33.31100207606369,23162.675718366438,20427.4064453125,17692.13717225856,0.7906549060546818,2585651,bear,hold
2023-02-17,21061.029296875,21085.935906734125,20961.402857438505,21075.973262790474,196031,20568.87587890625,18728.47654296875,19213.358447265626,0.15519111691984655,58.01318441728129,907.6095320224413,944.736833621097,-37.12730159865578,23121.84702438001,20568.87587890625,18015.904733432486,0.5963883627986365,2389620,bear,hold
2023-02-20,20936.498046875,20961.404658874613,20846.834243676392,20931.516724475077,48905,20717.81748046875,18783.17146484375,19214.255087890626,0.1658808014726476,56.7424245956352,824.8734960579241,920.7641661084625,-95.89067005053846,22974.42402317277,20717.81748046875,18461.210937764732,0.5484534105232654,2340715,bear,hold
2023-02-21,21026.16015625,21026.16015625,20811.963310308576,20991.290902259538,82552,20872.98564453125,18840.35701171875,19213.507890625,0.17315172977152882,57.46486147698875,757.8040806391946,888.172149014609,-130.3680683754144,22731.089908603404,20872.98564453125,19014.881380459097,0.5412179538792559,2423267,bear,hold
2023-02-22,20453.30859375,20777.094531059727,20373.60743995068,20433.38330530017,121211,20942.47509765625,18876.82029296875,19206.882734375,0.07290306809410407,51.542180296797014,650.9233133665257,840.7223818849924,-189.7990685184667,22619.862519258233,20942.47509765625,19265.087676054267,0.35418797780208905,2302056,bear,hold
2023-02-23,20772.11328125,20772.11328125,20463.27130920264,20463.27130920264,68502,21013.7080078125,18924.14287109375,19202.748232421876,0.07363543150105434,54.36131845667901,585.1986039549884,789.6176262989916,-204.41902234400322,22527.087969800894,21013.7080078125,19500.328045824106,0.4201804131709678,2370558,bear,hold
2023-02-24,20667.505859375,20916.571969996534,20667.505859375,20792.038914685767,63026,21069.74794921875,18967.08189453125,19198.3895703125,0.057339521502682844,53.26628501418819,518.6912041928954,735.4323418777724,-216.741137684877,22437.70621674237,21069.74794921875,19701.78968169513,0.35297720720241077,2307532,bear,hold
2023-02-27,20458.291015625,20498.141594666882,20353.683245640066,20433.384403723827,79156,21089.922265625,18998.06572265625,19196.172880859376,0.020119185123577354,51.05135819779753,443.9837529782344,677.1426240978649,-233.15887111963048,22408.41980485012,21089.922265625,19771.424726399877,0.26047310244841,2228376,bear,hold
2023-02-28,20682.451171875,20712.33910709447,20592.787366216584,20622.675301436055,42272,21149.947265625,19040.10810546875,19199.83416015625,0.06162113791420931,53.292376252443916,398.27435206386144,621.3689696910642,-223.09461762720275,22263.55226257139,21149.947265625,20036.34226867861,0.2900978825382794,2270648,bear,hold
2023-03-02,20318.814453125,20408.478258017436,20159.412133316222,20348.702388089147,116465,21172.6123046875,19088.52658203125,19201.5278125,0.022818477726642916,49.345561037577205,328.9153469792218,562.8782451486958,-233.962898169474,22195.48262505723,21172.6123046875,20149.74198431777,0.08264609180668972,2154183,bear,hold
2023-03-03,20209.224609375,20244.09386554104,20119.560807805185,20244.09386554104,47810,21112.5873046875,19138.04095703125,19208.12806640625,-0.05607265025138708,48.18731272365314,262.08371332910247,502.71933878477716,-240.6356254556747,22210.87251859249,21112.5873046875,20014.30209078251,0.08873948047585835,2106373,bear,hold
2023-03-06,20886.685546875,20971.36803060905,20702.376611689124,20702.376611689124,98418,21073.483984375,19214.75333984375,19217.119365234375,-0.03609189896777665,55.189476126086504,260.778505759019,454.3311721796256,-193.55266642060656,22145.144672301318,21073.483984375,20001.823296448685,0.41284627699581855,2204791,bear,hold
2023-03-07,20802.0,20871.738505747126,20687.42959770115,20871.738505747126,51718,21033.63330078125,19284.39220703125,19223.246376953124,-0.03690046610382147,54.20335109667402,250.02853021112605,413.4706437859257,-163.44211357479963,22083.208806583858,21033.63330078125,19984.057794978642,0.38965381742396865,2153073,bull,golden_cross
2023-03-08,20562.8984375,20662.52488341812,20528.029181428657,20662.52488341812,54801,20987.05791015625,19342.67365234375,19227.0819921875,-0.043337220003460186,51.410270910764595,219.68322779940354,374.7131605886213,-155.02993278921775,22033.3788907777,20987.05791015625,19940.7369295348,0.2973091047049798,2098272,bull,hold
2023-03-09,20672.48828125,20811.96531061747,20627.656378953314,20697.39489363705,48559,20924.29326171875,19417.49314453125,19230.81798828125,-0.05724669333565158,52.6154906377219,202.14711540788994,340.199951552475,-138.05283614458506,21884.41237931582,20924.29326171875,19964.17414412168,0.3688678436593611,2146831,bull,hold
2023-03-10,20109.59765625,20363.64508762695,20064.765756595243,20363.64508762695,71248,20841.10517578125,19479.46080078125,19235.724580078124,-0.0764127248393428,46.267501271132375,141.20136934151378,300.4002351102828,-159.198865768769,21780.632089912557,20841.10517578125,19901.578261649942,0.11070432973833123,2075583,bull,hold
2023-03-13,20453.30859375,20453.30859375,20009.97092574129,20014.95224785375,128654,20791.7900390625,19547.70490234375,19240.93005859375,-0.04600376001598239,50.21713205043857,119.26125710328415,264.1724395088831,-144.91118240559894,21703.611406692748,20791.7900390625,19879.968671432252,0.3143926774867172,2204237,bull,hold
2023-03-14,20179.3359375,20413.45807748087,20139.48536048198,20413.45807748087,79982,20761.65302734375,19623.8194921875,19245.089462890624,-0.029002888325022402,47.23658162064532,78.85723924309787,227.10939945572605,-148.25216021262818,21711.80374277091,20761.65302734375,19811.50231191659,0.19356593623046617,2124255,bull,hold
2023-03-15,20906.609375,20906.609375,20737.244419376937,20782.076319394808,92442,20742.973046875,19716.37244140625,19255.973662109376,-0.01755620020693005,54.89055942375669,104.31912636980633,202.5513448385421,-98.23221846873577,21665.91022121361,20742.973046875,19820.035872536388,0.5886497654849938,2216697,bull,hold
2023-03-16,21230.396484375,21275.228386852563,21085.938131947296,21095.90077694231,145574,20720.30810546875,19808.12841796875,19268.875283203124,-0.020905054308879123,57.823929772986325,148.90824750047977,191.82272537092965,-42.91447787044987,21569.002912084576,20720.30810546875,19871.613298852924,0.8005134324671018,2362271,bull,hold
2023-03-17,21803.24609375,21858.040634995432,21713.58229898475,21773.358162161585,277052,20709.59814453125,19905.56306640625,19285.139296875,-0.009728613638403938,62.47340908380052,227.84318876382167,199.02681804950808,28.816370714313592,21495.64013593063,20709.59814453125,19923.55615313187,1.195667636834353,2639323,bull,hold
2023-03-20,21489.423828125,21778.34051380679,21489.423828125,21703.62068130288,94707,20731.01787109375,20001.20447265625,19294.080771484376,0.020340626529282035,58.65839455869225,262.0560453303842,211.63266350568333,50.4233818247009,21575.382509084957,20731.01787109375,19886.653233102545,0.9490986020184019,2544616,bull,hold
2023-03-21,21733.5078125,21798.264998281,21594.030796971692,21633.881372836924,58335,20770.868359375,20102.12599609375,19299.51041015625,0.03806795978203059,60.6700984836678,305.3456833274904,230.37526747004478,74.97041585744563,21719.104718212464,20770.868359375,19822.632000537535,1.0075946751847789,2602951,bull,hold
2023-03-22,22166.884765625,22166.884765625,22077.220962078653,22117.071541432582,110869,20827.90458984375,20218.2904296875,19307.08203125,0.05425263580691975,64.01800396266862,370.3537243628016,258.37095884859616,111.98276551420543,21951.682702671413,20827.90458984375,19704.12647701609,1.09574935678899,2713820,bull,hold
2023-03-23,22122.052734375,22122.052734375,21828.154713359883,21917.818516381445,68674,20911.341796875,20325.2892578125,19316.123125,0.0815879803981896,63.41660783856953,413.4890506085503,289.39457720058704,124.09447340796328,22153.086387659536,20911.341796875,19669.597206090464,0.9875040110845464,2645146,bull,hold
2023-03-24,22515.576171875,22515.576171875,22286.435352426714,22306.360641074392,174701,20998.51494140625,20434.47984375,19323.17169921875,0.08393286070699135,66.40034260745264,473.96459124999456,326.3085800104686,147.65601123952598,22420.615384520766,20998.51494140625,19576.414498291735,1.0333875106410422,2819847,bull,hold
2023-03-27,22600.259765625,22600.259765625,22316.324388362355,22316.324388362355,115088,21095.15263671875,20539.187265625,19333.05962890625,0.09351655296003125,67.02363578590504,522.6997933479943,365.5868226779737,157.11297067002056,22668.75302677658,21095.15263671875,19521.55224666092,0.9782367678654863,2934935,bull,hold
2023-03-28,22186.810546875,22415.951383236978,22102.12806387166,22316.324932644813,82236,21181.57861328125,20628.6518359375,19339.485537109376,0.08448992782094278,61.06736685947229,521.9442471330585,396.8583075689907,125.08593956406781,22795.135319309255,21181.57861328125,19568.021907253245,0.8114956945232712,2852699,bull,hold
2023-03-29,22037.369140625,22082.2010398713,21937.742697855447,22082.2010398713,82948,21249.32451171875,20711.9394921875,19344.317421875,0.06551051214821602,59.02553625190342,503.4829606013227,418.1832381754571,85.29972242586558,22886.962158248913,21249.32451171875,19611.68686518859,0.7406040892428077,2769751,bull,hold
2023-03-30,22311.341796875,22321.304441124554,22216.69667650424,22311.341796875,73267,21348.95087890625,20797.120078125,19351.81431640625,0.09806316940128124,61.56289647315473,505.1366607049313,435.573922681352,69.5627380235793,22990.46291302061,21348.95087890625,19707.43884479189,0.7931415968838714,2843018,bull,hold
2023-03-31,22535.50390625,22684.943587325928,22535.50390625,22570.373165167715,131145,21465.26484375,20888.7764453125,19366.957548828126,0.11510977495870112,63.55167356272067,518.557629218245,452.1706639887306,66.38696522951437,23096.899737934167,21465.26484375,19833.62994956583,0.8279652409723469,2974163,bull,hold
2023-04-03,22998.765625,23083.448106183667,22909.10182139376,23043.597526803118,238040,21570.86884765625,20984.1189453125,19386.6088671875,0.10112088264961705,67.31547361429216,560.1184951706309,473.7602302251107,86.3582649455202,23308.97060935482,21570.86884765625,19832.76708595768,0.9107632846388495,3212203,bull,hold
2023-04-04,23103.373046875,23103.373046875,22909.101475329477,22998.765277581257,83161,21685.9375,21087.0330859375,19407.405888671874,0.11063229722502643,68.11612024864183,594.6420620330937,497.93659658670737,96.70546544638631,23507.891538431333,21685.9375,19863.983461568667,0.8889877343161149,3295364,bull,hold
2023-04-05,23123.298828125,23123.298828125,23008.72841169956,23053.560313779082,74120,21813.95751953125,21191.043125,19427.306279296874,0.1245155394025419,68.27553574134268,616.5034139249619,521.6499600543583,94.85345387060363,23661.90724473776,21813.95751953125,19966.00779432474,0.8542686499351142,3369484,bull,hold
2023-04-06,22570.37109375,22570.37109375,22450.819359861234,22505.613904560254,130064,21908.85166015625,21261.18015625,19445.61263671875,0.09180717805613092,59.40019681449042,582.4973784607537,533.8194437356374,48.6779347251163,23706.833998738864,21908.85166015625,20110.86932157364,0.6839616050164425,3239420,bull,hold
2023-04-07,22958.9140625,22958.9140625,22620.184152270016,22665.016052153394,107803,22051.31748046875,21333.4093359375,19466.011162109375,0.14168937911915114,63.03641000274821,580.2112071174488,543.0977964119998,37.11341070544904,23701.959072600257,22051.31748046875,20400.675888337246,0.7749223654479866,3347223,bull,hold
2023-04-10,22684.943359375,22814.45774833937,22595.279551630436,22714.831295289856,92277,22162.89921875,21396.1740625,19483.545419921877,0.10910874176645091,59.022282497902374,549.9527409197872,544.4687853135573,5.48395560622987,23661.026582788356,22162.89921875,20664.771854711646,0.6742322292337602,3254946,bull,hold
2023-04-11,22804.494140625,22809.47546306725,22714.83033666448,22714.83033666448,82110,22294.15712890625,21451.1678515625,19502.823134765626,0.13009140693508026,60.21290716664893,529.5155121647003,541.4781306837859,-11.962618519085595,23506.961809626395,22294.15712890625,21081.352448186102,0.710395383457673,3337056,bull,hold
2023-04-12,22460.78125,22565.38901363939,22455.799927921933,22565.38901363939,67007,22371.86572265625,21510.744453125,19518.912802734376,0.07433878191929444,55.24316613453559,480.0503814131116,529.1925808296511,-49.14219941653948,23404.936706218512,22371.86572265625,21338.794739093988,0.5430345681751457,3270049,bull,hold
2023-04-13,22311.341796875,22311.341796875,22117.07023400871,22266.50989775201,63765,22425.91298828125,21559.661015625,19531.3162890625,0.05091498471521927,53.18770373654174,423.90389374974984,508.13484341367086,-84.23094966392102,23317.92949828657,22425.91298828125,21533.89647827593,0.43577966880592534,3206284,bull,hold
2023-04-14,22655.0546875,22679.961299953276,22600.26014010279,22610.2227850841,61038,22468.50341796875,21584.5676171875,19541.602724609376,0.03906797135102624,57.13790816573964,402.50235886393057,487.0083465037228,-84.50598763979224,23317.85378541045,22468.50341796875,21619.15305052705,0.6098199734069432,3267322,bull,hold
2023-04-17,22704.8671875,22704.8671875,22615.203385530935,22655.05396418385,79309,22529.2755859375,21605.289921875,19552.860517578127,0.05656007201943902,57.69506550472615,385.12149980678805,466.6309771643359,-81.50947735754784,23254.587393875685,22529.2755859375,21803.963777999314,0.6210455969699762,3346631,bull,hold
2023-04-18,22615.201171875,22704.864965067456,22515.574734994494,22704.864965067456,111618,22573.36025390625,21625.613671875,19567.206708984377,0.04056838716426148,56.27695746386075,359.9623240875844,445.29724654898564,-85.33492246140122,23200.361656097917,22573.36025390625,21946.35885171458,0.5333658886746485,3235013,bull,hold
2023-04-19,22475.724609375,22610.220301851314,22430.892711882894,22600.25765796418,140693,22588.80224609375,21645.2400390625,19583.246552734374,0.013932487447624098,54.05141560005355,325.0222489618536,421.24224703155926,-96.21999806970564,23189.667469884705,22588.80224609375,21987.937022302795,0.40590432576100427,3094320,bull,hold
2023-04-20,22266.509765625,22460.781327338507,22236.62183305369,22326.28563076762,62971,22596.02509765625,21652.014609375,19599.884169921876,0.006530001215733883,50.8058188768902,277.25408576976406,392.44461477920026,-115.1905290094362,23177.431845190178,22596.02509765625,22014.61835012232,0.21662237028645775,3031349,bull,hold
2023-04-21,22151.939453125,22251.56589545972,22136.99548677479,22251.56589545972,39110,22577.84326171875,21659.5862109375,19614.703603515623,-0.016150451401915733,49.06821015840972,227.52978385835377,359.46164859503097,-131.9318647366772,23190.100965181613,22577.84326171875,21965.585558255887,0.15218583107661662,2992239,bull,hold
2023-04-24,22087.18359375,22221.679298989344,22072.239626501185,22166.88475241035,51582,22552.189453125,21672.53765625,19627.43087890625,-0.02270222454059523,48.067560006835805,180.81335587097783,323.73199005022036,-142.91863417924253,23200.476354036102,22552.189453125,21903.902552213898,0.1413579707368133,2940657,bull,hold
2023-04-25,21982.576171875,22117.07187924881,21982.576171875,22072.239976790872,61673,22541.977734375,21696.54765625,19638.190537109374,-0.009205215619816354,46.420681097199754,133.8068631857568,285.74696467732764,-151.94010149157083,23218.771867108426,22541.977734375,21865.183601641573,0.0867269414403046,2878984,bull,hold
2023-04-26,21912.8359375,21987.555769066836,21872.985360664356,21982.57444696238,75877,22535.75107421875,21709.2001953125,19648.15318359375,-0.005651001366375863,45.30619972700991,89.89022642313284,246.5756170264887,-156.68539060335584,23232.98355083852,22535.75107421875,21838.518597598984,0.053294519685393484,2803107,bull,hold
2023-04-27,22251.564453125,22276.471062094246,22022.423650607932,22067.255546752574,68060,22532.76220703125,21720.557578125,19658.041103515625,-0.002679235713128336,51.408263774841934,81.47929315272631,213.55635225173623,-132.07705909900992,23234.316121933894,22532.76220703125,21831.208292128606,0.29958934877779697,2871167,bull,hold
2023-04-28,22669.998046875,22784.56846108685,22585.31556680537,22764.6431716587,89457,22539.4869140625,21733.6086328125,19671.8891796875,0.005968099989443809,57.68825537644792,107.34030968556908,192.31314373850282,-84.97283405293373,23243.59077042263,22539.4869140625,21835.383057702373,0.5926788936274097,2960624,bull,hold
2023-05-02,22814.45703125,22819.438353745907,22714.830581331877,22749.699838803223,88791,22530.271484375,21768.6771875,19688.825673828123,-0.008013847210549985,59.62814937631701,137.9023321080458,181.43098141241143,-43.528649304365615,23214.6375195996,22530.271484375,21845.9054491504,0.7076268635845829,3049415,bull,hold
2023-05-03,22500.634765625,22714.83164295993,22455.802861066528,22605.242542928107,31962,22500.1345703125,21799.959921875,19704.56666015625,-0.02608875682468914,53.851947535654375,135.24114521416777,172.1930141727627,-36.95186895859493,23131.96565742666,22500.1345703125,21868.303483198342,0.5003958299320028,3017453,bull,hold
2023-05-04,22485.689453125,22535.502677434095,22326.2871353359,22326.2871353359,31379,22468.2541015625,21829.1505078125,19720.00876953125,-0.02757432578021579,53.5857242341688,130.4227414344714,163.83895962510445,-33.41621819063306,23031.743284539498,22468.2541015625,21904.7649185855,0.5154708839931825,2986074,bull,hold
2023-05-08,22909.1015625,23003.74668745923,22894.15759540117,22894.15759540117,123643,22485.190625,21878.2663671875,19737.767177734375,0.015007749201066511,59.66886726576761,158.93780427591628,162.85872855526685,-3.9209242793505723,23079.460258055413,22485.190625,21890.920991944586,0.8566654881223524,3109717,bull,hold
2023-05-09,23178.09375,23327.533426015474,23113.33655705996,23322.552103481627,208757,22496.149609375,21926.3859765625,19754.330078125,0.009546605161870447,62.98768761575069,200.9254746870065,170.47207778161481,30.453396905391685,23131.614925892965,22496.149609375,21860.684292857033,1.036570700948492,3318474,bull,hold
2023-05-10,23312.58984375,23387.30968299279,23312.58984375,23312.58984375,136085,22527.53193359375,21979.28765625,19772.03869140625,0.02766797670295329,64.55810449032762,242.2610817790337,184.8298785810986,57.431203197935105,23252.833996638692,22527.53193359375,21802.229870548807,1.0411937661258281,3454559,bull,hold
2023-05-11,23840.607421875,23840.607421875,23412.21372394745,23760.9062687722,161159,22579.33759765625,22046.933984375,19788.825751953125,0.04543460928625542,69.94889624390512,314.00677924539195,210.6652587139573,103.34152053143467,23498.478288792117,22579.33759765625,21660.19690652038,1.1861135821655777,3615718,bull,hold
2023-05-12,24079.7109375,24099.636225822298,23960.159207566197,23960.159207566197,136488,22660.28408203125,22114.8791796875,19805.98640625,0.07207806663002869,72.02401637655589,385.71315566637713,245.67483810444128,140.03831756193586,23785.461040131577,22660.28408203125,21535.10712393092,1.130757164573124,3752206,bull,hold
2023-05-15,24004.9921875,24009.97350980494,23631.39301462959,24009.97350980494,52878,22744.9666015625,22188.602734375,19822.225517578125,0.07590984020791702,70.38828671238653,431.53730350998376,282.8473311855498,148.68997232443394,23999.811016098396,22744.9666015625,21490.122187026605,1.0020644676509638,3699328,bull,hold
2023-05-16,23890.421875,24000.010966169724,23850.571296392827,23965.14170988845,45273,22806.7349609375,22262.2266796875,19839.386171875,0.054529428621578946,67.84396175615663,453.3820975069975,316.95428444983935,136.42781305715818,24155.871688642856,22806.7349609375,21457.598233232147,0.9016223455370831,3654055,bull,hold
2023-05-17,24159.4140625,24328.779027061857,24109.600837628866,24109.600837628866,131115,22879.4623046875,22327.68125,19857.966513671876,0.06406321882388233,70.53676638468039,486.78828328805685,350.92108421748287,135.86719907057397,24350.137518878437,22879.4623046875,21408.78709049656,0.935157859961841,3785170,bull,hold
2023-05-19,25509.3515625,25554.18346331283,25220.43486837288,25225.416190685413,283515,23024.16982421875,22421.82828125,19883.346357421877,0.1279736743719202,79.71670088176242,615.1010979793318,403.75708696985265,211.34401100947917,24881.162347953967,23024.16982421875,21167.17730048353,1.1691415572536803,4068685,bull,hold
2023-05-22,25414.705078125,25524.294163134553,25160.657653784667,25235.377484473,117680,23171.11884765625,22518.8644140625,19906.7834765625,0.13076243457459436,77.8844479414939,701.071234975585,463.2199165709992,237.85131840458575,25279.392667763186,23171.11884765625,21062.845027549312,1.032090805537525,3951005,bull,hold
2023-05-23,25519.3125,25599.013651668945,25429.648704372437,25464.5179582276,84908,23333.758984375,22615.8008984375,19929.1994140625,0.14608498451772056,78.47336608042235,768.7820912336065,524.3323515035206,244.44973973008587,25631.181542761584,23333.758984375,21036.336425988415,0.9756533593802295,4035913,bull,hold
2023-05-25,25937.74609375,25942.72741621855,25643.848068105435,25892.914191533033,190320,23523.04931640625,22732.3638671875,19954.10603515625,0.1709018142016876,80.6886001920914,846.4501759373743,588.7559163902913,257.694259547083,26015.36498358227,23523.04931640625,21030.73364923023,0.9844283589646137,4226233,bull,hold
2023-05-26,25733.509765625,26057.295699571114,25613.958036167973,25987.55719072118,127165,23705.365625,22837.967890625,19978.56431640625,0.16508787353525678,76.54795307363534,881.3627269410426,647.2772785004415,234.0854484406011,26282.877107835004,23705.365625,21127.854142164993,0.8934306702669362,4099068,bull,hold
2023-05-30,26679.9609375,26699.886225728154,26037.37039214199,26570.371852245145,319228,23940.23486328125,22967.980390625,20006.708779296874,0.21368672756539508,81.32944274341754,974.1722238947295,712.6562675792992,261.51595631543034,26696.85488832147,23940.23486328125,21183.61483824103,0.9969357490934527,4418296,bull,hold
2023-05-31,26829.400390625,27038.615915394075,26784.568492460196,27013.70930530252,299053,24186.0630859375,23086.4362109375,20032.213154296875,0.22436915363890253,81.95503344979417,1047.7056354451088,779.6661411524611,268.03949429264765,27050.432843888102,24186.0630859375,21321.6933279869,0.9614169133280394,4717349,bull,hold
2023-06-01,26914.083984375,26914.083984375,26635.129939747017,26749.700350933508,182134,24419.1890625,23200.1099609375,20056.970322265624,0.2095367065570617,82.31662384579282,1100.133003706007,843.7595136631703,256.3734900428367,27373.37014003415,24419.1890625,21465.007984965854,0.9222650637173341,4899483,bull,hold
2023-06-02,27476.974609375,27476.974609375,27247.833776882024,27347.460225792012,238199,24659.537890625,23313.58453125,20086.036337890626,0.21204133112674128,84.53493281609491,1173.57440472288,909.7224918751124,263.8519128477676,27782.708115003352,24659.537890625,21536.36766624665,0.9510539798244256,5137682,bull,hold
2023-06-05,27486.9375,27486.9375,27287.684600398694,27476.974855019933,132758,24893.1619140625,23433.5348046875,20115.87447265625,0.20480349202919412,84.57182356547806,1218.534657139542,971.4849249279983,247.04973221154376,28126.40247854691,24893.1619140625,21659.921349578093,0.9011108258427901,5270440,bull,hold
2023-06-07,27830.646484375,27840.60912854338,27681.20682184927,27765.889297280515,225989,25159.6625,23555.477578125,20149.299140625,0.23688272683279332,85.82783095800315,1267.2918718077017,1030.646314303939,236.64555750376257,28438.48548814225,25159.6625,21880.839511857746,0.9073083533381523,5496429,bull,hold
2023-06-08,26914.083984375,27427.16017360147,26799.513573188506,27427.16017360147,222938,25381.0822265625,23650.4215625,20173.084951171873,0.19694279512672686,69.56414638925169,1217.933799290644,1068.10381130128,149.82998798936387,28502.002921519455,25381.0822265625,22260.161531605543,0.7456008831447805,5273491,bull,hold
2023-06-09,27198.017578125,27656.299192994506,27198.017578125,27536.74746737637,145940,25595.52802734375,23751.940859375,20199.037626953126,0.18721450092331615,71.3737938510646,1188.0333305887834,1092.0897151587808,95.94361543000264,28594.57972946086,25595.52802734375,22596.47632522664,0.7671660427944624,5419431,bull,hold
2023-06-12,27870.498046875,27870.498046875,27750.94631262567,27750.94631262567,206272,25830.1482421875,23859.039296875,20226.409990234373,0.20244996622619138,75.14341369625463,1204.7133616703613,1114.614444461097,90.0989172092643,28769.60815040469,25830.1482421875,22890.688333970313,0.8470620230239834,5625703,bull,hold
2023-06-13,28577.845703125,28742.229337115434,28239.11579065986,28239.11579065986,536397,26093.41103515625,23978.591015625,20257.6926953125,0.2258546088042892,78.36990251397275,1260.4794285528478,1143.7874412794472,116.69198727340063,29026.93171325437,26093.41103515625,23159.890357058128,0.9234561369411373,6162100,bull,hold
2023-06-14,28577.845703125,28737.248014873298,28483.200580524444,28577.845703125,227163,26330.27294921875,24106.41171875,20291.0924609375,0.1987045966330261,78.36990251397273,1289.8063535627407,1172.991223736106,116.8151298266348,29262.948792774303,26330.27294921875,23397.597105663197,0.8831948830698777,6389263,bull,hold
2023-06-15,28861.779296875,28956.424413657984,28816.947399451477,28856.79797493905,289734,26569.3763671875,24242.899921875,20325.289228515627,0.19859326267607935,79.60249350007703,1320.7346144985495,1202.5399018885946,118.19471260995488,29508.86694029084,26569.3763671875,23629.885794084155,0.8899320090806272,6678997,bull,hold
2023-06-16,29210.47265625,29210.47265625,29011.219773192362,29150.69679133271,257406,26829.650390625,24380.8825390625,20363.89447265625,0.21684991305519463,81.03202295011388,1357.7310457289022,1233.5781306566562,124.15291507224606,29736.45262635961,26829.650390625,23922.84815489039,0.9095260139056754,6936403,bull,hold
2023-06-19,29160.66015625,29210.473378245642,28831.892891078747,29210.473378245642,181287,27093.1623046875,24513.3856640625,20404.99037109375,0.22060046946115297,80.16766307913944,1367.2704884794184,1260.3166022212088,106.95388625820965,29837.36593677012,27093.1623046875,24348.95867260488,0.8767027029975623,6755116,bull,hold
2023-06-20,28926.5390625,29011.221542965384,28806.987325372396,29011.221542965384,106144,27331.5185546875,24631.9411328125,20445.09001953125,0.19731956195905775,76.06102008664271,1340.486654227203,1276.3506126224077,64.13604160479531,29832.373825227758,27331.5185546875,24830.663284147242,0.8188950049612285,6648972,bull,hold
2023-06-21,29090.921875,29105.865841716608,28936.500885595033,28936.500885595033,213759,27510.5970703125,24751.692109375,20483.91943359375,0.14040224831763592,76.95368757229153,1317.3391263461017,1284.5483153671464,32.79081097895528,29976.573981067544,27510.5970703125,25044.620159557453,0.820425709947874,6862731,bull,hold
2023-06-22,28283.947265625,28542.976018321813,28149.451567109347,28453.312219311378,214778,27654.0591796875,24854.905078125,20517.4686328125,0.11289693028819059,64.28133833295828,1219.8171441945742,1271.602081132632,-51.784936938057854,29943.115333084916,27654.0591796875,25365.003026290087,0.6375868575794044,6647953,bull,hold
2023-06-23,28557.921875,28732.26816239316,28493.164682539682,28682.454937423685,218873,27805.9896484375,24974.65609375,20556.821083984374,0.11907097320901583,66.30979828636148,1151.3655071405883,1247.5547663342234,-96.18925919363505,29903.467057416285,27805.9896484375,25708.512239458712,0.6792467998329003,6866826,bull,hold
2023-06-26,28572.865234375,28607.73449111151,28508.10804329291,28508.10804329291,81388,27937.74560546875,25086.9351171875,20595.202177734376,0.10159399090038757,66.42180684047855,1085.8063955852958,1215.205092184438,-129.3986965991421,29874.114834014435,27937.74560546875,26001.376376923065,0.6639975526215262,6948214,bull,hold
2023-06-27,27805.740234375,27805.740234375,27646.337925614698,27800.75891222624,247620,28041.35712890625,25189.3510546875,20630.8684375,0.08052653865032045,56.108883582741285,960.8734005424267,1164.3387538560357,-203.46535331360906,29696.149670033887,28041.35712890625,26386.564587778612,0.4288077240272394,6700594,bull,hold
2023-06-28,27975.10546875,28184.32100110176,27975.10546875,28179.33967890291,154987,28106.11435546875,25292.76328125,20670.793740234374,0.048543719171253,57.67148060657378,865.551917133711,1104.5813865115708,-239.02946937785987,29639.66001801128,28106.11435546875,26572.568692926223,0.4572856257499544,6855581,bull,hold
2023-06-29,28523.052734375,28642.604474791522,28463.27686416674,28463.27686416674,100401,28190.79697265625,25414.0087109375,20712.537236328124,0.06312673108944367,62.342589556438824,824.71689671083,1048.6084885514226,-223.89159184059258,29616.225164198604,28190.79697265625,26765.3687811139,0.6165459486805992,6955982,bull,hold
2023-06-30,28388.5546875,28393.53600960695,28254.05899061239,28393.53600960695,67407,28264.5205078125,25535.55296875,20755.002998046875,0.05478435394572623,60.575550352313336,772.5959750138645,993.405985843911,-220.8100108300465,29565.261566811874,28264.5205078125,26963.779448813126,0.5476782749454054,6888575,bull,hold
2023-07-07,28871.744140625,28871.744140625,28757.17372736855,28757.17372736855,78657,28334.258984375,25659.8867578125,20799.4862109375,0.050761393897205576,64.47158921672724,761.5010101157968,947.0249906982882,-185.5239805824914,29607.90410046262,28334.258984375,27060.61386828738,0.7110027155370587,6967232,bull,hold
2023-07-10,28587.80859375,28782.080162865917,27985.068597262154,28772.117518295872,77343,28389.3025390625,25777.5455859375,20844.6169921875,0.040050700218967616,60.67696729617503,721.480170514853,901.9160266616012,-180.43585614674828,29605.575309204734,28389.3025390625,27173.029768920267,0.5816042501158213,6889889,bull,hold
2023-07-14,29693.662109375,29848.083100046133,29693.662109375,29813.213844088135,533818,28482.4533203125,25919.1148046875,20892.537314453126,0.06694115517747523,68.4625227926158,770.1190504726328,875.5566314238075,-105.43758095117471,29794.879561838054,28482.4533203125,27170.027078786945,0.9614388034692909,7423707,bull,hold
2023-07-17,29653.8125,29698.644401982194,29633.887210230136,29638.8685326726,218182,28619.43974609375,26062.6765625,20936.173701171876,0.1017953468977637,67.94050832312746,796.2712633615192,859.6995578113499,-63.42829444983067,29815.207912101465,28619.43974609375,27423.671580086037,0.9325139200517805,7205525,bull,hold
2023-07-19,30490.673828125,30490.673828125,30361.159448198312,30430.89796046653,396235,28784.07255859375,26227.15984375,20990.519931640625,0.12106236201009879,72.65580385514494,874.444741078034,862.6485944646868,11.796146613347219,30055.945530656332,28784.07255859375,27512.19958653117,1.170900831693779,7601760,bull,hold
2023-07-20,30141.98046875,30266.5135230747,29892.914360100604,29892.914360100604,230561,28897.6466796875,26386.9606640625,21042.40041015625,0.08150132150687184,68.15757763294349,897.9105910644466,869.7009937846387,28.209597279807895,30227.279574111744,28897.6466796875,27568.013785263254,0.967923813512947,7371199,bull,hold
2023-07-21,29105.865234375,29434.63249528014,28961.40689246213,29031.145402351103,345287,28924.04765625,26527.334296875,21090.76904296875,0.018476533771482284,56.88728366975605,823.4098498094754,860.4427649896062,-37.03291518013077,30248.189660742853,28924.04765625,27599.905651757148,0.5686548638696178,7025912,bull,hold
2023-07-24,28821.931640625,28876.726187470296,28697.398579612967,28697.398579612967,256488,28936.251953125,26664.12140625,21137.867451171875,0.00854108948713761,54.24038530107871,733.0067618625944,834.955564364204,-101.94880250160952,30251.8775253428,28936.251953125,27620.6263809072,0.456552869253185,6769424,bull,hold
2023-07-26,29195.529296875,29195.529296875,29001.257731855698,29001.257731855698,178704,28952.939453125,26809.7752734375,21184.46771484375,0.011563736128913371,57.07078068388963,683.6274403302814,804.6899395574195,-121.06249922713812,30272.82295879474,28952.939453125,27633.05594745526,0.5918982026474012,6948128,bull,hold
2023-07-28,29001.2578125,29080.958967601342,28811.96756913432,28871.743435460325,257736,28942.4787109375,26944.769140625,21231.640830078126,-0.0071623231233554074,55.1601370845116,621.6518712556135,768.0823258970584,-146.43045464144484,30257.33878815437,28942.4787109375,27627.618633720627,0.522351846626493,6690392,bull,hold
2023-08-03,28732.267578125,28816.950058851096,28627.659807816293,28627.659807816293,206273,28921.05908203125,27066.01453125,21279.959658203126,-0.014690770916349849,52.537447004993595,544.5532514748302,723.3765110126128,-178.82325953778263,30234.961261078366,28921.05908203125,27607.156902984134,0.42815617976858533,6484119,bull,hold
2023-08-04,29200.51171875,29200.51171875,28971.37088984135,29011.221468781987,172565,28934.75771484375,27193.735625,21331.192568359376,0.009471325126661156,56.42174051178531,515.2954238163802,681.7602935733663,-166.4648697569861,30254.303498489644,28934.75771484375,27615.211931197853,0.6006990462930263,6656684,bull,hold
2023-08-07,29100.8828125,29100.8828125,28986.31240772638,28991.29372967306,128057,28935.25576171875,27325.7405859375,21385.040654296874,0.00034240707609067833,55.383168918367275,478.5527067897783,641.1187762166487,-162.5660694268704,30255.04443554714,28935.25576171875,27615.467087890356,0.5627475648433953,6528627,bull,hold
2023-08-08,29006.240234375,29265.268998274623,28996.277589609632,29265.268998274623,62088,28971.37041015625,27456.1516015625,21437.26982421875,0.025537205325928625,54.35951901694204,436.76225038813936,600.2474710509468,-163.48522066280748,30256.98010205093,28971.37041015625,27685.760718261572,0.5135615904417147,6466539,bull,hold
2023-08-09,28871.744140625,28871.744140625,28717.32314884457,28737.24843810656,67041,28987.0615234375,27575.404453125,21490.8439453125,0.01098897416270761,52.86416903607878,388.31405911462207,557.8607886636819,-169.54672954905982,30259.698382962277,28987.0615234375,27714.424663912723,0.4546935239422653,6399498,bull,hold
2023-08-10,28388.5546875,28627.65814863353,28224.171057970696,28547.956994922355,153238,28977.84599609375,27679.613671875,21539.9099609375,-0.006450544786571255,47.77909138581134,307.3858154560039,507.76579402214634,-200.37997856614243,30264.933889674583,28977.84599609375,27690.75810251292,0.27107573168361027,6246260,bull,hold
2023-08-11,28269.00390625,28368.63035173458,28229.153328056167,28298.891839895372,70277,29001.0091796875,27778.741953125,21589.92244140625,0.016660720699040787,46.58509551423627,230.9407096356481,452.4007771448467,-221.4600675091986,30217.63325960763,29001.0091796875,27784.385099767365,0.1991653849702071,6175983,bull,hold
2023-08-14,27701.1328125,28119.56387818063,27676.22620144758,28099.638589338698,227331,28987.310546875,27855.9524609375,21635.725693359374,-0.009793444981147426,41.304915769528115,123.11575931046536,386.54377357797046,-263.4280142675051,30254.93177218216,28987.310546875,27719.68932156784,-0.007319421881462554,5948652,bull,hold
2023-08-16,27950.19921875,28129.526820224783,27930.273929697247,27960.16186327638,139116,28958.66787109375,27933.3622265625,21681.57876953125,-0.020083878151465062,44.28757641050062,57.103038507993915,320.65562656397515,-263.55258805598123,30291.182365362823,28958.66787109375,27626.153376824674,0.12159186384800845,6087768,bull,hold
2023-08-17,27581.58203125,27591.544676014764,27382.32913595471,27531.76880742618,101435,28918.31923828125,28004.8940234375,21725.3396875,-0.028425985934582454,40.96934801154888,-24.672436206288694,251.5900140099224,-276.2624502162111,30361.70072021732,28918.31923828125,27474.937756345178,0.03694251181668734,5986333,bull,hold
2023-08-18,27073.486328125,27168.13145052323,26993.78517242123,27168.13145052323,117202,28828.40634765625,28068.5553125,21767.95490234375,-0.06228434983841857,36.86883324909998,-128.99222392452793,175.47356642303234,-304.4657903475603,30481.058953659267,28828.40634765625,27175.753741653236,-0.0309403843120946,5869131,bull,hold
2023-08-21,26968.880859375,27098.39524843,26958.918214063076,27038.61937655846,74879,28747.4599609375,28124.7446484375,21815.00349609375,-0.05663000467720136,36.06844573277609,-217.5988502829823,96.85908308182943,-314.45793336481177,30587.308030348082,28747.4599609375,26907.611891526918,0.016650550897854905,5794252,bull,hold
2023-08-22,27810.72265625,27810.72265625,27646.339018840677,27691.17091995231,105635,28653.31298828125,28170.7720703125,21867.60626953125,-0.06341216675091454,46.19230458532566,-217.38476633694881,34.01031319807378,-251.3950795350226,30482.526470390316,28653.31298828125,26824.099506172184,0.26968507495917005,5899887,bull,hold
2023-08-23,27900.38671875,27900.38671875,27676.227211100697,27760.90969176821,50884,28565.64169921875,28220.485703125,21922.42572265625,-0.059129859988492184,47.1522139483551,-207.5870287286707,-14.309155187275117,-193.2778735413956,30362.432361011663,28565.64169921875,26768.85103742584,0.314876881705036,5950771,bull,hold
2023-08-24,29046.08984375,29100.884388130253,28702.378610819327,28782.079766281513,454853,28493.4125,28291.02125,21979.78564453125,-0.04737789635342515,57.56849407158225,-106.14995335205458,-32.67731482023101,-73.47263853182358,30078.53230552875,28493.4125,26908.292694471245,0.6743329878985529,6405624,bull,hold
2023-08-25,27591.544921875,28767.137014592547,27422.179959364843,27910.349557188234,463654,28365.89072265625,28324.0972265625,22032.512939453125,-0.08461406673390914,45.34811193389282,-141.49884870966343,-54.4416215981175,-87.05722711154593,29803.4843158768,28365.89072265625,26928.2971294357,0.23067986514654207,5941970,bull,hold
2023-08-28,27845.591796875,27845.591796875,27696.15212712433,27716.077416424418,56450,28302.87705078125,28366.3388671875,22081.877841796875,-0.04329963831522088,47.4464403293002,-147.31548212420603,-73.01639370333521,-74.29908842087082,29715.471184540565,28302.87705078125,26890.282917021937,0.3381399005639059,5998420,bull,hold
2023-08-29,27905.365234375,27955.178453286775,27795.7761527691,27850.570693572052,70864,28257.04873046875,28390.846953125,22131.491796875,-0.03180100548701892,47.95278338178117,-145.42561320825916,-87.49823760432001,-57.927375603939154,29658.74086583568,28257.04873046875,26855.356595101817,0.3745503783533444,6069284,bull,hold
2023-08-30,28692.416015625,28767.135848999023,28622.677504475912,28692.416015625,239744,28231.89306640625,28428.107265625,22187.55658203125,-0.01723254530288143,54.20887672543834,-79.50299702672783,-85.89918948880157,6.396192462073742,29582.437176202086,28231.89306640625,26881.348956610414,0.6704953380931661,6309028,bull,hold
2023-08-31,28831.892578125,28916.575054598416,28826.911255979507,28861.78051099797,130595,28223.4248046875,28466.4634375,22245.090859375,-0.005839927201433337,55.23575771226206,-15.821871134910907,-71.88372581802344,56.06185468311253,29556.57821183322,28223.4248046875,26890.27139754178,0.7282062102441116,6439623,bull,hold
2023-09-01,28976.3515625,29006.23949603533,28901.631728661683,28901.631728661683,93915,28235.62900390625,28496.4509765625,22301.703583984374,0.008495117334937685,56.32812493371535,45.774848714918335,-48.35201091143509,94.12685962635342,29591.46741019959,28235.62900390625,26879.79059761291,0.7731603394458981,6533538,bull,hold
2023-09-04,28931.521484375,28941.484129514247,28836.876355552147,28891.67090381801,51471,28222.1794921875,28525.34265625,22357.892900390623,-0.009211832894088556,55.87246080229912,89.9365477928186,-20.694299170584355,110.63084696340296,29544.38513606893,28222.1794921875,26899.973848306072,0.768241931756234,6482067,bull,hold
2023-09-05,28816.94921875,28926.538308259507,28792.04260749784,28926.538308259507,51875,28207.9828125,28545.0687109375,22414.1818359375,-0.009756872173927289,54.65557806627621,114.37158374083083,6.318877411698683,108.05270632913215,29497.84632557288,28207.9828125,26918.11929942712,0.7360584666819681,6430192,bull,hold
2023-09-06,29051.0703125,29185.566008391204,29051.0703125,29145.715431830846,103015,28210.22431640625,28587.8084375,22471.965166015623,0.0015455321945472278,56.72948252729236,150.88878936971741,35.23285980330243,115.65592956641498,29505.77211915735,28210.22431640625,26914.676513655148,0.8245136900036457,6533207,bull,hold
2023-09-07,28762.154296875,28782.079585615473,28687.43446409822,28752.191652504764,73004,28204.74482421875,28619.091171875,22532.76220703125,-0.003795747261274629,53.47888658539692,154.7321738510982,59.132722612861585,95.59945123823661,29489.94039493001,28204.74482421875,26919.549253507488,0.716857840689478,6460203,bull,hold
2023-09-08,28722.3046875,28806.9871675013,28552.939727497396,28687.435431028876,105891,28221.43232421875,28636.1273046875,22591.21802734375,0.011756498478837862,53.0275579087877,152.80115668435974,77.86640942716122,74.93474725719852,29524.28695678483,28221.43232421875,26918.57769165267,0.692221123815917,6354312,bull,hold
2023-09-11,28846.8359375,28891.667835866,28687.43363219867,28777.09742893067,59766,28250.32392578125,28641.507109375,22649.84818359375,0.02044048078829719,54.32482602508503,159.4810445829644,94.18933645832186,65.29170812464253,29581.437977939506,28250.32392578125,26919.209873622993,0.7240649517415775,6414078,bull,hold
2023-09-12,29150.697265625,29290.17428603469,29150.697265625,29270.248997404735,182151,28322.8021484375,28652.964140625,22711.018818359375,0.05232870666108247,57.4152792582305,187.13677729317715,112.77882462529293,74.35795266788422,29683.928337758094,28322.8021484375,26961.675959116903,0.8041213679095927,6596229,bull,hold
2023-09-13,28806.986328125,28881.706161243084,28782.079717085642,28881.706161243084,67677,28365.64150390625,28651.86828125,22773.808383789063,0.030654060912747916,53.0433277893483,179.2532249744727,126.07370469512888,53.179520279343805,29731.087928002078,28365.64150390625,27000.19507981042,0.6616119154989918,6528552,bull,hold
2023-09-14,29190.55078125,29190.55078125,28916.5780350096,28921.559357668517,109152,28446.08994140625,28651.46984375,22838.46595214844,0.058334897112755746,56.980155178097895,201.63161500284696,141.1852867566725,60.44632824617446,29806.86227524042,28446.08994140625,27085.317607572084,0.773543494871815,6637704,bull,hold
2023-09-15,29160.66015625,29180.58544504826,29021.183134662195,29160.66015625,81035,28550.4486328125,28651.46984375,22903.123515625,0.07709290938111524,56.5820397672501,214.4823081589493,155.84469103712786,58.63761712182145,29788.775076522,28550.4486328125,27312.122189102996,0.7463855659940386,6556669,bull,hold
2023-09-18,28523.052734375,28523.052734375,28428.407606545254,28443.35157409732,69726,28628.1572265625,28643.4001171875,22964.5183203125,0.05762834146155282,48.756397025925835,171.24300209853027,158.92435324940834,12.318648849121928,29632.735079033304,28628.1572265625,27623.579374091696,0.44768723403119487,6486943,bull,hold
2023-09-19,28264.0234375,28413.46311023969,28264.0234375,28373.612530842438,45959,28650.822265625,28626.8621484375,23024.5681640625,0.016299496667272928,45.97451456413335,114.75125996886709,150.08973459330008,-35.33847462443299,29599.50591869964,28650.822265625,27702.13861255036,0.29613919409731443,6440984,bull,hold
2023-09-20,28458.29296875,28458.29296875,28204.24554333319,28264.021408137145,41601,28678.717578125,28630.3490625,23087.35772949219,0.01999636261762161,48.354530633755296,84.68092592176617,137.0079728589933,-52.327046937227124,29568.47646894963,28678.717578125,27788.958687300372,0.3761323929167423,6482585,bull,hold
2023-09-21,27506.861328125,27750.946117164865,27491.91736144909,27750.946117164865,369799,28601.75615234375,28609.3278515625,23137.99287597656,-0.052992623926493954,39.237726432345006,-15.741158135610021,106.45814666007264,-122.19930479568266,29609.543618722975,28601.75615234375,27593.968685964526,-0.04321712699627296,6112786,bull,hold
2023-09-22,27232.888671875,27252.81396082461,26973.859915530113,27138.243549364368,141091,28583.82333984375,28582.5283203125,23185.913188476563,-0.012998773755348969,37.070292906150776,-116.09541129297577,61.94743506946297,-178.04284636243875,29672.402011377577,28583.82333984375,27495.244668309926,-0.12050392098223921,5971695,bull,hold
2023-09-25,27063.5234375,27158.168559037364,27008.728893452055,27158.168559037364,245497,28544.719921875,28567.683984375,23230.94434082031,-0.028085894711089132,35.75541477383739,-206.90813076763516,8.176321902043341,-215.0844526696785,29782.52136448907,28544.719921875,27306.91847926093,-0.09831748185997949,5726198,bull,hold
2023-09-26,27003.748046875,27282.70209421405,26978.84143550544,27188.05697100973,73194,28499.6390625,28548.2568359375,23274.381469726562,-0.032309814973837,35.279785842195,-280.4681771207943,-49.55257790252419,-230.91559921827007,29884.264375150342,28499.6390625,27115.013749849655,-0.040178993536409816,5653004,bull,hold
2023-09-27,26829.400390625,26834.38171264331,26719.81130622215,26774.605848423573,252074,28406.48828125,28514.3837890625,23318.466166992188,-0.06493059434191462,33.864796127046475,-348.812548669619,-109.40457205594316,-239.40797661367583,29966.291421943155,28406.48828125,26846.685140556845,-0.005540683141644367,5400930,bull,hold
2023-10-04,26699.888671875,27078.469182894125,26699.888671875,26854.309669790695,72187,28299.8880859375,28480.61046875,23363.123725585938,-0.0739460269724912,32.812015492412044,-408.71505609482847,-169.26666886372024,-239.44838723110823,30012.731953117865,28299.8880859375,26587.04421875713,0.03294067114932945,5328743,bull,hold
2023-10-05,27442.103515625,27476.972770409786,27327.533107046427,27327.533107046427,42192,28223.17568359375,28452.01765625,23412.264458007812,-0.0529482824490769,43.62783411422201,-391.7814768713324,-213.7696304652427,-178.01184640608972,29945.36418937139,28223.17568359375,26500.987177816107,0.27323267303538845,5370935,bull,hold
2023-10-06,27387.30859375,27462.028424398643,27347.458017404053,27462.028424398643,28245,28145.9650390625,28428.00765625,23462.60071777344,-0.053374755678127106,43.07651418174021,-378.4207863258998,-246.6998616373741,-131.7209246885257,29872.658792626455,28145.9650390625,26419.271285498544,0.2803152864407466,5342690,bull,hold
2023-10-10,28303.875,28353.68822597677,28099.640773495248,28104.622096092924,143547,28120.311328125,28400.2119140625,23516.498637695313,-0.017804598774673996,53.63177203224378,-290.52411276379644,-255.4647118626586,-35.05940090113785,29821.423324535524,28120.311328125,26419.199331714477,0.5539540230926396,5486237,bull,hold
2023-10-11,28298.892578125,28333.761834954235,28293.911255720825,28318.817867741705,84371,28082.70244140625,28373.113515625,23568.503647460937,-0.025891567032948704,53.573616695947905,-218.74583963521218,-248.12093741716933,29.37509778195715,29732.320611184412,28082.70244140625,26433.08427162809,0.5655273264684707,5401866,bull,hold
2023-10-12,28692.416015625,28692.416015625,28557.920315551757,28557.920315551757,68116,28079.21552734375,28337.148359375,23622.451362304688,-0.002424654305452245,57.49403240396619,-128.6242877295117,-224.22160747963784,95.59731975012613,29723.35987487558,28079.21552734375,26435.07117981192,0.6864801254226187,5469982,bull,hold
2023-10-13,28478.21875,28542.975937991956,28413.461562008048,28413.461562008048,39486,28067.01123046875,28303.873125,23678.042905273436,-0.00849813203207983,54.782367218529686,-73.63739175377123,-194.10476433446453,120.46737258069331,29695.428510169484,28067.01123046875,26438.593950768016,0.6262598735155956,5430496,bull,hold
2023-10-16,28029.900390625,28029.900390625,27900.38601170973,27995.031134763198,45862,28026.164453125,28282.353828125,23730.521137695312,-0.02831976264727909,49.518136952761786,-65.48060572002578,-168.3799326115768,102.89932689155103,29614.78622311871,28026.164453125,26437.542683131287,0.5011758423466701,5384634,bull,hold
2023-10-17,28273.984375,28373.610817477096,28229.152475885305,28373.610817477096,34543,27982.32880859375,28271.3948828125,23784.717915039062,-0.030075194518891846,52.21067836645703,-38.87265658993783,-142.47847740724902,103.60582081731118,29490.772048039587,27982.32880859375,26473.88556914791,0.5966743589614274,5419177,bull,hold
2023-10-18,27975.10546875,28054.80662393162,27895.404313568375,28054.80662393162,29931,27940.734765625,28246.98640625,23831.542338867188,-0.028877746873605226,48.77978246286847,-41.425171512633824,-122.26781622832598,80.84264471569216,29401.035823424972,27940.734765625,26480.433707825025,0.5117683620584316,5389246,bull,hold
2023-10-19,27526.7890625,27785.817841227832,27452.069222482358,27711.09800121019,133814,27857.5466796875,28217.49703125,23875.701772460936,-0.05699658534085239,44.09868293850042,-78.7160555373921,-113.5574640901392,34.84140855274711,29209.086669213713,27857.5466796875,26506.006690161288,0.3776367626001769,5255432,bull,hold
2023-10-20,27327.53515625,27402.25499353468,27302.62854382177,27302.62854382177,44326,27765.8904296875,28189.4023828125,23917.370541992186,-0.06286294583790852,42.16209555139861,-122.93040955351535,-115.43205318281444,-7.498356370700904,28994.555708381336,27765.8904296875,26537.225150993665,0.3216132249201729,5211106,bull,hold
2023-10-23,27053.560546875,27083.44847972001,27003.74732546665,27078.467157579176,35770,27692.4158203125,28146.463359375,23959.33817871094,-0.05151945695241167,39.58778554643541,-178.02589325357258,-127.95082119696607,-50.0750720566065,28906.84906896726,27692.4158203125,26477.98257165774,0.23697390361093676,5175336,bull,hold
2023-10-24,27496.8984375,27511.84240404212,27292.66422809103,27292.66422809103,38298,27654.0595703125,28114.383671875,24005.813911132813,-0.027141394136483643,45.39756787967939,-183.79709982622808,-139.1200769228185,-44.67702290340958,28842.024916428672,27654.0595703125,26466.094224196328,0.4338528125730651,5213634,bull,hold
2023-10-25,27352.439453125,27561.654979810715,27352.439453125,27516.823081235205,40455,27598.76689453125,28081.30765625,24051.74169433594,-0.03885874380586829,43.91556855439286,-197.74794019852197,-150.8456495779592,-46.90229062056278,28733.610148367956,27598.76689453125,26463.923640694546,0.3914707204834408,5173179,bull,hold
2023-10-26,26231.64453125,26620.187689897455,26231.64453125,26620.187689897455,91151,27535.0060546875,28028.5056640625,24089.74919433594,-0.04635995294639905,34.504184991162276,-295.8326899252643,-179.8430576474202,-115.98963227784407,28817.083593917403,27535.0060546875,26252.928515457595,-0.008300583840030452,5082028,bull,hold
2023-10-27,26306.36328125,26326.28857061281,26151.942288688224,26231.643446139464,57617,27488.67978515625,27986.8618359375,24129.251088867186,-0.03402229568036519,35.49662784749388,-363.3479332732786,-216.5440327725919,-146.80390050068672,28873.885890379446,27488.67978515625,26103.473679933057,0.07323444523955958,5139645,bull,hold
2023-10-30,26495.65234375,26515.57763222058,26336.250035985384,26336.250035985384,32454,27460.28623046875,27951.3948046875,24169.126577148436,-0.020982895854689043,38.05734936469972,-397.00379206988873,-252.6359846320513,-144.36780743783743,28901.34150145704,27460.28623046875,26019.230959480465,0.165302953280481,5172099,bull,hold
2023-10-31,26396.02734375,26665.018752801236,26361.158087021136,26640.11214085205,26376,27429.9001953125,27925.2926953125,24206.56121582031,-0.022505050116379266,37.219854599951944,-426.79537611771957,-287.467862929185,-139.32751318853457,28932.494958543495,27429.9001953125,25927.305432081506,0.15597083230232078,5145723,bull,hold
2023-11-01,26699.888671875,26699.888671875,26555.430318986124,26660.038091767725,17520,27423.424609375,27900.286484375,24247.15899902344,-0.0048272312039912,41.451880301843225,-421.03294569373975,-314.180879482096,-106.85206621164377,28937.388496467633,27423.424609375,25909.46072228237,0.261045840106049,5163243,bull,hold
2023-11-02,27422.177734375,27437.121700442778,27292.663361787578,27397.271124262035,32643,27459.5390625,27897.0983984375,24294.78043457031,0.0270521376091295,50.0682285478974,-354.1016240431127,-322.1650283942993,-31.936595648813352,28936.75573478989,27459.5390625,25982.32239021011,0.4873541475580949,5195886,bull,hold
2023-11-03,27566.638671875,28064.770921095725,27476.97486701527,27950.20050377496,130126,27465.7658203125,27906.9614453125,24343.946098632812,0.004538105330704312,51.602346223275454,-286.10325880068194,-314.95267447557586,28.84941567489392,28943.685734396644,27465.7658203125,25987.845906228355,0.5341266297994945,5326012,bull,hold
2023-11-06,28044.845703125,28044.845703125,27745.966352825268,27965.14454304507,51853,27498.64267578125,27928.4807421875,24398.914995117186,0.02400882536975746,56.380028737103856,-191.42018087512042,-290.2461757554848,98.82599488036436,28997.228448034577,27498.64267578125,26000.056903527926,0.6822394945477357,5377865,bull,hold
2023-11-07,27990.05078125,28079.714585140817,27980.088136373244,28049.826650510546,43757,27482.95146484375,27932.0673046875,24452.26496582031,-0.011087676819870107,55.70149897942442,-119.42796053173151,-256.08253271073414,136.65457217900263,28953.79850870252,27482.95146484375,26012.104420984982,0.6723834298486516,5334108,bull,hold
2023-11-08,28498.14453125,28627.658909472775,28498.14453125,28528.032464686024,67502,27492.9140625,27944.0224609375,24506.51155761719,0.0070409805816578075,60.45411892220974,-21.131101738112193,-209.09224651620977,187.96114477809758,28988.22855295583,27492.9140625,25997.59957204417,0.8361267730521249,5401610,bull,hold
2023-11-09,28657.546875,28732.266708673735,28612.71497479576,28612.71497479576,65016,27491.17060546875,27936.2516015625,24565.141723632812,-0.0012152737715085404,61.83742184741103,68.8387734761236,-153.5060425177431,222.34481599386672,28980.95790480973,27491.17060546875,26001.38330612777,0.8914573140901413,5466626,bull,hold
2023-11-10,28523.052734375,28523.052734375,28388.557026406415,28398.519671441125,57335,27493.4123046875,27954.8817578125,24622.700913085937,0.0015743254438973509,59.932522889702575,127.8146271869773,-97.24190857679903,225.05653576377634,28989.25635875291,27493.4123046875,25997.568250622087,0.8441670362927002,5409291,bull,hold
2023-11-13,29051.0703125,29190.547330461246,29026.163702149777,29190.547330461246,106585,27544.47080078125,27978.991328125,24682.750747070313,0.036431450260042464,64.54964027361072,214.68526379449395,-34.85647410254044,249.54173789703438,29173.83182725124,27544.47080078125,25915.109774311262,0.9623283260256926,5515876,bull,hold
2023-11-14,29265.26953125,29285.194821143617,29220.437628989363,29220.437628989363,117896,27594.03505859375,28006.1894140625,24747.2090625,0.03505997397121363,66.2487557343834,297.38686532408974,31.5921937827856,265.7946715413041,29363.43680357198,27594.03505859375,25824.633313615515,0.9722597559879796,5633772,bull,hold
2023-11-15,29952.69140625,29982.57934046545,29295.156853510103,29892.9155378191,445772,27692.91435546875,28031.394921875,24815.577709960937,0.07069091981472919,71.04513899507577,413.6296159205085,107.99967821033019,305.6299377101783,29736.265303176595,27692.91435546875,25649.563407760907,1.0529586225303549,6079544,bull,hold
2023-11-16,29917.822265625,29947.710199956295,29743.475982025786,29858.046396962414,169781,27812.466015625,28053.113515625,24881.953833007814,0.08686204546763965,70.49786772285957,497.2076843331379,185.84127943489176,311.3664048982461,30071.36756656884,27812.466015625,25553.56446468116,0.9660132817918331,5909763,bull,hold
2023-11-17,29863.02734375,30117.074782370724,29858.046021424103,30087.186848415346,127436,27939.240625,28070.84703125,24946.611401367187,0.09278159091198224,69.59066772984872,552.6517876483522,259.20338107758386,293.4484065707683,30354.2515514625,27939.240625,25524.229698537496,0.8982977256272616,5782327,bull,hold
2023-11-20,29768.3828125,29897.897195553043,29768.3828125,29863.027938577226,100130,28074.98173828125,28087.5842578125,25011.916547851564,0.10034990628760676,67.96382794604601,582.2428827654185,323.8112814151508,258.43160135026767,30579.146581867815,28074.98173828125,25570.816894694686,0.8381169331874719,5682197,bull,hold
2023-11-21,30361.158203125,30470.747289338087,30351.195558923813,30386.064813627974,369315,28218.1947265625,28118.4684375,25080.28518066406,0.10416664890898208,72.32723439725471,646.078468416792,388.2647188154791,257.8137496013129,30895.373508220127,28218.1947265625,25541.01594490487,0.900227936072996,6051512,bull,hold
2023-11-22,30107.111328125,30211.719094155877,30107.111328125,30201.756449771983,115802,28355.9283203125,28139.5892578125,25149.027421875,0.10071028142556693,68.04945783690931,668.4635387314956,444.30448279868244,224.1590559328132,31122.71324227579,28355.9283203125,25589.143398349213,0.8164653301944904,5935710,bull,hold
2023-11-23,30346.212890625,30356.17553438423,30266.51174055113,30311.343637467682,149532,28561.65673828125,28171.2704296875,25216.8979296875,0.1568551432020695,69.85647985927108,697.4575100466427,494.9350882482745,202.5224217983682,31277.449861373247,28561.65673828125,25845.863615189253,0.8285515632928604,6085242,bull,hold
2023-11-24,30366.140625,30371.121947281004,30311.346079908955,30346.215335875986,54776,28764.64560546875,28204.1471484375,25283.4483984375,0.1543268182053743,70.00872391781917,713.8150275223634,538.7110761030923,175.10395141927108,31380.878980121226,28764.64560546875,26148.412230816277,0.8060688383244828,6140018,bull,hold
2023-11-27,30161.90625,30311.34591763006,30072.242449421967,30311.34591763006,75800,28947.95830078125,28230.4485546875,25347.433486328126,0.13837190565020463,66.31218468492807,702.2039012993846,571.4096411423508,130.79426015703382,31411.9112774025,28947.95830078125,26484.00532416,0.7463415415669583,6064218,bull,hold
2023-11-28,30286.439453125,30286.439453125,30136.999784770764,30161.906396163136,63303,29142.47890625,28253.1633984375,25410.2977734375,0.14738627365061308,67.4410812049876,695.038814037227,596.1354757213261,98.9033383159009,31373.072379821107,29142.47890625,26911.88543267889,0.7564251533121267,6127521,bull,hold
2023-11-29,30445.84375,30450.825072603075,30291.422749304646,30291.422749304646,72887,29329.77666015625,28285.940546875,25473.162060546874,0.14029852798865394,68.87868362111571,694.2204837217214,615.7524773214052,78.4680064003162,31325.20343717329,29329.77666015625,27334.34988313921,0.7796562376275604,6200408,bull,hold
2023-11-30,30460.78515625,30460.78515625,30276.476235435402,30336.252101645543,251574,29481.70703125,28311.345234375,25535.204423828123,0.11080839207259463,69.016776585223,686.8599042440874,629.9739627059416,56.885941538145744,31330.340576091374,29481.70703125,27633.073486408626,0.7648113055538035,6451982,bull,hold
2023-12-01,30171.869140625,30186.813107509908,30052.317405545753,30087.186661610533,73726,29611.9685546875,28331.5694140625,25596.300341796876,0.0945066426037644,63.17895451442394,650.2181737289102,634.0228049105353,16.195368818374845,31258.583600284775,29611.9685546875,27965.353509090226,0.6700156291643767,6378256,bull,hold
2023-12-04,29977.59765625,30166.887903996347,29922.80311084974,30112.09335859609,55248,29708.60615234375,28360.6603125,25655.030126953126,0.06891647661693634,59.53248712527702,598.6029311389175,626.9388301562118,-28.33589901729431,31195.060971323543,29708.60615234375,28222.151333363956,0.5904808879730596,6323008,bull,hold
2023-12-05,29544.22265625,29768.38216047041,29469.502821509865,29703.624970362293,77221,29786.31474609375,28386.264296875,25712.96291015625,0.05552586835752038,52.283108553922474,516.7707276152578,604.905209648021,-88.13448203276323,31051.26980488138,29786.31474609375,28521.35968730612,0.40430802732399873,6245787,bull,hold
2023-12-06,30017.447265625,30017.447265625,29763.399836061963,29763.399836061963,122767,29862.2798828125,28417.4473828125,25773.436162109374,0.053312338728193076,58.26014421911956,484.51816403415796,580.8278005252484,-96.30963649109049,30982.92096746025,29862.2798828125,28741.638798164753,0.5692315251235289,6368554,bull,hold
2023-12-07,29549.205078125,29848.08442820718,29489.429208108566,29848.08442820718,60776,29906.86279296875,28458.2942578125,25825.86458984375,0.03111425437125792,51.39956129513786,416.3748338605401,547.9372071923068,-131.5623733317667,30895.403505196588,29906.86279296875,28918.322080740912,0.31909813606072424,6307778,bull,hold
2023-12-08,29997.5234375,30027.411371844904,29957.672858373466,30012.467404672454,67622,29980.586328125,28513.586953125,25879.114931640626,0.05169400052849249,56.66169687107062,394.00446043977354,517.1506578418002,-123.1461974020267,30738.29993894937,29980.586328125,29222.872717300626,0.5111764584488421,6375400,bull,hold
2023-12-11,30266.515625,30376.10472041639,30191.795787216095,30286.44091507571,67391,30041.35859375,28577.646796875,25932.713974609374,0.04183822831398487,59.49545895467858,393.445801515365,492.4096865765132,-98.96388506114818,30676.1088996604,30041.35859375,29406.608287839597,0.677358741818222,6442791,bull,hold
2023-12-12,30410.97265625,30485.69249078624,30371.12207783067,30371.12207783067,89342,30098.64375,28645.7912890625,25984.494814453126,0.03914890050052655,60.97136445949407,400.04803075959353,473.9373554131293,-73.88932465353577,30643.291947279795,30098.64375,29553.995552720204,0.7867253649327254,6532133,bull,hold
2023-12-13,30739.740234375,30824.4227143595,30734.758912022968,30734.758912022968,271805,30137.99619140625,28723.9980859375,26040.783759765625,0.02627639758478506,64.17116227409767,426.88823904057426,464.5275321386183,-37.63929309804405,30744.94571430579,30137.99619140625,29531.04666850671,0.9957117686608239,6803938,bull,hold
2023-12-14,31332.517578125,31367.386834571244,31113.339394748607,31158.17129589378,272329,30208.73095703125,28816.6506640625,26098.118779296874,0.04728603906860762,69.0915926764082,490.3391505679465,469.68985582448397,20.64929474346252,30998.702508558774,30208.73095703125,29418.759405503726,1.2112829689377715,7076267,bull,hold
2023-12-15,31183.078125,31252.816638378594,31143.227545926515,31188.059447384185,134785,30274.73349609375,28891.47015625,26146.985546875,0.04420351513780041,66.60813918681757,522.5423966655435,480.2603639926959,42.282032672847606,31153.709033108647,30274.73349609375,29395.757959078855,1.016706433031739,6941482,bull,hold
2023-12-18,31442.10546875,31442.10546875,31327.53505908884,31327.53505908884,132079,30358.41962890625,28972.56609375,26195.852314453125,0.05622484321006471,68.70772210635593,562.481110953795,496.70451338491574,65.77659756887925,31341.200266141073,30358.41962890625,29375.638991671425,1.0513365845774272,7073561,bull,hold
2023-12-19,31785.81640625,31815.704338931006,31750.947151455493,31760.909795682495,174512,30429.6525390625,29042.204921875,26246.786328125,0.04692371066985057,71.2875737161318,614.7806215961173,520.3197350271561,94.4608865689612,31592.860208828693,30429.6525390625,29266.444869296305,1.0829414224289335,7248073,bull,hold
2023-12-20,31990.052734375,32064.77257103268,31950.202154824237,31955.18347726808,157178,30523.799609375,29116.028125,26299.264560546875,0.06254141706683836,72.72645028062207,665.0423313617976,549.2642542940844,115.77807706771318,31859.37461174845,30523.799609375,29188.22460700155,1.0489220457085227,7405251,bull,hold
2023-12-21,31740.986328125,31740.986328125,31571.621366549945,31581.584011348477,125537,30593.53828125,29176.99953125,26348.3305859375,0.0459620263828997,68.23557159173909,676.973788584346,574.8061611521367,102.16762743220931,32026.823999685195,30593.53828125,29160.252562814803,0.9002858718664059,7279714,bull,hold
2023-12-22,31721.060546875,31910.350795113263,31711.097902230882,31870.500216536788,109391,30661.28427734375,29241.8563671875,26398.069091796875,0.044619431181831315,67.87446928130196,677.0174743588832,595.248423793486,81.76905056539715,32171.207859451733,30661.28427734375,29151.36069523577,0.8509370547255479,7170323,bull,hold
2023-12-26,31915.33203125,31930.275998175824,31820.686907386455,31820.686907386455,152838,30748.95556640625,29319.565,26450.4476953125,0.05813378526929136,69.56554607826367,684.8338426012269,613.1655075550342,71.66833504619274,32334.4446628932,30748.95556640625,29163.4664699193,0.8678285985782406,7323161,bull,hold
2023-12-27,31995.033203125,32009.9771700578,31955.18262463753,31980.089236192198,134246,30834.38525390625,29393.9859765625,26506.51248046875,0.056414480567926306,70.2572721561035,689.5113317999167,628.4346724040107,61.07665939590595,32493.403160196227,30834.38525390625,29175.367347616273,0.849799705240759,7457407,bull,hold
2023-12-28,32144.47265625,32204.24852357915,32034.88356614656,32034.88356614656,98716,30919.31669921875,29477.3733203125,26560.833798828124,0.05579181579587522,71.56238209093874,697.2394482954696,642.1956275823026,55.043820713167065,32661.889484523203,30919.31669921875,29176.7439139143,0.8515365232842189,7556123,bull,hold
2024-01-02,31865.517578125,31865.517578125,31755.92849156587,31820.685679078084,190479,30989.5533203125,29564.147890625,26611.74291015625,0.04611609368141245,65.76152876208107,673.0956649780783,648.3756350614577,24.720029916620547,32765.45764368755,30989.5533203125,29213.648996937452,0.7466248452359632,7365644,bull,hold
2024-01-03,31128.28125,31128.28125,30963.89762361978,30983.82291166587,219296,31037.37392578125,29640.1628125,26657.29708984375,0.0316988021165463,53.4338639916976,587.6981143806588,636.240130925298,-48.54201654463918,32773.69662870989,31037.37392578125,29301.051222852602,0.5261781188673685,7146348,bull,hold
2024-01-04,30784.5703125,30784.5703125,30650.07461695995,30759.663702214806,157846,31077.72255859375,29714.7830078125,26705.914794921875,0.026919190306824214,48.83731394214019,486.6752507857491,606.3271548973883,-119.65190411163917,32749.984878061416,31077.72255859375,29405.46023912608,0.4123486062321048,6988502,bull,hold
2024-01-05,30475.73046875,30530.52501519594,30435.879889516593,30530.52501519594,162518,31124.29794921875,29774.3596484375,26753.61095703125,0.03152927133464245,45.08441789951265,377.34333022522696,560.5303899629561,-183.1870597377291,32670.240607344575,31124.29794921875,29578.35529109293,0.2902355960424099,6825984,bull,hold
2024-01-08,30729.77734375,30779.590566871655,30630.150897506686,30679.96412062834,133635,31159.914453125,29841.90640625,26802.12904296875,0.023730534839341066,48.5844684069408,307.65005679205206,509.95432332877533,-202.30426653672328,32633.335701541288,31159.914453125,29686.49320470871,0.3540345777430139,6959619,bull,hold
2024-01-09,31576.6015625,31576.6015625,31417.199251409922,31417.199251409922,226704,31261.28427734375,29948.805546875,26857.7455078125,0.06861086377839198,58.157696412650644,317.09401036387135,471.38226073579455,-154.2882503719232,32544.138712389813,31261.28427734375,29978.42984229769,0.6228967513936712,7186323,bull,hold
2024-01-10,31636.376953125,31636.376953125,31501.88125516651,31576.60108736567,142191,31343.226953125,30055.4058203125,26912.066826171875,0.05463296058554823,58.741665158905455,325.64791956129557,442.2353925008948,-116.58747293959925,32495.43253551081,31343.226953125,30191.02137073919,0.6272125410957442,7328514,bull,hold
2024-01-11,31995.033203125,32000.014525435934,31915.332046150066,31945.219980015667,222788,31429.65283203125,30165.3934375,26968.704462890626,0.05710989661119936,62.15459845032905,357.24936785487444,425.2381875716908,-67.98881971681635,32502.41039764775,31429.65283203125,30356.89526641475,0.7635173077380413,7551302,bull,hold
2024-01-12,31850.57421875,31960.163307397557,31810.723641059976,31960.163307397557,112925,31501.63291015625,30274.484375,27025.66587890625,0.0473382281708814,60.00166673607768,366.41332582300674,413.473215221954,-47.059889398947234,32480.396094309304,31501.63291015625,30522.8697260032,0.6782562494397947,7438377,bull,hold
2024-01-15,31995.033203125,31995.033203125,31736.004442956462,31736.004442956462,70128,31564.39755859375,30380.387265625,27082.2287890625,0.04083616059143713,61.440061221299366,380.9412081604569,406.9668138096546,-26.0256056491977,32499.71164820109,31564.39755859375,30629.083468986413,0.7302091079970993,7508505,bull,hold
2024-01-16,31616.453125,31990.052303253506,31591.546513116435,31990.052303253506,77495,31578.5943359375,30464.2727734375,27138.716982421876,0.009062008699653124,55.778918701527154,357.782121615317,397.1298753707871,-39.34775375547008,32507.999814509985,31578.5943359375,30649.188857365018,0.5203672078201258,7431010,bull,hold
2024-01-17,31501.880859375,31840.61076108871,31462.0302827028,31716.07770898808,170038,31594.53447265625,30542.9776171875,27195.180263671875,0.010223581299352524,54.15269985259078,326.4205810914573,382.9880165149211,-56.56743542346385,32507.041222571283,31594.53447265625,30682.02772274122,0.44923127237695604,7260972,bull,hold
2024-01-19,32154.435546875,32159.41686919055,32009.977199724053,32009.977199724053,259149,31630.1509765625,30625.1694140625,27251.519013671874,0.022655291924803755,61.10766575056769,350.18532548340227,376.42747830861737,-26.2421528252151,32571.238299596007,31630.1509765625,30689.063653528996,0.7785525622757924,7520121,bull,hold
2024-01-22,32861.78125,32981.332978058206,32727.285555934515,32727.285555934515,340323,31683.94921875,30722.6040234375,27311.817919921876,0.0338504705997873,66.95875967879385,421.240149111185,385.3900124691309,35.85013664205411,32766.81792132391,31683.94921875,30601.08051617609,1.0438480346003025,7860444,bull,hold
2024-01-23,32802.0078125,32916.57822703113,32732.26929930714,32836.87706909643,210930,31724.54697265625,30808.6812890625,27373.013466796874,0.025381486078405624,66.05441064597883,467.3411737584647,401.7802447269977,65.56092903146703,32906.61424987918,31724.54697265625,30542.479695433325,0.9557527564653777,7649514,bull,hold
2024-01-24,33469.50390625,33514.33580610954,33210.47515150599,33210.47515150599,313322,31810.9728515625,30904.9204296875,27436.998544921877,0.054456958591529325,70.7976182322991,551.3819364592273,431.7005830734437,119.68135338578361,33216.79154799533,31810.9728515625,30405.154155129672,1.0898808498193653,7962836,bull,hold
2024-01-25,33569.1328125,33673.740586511354,33499.394296492435,33499.394296492435,271752,31903.37646484375,31005.84203125,27504.296220703123,0.058260103343457104,71.43909663047503,618.8898890856508,469.13844427588515,149.75144480976564,33502.99546366574,31903.37646484375,30303.757466021754,1.0206728442469624,8234588,bull,hold
2024-01-26,33384.8203125,33499.39071942144,33285.19387169875,33394.78295658012,255835,31976.85087890625,31092.51703125,27568.953779296877,0.04604333364951829,68.44371972713792,650.0248674785944,505.315728916427,144.70913856216737,33701.986691224534,31976.85087890625,30251.715066587967,0.9080749537341302,7978753,bull,hold
2024-01-29,33564.1484375,33564.1484375,33335.0076200282,33384.82084121772,120936,32055.306640625,31178.494609375,27635.877841796875,0.04904246307272908,69.77174664330086,681.3160557639058,540.5157942859228,140.80026147798299,33914.15277015707,32055.306640625,30196.460511092937,0.9058544095994716,8099689,bull,hold
2024-01-30,34077.2265625,34137.00243134228,33982.58143683307,34097.15185211409,160778,32151.9443359375,31260.9853125,27701.730927734374,0.060127099514703186,73.24152834108804,738.9969676026667,580.2120289492716,158.7849386533951,34209.61182002758,32151.9443359375,30094.27685184742,0.9678312315883916,8260467,bull,hold
2024-01-31,33514.3359375,33514.3359375,33120.811481634584,33165.643381669885,150395,32234.38525390625,31332.9155859375,27763.150625,0.05174302772056261,64.49491775395796,730.8639914922642,610.3424214578702,120.52157003439402,34370.181024326004,32234.38525390625,30098.5894834865,0.7996425738173919,8110072,bull,hold
2024-02-01,33095.90234375,33095.90234375,32806.98567669137,32816.94832038305,262963,32332.76630859375,31397.5730859375,27819.61390625,0.0632100782548024,58.86707372093875,682.7837492662511,624.8306870195464,57.95306224670469,34436.7286112466,32332.76630859375,30228.8040059409,0.6813568698911627,7847109,bull,hold
2024-02-02,34306.3671875,34470.750825831274,33758.42172639575,34057.30106881625,727171,32508.85615234375,31488.3327734375,27883.698623046876,0.1144013653349576,67.65894088207901,733.8943305077919,646.6434157171955,87.25091479059643,34654.14512030971,32508.85615234375,30363.56718437779,0.9189438024427421,8574280,bull,hold
2024-02-05,34665.0234375,34819.44443571274,34630.15417983905,34779.59385552881,452037,32718.32080078125,31574.410078125,27948.356201171875,0.13746325040660556,69.72385944900472,794.1855200217396,676.1518365781043,118.03368344363537,34846.66627639234,32718.32080078125,30589.975325170162,0.9573276892840471,9026317,bull,hold
2024-02-06,34844.34765625,34844.34765625,34699.889317146175,34754.683859564866,352966,32924.04931640625,31669.1548046875,28011.743515625,0.13389522047210156,70.73012988589109,846.6767256093372,710.256814384351,136.4199112249862,35039.160329314,32924.04931640625,30808.938303498504,0.9539474117729213,9379283,bull,hold
2024-02-07,34660.0390625,34764.64682627012,34520.562044139835,34560.41262081417,293358,33078.22119140625,31755.431328125,28074.433447265626,0.09764944127685538,68.22044012141009,863.4508965755813,740.895630822597,122.55526575298427,35227.227407908824,33078.22119140625,30929.214974903676,0.868034735997204,9085925,bull,hold
2024-02-08,35332.51953125,35332.51953125,35108.36002484844,35108.36002484844,452355,33263.0283203125,31854.75890625,28138.5181640625,0.11683204380835077,72.1090758464858,920.3983226565397,776.7961691893855,143.60215346715415,35517.40234839655,33263.0283203125,31008.65429222845,0.9589946444460065,9538280,bull,hold
2024-02-13,35686.19140625,35686.19140625,35501.88248916021,35536.75174374477,330403,33447.58623046875,31965.244609375,28203.947822265625,0.1153666001748197,73.91673626644172,982.7395231740302,817.9848399863146,164.7546831877156,35855.64298114193,33447.58623046875,31039.529479795565,0.9648157015310045,9868683,bull,hold
2024-02-14,35307.61328125,35312.59460366552,35088.435094966844,35168.13625361527,465131,33620.43818359375,32065.6680859375,28269.5518359375,0.1085393010109339,68.77814497027794,990.183068899416,852.4244857689349,137.75858313048104,36041.404266891695,33620.43818359375,31199.47210029581,0.848450791875181,9403552,bull,hold
2024-02-15,35910.35546875,35965.15001863989,35765.897109949365,35820.69165983926,367547,33816.204296875,32174.9583203125,28338.916767578125,0.1223728145793137,72.10332042259398,1032.8127670443864,888.5021420240253,144.31062502036116,36311.82751693586,33816.204296875,31320.581076814142,0.9195647714449319,9771099,bull,hold
2024-02-16,35990.0546875,35990.0546875,35870.50294874568,35920.316173226645,339544,34034.884375,32285.5437109375,28407.31033203125,0.13833308705465353,72.52007328436716,1060.7999295705667,922.9616995333336,137.8382300372332,36487.27003202112,34034.884375,31582.49871797888,0.8986261921941994,10110643,bull,hold
2024-02-19,35736.0078125,35850.57823063319,35591.54945920163,35815.70897294048,259520,34246.59072265625,32396.826484375,28473.3128515625,0.1344087031509713,68.98246872074404,1050.372457993406,948.4438512253481,101.92860676805788,36511.642582570224,34246.59072265625,31981.538862742273,0.8287821166929745,9851123,bull,hold
2024-02-20,35417.203125,35661.287928533755,35317.57667457806,35661.287928533755,271526,34409.7291015625,32505.61859375,28535.4050390625,0.10147177279378794,64.71609514639593,1004.8010170655034,959.7152843933792,45.08573267212421,36512.738238205915,34409.7291015625,32306.719964919088,0.7395315374248719,9579597,bull,hold
2024-02-21,34919.0703125,34919.0703125,34829.4065085592,34879.219732970756,263174,34512.5935546875,32613.115546875,28594.483525390624,0.06260430762559466,58.61593826431359,917.909082383354,951.3540439913743,-33.44496160802032,36500.803862864,34512.5935546875,32524.38324651099,0.6022217710422463,9316423,bull,hold
2024-02-22,35820.6875,35820.6875,35332.51793039911,35471.99495028508,459347,34663.5275390625,32729.1803515625,28657.97046875,0.09202728396246695,65.03940188419821,911.2947316223144,943.3421815175623,-32.04744989524784,36565.856952350245,34663.5275390625,32761.19812577476,0.8041428978742463,9775770,bull,hold
2024-02-23,36383.578125,36493.16721573795,36308.858290405944,36358.67151346865,509095,34809.23125,32865.8678125,28727.03650390625,0.08706654950466208,68.34303594738306,940.6303786713906,942.799820948328,-2.1694422769373887,36768.954502816494,34809.23125,32849.5079971835,0.9016758164035064,10284865,bull,hold
2024-02-26,36214.2109375,36273.98680149587,36119.56581950653,36269.00547949621,228859,34941.48515625,32990.2015625,28793.31298828125,0.07879494950834909,66.31255560037994,939.3839404201426,942.1166448426909,-2.732704422548295,36905.60725079394,34941.48515625,32977.363061706055,0.8239935502954369,10056006,bull,hold
2024-02-27,36094.66015625,36224.17453163815,36064.77222346812,36214.21188737752,228987,35076.9771484375,33106.764453125,28860.361572265625,0.08116981964810455,64.84798986983941,918.1653416857371,937.3263842113001,-19.16104252556306,36965.27392369808,35076.9771484375,33188.680373176925,0.7694711501776682,9827019,bull,hold
2024-02-28,36393.5390625,36433.389639080895,36318.819231410824,36318.819231410824,295808,35218.4466796875,33226.41578125,28928.306796875,0.08429800119221342,66.82089112928514,914.919852672334,932.845077903507,-17.925225231173044,37055.44072196301,35218.4466796875,33381.45263741199,0.8198410979484991,10122827,bull,hold
2024-02-29,35476.9765625,36014.959357887536,35033.63888852324,35536.752428654174,458343,35288.4341796875,33321.1605078125,28993.3877734375,0.041075819284552395,56.372001477094756,828.8345566912103,912.0429736610477,-83.20841696983734,37051.34228268591,35288.4341796875,33525.52607668909,0.553474818821191,9664484,bull,hold
2024-03-04,36473.2421875,36552.943344970634,35895.40879583789,36458.29822047426,486399,35436.3794921875,33423.975,29064.197275390627,0.08828777796815035,63.12225364485363,831.417584834875,895.9178958958132,-64.5003110609382,37070.871096981886,35436.3794921875,33801.88788739312,0.8171820192502407,10150883,bull,hold
2024-03-05,36054.80859375,36239.11750753402,35965.14479785507,36239.11750753402,300027,35584.3248046875,33521.409609375,29131.196044921875,0.08940400594814957,58.993713392902016,790.5871625419095,874.8517492250326,-84.26458668312307,36835.29874464017,35584.3248046875,34333.350864734835,0.6880469984371939,9850856,bull,hold
2024-03-06,35556.6796875,35815.70845518703,35337.50149945713,35467.01588330064,378454,35646.8404296875,33603.70109375,29195.455107421876,0.0364454940147545,54.42967148384612,709.8511962862613,841.8516386372784,-132.0004423510171,36752.65266564778,35646.8404296875,34541.02819372722,0.4592332498883924,9472402,bull,hold
2024-03-07,35412.21875,35427.16271627515,35242.8537988817,35407.23742790829,437266,35684.2001953125,33676.229140625,29259.4401953125,0.02155473264996255,53.145555625232234,626.9831001168859,798.8779309331999,-171.89483081631397,36701.77291415647,35684.2001953125,34666.62747646853,0.36635773528721916,9035136,bull,hold
2024-03-08,36303.875,36313.837644072446,36174.36062705818,36174.36062705818,424399,35757.1765625,33762.5055859375,29328.580947265626,0.04188706180263946,59.49718839621756,626.0421204956801,764.310768845696,-138.26864835001584,36731.79492509273,35757.1765625,34782.55819990727,0.7804679546800491,9459535,bull,hold
2024-03-11,35571.625,35571.625,35327.540190449516,35556.681032068336,190310,35802.755859375,33839.118359375,29395.1065234375,0.026300776402940595,53.12773066614808,559.7573971970633,723.4000945159695,-163.64269731890624,36644.01372779374,35802.755859375,34961.49799095626,0.362627817193887,9269225,bull,hold
2024-03-12,35511.84375,35511.84375,35302.62823064245,35437.123921658014,187133,35811.7220703125,33914.9340234375,29461.906044921874,0.005075330633905084,52.63233867707676,496.6770453568679,678.0554846841492,-181.37843932728128,36636.40064990617,35811.7220703125,34987.043490718825,0.31818472812750204,9082092,bull,hold
2024-03-13,35955.1875,35995.038081878636,35865.523690773065,35865.523690773065,109804,35825.171875,33995.7311328125,29531.246064453124,0.007537820180578025,55.91537119423615,476.961432999371,637.8366743471936,-160.87524134782257,36649.99673340038,35825.171875,35000.34701659962,0.5788140801503879,9191896,bull,hold
2024-03-14,35785.81640625,35940.23738461773,35641.358071647934,35641.358071647934,110366,35849.08203125,34071.546796875,29600.262265625,0.013543909671570598,54.36513769025593,442.5681858332464,598.7829766444042,-156.21479081115785,36639.51587145348,35849.08203125,35058.64819104652,0.4599804425227329,9081530,bull,hold
2024-03-15,35412.21875,35541.733124384584,35377.349495357994,35422.181394183426,88819,35824.1751953125,34136.90171875,29667.7591796875,-0.013871673288878728,51.00593540342656,380.7757354371861,555.1815284029606,-174.40579296577448,36636.40870379724,35824.1751953125,35011.941686827755,0.24640516488846853,8992711,bull,hold
2024-03-18,35412.21875,35412.21875,35093.41413613025,35203.00322214798,221054,35795.2833984375,34207.8357421875,29733.562451171874,-0.016055433716823275,51.00593540342656,328.02352232987323,509.7499271883431,-181.7264048584699,36622.823578718795,35795.2833984375,34967.74321815621,0.26855223615408375,9213765,bull,hold
2024-03-19,35566.640625,35586.56591386555,35437.12624737395,35566.640625,239245,35786.8150390625,34296.6029296875,29798.0456640625,-0.004739398658871963,52.41540618253356,295.27383516796544,466.8547087842676,-171.58087361630214,36620.05490974163,35786.8150390625,34953.57516838337,0.36788053367930573,9453010,bull,hold
2024-03-20,35760.9140625,35815.70860974718,35701.138192775805,35760.9140625,197870,35804.0005859375,34396.1298046875,29862.77794921875,0.009704632415126646,54.200506265555475,281.7479005235364,429.8333471321214,-148.08544660858502,36620.03911978121,35804.0005859375,34987.96205209379,0.47360019064629527,9650880,bull,hold
2024-03-21,36597.77734375,36602.758666377435,36463.28163280931,36463.28163280931,470713,35887.9359375,34518.5707421875,29933.263662109373,0.0480742189361516,60.98947448959282,334.6981804257739,410.80631379085196,-76.10813336507806,36667.12417292809,35887.9359375,35108.74770207191,0.9555005927803898,10121593,bull,hold
2024-03-22,36413.46484375,36488.184675850716,36273.98782382866,36488.184675850716,286199,35917.5748046875,34632.2444921875,30002.9025390625,0.016548463614775688,58.91801628480326,357.6662267260981,400.17829637790123,-42.51206965180313,36728.717278133765,35917.5748046875,35106.43233124124,0.8056738213668145,9835394,bull,hold
2024-03-25,36533.015625,36712.343217377966,36533.015625,36672.492641293975,268763,35925.0466796875,34731.3727734375,30071.022109375,0.00410727882471007,59.87009258292181,381.1219808590977,396.36703327414057,-15.245052415042892,36755.73943776198,35925.0466796875,35094.353921613016,0.8659409206369844,10104157,bull,hold
2024-03-26,36582.83203125,36662.53319035948,36513.09351702921,36662.53319035948,271697,35943.477734375,34830.301875,30138.04580078125,0.010178907235786072,60.28314000186776,399.1296841016665,396.9195634396458,2.2101206620206995,36814.39952383523,35943.477734375,35072.55594491478,0.867056091954739,10375854,bull,hold
2024-03-27,36707.36328125,36707.36328125,36418.44659373304,36577.84890408722,269078,35974.112890625,34924.5484765625,30205.01966796875,0.016974896628688896,61.353986192338134,418.62391388884134,401.26043352948494,17.3634803593564,36905.17879214372,35974.112890625,35043.04698910628,0.893769329017929,10644932,bull,hold
2024-03-28,36453.31640625,36473.2416953488,36388.55921667891,36463.2790507994,198303,35977.1017578125,35016.6033203125,30268.083212890626,0.0016425262639980787,57.92296673630016,408.8606803729417,402.78048289817633,6.080197474765384,36913.90030542524,35977.1017578125,35040.30321019977,0.7541713208517696,10446629,bull,hold
2024-03-29,36498.1484375,36518.07372667019,36154.43719931418,36234.13835599495,263306,36028.1603515625,35106.665625,30330.175400390624,0.02878407276902517,58.36544663826367,400.1283867451202,402.2500636675651,-2.1216769224448626,36961.66797612259,36028.1603515625,35094.652727002416,0.7517323231071508,10709935,bull,hold
2024-04-01,36562.90625,36562.90625,36393.54128916894,36498.14905909401,328646,36032.6435546875,35205.5946875,30392.964970703124,0.002458351852546059,59.03555334985032,393.8928438829171,400.5786197106355,-6.68577582771843,36975.472890099605,36032.6435546875,35089.814219275395,0.7812082077827613,11038581,bull,hold
2024-04-02,36453.31640625,36478.223017623495,36298.89541573432,36463.2790507994,329227,36052.5689453125,35304.6233984375,30455.779443359374,0.011052833950395247,57.35322515529924,375.77642995803035,395.6181817601145,-19.84175180208416,37013.10730621456,36052.5689453125,35092.030584410444,0.7086056513980087,10709354,bull,hold
2024-04-03,35920.31640625,36084.70004810359,35920.31640625,36064.77475818194,269936,36070.75078125,35379.941015625,30514.583955078124,0.010226959377138911,49.90455329853209,314.781787367785,379.45090288164863,-64.66911551386363,37006.50103732642,36070.75078125,35135.00052517357,0.4196183094671199,10439418,bull,hold
2024-04-04,36403.50390625,36463.27977473317,36264.02687978927,36313.84010352525,328526,36120.3150390625,35450.77546875,30569.054716796876,0.02799274350043368,55.541558055046785,301.9515769353384,363.9510376923866,-61.99946075704821,37015.42068664835,36120.3150390625,35225.20939147665,0.6581873982983321,10767944,bull,hold
2024-04-05,35885.4453125,35890.4266347255,35696.15506793101,35696.15506793101,282021,36099.3935546875,35512.44421875,30621.40841796875,-0.011525758269606223,49.155014851050325,247.13176268557436,340.58718269102417,-93.45542000544981,36995.918619672026,36099.3935546875,35202.868489702974,0.38067916305764815,10485923,bull,hold
2024-04-08,36298.8984375,36403.50621397694,36273.99182405311,36348.711664393784,230062,36135.7572265625,35569.032109375,30675.30634765625,0.020445325101116518,53.727984247569,234.34746505189105,319.3392391631976,-84.99177411130654,37002.1984743147,36135.7572265625,35269.3159788103,0.5941444162317626,10715985,bull,hold
2024-04-09,36428.41015625,36438.37280089823,36353.69032138828,36363.65296603651,231926,36181.585546875,35626.21765625,30727.75966796875,0.025810161046622593,55.09054363314744,231.99207022433256,301.86980537542456,-69.877735151092,37007.173239515454,36181.585546875,35355.99785423455,0.6494841865832488,10947911,bull,hold
2024-04-11,36333.765625,36428.410750702635,36124.55008397313,36428.410750702635,240213,36200.514453125,35685.1965625,30780.760947265626,0.010529165645430272,53.842770696960024,219.952900043485,285.48642430903664,-65.53352426555165,37021.81973399318,36200.514453125,35379.209172256815,0.5811215847377398,10707698,bull,hold
2024-04-12,37016.20703125,37230.40389605201,37016.20703125,37066.02025562256,591167,36262.033984375,35754.237734375,30832.442177734374,0.03438207503867674,60.746603603879635,262.4536862973109,280.8798767066915,-18.42619040938058,37132.71172950595,36262.033984375,35391.35623924404,0.9330953967139543,11298865,bull,hold
2024-04-15,36871.74609375,36871.74609375,36642.6052777121,36667.511888151006,286796,36335.0103515625,35810.128125,30882.65390625,0.0412153599878573,58.74360396648225,281.23714847570227,280.95133106049366,0.28581741520861215,37151.521294504055,36335.0103515625,35518.49940862095,0.8286763924154281,11012069,bull,hold
2024-04-16,35621.43359375,36064.77125139841,35462.03128987642,36064.77125139841,344671,36345.47109375,35852.270078125,30926.190654296875,0.005907984620421525,44.93386491247026,193.00852598327037,263.36277004504905,-70.35424406177867,37118.6346607331,36345.47109375,35572.3075267669,0.03176951752576333,10667398,bull,hold
2024-04-17,35571.625,35736.00864724829,35496.90516034169,35676.23277552164,371755,36345.7203125,35901.78453125,30966.66390625,0.00014014185518829159,44.48521154079819,117.7106743754266,234.23235091112457,-116.52167653569796,37117.882101519535,36345.7203125,35573.55852348047,-0.001252019659586291,10295643,bull,hold
2024-04-18,35481.9609375,35481.9609375,35178.100258405866,35217.95083927067,260714,36331.77265625,35925.29640625,31006.6390234375,-0.007800503211759846,43.640467055297876,50.22251015986694,197.43038276087307,-147.20787260100613,37154.1302801185,36331.77265625,35509.415032381505,-0.01669230884755247,10034929,bull,hold
2024-04-19,34296.40234375,34729.77736247277,33818.195426538674,34729.77736247277,417121,36216.70390625,35917.923984375,31038.967802734376,-0.06288291713411986,34.351882461518414,-97.79964318747079,138.3843775712043,-236.1840207586751,37415.74667265797,36216.70390625,35017.66113984202,-0.3007644165406739,9617808,bull,hold
2024-04-22,33828.16015625,33872.992057502575,33594.03800526432,33803.25354444301,116198,36087.438671875,35897.600234375,31073.53818359375,-0.0709985907299272,31.50017291787134,-250.00954303866456,60.705593449230534,-310.7151364878951,37669.88956470892,36087.438671875,34504.98777904108,-0.2138542263321016,9501610,bull,hold
2024-04-23,33788.30859375,33838.121815913866,33723.551404936974,33833.14049369748,62622,35950.2033203125,35880.165625,31106.489638671876,-0.07512949545210179,31.26230534249531,-369.59224399855884,-25.353974040327337,-344.2382699582315,37806.626957404405,35950.2033203125,34093.7796832206,-0.08227407887057571,9438988,bull,hold
2024-04-24,35237.87890625,35237.87890625,34919.07423421155,34953.94349521575,229373,35882.9556640625,35878.2728125,31143.32654296875,-0.03676459831899037,46.95354594543424,-343.4352782947972,-88.97023489122131,-254.46504340357586,37740.28092590074,35882.9556640625,34025.63040222426,0.3263425445540827,9668361,bull,hold
2024-04-25,33882.95703125,34117.07919832862,33843.1064496196,33853.0690950272,116251,35741.7353515625,35842.208125,31169.852099609376,-0.0769438607823596,38.18028352116693,-427.11307264888455,-156.598802442754,-270.51427020613056,37750.20585022738,35741.7353515625,33733.26485289762,0.03726521710223937,9552110,bull,hold
2024-04-26,35506.8671875,35566.643058186026,35387.31544612795,35397.27809124228,136344,35694.412890625,35846.193203125,31204.49720703125,-0.0259633227386612,50.192427451976634,-358.26252216962166,-196.93154638812752,-161.33097578149415,37678.035630510385,35694.412890625,33710.79015073961,0.45272646875992323,9688454,bull,hold
2024-04-29,35790.8046875,35790.8046875,35611.477064848645,35616.45838770007,81799,35659.045703125,35843.8021875,31239.142333984375,-0.019380263938902687,51.95046500232867,-277.5867345044462,-213.06258401139127,-64.52415049305495,37609.0241471655,35659.045703125,33709.06725908449,0.5337847284357636,9770253,bull,hold
2024-04-30,35945.22265625,35980.09191326133,35845.5962076462,35965.147945970755,66689,35628.1615234375,35842.905546875,31272.816083984377,-0.01689372254838195,52.923649809174684,-198.89758444477775,-210.22958409806859,11.331999653290836,37539.07420434768,35628.1615234375,33717.24884252732,0.5829606543459336,9836942,bull,hold
2024-05-02,35317.57421875,35586.565616184766,35118.32133176128,35377.350084846614,74911,35571.3744140625,35834.536875,31303.600654296875,-0.031156073012475582,48.613737420186,-185.04872303684533,-205.19341188582396,20.14468884897863,37448.02167701295,35571.3744140625,33694.72715111205,0.43237935537404193,9762031,bull,hold
2024-05-03,35706.1171875,35726.0424761091,35561.65884508405,35561.65884508405,49680,35560.664453125,35840.31515625,31337.498544921877,-0.005963177393190522,51.25987591615812,-141.09477744046308,-192.37368499675182,51.27890755628874,37431.66021920857,35560.664453125,33689.66868704143,0.5388704071413982,9811711,bull,hold
2024-05-07,36717.328125,36831.89854242979,36413.4674526862,36811.973252442,295045,35576.3556640625,35876.2803125,31375.630576171876,0.008620714631157211,57.40723721071936,-24.38360821321112,-158.7756696400437,134.39206142683258,37480.33539124401,35576.3556640625,33672.375936881,0.7996283113335717,10106756,bull,hold
2024-05-08,36702.38671875,36707.368041594564,36587.81629332502,36707.368041594564,80178,35617.202734375,35893.914296875,31417.7227734375,0.022765257589417054,57.29225453262113,66.14273536328255,-113.79198863937846,179.93472400266103,37580.095185319675,35617.202734375,33654.31028343033,0.7764247179851185,10026578,bull,hold
2024-05-09,36468.2578125,36677.47333334756,36468.2578125,36498.14574404965,39066,35625.670703125,35895.607890625,31457.274453125,0.004665689106009729,55.41910050136992,117.63722016978136,-67.5061468775465,185.14336704732784,37601.67097915363,35625.670703125,33649.67042709637,0.7132052104437041,9987512,bull,hold
2024-05-10,36587.8125,36587.8125,36478.22340878149,36572.86853301566,90112,35633.6408203125,35903.079921875,31497.349189453125,0.004375769984643396,56.20647926190629,166.17843296495994,-20.769230909045213,186.94766387400514,37623.763490232974,35633.6408203125,33643.51815039203,0.7397268505377178,10077624,bull,hold
2024-05-13,36632.64453125,36632.64453125,36458.298249145875,36582.83130779168,72598,35648.584765625,35913.839609375,31541.4837109375,0.008225927071108474,56.51662413988966,205.8918707479097,24.56298942234577,181.32888132556394,37663.84199233106,35648.584765625,33633.32753891894,0.7441523971690327,10150222,bull,hold
2024-05-14,36717.328125,36717.328125,36567.888450091574,36632.64564255189,50692,35633.6408203125,35920.315390625,31585.19482421875,-0.008074271521057774,57.134159236932,241.415427820044,67.93347710188542,173.48195071815857,37612.209177772,35633.6408203125,33655.07246285301,0.77385642265071,10200914,bull,hold
2024-05-16,37479.46875,37643.85238486842,36816.952888257576,37499.39403907496,455724,35664.026953125,35960.365234375,31629.976904296876,0.016482068809673622,62.32053138577147,327.2936442974169,119.80551054099172,207.48813375642519,37734.262372697114,35664.026953125,33593.79153355289,0.9384626452894482,10656638,bull,hold
2024-05-17,37469.50390625,37469.50390625,37354.93350079351,37354.93350079351,77359,35756.43046875,35980.29046875,31675.381650390624,0.051880851668593575,62.2145415302764,390.0523888247262,173.85488619773864,216.19750262698759,37970.77182013464,35756.43046875,33542.08911736535,0.8868133150358241,10579279,bull,hold
2024-05-20,37509.359375,37524.303342878484,37434.639535607566,37489.434084495355,70543,35853.3171875,36009.381484375,31718.5697265625,0.05447415953024359,62.48932471099129,437.95665752761124,226.67524046371315,211.2814170638981,38192.864325984025,35853.3171875,33513.77004901597,0.8539236633148328,10649822,bull,hold
2024-05-21,37808.23828125,37808.23828125,37628.91066884882,37643.85463654892,215475,35969.6310546875,36054.41265625,31764.671875,0.06556225423526163,64.57011005758741,494.3397248728579,280.2081373455421,214.1315875273158,38450.78549447219,35969.6310546875,33488.476614902815,0.8705144663872776,10865297,bull,hold
2024-05-22,38067.26171875,38067.26171875,37917.82206269629,37967.635281380855,198240,36158.1740234375,36107.513515625,31806.539873046873,0.1099491234446397,66.31411931129087,553.5438299168818,334.8752758598101,218.66855405707173,38674.919057513245,36158.1740234375,33641.42898936176,0.8792771356383339,11063537,bull,hold
2024-05-23,38261.53515625,38366.14292064022,38107.11417072159,38107.11417072159,260546,36379.8427734375,36146.66671875,31849.578486328126,0.13105575294436766,67.6022298890144,609.1182168611485,389.72386406007774,219.3943528010708,38816.33412667204,36379.8427734375,33943.35142020296,0.8861479705878044,11324083,bull,hold
2024-05-24,37753.44140625,37828.16124014547,37534.2632268233,37539.24454908299,135975,36578.0994140625,36190.303046875,31885.89232421875,0.11735221375459592,61.02930354261441,605.1861899159339,432.81632923124903,172.3698606846849,38772.048386143244,36578.0994140625,34384.15044198175,0.7678599199763533,11188108,bull,hold
2024-05-27,38137.00390625,38137.00390625,37768.38605240171,38047.340103962575,175536,36723.0556640625,36242.80625,31925.86744140625,0.08227297130207778,63.884087865993976,625.8064116549722,471.41434571599365,154.39206593897853,38926.72562022157,36723.0556640625,34519.38570790343,0.8208166990332726,11363644,bull,hold
2024-05-28,38231.6484375,38231.6484375,38072.24612479642,38132.02199206026,127829,36940.490234375,36288.33546875,31971.496357421875,0.1283445067158464,64.57370016337089,642.3801501353591,505.6075065998668,136.77264353549236,38813.71966202209,36940.490234375,35067.26080672791,0.8446342941416378,11491473,bull,hold
2024-05-29,38072.24609375,38391.0507188972,38072.24609375,38391.0507188972,141145,37068.7591796875,36334.0640625,32017.7479296875,0.07225021832264411,62.4121784016633,635.3288448834064,531.5517742565747,103.77707062683169,38882.12512626762,37068.7591796875,35255.393233107374,0.7766917830223414,11350328,bull,hold
2024-05-30,37793.2890625,38042.3551562294,37758.41980937788,37917.8221093647,72516,37168.8833984375,36381.68546875,32060.736728515625,0.05594968854386706,58.70850843891427,600.3111206702451,545.3036435393088,55.00747713093631,38908.58216342311,37168.8833984375,35429.18463345189,0.6794579833675009,11277812,bull,hold
2024-05-31,37399.765625,37449.57884506526,37235.38199878463,37359.91504894779,245324,37241.610546875,36421.43640625,32102.729267578125,0.040465543437024465,53.853450193736805,534.6422463360577,543.1713640986586,-8.52911776260089,38889.81776641002,37241.610546875,35593.403327339984,0.5479779108629359,11032488,bull,hold
2024-06-03,37394.78515625,37459.54234381244,37120.812439639674,37394.78515625,240939,37345.47109375,36457.999296875,32146.04185546875,0.05881522113138837,53.792818179692105,476.7021820846494,529.8775276958568,-53.175345611207376,38737.50138061201,37345.47109375,35953.440806887986,0.5177129991227302,10791549,bull,hold
2024-06-04,37504.37109375,37504.37109375,37394.78201630778,37394.78201630778,63026,37435.3837890625,36492.8684375,32187.56115234375,0.05036262825238058,54.99351362426651,434.6169394992394,510.8254100565333,-76.20847055729394,38607.11957175426,37435.3837890625,36263.64800637074,0.529438080541084,10854575,bull,hold
2024-06-05,37514.3359375,37643.850309346366,37514.3359375,37549.20519145864,92882,37475.2341796875,36511.199609375,32229.62841796875,0.02170658523372615,55.107747556604814,397.4861878069787,488.1575656066224,-90.67137779964372,38599.84007995592,37475.2341796875,36350.62827941908,0.5173846490593594,10947457,bull,hold
2024-06-07,38296.40234375,38321.3089529746,38186.81326316174,38256.551768990634,198715,37554.9349609375,36548.858359375,32276.079228515624,0.0434308438090123,63.03719252268337,426.2524496542683,475.77654241615164,-49.52409276188337,38675.08422061209,37554.9349609375,36434.78570126291,0.8309681171542724,11146172,bull,hold
2024-06-10,38146.96484375,38266.5165747829,38112.0955888654,38266.5165747829,100786,37638.8703125,36581.13734375,32322.45533203125,0.04603200514488526,60.82632059567831,432.01160124797025,467.02355418251534,-35.01195293454509,38668.66651681578,37638.8703125,36609.07410818423,0.7466966420737534,11045386,bull,hold
2024-06-11,38246.59375,38276.48168468351,38171.87391329122,38276.48168468351,89785,37721.809375,36614.412578125,32371.74552734375,0.04533698892219906,61.788532859142705,439.54815298094763,461.5284739422018,-21.980320961254165,38663.024398426394,37721.809375,36780.5943515736,0.7787802797120572,11135171,bull,hold
2024-06-12,38689.9296875,38769.63084302981,38655.06043195571,38665.02307639694,245456,37824.6736328125,36654.06390625,32423.85015625,0.05615988642302372,65.8126798845404,475.80959276626527,464.38469770701454,11.42489505925073,38715.60397504196,37824.6736328125,36933.743290583036,0.9855913047715317,11380627,bull,hold
2024-06-13,39985.07421875,40000.018185693596,39212.96925999751,39212.96925999751,341658,37988.0609375,36724.6990625,32485.26986328125,0.08899738245183109,74.32077036546187,602.1135940337772,491.9304769723671,110.18311706141009,39160.74953767577,37988.0609375,36815.372337324225,1.3514678495854184,11722285,bull,hold
2024-06-14,39965.1484375,40004.999015525675,39850.57802567618,40004.999015525675,168307,38112.344921875,36794.0390625,32545.344609375,0.06632110247026923,74.01557917822129,692.6185059922718,532.0680827763481,160.55042321592373,39541.839347113426,38112.344921875,36682.85049663658,1.1480625187873577,11553978,bull,hold
2024-06-17,40328.7890625,40348.71435353879,40214.218639026985,40244.10657558517,138535,38255.3091796875,36869.35671875,32609.08064453125,0.07630966140902284,75.95605912103476,784.6421933558522,582.582904892249,202.05928846360325,39946.928287870076,38255.3091796875,36563.69007150493,1.112868426699254,11692513,bull,hold
2024-06-18,41090.9296875,41090.9296875,40861.78885035307,40881.71414053976,339990,38434.3876953125,36962.108984375,32679.167861328126,0.09548471027439409,79.42422402751384,908.5962752691266,647.7855789676246,260.81069630150205,40491.12279220205,38434.3876953125,36377.65259842295,1.1458153012036054,12032503,bull,hold
2024-06-19,40841.859375,40996.28035812294,40757.17690038419,40996.28035812294,601363,38586.06875,37060.53984375,32748.53275390625,0.0802370391125693,75.58703717626844,975.4880663662116,713.3260764473421,262.1619899188695,40870.56038914559,38586.06875,36301.57711085441,0.9937182930211282,11431140,bull,hold
2024-06-20,41160.6640625,41160.6640625,40846.84077362943,40846.84077362943,124580,38740.7388671875,37155.683046875,32815.2824609375,0.08126148832571123,77.11132847287963,1042.2112046460752,779.1031020870887,263.1081025589865,41269.589737883005,38740.7388671875,36211.887996492,0.978463404733501,11555720,bull,hold
2024-06-21,40498.1484375,40498.1484375,40338.74613122694,40463.27918300276,219528,38852.56953125,37247.937109375,32878.27126953125,0.05845592112591036,67.65727427468485,1029.7598676329071,829.2344551962525,200.52541243665462,41482.55675113695,38852.56953125,36222.582311363054,0.8128492210545292,11336192,bull,hold
2024-06-24,40249.08203125,40498.14813292852,39990.05328550433,40483.20416682781,161492,38977.3515625,37326.94078125,32934.28623046875,0.06610365921732497,64.45779669421373,988.4008461965714,861.0677333963164,127.33311280025498,41623.66663462864,38977.3515625,36331.03649037136,0.7402832682593325,11174700,bull,hold
2024-06-25,39521.8125,39561.66307978321,39282.70902130073,39452.07398537938,168150,39046.5919921875,37388.808828125,32993.937568359375,0.036311415473386344,56.11338096476356,886.7174241031898,866.1976715376911,20.51975256549872,41673.73059119245,39046.5919921875,36419.45339318256,0.5904445064284943,11006550,bull,hold
2024-06-26,40209.234375,40209.234375,39980.09354481541,39980.09354481541,104571,39145.4712890625,37466.318203125,33055.75578125,0.05172641040401116,61.22319544381989,851.782956091527,863.3147284484584,-11.531772356931356,41791.27355294707,39145.4712890625,36499.66902517794,0.7010284556140038,11111121,bull,hold
2024-06-27,40478.2265625,40538.00243239294,40308.86159780335,40448.33862755353,49965,39265.7703125,37535.55859375,33118.620087890624,0.06319512809476646,63.036803876939146,836.1637843605422,857.8845396308752,-21.72075527033303,41924.203508805855,39265.7703125,36607.33711619414,0.7280396309534549,11161086,bull,hold
2024-06-28,41185.5703125,41489.430954621734,41031.14933043814,41041.11197444213,144504,39435.384375,37621.835078125,33181.085859375,0.08975882581667016,67.3599319481925,870.823891587148,860.4724100221299,10.351481565018048,42129.020864972175,39435.384375,36741.74788502783,0.8248741884837769,11305590,bull,hold
2024-07-01,40891.67578125,41638.87414489813,40647.59098245828,41439.6212479253,156019,39609.9798828125,37727.239921875,33241.38477539062,0.09336716682298718,64.01010191970168,864.610749267973,861.3000778712986,3.3106713966743655,42204.04067000111,39609.9798828125,37015.91909562389,0.7470443068966355,11149571,bull,hold
2024-07-02,41310.10546875,41529.283648012635,41265.27356844628,41444.60116966116,115841,39805.7458984375,37842.00953125,33303.05354492187,0.10470230798600033,66.55989224201241,883.2687951800908,865.6938213330571,17.574973847033675,42290.20195609048,39805.7458984375,37321.28984078451,0.8027543122927361,11265412,bull,hold
2024-07-03,42082.2109375,42341.23969800545,42062.285648230354,42132.024160674126,416362,40034.637890625,37974.01453125,33368.8069921875,0.12206150137291294,70.68680951879908,949.4136401091891,882.4377850882836,66.97585502090556,42471.88000878704,40034.637890625,37597.395772462965,0.920059425285803,11681774,bull,hold
2024-07-04,42744.73046875,42988.815283220196,42251.579517065315,42849.33824638008,284006,40296.1576171875,38142.98109375,33438.4458984375,0.13942388690990004,73.68753565393621,1043.2675565481186,914.6037393802507,128.66381716786793,42717.95753510684,40296.1576171875,37874.357699268156,1.0055274866938966,11965780,bull,hold
2024-07-05,43083.45703125,43083.45703125,42809.484301834025,42829.4095912461,136322,40535.5103515625,38328.08703125,33508.60783203125,0.12500011475049821,75.09146945573687,1131.9316606635402,958.0693236369086,173.86233702663162,43063.347231311935,40535.5103515625,38007.67347181307,1.0039776696232192,12102102,bull,hold
2024-07-08,43561.66015625,43561.66015625,43207.98630020726,43347.463313857916,269823,40806.2451171875,38523.5540625,33582.605361328126,0.14194301786993013,76.96045858236253,1226.6455908318821,1011.7845770759034,214.86101375597877,43411.481505090334,40806.2451171875,38201.008729284666,1.0288224615349697,12371925,bull,hold
2024-07-09,43671.25390625,43736.01109808087,43566.646134830895,43606.496714419125,240205,41077.478125,38692.2215625,33657.35010742187,0.14183381118089766,77.3793692680031,1295.6153157121298,1068.5507248031486,227.06459090898124,43689.81028357345,41077.478125,38465.14596642655,0.9964483120451293,12612130,bull,hold
2024-07-10,43716.0859375,43716.0859375,43661.29139040423,43681.21668025723,123911,41328.7859375,38888.884140625,33731.696357421875,0.12990864265188518,77.55912169821555,1338.4629224192977,1122.5331643263785,215.9297580929192,43941.07029598365,41328.7859375,38716.501579016345,0.9569372381392955,12736041,bull,hold
2024-07-11,43925.30078125,43990.05797224073,43800.76772165244,43980.095327472925,172933,41525.797265625,39057.2528125,33805.569375,0.09854243463307943,78.4208935018151,1373.4693491423604,1172.720401289575,200.74894785278548,44292.7525139226,41525.797265625,38758.8420173274,0.933599986320943,12908974,bull,hold
2024-07-12,42510.60546875,42809.48481350334,42176.85686710877,42361.16579637333,338479,41653.0701171875,39191.648828125,33874.087470703125,0.06369191985438882,61.283304958829284,1272.390777069064,1192.6544764454727,79.7363006235912,44354.56827886466,41653.0701171875,38951.571955510335,0.6587147760689428,12570495,bull,hold
2024-07-15,42789.55859375,43736.009831562864,42445.847354754806,43636.383385477304,136946,41776.10859375,39328.535546875,33942.08250976563,0.06101768955761089,63.00030032921744,1200.9506547658384,1194.313712109546,6.636942656292376,44449.14349808568,41776.10859375,39103.07368941433,0.6895691669338428,12707441,bull,hold
2024-07-16,42764.65234375,42779.596310789166,42635.13796274388,42779.596310789166,126917,41859.7947265625,39477.477109375,34010.102470703125,0.04073216812028346,62.732798164177076,1129.3061782631266,1181.3122053402622,-52.00602707713551,44546.54961804687,41859.7947265625,39173.039835078125,0.6683922899062053,12580524,bull,hold
2024-07-17,42122.05859375,42640.116078819774,42082.208017975405,42640.116078819774,151834,41923.8046875,39605.7959375,34078.0975,0.03134527267712084,56.11277831596419,1009.0438399403429,1146.8585322602785,-137.8146923199356,44571.21488196035,41923.8046875,39276.39449303965,0.5374429898821199,12428690,bull,hold
2024-07-18,41335.01171875,41339.99304096243,41100.88957476576,41260.291885563536,235497,41932.5220703125,39698.149609375,34143.45244140625,0.004235783367956936,49.25665898322132,840.5377690043679,1085.5943796090964,-245.05661060472858,44570.95635525973,41932.5220703125,39294.08778536527,0.3867680057503399,12193193,bull,hold
2024-07-19,41100.890625,41125.797236698585,40996.28285586595,41085.94665798085,130234,41962.6591796875,39786.1196875,34206.6654296875,0.014883203572385595,47.401285505621495,680.262238496085,1004.5279513864942,-324.2657128904092,44548.10674693849,41962.6591796875,39377.21161243651,0.33334248089127033,12062959,bull,hold
2024-07-22,40622.6796875,40861.78313630442,40468.25871014715,40861.78313630442,133636,41981.3390625,39869.208125,34272.244521484376,0.00928214104261893,43.77427356836057,508.7900843828029,905.380377985756,-396.5902936029531,44522.004929961455,41981.3390625,39440.67319503855,0.2326174621384728,11929323,bull,hold
2024-07-23,41195.53515625,41290.180279341745,41140.74061130214,41175.60986717805,154883,42065.0251953125,39961.362578125,34342.05775390625,0.04234933952611608,48.82577395108242,414.34549864580913,807.1734021177666,-392.8279034719575,44376.00181749416,42065.0251953125,39754.048573130836,0.31187822699788686,12084206,bull,hold
2024-07-24,40428.41015625,40946.46765455582,40413.46618995271,40946.46765455582,95044,42075.983984375,40037.277890625,34408.8821875,0.005450881735422186,43.225250842911784,274.43341012085875,700.6254037183851,-426.19199359752633,44353.491923220696,42075.983984375,39798.47604552931,0.13829460261727153,11989162,bull,hold
2024-07-25,39098.3984375,39795.783554234615,38983.82802546502,39795.783554234615,262198,42006.992578125,40084.899296875,34469.355439453124,-0.034088156576461914,35.60073261160707,55.59042975092598,571.6184089248933,-516.0279791739673,44542.86334315231,42006.992578125,39471.121813097685,-0.0734902150255418,11726964,bull,hold
2024-07-26,39083.45703125,39198.02745079101,38909.11074064412,38909.11074064412,83079,41901.8869140625,40116.9790625,34530.62572265625,-0.05104004303691767,35.52492222510878,-117.6931619747993,433.7560947449548,-551.4492567197541,44723.39658895706,41901.8869140625,39080.377239167945,0.0005457702501357112,11643885,bull,hold
2024-07-29,39576.6015625,39576.6015625,39203.00242880743,39292.66622089365,76516,41836.133203125,40159.121015625,34595.00928710937,-0.032159949271460264,40.06164290283456,-212.77626226448774,304.4496233430663,-517.2258856075541,44806.134504502144,41836.133203125,38866.13190174785,0.11960763458634059,11720401,bull,hold
2024-07-30,39307.61328125,39571.62335651375,39063.5284946854,39571.62335651375,118591,41736.00859375,40195.08609375,34654.3368359375,-0.04847463265410523,38.47151071460391,-306.3045226793183,182.29879413858941,-488.60331681790774,44898.94228641088,41736.00859375,38573.074901089116,0.11611662645114432,11601810,bull,hold
2024-07-31,39163.15625,39203.006828733145,38739.743850960316,38904.127488234546,96369,41590.055859375,40222.184453125,34713.21607421875,-0.06936552577608968,37.60818076368838,-387.6146377743644,68.31610775599866,-455.930745530363,44939.51601967959,41590.055859375,38240.595699070414,0.1377177973129991,11505441,bull,hold
2024-08-01,40547.9609375,40667.512665079856,40338.74541423526,40338.74541423526,159328,41480.2173828125,40271.7984375,34774.43650390625,-0.05139275665467169,49.3437712070586,-336.43313307362405,-12.633740409925878,-323.7993926636982,44815.05817005644,41480.2173828125,38145.37659556856,0.36022474462971904,11664769,bull,hold
2024-08-02,38077.2265625,39053.5657051282,38077.2265625,39053.5657051282,225386,41229.905859375,40268.112265625,34823.32817382812,-0.11619843934804952,36.2446220562935,-489.59528741835675,-108.02604981161205,-381.5692376067447,44789.756062932065,41229.905859375,37670.05565581794,0.057189331488612924,11439383,bull,hold
2024-08-05,34236.62890625,37255.310285151136,33628.90757254383,37255.310285151136,495928,40763.654296875,40197.776015625,34851.04923828125,-0.21406510258223233,25.093306980410972,-910.3871554244179,-268.4982709341732,-641.8888844902447,45290.98687600516,40763.654296875,36236.32171774484,-0.22084668803799706,10943455,bull,hold
2024-08-06,36797.02734375,37344.97278950775,35865.52008596183,35865.52008596183,241214,40419.94296875,40170.976484375,34892.64328125,-0.1574084998167684,38.64582660992405,-1025.4443030881448,-419.88747736496754,-605.5568257231773,45054.615465603645,40419.94296875,35785.27047189636,0.1091508485810483,11184669,bull,hold
2024-08-07,36936.50390625,37330.028357847266,36368.633178628625,36533.016810308494,133380,40080.9638671875,40145.07359375,34937.176298828126,-0.15508209131399897,39.29019851793938,-1092.776481564426,-554.4652782048593,-538.3112033595667,44693.39486116988,40080.9638671875,35468.53287320512,0.15913203199788484,11318049,bull,hold
2024-08-08,36443.3515625,36662.52972936031,35790.798383893176,35790.798383893176,82506,39706.86640625,40112.495703125,34978.02313476562,-0.17033347719143566,37.779381451752485,-1172.4161077174722,-678.0554441073818,-494.36066361009034,44224.09823860129,39706.86640625,35189.634573898715,0.13877049431274224,11235543,bull,hold
2024-08-09,37524.30078125,37853.068052133116,37315.08524523347,37853.068052133116,92438,39457.551171875,40107.1159375,35025.769111328125,-0.1172955461941253,42.95709661082702,-1135.2213915813336,-769.4886336021723,-365.7327579791613,43877.65061399286,39457.551171875,35037.45172975714,0.28131143700030714,11327981,bull,hold
2024-08-12,38027.4140625,38047.33935150314,37763.40398320834,37763.40398320834,59841,39219.4439453125,40119.66890625,35078.27223632813,-0.11129220977627885,45.241135216850154,-1053.0088434936915,-826.1926755804761,-226.8161679132154,43402.63681814083,39219.4439453125,35036.25107248417,0.3575215249390893,11387822,bull,hold
2024-08-13,38017.453125,38107.11692954009,37902.88270808766,38027.4157699489,40980,38982.083984375,40132.122265625,35131.72182617187,-0.11100754849100969,45.202544413799416,-977.3918068894927,-856.4325018422795,-120.9593050472132,42861.38797811016,38982.083984375,35102.77999063984,0.3756695967971547,11346842,bull,hold
2024-08-14,39212.96875,39242.856683498474,39053.56643800813,39053.56643800813,112626,38836.6294921875,40166.29421875,35192.5188671875,-0.06906333500475326,50.64416830713398,-811.6405539159459,-847.4741122570128,35.83355834106692,42442.616858237896,38836.6294921875,35230.64212613711,0.5521825535712704,11459468,bull,hold
2024-08-16,40388.5625,40547.96481869758,40054.81389522694,40503.13291656388,104320,38789.30703125,40223.77875,35256.9771875,-0.02289703521048425,55.340597038702,-578.7494377239564,-793.7291773504015,214.97973962644517,42286.09179514743,38789.30703125,35292.522267352564,0.7286751368373484,11563788,bull,hold
2024-08-19,40124.55078125,40383.5795386212,40084.70020319289,40383.5795386212,88919,38740.4900390625,40260.34171875,35320.83774414063,-0.023754712584163173,54.095674243482115,-410.75021670204296,-717.1333852207299,306.38316851868694,42132.519331731455,38740.4900390625,35348.46074639354,0.7040166258556215,11474869,bull,hold
2024-08-20,40986.3203125,40986.3203125,40732.272872546484,40732.272872546484,66408,38758.6720703125,40317.128828125,35394.611123046874,0.008951665123950292,57.45964565357154,-205.70083344610612,-614.8468748658051,409.14604141969903,42194.478165854474,38758.6720703125,35322.86597477053,0.8241813100392825,11541277,bull,hold
2024-08-21,40846.84375,40886.69432926829,40687.441432926826,40876.73168445122,49185,38741.2375,40369.133828125,35467.31352539062,-0.008464300923084367,56.73496896930102,-53.83177367639291,-502.64385462792274,448.8120809515298,42130.62970540266,38741.2375,35351.84529459735,0.8106170844795836,11492092,bull,hold
2024-08-22,40782.0859375,41006.245442469764,40637.62758985281,40931.525607479845,124075,38758.9212890625,40410.976953125,35538.74569335938,0.0087481990976912,56.37943778139819,60.60155903408304,-389.9947718955216,450.5963309296046,42186.81142893448,38758.9212890625,35331.031149190516,0.7951034843422751,11368017,bull,hold
2024-08-23,40000.01953125,40000.01953125,39626.42034509262,39636.382990056816,95404,38804.00234375,40411.275859375,35606.765654296876,0.023060307577336348,52.13073026099917,87.1796242313576,-294.55989267014576,381.73951690150335,42272.04467733743,38804.00234375,35335.96001016257,0.6724340524792285,11272613,bull,hold
2024-08-26,40054.8125,40154.43894571571,40000.01795485636,40009.98059942793,44676,38852.5701171875,40413.069140625,35673.5402734375,0.024853366169050206,52.40137301493951,111.38034376789437,-213.37184538253774,324.7521891504321,42361.867559412975,38852.5701171875,35343.27267496202,0.6712938846885093,11317289,bull,hold
2024-08-28,39467.015625,39596.53000165657,39417.20240320901,39596.53000165657,48762,38847.0908203125,40395.833671875,35733.76446289063,-0.002768957747090517,49.188522608174544,82.1819505983076,-154.2610861863687,236.44303678467628,42352.18893547094,38847.0908203125,35341.99270515406,0.5884318761301603,11268527,bull,hold
2024-08-29,38655.0625,38839.371432023196,38440.86563305413,38839.371432023196,53161,38814.46328125,40347.116328125,35789.20658203125,-0.0166011295720484,45.07709952127187,-6.402019270710298,-124.68927280323702,118.28725353252672,42313.950866514584,38814.46328125,35314.97569598541,0.4772251254839147,11215366,bull,hold
2024-08-30,39148.2109375,39193.04283703397,38934.014084171016,38934.014084171016,73759,38813.716015625,40313.243359375,35844.72340820313,-0.00038161665021574365,47.92415608443517,-36.39298048695491,-107.03001433998061,70.6370338530257,42312.91181867985,38813.716015625,35314.520212570154,0.5477959709460926,11289125,bull,hold
2024-09-02,39447.09375,39571.62681525445,39397.28052389822,39452.075072610176,59444,38758.67265625,40278.971953125,35902.00862304687,-0.027149754563413397,49.62841741588118,-35.63293394142238,-92.75059826026896,57.11766431884658,42180.80131595028,38758.67265625,35336.54399654971,0.6005837538864328,11348569,bull,hold
2024-09-03,39327.54296875,39501.88926436827,39302.636355090246,39447.094714316816,34766,38821.1884765625,40255.55984375,35956.15561523438,0.03283633077103798,48.93851632310623,-44.16819701610075,-83.03411801143531,38.86592099533456,42236.91396072191,38821.1884765625,35405.46299240309,0.574121075381459,11313803,bull,hold
2024-09-04,37838.125,38241.61211492891,37713.591939836755,38241.61211492891,164020,39001.26328125,40207.340703125,36002.05850585937,0.10519423812466933,41.24572126187398,-169.16599668125855,-100.26049374539996,-68.90550293585859,41744.82270489012,39001.26328125,36257.703857609886,0.2880238584905943,11149783,bull,hold
2024-09-05,38117.078125,38401.01349524634,38107.11548042995,38236.62985984056,76727,39067.2658203125,40179.246015625,36050.0286328125,0.03587384298515106,43.05130029104911,-242.91825714050356,-128.79204642442068,-114.12621071608288,41654.60391860329,39067.2658203125,36479.92772202172,0.3163773617487014,11226510,bull,hold
2024-09-06,38276.4765625,38460.785468383976,38171.86880510639,38410.9722505775,87882,39134.264453125,40140.590859375,36096.1556640625,0.036277733800985645,44.10826886809139,-285.2175230884459,-160.07714175722572,-125.14038133122017,41561.89775138947,39134.264453125,36706.63115486052,0.3233283644531006,11314392,bull,hold
2024-09-09,37384.8203125,37399.76427798135,37011.22117546636,37021.18381912059,52898,39181.337890625,40078.722734375,36136.75341796875,0.025833758686694575,39.672527508355586,-386.2369049782792,-205.30909440143643,-180.92781057684277,41428.21312526026,39181.337890625,36934.46265598974,0.10021866135868687,11261494,bull,hold
2024-09-10,37419.6953125,37803.25715209831,37399.770022131255,37803.25715209831,52316,39176.1076171875,40003.405234375,36174.0884375,-0.002787672696682675,39.92699190285301,-458.1995328979174,-255.88718210073264,-202.31235079718473,41438.81869357789,39176.1076171875,36913.39654079712,0.11187879375889208,11313810,bull,hold
2024-09-11,38007.48828125,38156.927946838136,37858.048615661864,38042.3575365539,50044,39175.111328125,39945.721484375,36214.53676757812,-0.000523984650054099,44.199152238476465,-462.4693944970859,-297.2036245800033,-165.2657699170826,41439.86126990697,39175.111328125,36910.36138634303,0.24221810864552218,11363854,bull,hold
2024-09-12,39337.50390625,39367.39184134402,39008.73662021574,39008.73662021574,49932,39241.1138671875,39906.269453125,36261.909150390624,0.03472223078462733,52.440892117270316,-354.446308633218,-308.65216139064626,-45.79414724257174,41443.137192446375,39241.1138671875,37039.09054192863,0.5218866980101509,11413786,bull,hold
2024-09-13,39825.671875,39910.35435428393,39736.00807340525,39745.970718026896,91463,39271.7490234375,39861.138671875,36312.195595703124,0.015625012452034737,55.06430581377177,-226.83138848479575,-292.2880068094762,65.45661832468045,41488.35360187849,39271.7490234375,37055.14444499651,0.6249485038851839,11505249,bull,hold
2024-09-19,40443.35546875,40443.35546875,39835.6341524318,39835.6341524318,74046,39274.488671875,39815.111171875,36362.60658203125,0.001356645677845103,58.20576170750114,-74.9893109356417,-248.8282676347093,173.8389566990676,41496.73611505601,39274.488671875,37052.24122869399,0.7629920444866932,11579295,bull,hold
2024-09-20,40816.953125,41026.16865236759,40752.19593795765,41026.16865236759,90114,39309.1087890625,39769.78109375,36416.155791015626,0.01725632637047636,60.026046634815785,74.63252081581595,-184.13610994460424,258.7686307604202,41603.647454794685,39309.1087890625,37014.57012333031,0.828572439954144,11669409,bull,hold
2024-09-23,40871.75,41046.09628275442,40767.14223034735,40816.95545399147,70146,39303.3802734375,39715.982890625,36468.7834765625,-0.0027953305304418974,60.29917001389078,195.3783502984079,-108.2332178960018,303.6115681944097,41581.65555024861,39303.3802734375,37025.10499662639,0.8442011030286342,11739555,bull,hold
2024-09-24,40767.140625,40806.99120234604,40523.0558387555,40806.99120234604,33231,39299.3951171875,39657.900625,36520.7884765625,-0.0019512676545541119,59.463885257033,279.40834233976784,-30.704905848847872,310.1132481886157,41567.11152002807,39299.3951171875,37031.678714346934,0.823617518040171,11706324,bull,hold
2024-09-25,40697.40234375,40911.59919819079,40647.58912178702,40886.692587209305,110523,39295.1609375,39597.526953125,36573.46595703125,-0.0020764900029827116,58.87833515800587,336.49649780134496,42.735374881190694,293.76112292015426,41552.078392343676,39295.1609375,37038.24348265632,0.8106541187938854,11595801,bull,hold
2024-09-26,41155.6875,41155.6875,40846.84549745824,40846.84549745824,59408,39352.9443359375,39542.1346875,36627.81219726562,0.02889168511148177,61.55733967423139,413.9473272478717,116.97776535452691,296.9695618933448,41734.80650742331,39352.9443359375,36971.08216445169,0.8784314612415096,11655209,bull,hold
2024-09-27,40552.9453125,40762.16085151548,40552.9453125,40712.34762794036,30434,39377.8509765625,39502.981484375,36678.34770507812,0.012436278724310634,56.357006641598836,421.82883020742156,177.94797832510585,243.8808518823157,41798.648928844246,39377.8509765625,36957.05302428075,0.7427080572399494,11624775,bull,hold
2024-09-30,40159.41796875,40577.84901679949,40159.41796875,40518.07315279242,47250,39412.47109375,39450.378671875,36726.84086914062,0.017543823184629215,53.19714788374407,391.80413609928655,220.719209879942,171.08492621934454,41857.06673341403,39412.47109375,36967.875454085966,0.6527751385302022,11577525,bull,hold
2024-10-02,39551.69921875,40029.906161445215,39551.69921875,39950.20500432935,108629,39457.3029296875,39386.119609375,36773.74001953125,0.023195841909452453,48.65979618683854,315.3365223553192,239.64267237501747,75.6938499803017,41877.45821519941,39457.3029296875,37037.147644175595,0.5195021141055688,11468896,bull,hold
2024-10-04,40418.44921875,40533.01963186699,40149.45781404055,40149.45781404055,46530,39520.81484375,39352.047421875,36825.94427734375,0.032446905001046744,54.60658903476568,320.9748703068544,255.90911196138487,65.06575834546956,41971.6655978655,39520.81484375,37069.96408963449,0.6831270985172558,11515426,bull,hold
2024-10-07,40916.58203125,41145.72286074081,40911.600708869766,41075.98434741752,61658,39594.2892578125,39343.678828125,36882.80607421875,0.037252130424690666,57.64316862799513,361.47163656167686,277.02161688144326,84.4500196802336,42118.89253541253,39594.2892578125,37069.685980212475,0.7618812993648872,11577084,bull,hold
2024-10-08,40488.1875,40557.926011934054,40403.50502122293,40403.50502122293,51285,39652.321484375,39331.424765625,36935.159775390624,0.029512256389173874,54.28024429050345,354.90661462101707,292.59861642935806,62.30799819165901,42202.9549054924,39652.321484375,37101.68806325761,0.6638545956280177,11525799,bull,hold
2024-10-10,41504.375,41608.98276224196,41469.50574591935,41499.39367798848,138558,39835.633984375,39349.058671875,36994.935625,0.09689301465122813,60.210249560246254,426.7819494011783,319.43528302372215,107.34666637745613,42365.273410550224,39835.633984375,37305.99455819978,0.8298377227912102,11664357,bull,hold
2024-10-11,41947.7109375,42132.01984436231,41877.972432200746,41877.972432200746,90048,40027.165625,39364.1021875,37054.6865625,0.10049649660810678,62.495720864353444,513.5967514437434,358.2675767077264,155.32917473601702,42587.20959177948,40027.165625,37467.12165822052,0.8751000641828888,11754405,bull,hold
2024-10-14,41992.546875,41992.546875,41808.237950400355,41947.71497442171,93485,40212.969140625,39395.384921875,37113.31671875,0.09708496304335101,62.728881368783036,579.3377480418276,402.4816109745467,176.85613706728088,42777.2030572224,40212.969140625,37648.735224027594,0.8469998822760293,11847890,bull,hold
2024-10-15,42052.3203125,42181.834684464586,41942.73122852997,42181.834684464586,79507,40446.344140625,39454.463359375,37171.52345703125,0.12485013866548855,63.05860804151661,629.0103387036652,447.7873565203704,181.2229821832948,42777.52354264859,40446.344140625,38115.16473860141,0.8444557228158689,11927397,bull,hold
2024-10-16,41549.20703125,41589.05760746988,41439.61794664534,41474.48720083773,61213,40652.8197265625,39503.778359375,37225.57079101563,0.1103566366391695,58.377293308333705,620.6250087953813,482.3548869753726,138.27012182000868,42569.85113460244,40652.8197265625,38735.78831852256,0.7337956751590232,11866184,bull,hold
2024-10-17,41877.9765625,41877.9765625,41270.25524209736,41464.526811734264,87852,40846.344140625,39549.805859375,37278.2980859375,0.10183488718351863,60.443852784574936,633.2092854764123,512.5257666755806,120.68351880083173,42403.857796255565,40846.344140625,39288.83048499443,0.8311792542381725,11954036,bull,hold
2024-10-18,41658.796875,41912.844303031205,41469.50663450616,41907.86298091295,89424,40962.4087890625,39596.82953125,37330.6766796875,0.05900966605004121,58.36342898023062,618.36828175954,533.6942696923725,84.6740120671675,42393.72318344025,40962.4087890625,39531.094394684755,0.7432687356016733,11864612,bull,hold
2024-10-21,42032.3984375,42196.782076802854,41942.7346342439,42042.36108230623,83097,41072.7451171875,39654.214375,37383.62814453125,0.0554096505747903,60.837773203655104,629.4967564057515,552.8547670350483,76.64198937070319,42476.492203215,41072.7451171875,39668.99803116,0.8418184549996995,11947709,bull,hold
2024-10-22,42107.1171875,42296.407433936176,42077.22925385219,42226.668922091274,83595,41155.933203125,39685.3975,37435.2346484375,0.04113807322529328,61.33269284192252,637.0023646738045,569.6842865627996,67.31807811100498,42597.31576893443,41155.933203125,39714.55063731557,0.8299554215992782,12031304,bull,hold
2024-10-23,42216.70703125,42415.95992579278,42216.70703125,42256.557610158554,73341,41225.9208984375,39768.187109375,37486.367919921875,0.03429344424517233,62.08944359271939,644.3657505428055,584.6205793588008,59.745171184004676,42729.26959892339,41225.9208984375,39722.57219795161,0.8295263874882363,12104645,bull,hold
2024-10-24,41688.6875,41838.12717319871,41464.52799020193,41838.12717319871,67974,41266.7677734375,39917.22828125,37536.10642578125,0.019987827778355394,56.36560393019593,600.6703694510798,587.8305373772566,12.839832073823118,42773.79352866131,41266.7677734375,39759.7420182137,0.639984245491491,12036671,bull,hold
2024-10-25,41882.9609375,41887.94226016146,41753.446548302214,41753.446548302214,50639,41322.5587890625,40018.946953125,37586.91592773437,0.027370580702825498,57.90328415247262,575.0884462942995,585.2821191606653,-10.193672866365773,42834.07770154965,41322.5587890625,39811.039876575356,0.6853771540031136,12087310,bull,hold
2024-10-28,42336.2578125,42366.145746006885,42042.359799682315,42042.359799682315,84807,41404.5015625,40126.94203125,37639.02055664062,0.04026928930027118,61.32773293462788,584.6523489914762,585.1561651268275,-0.5038161353513715,42948.90564697151,41404.5015625,39860.097478028496,0.8016555898059688,12172117,bull,hold
2024-10-29,42012.47265625,42117.08042549132,41882.95827528456,42117.08042549132,45702,41447.3408203125,40238.324453125,37689.10775390625,0.02081814709692309,57.71614128513688,559.6537150050281,580.0556751024676,-20.40196009743954,43009.19460691358,41447.3408203125,39885.48703371142,0.6809170105376331,12126415,bull,hold
2024-10-31,42107.1171875,42236.63156664054,42062.28528702827,42236.63156664054,93314,41525.0494140625,40329.98078125,37738.9209765625,0.03832451288121219,58.48573646776942,541.2400616395244,572.292552409879,-31.052490770354666,43055.50851335608,41525.0494140625,39994.590314768924,0.6901611659227506,12219729,bull,hold
2024-11-01,41564.15234375,41584.07763250539,41325.04887868528,41559.17102156115,74684,41595.2861328125,40400.715546875,37787.41415039063,0.034978952535942964,52.57394430437188,477.33199740285636,553.3004414084745,-75.96844400561815,42991.67011542767,41595.2861328125,40198.90215019733,0.4888519957797739,12145045,bull,hold
2024-11-04,41977.6015625,41977.6015625,41564.15182597603,41569.133148102825,94162,41716.58125,40479.918515625,37841.660751953124,0.06133497148461253,56.20419684515592,454.80359988234704,533.6010731032491,-78.79747322090202,42758.22501231993,41716.58125,40674.93748768008,0.6252925049532573,12239207,bull,hold
2024-11-06,42774.6171875,42929.03818817689,42102.13863616513,42156.93318479242,356704,41834.3896484375,40551.151484375,37901.61098632812,0.05829436839593005,62.20946273045696,495.5497929944031,525.9908170814799,-30.441024087076812,42791.659259104854,41834.3896484375,40877.120037770146,0.9910986040844997,12595911,bull,hold
2024-11-07,43188.0625,43397.27802768166,43153.19324538639,43397.27802768166,284609,41947.963671875,40607.141484375,37965.172646484374,0.05551491243855988,64.89829595603877,554.8075499284168,531.7541636508673,23.05338627754952,42978.876250945636,41947.963671875,40917.05109280436,1.1014568321801566,12880520,bull,hold
2024-11-08,44149.4609375,44348.713835785005,44144.479615042874,44154.442259957126,391545,42131.02734375,40687.6396875,38032.271064453125,0.09042818815981812,70.20675665530557,671.6047271567295,559.7242763520397,111.88045080468976,43344.22982543255,42131.02734375,40917.82486206745,1.331861797278349,13272065,bull,hold
2024-11-11,44084.69921875,44308.85870630297,44059.7926090219,44308.85870630297,86419,42260.0435546875,40749.607265625,38094.811552734376,0.06216993313957864,69.44488761919231,750.292694974858,597.8379600766034,152.45473489825463,43705.76401794094,42260.0435546875,40814.32309143406,1.1310541043170625,13185646,bull,hold
2024-11-12,44094.6640625,44134.514640053094,43965.149685452445,44084.70141811173,117313,42367.3912109375,40814.563671875,38157.10298828125,0.05118165156136545,69.49973322795539,804.1873844195434,639.1078449451915,165.07953947435192,44009.84965164328,42367.3912109375,40724.932770231724,1.025819347617793,13302959,bull,hold
2024-11-13,44244.10546875,44318.8253046013,44174.36695528879,44184.32960006896,120410,42479.969140625,40883.8040625,38218.348349609376,0.05361805275712994,70.35901527699383,849.1692916406537,681.120134284284,168.04915735636973,44302.95685158007,42479.969140625,40656.981429669926,0.9838585355028975,13423369,bull,hold
2024-11-14,44373.62109375,44523.06076963825,44259.050675569015,44298.90125580588,86780,42596.0341796875,40971.27609375,38280.963583984376,0.055200302004738466,71.11844668004981,885.0661144874975,721.9093303249267,163.15678416257083,44583.49654687798,42596.0341796875,40608.57181249702,0.9472001441152664,13510149,bull,hold
2024-11-15,43815.7109375,44224.179365976015,43815.7109375,44224.179365976015,63560,42709.359375,41046.4940625,38340.06697265625,0.05454987154256208,63.56351386325963,858.5985288747688,749.2471700348952,109.35135883987357,44703.59835877209,42709.359375,40715.12039122791,0.7773869058580287,13446589,bull,hold
2024-11-18,43476.98046875,43476.98046875,43143.231878992185,43262.78361263678,90954,42789.3095703125,41126.693359375,38399.369609375,0.03818245382184582,59.435252941638254,801.0559839061098,759.6089328091382,41.44705109697156,44771.992081962875,42789.3095703125,40806.627058662125,0.673419318119946,13355635,bull,hold
2024-11-19,43447.09765625,43452.078979072314,43247.84474335732,43407.24707367146,46176,42878.724609375,41222.5340625,38459.09569335938,0.04292732664882082,59.07076453183394,744.460136179594,756.5791734832294,-12.119037303635423,44810.03892545867,42878.724609375,40947.41029329133,0.647146697495504,13309459,bull,hold
2024-11-20,44323.8046875,44323.8046875,43990.05610196813,43990.05610196813,52110,42993.294921875,41326.0459375,38519.9425390625,0.05451523908175737,65.71392933758548,761.5715270784349,757.5776442022704,3.9938828761644345,44981.225315546515,42993.294921875,41005.364528203485,0.8346469699997084,13361569,bull,hold
2024-11-21,43850.58203125,44099.64815661209,43711.105001047225,44099.64815661209,49515,43080.4681640625,41414.115703125,38574.88654296875,0.04140546682373136,60.048423075188424,728.5490541834661,751.7719261985096,-23.22287201504355,45058.19327025617,43080.4681640625,41102.74305786883,0.6946968931060553,13312054,bull,hold
2024-11-22,44054.8125,44054.8125,43800.765073778835,43845.596972523745,44171,43172.3734375,41508.66109375,38631.15056640625,0.04353976418362948,61.58761320386037,710.6660822807535,743.5507574149585,-32.884675134205054,45151.833716618894,43172.3734375,41192.9131583811,0.7228989062848981,13356225,bull,hold
2024-11-25,44353.69140625,44353.69140625,44084.70001631991,44084.70001631991,107209,43305.6236328125,41638.972421875,38685.57150390625,0.06392630869585414,63.78643025125265,712.3986400375434,737.3203339394755,-24.921693901932144,45225.5398223472,43305.6236328125,41385.7074432778,0.7729462304527738,13463434,bull,hold
2024-11-26,43835.63671875,43835.63671875,43491.925476296165,43750.95423872514,79387,43403.257421875,41753.34359375,38736.9040234375,0.04662219999593353,57.62868731120073,664.3112542055314,722.7185179926868,-58.40726378715533,45219.665331210585,43403.257421875,41586.84951253942,0.6190204289060701,13384047,bull,hold
2024-11-27,43810.73046875,44224.18022757959,43810.73046875,44129.53510206439,107668,43476.9810546875,41864.028671875,38789.03357421875,0.03482765677543309,57.342082066306936,617.078629930249,701.5905403801992,-84.51191044995016,45232.85867583916,43476.9810546875,41721.10343353584,0.5950377777021829,13276379,bull,hold
2024-11-28,43691.1796875,43691.1796875,43476.9828198039,43616.4598499316,30603,43560.91640625,41990.155859375,38839.66873046875,0.039957348975513396,55.90486047385234,563.5039630629472,673.9732249167488,-110.46926185380164,45184.22934235766,43560.91640625,41937.603470142334,0.54012266469161,13245776,bull,hold
2024-11-29,43900.39453125,43950.20775549969,43626.42179787671,43686.19766697634,55560,43650.5802734375,42119.76984375,38888.7845703125,0.042588461607681705,57.893797835408144,531.7973145849974,645.5380428503986,-113.74072826540123,45134.94178533462,43650.5802734375,42166.21876154039,0.5841487251623824,13301336,bull,hold
2024-12-02,43870.50390625,43955.18638228114,43775.8587859799,43900.391838966876,46044,43765.8978515625,42237.03015625,38940.56541015625,0.05548895941448939,57.4947857684197,498.51111774803576,616.1326578299261,-117.62154008189032,44901.315617145236,43765.8978515625,42630.48008597976,0.5460650070213645,13255292,bull,hold
2024-12-03,44552.94921875,44552.94921875,44403.509541137915,44403.509541137915,94772,43894.665234375,42341.3390625,38997.85064453125,0.06135051933387836,63.65403449190761,521.1912321322088,597.1443726903826,-75.9531405581738,44735.58056561756,43894.665234375,43053.74990313245,0.8914091941945582,13350064,bull,hold
2024-12-04,45016.2109375,45130.78135374018,44916.584488595494,44941.49110082162,158097,44006.744921875,42445.14984375,39051.39986328125,0.0524047647270367,67.13545439000538,569.9764020812509,591.7107785685563,-21.73437648730544,44817.64725649755,44006.744921875,43195.842587252446,1.122433783036817,13508161,bull,hold
2024-12-05,45653.8203125,45917.83040268686,45653.8203125,45783.33469636525,329967,44130.0328125,42549.359140625,39106.34384765625,0.05709350384727263,71.22131960914189,652.5663696814372,603.8818967911325,48.68447289030473,45132.67246227469,44130.0328125,43127.39316272531,1.2598879120441822,13838128,bull,hold
2024-12-06,45868.015625,45942.73545931527,45838.12769127389,45848.09033584926,154385,44215.960546875,42650.380390625,39161.4621875,0.03892583626180324,72.46000281011212,726.9237610242417,628.4902696377544,98.43349138648728,45472.85884270562,44215.960546875,42959.062251044386,1.157195209670185,13992513,bull,hold
2024-12-09,46510.609375,46620.19847280979,46430.90821295652,46430.90821295652,70995,44337.2560546875,42763.157578125,39220.7150390625,0.055028393053393465,75.82216051039904,828.1579848851325,668.4238126872301,159.73417219790235,45940.55879179949,44337.2560546875,42733.95331757551,1.1777738445788888,14063508,bull,hold
2024-12-10,46112.09765625,46186.81748609161,45982.58328452455,46107.116334260565,113435,44438.127734375,42870.05671875,39274.6129296875,0.045752329372335865,70.10607004091528,866.2447412874244,707.9879984072691,158.25674288015534,46212.42242550485,44438.127734375,42663.83304324515,0.9717282676444912,13950073,bull,hold
2024-12-11,46112.09765625,46112.09765625,45997.52725049287,46112.09765625,64596,44531.52734375,42978.350625,39326.7424609375,0.0422201368455597,70.10607004091528,886.2130576563213,743.6330102570796,142.58004739924172,46446.242423024916,44531.52734375,42616.812264475084,0.9127429531443776,14014669,bull,hold
2024-12-12,47287.69140625,47297.654050599784,47103.382485778995,47163.1583518777,97328,44677.230859375,43100.990703125,39386.6428515625,0.06567123080497139,76.23546714247055,985.5380142683425,792.0140110593322,193.5240032090103,46934.55603933164,44677.230859375,42419.905679418356,1.0782198705915162,14111997,bull,hold
2024-12-13,47556.6796875,47606.492905984866,47317.57623877265,47317.57623877265,168863,44864.279296875,43241.065390625,39444.87447265625,0.0853796200028849,77.37839529399673,1073.5832646564668,848.3278617787591,225.25540287770764,47406.98853935281,44864.279296875,42321.57005439719,1.0294353647767687,14280860,bull,hold
2024-12-16,47830.65234375,47905.37217140635,47721.06326318736,47900.390849562595,83130,45081.962890625,43394.490078125,39504.0774609375,0.10013740209325928,78.51195672803276,1152.1853876567839,909.0993669543641,243.08602070241977,47847.96721216398,45081.962890625,42315.95856908602,0.9968700575991242,14363990,bull,hold
2024-12-17,48981.34375,49006.250362300416,48816.96010881725,48831.9040761975,125653,45358.6751953125,43583.08296875,39570.304140625,0.1273789595230621,82.48235226662246,1292.4309764016798,985.7656888438273,306.6652875578525,48497.30203819918,45358.6751953125,42220.048352425816,1.0771104269527678,14489643,bull,hold
2024-12-18,48547.96875,48547.96875,48328.79056151242,48503.13684780936,91761,45569.8833984375,43745.673359375,39635.95796875,0.09530237966442634,76.73189357004065,1353.0102157157526,1059.2145942182124,293.7956214975402,48959.96748598252,45569.8833984375,42179.799310892486,0.9392347320386273,14397882,bull,hold
2024-12-19,46590.30859375,46605.25256100984,46356.18644001256,46420.943631471855,285788,45706.8697265625,43859.147890625,39694.31416015625,0.06247868182336869,57.29869421087693,1228.8870407114955,1093.149083516869,135.73795719462646,49028.7160778943,45706.8697265625,42385.0233752307,0.632974071307258,14112094,bull,hold
2024-12-20,46351.203125,46744.72757925846,46176.85684779688,46590.30659087856,117674,45821.6892578125,43976.408203125,39746.96673828125,0.052125760948364075,55.45147521683538,1098.5611876801195,1094.2315043495191,4.329683330600346,49065.0060126996,45821.6892578125,42578.37250292539,0.5816315375902799,13994420,bull,hold
2024-12-23,47815.7109375,47815.7109375,47212.97096214449,47212.97096214449,98574,45994.790234375,44102.634921875,39804.12740234375,0.07805482298057731,63.263421272151035,1100.7616561007671,1095.537534699769,5.224121400998229,49275.5628161853,45994.790234375,42714.017652564704,0.7775140089289929,14092994,bull,hold
2024-12-24,47521.8125,47815.71050183438,47521.8125,47815.71050183438,75929,46179.0990234375,44214.116953125,39860.66541015625,0.08409084610543127,60.95340956843251,1066.4964878422907,1089.7293253282733,-23.2328374859826,49366.819279951735,46179.0990234375,42991.37876692326,0.7106071688409,14017065,bull,hold
2024-12-26,48488.19140625,48577.85520790528,48343.733059138714,48343.733059138714,152214,46412.9720703125,44344.02984375,39922.63306640625,0.10676518942856728,65.42405668617224,1104.586807365231,1092.7008217356647,11.885985629566221,49557.383244106226,46412.9720703125,43268.56089651877,0.8299853647056203,14169279,bull,hold
2024-12-27,48154.44140625,48468.264702887405,48154.44140625,48468.264702887405,82982,46636.13515625,44466.072265625,39981.437578125,0.10215475413283315,62.751836559117635,1095.2178348277594,1093.2042243540836,2.013610473675726,49604.80942480038,46636.13515625,43667.46088769961,0.7557212601740568,14086297,bull,hold
2024-12-30,47581.59375,47780.84665515076,47467.02332953832,47706.126815719224,155475,46820.1951171875,44586.72,40041.9606640625,0.0838534427322648,58.346754391170904,1029.6991078701612,1080.5032010572993,-50.80409318713805,49533.02347020138,46820.1951171875,44107.36676417362,0.6403329908371478,13930822,bull,hold
2025-01-02,46973.87109375,47068.51622108629,46425.92561969777,46555.440004473756,140628,46975.3634765625,44688.637890625,40094.46380859375,0.07073926468070213,54.01473129828594,918.1530089532971,1048.033162636499,-129.8801536832018,49326.47308844571,46975.3634765625,44624.2538646793,0.49968262160025206,13790194,bull,hold
2025-01-03,46943.98046875,46963.905757573746,46485.698825803796,46963.905757573746,116025,47094.9150390625,44794.3415625,40148.90966796875,0.053667182351056164,53.80314090697653,817.911622235486,1002.0088545562963,-184.09723232081035,49167.86581369514,47094.9150390625,45021.96426442986,0.46359427050571234,13674169,bull,hold
2025-01-06,47501.88671875,47501.88671875,47103.38095768666,47486.94275271013,164874,47219.198828125,44903.731328125,40208.635703125,0.05521734791720001,57.1751625895006,774.5593349524643,956.51895063553,-181.95961568306575,49064.2630856505,47219.198828125,45374.134570599505,0.5766065164050505,13839043,bull,hold
2025-01-07,47875.484375,48164.4010427505,47810.72719084903,47980.09213401311,123962,47330.28203125,45019.098671875,40270.95203125,0.04866326732993498,59.316681341524664,761.5696427369621,917.5290890558165,-155.95944631885436,49048.11915004311,47330.28203125,45612.444912456886,0.6586886025995997,13963005,bull,hold
2025-01-08,47442.11328125,47442.11328125,47038.62617753504,47043.607499803125,120529,47408.9869140625,45123.606796875,40326.64322265625,0.03431798029195865,55.829077925641464,708.142763662283,875.6518239771098,-167.5090603148268,48990.455588907236,47408.9869140625,45827.51823921777,0.5104732922360131,13842476,bull,hold
2025-01-09,46953.9453125,46953.9453125,46665.0286110227,46943.98266762147,70694,47431.1537109375,45228.911953125,40383.55482421875,0.009531931390653892,52.11215700054881,619.2719205705944,824.3758432958068,-205.10392272521244,48973.57837142257,47431.1537109375,45888.72905045243,0.345305767385934,13771782,bull,hold
2025-01-10,46894.16796875,47153.19672744715,46396.035740486244,47153.19672744715,91857,47470.2572265625,45329.13609375,40440.4664453125,0.016960198131303228,51.65861486508971,537.8179742529392,767.0642694872333,-229.24629523429417,48913.394938604055,47470.2572265625,46027.11951452094,0.3004039209128818,13679925,bull,hold
2025-01-13,45887.94140625,46082.212977553056,45559.174131737134,46082.212977553056,98844,47459.0494140625,45400.169765625,40490.13021484375,-0.0048611158761635576,44.61909279401313,387.60301446841913,691.1720184834705,-303.5690040150514,48946.99067064098,47459.0494140625,45971.10815748402,-0.02794692023839126,13581081,bull,hold
2025-01-14,46052.32421875,46052.32421875,45733.51959462885,45887.940584437536,79964,47397.2810546875,45480.966796875,40541.46275390625,-0.02612449774481318,45.91572481930679,278.6092616233582,608.6594671114481,-330.0502054880899,49006.196933099396,47397.2810546875,45788.3651762756,0.08203009430640529,13661045,bull,hold
2025-01-15,45524.3046875,45589.06187766714,45424.678241089016,45589.06187766714,50727,47295.6623046875,45549.310546875,40592.02318359375,-0.042735847274346206,42.47559806613917,147.91904523051926,516.5113827352623,-368.592337504743,49096.726249132495,47295.6623046875,45494.59836024251,0.008246883001881124,13610318,bull,hold
2025-01-16,46864.28125,46864.28125,46645.103063881805,46764.65480176445,130191,47247.34375,45655.313125,40649.28349609375,-0.020204012414567818,52.25239305907196,150.73345566085482,443.3557973203808,-292.622341659526,49040.23740428094,47247.34375,45454.45009571906,0.3931719962627589,13740509,bull,hold
2025-01-17,46470.75390625,46470.75390625,46181.83722423022,46291.42631051358,111154,47121.8142578125,45745.176171875,40703.8040625,-0.05125604263868322,49.586922164941456,119.82822324119479,378.6502825045436,-258.8220592633488,48756.04318884039,47121.8142578125,45487.5853267846,0.30080503434944256,13629355,bull,hold
2025-01-20,46988.8125,46988.8125,46744.727711226544,46874.24208894307,96196,47043.8564453125,45829.460078125,40759.9435546875,-0.03211578754260447,52.98689426395789,135.57576972731476,330.0353799490979,-194.45961022178312,48541.571065421536,47043.8564453125,45546.141825203464,0.48162402083365763,13725551,bull,hold
2025-01-21,46973.87109375,47287.69441070718,46520.570747034064,47128.2920909829,140055,47063.0345703125,45905.17625,40811.8240234375,0.008232667084146605,52.87613269494141,145.17666098022892,293.0636361553241,-147.8869751750952,48546.7853379718,47063.0345703125,45579.2838026532,0.46995335116046516,13585496,bull,hold
2025-01-22,48084.69921875,48269.00812490288,47845.59577293005,47845.59577293005,210658,47149.709375,45983.881015625,40870.1801953125,0.0373991606879136,59.63222431651092,239.65736169426964,282.38238126311325,-42.72501956884361,48659.30706409645,47149.709375,45640.11168590355,0.809681794859406,13796154,bull,hold
2025-01-23,48403.5078125,48667.51788907327,48403.5078125,48667.51788907327,226463,47179.09921875,46070.2571875,40929.53265625,0.012292965292690416,61.34510435124716,336.3815892571947,293.1822228619296,43.199366395265145,48760.592380097136,47179.09921875,45597.60605740287,0.8871052444852284,14022617,bull,hold
2025-01-24,48886.6953125,49011.22836556832,48737.25564881802,48797.03151429081,265968,47247.343359375,46166.0978125,40991.05197265625,0.028721185929093007,63.84881976003531,446.87414259843354,323.9206068092304,122.95353578920316,48991.527401762214,47247.343359375,45503.15931698779,0.9699480998809238,14288585,bull,hold
2025-01-31,47985.078125,48064.779282479496,47666.27349508201,47935.26490157531,142289,47222.1876953125,46240.917265625,41047.440546875,-0.010375996024160838,56.49546948758361,456.4259213689438,350.4216697211731,106.00425164777073,48907.582748638626,47222.1876953125,45536.79264198638,0.7263239197783139,14146296,bull,hold
2025-02-03,46490.68359375,46854.32014173497,46087.196465163935,46774.61898053279,177674,47138.9998046875,46283.258515625,41097.6273828125,-0.03455045399579815,46.86203230073624,339.49711396556086,348.23675857005065,-8.739644604489797,48796.128598414405,47138.9998046875,45481.87101096059,0.30438569005869964,13968622,bull,hold
2025-02-04,47207.9921875,47985.07847865226,46894.168877611584,47422.189049804794,259749,47120.3197265625,46351.104140625,41151.1766015625,-0.00785180850525835,51.1664225294164,301.2385103564666,338.8371089273338,-37.59859857086724,48765.45016741379,47120.3197265625,45475.18928571121,0.5266460515107041,14228371,bull,hold
2025-02-05,47795.78515625,47940.24349596144,47471.999222414015,47471.999222414015,116618,47161.4154296875,46437.480234375,41207.34099609375,0.017497260569809825,54.42435834625926,314.72037101480237,334.01376134482757,-19.293390330025204,48830.744639006094,47161.4154296875,45492.0862203689,0.6900073763225665,14344989,bull,hold
2025-02-06,48503.13671875,48503.13671875,48209.23869406003,48209.23869406003,147308,47239.3732421875,46538.601015625,41267.59009765625,0.033213124120097026,58.051281046280984,378.12343069280905,342.8356952144239,35.28773547838517,49003.725230318625,47239.3732421875,45475.02125405638,0.8581381394029912,14492297,bull,hold
2025-02-07,48338.75,48597.778751030506,48333.7686778648,48423.43247629843,212822,47281.21640625,46618.899921875,41329.682265625,0.017617474569061153,56.9176581120593,410.37562318192795,356.34368080792467,54.03194237400328,49107.107345642464,47281.21640625,45455.32546685754,0.7895938555075686,14279475,bull,hold
2025-02-10,48333.76953125,48333.76953125,48024.927553414534,48199.27383122488,103394,47304.1306640625,46708.563671875,41389.33359375,0.009572439051693582,56.88141584222411,430.57048733230477,371.18904211280073,59.38144521950403,49170.33542296868,47304.1306640625,45437.92590515631,0.7758643879439555,14176081,bull,hold
2025-02-11,48513.09765625,48712.35054733225,48423.43385526299,48468.265755756496,118716,47357.6798828125,46797.729375,41452.47185546875,0.022574550350464184,57.920385795063645,455.7912656571498,388.10948682167054,67.68177883547924,49296.690590353785,47357.6798828125,45418.66917527122,0.7979400188312004,14294797,bull,hold
2025-02-12,48607.74609375,48687.44725561719,48523.063609266115,48552.95154496631,101432,47440.369921875,46882.81046875,41514.01609375,0.03522176401244237,58.48891438846246,477.9072349640046,406.0690364501374,71.83819851386721,49443.45372926089,47440.369921875,45437.28611448911,0.7913947403425118,14396229,bull,hold
2025-02-13,48777.10546875,48777.10546875,48627.665807387406,48717.32960420496,85036,47534.516796875,46981.63984375,41575.7595703125,0.040152914137527196,59.54224054100168,503.2984746207803,425.514924084266,77.78355053651433,49602.02623406237,47534.516796875,45467.00735968764,0.8005037485017269,14481265,bull,hold
2025-02-14,49235.390625,49354.94236265682,49135.764176952645,49135.764176952645,189208,47701.8892578125,47090.133046875,41640.2676953125,0.07294834146327767,62.32791083566339,554.0146608946598,451.2148714463448,102.79978944831498,49751.00940133153,47701.8892578125,45652.76911429347,0.8741853234027458,14670473,bull,hold
2025-02-17,49579.1015625,49579.1015625,49369.88602290139,49369.88602290139,143480,47878.228125,47207.891484375,41703.08216796875,0.07658196200907685,64.31256770520471,614.8545436061613,483.9428058783081,130.91173772785322,49936.160102011425,47878.228125,45820.29614798858,0.9132482162918831,14813953,bull,hold
2025-02-18,49638.875,49638.875,49429.65947064727,49579.09913447065,108282,48083.956640625,47322.66109375,41766.9178125,0.09038183758641294,64.66123932910267,660.2824804188131,519.2107407864091,141.07173963240393,49975.4035754366,48083.956640625,46192.509705813405,0.9110393822732017,14922235,bull,hold
2025-02-19,49335.015625,49335.015625,49140.74405700979,49290.183724694565,141078,48207.493359375,47431.951328125,41835.48572265625,0.0527210555480353,61.37828283011792,664.1100878313591,548.1906101953991,115.91947763595999,50086.864086099224,48207.493359375,46328.12263265078,0.7999733500133552,14781157,bull,hold
2025-02-20,48901.640625,49041.11764827595,48816.95814658246,49031.15500375624,80011,48329.0376953125,47518.92515625,41902.13580078125,0.05231003404106738,56.9381083517419,624.9694943473805,563.5463870257954,61.42310732158512,50051.26228163704,48329.0376953125,46606.81310898796,0.6662393320343633,14701146,bull,hold
2025-02-21,48577.85546875,48597.78075811372,48438.378443203954,48533.02356768163,86148,48408.48984375,47590.158046875,41967.6152734375,0.033817474505234646,53.80629307271051,561.3526124086784,563.107632102372,-1.7550196936936118,50019.06374525871,48408.48984375,46797.91594224129,0.5525792777473125,14614998,bull,hold
2025-02-24,47506.87109375,47506.87109375,47272.748944079634,47377.35671308129,159748,48435.13984375,47627.2190625,42033.6676171875,0.011346733568886602,44.99112087589281,419.6784942241211,534.4218045267219,-114.74331030260078,49965.5203469978,48435.13984375,46904.759340502205,0.19671962363934448,14455250,bull,hold
2025-02-25,46201.765625,46316.33604110512,46107.12049865229,46256.56017183288,113510,48340.9931640625,47633.8940625,42095.53564453125,-0.03915868507743048,37.02963216648219,199.7866150143018,467.49476662423785,-267.70815160993607,50151.97092466632,48340.9931640625,46530.01540345868,-0.09062777732544759,14341740,bull,hold
2025-02-26,45748.4609375,45773.367547330956,45494.41351722425,45494.41351722425,152589,48208.2408203125,47618.65109375,42155.33640625,-0.054852364941913256,34.73077877031896,-10.931175563368015,371.8095781867167,-382.7407537500847,50341.92560565834,48208.2408203125,46074.55603496666,-0.07641594946598633,14189151,bull,hold
2025-02-27,46485.6953125,46485.6953125,45987.563129554226,46166.8907154147,119459,48088.1908203125,47626.123046875,42211.57548828125,-0.04911356729375982,41.131712494938924,-117.08817045397882,274.0300284585776,-391.1181989125564,50323.43918658401,48088.1908203125,45852.94245404099,0.14153972059813422,14308610,bull,hold
2025-02-28,44682.4609375,44841.863250766444,44343.73102180881,44841.863250766444,152977,47923.0599609375,47597.5303125,42265.5730078125,-0.0688259208184836,32.687674040239216,-342.77302348275407,150.66941807031128,-493.44244155306535,50607.260999868304,47923.0599609375,45238.85892200669,-0.10364312814816634,14155633,bull,hold
2025-03-04,44144.4765625,44333.76680278154,43980.09293278182,44318.82283644352,139792,47805.749609375,47534.666015625,42308.7610546875,-0.050466176229024384,30.665032124594646,-558.6015277248734,8.815228911274332,-567.4167566361477,50903.343261130576,47805.749609375,44708.15595761943,-0.09098665907969547,14015841,bull,hold
2025-03-05,44079.71875,44368.63542843824,43780.83942747768,44229.15841126116,187263,47649.3359375,47465.126796875,42350.205625,-0.06626575909170573,30.42101746904909,-726.4979701912016,-138.24741090922086,-588.2505592819807,51142.53273847191,47649.3359375,44156.13913652809,-0.010938459938304149,13828578,bull,hold
2025-03-06,44259.046875,44273.990841305575,44129.532500351714,44209.23365398143,95840,47472.4990234375,47393.6946875,42391.77474609375,-0.0739968654074411,32.03391095563899,-835.4562103549542,-277.68917079836757,-557.7670395565867,51263.52279339025,47472.4990234375,43681.47525348475,0.07617620681951678,13924418,bull,hold
2025-03-07,43302.6328125,43452.07247480013,42889.18308013632,43452.07247480013,128425,47212.473828125,47280.12046875,42431.7000390625,-0.10721995025611664,28.27002821410629,-987.5966233282088,-419.6706613043358,-567.925962023873,51379.78985252025,47212.473828125,43045.15780372976,0.030892186633194665,13795993,bull,hold
2025-03-10,42196.78125,42376.10885299846,42012.47232469602,42346.22091916539,148922,46905.375390625,47153.09671875,42464.153359375,-0.1270609759251119,24.661854643809136,-1183.7563692664771,-572.487802896764,-611.2685663697131,51570.8892798452,46905.375390625,42239.8615014048,-0.004616881701320772,13647071,bull,hold
2025-03-11,40612.71875,41100.88831181774,39711.099457255,41100.88831181774,340311,46519.3228515625,47033.544921875,42483.6303125,-0.15974443657364623,20.604964793258517,-1450.316638941571,-748.0535701057254,-702.2630688358456,51874.910322046606,46519.3228515625,41163.7353810784,-0.05144315484670717,13306760,bull,hold
2025-03-12,41265.2734375,41449.58236038598,41230.40418181886,41235.38550405903,139254,46156.931640625,46931.826328125,42506.44474609375,-0.14939932861236815,26.005029549182296,-1590.576685536682,-916.5581931919166,-674.0184923447653,51891.300572745444,46156.931640625,40422.562708504556,0.0734789424059456,13446014,bull,hold
2025-03-13,41688.6875,42440.867188433505,41668.76221024017,42440.867188433505,181591,45810.9787109375,46809.285859375,42532.54689453125,-0.14234477320559524,29.362218024408264,-1648.5641850281609,-1062.9593915591654,-585.6047934689955,51743.60006871413,45810.9787109375,39878.35735316088,0.1525742195282779,13627605,bull,hold
2025-03-14,41574.1171875,41658.79966919033,41265.275195452916,41464.52809354781,91954,45450.829296875,46690.331953125,42557.47841796875,-0.14767149899587084,28.979084907220596,-1684.348442492672,-1187.2372017458667,-497.11124074680515,51492.99639966386,45450.829296875,39408.662194086144,0.1791952255354172,13535651,bull,hold
2025-03-17,41987.56640625,42171.875334596334,41947.71582714809,42097.15549878025,139470,45088.4380859375,46560.319453125,42584.25302734375,-0.14720761076017153,32.4067540726208,-1660.207983540451,-1281.8313581047837,-378.3766254356674,51048.02958365051,45088.4380859375,39128.84658822449,0.2398419270114856,13675121,bull,hold
2025-03-18,42286.4453125,42515.5861399679,42241.61341147367,42430.903660251504,62061,44723.8052734375,46442.95953125,42612.09861328125,-0.14709133526364515,34.85443748830842,-1598.532577497659,-1345.1716019833589,-253.3609755143002,50426.604890848175,44723.8052734375,39021.00565602683,0.28630145503480164,13737182,bull,hold
2025-03-19,41733.51953125,41907.86581718862,41648.83704950839,41753.444821071556,50171,44328.5375,46325.998046875,42633.3688671875,-0.15925734555325843,32.5090607003479,-1576.1025344869413,-1391.3577884840754,-184.7447460028659,49700.10679640288,44328.5375,38956.96820359712,0.2584488046642369,13687011,bull,hold
2025-03-20,42814.46484375,42864.278066372164,42495.66021896815,42530.52947480367,59841,44002.5099609375,46242.809921875,42660.093671875,-0.1321688196232329,40.88399126195818,-1454.3386008234302,-1403.9539509519464,-50.384649871483816,48888.62287813555,44002.5099609375,39116.39704373945,0.3784263547199407,13746852,bull,hold
2025-03-21,42077.23046875,42276.483365488486,41967.64137554383,42107.11840326077,50174,43661.289453125,46145.474921875,42682.93302734375,-0.1395538077869959,37.468965510834984,-1401.1765676018913,-1403.3984742819353,2.2219066800439577,48060.08675144399,43661.289453125,39262.49215480601,0.319944080512604,13696678,bull,hold
2025-03-24,42809.484375,42844.353631530714,42555.436934561905,42560.41825692343,74786,43372.8708984375,46051.626875,42707.9392578125,-0.11874486920199223,42.59770625782082,-1285.1441608174646,-1379.7476115890413,94.60345077157672,47158.00850782114,43372.8708984375,39587.73328905385,0.42557912266639675,13771464,bull,hold
2025-03-25,43108.36328125,43312.597496009796,43098.40063662757,43312.597496009796,86140,43152.9455078125,45956.284453125,42733.144765625,-0.09258677137081894,44.595179350392826,-1155.7478705496978,-1334.9476633811726,179.19979283147472,46428.58275041822,43152.9455078125,39877.30826520678,0.4931948773230093,13857604,bull,hold
2025-03-26,43686.1953125,43840.61629935148,43656.307379561,43656.307379561,43465,43027.1669921875,45881.16609375,42760.26806640625,-0.054447493044266104,48.338119898352275,-995.1032318578655,-1266.9787770765113,271.8755452186458,46004.46923660622,43027.1669921875,40049.86474776878,0.6106754145548912,13901069,bull,hold
2025-03-27,42540.4921875,42540.4921875,42176.85566177547,42415.959130745025,60503,42866.7685546875,45792.89703125,42784.2033203125,-0.07012189446946904,42.244311680068,-949.2969610097571,-1203.4424138631605,254.1454528534034,45573.74109709639,42866.7685546875,40159.79601227861,0.4397340826188891,13840566,bull,hold
2025-03-28,42042.36328125,42087.195185222896,41882.960956013034,42087.195185222896,65896,42644.601953125,45695.8609375,42803.7301171875,-0.09558493212545727,39.88972644824395,-942.3274369292194,-1151.2194184763723,208.8919815471529,44800.26217339358,42644.601953125,40488.941732856416,0.3603122453593445,13774670,bull,hold
2025-03-31,39895.41015625,40249.08403826945,39790.80238832876,40249.08403826945,133527,42405.2494140625,45576.0103125,42812.04892578125,-0.10713489545586874,31.690981611385453,-1097.3951253341656,-1140.454559847931,43.05943451376538,44663.290532507235,42405.2494140625,40147.20829561776,-0.05575588002161627,13641143,bull,hold
2025-04-01,40269.01171875,40288.937009061105,40000.02029955004,40164.40394461668,65992,42211.476171875,45460.3440625,42823.03275390625,-0.08779048129074751,34.2244843528608,-1176.5780029980524,-1147.6792484779553,-28.8987545200971,44504.13347257177,42211.476171875,39918.818871178235,0.07637269806205602,13707135,bull,hold
2025-04-02,40921.55859375,41165.64336199026,40802.00687053028,41165.64336199026,61558,42053.5681640625,45368.289140625,42838.6741015625,-0.07164655868522296,38.51399106373535,-1173.152552415646,-1152.7739092654936,-20.378643150152357,44242.46038348315,42053.5681640625,39864.675944641844,0.24141952713137413,13768693,bull,hold
2025-04-03,39745.97265625,39925.30026818445,38963.905015313634,39750.95397880374,96834,41827.914453125,45225.92296875,42850.40513671875,-0.1019695302408159,34.188366766334084,-1250.8784701654295,-1172.3948214454808,-78.48364871994863,43991.18579437104,41827.914453125,39664.643111878955,0.01879781394510573,13671859,bull,hold
2025-04-04,38600.26953125,38943.98079691734,38137.00652100271,38764.653180047426,116023,41592.7962890625,45068.51328125,42856.43255859375,-0.10859301099799612,30.583272510343605,-1388.9149402524054,-1215.6988452068658,-173.21609504553953,44064.07130249454,41592.7962890625,39121.52127563045,-0.10546210792957281,13555836,bull,hold
2025-04-07,34141.98046875,35980.08825879505,33643.848276325865,35980.08825879505,396091,41190.05625,44811.576640625,42839.62060546875,-0.19088661605557888,21.210471429147617,-1836.882072055574,-1339.9354905766077,-496.94658147896644,45250.64410729276,41190.05625,37129.46839270724,-0.3678639680941458,13159745,bull,hold
2025-04-08,37275.23046875,37718.56810228184,37051.070991121545,37110.84685182247,182164,41023.1818359375,44617.603828125,42838.425078125,-0.0821784008550277,36.044936445096994,-1916.9744736443172,-1455.3432871901496,-461.6311864541676,45424.94215747312,41023.1818359375,36621.42151440189,0.07426675995389281,13341909,bull,hold
2025-04-09,35900.390625,36363.653609338144,35247.837388996806,36014.961040481474,249775,40754.9376953125,44373.91765625,42826.44501953125,-0.13000962711723218,33.10001744353585,-2067.552901471463,-1577.7852100464122,-489.76769142505077,45686.9302482052,40754.9376953125,35822.945142419805,0.007851338150822212,13092134,bull,hold
2025-04-10,41036.1328125,41768.387185337764,40632.6457090996,41768.387185337764,207208,40722.3099609375,44226.57015625,42840.890859375,-0.015653039868429586,49.649048182112885,-1752.27676129077,-1612.6835202952839,-139.5932409954862,45637.76809470515,40722.3099609375,35806.85182716985,0.5319220348360448,13299342,bull,hold
2025-04-11,40328.7890625,40413.47154941483,38600.27006488544,39437.13228851439,229621,40660.0435546875,44055.41203125,42851.3018359375,-0.029954409359639556,47.891852278865045,-1541.7228564621328,-1598.4913875286536,56.768531066520836,45562.29577919513,40660.0435546875,35757.791330179876,0.46621405049994424,13069721,bull,hold
2025-04-14,41165.6484375,41235.3869513099,40752.1986770556,40846.843802940464,176762,40618.94765625,43919.0234375,42863.6804296875,-0.019575270469299078,50.14021464897576,-1292.4314668503794,-1537.2794033929988,244.84793654261944,45489.67504098804,40618.94765625,35748.22027151196,0.5561210614007095,13246483,bull,hold
2025-04-15,40428.41015625,40488.186021439134,40159.4187628989,40433.39147834909,152086,40526.0458984375,43797.77796875,42865.897109375,-0.043939260974030336,48.16841360862168,-1141.2001673186605,-1458.0635561781312,316.86338885947066,45336.51505758194,40526.0458984375,35715.57673929306,0.4898517442938076,13094397,bull,hold
2025-04-16,39576.6015625,40154.43488927785,39491.91909219635,40154.43488927785,168615,40418.2,43645.15015625,42863.954375,-0.051683107319403176,45.92137463406166,-1077.6595194112597,-1381.982748824757,304.3232294134973,45212.23597967954,40418.2,35624.16402032045,0.41222443458212704,12925782,bull,hold
2025-04-17,39915.3359375,39920.31725984338,39312.59593395108,39442.11031487895,147723,40273.2435546875,43487.541171875,42861.887109375,-0.06771377189532268,46.98059195487164,-988.5743947611772,-1303.3010780120412,314.72668325086397,44942.38575675244,40273.2435546875,35604.10135262256,0.4616730866507757,13073505,bull,hold
2025-04-18,39327.54296875,39521.81455529607,38953.943763853706,39447.094714316816,81005,40135.7591796875,43304.029296875,42853.07017578125,-0.06534858566896751,45.32170987649071,-954.402019453999,-1233.5212663004327,279.1192468464337,44745.88686252385,40135.7591796875,35525.63149685115,0.4123434027709782,12992500,bull,hold
2025-04-21,38570.37890625,39078.47378529398,38510.60303812718,38704.87460952635,349066,39923.80390625,43108.661875,42841.7127734375,-0.09902257713773266,43.20537170146441,-977.1529666412098,-1182.247606368588,205.0946397273783,44410.885240077805,39923.80390625,35436.7225724222,0.34918648679302694,12643434,bull,hold
2025-04-22,38326.296875,38381.09142473031,38087.19338526774,38087.19338526774,91885,39684.7005859375,42908.512421875,42827.5409375,-0.11093129133784496,42.51614333775964,-1003.3130677378431,-1146.4606986424392,143.1476309045961,43972.74668709437,39684.7005859375,35396.65448478063,0.34160574782871206,12551549,bull,hold
2025-04-23,39985.07421875,40124.5512435569,39671.25091293447,39805.74661542684,150667,39499.64453125,42737.951953125,42824.97556640625,-0.08472060950318083,48.52582862237934,-880.050987696879,-1093.1787564533272,213.12776875644818,43381.14027988312,39499.64453125,35618.14878261688,0.5625312661582774,12702216,bear,death_cross
2025-04-24,40567.88671875,41339.99163542562,40408.48441337181,40816.952820903425,138165,39401.0142578125,42577.154765625,42826.56958984375,-0.04637006690133283,50.484547157983094,-726.9568966369043,-1019.9343844900426,292.9774878531383,43062.431320075455,39401.0142578125,35739.59719554955,0.6593471108446067,12840381,bear,hold
2025-04-25,43043.60546875,43138.25059129441,41783.33094223759,42719.81952320333,160979,39451.0763671875,42462.484765625,42844.1785546875,0.023815078633948605,57.82603715585016,-401.23374100145884,-896.1942557923259,494.960514790867,43279.16979054161,39451.0763671875,35622.9829438334,0.9692321613215475,13001360,bear,hold
2025-04-28,42904.125,43038.620689655174,42774.61063218391,43038.620689655174,75985,39601.512109375,42335.859453125,42857.6530078125,0.07541506233339623,57.31048298992451,-152.59171923863323,-747.4737484815874,594.8820292429542,43713.567322612056,39601.512109375,35489.45689613794,0.9015769146281898,12925375,bear,hold
2025-04-29,43203.00390625,43347.46223823216,42909.1059204932,42909.1059204932,71289,39748.21171875,42208.3375,42871.27689453125,0.07285980117892676,58.17106881334607,67.79441248995136,-584.4201162872797,652.2145287772311,44144.5684447261,39748.21171875,35351.85499277389,0.8929153618366752,12996664,bear,hold
2025-04-30,42983.83203125,43207.991544682176,42874.24293579427,43207.991544682176,31004,39851.325390625,42075.236640625,42880.268203125,0.05039576957401071,57.25948909060312,222.2052275195747,-423.09504752590885,645.3002750454835,44445.225904158484,39851.325390625,35257.42487709152,0.8409419328299268,12965660,bear,hold
2025-05-02,44373.62109375,44557.93002734551,43656.31064948642,43656.31064948642,243840,40082.7078125,41976.00875,42897.6779296875,0.11643062499748158,61.391137601734755,451.5164724570932,-248.1727435293085,699.6892159864017,45080.48556598251,40082.7078125,35084.93005901748,0.9292821222652449,13209500,bear,hold
2025-05-07,44632.64453125,44986.31838858468,44562.90602416992,44562.90602416992,124485,40384.3265625,41890.628828125,42914.290625,0.15627805383888083,62.125989483412376,646.6936311978061,-69.19946858388559,715.8930997816917,45705.486884195,40384.3265625,35063.166240804996,0.8991909388098217,13333985,bear,hold
2025-05-08,44886.6953125,44951.45250249695,44269.011346375264,44408.48837098407,99141,40921.5623046875,41816.805625,42928.313046875,0.31470684173065444,62.87239677766859,812.5066397559349,107.14175308407852,705.3648866718563,45761.102171225466,40921.5623046875,36082.02243814953,0.9096601244292482,13433126,bear,hold
2025-05-09,44782.0859375,44787.067259628755,44448.337354873474,44692.422139182425,131156,41296.905078125,41762.309921875,42938.49982421875,0.20138991427681274,62.327705432988104,924.8128742130939,270.6759773098816,654.1368969032123,46111.3831081787,41296.905078125,36482.427048071295,0.8619479450959431,13301970,bear,hold
2025-05-12,45584.078125,45584.078125,45036.13269895367,45036.13269895367,275943,41781.089453125,41749.956171875,42951.0029296875,0.26973766389206255,64.8424467356757,1066.2394959477533,429.78868103745594,636.4508149102974,46263.60633140957,41781.089453125,37298.57257484043,0.9242023817354119,13577913,bear,hold
2025-05-13,46012.47265625,46430.90371645623,45907.86489119844,46430.90371645623,194923,42029.9064453125,41755.23640625,42963.2569921875,0.12126727112634161,66.14256759268142,1199.0668744897484,583.6443197279145,615.4225547618339,46858.49284971251,42029.9064453125,37201.3200409125,0.9123946303734382,13772836,bear,hold
2025-05-14,47506.87109375,47506.87109375,45489.43554871815,47252.82365474599,287536,42388.810546875,41775.659921875,42982.435078125,0.17798902962659469,70.2723972687796,1408.6806005612307,748.6515758945778,660.0290246666528,47701.123257014384,42388.810546875,37076.497836735616,0.9817167988912228,14060372,bear,hold
2025-05-15,47491.9296875,47681.21994637613,47417.209848469945,47447.09778408197,130265,42705.124609375,41831.849296875,43001.314296875,0.15367864931375763,70.18022450148074,1555.6626315937465,910.0537870344116,645.6088445593349,48426.102486389376,42705.124609375,36984.14673236063,0.9183554963004947,13930107,bear,hold
2025-05-16,47476.984375,47621.44272636659,47332.52602363341,47481.96569746092,89077,43057.5533203125,41898.499453125,43019.07271484375,0.17434705424992658,70.0812057076507,1651.8989257748544,1058.4228147825002,593.4761109923543,49036.70102449745,43057.5533203125,37078.40561612755,0.8695703194950538,13841030,bear,hold
2025-05-19,46914.09375,47432.151272828625,46739.74746827883,47222.93573476322,170836,43424.4279296875,41955.186953125,43041.09015625,0.1853997538397154,66.28771003215724,1663.5697169335544,1179.452195212711,484.11752172084334,49404.644910831514,43424.4279296875,37444.21094854349,0.7917674919919818,13670194,bear,hold
2025-05-20,47447.09765625,47810.73420521653,47367.396494832676,47696.163785679135,94181,43801.016015625,42018.94796875,43064.3778515625,0.18869343178129183,68.05124096546076,1696.274269856367,1282.8166101414422,413.45765971492483,49798.46129003613,43801.016015625,37803.570741213865,0.8039695631889694,13764375,bear,hold
2025-05-21,47113.34375,47516.83083434658,47113.34375,47442.11100391203,65661,44190.3060546875,42095.1621875,43086.12130859375,0.19797323182474602,65.73248250560883,1675.94249093713,1361.4417863005797,314.5007046365504,49982.98019236017,44190.3060546875,38397.63191701483,0.7523046891506048,13698714,bear,hold
2025-05-22,47188.0625,47262.78232872374,46938.99640425419,46938.99640425419,73233,44621.190234375,42194.9878125,43111.451328125,0.22342750675839418,66.01169630358082,1646.8744448786165,1418.528318016187,228.3461268624294,49940.30872058824,44621.190234375,39302.071748161754,0.741287374240501,13771947,bear,hold
2025-05-23,47282.71484375,47447.09849206898,47143.237808812686,47242.86426233934,99191,45069.0111328125,42328.387734375,43141.18984375,0.23368858196660836,66.38535000133231,1612.8831490934099,1457.3992842316318,155.4838648617781,49649.67193777798,45069.0111328125,40488.350327847016,0.7416358474456157,13871138,bear,hold
2025-05-26,47661.29296875,47661.29296875,47237.880562568585,47237.880562568585,149425,45452.8220703125,42456.308125,43173.99185546875,0.1919771039564666,67.90514175329736,1598.0713216367003,1485.5336917126456,112.53762992405473,49523.192100336964,45452.8220703125,41382.45204028803,0.7712862567957032,14020563,bear,hold
2025-05-27,47815.7109375,47815.7109375,47467.01838977367,47661.28995207834,211853,45815.21328125,42578.84859375,43209.95701171875,0.17865915148594969,68.53013788925912,1580.573217043704,1504.5415967788574,76.03162026484665,49334.692320001195,45815.21328125,42295.7342424988,0.7842036611418249,14232416,bear,hold
2025-05-28,48229.16015625,48438.37568264563,48094.66446070995,48438.37568264563,115382,46074.491015625,42711.949453125,43245.12513671875,0.1204721266034452,70.20323084412013,1581.8333495045372,1519.9999473239934,61.83340218054377,49501.86593819194,46074.491015625,42647.11609305805,0.8143322789750786,14347798,bear,hold
2025-05-29,49090.93359375,49439.62617128044,48881.718047231734,48881.718047231734,234661,46383.8314453125,42854.016796875,43288.43775390625,0.14420078707466932,73.38002114463148,1633.5395012957306,1542.707858118341,90.83164317738965,49726.53602168518,46383.8314453125,43041.12686893982,0.9049269216867352,14582459,bear,hold
2025-05-30,47985.078125,48094.66721653431,47736.01200787657,48084.704571849375,107827,46622.93515625,42967.989453125,43332.87115234375,0.11068846576333091,63.956863082270985,1567.2177936387452,1547.6098452224219,19.607948416323325,49694.45871399083,46622.93515625,43551.41159850917,0.7217373468155789,14474632,bear,hold
2025-06-02,47740.98828125,48079.71816471463,47691.17506309344,47935.2598320606,62508,46860.79296875,43088.138828125,43376.15880859375,0.1106731537230432,62.062412335992775,1477.9247554472167,1533.672827267381,-55.74807182016434,49470.26530182334,46860.79296875,44251.32063567666,0.6686538886318328,14412124,bear,hold
2025-06-04,48826.921875,48981.34286848347,48707.37013810957,48896.66038818608,165241,47083.4580078125,43208.38796875,43422.41041015625,0.10035919249955572,66.77728080618417,1477.7505563034647,1522.488373074598,-44.73781677113334,49562.763307010755,47083.4580078125,44604.152708614245,0.8516033035042704,14577365,bear,hold
2025-06-05,49021.19140625,49275.23883656386,49021.19140625,49036.13537273905,308442,47302.8853515625,43347.2671875,43470.97830078125,0.09832594328860167,67.55414516614923,1476.2708978568917,1513.244878031057,-36.97398017416526,49648.95144935168,47302.8853515625,44956.81925377332,0.8662100689121134,14885807,bear,hold
2025-06-09,49404.75390625,49519.324317607505,49310.10878382423,49325.05275052304,93711,47528.78828125,43479.172578125,43522.1862890625,0.10065473883286336,69.09092671772538,1488.8855996681814,1508.373022358482,-19.48742269030072,49768.402762336875,47528.78828125,45289.17380016313,0.9188144077568211,14979518,bear,hold
2025-06-10,49494.41796875,49723.558792679396,49190.55731093058,49414.71681260064,239772,47764.4048828125,43606.893671875,43566.91857421875,0.10522806011820784,69.45514184933515,1488.9542445383631,1504.4892667944584,-15.535022256095317,49778.772662740106,47764.4048828125,45750.0371028849,0.9294183771147477,15219290,bull,golden_cross
2025-06-11,49414.71875,49594.04635836693,49255.31643145161,49594.04635836693,154084,47955.9369140625,43721.464140625,43623.60603515625,0.08403461872138052,68.68045620591295,1465.6821141570108,1496.727836266969,-31.045722109958206,49828.06984062276,47955.9369140625,46083.80398750224,0.8896042356932888,15065206,bull,hold
2025-06-12,49384.828125,49424.67870246621,49180.593915485675,49270.257714784646,106936,48124.5546875,43858.350859375,43699.34703125,0.0732922026152385,68.37244407249906,1428.361596175535,1483.0545882486822,-54.69299207314725,49869.28653936004,48124.5546875,46379.82283563996,0.8611653665164759,14958270,bull,hold
2025-06-13,48891.6796875,49414.71854304636,48587.819019039736,49369.88664114239,175892,48193.7951171875,43995.3371875,43759.82029296875,0.02914964850068147,63.32644559824753,1343.504772586908,1455.1446251163275,-111.63985252941939,49944.88101890938,48193.7951171875,46442.70921546563,0.6992719402361284,14782378,bull,hold
2025-06-16,49305.125,49305.125,48996.28303697717,48996.28303697717,90682,48284.4548828125,44183.531484375,43821.6633984375,0.03817901956039571,65.61746614359038,1294.6923029936806,1423.0541606917982,-128.36185769811755,50068.24659380476,48284.4548828125,46500.66317182023,0.7860956553665501,14873060,bull,hold
2025-06-17,49489.4375,49569.1386575239,49240.371382737794,49444.6055988928,128171,48385.0775390625,44367.94,43886.893828125,0.0423879728565848,66.61862188655974,1256.3975783494898,1389.7228442233366,-133.32526587384677,50202.05527413492,48385.0775390625,46568.09980399008,0.8039002458919745,15001231,bull,hold
2025-06-18,49703.6328125,49728.53942345034,49384.82819233563,49384.82819233563,159101,48524.5544921875,44543.581484375,43947.79048828125,0.05946057654582737,67.7923373548183,1229.1634733906612,1357.6109700568018,-128.44749666614052,50296.15031184327,48524.5544921875,46752.95867253173,0.8327729460723169,15160332,bull,hold
2025-06-19,49170.6328125,49599.02653369086,49021.19314231714,49325.05380502229,118048,48610.73125,44732.0746875,44003.50658203125,0.03632540748302149,61.95472896453348,1151.3001322019409,1316.3488024858295,-165.04867028388867,50331.23896762505,48610.73125,46890.22353237494,0.6627140514292131,15042284,bull,hold
2025-06-20,49434.64453125,49434.64453125,49145.727826008915,49165.65311602555,56557,48726.7962890625,44948.7621875,44060.5925390625,0.049270558964518374,63.62555562524177,1098.2366244221485,1272.7263668730934,-174.48974245094496,50337.260565974546,48726.7962890625,47116.33201215045,0.7197652727649293,15098841,bull,hold
2025-06-23,48831.90234375,48891.67821115029,48503.135073048434,48503.135073048434,112858,48808.98828125,45242.560625,44108.68720703125,0.03483592579691108,57.42507500893172,996.0651361397249,1217.3941207264197,-221.3289845866948,50256.48343313021,48808.98828125,47361.49312936979,0.5079150740056836,14985983,bull,hold
2025-06-24,50166.89453125,50166.89453125,49703.63157906986,49703.63157906986,114046,48953.197265625,45500.39390625,44157.5788671875,0.06099860587597461,65.4549893839934,1011.1601829425053,1176.147333169637,-164.98715022713168,50337.00976938881,48953.197265625,47569.38476186119,0.9385338556791055,15100029,bull,hold
2025-06-25,49718.578125,50256.56093609107,49718.578125,50211.72903516681,175610,49056.0615234375,45776.75765625,44205.54900390625,0.04316469462124961,61.27539863200129,975.7004614723992,1136.0579588301896,-160.3574973577904,50342.90691156869,49056.0615234375,47769.21613530631,0.7574188817370809,14924419,bull,hold
2025-06-26,50670.01171875,50759.67552242061,50445.852209573466,50485.70278898263,397728,49198.7765625,45969.435234375,44253.9674609375,0.059693785270303,66.20708244118148,1012.6973713722036,1111.3858413385924,-98.68846996638877,50535.853170192626,49198.7765625,47861.69995480738,1.0501686095566694,15322147,bull,hold
2025-06-27,51476.984375,51491.92834182069,51247.8435504161,51307.61941769886,215887,49361.1677734375,46192.399140625,44307.1181640625,0.06734150477072154,69.72842522730926,1094.5167306655421,1108.0120192039824,-13.495288538440263,50952.48961568475,49361.1677734375,47769.84593119024,1.1647984541500913,15538034,bull,hold
2025-06-30,52179.3515625,52179.3515625,51825.67767601432,51825.67767601432,183551,49515.588671875,46412.673203125,44364.1044921875,0.06291218648046248,72.42203630236595,1202.1763834661106,1126.844892056408,75.3314914097025,51518.27402447757,49515.588671875,47512.903319272424,1.1650477787644804,15721585,bull,hold
2025-07-01,52069.76171875,52254.07064284775,52029.911140566706,52234.145353756096,147138,49719.8228515625,46645.500234375,44424.453203125,0.08512403758329823,71.35515523863755,1264.0828887689422,1154.292491398915,109.79039737002722,51883.19283951551,49719.8228515625,47556.45286360949,1.0431199656724046,15574447,bull,hold
2025-07-02,51402.26171875,51412.224362750145,51133.270330746076,51307.61660074862,208724,49902.8865234375,46882.0134375,44481.19044921875,0.07669035705609684,65.06768059203006,1244.9317702595508,1172.4203471710423,72.51142308850854,51983.53145469469,49902.8865234375,47822.241592180304,0.8603150092520908,15365723,bull,hold
2025-07-03,51711.10546875,51711.10546875,51481.9646488326,51481.9646488326,170590,50047.095703125,47117.928828125,44542.4108984375,0.05906953547335414,66.53690854426755,1240.377184301935,1186.0117145972208,54.36546970471409,52207.718147200234,50047.095703125,47886.473259049766,0.885076478814699,15536313,bull,hold
2025-07-04,52278.98046875,52348.71898485886,52169.39137200751,52199.27930748273,79033,50209.98515625,47376.957578125,44610.53048828125,0.0664567500104587,69.10957924054051,1267.973993773303,1202.4041704324372,65.5698233408657,52522.54292768419,50209.98515625,47897.427384815805,0.9473391623027134,15615346,bull,hold
2025-07-07,52059.80078125,52259.0536787,52044.85681394125,52259.0536787,110691,50342.7375,47646.746015625,44675.0884375,0.05374071653181778,66.96951156258044,1257.661160096759,1213.4555683653016,44.20559173145739,52757.714684827995,50342.7375,47927.76031517201,0.8555030026861922,15504655,bull,hold
2025-07-08,52119.578125,52124.55944757717,51850.58670583246,51850.58670583246,99876,50473.9955078125,47922.611640625,44738.450859375,0.053039519686997494,67.26722135875164,1240.0175467735753,1218.7679640469564,21.249582726618883,52974.136195991894,50473.9955078125,47973.8548196331,0.8290980033579263,15604531,bull,hold
2025-07-09,51711.10546875,51815.71323436446,51606.49770313554,51815.71323436446,118687,50588.81484375,48157.132265625,44800.368671875,0.04647171484204793,63.08311857596663,1179.4782355884745,1210.91001835526,-31.431782766785545,53094.7366905424,50588.81484375,48082.8929969576,0.7239276987900765,15485844,bull,hold
2025-07-10,52169.38671875,52278.97580571768,52124.55481953595,52189.31200728958,70392,50728.0427734375,48389.162265625,44872.02498046875,0.056384899967696356,65.66363681402385,1155.1638523455767,1199.7607851533235,-44.596932807746725,53260.20219243822,50728.0427734375,48195.88335443677,0.7846076622382067,15556236,bull,hold
2025-07-11,51641.3671875,51885.451975016884,51262.786700739125,51885.451975016884,113344,50865.5271484375,48561.1175,44939.64642578125,0.05624039749861587,60.422969700836084,1080.8286452909379,1175.9743571808463,-95.1457118899084,53279.77857075111,50865.5271484375,48451.27572612389,0.6606792134182539,15442892,bull,hold
2025-07-14,51237.8828125,51322.56529430173,51113.349751026886,51322.56529430173,155232,50962.1650390625,48727.79265625,45004.45345703125,0.03919993737973493,56.69906179927709,978.0848873958093,1136.396463223839,-158.31157582802962,53271.28027604564,50962.1650390625,48653.04980207936,0.5597020384737761,15287660,bull,hold
2025-07-15,51960.171875,51960.171875,51462.03965493481,51476.98362153677,104406,51085.7017578125,48902.936015625,45077.33021484375,0.0499244788344988,61.29744824066163,944.0598753708982,1097.9291456532508,-153.86927028235255,53329.891175442535,51085.7017578125,48841.51234018247,0.6948298370711904,15392066,bull,hold
2025-07-16,51795.7890625,51870.508896692874,51691.181294629976,51706.12526146855,74443,51190.3095703125,49079.17515625,45149.21068359375,0.04209262244255596,59.74248022734136,893.5304264867591,1057.0494018199524,-163.51897533319334,53360.89401847266,51190.3095703125,49019.72512215234,0.6394738391083377,15317623,bull,hold
2025-07-17,52005.00390625,52005.00390625,51641.36738468331,51641.36738468331,114229,51332.028125,49231.8028125,45219.19826171875,0.057643575679779735,61.095185503807926,860.4486472158678,1017.7292508991356,-157.28060368326783,53318.99233771648,51332.028125,49345.06391228351,0.6693477358431992,15431852,bull,hold
2025-07-18,52169.38671875,52199.27465155937,51935.26457840996,51935.26457840996,98893,51468.765234375,49382.53765625,45283.35767578125,0.05532035707814664,62.170740459070636,837.837350525384,981.7508708243854,-143.91352029900145,53283.55437276937,51468.765234375,49653.97609598063,0.6930310991928437,15530745,bull,hold
2025-07-21,52189.31640625,52189.31640625,52019.95143938807,52094.67127770951,75643,51636.6359375,49528.590078125,45345.1758984375,0.06875452115024383,62.306797512022996,812.1637757618882,947.8334518118861,-135.66967604999786,53012.850652735426,51636.6359375,50260.42122226458,0.7007973256758312,15606388,bull,hold
2025-07-22,52393.546875,52677.48224026668,52343.73365302339,52577.85579631346,160856,51747.9685546875,49680.819296875,45404.92685546875,0.044384894950253884,63.74578320212806,799.0856132604385,918.0838841015967,-118.99827084115816,52983.6635045208,51747.9685546875,50512.27360485419,0.7612207488586044,15767244,bull,hold
2025-07-23,52000.0234375,52104.63120569499,51815.71451258502,52104.63120569499,80411,51862.0408203125,49809.138203125,45460.84220703125,0.04588717937114173,59.06659886745913,748.340617844653,884.135230850208,-135.794613005555,52676.84957791931,51862.0408203125,51047.23206270568,0.5846717808929629,15686833,bull,hold
2025-07-24,52577.859375,52682.46714827096,52423.43837636191,52423.43837636191,174141,51957.433203125,49940.4459375,45519.37275390625,0.03765240211191845,63.32377791085772,746.1502190961692,856.5382284994004,-110.3880094032312,52625.12104151266,51957.433203125,51289.74536473734,0.964607962137823,15860974,bull,hold
2025-07-25,52622.6875,52677.482043970085,52533.02370077622,52587.818244746304,109437,52014.718359375,50042.762265625,45578.65048828125,0.022256609218865187,63.63971605256003,739.5069910841485,833.13198101635,-93.62498993220152,52703.940481507794,52014.718359375,51325.49623724221,0.9410545752243432,15970411,bull,hold
2025-07-28,52866.7734375,52896.66137122515,52617.70732312376,52617.70732312376,153571,52049.089453125,50150.259140625,45639.49734375,0.01317421268021346,65.38803471399999,745.3459955922954,815.5747839315392,-70.2287883392438,52830.16588870121,52049.089453125,51268.013017548794,1.023434037394679,16123982,bull,hold
2025-07-29,52871.75390625,52941.49241714952,52777.10878431494,52866.7725840429,118162,52089.1890625,50258.15453125,45698.07767578125,0.015402263444797226,65.42456668484571,741.8240451147067,800.8246361681728,-59.00059105346611,52948.7926778357,52089.1890625,51229.5854471643,0.9551893627415621,16242144,bull,hold
2025-07-30,52757.18359375,52782.09020483193,52602.762605042015,52782.09020483193,65923,52156.93515625,50375.016328125,45759.0988671875,0.026359187897480485,63.75745618942307,721.4713348247024,784.9539758994787,-63.482641074776325,53002.76595863448,52156.93515625,51311.10435386552,0.8548277242965373,16176221,bull,hold
2025-07-31,53738.5,54027.416666666664,53693.668103448275,53738.5,431277,52258.3048828125,50500.844375,45826.99427734375,0.039206172694861374,70.65480482430726,775.5852342718572,783.0802275739544,-7.494993302097214,53323.59503547275,52258.3048828125,51193.01473015226,1.1947380079930112,16607498,bull,hold
2025-08-01,52523.0625,52682.46481411229,52403.51076441578,52652.576880216235,171254,52270.508984375,50609.03875,45891.85109375,0.004668836864481385,56.350427007303274,712.1856086618282,768.9013037915292,-56.71569512970109,53342.04114543041,52270.508984375,51198.976823319594,0.6178469134217324,16436244,bull,hold
2025-08-04,51726.0546875,51731.03601017792,51407.250036113255,51412.23135879117,189316,52253.8216796875,50699.79859375,45948.38912109375,-0.006410821569455605,49.30179790175085,590.8184912048309,733.2847412741896,-142.4662500693587,53348.11314658717,52253.8216796875,51159.530212787824,0.2588544696950083,16246928,bull,hold
2025-08-05,52657.5546875,53290.18257940356,52343.73140253997,53290.18257940356,83141,52280.7205078125,50807.295390625,46007.093984375,0.010321966943204197,56.19795022912966,563.305011815959,699.2887953825436,-135.98378356658463,53386.87394591948,52280.7205078125,51174.56706970552,0.6703354013582418,16330069,bull,hold
2025-08-06,52074.7421875,52074.7421875,51666.27376781614,51760.91888945021,116195,52298.90234375,50895.564375,46065.0267578125,0.007032081705732551,51.47969992717222,488.83727141936834,657.1984905899086,-168.36121917054027,53378.64595551447,52298.90234375,51219.15873198553,0.39619750753436384,16213874,bull,hold
2025-08-07,52941.4921875,52981.34276498401,52702.38872259598,52981.34276498401,108041,52337.5076171875,50998.08,46122.21234375,0.014799972116070537,57.23068769789672,494.0652551950334,624.5718435109336,-130.50658831590022,53450.66271897329,52337.5076171875,51224.352515401704,0.7712939864999735,16321915,bull,hold
2025-08-08,52717.3359375,52752.205194947084,52533.02700527969,52742.242549962204,71534,52391.3060546875,51087.843515625,46176.06046875,0.020835404029745375,55.4018102400245,474.64947034469515,594.5873688776859,-119.93789853299074,53468.092386387136,52391.3060546875,51314.51972298786,0.6513902402057261,16250381,bull,hold
2025-08-11,53155.69140625,53270.26182161349,53075.99024773627,53270.26182161349,130523,52487.196484375,51169.138671875,46231.87619140625,0.0374295050552349,58.21401261777661,488.99708974577516,573.4693130513037,-84.47222330552859,53473.84174186402,52487.196484375,51500.55122688599,0.8387716693517077,16380904,bull,hold
2025-08-12,52881.71875,53016.21445518557,52802.017591371514,53011.23313277129,159907,52533.273828125,51267.071484375,46286.02318359375,0.017735639466646802,55.843891764226925,472.8101170999362,553.3374738610303,-80.5273567610941,53503.09595281321,52533.273828125,51563.45170343679,0.6796437269293191,16220997,bull,hold
2025-08-13,53643.859375,53728.54185335221,53539.25160762373,53599.02747469588,158563,52625.67734375,51385.12890625,46346.4964453125,0.03567993356120125,60.64415222445362,515.5374092765633,545.7774609441369,-30.240051667573653,53647.58957589866,52625.67734375,51603.765111601344,0.9981748917464194,16379560,bull,hold
2025-08-14,53788.3203125,53788.3203125,53280.22541790146,53419.702447791264,236605,52714.8431640625,51484.356875,46406.0481640625,0.034291246462836655,61.498532660805544,554.6620872294588,547.5543862012014,7.107701028257452,53812.93381037555,52714.8431640625,51616.752517749446,0.9887925928710015,16616165,bull,hold
2025-08-18,53529.28515625,53788.31389514122,53529.28515625,53788.31389514122,148353,52782.8380859375,51574.51875,46465.40060546875,0.026066981481521756,59.024161669032054,558.3306163266825,549.7096322262977,8.620984100384817,53905.54394006767,52782.8380859375,51660.132231807336,0.832432162692702,16467812,bull,hold
2025-08-19,53479.4765625,53723.56135679606,53364.90614885083,53723.56135679606,71395,52847.34609375,51656.013203125,46522.63599609375,0.024720771320459356,58.53645718440978,550.868742854982,549.9414543520345,0.9272885029474764,53974.47995410735,52847.34609375,51720.212233392645,0.7804149937211482,16396417,bull,hold
2025-08-20,52358.6796875,52607.74580721982,52254.071917217676,52298.90381876725,160797,52845.602734375,51713.2984375,46573.89380859375,-0.0006654862970660869,48.77093787220226,449.33654149845825,529.8204717813193,-80.48393028286102,53975.64291378822,52845.602734375,51715.56255496178,0.28455498497060483,16235620,bull,hold
2025-08-21,52259.05078125,52273.9947477302,51980.09674028632,52049.83525052724,89989,52858.5541015625,51770.185078125,46624.10552734375,0.004981292826941264,48.00429667234828,356.7202710881029,495.200431642676,-138.4801605545731,53954.9699098772,52858.5541015625,51762.13829324779,0.22660768124367342,16145631,bull,hold
2025-08-22,51770.8828125,52029.9115728435,51760.9201678714,51965.154382757624,148467,52818.2052734375,51817.906171875,46674.51650390625,-0.015348220184173256,44.327474415325845,241.15030364593258,444.39040604332735,-203.24010239739476,54008.35794167142,52818.2052734375,51628.052605203586,0.06000499394265186,15997164,bull,hold
2025-08-25,52802.015625,52831.90355837264,52647.59463590802,52826.922236143866,84219,52827.1716796875,51896.112890625,46729.11177734375,0.0034078100819157076,52.58805071303877,230.11149022376048,401.53462287941403,-171.42313265565355,54013.994652559806,52827.1716796875,51640.34870681519,0.4894019347187832,16081383,bull,hold
2025-08-26,52692.42578125,52826.921479500495,52448.340995536135,52802.01486871337,99852,52818.454296875,51963.85890625,46780.8926171875,-0.0032978683001358977,51.709871275413235,210.0982843064121,363.2473551648137,-153.14907085840161,54006.546224913334,52818.454296875,51630.36236883667,0.44696179956668436,15981531,bull,hold
2025-08-27,53021.19140625,53036.13537226078,52866.7704241386,52956.434220203286,137225,52825.926171875,52034.493984375,46835.9362109375,0.0028264146535592616,54.18179486079485,218.25045734203013,334.24797560025706,-115.99751825822693,54017.14043103975,52825.926171875,51634.71191271025,0.5819605847028378,16118756,bull,hold
2025-08-28,52921.56640625,52921.56640625,52557.9298900926,52557.9298900926,40548,52834.1453125,52098.85265625,46890.00845703125,0.0031158375277537953,53.29156578591005,214.20300935179694,310.23898235056504,-96.0359729987681,54025.61729984329,52834.1453125,51642.673325156706,0.5366861725154495,16078208,bull,hold
2025-08-29,53673.75,53868.02157772622,53653.8247099768,53658.8060324826,151805,52830.9078125,52188.915,46950.5564453125,-0.001204908957265327,58.79617090045915,268.59412157480983,301.91001019541403,-33.3158886206042,54012.84659987121,52830.9078125,51648.96902512879,0.8565506930247172,16230013,bull,hold
2025-09-01,52792.0546875,53285.205604093935,52712.3535292626,53285.205604093935,84052,52844.357421875,52256.063203125,47004.6287109375,0.0051214109516177775,51.18192596070209,237.81267036406643,289.0905422291445,-51.277871865078055,54018.07114118733,52844.357421875,51670.64370256267,0.47771912625949203,16145961,bull,hold
2025-09-02,52811.9765625,52921.565647990945,52722.312765280134,52792.05127422892,79373,52898.653515625,52335.6646875,47054.8155078125,0.02099371161323882,51.33527759631912,212.57524226033274,273.78748223538213,-61.212239975049386,53955.01573313593,52898.653515625,51842.291298114076,0.4589738483220097,16225334,bull,hold
2025-09-03,52941.4921875,52941.4921875,52772.12723319298,52826.92177723349,70346,52912.850390625,52391.156640625,47103.58265625,0.005392151262720857,52.38252848984832,200.7115493897727,259.17229566626025,-58.460746276487555,53963.48649838186,52912.850390625,51862.21428286813,0.5136306931884123,16295680,bull,hold
2025-09-04,53439.62109375,53589.060750052435,53275.23747181732,53434.639771873255,73189,52981.0943359375,52465.5775,47150.03345703125,0.026209998339226104,56.27948880004425,228.86610106508306,253.11105674602481,-24.244955680941757,53981.204174575396,52981.0943359375,51980.98449729961,0.7292381996946414,16368869,bull,hold
2025-09-05,54286.44921875,54306.37450750711,54062.2897202325,54062.2897202325,257874,53048.3421875,52537.90625,47201.04220703125,0.02540459242226567,61.97653287469543,315.8695905421482,265.66276350524953,50.20682703689869,54198.388796627456,53048.3421875,51898.29557837254,1.0382855883507867,16626743,bull,hold
2025-09-08,54470.7578125,54545.47764489026,54366.150047153635,54371.131369312985,115457,53136.01328125,52597.78171875,47252.92267578125,0.03326082101490857,63.10343268761031,395.1377440151555,291.55775960723076,103.57998440792471,54430.07762856404,53136.01328125,51841.948933935964,1.0157179911572394,16742200,bull,hold
2025-09-09,54914.09375,54953.94432601597,54764.65408994014,54829.41127596608,313928,53223.9333984375,52652.4765625,47306.2726171875,0.03308022710703096,65.73411036010394,488.1052582003904,330.8672593258627,157.2379988745277,54732.54843611729,53223.9333984375,51715.3183607577,1.0601695294519662,17056128,bull,hold
2025-09-10,55262.79296875,55262.79296875,55008.745515946124,55113.353290630075,118449,53342.987109375,52716.3371875,47360.7184765625,0.04502641508318983,67.68566035413102,583.1970630241412,381.3332200655184,201.86384295862285,55082.86977321518,53342.987109375,51603.10444553482,1.0517055544244878,17174577,bull,hold
2025-09-11,55457.0625,55506.87572419833,55262.79092562652,55262.79092562652,97937,53433.647265625,52797.433203125,47418.925234375,0.03380075829974705,68.75338447623722,666.5503534783711,438.376646748089,228.1737067302821,55400.89731470653,53433.647265625,51466.39721654346,1.0142750499154107,17272514,bull,hold
2025-09-12,55297.66015625,55297.66015625,55153.201806143596,55272.75354416269,113263,53509.1142578125,52869.164296875,47478.0286328125,0.02806073576904833,66.80293804772137,711.5437661165415,493.01007062177956,218.53369549476196,55634.44762112737,53509.1142578125,51383.78089449763,0.9207683202337523,17159251,bull,hold
2025-09-15,55472.0078125,55472.0078125,55297.661523577815,55302.64284611845,128966,53606.250390625,52933.02484375,47538.15318359375,0.03629270689080322,67.87636075674567,752.5943296095138,544.9269224193265,207.6674071901873,55897.49656692432,53606.250390625,51315.00421432568,0.9071490530293997,17288217,bull,hold
2025-09-16,56433.3984375,56433.3984375,56000.02341198473,56000.02341198473,181786,53753.946484375,53020.496796875,47598.70115234375,0.05523468187927816,73.05102158244534,852.8720080771163,606.5159395508845,246.35606852623187,56353.54095102948,53753.946484375,51154.35201772053,1.015359604641199,17470003,bull,hold
2025-09-17,56139.5,56154.44396628217,55995.04165927241,56124.55603371784,117230,53942.9875,53100.895234375,47660.1457421875,0.07221000099822272,69.3720715424871,898.2729120551303,664.8673340517337,233.4055780033966,56656.613228982584,53942.9875,51229.36177101742,0.9047191321449357,17352773,bull,hold
2025-09-18,56503.13671875,56503.13671875,56069.7616949881,56119.574916110156,532763,54155.191796875,53196.735859375,47722.38736328125,0.08121245744139571,71.29810282727628,952.6147498634964,722.4168172140862,230.19793264941018,56970.753228001966,54155.191796875,51339.63036574803,0.9169585674668096,17885536,bull,hold
2025-09-19,56523.0625,56642.614231735264,56358.67886886402,56503.137211377456,126032,54392.80078125,53283.809375,47783.23421875,0.09179251790453513,71.40421861266614,985.923776281852,775.1182090276394,210.80556725421263,57165.15186316155,54392.80078125,51620.44969933845,0.8841976820051911,18011568,bull,hold
2025-09-22,56896.6640625,56976.36522035326,56787.07497045176,56787.07497045176,178506,54597.533203125,53388.9153125,47848.53935546875,0.07754719945882749,73.39068445292058,1030.5879669084024,826.2121606037921,204.37580630461036,57472.60117565683,54597.533203125,51722.46523059317,0.8998393918579857,18190074,bull,hold
2025-09-23,56896.6640625,56896.6640625,56702.39249023266,56866.77612830503,120642,54807.7451171875,53502.0909375,47913.9690234375,0.07978828491790613,73.39068445292058,1053.8366864373747,871.7370657705087,182.09962066686603,57709.56753342052,54807.7451171875,51905.92270095448,0.8599322504414679,18310716,bull,hold
2025-09-24,56343.73828125,56343.73828125,55975.12041962746,56189.31728516488,96574,54973.8724609375,53589.762265625,47977.23181640625,0.06266450803684398,65.57213833061603,1015.9339207670564,900.5764367698183,115.35748399723809,57827.58588831299,54973.8724609375,52120.159033562006,0.7400146081893622,18214142,bull,hold
2025-09-25,55795.7890625,55925.3034376116,55765.901129781945,55925.3034376116,89944,55117.58359375,53669.762265625,48036.7087890625,0.05431098985593441,58.877978045343156,930.9493784097722,906.6510250978092,24.298353311962956,57829.37011159568,55117.58359375,52405.797075904324,0.6250477248645636,18124198,bull,hold
2025-09-26,55506.875,55561.669545903256,55352.45400699991,55397.28590819349,242382,55209.23984375,53739.7996875,48094.89064453125,0.0341531009105942,55.65193553237246,830.7096621365708,891.4627525055615,-60.753090368990684,57842.405451193095,55209.23984375,52576.07423630691,0.556516604084582,17881816,bull,hold
2025-09-29,55955.1953125,55985.08324732373,55731.035801321996,55731.035801321996,109776,55367.396875,53815.515859375,48151.901875,0.059916982654379725,59.37197328215751,778.4709388497504,868.8643897743993,-90.39345092464896,57770.77774919336,55367.396875,52964.01600080664,0.6222857441805354,17991592,bull,hold
2025-09-30,55895.41796875,55955.193836821025,55745.97829857243,55955.193836821025,106792,55521.5689453125,53889.637890625,48206.29791015625,0.058385268019668146,58.66535115729554,723.9031374700498,839.8721393135295,-115.96900184347965,57626.536920784376,55521.5689453125,53416.60096984063,0.5888015940845115,17884800,bull,hold
2025-10-01,55427.17578125,55731.03645552485,55422.19445872091,55731.03645552485,90199,55645.853125,53950.31046875,48255.1646875,0.046951521217924785,53.31285573103791,635.5483249934186,799.0073764495073,-163.45905145608867,57389.276982563984,55645.853125,53902.42926743602,0.4372850891074903,17794601,bull,hold
2025-10-02,55990.0625,55990.0625,55750.95903024911,55750.95903024911,178324,55773.3751953125,54030.11125,48305.774921875,0.0477256641055841,58.24482217248544,603.984397340857,760.0027806277773,-156.0183832869203,57196.288859974215,55773.3751953125,54350.46153065079,0.5761421125079339,17972925,bull,hold
2025-10-10,56672.50390625,56846.850187055024,56557.933493149554,56557.933493149554,115956,55892.6779296875,54112.004140625,48356.58439453125,0.04395304393339994,63.30595200542633,626.8115816177306,733.3645408257679,-106.55295920803735,57191.61882255937,55892.6779296875,54593.73703681563,0.8001776219541272,18088881,bull,hold
2025-10-13,55850.5859375,55870.51122681056,55452.0801512888,55452.0801512888,141812,55961.6693359375,54176.562109375,48405.2768359375,0.02533153898371787,54.705591636155376,571.986870007102,701.0890066620348,-129.1021366549328,57086.03189750655,55961.6693359375,54837.306774368444,0.4506016109774764,17947069,bull,hold
2025-10-14,55780.84765625,56463.28881796694,55506.874927093566,56059.801707754734,167904,56005.00703125,54234.84359375,48453.6205859375,0.01578381517495231,54.03482217827646,516.9514995001227,664.2615052296524,-147.31000572952962,57026.640488433484,56005.00703125,54983.37357406652,0.3902936403345761,17779165,bull,hold
2025-10-15,55790.8125,55790.8125,55292.68024553572,55437.138599330356,104421,56031.4080078125,54293.224765625,48496.13619140625,0.009554702230641698,54.1213858736299,468.7363506043257,625.1564743045872,-156.42012370026146,57000.91633222843,56031.4080078125,55061.899683396565,0.37591880247266535,17883586,bull,hold
2025-10-16,55765.8984375,55765.8984375,55467.019124748775,55731.029184345694,89166,56046.8498046875,54353.3990625,48537.18228515625,0.005568919873821354,53.84833857061905,423.6317776733922,584.8515349783482,-161.21975730495603,56988.71874921509,56046.8498046875,55104.980860159914,0.35085432064626615,17794420,bull,hold
2025-10-17,54839.375,55327.54456580979,54759.6738463984,55217.95547960759,165282,56023.935546875,54375.4165625,48572.2258984375,-0.008287604845396035,44.796971454498525,309.5550229249566,529.79223256767,-220.23720964271342,57055.61326338678,56023.935546875,54992.25783036322,-0.07409427765878868,17629138,bull,hold
2025-10-20,55890.4375,55900.40014483066,55397.28658088235,55397.28658088235,72136,56044.85703125,54442.7640625,48606.7713671875,0.007543078103722678,54.20173197333349,300.4963971485413,483.93306548384425,-183.43666833530295,57047.47738692934,56044.85703125,55042.23667557066,0.4229920226657616,17701274,bull,hold
2025-10-21,56458.30859375,56727.3000057901,56458.30859375,56498.1591733115,57717,56046.1025390625,54537.409140625,48646.32306640625,0.0004414080480654725,58.33213118420616,335.2749810456735,454.2014485962101,-118.92646755053664,57050.71038618311,56046.1025390625,55041.49469194189,0.7051576920631054,17758991,bull,hold
2025-10-22,56378.60546875,56478.23191417985,55970.13704248763,56458.30662509388,47027,56058.0578125,54611.83015625,48695.26455078125,0.0042591307145591895,57.547653016525075,352.34427776228404,433.830014429425,-81.48573666714094,57072.47007324644,56058.0578125,55043.645551753565,0.6579967379407105,17711964,bull,hold
2025-10-23,55920.32421875,56019.95066489065,55636.38884724913,55760.92190492495,91007,56028.9171875,54688.741796875,48743.11015625,-0.010314692844416884,53.123772876137274,325.1442905429649,412.092869652133,-86.94857910916812,57023.80943928552,56028.9171875,55034.024935714486,0.4454247590354067,17620957,bull,hold
2025-10-24,56592.80078125,56592.80078125,56254.07087603699,56269.014842443445,106847,56032.4041015625,54761.76796875,48786.99560546875,0.0012338022422262451,58.20146685752636,353.7732651940023,400.4289487605069,-46.65568356650459,57034.66104559984,56032.4041015625,55030.147157525156,0.7795673719306375,17727804,bull,hold
2025-10-27,57628.9140625,57643.858028459676,57285.20284542744,57285.20284542744,208941,56069.0166015625,54859.99953125,48837.53111328125,0.012869823074260323,64.56950759791931,454.82468070187315,411.3080951487802,43.516585553092966,57235.00838382542,56069.0166015625,54903.02481929958,1.168914431759587,17936745,bull,hold
2025-10-28,57813.22265625,58017.45685656933,57773.37208057793,57793.297368413965,209725,56114.84453125,54953.15015625,48884.15626953125,0.016109179841250043,65.57424213274504,543.5155102370627,437.7495781664367,105.76593207062598,57464.876726447335,56114.84453125,54764.81233605266,1.1290139342757473,18146470,bull,hold
2025-10-29,58754.69921875,59013.72799021037,58500.65176981772,58530.53970498622,247444,56235.392578125,55070.609765625,48937.15755859375,0.042790219659640805,70.21991556372421,681.9122618929978,486.582114911749,195.3301469812488,58009.58188203627,56235.392578125,54461.20327421373,1.209988115437031,18393914,bull,hold
2025-10-30,59044.96484375,59503.45039115252,58780.83730013768,58780.83730013768,372073,56397.8513671875,55178.631875,48994.4744140625,0.058233351223161645,71.49701943685741,805.726778012111,550.4110475318214,255.31573048028963,58538.474002427625,56397.8513671875,54257.22873194737,1.118304560781578,18765987,bull,hold
2025-10-31,59403.77734375,59493.48103436976,59049.94611963874,59049.94611963874,128267,56592.696484375,55290.941015625,49056.6239453125,0.07020575998468659,73.03636249526181,922.1736008631269,624.7635581980825,297.41004266504444,59058.21006285564,56592.696484375,54127.18290589436,1.070080182058318,18894254,bull,hold
2025-11-03,58546.609375,58636.313066585804,58441.955068149895,58551.59291342143,194071,56722.2671875,55391.2875,49114.63708984375,0.046312304836528595,64.1265949455584,934.5196941838658,686.7147853952391,247.80490878862668,59309.51988200838,56722.2671875,54135.01449299162,0.8525635882749854,18700183,bull,hold
2025-11-04,57664.5234375,58471.85666685572,57534.95143772686,58471.85666685572,101123,56810.7224609375,55474.9884375,49165.4502734375,0.031650277125382154,56.489555343471984,863.1769324643974,722.0072148090708,141.16971765532662,59399.817400422835,56810.7224609375,54221.62752145216,0.6648840611330039,18599060,bull,hold
2025-11-05,57176.13671875,57220.988564864245,56453.52364246491,57211.02148794997,198245,56898.1705078125,55571.337578125,49211.95353515625,0.0315542134855018,52.74415028291081,758.4852078840267,729.3028134240619,29.182394459964826,59411.47295579747,56898.1705078125,54384.86805982753,0.5552989973730295,18400815,bull,hold
2025-11-06,57410.36328125,57420.33035820855,57066.49912618001,57375.478511895075,100809,56969.185546875,55674.363828125,49261.79478515625,0.025367015463681586,54.308810652288784,686.502810900718,720.7428129193931,-34.24000201867511,59455.96115167265,56969.185546875,54482.40994207735,0.58870477366833,18501624,bull,hold
2025-11-07,56742.5703125,56961.84601017697,56264.15060847752,56961.84601017697,81999,56972.6888671875,55773.797578125,49310.73791015625,0.0012363386372675755,49.29720193098603,569.0117181969836,690.3965939749112,-121.38487577792762,59457.97973735083,56972.6888671875,54487.39799702416,0.4537038989178005,18419625,bull,hold
2025-11-10,57435.28125,57435.28125,56697.717551518435,56976.79570770065,140878,57051.9236328125,55866.462890625,49363.4434765625,0.028373835043975504,54.035518928727925,525.7348204297086,657.4642392658707,-131.72941883616204,59489.654844933146,57051.9236328125,54614.19242069185,0.5786300013884652,18560503,bull,hold
2025-11-11,57769.1796875,57998.4224640377,57619.67352888846,57754.229071638845,92030,57151.340234375,55967.99796875,49422.84966796875,0.03564542517358493,56.16213272884735,512.4729118322139,628.4659737791394,-115.99306194692554,59535.19493670913,57151.340234375,54767.48553204087,0.6295883202361389,18652533,bull,hold
2025-11-12,58078.15625,58078.15625,57659.53902629998,57779.14394735713,57244,57265.707421875,56069.137265625,49482.978828125,0.04099857391393957,58.09425950610594,520.8900834514789,606.9507957136074,-86.0607122621285,59596.37991489005,57265.707421875,54935.03492885995,0.6742949364528658,18709777,bull,hold
2025-11-13,57744.26171875,57744.26171875,57081.45108540282,57395.414016988325,66027,57364.6255859375,56165.591171875,49544.07861328125,0.035476219996119385,55.25983907368271,494.91320307111164,584.5432771851082,-89.63007411399656,59598.19056194785,57364.6255859375,55131.06060992715,0.5849843494346456,18643750,bull,hold
2025-11-14,56204.34765625,56493.39289158095,55925.26949799943,56179.42996354905,93309,57432.87421875,56216.203125,49590.7789453125,0.02489037587043974,44.48089079358848,346.07876242470957,536.8503742330286,-190.771611808319,59423.86690306741,57432.87421875,55441.8815344326,0.19147888584000655,18550441,bull,hold
2025-11-17,56812.33984375,56862.17522957785,56304.018908305916,56304.018908305916,64195,57478.9693359375,56296.608828125,49642.486875,0.016494813513492357,48.73287762267226,274.0274661926305,484.28579262494895,-210.25832643231843,59364.902316065105,57478.9693359375,55593.0363558099,0.3232626770908909,18614636,bull,hold
2025-11-18,55352.1640625,56064.810093015665,55068.10235802872,56064.810093015665,121683,57423.662109375,56347.412578125,49684.3036328125,-0.019592236444937572,40.675803061225395,97.97294139607402,407.023222379174,-309.0502809831,59482.98678323986,57423.662109375,55364.33743551014,-0.0029556711393386036,18492953,bull,hold
2025-11-19,54948.49609375,55192.689482884205,54739.18747449211,55023.24917205639,48199,57352.156640625,56387.55265625,49724.1767578125,-0.02536617149554532,38.76758540454229,-73.27944951457903,310.9626880004234,-384.2421375150024,59638.46953887452,57352.156640625,55065.84374237548,-0.025663077156964354,18444754,bull,hold
2025-11-20,56483.42578125,56822.30640178335,56154.51223779116,56822.30640178335,64264,57380.31171875,56448.42875,49766.170390625,0.01006971204775664,48.6350871089196,-84.17192373785656,231.9357656527674,-316.10768939062393,59608.5320129186,57380.31171875,55152.091424581406,0.29874388096921706,18509018,bull,hold
2025-11-21,54176.046875,54455.12503018352,54091.32672074786,54445.15795321267,91612,57259.4740234375,56446.220703125,49795.0330859375,-0.0427042640209937,38.5723332386671,-275.8111034855756,130.38639182509883,-406.1974953106744,59874.04600128647,57259.4740234375,54644.902045588526,-0.0896619359804843,18417406,bull,hold
2025-11-24,54828.890625,54893.67662555672,54415.25692913789,54430.20754465098,47440,57119.4728515625,56453.383359375,49824.7440625,-0.048587128233291144,42.21529859842717,-370.73390980090335,30.162331499898386,-400.89624130080176,59932.271325983864,57119.4728515625,54306.67437714114,0.09282859270006652,18464846,bull,hold
2025-11-25,56199.36328125,56323.95174290037,56014.97235800745,56014.97235800745,78264,57038.7798828125,56479.08875,49865.81548828125,-0.027915056467199606,49.04669086611604,-331.55328792771616,-42.18079238562453,-289.37249554209166,59859.92369390398,57038.7798828125,54217.63607172103,0.35122761231414523,18543110,bull,hold
2025-11-26,56946.89453125,56946.89453125,56563.16206613175,56652.865759276276,41945,56948.3896484375,56512.77078125,49918.09654296875,-0.03076868253157672,52.35536513920067,-237.4457119538274,-81.23377629926512,-156.2119356545623,59657.4454941254,56948.3896484375,54239.3338027496,0.49972405198108416,18585055,bull,hold
2025-11-27,56757.51953125,56907.02568507716,56682.76645433642,56907.02568507716,42030,56834.0173828125,56538.779921875,49965.8441796875,-0.03874073460037175,51.44399605330665,-176.11560870414542,-100.21014278024118,-75.90546592390423,59366.76693317987,56834.0173828125,54301.267832445126,0.48489825976844,18543025,bull,hold
2025-11-28,56981.77734375,56981.77734375,56752.53458025406,56812.33704029648,45050,56712.9173828125,56572.462265625,50011.774140625,-0.04077181802740737,52.49850435576435,-108.16843041789252,-101.80180030777146,-6.366630110121065,58957.865666121026,56712.9173828125,54467.96909950397,0.5598811034838773,18588075,bull,hold
2025-12-01,56583.09375,57225.970189470674,56318.96622060508,57225.970189470674,78448,56614.7416015625,56594.683984375,50052.17392578125,-0.033537648823066424,50.402813070570986,-85.50459245381353,-98.54235873697988,13.037766283166349,58696.11721142213,56614.7416015625,54533.36599170286,0.49239737137963463,18509627,bull,hold
2025-12-02,56852.20703125,57071.48272456828,56717.65149216833,56717.65149216833,41884,56574.12578125,56603.06015625,50094.7412109375,-0.014086935221626073,51.80145253246775,-45.30588679872017,-87.89506434932794,42.58917755060777,58603.01597919724,56574.12578125,54545.235583302754,0.5685303843158579,18551511,bull,hold
2025-12-03,57240.921875,57380.46094974317,57071.481569954725,57071.481569954725,64911,56577.3650390625,56625.08859375,50139.27697265625,0.001133080336796377,53.82688865001244,17.71372353559127,-66.7733067723441,84.48703030793537,58610.29234630096,56577.3650390625,54544.43773182404,0.6632023028011961,18616422,bull,hold
2025-12-04,56907.02734375,56936.92857538696,56802.37303302062,56931.9450367808,37024,56552.1982421875,56633.16640625,50181.24662109375,-0.00876733587338907,51.8127734644957,40.25073513899406,-45.36849839007647,85.61923352907053,58555.500066323075,56552.1982421875,54548.896418051925,0.5885610688533189,18579398,bull,hold
2025-12-05,57026.62890625,57041.57952118653,56747.55076076804,56907.02398675773,40679,56566.401171875,56643.237734375,50223.34103515625,0.005006093171063597,52.498427823706855,66.99010551045649,-22.896777609969874,89.88688312042636,58578.90704558261,56566.401171875,54553.89529816739,0.6143419605347864,18620077,bull,hold
2025-12-08,57290.7578125,57320.65904309107,56941.91012227079,57041.5808909077,59259,56559.175,56651.119609375,50265.909296875,-0.0025162832731840945,54.05328859389742,108.2464468355538,3.331867279134862,104.91457955641894,58560.1545131382,56559.175,54558.195486861805,0.682806172601096,18679336,bull,hold
2025-12-09,56976.796875,57196.07257363553,56971.81333639465,57196.07257363553,23978,56519.555859375,56652.722265625,50304.616328125,-0.01371635908258284,51.87946941617841,114.29089648529771,25.523673120367434,88.76722336493027,58453.386163234325,56519.555859375,54585.72555551568,0.6182215974981069,18655358,bull,hold
2025-12-10,57066.5,57086.43415422234,56907.026766221294,56976.79630599947,47126,56468.973046875,56667.1775,50342.0533203125,-0.017418876826001184,52.46764536541814,124.87992089480394,45.39492267525473,79.48499821954921,58286.51196076502,56468.973046875,54651.43413298498,0.6643780357489385,18702484,bull,hold
2025-12-11,56229.265625,57006.697641086146,56044.87469810777,57006.697641086146,59868,56393.2232421875,56675.84703125,50375.0052734375,-0.026236305541994076,46.72690350586317,64.96510473820672,49.30895908784514,15.65614565036158,58115.63877339988,56393.2232421875,54670.807710975125,0.452404743740294,18642616,bull,hold
2025-12-12,56608.015625,56622.96624097632,56393.72346267277,56393.72346267277,26053,56413.406640625,56697.86984375,50411.3702734375,0.007182148456181148,49.42290777270804,47.49662934784283,48.94649313984468,-1.4498637920018496,58135.95653540944,56413.406640625,54690.85674584056,0.5564886349487587,18668669,bull,hold
2025-12-15,55441.8671875,55616.29103932584,55078.06886797753,55307.31164466292,64631,56344.8830078125,56687.60328125,50444.07140625,-0.024122799026042308,42.321288401106344,-59.75685640639858,27.205823230596025,-86.96267963699461,58107.08175616388,56344.8830078125,54582.68425946112,0.2437815055885959,18604038,bull,hold
2025-12-16,53503.26953125,54041.49169121414,53503.26953125,54036.508152695955,98295,56252.43828125,56639.7603125,50468.6984765625,-0.03340238927537409,33.66191528624631,-297.7523422519662,-37.78580986591642,-259.9665323860498,58371.1679874594,56252.43828125,54133.7085750406,-0.14877760054596803,18505743,bull,hold
2025-12-17,54465.08984375,54475.05692030663,54041.48909009287,54041.48909009287,58681,56228.26796875,56620.51859375,50503.4895703125,-0.008797442775781206,40.1995814558695,-404.09644620786275,-111.0479371343057,-293.04850907355706,58415.85764546889,56228.26796875,54040.67829203111,0.09700437797719344,18564424,bull,hold
2025-12-18,53403.59765625,53468.38365564634,53254.09150379689,53423.53180991041,50341,56074.2765625,56568.789296875,50539.49873046875,-0.05452622751544167,35.98470108821023,-567.4868281253512,-202.3357153325148,-365.15111279283633,58578.95749106146,56074.2765625,53569.595633938545,-0.033137549736501626,18514083,bull,hold
2025-12-19,53941.8203125,54021.556927891725,53727.52815863475,53966.738004809915,50446,56062.565234375,56514.175625,50580.46552734375,-0.004323433989940728,39.45126077324444,-646.0970085806548,-291.0879739821428,-355.009034598512,58604.55199189464,56062.565234375,53520.57847685536,0.08285681158616119,18564529,bull,hold
2025-12-22,54764.1015625,54789.01925362863,54619.578953953955,54619.578953953955,72220,56059.32578125,56492.4459375,50621.85755859375,-0.001181659190282014,44.404587303782435,-634.7281669592412,-359.81601257756245,-274.91215438167876,58607.749935948654,56059.32578125,53510.90162655135,0.24587742461121823,18636749,bull,hold
2025-12-23,54425.2265625,54649.48580572979,54425.2265625,54629.551650776026,54989,55970.6189453125,56465.333515625,50670.57138671875,-0.03156862667413729,42.84885488963765,-645.6203489714171,-416.9768798563334,-228.6434691150837,58615.07049759059,55970.6189453125,53326.167393034404,0.20780474660592643,18581760,bull,hold
2025-12-24,54983.37890625,55217.60520993837,54868.757523593995,54868.757523593995,47883,55872.4431640625,56449.18484375,50724.7658984375,-0.034479766476510965,46.19270011337805,-602.2716396622054,-454.03583181750787,-148.23580784469755,58510.411293372614,55872.4431640625,53234.47503475238,0.33148692208707503,18629643,bull,hold
2025-12-26,55127.90234375,55152.82003600445,54983.379728674176,54983.379728674176,51265,55790.9623046875,56436.424921875,50780.00681640625,-0.028711916957589234,47.05648228801739,-549.9165460192307,-473.21197465785247,-76.70457136137827,58415.179426220995,55790.9623046875,53166.745183154,0.3736651865623774,18680908,bull,hold
2025-12-29,54993.34765625,55102.985503865544,54873.7427315785,55102.985503865544,25935,55691.5408203125,56439.504375,50833.6783203125,-0.03489588742563321,46.31107584715078,-513.3644500480223,-481.2424697358864,-32.12198031213586,58278.16153250769,55691.5408203125,53104.9201081173,0.36503758344416115,18654973,bull,hold
2025-12-30,54669.41796875,54744.17104710289,54325.55380832668,54325.55380832668,28482,55595.85703125,56415.083984375,50890.51224609375,-0.03382062829058374,44.48417156698596,-504.71700576803414,-485.93737694231595,-18.77962882571819,58185.0574596159,55595.85703125,53006.656602884104,0.32109552965648586,18626491,bull,hold
2026-01-02,54559.78125,54564.76478866003,54096.312154617284,54305.62077833851,66023,55481.2357421875,56377.1134375,50952.32724609375,-0.040322546844837936,43.85361180775468,-500.93613091028965,-488.93712773591074,-11.999003174378913,58040.61344761187,55481.2357421875,52921.85803676313,0.3199846606785393,18560468,bull,hold
2026-01-05,53657.7578125,53657.7578125,53408.58089315153,53568.05412153455,122149,55302.0775390625,56322.696484375,51017.55244140625,-0.06259794470684354,38.96043390588287,-564.2215187749098,-503.9940059437106,-60.22751283119919,57845.25250096433,55302.0775390625,52758.90257716067,0.17671911071882213,18438319,bull,hold
2026-01-06,53777.36328125,53787.33035812541,53503.26866717635,53682.67605093365,126832,55145.5943359375,56279.837265625,51080.112890625,-0.054996091143455716,39.9177377724272,-597.8330357625673,-522.761811907482,-75.07122385508535,57659.4696021123,55145.5943359375,52631.7190697627,0.2278641718828299,18565151,bull,hold
2026-01-07,53807.26171875,54016.57032226834,53772.376951496946,53877.031253256115,209369,54984.6259765625,56224.126484375,51140.70576171875,-0.056453752382812916,40.170339926190515,-614.9688727385073,-541.203224073687,-73.76564866482033,57406.71066354381,54984.6259765625,52562.54128958119,0.2569522931752087,18774520,bull,hold
2026-01-08,54006.609375,54365.42416460967,53996.64229751084,54205.95092478315,180972,54820.4185546875,56151.680390625,51202.86822265625,-0.05732422755251887,41.9235664652358,-605.4838166200789,-554.0593425829654,-51.42447403711344,57030.91451870905,54820.4185546875,52609.922590665956,0.315921586618294,18955492,bull,hold
2026-01-09,53777.36328125,53891.98466531716,53607.922974368106,53891.98466531716,87596,54660.446875,56070.963203125,51261.81720703125,-0.056153272371017304,40.45540589195461,-609.4398420501311,-565.1354424763986,-44.30439957373255,56678.24964593026,54660.446875,52642.64410406975,0.2811769300567273,18867896,bull,hold
2026-01-12,53607.921875,54111.259246885755,53533.16879996747,53996.63786516919,236497,54487.51796875,55968.02765625,51318.42458984375,-0.0606061020914197,39.35828671265815,-619.1108021642867,-575.9305144139762,-43.18028775031053,56224.08177206018,54487.51796875,52750.95416543982,0.2467423621080485,18631399,bull,hold
2026-01-13,54146.14453125,54146.14453125,53882.01699695122,53882.01699695122,161956,54383.3619140625,55870.05125,51380.48771484375,-0.03704691979515784,44.50639088885165,-576.6972307903125,-576.0838576892435,-0.6133731010689871,55928.945976224924,54383.3619140625,52837.77785190008,0.4232596308994636,18793355,bull,hold
2026-01-14,54036.5078125,54190.997505591164,53986.67242763188,54146.145659209855,108296,54254.7865234375,55762.705859375,51436.5979296875,-0.045426566964208104,43.692692585415685,-545.641125588023,-569.9953112689994,24.354185680976457,55419.667760194956,54254.7865234375,53089.90528668004,0.40630859865805063,18685059,bull,hold
2026-01-15,53418.546875,53418.546875,53069.69919506251,53388.64564529107,695579,54153.6205078125,55660.144609375,51493.30451171875,-0.03649444752027009,39.328190775745824,-564.387315949898,-568.8737122051791,4.486396255281079,55237.15052318144,54153.6205078125,53070.09049244356,0.1607968296281076,17989480,bull,hold
2026-01-16,53413.56640625,53423.53348339243,53174.35655483183,53408.58286767879,117759,54149.1353515625,55575.12546875,51546.324921875,-0.0016765914641461155,39.29412272030141,-573.0400401969455,-569.7069778035324,-3.3330623934131154,55244.078986551904,54149.1353515625,53054.1917165731,0.16410647917980686,17871721,bull,hold
2026-01-19,52486.62890625,52755.73999255246,52347.08982446354,52755.73999255246,93917,54050.2123046875,55481.3353125,51593.21625,-0.03632530384464305,33.4810316705624,-647.2326014708815,-585.2121025370022,-62.02049893387925,55351.20368625239,54050.2123046875,52749.22092312261,-0.10091996787740073,17777804,bull,hold
2026-01-20,52157.71484375,52456.72715892533,52157.71484375,52406.89177306277,102896,53987.9181640625,55376.28234375,51635.57384765625,-0.023329567055005107,31.68955037408206,-724.2229652727328,-613.0142750841484,-111.20869018858446,55507.702215267636,53987.9181640625,52468.13411285737,-0.10212611089753781,17674908,bull,hold
2026-01-21,51499.88671875,51754.04718155784,51445.06779539929,51749.063643071415,91162,53865.821484375,55271.428671875,51680.3708203125,-0.045269766196305516,28.414836991101396,-828.7661153707886,-656.1646431414765,-172.6014722293121,55733.37289135787,53865.821484375,51998.27007739214,-0.13343229984959437,17583746,bull,hold
2026-01-22,51699.2265625,51923.485787033685,51564.67102777978,51564.67102777978,72285,53712.577734375,55156.707578125,51728.65513671875,-0.05596503754384041,30.750136034262468,-885.3267597881131,-701.9970664708038,-183.3296933173093,55754.94375480697,53712.577734375,51670.211713943034,0.007103244048006005,17656031,bull,hold
2026-01-23,52322.171875,52327.15541361082,51848.73570697209,51848.73570697209,48180,53607.425,55047.767421875,51790.7889453125,-0.03864117469653394,37.6008899974178,-869.8578179807373,-735.5692167727906,-134.28860120794673,55707.9255573768,53607.425,51506.9244426232,0.19406027518386249,17704211,bull,hold
2026-01-26,52541.44921875,52541.44921875,52097.91426850161,52242.43689273985,79129,53485.328515625,54937.03328125,51852.1511328125,-0.04441214301623109,39.85636311473693,-830.3331573142132,-754.5220048810752,-75.81115243313798,55534.98298122907,53485.328515625,51435.67405002093,0.26974672738392036,17783340,bull,hold
2026-01-27,53528.1875,53528.1875,53024.850107066384,53159.405647751606,78535,53405.3427734375,54852.711796875,51915.18427734375,-0.029018242591110743,48.82119763670532,-711.1898918226143,-745.855582269383,34.665690446768735,55312.23820184926,53405.3427734375,51498.44734502574,0.5322106615633393,17861875,bull,hold
2026-01-28,54071.390625,54081.357701612906,53632.83925403226,53827.19724798387,138480,53359.244921875,54810.05265625,51986.8113671875,-0.01676488285479416,52.97658682954766,-566.4068574138364,-709.9658372982738,143.55897988443735,55151.48435168617,53359.244921875,51567.00549206382,0.6986748230396963,18000355,bull,hold
2026-01-29,53624.93359375,54039.43065915149,53070.606193032334,54039.43065915149,95484,53307.020703125,54746.30453125,52061.9346875,-0.019105459941004765,49.4246343798905,-482.1328830062339,-664.3992464398658,182.2663634336319,55001.72424923409,53307.020703125,51612.31715701592,0.5937960185882958,17904871,bull,hold
2026-01-30,52246.60546875,52805.9268042977,52051.841789407496,52790.94498280981,116681,53191.3619140625,54684.193359375,52152.4578125,-0.04239708679642118,40.41540340233265,-520.5639741910854,-635.6321919901097,115.0682177990243,54843.489809699735,53191.3619140625,51539.23401842527,0.21407890157677398,17788190,bull,hold
2026-02-02,51177.90234375,52236.61773181352,51058.047771516394,52236.61773181352,113558,53067.369140625,54608.781484375,52221.971171875,-0.04621615903921161,35.0765257160886,-629.9941214249047,-634.5045778770688,4.510456452164021,54920.83309051034,53067.369140625,51213.90519073966,-0.009712313798141081,17674632,bull,hold
2026-02-03,53145.515625,53165.49138730972,52406.4124195405,52406.4124195405,95253,53035.7767578125,54542.02328125,52308.196796875,-0.011749323836230174,48.55187311677617,-551.5899679451322,-617.9216558906814,66.33168794554922,54861.082030246995,53035.7767578125,51210.471485378,0.5300604147823278,17769885,bull,hold
2026-02-04,51642.33984375,51657.32166557876,51362.67916961307,51362.67916961307,103465,52927.5306640625,54491.349140625,52361.22783203125,-0.04023475281674849,41.470294994755406,-603.7877451425229,-615.0948737410498,11.307128598526901,54812.78023587853,52927.5306640625,51042.28109224647,0.15914570687993934,17666420,bull,hold
2026-02-05,50453.78125,50923.21166052163,50174.12057990201,50918.21771998416,103925,52749.8892578125,54403.846953125,52411.85279296875,-0.06578506160848951,36.88873541715824,-732.616458457931,-638.599190684426,-94.01726777350495,54852.01797199958,52749.8892578125,50647.76054362542,-0.04613877644986118,17562495,bull,hold
2026-02-06,48650.96875,49839.52659874769,47871.91402561076,49839.52659874769,104786,52493.56953125,54252.8790625,52449.27939453125,-0.09532625287780461,31.249349202103843,-969.0158326115197,-704.6825190698448,-264.3333135416749,55196.389394691694,52493.56953125,49790.74966780831,-0.21085032954378027,17457709,bull,hold
2026-02-09,50039.28515625,50318.945831773955,49974.36392800337,49974.36392800337,132306,52315.1376953125,54114.726875,52497.33376953125,-0.06656920458642568,38.985006458773476,-1032.4372149100745,-770.2334582378909,-262.20375667218366,55167.19478860157,52315.1376953125,49463.08060202343,0.10101560652176056,17590015,bull,hold
2026-02-10,50718.4609375,50798.363987421224,50588.618481378,50738.4366999803,83199,52143.753515625,53993.945703125,52553.04306640625,-0.06330429661103087,42.39949095893337,-1016.1814012276227,-819.4230468358373,-196.75835439178536,54946.626620553165,52143.753515625,49340.88041069684,0.2457443621655624,17673214,bull,hold
2026-02-11,50538.6796875,50698.48578927865,50508.7160434165,50628.57061975049,45103,51968.862109375,53865.08375,52606.15978515625,-0.06473083229465959,41.733723448199314,-1006.2064742544462,-856.7797323195592,-149.426741934887,54713.40182661136,51968.862109375,49224.32239213863,0.23944949441009925,17628111,bull,hold
2026-02-12,50079.234375,50099.210136617476,49839.52523559035,50049.270732573794,75817,51801.896484375,53735.0065625,52659.9182421875,-0.06251223021498564,40.00490529322029,-1023.5755282013415,-890.1388914959158,-133.4366367054257,54579.451090629955,51801.896484375,49024.341878120045,0.18989590600745962,17552294,bull,hold
2026-02-13,48321.37109375,48970.583396580456,48321.37109375,48970.583396580456,86204,51547.28671875,53564.38984375,52708.673203125,-0.09533524261926374,34.17218807297836,-1165.7474928668307,-945.2606117700989,-220.48688109673185,54606.50565031789,51547.28671875,48488.06778718211,-0.027244976113343342,17466090,bull,hold
2026-02-19,49070.4609375,49195.3094540314,48920.642717662326,49005.53970890367,101105,51376.4783203125,53400.980625,52762.3940234375,-0.06508644277482278,38.300502789153406,-1204.0944577857663,-997.0273809732324,-207.06707681253386,54584.683250868795,51376.4783203125,48168.2733897562,0.14060628408599865,17567195,bull,hold
2026-02-20,49140.375,49177.33016006098,48895.671913109756,49025.51436737805,81911,51225.611328125,53245.647578125,52808.17052734375,-0.05785030752955933,38.68698664018399,-1214.8393118358,-1040.589767145746,-174.24954469005388,54554.1997661616,51225.611328125,47897.0228900884,0.18676867583019685,17649106,bull,hold
2026-02-23,48725.87890625,49090.436573581785,48606.024330688866,49085.44263293341,59319,51086.9109375,53079.632578125,52848.96048828125,-0.05386434785088645,37.19925514241196,-1242.4785375948268,-1080.9675212355623,-161.51101635926443,54585.08715298814,51086.9109375,47588.73472201185,0.16253386253148866,17589787,bull,hold
2026-02-24,48191.52734375,48351.333444786265,48086.65458994495,48276.42433492551,102873,50911.5259765625,52897.64796875,52874.70009765625,-0.06784819526283414,35.31388560753048,-1292.6002375473909,-1123.294064497928,-169.3061730494628,54615.01898216981,50911.5259765625,47208.032970955195,0.1327792939403067,17486914,bull,hold
2026-02-25,48431.234375,48531.11318377501,48286.41010227624,48286.41010227624,87696,50716.9791015625,52726.73671875,52902.33564453125,-0.07436498449062134,36.859873407963875,-1298.0169602304886,-1158.2386436444403,-139.77831658604828,54511.29740817487,50716.9791015625,46922.660794950134,0.19879375663091725,17574610,bear,death_cross
2026-02-26,49365.1015625,49400.05914580172,49170.33788410471,49170.33788410471,149203,50558.16171875,52572.70875,52933.1461328125,-0.06045413104282027,42.61412723870653,-1212.9720874297273,-1169.1853324014978,-43.786755028229436,54299.249248063155,50558.16171875,46817.07418943685,0.3405463455610404,17723813,bear,hold
2026-02-27,49330.14453125,49464.98092549415,49075.453564344374,49215.28389911609,104339,50348.2595703125,52434.726328125,52964.8776953125,-0.07842677222631533,42.4581437318456,-1135.3070404356185,-1162.4096740083219,27.102633572703326,53863.4970969398,50348.2595703125,46833.022043685196,0.355185455982639,17619474,bear,hold
2026-03-03,48930.62890625,49824.54425369016,48930.62890625,49330.1441453294,110585,50091.221484375,52281.17859375,52987.662734375,-0.09507359916822922,40.627801447363545,-1093.3905772301441,-1148.6058546526863,55.21527742254216,53209.268137005696,50091.221484375,46973.1748317443,0.3138910819140881,17508889,bear,hold
2026-03-04,48945.61328125,49824.54685307941,48940.61934050097,48940.61934050097,105147,49857.25546875,52151.253515625,53009.227578125,-0.08726016050573493,40.73100352282389,-1046.8944171434705,-1128.263567150843,81.36915000737258,52553.23653669845,49857.25546875,47161.27440080155,0.3309257067235769,17614036,bear,hold
2026-03-05,50613.58984375,51023.09298802109,50588.62013983103,50678.51107393932,59115,49775.6046875,52093.459921875,53037.86205078125,-0.03125591816633422,50.95140324081659,-865.4774215810394,-1075.7063380368825,210.2289164558431,52268.44567145443,49775.6046875,47282.76370354558,0.6680783414673909,17673151,bear,hold
2026-03-06,51267.79296875,51282.77479019031,51008.10806378458,51167.91415914791,75992,49780.09921875,52029.513984375,53070.2905859375,0.0017564343375433555,54.281376938299566,-661.2914644129705,-992.8233633121001,331.5318988991296,52283.33967824113,49780.09921875,47276.858759258874,0.7971535843389222,17749143,bear,hold
2026-03-09,49779.6015625,49849.516733233846,49210.2923150958,49619.79545796548,80768,49611.803515625,51957.0340625,53091.268203125,-0.06333392428159357,46.540714576148766,-612.4967501569263,-916.7580406810654,304.2612905241391,51583.53208602028,49611.803515625,47640.07494522972,0.542551000526752,17668375,bear,hold
2026-03-10,51257.8046875,51257.8046875,50843.307630888296,50983.137963239235,50350,49592.5767578125,51903.35375,53117.49486328125,-0.007446121872352385,53.61616269139718,-449.3679156240469,-823.2800156696617,373.9121000456148,51490.86106161022,49592.5767578125,47694.29245401478,0.9386139437480547,17718725,bear,hold
2026-03-11,51227.84375,51432.595318897445,51212.861927885555,51217.85586859037,28436,49631.2798828125,51832.62859375,53136.0997265625,0.015342011655469223,53.461715626764104,-318.829468589749,-722.3899062536792,403.5604376639302,51627.27000357476,49631.2798828125,47635.28976205024,0.8999428280180508,17690289,bear,hold
2026-03-12,50713.46484375,50808.34971150295,50523.695108244094,50693.4890821178,85077,49734.4046875,51758.393359375,53152.20740234375,0.042393731239935395,50.758355470533964,-253.95544741086633,-628.7030144851166,374.74756707425024,51730.26553819221,49734.4046875,47738.54383680779,0.7452726491204137,17605212,bear,hold
2026-03-13,50508.71484375,50728.44822847661,50408.836032510626,50413.8299730726,57148,49757.876171875,51668.900078125,53167.3660546875,0.0093812228938559,49.68144237948756,-216.5674770010737,-546.2759069883081,329.70842998723435,51778.41513873016,49757.876171875,47737.337205019845,0.6858015817046158,17548064,bear,hold
2026-03-16,50094.21875,50119.18845329479,49844.52171705214,49879.47930166484,29725,49726.6640625,51568.22640625,53183.2666796875,-0.012307987584032731,47.48504371668236,-217.87211761163053,-480.5951491129726,262.72303150134206,51705.74505656653,49726.6640625,47747.58306843347,0.5928599407002452,17518339,bear,hold
2026-03-17,49774.60546875,50094.217663994306,49719.672122692384,50094.217663994306,67771,49688.4603515625,51463.8515625,53194.90421875,-0.015118602691533756,45.80351293628009,-241.9076149690518,-432.8576422841885,190.9500273151367,51632.55635937579,49688.4603515625,47744.36434374921,0.5221555717519314,17450568,bear,hold
2026-03-18,50623.57421875,50623.57421875,49974.36196182611,49974.36196182611,53964,49715.67734375,51382.9346875,53212.45537109375,0.010869572000121064,50.78852206010543,-190.2580603064198,-384.3377258886348,194.079665582215,51695.80182225715,49715.67734375,47735.552865242855,0.7292524749970465,17504532,bear,hold
2026-03-19,49609.8046875,49844.519889866875,49554.8713422652,49709.68349701782,101319,49780.0990234375,51283.93515625,53224.56408203125,0.026663845925444907,45.41646782519249,-228.49420589488,-353.1690218898839,124.67481599500388,51655.65658300176,49780.0990234375,47904.54146387324,0.45460167696024684,17403213,bear,hold
2026-03-20,49340.1328125,49519.91467295041,49340.1328125,49449.99950499747,53593,49793.5826171875,51197.58265625,53234.851171875,0.0054956050921037836,44.080779341939945,-277.35966376737633,-338.0071502653824,60.64748649800606,51652.3418110552,49793.5826171875,47934.8234233198,0.3780235206950168,17349620,bear,hold
2026-03-23,47757.0546875,48236.47299242523,47752.06074682369,48236.47299242523,188921,49724.4166015625,51077.176484375,53235.32998046875,-0.028150381687156445,37.16988275672346,-438.769207242789,-358.15956166086374,-80.60964558192524,51768.922202769565,49724.4166015625,47679.91100035544,0.01886609826332023,17160699,bear,hold
2026-03-24,48805.78125,49255.23590184693,48551.090280620076,49255.23590184693,172784,49728.41171875,50977.146875,53240.28033203125,0.0016398338120022782,43.490391444315534,-476.5703578888424,-381.8417209064595,-94.72863698238291,51765.39526938505,49728.41171875,47691.42816811495,0.2735302112620492,17333483,bear,hold
2026-03-25,48421.24609375,48745.852219584754,48381.29457057034,48571.06430567373,231658,49739.89765625,50865.439609375,53241.24076171875,0.004766787081916135,41.828822860624896,-531.4308119375855,-411.7595391126847,-119.67127282490083,51744.41953348887,49739.89765625,47735.375779011134,0.17108077555222767,17101825,bear,hold
2026-03-26,48101.63671875,48326.364049765754,47986.7760828975,48196.521591845536,46743,49723.4177734375,50751.925078125,53236.29427734375,-0.006805477095585544,40.44568554515142,-593.852362124635,-448.17810371507477,-145.6742584095602,51775.55847848393,49723.4177734375,47671.277068391064,0.10485627259881247,17055082,bear,hold
2026-03-27,47102.84765625,47202.72646807411,46803.21122077767,47027.93854738192,225047,49610.305078125,50621.82359375,53231.883125,-0.045826987783785134,36.39548844059273,-715.6660675461244,-501.6756964812847,-213.99037106483968,51957.19727683378,49610.305078125,47263.41287941622,-0.03420805251612263,16830035,bear,hold
2026-03-30,45824.3984375,45824.3984375,45185.1740477877,45329.998323581895,275672,49435.0177734375,50455.388671875,53222.30017578125,-0.07106701444041297,31.980910672765404,-904.9329702404939,-582.3271512331266,-322.60581900736724,52304.84708326106,49435.0177734375,46565.188463613944,-0.12906517185154273,16554363,bear,hold
2026-03-31,45285.0546875,45524.76384332267,44570.921160778285,44850.5818425714,146064,49252.7390625,50280.359609375,53204.59083984375,-0.07450495324175865,30.31057904541241,-1085.9309513230837,-683.0479112511181,-402.88304007196564,52643.39906473237,49252.7390625,45862.07906026762,-0.08509027333730212,16408299,bear,hold
2026-04-01,47627.2109375,47627.2109375,47207.71993207376,47332.568445593475,150848,49186.8189453125,50164.532890625,53197.6209375,-0.02693606751179578,43.99112995260641,-1028.5245296490757,-752.1432349307096,-276.3812947183661,52649.30309564011,49186.8189453125,45724.33479498489,0.27478481631967394,16559147,bear,hold
2026-04-02,46793.22265625,47821.97440301494,46663.38020277481,47811.98652197839,139076,48995.8005859375,50032.126015625,53184.56328125,-0.07548105556815699,40.91141845070303,-1038.3558908913692,-809.3857661228416,-228.97012476852763,52542.85147878832,48995.8005859375,45448.74969308668,0.18951982982160562,16420071,bear,hold
2026-04-03,47856.93359375,48081.660924619115,47821.976008948135,48081.660924619115,30707,48825.2576171875,49939.532109375,53176.375859375,-0.06653025569247872,46.09491716768997,-949.3709750169219,-837.3828079016578,-111.9881671152641,52244.64998241568,48825.2576171875,45405.865251959316,0.3584070033488422,16450778,bear,hold
2026-04-06,48111.625,48281.41898484534,47811.98855615528,47811.98855615528,56786,48741.8587890625,49858.6103125,53169.860390625,-0.03350723007306111,47.287284771346066,-848.5171427076857,-839.6096748628635,-8.907467844822236,52145.404369559714,48741.8587890625,45338.31320856528,0.407415109603082,16507564,bear,hold
2026-04-07,48151.57421875,48401.271243323485,47861.92567024477,48221.48938563058,58403,48586.547265625,49791.6440625,53163.69412109375,-0.060600146410630495,47.48350999135275,-756.6440641297086,-823.0165527162326,66.37248858652401,51794.556969988305,48586.547265625,45378.53756126169,0.4322051541360085,16565967,bear,hold
2026-04-08,50603.6015625,50613.589443988705,49764.61951744918,49939.40744350143,109360,48555.33515625,49769.7315625,53172.25373046875,-0.012185603410254764,57.853965974315116,-480.4376866640014,-754.5007795057863,274.06309284178496,51670.75513818448,48555.33515625,45439.91517431552,0.8287303827617734,16675327,bear,hold
2026-04-09,49654.75,49854.50761842502,49519.91360756311,49854.50761842502,71827,48502.3994140625,49716.383125,53174.00185546875,-0.020876405250793595,53.455022991845894,-334.25346786135924,-670.451317176901,336.1978493155417,51503.211094716695,48502.3994140625,45501.587733408305,0.6920064816740318,16603500,bear,hold
2026-04-10,50353.90234375,50568.641786453685,50164.132603686274,50453.78115430985,63637,48494.6587890625,49672.6321875,53178.3241796875,-0.0030650651175527788,56.10354088114929,-160.13967963580944,-568.3889896686827,408.24931003287327,51475.46126032707,48494.6587890625,45513.85631779793,0.8118696345381679,16667137,bear,hold
2026-04-13,50408.8359375,50408.8359375,49984.350990532745,50303.963185896326,54642,48510.3896484375,49610.24515625,53181.8501953125,0.006280508916011396,56.3138821168186,-17.518622354975378,-458.2149162059412,440.69629385096584,51527.88694758185,48510.3896484375,45492.89234929315,0.8145729889469708,16721779,bear,hold
2026-04-14,51572.42578125,51672.30459558379,51392.64391544919,51392.64391544919,92735,48600.2806640625,49560.265859375,53193.85916015625,0.036119227778284024,60.61849261523797,187.24314649587177,-329.12330366557865,516.3664501614504,51860.42377430279,48600.2806640625,45340.137553822206,0.9558304676644143,16814514,bear,hold
2026-04-15,53160.49609375,53350.26583086249,53050.629403842766,53265.3688432069,104328,48727.1267578125,49550.977109375,53212.48841796875,0.05011344841116272,65.6004264407285,472.21888039330224,-168.8548668538025,641.0737472471047,52456.006343504785,48727.1267578125,44998.24717212021,1.0944639983747857,16918842,bear,hold
2026-04-16,54453.9296875,54453.9296875,54044.426547883806,54044.426547883806,105574,48969.3330078125,49595.12359375,53240.5985546875,0.09764450859087037,69.03616035328481,793.2889428583148,23.573895088620986,769.7150477696939,53449.65864196237,48969.3330078125,44489.00737366263,1.1120756756922856,17024416,bear,hold
2026-04-17,53714.82421875,54144.3031033551,53584.98176526473,54144.3031033551,50647,49188.067578125,49645.86203125,53258.338203125,0.08866395684167472,65.03869035498629,976.8392513524595,214.2269663413887,762.6122850110709,54123.488270082984,49188.067578125,44252.64688616702,0.9585988635174625,16973769,bear,hold
2026-04-20,53774.75390625,53984.49941739994,53664.88720993337,53764.76602476667,77738,49488.9525390625,49658.446796875,53278.61908203125,0.12600649805828756,65.21457429571362,1114.2951176786155,394.2405966088341,720.0545210697815,54760.97578290621,49488.9525390625,44216.92929521879,0.9064664711211349,17051507,bear,hold
2026-04-21,54064.40234375,54069.39628448007,53774.753781405874,53774.753781405874,93441,49751.88359375,49706.888046875,53295.59103515625,0.1077458645075986,66.10218804548767,1232.3957986443638,561.8716370159401,670.5241616284237,55374.27647459309,49751.88359375,44129.4907129069,0.8835127535016131,17144948,bear,hold
2026-04-22,53984.49609375,54029.44155765784,53769.75665507921,53904.59304680273,57915,50030.04609375,49777.50234375,53308.12859375,0.11489274747760114,65.60484408409172,1304.506137878001,710.3985371883523,594.1076006896487,55906.32779944452,50030.04609375,44153.76438805548,0.8364755297697746,17087033,bear,hold
2026-04-23,54723.6015625,54958.31677270601,54234.195379517245,54958.31677270601,108868,50361.1443359375,49898.955,53320.84984375,0.13766610235049992,68.00291374858074,1405.0966560054585,849.3381609517735,555.758495053685,56505.59895330514,50361.1443359375,44216.689718569854,0.8549914108106336,17195901,bear,hold
2026-04-24,54314.09765625,54698.63108025987,54124.32791453085,54698.63108025987,105857,50721.7068359375,49984.45125,53332.0715234375,0.15309583939864302,65.28693054308557,1435.2274152249083,966.5160118064005,468.71140341850787,56905.24706942891,50721.7068359375,44538.16660244609,0.790480104007032,17090044,bear,hold
2026-04-27,55143.09375,55402.778668945844,54863.43306805832,54863.43306805832,105725,51187.6416015625,50072.94390625,53350.77568359375,0.20335663162517648,68.06736954821528,1508.6090099526846,1074.9346114356574,433.67439851702716,57227.575006395884,51187.6416015625,45147.708196729116,0.8274417020287175,17195769,bear,hold
2026-04-28,55218.0,55672.44858460704,55218.0,55532.618250881795,87793,51684.2888671875,50166.5303125,53368.31015625,0.2193426811791348,68.31433343846845,1554.8850142556112,1170.9246919996483,383.96032225596286,57321.20405347244,51684.2888671875,46047.37368090256,0.8134437024536312,17283562,bear,hold
2026-04-29,55105.0,55215.0,54885.0,55215.0,61582,52058.1783203125,50267.045625,53382.44025390625,0.1570066547107476,67.46665138466227,1564.4074106267944,1249.6212357250777,314.7861749017168,57559.443283032924,52058.1783203125,46556.91335759208,0.7769200993166505,17221980,bear,hold
2026-04-30,54740.0,55650.0,54585.0,55105.0,110606,52455.5171875,50395.418203125,53395.84125,0.1698275282753705,64.6750276561286,1524.9231637879493,1304.6816213376521,220.24154245029717,57507.931003089885,52455.5171875,47403.10337191012,0.726078355404196,17111374,bear,hold
2026-05-04,55855.0,56020.0,55405.0,55435.0,123604,52855.4205078125,50531.108984375,53414.518359375,0.1671245064329514,68.90746505666414,1565.5560397542358,1356.856505020969,208.69953473326677,57648.02910505168,52855.4205078125,48062.81191057332,0.8129380828131291,17234978,bear,hold
2026-05-06,56500.0,56995.0,50990.0,55855.0,140828,53274.8392578125,50678.301484375,53438.46283203125,0.17435235247198566,71.06705309640081,1631.0028110696585,1411.685766230707,219.31704483895146,57793.834896879984,53274.8392578125,48755.84361874501,0.8568448610909732,17375806,bear,hold
2026-05-07,57185.0,57255.0,56910.0,56935.0,106171,53726.510546875,50847.48390625,53463.5408984375,0.1876039553808071,73.1962956707659,1718.3357195239732,1473.0157568893605,245.3199626346127,57899.47067684392,53726.510546875,49553.55041690607,0.9143928225298859,17481977,bear,hold
2026-05-08,57335.0,57350.0,56955.0,57125.0,158027,54063.08046875,51030.353359375,53492.0090625,0.13302212154180593,73.65353149786515,1779.1425769223788,1534.2411208959643,244.9014560264145,58260.008645260925,54063.08046875,49866.15229223907,0.8897993238914657,17640004,bear,hold
2026-05-11,58375.0,58775.0,58185.0,58185.0,299715,54499.09296875,51229.228671875,53527.6946484375,0.17561763980283862,76.63018006675806,1889.4711110445205,1605.2871189256757,284.1839921188448,58583.89810762988,54499.09296875,50414.287829870125,0.9744298564402066,17939719,bear,hold
2026-05-12,57985.0,58655.0,57925.0,58485.0,118137,54880.6478515625,51401.626640625,53557.8187890625,0.1515492802157603,73.28635001242051,1923.26730033059,1668.8831552066586,254.38414512393138,58766.14460369256,54880.6478515625,50995.151099432434,0.8994794419446712,17821582,bear,hold
2026-05-13,58660.0,58745.0,57745.0,57985.0,110346,55293.2060546875,51588.22375,53592.13984375,0.1636848760548708,75.29563652260636,1981.6743739839949,1731.4413989621257,250.23297502186915,58936.494143815224,55293.2060546875,51649.917965559776,0.962054312333914,17931928,bear,hold
2026-05-14,59035.0,59205.0,58730.0,59075.0,116097,55666.334765625,51790.311171875,53627.28982421875,0.14470085720619985,76.35948024688872,2034.766247940548,1792.1063687578103,242.65987918273777,59236.77047823369,55666.334765625,52095.89905301631,0.971744277943284,18048025,bear,hold
2026-05-15,58210.0,59590.0,58140.0,59200.0,204014,55918.8099609375,51975.59890625,53657.492890625,0.09498601926786132,69.29007965009627,1987.3622603231343,1831.1575470708751,156.20471325225913,59458.758739648845,55918.8099609375,52378.86118222615,0.823619094835684,17844011,bear,hold
2026-05-18,57595.0,58100.0,57390.0,57415.0,86398,56075.8634765625,52115.227109375,53684.52130859375,0.05768307871490563,64.49648275185154,1878.5145519582293,1840.628948048346,37.88560390988323,59620.62325617077,56075.8634765625,52531.10369695423,0.7142791920875068,17757613,bear,hold
2026-05-19,57465.0,58130.0,57370.0,57735.0,85549,56263.372265625,52239.17125,53709.87857421875,0.06981640237670073,63.49649853110619,1761.4570647554428,1824.7945713897657,-63.337506634322835,59683.27321331178,56263.372265625,52843.47131793822,0.6756816575620089,17672064,bear,hold
2026-05-20,57730.0,57730.0,57135.0,57465.0,78855,56461.1345703125,52398.17921875,53738.52845703125,0.07355210031542891,64.69805170547127,1670.8113746135932,1793.9979320345315,-123.18655742093824,59736.93033468665,56461.1345703125,53185.33880593834,0.6936728540110806,17750919,bear,hold
2026-05-21,58315.0,58495.0,57700.0,57730.0,62541,56673.664453125,52539.323125,53767.21416015625,0.07862100517127768,67.26006270148416,1627.4187527119866,1760.6820961700225,-133.26334345803593,59849.92962131355,56673.664453125,53497.399284936444,0.7583750820481822,17813460,bear,hold
2026-05-22,58695.0,58840.0,58480.0,58480.0,110456,56909.1896484375,52688.66625,53797.57572265625,0.08725660600906027,68.84191346307924,1605.1889919319583,1729.5834753224096,-124.39448339045134,59948.53269155377,56909.1896484375,53869.84660532123,0.7937822954218894,17923916,bear,hold
2026-05-26,58800.0,59145.0,58695.0,58695.0,77422,57113.0095703125,52850.396953125,53827.24185546875,0.07449068265078163,69.28353403674276,1577.8558290196088,1699.2379460618495,-121.38211704224068,60084.72785984862,57113.0095703125,54141.29128077637,0.7838409070650563,18001338,bear,hold
2026-05-27,59920.0,60455.0,59550.0,59550.0,301316,57393.3046875,53038.62265625,53862.4830859375,0.10321265722261197,73.58437016718383,1627.8044241279422,1684.951241675068,-57.14681754712592,60313.22003822888,57393.3046875,54473.38933677112,0.9326658496913751,18302654,bear,hold
2026-05-28,59885.0,60380.0,59550.0,59935.0,130954,57630.4,53234.43828125,53898.12216796875,0.08599274954535896,73.23925798561245,1645.595438254095,1677.0800809908735,-31.484642736778596,60551.02804204887,57630.4,54709.77195795113,0.8859786264358331,18171700,bear,hold
2026-05-29,61000.0,61280.0,60685.0,60690.0,141030,57919.5,53458.946171875,53934.42966796875,0.10471223151870768,76.9483546205889,1729.72691156371,1687.6094471054407,42.117464458269296,60969.526065462764,57919.5,54869.473934537236,1.004995684279933,18312730,bear,hold
2026-06-01,62480.0,63180.0,61245.0,62005.0,220545,58288.25,53696.0746875,53984.21435546875,0.13383540513565007,80.76024985697848,1893.9925739964528,1728.8860724836434,165.10650151280947,61654.86591958487,58288.25,54921.63408041513,1.1225465125996432,18533275,bear,hold
2026-06-02,62860.0,63010.0,62480.0,62810.0,79314,58694.25,53961.07859375,54039.88408203125,0.1483375959079285,81.60150529225058,2031.4201719252742,1789.3928923719695,242.02727955330465,62206.645585637,58694.25,55181.854414363,1.0930069518699312,18612589,bear,hold
2026-06-04,61240.0,61610.0,60215.0,60215.0,96703,58963.5,54199.0759375,54082.79630859375,0.09641034822307759,67.95906787579607,1986.710510223631,1828.856415942302,157.85409428132903,62388.5315327019,58963.5,55538.4684672981,0.8323327067596574,18515886,bull,golden_cross
2026-06-05,59700.0,60745.0,59450.0,60745.0,63700,59123.5,54437.93484375,54120.92259765625,0.05663716814159292,58.027495414901516,1806.1919945289192,1824.3235316596256,-18.13153713070642,62367.44220047188,59123.5,55879.55779952812,0.5888579333990814,18452186,bull,hold
2026-06-08,57670.0,58475.0,56320.0,58000.0,87279,59147.75,54615.21921875,54144.56513671875,0.008481245081752187,48.05756048649699,1482.2394025227622,1755.906705832253,-273.66730330949076,62340.20747818234,59147.75,55955.29252181766,0.26855604027631824,18364907,bull,hold
2026-06-09,58915.0,58965.0,57830.0,57830.0,53393,59226.75,54825.094296875,54175.55345703125,0.02755733844946362,53.351228546556364,1310.8550138852006,1666.8963674428428,-356.0413535576422,62312.271471324144,59226.75,56141.228528675856,0.44948179701594926,18418300,bull,hold
2026-06-10,57025.0,57560.0,56640.0,57245.0,76979,59159.25,55003.5615625,54194.9,-0.023126338329764407,45.731688809309304,1010.8717462758796,1535.6914432094502,-524.8196969335706,62372.76252525991,59159.25,55945.73747474009,0.16792567584167403,18341321,bull,hold
2026-06-11,56450.0,56535.0,55425.0,56220.0,50961,59082.5,55190.504609375,54212.74140625,-0.02647236354229543,43.68744952938877,718.4532688466279,1372.2438083368856,-653.7905394902577,62472.977105069775,59082.5,55692.022894930225,0.11178030135292356,18290360,bull,hold
2026-06-12,57390.0,58320.0,57270.0,57400.0,53953,59019.0,55421.816640625,54231.472109375,-0.021650187521309205,47.79577493354992,556.1487264864336,1209.0247919667952,-652.8760654803616,62485.47025084629,59019.0,55552.52974915371,0.265034764166474,18344313,bull,hold
2026-06-15,58380.0,58670.0,57460.0,57460.0,79997,58986.25,55683.715546875,54254.4305078125,-0.011095113068518625,51.785384270692695,501.62352974854,1067.544539523144,-565.921009774604,62463.85531831925,58986.25,55508.64468168075,0.4128351344520883,18424310,bull,hold
2026-06-16,59455.0,59595.0,59140.0,59140.0,45287,59048.5,55920.271328125,54284.05908203125,0.02138807764988826,55.7407506288286,538.9428368086155,961.8241989802384,-422.88136217162287,62512.84279481727,59048.5,55584.15720518273,0.5586691364099611,18469597,bull,hold
2026-06-17,58890.0,58975.0,57780.0,57780.0,55179,59113.25,56162.206875,54311.11169921875,0.022484590676274063,53.26735382467888,516.9685863649865,872.8530764571881,-355.88449009220153,62514.33699535933,59113.25,55712.16300464067,0.4671796104738548,18414418,bull,hold
2026-06-18,58565.0,58870.0,58200.0,58870.0,164038,59168.25,56376.368203125,54342.14330078125,0.019142086487427212,51.84232052830946,467.93498745484976,791.8694586567206,-323.9344712018708,62495.72092399052,59168.25,55840.77907600948,0.40935307718984615,18250380,bull,hold
2026-06-19,58870.0,59495.0,58565.0,58565.0,79709,59225.25,56591.535703125,54375.198046875,0.019747098562272747,53.110101825212965,448.5162420129491,723.1988153279663,-274.6825733150172,62490.697098025375,59225.25,55959.802901974625,0.4456046922005228,18330089,bull,hold
