Date,Close,High,Low,Open,Volume,ma20,ma50,ma200,momentum20,rsi14,macd,macd_signal,macd_hist,bb_upper,bb_middle,bb_lower,bb_pct,obv,state,signal
2021-09-10,12645.791015625,12669.463406144701,12612.649668897417,12636.322059417118,339388,,,,,,,,,,,,,339388,bear,hold
2021-09-13,12636.32421875,12645.793176575966,12584.244950707194,12645.793176575966,280953,,,,,,,,,,,,,58435,bear,hold
2021-09-14,12598.4453125,12636.321134559377,12593.710834742578,12631.586656801956,227856,,,,,,,,,,,,,-169421,bear,hold
2021-09-15,12508.48828125,12574.77095950038,12499.019327214231,12574.77095950038,266089,,,,,,,,,,,,,-435510,bear,hold
2021-09-16,12607.9169921875,12607.9169921875,12555.837725603174,12584.244598285533,187639,,,,,,,,,,,,,-247871,bear,hold
2021-09-17,12636.32421875,12664.731092227894,12603.182866359124,12607.917345272106,271121,,,,,,,,,,,,,23250,bear,hold
2021-09-23,12456.4130859375,12560.571614212158,12456.4130859375,12532.164742864523,456166,,,,,,,,,,,,,-432916,bear,hold
2021-09-24,12565.306640625,12593.71351321119,12541.634246803174,12546.36872556754,199841,,,,,,,,,,,,,-233075,bear,hold
2021-09-27,12659.9970703125,12659.9970703125,12626.855716725295,12631.590195809182,194780,,,,,,,,,,,,,-38295,bear,hold
2021-09-28,12631.5908203125,12636.325299630458,12574.777068497002,12579.51154781496,145395,,,,,,,,,,,,,-183690,bear,hold
2021-09-29,12442.208984375,12465.881375897785,12432.740027765887,12442.208984375,402538,,,,,,,,,,,,,-586228,bear,hold
2021-09-30,12508.48828125,12522.691712303653,12446.940080017506,12522.691712303653,370233,,,,,,,,,,,,,-215995,bear,hold
2021-10-01,12214.955078125,12489.55484344719,12205.486120700096,12489.55484344719,1247682,,,,,,,,,,,,,-1463677,bear,hold
2021-10-05,12295.44140625,12304.910363821236,12200.75183053764,12248.09661839382,522838,,,,,35.53665182146261,,,,,,,,-940839,bear,hold
2021-10-06,12399.59765625,12418.535567905212,12347.518399198167,12385.39422250859,596756,,,,,42.30921772265741,,,,,,,,-344083,bear,hold
2021-10-07,12565.306640625,12574.77559815373,12503.758416688253,12508.492895452619,791192,,,,,51.109734586913596,,,,,,,,447109,bear,hold
2021-10-08,12636.32421875,12641.058697662982,12603.182866359124,12603.182866359124,157201,,,,,54.325470109539054,,,,,,,,604310,bear,hold
2021-10-12,12513.2275390625,12555.83784850312,12489.555144928821,12546.36889084965,148950,,,,,48.38484134293414,,,,,,,,455360,bear,hold
2021-10-13,12465.880859375,12499.022206133688,12451.677425049847,12499.022206133688,142669,,,,,46.28818641610388,,,,,,,,312691,bear,hold
2021-10-14,12499.0244140625,12513.227850896661,12465.883061449455,12465.883061449455,103637,12524.35263671875,,,,47.98729569885136,,,,12760.07653104098,12524.35263671875,12288.628742396519,0.44627565710070455,416328,bear,hold
2021-10-15,12641.0576171875,12655.261052712429,12607.91626762933,12636.32313867919,138847,12524.115966796875,,,-0.0003743062360948013,54.61335150932548,,,,12759.360700686493,12524.115966796875,12288.871232907257,0.7485531736610447,555175,bear,hold
2021-10-18,12731.0146484375,12740.483606896732,12688.404335370955,12688.404335370955,165798,12528.85048828125,,,0.007493510616560117,58.24177216717046,,,,12776.426126379396,12528.85048828125,12281.274850183105,0.90828766858738,720973,bear,hold
2021-10-19,12735.7470703125,12778.357376495702,12726.2781133829,12754.684984171701,180319,12535.715576171875,,,0.010898309625257507,58.43005123008917,,,,12797.818094420662,12535.715576171875,12273.613057923088,0.8815901798218436,901292,bear,hold
2021-10-20,12735.7470703125,12802.029768819702,12716.809156453299,12783.091854960501,176778,12547.078515625,,,0.01816836566918778,58.43005123008917,,,,12822.82390382246,12547.078515625,12271.33312742754,0.8421064553804888,1078070,bear,hold
2021-10-21,12806.7626953125,12816.231651094617,12768.886872184034,12806.7626953125,244090,12557.02080078125,,,0.015771495263509072,61.45467594780471,,,,12854.320369508754,12557.02080078125,12259.721232053747,0.9200172499411795,1322160,bear,hold
2021-10-22,12858.8427734375,12887.24964259826,12811.4979915029,12811.4979915029,343736,12568.146728515625,,,0.01760943695614614,63.549273506894856,52.245289379994574,,,12891.957449013069,12568.146728515625,12244.336008018181,0.9488672340361406,1665896,bear,hold
2021-10-25,12773.6240234375,12854.110164430249,12764.155065673647,12854.110164430249,236666,12584.007275390624,,,0.025465672606675982,57.99569558845657,56.55476255728354,,,12915.359742243227,12584.007275390624,12252.654808538022,0.7861254510159179,1429230,bear,hold
2021-10-26,12839.9072265625,12877.783059089234,12811.50035216745,12849.376184694183,176158,12597.7373046875,,,0.02185387064488231,60.8607187466974,64.57418067986328,,,12947.118782051655,12597.7373046875,12248.355827323345,0.8465694914653272,1605388,bear,hold
2021-10-27,12877.7822265625,12882.516705322267,12811.499523925782,12849.375354003907,143852,12608.6265625,,,0.017202622958002234,62.43733003395825,73.142679998924,,,12978.08953622374,12608.6265625,12239.163588776259,0.8642525546602627,1749240,bear,hold
2021-10-28,12830.31640625,12868.289965720958,12820.82301638226,12868.289965720958,344714,12618.562841796875,,,0.015732427432492146,59.21790823272291,75.23590969691759,,,13000.442111075441,12618.562841796875,12236.683572518308,0.777251976590878,1404526,bear,hold
2021-10-29,12839.806640625,12882.526884530962,12835.059946857671,12858.793415694316,303053,12638.442724609375,,,0.031955552004415466,59.66571285667813,76.77557092386814,,,13022.91712485033,12638.442724609375,12253.96832436842,0.7618690813867294,1707579,bear,hold
2021-11-01,13039.169921875,13067.650089159764,12839.808750881642,12920.502558188478,783429,12664.976806640625,,,0.04242572153347113,67.69151705793058,93.01054650425795,,,13081.801902165813,12664.976806640625,12248.151711115437,0.9488610681692549,2491008,bear,hold
2021-11-02,13015.4365234375,13053.410080033962,12991.70305056471,13043.916690884846,480007,12705.00087890625,,,0.06553290128311917,66.00764967530228,102.7770449154832,,,13094.097198869467,12705.00087890625,12315.904558943033,0.8989187620183564,2011001,bear,hold
2021-11-03,13148.34765625,13153.094352154783,13072.400521773465,13072.400521773465,564957,12747.64619140625,,,0.06936768041255137,70.44204256523668,119.86020902424389,85.66327232652199,34.196936697721895,13134.795950754944,12747.64619140625,12360.496432057555,1.0175018906351048,2575958,bear,hold
2021-11-04,13252.76953125,13252.76953125,13176.822427919054,13176.822427919054,598483,12790.30478515625,,,0.06880641603479454,73.3801848390162,140.20847624308044,96.57231310983369,43.636163133246754,13201.897150011262,12790.30478515625,12378.712420301237,1.0617994714948833,3174441,bear,hold
2021-11-05,13333.462890625,13347.70297203186,13309.729421613563,13309.729421613563,483691,12828.71259765625,,,0.06113310816597717,75.41402505031026,160.9901105527897,109.4558725984249,51.5342379543648,13289.56718107881,12828.71259765625,12367.858014233689,1.0476242519063133,3658132,bear,hold
2021-11-08,13347.705078125,13371.438550881268,13323.971605368733,13342.958383573747,508668,12864.281640625,,,0.056296502611055343,75.76595904396578,176.57350155837048,122.87939839041402,53.694103167956456,13368.061653209577,12864.281640625,12360.501628040423,0.9797961664059074,4166800,bear,hold
2021-11-09,13295.490234375,13352.45056383323,13276.503457888924,13352.45056383323,678724,12903.394775390625,,,0.0625148622024585,71.71298740495054,182.60519071877388,134.82455685608602,47.780633862687864,13413.507827228099,12903.394775390625,12393.281723553151,0.8843221199418553,3488076,bear,hold
2021-11-10,13281.2490234375,13290.74241087384,13252.768861128485,13276.502329719331,760891,12944.16318359375,,,0.06540798626751676,70.60364860147945,184.11385126004097,144.68241573687703,39.43143552316394,13437.96289444545,12944.16318359375,12450.363472742049,0.8413183852035351,2727185,bear,hold
2021-11-11,13214.794921875,13281.248631970635,13214.794921875,13252.768470501078,257539,12979.951708984376,,,0.05726611006593396,65.51103848098504,177.89650482146317,151.32523355379428,26.57127126766889,13442.264896081335,12979.951708984376,12517.638521887417,0.7539871449106766,2469646,bear,hold
2021-11-12,13214.794921875,13281.248631970635,13167.327986092403,13219.54161545326,1877567,13008.63857421875,,,0.04538681193157568,65.51103848098504,170.99805385310174,155.25979761365576,15.738256239445974,13454.17439079587,13008.63857421875,12563.10275764163,0.731357771907172,4347213,bear,hold
2021-11-15,13281.2490234375,13342.956041773701,13271.755636001162,13309.729185746515,692848,13036.15029296875,,,0.04321999386494557,68.17343320256212,168.94577069651496,157.9969922302276,10.948778466287365,13477.650992571973,13036.15029296875,12594.649593365528,0.7775745663472564,5040061,bear,hold
2021-11-16,13276.50390625,13333.464237631839,13252.7704348409,13314.477460504559,159175,13063.188134765625,,,0.04245976564641607,67.77113607954226,165.03402074752012,159.4043979336861,5.629622813834004,13493.890167313675,13063.188134765625,12632.486102217576,0.7476372937253051,4880886,bear,hold
2021-11-17,13366.6904296875,13399.917287999933,13352.4503475536,13366.6904296875,401344,13094.735302734374,,,0.04954113456333875,71.2443700077217,167.28289635232431,160.98009761741375,6.302798734910567,13517.230917007655,13094.735302734374,12672.239688461093,0.8218437277992883,5282230,bear,hold
2021-11-18,13347.705078125,13366.691856330015,13309.731521714972,13366.691856330015,627599,13121.782421875,,,0.04223880739279218,69.54527238725825,165.62397715620318,161.90887352517166,3.715103631031525,13536.257335943505,13121.782421875,12707.307507806494,0.7725408083595859,4654631,bear,hold
2021-11-19,13471.1171875,13471.1171875,13376.183310209655,13404.663473396758,577983,13152.396142578125,,,0.04761504785852688,73.90233024922783,172.28164204208042,163.9834272285534,8.29821481352701,13575.030924348044,13152.396142578125,12729.761360808207,0.8770643811982629,5232614,bear,hold
2021-11-22,13433.14453125,13475.864778875884,13428.397837069348,13471.11808469523,703333,13185.37216796875,,,0.05163143259911118,70.55745885138319,172.50527993509422,165.6877977698616,6.817482165232633,13587.044613700553,13185.37216796875,12783.699722236946,0.8084258901924879,4529281,bear,hold
2021-11-23,13371.44140625,13480.615404242102,13366.694710685126,13480.615404242102,313696,13211.948876953125,,,0.04139704207425199,65.37922205765304,165.7924360628367,165.7087254284566,0.08371063438011106,13588.207584436628,13211.948876953125,12835.690169469623,0.7119453000351728,4215585,bear,hold
2021-11-24,13399.916015625,13452.129645158077,13380.929241249336,13399.916015625,140239,13238.05556640625,,,0.040545319052337714,66.59751858075515,160.91519177046757,164.7500186968588,-3.83482692639123,13589.591108020168,13238.05556640625,12886.520024792333,0.7302191813602121,4355824,bear,hold
2021-11-25,13509.091796875,13509.091796875,13447.384771801431,13447.384771801431,180712,13271.9943359375,12875.15482421875,,0.052904025834807245,70.83520083075358,163.96937674914625,164.5938903073163,-0.6245135581700367,13588.872482563242,13271.9943359375,12955.116189311757,0.8741145665332535,4536536,bear,hold
2021-11-26,13347.705078125,13466.37244190634,13347.705078125,13433.145580047565,410236,13297.3892578125,12889.19310546875,,0.03955654876398329,58.932838100523334,151.61950562988932,161.9990133718309,-10.37950774194158,13545.625705743554,13297.3892578125,13049.152809881445,0.601346560369884,4126300,bear,hold
2021-11-29,13300.2373046875,13328.717470222164,13262.263750641283,13285.997221920168,505789,13310.442626953125,12902.4713671875,,0.020021779329259637,55.95475506066086,136.42922005563014,156.88505470859076,-20.45583465296062,13528.630503521785,13310.442626953125,13092.254750384465,0.47661345252972026,3620511,bear,hold
2021-11-30,13186.31640625,13371.437478907937,13115.115993689256,13371.437478907937,521227,13318.98662109375,12914.2287890625,,0.013129016649175762,49.49086823847112,113.88554321974698,148.285152410822,-34.39960919107503,13500.617272826752,13318.98662109375,13137.35596936075,0.1347802158449083,3099284,bear,hold
2021-12-01,13096.1298828125,13105.623271636576,13015.436077807857,13105.623271636576,407883,13316.375732421875,12925.98162109375,,-0.003971432365699523,45.05366056613446,87.73091085793385,136.17430410024437,-48.44339324231052,13508.916430938343,13316.375732421875,13123.835033905407,-0.0719462204779972,2691401,bear,hold
2021-12-02,12849.3017578125,12882.528618656492,12816.074896968506,12877.781924250206,411101,13296.20234375,12930.80931640625,,-0.03044403454584521,35.63654403754609,46.54961443932734,118.24936616806097,-71.69975172873363,13575.963899238168,13296.20234375,13016.44078826183,-0.2987169379968635,2280300,bear,hold
2021-12-03,13024.9306640625,13024.9306640625,12911.009987700438,12944.236851639373,235413,13280.775732421875,12938.5814453125,,-0.02313969214849909,44.52226408953346,27.764869146238198,100.15246676369642,-72.38759761745823,13583.685953032362,13280.775732421875,12977.865511811387,0.07768828690602965,2515713,bear,hold
2021-12-06,12996.4482421875,13015.435018290038,12963.221384008059,13015.435018290038,190418,13263.212890625,12949.3821484375,,-0.026315897293322732,43.474052403264324,10.458965315230671,82.21376647400328,-71.75480115877261,13588.471718298764,13263.212890625,12937.954062951236,0.08991943378541306,2325295,bear,hold
2021-12-07,13119.8623046875,13129.355692751673,13058.155282270372,13081.888752430807,141639,13254.431494140625,12960.47326171875,,-0.013209586603540213,49.069352339163416,6.626014703297187,67.09621611986206,-60.470201416564876,13585.167591349053,13254.431494140625,12923.695396932197,0.2965610790764095,2466934,bear,hold
2021-12-08,13319.22265625,13338.20943124109,13271.755718772274,13290.742493763364,163619,13256.33017578125,12973.6577734375,,0.0028591913867053176,56.55124807441614,19.450870448754358,57.56714698564053,-38.11627653688617,13588.094684116231,13256.33017578125,12924.565667446268,0.5947848231029704,2630553,bear,hold
2021-12-09,13271.7578125,13300.237979479614,13252.771034513591,13285.997895989807,131324,13259.1783203125,12986.46111328125,,0.004310539131462843,54.498503204255755,25.490802708600313,51.15187813023249,-25.661075421632177,13590.445294539031,13259.1783203125,12927.911346085968,0.518986939789081,2499229,bear,hold
2021-12-10,13281.2490234375,13281.2490234375,13214.795311383132,13267.008942282993,163717,13262.501025390626,13003.2419140625,,0.00502876525556184,54.851419034630354,30.68958352590016,47.05941920936603,-16.369835683465865,13593.253338629658,13262.501025390626,12931.748712151593,0.5283414465998386,2662946,bear,hold
2021-12-13,13414.158203125,13418.904897464392,13390.424731428033,13404.664814446212,165247,13269.146484375,13021.3553125,,0.010007280147594111,59.579307682851386,45.01540524072698,46.65061641563822,-1.635211174911241,13606.415111196466,13269.146484375,12931.877857553534,0.7149795551940894,2828193,bear,hold
2021-12-14,13295.490234375,13352.45056383323,13295.490234375,13352.45056383323,159172,13270.09580078125,13042.966015625,,0.0014300698632010445,54.129053212897745,46.25995289205275,46.57248371092113,-0.31253081886837464,13607.548751772885,13270.09580078125,12932.642849789614,0.5376266284220164,2669021,bear,hold
2021-12-15,13252.76953125,13295.489776873656,13195.80920375179,13295.489776873656,179797,13264.399755859375,13062.112578125,,-0.008522745330024284,52.275071155345934,43.299927550304346,45.91797247879777,-2.6180449284934255,13598.97209464192,13264.399755859375,12929.827417076829,0.482619267552579,2489224,bear,hold
2021-12-16,13471.1171875,13471.1171875,13390.423391803206,13390.423391803206,164415,13270.570361328126,13083.54296875,,0.009245942179023414,59.845260391900545,57.90541956118068,48.31546189527436,9.589957665906319,13615.454121972609,13270.570361328126,12925.686600683643,0.7907455337953766,2653639,bear,hold
2021-12-17,13262.2626953125,13347.703185117663,13262.2626953125,13342.956491239598,249898,13260.12763671875,13097.48208984375,,-0.015503873159183779,51.44014633095591,52.02782082470367,49.05793368116023,2.9698871435434384,13592.51085520701,13260.12763671875,12927.744418230488,0.5032117424632047,2403741,bear,hold
2021-12-20,13081.888671875,13172.07585792929,13077.141977872143,13172.07585792929,473239,13242.56484375,13106.39337890625,,-0.02614844637142566,45.4970599949501,32.44114392419033,45.73457572976625,-13.29343180557592,13573.641351077582,13242.56484375,12911.488336422419,0.25734283720103956,1930502,bear,hold
2021-12-21,13229.0380859375,13238.53147530667,13124.610802876638,13129.357497561223,143273,13235.444677734375,13120.70958984375,,-0.01064981074111715,50.51948313434768,28.46417204502177,42.28049499281735,-13.816322947795584,13561.21089392459,13235.444677734375,12909.67846154416,0.49016688735897984,2073775,bear,hold
2021-12-22,13342.958984375,13385.679237259872,13309.732121020099,13309.732121020099,112544,13232.596826171875,13138.25115234375,,-0.00425055136044028,54.049774603509704,34.111639854991154,40.646723965252114,-6.535084110260961,13553.521875997809,13232.596826171875,12911.671776345942,0.671943820314095,2186319,bear,hold
2021-12-23,13423.65234375,13447.385816776432,13409.41225993414,13437.89242756586,133529,13228.324853515625,13156.7437109375,,-0.006324588981234447,56.421517025370996,44.58463458667575,41.43430608953685,3.1503284971389007,13536.432686909811,13228.324853515625,12920.21702012144,0.8169791044950117,2319848,bear,hold
2021-12-24,13504.345703125,13513.83909201999,13437.891980860062,13437.891980860062,193639,13236.156884765625,13174.00947265625,,0.011735397514641921,58.71630777524316,58.718962436723814,44.891237358974244,13.82772507774957,13563.375845743003,13236.156884765625,12908.937923788248,0.9098002413404092,2513487,bear,hold
2021-12-27,13518.5859375,13537.572715502107,13494.852464997366,13504.34585399842,151566,13247.07431640625,13189.7608984375,,0.016416897519230478,59.1253695017589,70.25967717038839,49.96492532125708,20.29475184913131,13595.968943895437,13247.07431640625,12898.179688917062,0.8891026110772722,2665053,bear,hold
2021-12-28,13703.708984375,13703.708984375,13637.255251856383,13637.255251856383,308155,13272.9439453125,13209.12013671875,,0.0392370820011394,64.10475019533175,93.26851806946433,58.62564387089853,34.642874198565806,13672.963006809205,13272.9439453125,12872.924883815795,1.0384306405934216,2973208,bear,hold
2021-12-29,13703.708984375,13708.455679554902,13675.228813295593,13703.708984375,209110,13303.322900390625,13228.479375,,0.046393790150164316,64.10475019533175,110.23249862492958,68.94701482170474,41.285483803224835,13735.969161382562,13303.322900390625,12870.676639398689,0.962717605679062,3182318,bear,hold
2021-12-30,13708.45703125,13717.95042254588,13642.003292178844,13689.470248658241,215814,13346.2806640625,13246.51326171875,,0.06686396581161502,64.23435212351406,122.6459173450221,79.68679532636821,42.959122018653886,13760.286705718168,13346.2806640625,12932.274622406832,0.9374046882735162,3398132,bear,hold
2022-01-04,13817.6259765625,13817.6259765625,13765.412343535298,13765.412343535298,303400,13385.9154296875,13265.68892578125,,0.060859848927038884,67.16944288507341,139.68248984472484,91.68593423003955,47.99655561468529,13820.53878405993,13385.9154296875,12951.29207531507,0.9966490439732162,3701532,bear,hold
2022-01-05,13784.4013671875,13822.374924672864,13774.907977816158,13774.907977816158,264461,13425.3130859375,13285.90447265625,,0.06062834324552169,65.41011887470964,148.78801239611857,103.10634986325536,45.681662532863214,13854.393532174785,13425.3130859375,12996.232639700214,0.9184393444154075,3437071,bear,hold
2022-01-06,13551.8125,13627.75961033275,13509.092250437829,13627.75961033275,483860,13446.910595703124,13300.142578125,,0.032923378712455875,54.62387340178154,135.6722812587941,109.61953614236312,26.052745116430984,13855.303303803143,13446.910595703124,13038.517887603106,0.6284326363035655,2953211,bear,hold
2022-01-07,13627.7607421875,13703.707858828042,13613.520657817398,13632.507436977534,227342,13462.3375,13315.1421484375,,0.023164871847286106,57.1109289624766,129.908849901105,113.6773988941115,16.23145100699348,13873.571204412532,13462.3375,13051.103795587467,0.701130452602147,3180553,bear,hold
2022-01-10,13528.080078125,13551.813551946272,13461.626351425439,13494.85321477522,233165,13475.15361328125,13329.097421875,,0.01931336219709978,53.00463712679025,115.96116438338686,114.13415199196658,1.8270123914202827,13877.715959340203,13475.15361328125,13072.591267222298,0.5657369788330856,2947388,bear,hold
2022-01-11,13433.14453125,13499.598249779152,13428.397837069348,13494.8515555985,215506,13482.748388671875,13340.9641796875,,0.01143683907623827,49.364264226495315,96.13878977539207,110.53507954865168,-14.39628977325961,13876.015314072012,13482.748388671875,13089.481463271737,0.4369336013047574,2731882,bear,hold
2022-01-12,13551.8125,13551.8125,13494.852167250438,13528.079028021017,190249,13489.631103515625,13351.21703125,,0.010261866215572901,53.6495094309197,88.9792312246791,106.22390988385716,-17.244678659178064,13882.673639563867,13489.631103515625,13096.588567467383,0.5791026298445505,2922131,bear,hold
2022-01-13,13513.8408203125,13532.827600530713,13494.854040094287,13532.827600530713,163288,13500.5486328125,13361.1851171875,,0.01642290596949647,52.12927276664183,79.32680228566278,100.8444883642183,-21.517686078555514,13883.412514659278,13500.5486328125,13117.684750965724,0.5173588945448226,2758843,bear,hold
2022-01-14,13357.197265625,13376.18404212198,13304.983630258308,13361.943959749246,343395,13505.77001953125,13365.362109375,,0.007879691420631607,46.30060241948948,58.36456667705352,92.34850402678535,-33.98393734973183,13877.666143155033,13505.77001953125,13133.873895907467,0.3002496604985469,2415448,bear,hold
2022-01-17,13380.9296875,13399.916462508869,13357.196218738914,13376.182993747783,188928,13501.26064453125,13367.9253125,,-0.006694879032281498,47.26270176109722,43.16922409421568,82.51264804027142,-39.34342394605574,13876.896434707867,13501.26064453125,13125.624854354633,0.3398302821801498,2604376,bear,hold
2022-01-18,13323.9716796875,13399.918792931176,13290.744817643392,13385.678709197986,164796,13504.34609375,13367.73548828125,,0.004652975573829599,45.17096381344743,26.22842544633204,71.25580352148354,-45.0273780751515,13873.028122521413,13504.34609375,13135.664064978588,0.2553794327003464,2439580,bear,hold
2022-01-19,13072.3984375,13167.332340459332,13034.424876316267,13129.358779275599,467513,13503.87158203125,13362.22935546875,,-0.0007254483364778075,37.315492481034724,-7.4117002266102645,55.52230277186478,-62.934002998475044,13874.745197407216,13503.87158203125,13132.997966655284,-0.08169835577795544,1972067,bear,hold
2022-01-20,13067.6513671875,13067.6513671875,12953.730686906896,12977.464161965356,363687,13495.80224609375,13357.672578125,,-0.012199429595833866,37.18408626615386,-34.06214389584966,37.60541343832189,-71.66755733417155,13896.099269446153,13495.80224609375,13095.505222741347,-0.034791484733732156,1608380,bear,hold
2022-01-21,12835.0634765625,12873.037037144046,12759.116355399408,12849.30356178058,349084,13470.407470703125,13348.7488671875,,-0.03806468328406465,31.35749890133002,-73.10796831453263,15.462737087750988,-88.57070540228361,13960.612591257777,13470.407470703125,12980.202350148473,-0.14803892034190966,1259296,bear,hold
2022-01-24,12744.875,12744.875,12668.92788640596,12706.90144320298,544504,13436.468603515625,13339.35046875,,-0.05056577199468637,29.43165756149604,-110.06080929923337,-9.641972189645884,-100.41883710958749,14020.023175277132,13436.468603515625,12852.914031754117,-0.0925697758034798,714792,bear,hold
2022-01-25,12597.7255859375,12716.392933205187,12545.51195313972,12716.392933205187,806926,13391.13759765625,13327.00908203125,,-0.06713543455701831,26.564968650694638,-149.49662590135813,-37.61290293198834,-111.88372296936979,14078.227728302734,13391.13759765625,12704.047467009766,-0.07737113104231907,-92134,bear,hold
2022-01-26,12597.7255859375,12607.218973718915,12517.031789795474,12559.752034811841,202842,13345.094580078125,13313.33861328125,,-0.06811809724921536,26.564968650694638,-178.6899679582766,-65.828315937246,-112.86165202103061,14110.773963347086,13345.094580078125,12579.415196809163,0.011956955828014806,110708,bear,hold
2022-01-27,12426.39453125,12688.153129189008,12369.283564426943,12635.801409601207,992364,13281.228857421875,13296.33642578125,,-0.0932093971479836,23.47711009115399,-213.19332614935956,-95.30131797966872,-117.89200816969084,14125.640305467814,13281.228857421875,12436.817409375935,-0.00617168215213981,-881656,bear,hold
2022-01-28,12654.837890625,12669.11563175771,12550.134455651796,12554.893702696032,259019,13228.785302734375,13282.099375,,-0.07653921248225026,34.422475021518736,-219.5729162788448,-120.15563763950394,-99.41727863934085,14091.805942696641,13228.785302734375,12365.76466277211,0.16747758655316147,-622637,bear,hold
2022-02-03,13202.1513671875,13211.6698613239,13087.929437550694,13130.762661164497,272097,13203.47001953125,13279.18830078125,,-0.036933818511326155,52.09985800781766,-178.40858088495224,-131.80622628859362,-46.60235459635862,14037.955520078367,13203.47001953125,12368.984518984134,0.4992099009851662,-350540,bear,hold
2022-02-04,13073.65234375,13130.763311396524,13035.578365318985,13130.763311396524,244776,13166.271337890625,13271.23900390625,,-0.0538423629409589,48.775462302525185,-154.37480908834004,-136.3199428485429,-18.05486623979715,13952.88693704807,13166.271337890625,12379.65573873318,0.4411281735069644,-595316,bear,hold
2022-02-07,13021.3017578125,13030.820253249498,12945.15379431652,13026.061005530999,185499,13128.116357421875,13263.0021484375,,-0.05535964813034888,47.44717227885934,-137.96178893400793,-136.6483120656359,-1.313476868372021,13863.457897051889,13128.116357421875,12392.774817791862,0.4273707564085669,-780815,bear,hold
2022-02-08,12940.3955078125,12987.987988532665,12930.877011668468,12983.228740460649,148174,13097.5455078125,13254.38123046875,,-0.04511699023193394,45.38988107218269,-129.98443081954065,-135.31553581641685,5.331104996876206,13810.379998946717,13097.5455078125,12384.711016678282,0.38977104646693483,-928989,bear,hold
2022-02-09,13092.6884765625,13106.966217540214,13002.262783703654,13002.262783703654,99206,13070.79189453125,13248.2366796875,,-0.03926340326540778,49.80206633200219,-110.10433301396552,-130.2732952559266,20.168962241961083,13740.903129815375,13070.79189453125,12400.680659247126,0.5163380203750543,-829783,bear,hold
2022-02-10,13211.669921875,13211.669921875,13178.355192244911,13206.910674784987,104693,13054.97138671875,13242.2882421875,,-0.02338913980570212,52.997195772739104,-83.78261022952393,-120.97515825064607,37.19254802112215,13695.435859528126,13054.97138671875,12414.506913909372,0.622331949552875,-725090,bear,hold
2022-02-11,12911.8359375,13173.594498709914,12888.039704662735,13164.076005575009,219446,13028.90595703125,13233.570859375,,-0.03880763677761834,45.190978104203104,-86.12377078752979,-114.00488075802282,27.88110997049303,13647.7530143463,13028.90595703125,12410.0588997162,0.40541280099224103,-944536,bear,hold
2022-02-15,12735.7451171875,12754.782105404522,12692.9118936992,12707.189634861967,378793,12988.102587890626,13222.281015625,,-0.06021832008172334,41.33977503184952,-101.02367688169579,-111.40863998275742,10.38496310106163,13570.18026800065,12988.102587890626,12406.024907780602,0.28322698213112607,-1323329,bear,hold
2022-02-16,12897.5615234375,12897.5615234375,12854.728293285863,12878.524532258994,127738,12957.288623046876,13216.50591796875,,-0.04560356341837901,45.902190945472235,-98.63769424171915,-108.85445083454977,10.21675659283062,13487.737322761697,12957.288623046876,12426.839923332054,0.44370134223961144,-1195591,bear,hold
2022-02-17,12869.00390625,12902.318635297244,12840.448424209504,12897.559388290496,778138,12932.878955078126,13211.9633984375,,-0.0365490865835586,45.233545518729976,-97.92235885223454,-106.66803243808673,8.745673585852188,13431.442841887041,12932.878955078126,12434.31506826921,0.43594095910459807,-1973729,bear,hold
2022-02-18,12711.947265625,12735.743497870648,12640.558568888056,12654.836308235444,273792,12899.429833984375,13209.21630859375,,-0.04999521240291249,41.64099730510775,-108.77472144477542,-107.08937023942447,-1.6853512053509547,13361.709884320104,12899.429833984375,12437.149783648647,0.2972197067305661,-2247521,bear,hold
2022-02-21,12583.44921875,12631.04168932016,12478.745783495651,12516.819759951777,623678,12862.4037109375,13200.3866796875,,-0.05557820736488295,38.917588701244064,-126.28824321021602,-110.92914483358278,-15.359098376633241,13300.742283136036,12862.4037109375,12424.065138738964,0.1818047624826022,-2871199,bear,hold
2022-02-22,12335.9697265625,12369.284459620345,12302.654993504653,12335.9697265625,245402,12825.582275390625,13187.177109375,,-0.05633462860380323,34.26900598484258,-158.31243493074362,-120.40580285301495,-37.90663207772867,13308.61894310675,12825.582275390625,12342.5456076745,-0.006806813593563501,-3116601,bear,hold
2022-02-23,12459.7099609375,12483.50619844884,12412.11748591482,12435.91372342616,628500,12795.185205078125,13173.9740625,,-0.046522622096922706,38.2411951602552,-171.7274674689852,-130.670135776209,-41.05733169277619,13289.838129743443,12795.185205078125,12300.532280412808,0.16089835174065903,-2488101,bear,hold
2022-02-24,12017.099609375,12188.432514696782,11936.192404084159,12145.599288366337,420852,12754.28701171875,13147.9316015625,,-0.06372885250479243,31.020165213852977,-215.58876069374492,-147.6538607597162,-67.93489993402872,13353.249657081991,12754.28701171875,12155.32436635551,-0.11538679252416742,-2908953,bear,hold
2022-02-25,12364.5234375,12459.708375433025,12335.967956120092,12378.801178189953,800505,12735.26943359375,13129.7869140625,,-0.029843491011092738,40.515197221122285,-219.7814484616465,-162.07937830010226,-57.70207016154424,13357.904952171197,12735.26943359375,12112.633915016304,0.20227686581324128,-2108448,bear,hold
2022-02-28,12454.94921875,12545.374910441345,12421.634490232136,12431.152984094382,290378,12728.130615234375,13113.26091796875,,-0.011333503513275223,42.72501576278296,-213.34823326884361,-172.33314929385054,-41.015083974993075,13360.114286422426,12728.130615234375,12096.146944046324,0.28386989337016577,-1818070,bear,hold
2022-03-02,12564.412109375,12583.449097419509,12512.060392252604,12535.85662730824,331692,12726.46494140625,13096.26599609375,,-0.0026444040501792943,45.370685702180964,-197.14456361472367,-177.2954321580252,-19.849131456698473,13359.988357129852,12726.46494140625,12092.941525682647,0.37210193971587074,-1486378,bear,hold
2022-03-03,12764.3017578125,12764.3017578125,12692.913045520485,12721.46853043729,294329,12743.360302734374,13085.6422265625,,0.027192700643193568,49.91997251458031,-166.25710616289325,-175.0877669589988,8.830660796105548,13361.816428953003,12743.360302734374,12124.904176515745,0.5169304290072816,-1192049,bear,hold
2022-03-04,12745.263671875,12769.059907259381,12540.616047569314,12769.059907259381,239311,12747.881591796875,13075.492109375,,0.007145550344583196,49.49719119914498,-141.6815710698611,-168.40652778117126,26.72495671131017,13365.003697147096,12747.881591796875,12130.759486446654,0.49787892874102335,-1431360,bear,hold
2022-03-07,12659.59765625,12692.912386924343,12578.69045318374,12592.968194901316,650937,12720.75390625,13059.26171875,,-0.04109585595920051,47.54588962658834,-127.64638589218885,-160.2544994033748,32.60811351118596,13302.288645115883,12720.75390625,12139.219167384117,0.4474182315236509,-2082297,bear,hold
2022-03-08,12412.115234375,12545.374140265529,12412.115234375,12454.948454125526,481171,12687.67705078125,13042.25876953125,,-0.050600787903867905,42.35151505890623,-134.93768602059572,-155.191136726819,20.253450706223276,13260.346627024282,12687.67705078125,12115.007474538219,0.259405922858641,-2563468,bear,hold
2022-03-10,12664.3544921875,12707.187709184753,12640.55826052236,12650.076753188416,207150,12669.8296875,13033.9080859375,,-0.027412563833016157,48.52422900668829,-118.99084149774535,-147.95107768100428,28.960236183258928,13221.666646546362,12669.8296875,12117.992728453637,0.49503911869009154,-2356318,bear,hold
2022-03-11,12688.1533203125,12688.1533203125,12612.005363401397,12650.079341856948,139412,12657.217578125,13023.090390625,,-0.019492618084796076,49.07824107601574,-103.24237198983974,-139.0093365427714,35.766964552931654,13195.096511192289,12657.217578125,12119.338645057713,0.5287571610316528,-2216906,bear,hold
2022-03-14,12716.7099609375,12716.7099609375,12602.488015180576,12688.154474498268,168466,12638.41865234375,13010.56541015625,,-0.028716677731853713,49.77672691465903,-87.4492536418802,-128.69731996259316,41.24806632071295,13139.099225404898,12638.41865234375,12137.7380792826,0.5781848875372572,-2048440,bear,hold
2022-03-15,12540.6171875,12573.931920066414,12507.302454933588,12573.931920066414,202204,12604.866015625,12992.90470703125,,-0.05079242354245583,45.62107796972806,-88.12644194955647,-120.58314435998582,32.45670241042936,13031.911142302497,12604.866015625,12177.820888947504,0.42477513017784496,-2250644,bear,hold
2022-03-16,12759.541015625,12783.33725026809,12721.467040196056,12778.578003339471,90349,12597.25126953125,12978.00861328125,,-0.011794985826352411,51.088240512325044,-70.18870357152991,-110.50425620229464,40.31555263076473,13007.220008979177,12597.25126953125,12187.282530083325,0.6979294156821476,-2160295,bear,hold
2022-03-17,12773.8203125,12926.116232768256,12745.264827449702,12926.116232768256,177547,12599.155029296875,12963.11330078125,,0.0029896323271354497,51.431234830902156,-54.19595946684785,-99.24259685520529,45.04663738835744,13012.021940466557,12599.155029296875,12186.288118127193,0.7115273451053339,-1982748,bear,hold
2022-03-18,12816.6533203125,12864.245794580278,12764.301598617945,12830.931062592834,197312,12595.109619140625,12945.3721875,,-0.006273139537111172,52.507102216527954,-37.63153586170483,-86.9203846565052,49.28884879480037,12997.658298352653,12595.109619140625,12192.560939928597,0.775176286263735,-1785436,bear,hold
2022-03-21,13049.8544921875,13049.8544921875,13011.780518468498,13030.817505328,176395,12604.1521484375,12932.29509765625,,0.014053192248210333,57.96638134086637,-5.621919202554636,-70.6606915657151,65.03877236316046,13037.826373635704,12604.1521484375,12170.477923239298,1.0138676889850888,-1609041,bear,hold
2022-03-22,13092.6884765625,13135.521699495639,13092.6884765625,13116.484711525356,140895,12623.189208984375,12919.9797265625,,0.02995144669668992,58.90088610140278,22.937863762050256,-51.94098050016203,74.87884426221228,13104.887544279274,12623.189208984375,12141.490873689476,0.9873374404446449,-1468146,bear,hold
2022-03-23,13240.224609375,13249.743102983464,13178.354400919976,13178.354400919976,188466,12656.027978515625,12908.43169921875,,0.05219359010456137,62.03198799942003,56.82162609529223,-30.188459181071178,87.01008527636341,13206.982088030063,12656.027978515625,12105.073869001188,1.0301681399329554,-1279680,bear,hold
2022-03-24,13159.3193359375,13183.115573434674,13106.967613443716,13121.245355942021,182982,12697.195458984375,12895.93005859375,,0.06674380917149292,59.36125227999475,76.2672115112764,-8.897325042601665,85.16453655387807,13268.985950476423,12697.195458984375,12125.404967492328,0.9041024499613877,-1462662,bear,hold
2022-03-25,13321.1328125,13321.1328125,13268.781093694177,13297.336576679172,146012,12740.2666015625,12891.31646484375,,0.06913666965468312,62.810018235972905,103.54141232922666,13.590422431764,89.95098989746266,13361.638925322317,12740.2666015625,12118.894277802683,0.9674059245371427,-1316650,bear,hold
2022-03-28,13397.2802734375,13411.558014403863,13344.928556560835,13344.928556560835,171024,12809.275634765625,12886.70685546875,,0.11485139583812454,64.3435302071241,129.80457039723115,36.83325202485743,92.97131837237372,13399.8633686108,12809.275634765625,12218.68790092045,0.997813114779338,-1145626,bear,hold
2022-03-29,13492.462890625,13525.777613811728,13468.666659777336,13501.981382964064,195850,12865.672607421875,12885.99451171875,,0.09122385175833836,66.2186339943321,156.49477970880434,60.765557561646816,95.72922214715753,13490.059874419232,12865.672607421875,12241.285340424518,1.0019242994955069,-949776,bear,hold
2022-03-30,13540.0576171875,13563.853852015598,13492.465147531306,13535.29837022188,257885,12919.92802734375,12888.1327734375,,0.08712266741352503,67.14893251727844,179.4192263914174,84.49629132760094,94.92293506381645,13579.704614306129,12919.92802734375,12260.151440381373,0.9699542254892946,-691891,bear,hold
2022-03-31,13497.2216796875,13521.017909729262,13463.906957629033,13473.425449645738,376772,12966.568505859375,12887.04095703125,,0.07424219789929354,65.40319786956911,191.9181998448439,105.98067303104955,85.93752681379436,13650.658475366676,12966.568505859375,12282.478536352075,0.8878533507882852,-1068663,bear,hold
2022-04-01,13359.2060546875,13383.002289198877,13335.409820176123,13354.446807785225,230773,12996.313720703125,12883.94826171875,,0.046606881297747815,59.99150044872904,188.5139474240841,122.48732790965647,66.02661951442764,13694.232381173637,12996.313720703125,12298.395060232613,0.7599818249161915,-1299436,bear,hold
2022-04-04,13340.169921875,13363.966157911167,13306.855191424367,13354.4476634967,188018,13026.059033203124,12883.60771484375,,0.04667665301525159,59.263126779911275,182.17993909315555,134.42585014635628,47.75408894679927,13729.332460956235,13026.059033203124,12322.785605450013,0.7233206006911345,-1487454,bear,hold
2022-04-05,13416.31640625,13444.871886362629,13387.760926137373,13425.834899620877,197181,13063.894970703124,12884.31544921875,,0.059774312782082006,61.287858665201085,181.21563571743718,143.78380726057247,37.43182845686471,13765.65608162436,13063.894970703124,12362.133859781889,0.7510978665405348,-1290273,bear,hold
2022-04-06,13321.1328125,13340.169801156664,13292.577329515005,13302.095823843338,303287,13109.345849609375,12884.258671875,,0.07323631475862413,57.44438143732679,170.80199869124772,149.18744554670752,21.614553144540196,13751.58912418753,13109.345849609375,12467.10257503122,0.6648806389056644,-1593560,bear,hold
2022-04-07,13183.1171875,13183.1171875,13130.76545859657,13130.76545859657,175066,13135.283984375,12886.473046875,,0.04096242691504881,52.320784541761505,149.68691129247964,149.28733869586193,0.39957259661770195,13744.603487446413,13135.283984375,12525.964481303588,0.5392513311028821,-1768626,bear,hold
2022-04-08,13344.9296875,13344.9296875,13264.022481833988,13287.81871879458,219917,13168.122802734375,12892.01861328125,,0.05176295955819388,57.146704523325994,144.3460375607683,148.29907846884322,-3.953040908074911,13747.572371615905,13168.122802734375,12588.673233852845,0.6525645148954919,-1548709,bear,hold
2022-04-11,13316.37109375,13330.648832592477,13264.019384660918,13302.093354907523,307351,13198.105859375,12901.644765625,,0.04715536759543193,56.068065758570846,136.2384448215562,145.88695173938584,-9.64850691782965,13741.98697556209,13198.105859375,12654.224743187911,0.6087234239755419,-1856060,bear,hold
2022-04-12,13130.76171875,13183.113432742843,13106.96548511689,13145.039458929867,543576,13227.6130859375,12909.3625,,0.04705865129494846,49.52532196894901,113.52732150939119,139.4150256933869,-25.88770418399571,13682.335791323743,13227.6130859375,12772.890380551258,0.3935050240066251,-2399636,bear,hold
2022-04-13,13130.76171875,13135.520965476622,13068.891511303915,13102.206238390268,464084,13246.17412109375,12920.02322265625,,0.029093578105232165,49.52532196894901,94.43994772909718,130.42001010052894,-35.98006237143176,13650.466633457494,13246.17412109375,12841.881608730007,0.35726621342925863,-1935552,bear,hold
2022-04-14,13178.3564453125,13183.115692855046,13135.523217429578,13145.04171251467,94922,13266.400927734376,12931.63583984375,,0.03166915792737712,51.21821803242601,82.20594420560155,120.77719692154346,-38.57125271594191,13610.075430799336,13266.400927734376,12922.726424669416,0.37190716559320386,-1840630,bear,hold
2022-04-15,13121.2451171875,13130.76361201317,13040.337911169296,13078.41189047198,238561,13281.630517578125,12945.5328515625,,0.023765314490660883,49.09055528606457,67.12818940992292,110.04739541921936,-42.91920600929643,13566.136865873686,13281.630517578125,12997.124169282564,0.21813388110410803,-2079191,bear,hold
2022-04-18,13040.3369140625,13040.3369140625,12978.466702426438,13007.022184720005,237907,13281.154638671875,12953.24283203125,,-0.0007293244634029028,46.16476031125132,48.09592441290988,97.65710121795746,-49.56117680504758,13567.237584350009,13281.154638671875,12995.07169299374,0.07911205780103762,-2317098,bear,hold
2022-04-19,13178.3564453125,13183.115692855046,13111.726979716843,13178.3564453125,377210,13285.438037109376,12952.76693359375,,0.006543191560950623,51.47753585619906,43.646609037325106,86.855002781831,-43.2083937445059,13562.529460034595,13285.438037109376,13008.346614184156,0.3067757011992129,-1939888,bear,hold
2022-04-20,13254.5048828125,13325.893598518851,13230.708644243716,13311.61585537758,431120,13286.15205078125,12956.383984375,,0.0010785522042722206,54.165084794012444,45.73780016429009,78.63156225832283,-32.89376209403274,13562.84707891526,13286.15205078125,13009.457022647239,0.4428121853468546,-1508768,bear,hold
2022-04-21,13383.001953125,13397.279693473285,13335.409485297387,13335.409485297387,466719,13297.336181640625,12963.61798828125,,0.016998038536585547,58.35664893661342,57.105447822434144,74.3263393711451,-17.220891548710952,13570.682980904185,13297.336181640625,13023.989382377065,0.6566979597258362,-1042049,bear,hold
2022-04-22,13140.2822265625,13168.837711299688,13106.967494369113,13159.319216387292,475437,13288.29365234375,12967.61572265625,,-0.013576216713926725,49.20347008823746,45.99869275391393,68.66081004769886,-22.66211729378493,13569.738738206655,13288.29365234375,13006.848566480843,0.2370509679935455,-1517486,bear,hold
2022-04-25,12807.1318359375,12835.687313832566,12754.78012646321,12826.168821200878,392479,13258.78623046875,12961.90458984375,,-0.0440498687386629,39.9428409851997,10.196517960870551,56.9679516303332,-46.771433669462645,13604.69995753307,13258.78623046875,12912.87250340443,-0.15284254308772682,-1909965,bear,hold
2022-04-26,12978.4677734375,12992.745515762514,12940.39379390413,12954.671536229143,266660,13233.086474609376,12957.240546875,,-0.038094980979687554,45.612260433067426,-4.301994546056449,44.71396239505527,-49.01595694111172,13582.098119023605,13233.086474609376,12884.074830195146,0.1352289311160091,-1643305,bear,hold
2022-04-27,12845.2099609375,12845.2099609375,12726.22876455979,12745.265755980225,781809,13198.344091796875,12955.90802734375,,-0.05131792462743834,42.27003806231038,-26.242455261783107,30.522678863687595,-56.7651341254707,13556.428406978748,13198.344091796875,12840.259776615001,0.006912037350734932,-2425114,bear,hold
2022-04-28,13009.4375,13009.4375,12856.66612385321,12890.084862385322,181609,13173.9548828125,12961.381875,,-0.03613959904219288,47.386705945478056,-30.03244324476691,18.411654441996696,-48.444097686763605,13513.243285643981,13173.9548828125,12834.66647998102,0.2575552517569924,-2243505,bear,hold
2022-04-29,12980.7919921875,13109.692832124632,12976.017887004644,13033.307149198925,254780,13155.0341796875,12963.046484375,,-0.028326089211508254,46.61069691084369,-34.944668717964305,7.740389810004496,-42.6850585279688,13493.092502164065,13155.0341796875,12816.975857210935,0.24228975310602088,-2498285,bear,hold
2022-05-03,12751.6357421875,12775.506269597061,12703.894687368378,12727.765214777939,207812,13125.607470703126,12960.69912109375,,-0.04411744251641281,40.847823930268675,-56.67531923151728,-5.142751998299858,-51.53256723321742,13495.08103654714,13125.607470703126,12756.13390485911,-0.006087259126827241,-2706097,bear,hold
2022-05-04,12794.6025390625,12794.6025390625,12718.216852262127,12756.409695662314,249315,13094.52177734375,12962.3522265625,,-0.046340131550406394,42.28861466132602,-69.62733433636276,-18.03966846591244,-51.58766587045032,13465.54192564258,13094.52177734375,12723.501629044922,0.09581812516595664,-2456782,bear,hold
2022-05-06,12746.86328125,12785.05613003277,12708.670432467228,12780.282023934924,297740,13065.80830078125,12965.6205078125,,-0.04310966186833065,41.09103442077999,-82.789710505127,-30.989676873755354,-51.80003363137165,13450.854881377392,13065.80830078125,12680.761720185106,0.08583579805143696,-2754522,bear,hold
2022-05-10,12403.123046875,12508.153342114127,12245.577604016311,12508.153342114127,328379,13026.80859375,12966.96357421875,,-0.059166138746348795,33.692386978998215,-119.57951439940189,-48.707644378884666,-70.87187002051722,13503.521331992866,13026.80859375,12550.095855507134,-0.1541523823905635,-3082901,bear,hold
2022-05-11,12393.5791015625,12407.901419476479,12331.515723935261,12364.934465734543,313436,12979.241064453125,12965.64095703125,,-0.0712892917546517,33.51196584004937,-147.80204568737463,-68.52652464058266,-79.27552104679197,13506.649888162821,12979.241064453125,12451.832240743428,-0.055225791228885886,-3396337,bear,hold
2022-05-12,12240.8046875,12369.70551689255,12183.5154299922,12369.70551689255,260345,12925.462744140625,12970.11505859375,,-0.08077023377298442,30.679818795696107,-180.4164944486074,-90.90451860218761,-89.5119758464198,13519.531731393034,12925.462744140625,12331.393756888216,-0.07624457035469352,-3656682,bear,hold
2022-05-13,12302.8701171875,12336.288856349436,12283.77369480925,12283.77369480925,225128,12884.0681640625,12968.8819921875,,-0.0630497772555203,33.151494116937045,-198.96200840956044,-112.51601656366219,-86.44599184589825,13528.39626263331,12884.0681640625,12239.740065491691,0.04898905684529231,-3431554,bear,hold
2022-05-16,12403.123046875,12508.153342114127,12369.70431657164,12484.28282046887,246245,12847.68623046875,12967.84546875,,-0.05541481046266894,37.055593501881084,-203.2272114704556,-130.65825554502086,-72.56895592543472,13513.985125413223,12847.68623046875,12181.387335524276,0.1663935757909389,-3185309,bear,hold
2022-05-17,12422.22265625,12441.31907847329,12379.255706247599,12422.22265625,253729,12809.879541015625,12965.0016796875,,-0.057376941669494363,37.800883802590306,-202.72929959969952,-145.0724643559566,-57.656835243742904,13482.614352613065,12809.879541015625,12137.144729418185,0.2118798684989141,-2931580,bear,hold
2022-05-18,12493.83203125,12555.895392505732,12493.83203125,12555.895392505732,207315,12778.50888671875,12959.59228515625,,-0.047816581455036755,40.638809434481296,-194.3164635231842,-154.92126418940214,-39.395199333782074,13448.75000468439,12778.50888671875,12108.267768753109,0.28763101230433374,-2724265,bear,hold
2022-05-19,12116.6806640625,12126.22887577571,12016.424441073805,12064.16549963985,416439,12732.32607421875,12947.020625,,-0.0708307044585591,32.284029442648475,-215.5969265035692,-167.05639665223555,-48.540529851333645,13449.671377131173,12732.32607421875,12014.980771306327,0.07088628889272078,-3140704,bear,hold
2022-05-20,12025.9716796875,12092.80915627171,11987.778835925095,12006.875257806298,335434,12674.7068359375,12934.34810546875,,-0.08744525695652283,30.651842395660665,-237.0487532160787,-181.05486796500418,-55.993885251074516,13423.908454246744,12674.7068359375,11925.505217628257,0.06704901564813093,-3476138,bear,hold
2022-05-23,12083.2607421875,12111.90537452773,12049.84200445723,12088.034847577539,245714,12616.14462890625,12927.771015625,,-0.08836574062783631,32.95721092281124,-246.58426199977112,-194.16074677195758,-52.42351522781354,13357.975794224965,12616.14462890625,11874.313463587534,0.14083209790073678,-3230424,bear,hold
2022-05-24,12021.197265625,12073.712424450208,11997.326738886268,12059.39010840697,240534,12548.05439453125,12914.90787109375,,-0.10175629445992962,31.726716559614033,-256.1959577583657,-206.56778896923922,-49.62816878912648,13244.435611712352,12548.05439453125,11851.673177350147,0.12171787814803044,-3470958,bear,hold
2022-05-25,12102.35546875,12121.451887635601,12045.066212093196,12064.162630978797,220077,12496.158056640625,12903.1919140625,,-0.07898816326139302,35.137124881541894,-254.33271791528932,-216.12077475844927,-38.21194315684005,13162.308659416625,12496.158056640625,11830.007453864624,0.2044192512552267,-3250881,bear,hold
2022-05-26,12159.64453125,12221.70789163722,12159.64453125,12169.192740540342,202097,12463.78369140625,12892.05060546875,,-0.050556776722686325,37.510080052202525,-245.40446840387267,-221.97751348753394,-23.42695491633873,13129.269648999381,12463.78369140625,11798.297733813119,0.2714909257768318,-3048784,bear,hold
2022-05-27,12307.6435546875,12393.577450724883,12278.998922675039,12393.577450724883,154751,12430.24248046875,12887.3911328125,,-0.05168747424275677,43.2827933600851,-223.8065791004392,-222.343326610115,-1.4632524903241801,13054.9564278308,12430.24248046875,11805.5285331067,0.4018759495454332,-2894033,bear,hold
2022-05-30,12570.220703125,12641.832290875427,12417.449315924088,12551.124279724885,236731,12416.493017578125,12883.6047265625,,-0.021407922381085798,51.79171400242693,-183.38832829959756,-214.55232694801154,31.16399864841398,13015.651180089357,12416.493017578125,11817.334855066892,0.6282863984549267,-2657302,bear,hold
2022-05-31,12460.4140625,12517.70332255747,12436.543537476053,12508.155112547893,275935,12389.041845703125,12877.3366015625,,-0.04220193513362891,48.513914964828494,-158.39121620293008,-203.32010479899526,44.92888859606518,12923.873983990541,12389.041845703125,11854.209707415708,0.5667239416701996,-2933237,bear,hold
2022-06-02,12431.7685546875,12460.413182693692,12321.96414733043,12460.413182693692,237567,12361.590673828125,12869.63890625,,-0.0422950647256678,47.666400726566835,-139.2866678478149,-190.5134174087592,51.22674956094431,12823.502587460065,12361.590673828125,11899.678760196184,0.5759645711533805,-3170804,bear,hold
2022-06-03,12546.3486328125,12608.412001239654,12517.704001230735,12570.219159130636,519390,12351.326318359375,12859.5687890625,,-0.016098884372600764,51.32899071948291,-113.59111327075516,-175.12895658115843,61.537843310403275,12786.459927258627,12351.326318359375,11916.192709460123,0.7240947498246209,-2651414,bear,hold
2022-06-07,12489.060546875,12536.801604011373,12450.867701165902,12536.801604011373,65072,12336.04921875,12847.49623046875,,-0.023880538004573904,49.464992351986666,-96.73477265672773,-159.4501197962723,62.715347139544576,12727.077453634105,12336.04921875,11945.020983865896,0.6956525315497358,-2716486,bear,hold
2022-06-08,12594.0888671875,12627.507601861613,12551.121922606495,12555.89602755994,98589,12328.410498046875,12834.573515625,,-0.011985255563792152,52.84586910134523,-74.04751986973497,-142.36959981096484,68.32207994122987,12692.048963427336,12328.410498046875,11964.772032666413,0.8653056461761489,-2617897,bear,hold
2022-06-09,12498.6083984375,12551.123559775473,12460.415553828067,12551.123559775473,213657,12333.184765625,12821.359296875,,0.007698492645895172,49.597329945457716,-63.0454359070518,-126.50476703018224,63.45933112313044,12703.075061590738,12333.184765625,11963.29446965926,0.7236117500468613,-2831554,bear,hold
2022-06-10,12374.4814453125,12374.4814453125,12283.773440890842,12331.51449584961,90686,12332.2298828125,12802.42626953125,,-0.001540931485045527,45.667110246180364,-63.60896825501004,-113.9256072751478,50.31663902013776,12701.589831687383,12332.2298828125,11962.869933937618,0.5571956469951647,-2922240,bear,hold
2022-06-13,11916.166015625,12221.70873397436,11901.843700702373,12126.226634490184,276742,12315.99794921875,12772.803984375,,-0.026521023753161677,34.725330168472766,-99.88636869352376,-111.117759558823,11.231390865299232,12726.269791060606,12315.99794921875,11905.726107376895,0.0127231596022244,-3198982,bear,hold
2022-06-14,11835.0068359375,11858.87736202854,11567.656943717855,11739.524731573341,194261,12292.60478515625,12739.65486328125,,-0.038028791395300576,33.20798352210727,-133.64476378488143,-115.62316040403469,-18.02160338084674,12753.44103147942,12292.60478515625,11831.768538833081,0.0035135008696213187,-3393243,bear,hold
2022-06-15,11744.2998046875,11835.00781130907,11687.010537347562,11835.00781130907,135521,12259.663623046876,12703.73970703125,,-0.05311752852064888,31.54874616534235,-165.8065201096215,-125.65983234515207,-40.14668776446942,12775.138528709089,12259.663623046876,11744.188717384663,0.00010775238679630227,-3528764,bear,hold
2022-06-16,11744.2998046875,11882.748867425686,11744.2998046875,11825.459600085747,93760,12225.76748046875,12668.68126953125,,-0.05457339401507322,31.54874616534235,-189.1149443514023,-138.35085474640212,-50.76408960500018,12781.603310224595,12225.76748046875,11669.931650712906,0.06689758917418188,-3435004,bear,hold
2022-06-17,11510.3671875,11539.01181758088,11448.303822324762,11467.40024237868,673607,12176.59423828125,12631.7044921875,,-0.07871602894053031,27.44690709321587,-223.8826656344081,-155.45721692400332,-68.4254487104048,12798.903834712393,12176.59423828125,11554.284641850107,-0.035285856591290764,-4108611,bear,hold
2022-06-20,11539.013671875,11586.754729681681,11457.85387360364,11510.36903719099,859212,12147.710888671874,12595.6813671875,,-0.04767535005695356,28.669929466902587,-246.28577426058655,-173.62292839132,-72.66284586926656,12829.265076340262,12147.710888671874,11466.156701003487,0.05344914035431173,-3249399,bear,hold
2022-06-21,11663.138671875,11744.298457966639,11543.786045269648,11543.786045269648,1310983,12129.56923828125,12560.6178125,,-0.030170785153713964,33.87155845765044,-251.12968245191587,-189.1242792034392,-62.00540324847668,12841.74730061552,12129.56923828125,11417.391175946981,0.1725323405234816,-1938416,bear,hold
2022-06-22,11667.9111328125,11777.715533816874,11663.137028421006,11768.167325033884,74293,12108.8017578125,12527.55337890625,,-0.034373967278952144,34.07063195047269,-251.68218135948882,-201.63585963464914,-50.046321724839686,12848.848503225938,12108.8017578125,11368.755012399062,0.2021197459940925,-1864123,bear,hold
2022-06-23,11820.685546875,11868.426603203252,11758.622173648273,11772.94449054675,65251,12098.776171875,12500.30474609375,,-0.016679845968701423,40.26952372407973,-237.05974512129433,-208.72063673197817,-28.339108389316152,12848.665774879451,12098.776171875,11348.88656887055,0.31457895676521985,-1798872,bear,hold
2022-06-24,12021.197265625,12035.519581668239,11830.233051715151,11830.233051715151,298155,12094.71826171875,12473.83009765625,,-0.006705984081740279,47.27625139305054,-206.9066480529509,-208.35783899617275,1.4511909432218317,12845.364440168087,12094.71826171875,11344.072083269413,0.4510281953039263,-1500717,bear,hold
2022-06-27,12178.7412109375,12216.934048917703,12121.451953967193,12145.322477704822,479546,12095.673095703125,12451.0775,,0.001570496541936084,52.03697000149187,-168.35690801091187,-200.3576527991206,32.00074478820872,12846.695682242887,12095.673095703125,11344.650509163363,0.5553033402211646,-1021171,bear,hold
2022-06-28,12183.515625,12188.289729868731,12092.807632494123,12154.870995787618,196130,12089.46669921875,12432.132578125,,-0.010085434237346314,52.177898212270186,-135.85465804693922,-187.45705384868432,51.602395801745104,12835.414294534827,12089.46669921875,11343.519103902674,0.5630399014433439,-825041,bear,hold
2022-06-29,12040.294921875,12040.294921875,11940.038699289998,11997.32796933857,58662,12062.97041015625,12410.3232421875,,-0.04215723763054202,47.65449213945707,-120.26674441508658,-174.0189919619648,53.75224754687821,12775.63322797724,12062.97041015625,11350.307592335259,0.4840910121068327,-883703,bear,hold
2022-06-30,11882.7490234375,12035.520405016447,11882.7490234375,12035.520405016447,66991,12034.087158203125,12384.41109375,,-0.04636001951179136,43.21624012804373,-119.25119435762281,-163.0654324410964,43.81423808347358,12726.514036089522,12034.087158203125,11341.660280316728,0.39071904947741337,-950694,bear,hold
2022-07-01,11806.361328125,11868.424691354125,11763.394384350991,11854.102376762788,81501,12002.816796875,12358.11341796875,,-0.05030718065666406,41.21207463656448,-123.19015283487897,-155.09037651985292,31.900223684973952,12676.823734038218,12002.816796875,11328.809859711782,0.35426302170060114,-1032195,bear,hold
2022-07-04,11973.4580078125,11983.006219939942,11916.168735047846,11925.71694717529,84601,11974.172265625,12336.77583984375,,-0.04566194051883088,47.002026585192304,-111.54270536666263,-146.38084228921488,34.83813692255225,12600.343433138756,11974.172265625,11348.001098111245,0.49942966248722664,-947594,bear,hold
2022-07-05,12102.35546875,12102.35546875,12040.292107371795,12073.710840421598,74854,11954.83701171875,12315.2558203125,,-0.030963504154182475,51.010261547144054,-90.86365185818431,-135.27740420300879,44.41375234482447,12538.668426709435,11954.83701171875,11371.005596728064,0.6263365187650992,-872740,bear,hold
2022-07-06,12073.7119140625,12164.419911835212,12064.163703770635,12121.452965521821,46979,11928.8181640625,12291.6399609375,,-0.04131914254478419,50.10342593738088,-75.9115869265188,-123.4042407477108,47.49265382119201,12437.983030224721,11928.8181640625,11419.65329790028,0.6422856913637046,-919719,bear,hold
2022-07-07,12140.5498046875,12169.194436550702,12102.35696220323,12145.323909998033,1182686,11910.915234375,12266.79091796875,,-0.028647876814410944,52.237166456146014,-58.000119287162306,-110.3234164556011,52.3232971684388,12360.36008823244,11910.915234375,11461.470380517558,0.755464678638125,262967,bear,hold
2022-07-08,12240.8046875,12269.4493162539,12221.708268330734,12259.901106669267,1037872,11904.231396484374,12248.8013671875,,-0.010802614913866693,55.32333144237048,-35.30840761559011,-95.32041468759891,60.0120070720088,12329.212179314818,11904.231396484374,11479.25061365393,0.895986482934582,1300839,bear,hold
2022-07-11,12212.162109375,12245.580848532789,12178.743370217211,12240.80674293882,105200,11919.031201171874,12236.90197265625,,0.024839876631617575,54.244932421926414,-19.412504046802496,-80.13883255943962,60.726328512637124,12364.753431559235,11919.031201171874,11473.308970784514,0.8288268883833511,1195639,bear,hold
2022-07-12,12193.0654296875,12259.902906592599,12169.194902221392,12245.580590112935,67940,11936.934130859376,12221.19392578125,12823.969384765625,0.030254194079782026,53.49620357852567,-8.260605282261167,-65.76318710400393,57.502581821742766,12396.274070321342,11936.934130859376,11477.59419139741,0.7788036449956167,1127699,bear,hold
2022-07-13,12126.2275390625,12135.77574972318,12078.486485759104,12131.00164439284,48028,11956.030517578125,12206.81427734375,12821.371567382812,0.03252026436029509,50.85067956759283,-4.761022251272152,-53.562754133457574,48.80173188218542,12413.501056734436,11956.030517578125,11498.559978421814,0.6860196525422821,1079671,bear,hold
2022-07-14,12035.517578125,12064.162205443028,11935.2613825119,11959.131905276923,69140,11970.59140625,12187.33587890625,12818.367534179688,0.02479652071903571,47.423040621067244,-9.201049270424846,-44.69041316085103,35.48936389042618,12418.619168652005,11970.59140625,11522.563643847994,0.5724577552146686,1010531,bear,hold
2022-07-15,12197.8388671875,12216.935288114604,12131.001393942637,12131.001393942637,307084,12004.964990234375,12171.67681640625,12816.364501953125,0.059726303122117574,53.46752976945416,0.3738591642340907,-35.677558695834,36.05141786006809,12409.896735316086,12004.964990234375,11600.033245152665,0.7381560340671794,1317615,bear,hold
2022-07-18,12384.029296875,12398.351612946944,12331.514137944536,12336.288243301851,69299,12047.215771484374,12164.3246875,12815.74220703125,0.07323118327345668,59.25402272810919,22.72410535831841,-23.99722588500352,46.72133124332193,12424.237027659134,12047.215771484374,11670.194515309615,0.9466771035775549,1386914,bear,hold
2022-07-19,12231.255859375,12288.545113985656,12193.063022967895,12283.771009434768,64096,12075.621630859376,12153.05775390625,12813.858901367188,0.04871048895868668,53.38758120890893,27.788962999175055,-13.639988108167806,41.42895110734286,12416.486066260826,12075.621630859376,11734.757195457925,0.7282934391972093,1322818,bear,hold
2022-07-20,12560.6708984375,12560.6708984375,12441.318267323499,12455.64058305718,121535,12120.259619140625,12149.33390625,12813.480634765625,0.0765141039782502,62.1006137846869,57.71859574273185,0.6317286620121259,57.08686708071973,12469.58375469734,12120.259619140625,11770.93548358391,1.1303762529820554,1444353,bear,hold
2022-07-21,12565.4453125,12603.638155395136,12546.34889105243,12579.767628585676,117155,12157.497607421876,12152.5803515625,12814.025795898437,0.0630047862005676,62.21086819068235,80.89084137024474,16.683551203658652,64.20729016658609,12529.209614165156,12157.497607421876,11785.785600678595,1.0487416301834305,1561508,bear,hold
2022-07-22,12660.9287109375,12680.025134332578,12603.639440752262,12603.639440752262,109698,12189.4841796875,12157.92734375,12814.50390625,0.05321694929188392,64.43894850706951,105.74081099513205,34.495003161953335,71.24580783317872,12614.984204715114,12189.4841796875,11763.984154659887,1.0539888407990154,1671206,bear,hold
2022-07-25,12594.0888671875,12603.637077094389,12536.799607746161,12594.0888671875,88462,12210.2515625,12164.99302734375,12814.174365234376,0.03410431743774822,61.69663171067988,118.67318358163539,51.33063924588974,67.34254433574564,12670.732879055684,12210.2515625,11749.770245944315,0.9167783695965483,1582744,bear,hold
2022-07-26,12555.8984375,12584.54307271863,12536.802014020912,12579.768966848858,64727,12228.870703125,12170.05359375,12813.795903320313,0.030564479413141443,60.122256465383515,124.40645336999114,65.94580207071002,58.460651299281125,12713.027437742057,12228.870703125,11744.713968507942,0.8377292010960685,1518017,bear,hold
2022-07-27,12598.8642578125,12608.412468693752,12532.026781643734,12555.897308846865,61455,12256.799169921875,12173.96841796875,12814.5791796875,0.04639166561631991,61.31818943332441,130.9080668944007,78.93825503544815,51.96981185895254,12758.351388231995,12256.799169921875,11755.246951611754,0.8410064549640964,1579472,bear,hold
2022-07-28,12613.1865234375,12699.120421023372,12608.412418016062,12699.120421023372,48971,12293.321044921875,12177.7876953125,12815.102670898437,0.061470413837680704,61.73019755961838,135.6526107380887,90.28112617597625,45.37148456211244,12786.918983541875,12293.321044921875,11799.723106301875,0.8240141960579337,1628443,bear,hold
2022-07-29,12851.8896484375,12875.760171558668,12794.600392946693,12804.14860219516,153412,12345.5974609375,12184.94884765625,12818.28734375,0.08855635460028255,67.8722125273944,156.86579197473475,103.59805933572797,53.26773263900678,12843.273514343986,12345.5974609375,11847.921407531016,1.0086563679672134,1781855,bear,hold
2022-08-01,12966.4697265625,12999.888462971165,12851.891201732786,12851.891201732786,129665,12395.248046875,12201.94462890625,12821.642485351562,0.08293441360900711,70.3334702432102,180.83845254361768,119.04613797730592,61.79231456631176,12931.17682099385,12395.248046875,11859.31927275615,1.0329268619945606,1911520,bear,hold
2022-08-02,12928.2763671875,13004.662047348134,12909.17994714734,12976.017417287896,111875,12436.544091796875,12219.99072265625,12824.28587890625,0.06824464052226409,68.45103637084043,194.51285078797264,134.13948053943926,60.37337024853338,13002.286810009546,12436.544091796875,11870.801373584205,0.9345900172998567,1799645,bear,hold
2022-08-03,12985.5673828125,12990.341488467946,12933.052220602596,12966.470960190718,89731,12482.136865234375,12238.03685546875,12826.387182617187,0.0755240372836743,69.75854253815177,207.5799634704381,148.82757712563904,58.75238634479905,13070.104463174428,12482.136865234375,11894.169267294323,0.9281107660880429,1889376,bear,hold
2022-08-04,13128.7890625,13143.111377840909,13081.048011363637,13081.048011363637,136836,12531.548828125,12260.18869140625,12828.849506835937,0.08139987675277593,72.7940384572076,226.87723744493087,164.4375091894974,62.439728255433465,13161.020985396197,12531.548828125,11902.076670853803,0.9743976580029176,2026212,bear,hold
2022-08-05,13052.40234375,13090.595181624909,13023.75771534382,13076.272867421818,96543,12572.1287109375,12279.18962890625,12831.545380859376,0.06630263916217727,68.8260227310211,233.31716128597327,178.2134396087926,55.10372167718066,13225.58072532691,12572.1287109375,11918.676696548091,0.8674895954382132,1929669,bear,hold
2022-08-08,13109.6923828125,13109.6923828125,12899.63176196627,12918.7281820432,140862,12617.005224609375,12298.1905859375,12834.764438476563,0.07349478867042603,70.1406535681146,240.27394620019732,190.62554092707356,49.64840527312376,13288.439270966916,12617.005224609375,11945.571178251834,0.8668917005891356,2070531,bear,hold
2022-08-09,13071.5,13109.69284149014,13052.403579254931,13081.048210372535,67371,12660.926953125,12313.46771484375,12837.62681640625,0.07204378385222965,68.07950033364615,239.9395682738741,200.48834639643366,39.451221877440446,13330.609949693264,12660.926953125,11991.243956556735,0.8065428336832117,2003160,bear,hold
2022-08-10,13033.306640625,13057.177165607829,13018.984325635302,13028.532535628434,74061,12706.280908203125,12322.72943359375,12839.588061523438,0.07480307446322487,65.99106329943675,233.89647350084306,207.16997181731554,26.726501683527516,13347.217741737051,12706.280908203125,12065.3440746692,0.7551154148988105,1929099,bear,hold
2022-08-11,13291.1083984375,13300.65660849385,13171.75577273314,13171.75577273314,160202,12769.06044921875,12339.3433203125,12842.388530273438,0.10432379099296751,72.192002117143,247.06175060102214,215.14832757405688,31.913423026965262,13380.1700066397,12769.06044921875,12157.9508917978,0.9271312262092046,2089301,bear,hold
2022-08-12,13272.0126953125,13286.335011170751,13219.49753716558,13281.560905884668,85294,12822.769140625,12356.148203125,12845.069858398438,0.08806263468642417,71.15705814226234,253.03760391340074,222.72618284192566,30.31142107147508,13412.048166431476,12822.769140625,12233.490114818524,0.8811806758883656,2004007,bear,hold
2022-08-16,13563.2333984375,13606.200346901398,13367.495077657515,13544.13697689799,293150,12881.729345703125,12376.4858984375,12849.207290039063,0.09521974417971224,76.65390131384751,278.0672020124075,233.79438667602204,44.27281533638546,13517.735226528777,12881.729345703125,12245.723464877472,1.0357686723349615,2297157,bear,hold
2022-08-17,13634.845703125,13634.845703125,13596.652858018208,13601.426963656557,230622,12951.908837890625,12399.4016015625,12853.347705078126,0.11475435228298148,77.77554520595982,300.22109147231095,247.07972763527982,53.14136383703112,13595.03910014714,12951.908837890625,12308.77857563411,1.0309475430670865,2527779,bear,hold
2022-08-18,13606.1982421875,13634.84287006579,13529.812567845394,13572.779509662829,142582,13004.185205078125,12419.6437890625,12857.084482421875,0.0832381767028112,76.19840704711471,311.8715368550311,260.0380894792301,51.83344737580097,13680.713667026599,13004.185205078125,12327.656743129652,0.9449280931769768,2385197,bear,hold
2022-08-19,13682.5859375,13730.326991015352,13668.263621445394,13682.5859375,170197,13060.042236328125,12443.32333984375,12861.629291992187,0.08890577271373568,77.50811505610093,323.53889241508114,272.7382500664003,50.80064234868081,13766.270032544278,13060.042236328125,12353.814440111972,0.940752760304364,2555394,bear,hold
2022-08-22,13625.296875,13634.845085844428,13553.685293666784,13553.685293666784,282414,13108.26064453125,12468.3396484375,12865.556240234375,0.07616883295689081,74.210013956374,324.42286238474844,283.07517253006995,41.34768985467849,13830.411515657093,13108.26064453125,12386.109773405407,0.8579835261173909,2272980,bear,hold
2022-08-23,13405.6865234375,13482.072201633724,13372.267789226651,13372.267789226651,189928,13148.84052734375,12498.13005859375,12868.19576171875,0.0644427449106324,63.12179257947363,303.89953032882113,287.2400440898202,16.659486239000955,13841.468046632994,13148.84052734375,12456.213008054505,0.6854142298282626,2083052,bear,hold
2022-08-24,13391.3662109375,13391.3662109375,13319.754626921791,13381.817999735405,96907,13190.613916015625,12529.25724609375,12871.001010742188,0.06653986392102818,62.46635713083806,283.2143930447892,286.434913880814,-3.220520836024832,13834.19801582785,13190.613916015625,12547.029816203401,0.6559643059706163,1986145,bear,hold
2022-08-25,13486.8486328125,13491.622738523229,13396.140624308628,13434.333469994468,329463,13235.013134765624,12564.10822265625,12874.236220703126,0.07048130345950554,65.07068849860744,271.3974058288695,283.4274122704251,-12.0300064415556,13829.851601005921,13235.013134765624,12640.174668525327,0.7116839380265816,2315608,bear,hold
2022-08-26,13491.62109375,13539.362145037156,13482.072883492569,13539.362145037156,74489,13278.93486328125,12599.0546484375,12876.4984765625,0.06964414334793312,65.20066060688148,259.42694371649486,278.6273185596391,-19.200374843144232,13809.926567536191,13278.93486328125,12747.94315902631,0.7002726490493664,2390097,bear,hold
2022-08-29,13133.5634765625,13147.885792240322,12995.114425010222,12995.114425010222,170815,13293.0185546875,12631.51857421875,12877.089111328125,0.021916919288148762,50.129445796201566,218.5289433261296,266.6076435129372,-48.07870018680762,13791.929201441182,13293.0185546875,12794.107907933818,0.34019675751304945,2219282,bear,hold
2022-08-30,13171.7568359375,13200.401468418699,13119.241676388638,13138.33809804277,104346,13303.28291015625,12664.1734375,12877.206157226563,0.015832151210321888,51.419412938058095,187.0427558100182,250.69466597235342,-63.65191016233521,13782.974956086031,13303.28291015625,12823.590864226468,0.3629057169753422,2323628,bear,hold
2022-08-31,12980.7919921875,13061.951780296065,12980.7919921875,13038.081254381781,149326,13305.90869140625,12690.52650390625,12875.84626953125,0.004062074750605271,45.133304968243515,145.00888625112748,229.55751002810825,-84.54862377698078,13777.873708118505,13305.90869140625,12833.943674693995,0.15557118885257795,2174302,bear,hold
2022-09-01,12856.666015625,12966.470441306165,12780.280328194625,12842.343699231804,102196,13299.463623046875,12714.3016015625,12873.46228515625,-0.009926510208411177,41.57546977127196,100.52205714158299,203.75041945080324,-103.22836230922024,13791.830261768346,13299.463623046875,12807.096984325404,0.0503375202555475,2072106,bear,hold
2022-09-02,13081.048828125,13081.048828125,12966.470298243614,12999.889036125684,63020,13297.076611328124,12739.5088671875,12872.12900390625,-0.0036363014248862457,49.348534716946,82.42163696012722,179.48466295266806,-97.06302599254084,13793.178575676862,13297.076611328124,12800.974646979386,0.2822748157359984,2135126,bear,hold
2022-09-05,13042.8564453125,13061.952867633601,12952.148439287266,12976.018967188644,76126,13296.59931640625,12759.94205078125,12870.865834960938,-0.0007313518374700845,48.17369432196811,64.25443235474086,156.43861683308265,-92.18418447834179,13793.659400206721,13296.59931640625,12799.539232605777,0.2447563389584047,2059000,bear,hold
2022-09-06,13090.59765625,13109.69407879741,13009.437860423504,13042.856599881474,46987,13295.644580078126,12778.1791796875,12869.912578125,-0.0014565350585596937,49.783065306644936,53.09703893693404,135.77030125385295,-82.67326231691891,13794.208093839661,13295.644580078126,12797.08106631659,0.2943622846755285,2105987,bear,hold
2022-09-07,13095.3701171875,13095.3701171875,12999.88801644242,13047.629066814961,65178,13296.8380859375,12796.41626953125,12869.315454101563,0.0018261192049497943,49.95038240093441,44.131106061164246,117.44246221531522,-73.31135615415097,13793.359679597685,13296.8380859375,12800.316492277314,0.2971206375287254,2171165,bear,hold
2022-09-08,13334.076171875,13334.076171875,13229.045854731696,13229.045854731696,114216,13311.8765625,12822.29189453125,12869.911860351562,0.023076993394178125,57.5660697815753,55.64567462574996,105.08310469740218,-49.437430071652216,13793.557619151312,13311.8765625,12830.195505848687,0.5230438887604735,2285381,bear,hold
2022-09-13,13696.9072265625,13696.9072265625,13644.39207163319,13677.810806588206,312491,13332.16650390625,12858.57505859375,12871.990151367187,0.03053160172651248,66.02777725264181,92.97670934941743,102.66182562780523,-9.685116278387795,13842.003117512633,13332.16650390625,12822.329890299867,0.8577035396459838,2597872,bear,hold
2022-09-14,13267.2373046875,13286.333723981761,13219.496256451848,13257.689095040369,181143,13331.927734375,12887.792578125,12871.943818359376,-0.00035980907603305745,52.64080270739595,86.88944410471959,99.50734932318811,-12.617905218468522,13841.881270076674,13331.927734375,12821.974198673326,0.4365722314303706,2416729,bull,golden_cross
2022-09-15,13319.755859375,13353.174601674507,13286.337117075493,13286.337117075493,67137,13319.753857421874,12914.71853515625,12871.709145507812,-0.01795129022040931,53.8718763843258,85.31954043673977,96.66978754589844,-11.350247109158673,13818.541351568514,13319.753857421874,12820.966363275234,0.500002006819687,2483866,bull,hold
2022-09-16,13023.759765625,13152.660613745189,12990.34102722347,13152.660613745189,106387,13289.199560546875,12933.14662109375,12870.089418945312,-0.04481795766562613,46.53053155654271,59.505032472519815,89.23683653122272,-29.731804058702906,13781.866415852764,13289.199560546875,12796.532705240985,0.2306092422666968,2377479,bull,hold
2022-09-19,13004.6611328125,13038.07986553265,12971.242400092351,13014.209342161115,73529,13259.122705078125,12951.76560546875,12867.757138671876,-0.04421052072502285,46.094056496194426,37.07833293177828,78.80513581133384,-41.726802879555564,13744.093788666181,13259.122705078125,12774.15162149007,0.23765284067764125,2303950,bull,hold
2022-09-20,13147.88671875,13176.531352124184,13114.467979813453,13147.88671875,64774,13232.387744140626,12971.91234375,12866.330849609374,-0.03907881311269856,49.89023639859718,30.51041470049131,69.14619158916534,-38.63577688867403,13678.424050352909,13232.387744140626,12786.351437928342,0.4052756197043645,2368724,bull,hold
2022-09-21,13004.6611328125,13042.853970206957,12956.920086069429,12980.790609440965,114915,13201.35595703125,12987.18947265625,12864.496948242188,-0.04555025463894713,46.37331275986676,13.591509917996518,58.03525525493158,-44.44374533693506,13619.199066455778,13201.35595703125,12783.512847606722,0.26463076716803247,2253809,bull,hold
2022-09-22,12923.5029296875,12923.5029296875,12751.635140448952,12765.957456218832,127568,13177.24677734375,13001.4162890625,12862.1148828125,-0.03596858638362055,44.46072903669526,-6.293089917779071,45.16958622038945,-51.46267613816852,13600.753706212663,13177.24677734375,12753.739848474836,0.2004253881584196,2126241,bull,hold
2022-09-23,12808.9228515625,12837.567479631593,12770.730014137043,12832.79337495341,93247,13148.124609375,13013.7334375,12858.614038085938,-0.04349394603959711,41.83725431891015,-30.940767361276812,29.947515504056195,-60.88828286533301,13588.498078856599,13148.124609375,12707.7511398934,0.1148703528713906,2032994,bull,hold
2022-09-26,12703.8935546875,12742.086395137518,12670.474819293733,12694.345344574995,130119,13108.97685546875,13025.2867578125,12855.39498046875,-0.05805322647576305,39.53442496199154,-58.27742986844896,12.302526429555165,-70.57995629800413,13560.99461978633,13108.97685546875,12656.959091151171,0.05191661394899663,1902875,bull,hold
2022-09-27,12737.3134765625,12737.3134765625,12670.475999549053,12699.120632554816,73390,13071.261474609375,13039.32267578125,12852.580361328124,-0.05590933898498929,40.65378870662766,-76.36493601516668,-5.430966059389204,-70.93396995577747,13515.078633213263,13071.261474609375,12627.444316005487,0.12377750434731667,1976265,bull,hold
2022-09-28,12680.025390625,12742.08876791345,12574.99505982916,12742.08876791345,129333,13048.5845703125,13048.96640625,12850.04890625,-0.03453275165927827,39.3103629580893,-94.23579314490053,-23.191931476491472,-71.04386166840905,13522.666345020285,13048.5845703125,12574.502795604714,0.11129155416840035,1846932,bull,hold
2022-09-29,12847.1162109375,12933.050098636078,12794.601057343925,12794.601057343925,64690,13032.3525390625,13058.22814453125,12848.803837890626,-0.024646721697310636,45.01740221368761,-93.83408251626133,-37.320361684445444,-56.51372083181589,13510.665441165393,13032.3525390625,12554.039636959607,0.30636490536779126,1911622,bull,hold
2022-09-30,12651.37890625,12689.571748231132,12574.993222287736,12665.701221992926,118882,13015.881884765626,13066.63060546875,12847.814223632813,-0.02537696360405106,40.24326178452422,-108.06438957696992,-51.469167262950336,-56.59522231401958,13522.038566324887,13015.881884765626,12509.725203206364,0.1399306856991976,1792740,bull,hold
2022-10-04,12828.0205078125,12866.213348922474,12780.279456425033,12785.05356156378,74713,13014.449609375,13071.97759765625,12846.829672851563,-0.0022280665747781425,45.82672808691109,-103.89091960442602,-61.953517731245476,-41.93740187318054,13522.558673876718,13014.449609375,12506.340544873283,0.3165461762177732,1867453,bull,hold
2022-10-05,12885.310546875,12995.114971690904,12885.310546875,12961.696233703455,75921,13004.6626953125,13078.37490234375,12846.273984375,-0.014963500543561326,47.53881542889654,-94.8670192778809,-68.53621804057256,-26.330801237308336,13514.799907233368,13004.6626953125,12494.525483391631,0.3830195625329001,1943374,bull,hold
2022-10-06,12880.5361328125,13023.759292184026,12866.213816875348,13004.66287093449,57920,12996.5466796875,13082.76705078125,12845.077353515626,-0.012445150583431985,47.40435801161722,-87.09677120619745,-72.24832867369754,-14.848442532499902,13509.15396050167,12996.5466796875,12483.939398873332,0.3868426657042967,1885454,bull,hold
2022-10-07,12746.86328125,12804.152554424156,12722.992750760766,12761.185599543538,58271,12979.3599609375,13085.8225390625,12842.215556640625,-0.02625811166351799,43.679403896792564,-90.67977559141582,-75.93461805724121,-14.74515753417461,13501.16829144854,12979.3599609375,12457.55163042646,0.2772202300221988,1827183,bull,hold
2022-10-11,12522.478515625,12737.313259507244,12484.285672268157,12737.313259507244,94245,12950.715380859376,13085.154140625,12838.46916015625,-0.043747644887912496,38.24653098014499,-110.35322442637153,-82.81833933106728,-27.534885095304247,13505.745421184087,12950.715380859376,12395.685340534665,0.11422190321100198,1732938,bull,hold
2022-10-12,12493.83203125,12498.60613596198,12426.994565282288,12484.28382182604,97519,12908.703173828126,13083.05349609375,12834.532075195313,-0.0630147998102254,37.603482730795605,-126.79449819961337,-91.6135711047765,-35.180927094836875,13468.483151423552,12908.703173828126,12348.9231962327,0.12943374255700119,1635419,bull,hold
2022-10-13,12393.5791015625,12417.449631419131,12364.934465734543,12407.901419476479,69874,12843.536767578125,13078.66134765625,12829.4291796875,-0.09515492099358369,35.36266310779051,-146.2282712084252,-102.53651112550625,-43.69176008291896,13318.072769920102,12843.536767578125,12369.00076523615,0.025897230352438426,1565545,bull,hold
2022-10-14,12780.279296875,12780.279296875,12656.152564817192,12656.152564817192,104188,12819.1888671875,13077.229140625,12826.853125,-0.036703798735886806,48.1880569539168,-128.9398638689363,-107.81718167419227,-21.12268219474403,13252.442844659809,12819.1888671875,12385.934889715192,0.455096118748284,1669733,bull,hold
2022-10-17,12570.220703125,12579.768914825056,12508.157327074628,12579.768914825056,65249,12781.712109375,13069.30416015625,12823.440380859374,-0.05627243953742933,43.17636801185944,-130.68222612296813,-112.39019056394746,-18.292035559020675,13161.678615926341,12781.712109375,12401.745602823657,0.22169730409985208,1604484,bull,hold
2022-10-18,12880.5361328125,12918.728975311575,12799.37634250197,12828.020974376275,179489,12774.550927734375,13068.34935546875,12820.487475585938,-0.010997103401010677,51.2435900919538,-105.8035614053515,-111.07286473222827,5.269303326876766,13141.16412983343,12774.550927734375,12407.93772563532,0.6445463563113699,1783973,bull,hold
2022-10-19,12909.1806640625,12947.373506263868,12842.343190210106,12913.95476933767,113043,12769.776904296876,13066.82162109375,12818.722065429687,-0.0073420189711126405,51.92211132687072,-82.82095765046142,-105.42248331587491,22.60152566541349,13126.63677404792,12769.776904296876,12412.917034545831,0.6953200283669839,1897016,bull,hold
2022-10-20,12799.3759765625,12828.020607617844,12737.312609275923,12828.020607617844,194205,12752.3513671875,13060.233359375,12817.309501953125,-0.026506977862114867,49.10121081291855,-72.6301638806708,-98.8640194288341,26.23385554816329,13064.947246755954,12752.3513671875,12439.755487619048,0.5752162975403228,1702811,bull,hold
2022-10-21,12742.0869140625,12746.861019313179,12646.604809048918,12670.475335302313,41709,12739.22265625,13054.02705078125,12814.87474609375,-0.020190777450362796,47.6467428429202,-68.38829723618255,-92.76887499030379,24.380577754121234,13029.594417882043,12739.22265625,12448.850894617957,0.5049320529592846,1661102,bull,hold
2022-10-24,13104.9189453125,13147.88589267418,12990.340419014687,12990.340419014687,240165,12748.29345703125,13053.93158203125,12813.684545898437,0.014037681316901862,56.44621212794054,-35.341677888096456,-81.28343556986232,45.941757681765864,13070.693136896507,12748.29345703125,12425.893777165993,1.0530797803991265,1901267,bull,hold
2022-10-25,13205.17578125,13276.78736357782,13171.75704283035,13267.239152600776,113983,12768.106103515625,13056.60509765625,12812.592163085938,0.030935694927631152,58.52081987074485,-1.0500014250592358,-65.2367487409017,64.18674731584247,13146.767557422436,12768.106103515625,12389.444649608815,1.077124596687809,2015250,bull,hold
2022-10-26,13195.625,13248.140150144718,13181.302686324167,13214.721418234441,129545,12792.69267578125,13059.85146484375,12811.048559570312,0.0387071446400038,58.23623426199982,25.066776802961613,-47.176043632129044,72.24282043509066,13213.045301105003,12792.69267578125,12372.340050457498,0.9792789433733331,1885705,bull,hold
2022-10-27,13224.271484375,13276.78664189418,13166.982221626806,13205.175063458935,198061,12817.040576171876,13058.5147265625,12809.576987304688,0.03823082541766243,58.882112193761344,47.528168449669465,-28.235201215769344,75.7633696654388,13276.348458824743,12817.040576171876,12357.732693519009,0.9433092959901351,2083766,bull,hold
2022-10-28,13022.162109375,13074.844633539446,12998.215507482071,13065.265992782273,339198,12834.147412109374,13053.51771484375,12806.169252929687,0.02698233703876962,52.69076561809179,48.461808133559316,-12.895799345903612,61.35760747946293,13297.23864738221,12834.147412109374,12371.056176836539,0.702999628307427,1744568,bull,hold
2022-10-31,13434.04296875,13434.04296875,13362.203166778076,13362.203166778076,762886,12863.49375,13050.93390625,12804.820922851562,0.04568548677973472,61.56114196769238,81.49761366927487,5.982883257132084,75.51473041214278,13395.424158815835,12863.49375,12331.563341184165,1.03630062250073,2507454,bull,hold
2022-11-01,13376.5703125,13424.46351089778,13333.466433941998,13419.674191058002,306614,12899.7533203125,13045.7683984375,12803.161489257813,0.05732113563460994,59.87416203058904,101.86690624091352,25.159687853888375,76.70721838702515,13466.623591605268,12899.7533203125,12332.883049019732,0.9205697637839619,2200840,bull,hold
2022-11-02,13271.2060546875,13290.363335170628,13237.680813842024,13266.416734566717,115255,12921.91259765625,13039.0685546875,12800.429389648438,0.03454824121968714,56.801063778870095,108.25975129357903,41.77970054182651,66.48005075175251,13510.082707133983,12921.91259765625,12333.742488178517,0.7969323427038872,2085585,bull,hold
2022-11-03,12983.84765625,13007.794258345628,12931.165131639616,12955.111733735244,340596,12926.839453125,13025.0937890625,12796.42662109375,0.007647243659090419,49.36011335255084,89.11148413705268,51.24605726087174,37.86542687618095,13515.351330945772,12926.839453125,12338.327575304227,0.5484341992689244,1744989,bull,hold
2022-11-04,12835.3779296875,12868.903170548625,12787.484728457322,12844.956569933536,145306,12924.58154296875,13009.29541015625,12792.844448242187,-0.003505925736271287,46.00666665541238,61.250026164567316,53.24685104161086,8.003175122956456,13514.132287402634,12924.58154296875,12335.030798534866,0.4243461108959265,1599683,bull,hold
2022-11-07,12792.275390625,12864.11520000702,12777.907428748595,12797.064711250467,149652,12926.8521484375,12997.0271875,12788.667021484374,0.0035626105319415124,45.04978633326627,35.284863370143285,49.65445350731735,-14.369590137174065,13513.992408635777,12926.8521484375,12339.711888239222,0.38539641467691804,1450031,bull,hold
2022-11-08,12758.7490234375,12883.271348741318,12749.170383029514,12878.482028537326,165562,12938.665673828125,12984.37484375,12784.820366210937,0.018867711173765844,44.27835607367456,11.865212363885803,42.09660527863104,-30.231392914745236,13501.80293308313,12938.665673828125,12375.52841457312,0.3402550644325651,1284469,bull,hold
2022-11-09,12634.2265625,12811.431408145374,12624.647922194845,12782.695487229908,226071,12945.685400390625,12967.32240234375,12780.825776367188,0.011237107310138272,41.4399835731536,-16.55214883960798,30.366854454983233,-46.919003294591214,13489.641011727226,12945.685400390625,12401.729789054023,0.21370932535716333,1058398,bull,hold
2022-11-10,12533.650390625,12533.650390625,12404.33875113441,12476.178550851404,151808,12952.68896484375,12948.16298828125,12775.734965820313,0.011301923997470764,39.25139041397921,-46.65100510200864,14.963282543584858,-61.6142876455935,13471.034220689458,12952.68896484375,12434.343708998042,0.09579202327697024,906590,bull,hold
2022-11-11,12710.85546875,13410.096199133382,12643.804987754333,13410.096199133382,267033,12949.2177734375,12939.708828125,12771.7200390625,-0.005432105708517265,44.78453410834703,-55.56507707993296,0.857610618881294,-56.42268769881426,13473.03575405997,12949.2177734375,12425.39979281503,0.27247601886036255,1173623,bull,hold
2022-11-14,12797.064453125,12844.957658413641,12643.806196201347,12725.224645192038,135963,12960.5599609375,12932.21498046875,12768.919375,0.018046123083869547,47.29938554433289,-55.03874637654371,-10.321660780203707,-44.717085596340006,13460.332976084972,12960.5599609375,12460.786945790029,0.3364302364701938,1309586,bull,hold
2022-11-15,12725.2236328125,12768.327514143064,12701.277032073296,12753.959553699542,68131,12952.7943359375,12927.10361328125,12765.640844726562,-0.01205792199940725,45.44195723933681,-59.73004848426899,-20.203338321016766,-39.526710163252226,13462.036637594136,12952.7943359375,12443.552034280865,0.2765595057748723,1241455,bull,hold
2022-11-16,12854.5341796875,12864.112819165657,12725.222546732371,12749.169145427766,60701,12950.06201171875,12927.0609765625,12763.293657226563,-0.004233148934628228,49.30119580055683,-52.40951450474495,-26.644573557762406,-25.76494094698254,13460.795249916906,12950.06201171875,12439.328773520594,0.4064797188760732,1302156,bull,hold
2022-11-17,12931.1640625,12931.1640625,12797.063101851852,12844.956302083334,105609,12956.651416015626,12924.06328125,12762.587485351563,0.010296446184472119,51.49104234752838,-39.963868860479124,-29.30843261830575,-10.655436242173373,13462.818315232806,12956.651416015626,12450.484516798446,0.47482317240119454,1407765,bull,hold
2022-11-18,12821.009765625,12888.060246281986,12806.641805484218,12883.270926235058,45713,12960.59755859375,12919.62634765625,12761.35427734375,0.00619387170208352,48.26384273571183,-38.544815541061325,-31.15570920285687,-7.389106338204456,13461.211969156018,12960.59755859375,12459.983148031482,0.36058352494091056,1362052,bull,hold
2022-11-21,13003.0048828125,13007.794203211326,12868.903911645373,12868.903911645373,907827,12955.50185546875,12917.8744921875,12762.193984375,-0.007776779308997783,53.454419015258026,-22.475635466264066,-29.419694455538313,6.944058989274247,13452.195792413675,12955.50185546875,12458.807918523826,0.5478192140173205,2269879,bull,hold
2022-11-22,13003.0048828125,13065.266047997238,12964.690319621892,13003.0048828125,122503,12945.393310546875,12916.0271875,12763.484633789063,-0.015309974042493346,53.454419015258026,-9.629689419443821,-25.461693448319416,15.832004028875595,13429.418134243408,12945.393310546875,12461.368486850342,0.5595130347092957,2392382,bull,hold
2022-11-23,13117.947265625,13146.683185155394,13079.632706251141,13108.368625781535,90720,12941.509423828125,12911.704609375,12766.0857421875,-0.005886627906976694,56.64076442632744,9.713731205352815,-18.42660851758497,28.140339722937785,13418.637798012256,12941.509423828125,12464.381049643995,0.6848955662074969,2483102,bull,hold
2022-11-24,12993.4248046875,13122.7364411514,12969.478205342333,13117.947121282366,48229,12929.96708984375,12897.6349609375,12768.06423828125,-0.017456287097573187,52.45161863700654,14.824719355632624,-11.77634294294145,26.601062298574075,13390.039636659332,12929.96708984375,12469.89454302817,0.568964900517294,2434873,bull,hold
2022-11-25,12964.6884765625,13055.685551204055,12921.584599100712,12993.424394870359,50217,12927.093408203125,12891.583984375,12770.755708007813,-0.004413524599814589,51.50491658326184,16.367755470746488,-6.147523260203863,22.51527873095035,13385.541711463755,12927.093408203125,12468.645104942496,0.5410025166327224,2384656,bull,hold
2022-11-28,13007.7939453125,13031.740546831852,12969.479382881535,12988.636664097017,65485,12905.78095703125,12885.34474609375,12772.52048828125,-0.031729020402051056,52.8788204911803,20.828772663830023,-0.7522640753970871,21.58103673922711,13303.601153116053,12905.78095703125,12507.960760946446,0.6282149439435505,2450141,bull,hold
2022-11-29,12811.4326171875,12912.008349883177,12758.750090537384,12912.008349883177,111481,12877.524072265625,12881.098203125,12770.56689453125,-0.04224832540104817,46.42627911299788,8.422355142300148,1.08265976814236,7.339695374157788,13212.962443159653,12877.524072265625,12542.085701371598,0.4014849510180141,2338660,bull,hold
2022-11-30,12667.751953125,12811.43155939863,12653.383992497636,12811.43155939863,220617,12847.3513671875,12874.36001953125,12768.537392578124,-0.04547093150960124,42.353717840802716,-12.855459195990989,-1.70496402468431,-11.150495171306678,13141.767908635396,12847.3513671875,12552.934825739605,0.19499095876329137,2118043,bull,hold
2022-12-01,12883.2705078125,12950.320986291821,12844.95594868146,12897.63846748664,1235096,12842.322509765625,12869.0676953125,12767.847236328125,-0.00774632844595069,49.50845136121283,-12.187247158941318,-3.801420651535712,-8.385826507405607,13130.61356373252,12842.322509765625,12554.03145579873,0.5710185028002587,3353139,bull,hold
2022-12-02,12849.74609375,12888.060655341504,12811.431532158498,12883.271335142565,85599,12843.04091796875,12865.96939453125,12767.393989257813,0.0011194188547629658,48.50006788661828,-14.199145435086393,-5.880965608245848,-8.318179826840545,13131.330778763924,12843.04091796875,12554.751057173577,0.511629225812443,3267540,bull,hold
2022-12-05,12749.1708984375,12849.746626787308,12725.22429644945,12849.746626787308,80325,12840.885693359374,12862.48275390625,12765.676401367187,-0.0033695719386317435,45.50556160341781,-23.63669789362939,-9.432112065322556,-14.204585828306833,13131.298076402685,12840.885693359374,12550.473310316063,0.3420955849733923,3187215,bull,hold
2022-12-06,12811.4326171875,12811.4326171875,12662.963678446262,12677.33164025993,66488,12843.519873046875,12862.53294921875,12763.67521484375,0.004129213111193186,47.659987726502116,-25.794680826747935,-12.704625817607631,-13.090055009140304,13131.85267874962,12843.519873046875,12555.18706734413,0.44435725795895936,3253703,bull,hold
2022-12-07,12653.3818359375,12691.696391080384,12581.54204504459,12629.435238973198,81197,12844.47763671875,12861.52271484375,12762.382944335937,0.001516141359563239,43.01137877014749,-39.7994912492577,-18.123598903937648,-21.67589234532005,13130.138089464032,12844.47763671875,12558.817183973468,0.16551932732591756,3172506,bull,hold
2022-12-08,12591.1220703125,12615.068669913702,12567.175470711296,12581.543430472018,62301,12847.351220703125,12858.59888671875,12761.659829101562,0.004585390360855035,41.30238780592921,-55.28495660165936,-25.555870443481993,-29.729086158177367,13121.365741387595,12847.351220703125,12573.336700018655,0.03245333540977672,3110205,bull,hold
2022-12-09,12548.01953125,12682.120503339695,12519.28360865935,12639.016619453721,64572,12839.209423828124,12855.95876953125,12759.912119140625,-0.012810777205384594,40.114068455023,-70.22579489013151,-34.4898553328119,-35.73593955731961,13137.559010927633,12839.209423828124,12540.859836728616,0.01199883430540191,3045633,bull,hold
2022-12-12,12480.9697265625,12514.494971415124,12452.233802403109,12461.812443789573,77238,12823.4046875,12848.63583984375,12757.971948242188,-0.02470056533045828,38.26951877509289,-86.47998828334858,-44.887881922919235,-41.59210636042934,13160.042792575943,12823.4046875,12486.766582424058,-0.00860992230848293,2968395,bull,hold
2022-12-13,12629.4365234375,12662.961762597175,12591.121964397871,12610.279243917686,78220,12818.61533203125,12848.1969921875,12757.55939453125,-0.007527341926471864,44.369431845816536,-86.38572309104529,-53.18745015654444,-33.19827293450085,13163.33302510769,12818.61533203125,12473.89763895481,0.22560328002688287,3046615,bull,hold
2022-12-14,12677.330078125,12720.433958254627,12610.279597923356,12610.279597923356,97940,12809.755126953125,12845.18318359375,12758.028798828125,-0.01378533823827821,46.2157704554269,-81.50684744575301,-58.85132961438616,-22.65551783136685,13159.398583712604,12809.755126953125,12460.111670193646,0.31062844696787684,3144555,bull,hold
2022-12-15,12653.3818359375,12653.3818359375,12605.488642008893,12643.803197151778,52511,12795.866015625,12840.544609375,12759.615859375,-0.021481610257197192,45.40429379299337,-78.66591465091369,-62.814246621691666,-15.851668029222026,13147.179853244961,12795.866015625,12444.55217800504,0.29721240038140007,3092044,bull,hold
2022-12-16,12351.6572265625,12591.123244913848,12346.867906195474,12591.123244913848,146582,12772.398388671874,12829.96703125,12759.075595703125,-0.03660807905481067,36.66852626797377,-99.61283455209923,-70.17396420777318,-29.438870344326048,13173.093213279433,12772.398388671874,12371.703564064315,-0.02501447020366272,2945462,bull,hold
2022-12-19,12207.978515625,12351.65813722906,12150.506666983376,12351.65813722906,88461,12732.6470703125,12819.1893359375,12760.029990234376,-0.06114174180141807,33.375478597338045,-126.35059962579544,-81.40929129137764,-44.9413083344178,13187.964279313142,12732.6470703125,12277.329861311857,-0.07615717604774179,2857001,bull,hold
2022-12-20,11867.9365234375,12131.349158138493,11867.9365234375,12131.349158138493,195358,12675.89365234375,12806.09849609375,12757.547055664063,-0.08729277344772401,27.159015065214362,-172.98495511870897,-99.72442405684392,-73.26053106186505,13249.78924879576,12675.89365234375,12101.99805589174,-0.20392344348107583,2661643,bull,hold
2022-12-21,11982.87890625,12045.140067633394,11944.564345398681,12045.140067633394,57879,12619.140234375,12795.87943359375,12755.186704101563,-0.08652789467673772,31.784240792108562,-198.38131187462568,-119.45580162040028,-78.9255102542254,13230.240849724176,12619.140234375,12008.039619025823,-0.020586391294539,2719522,bull,hold
2022-12-22,12054.71875,12121.769231724275,12030.772149384187,12073.876030492649,51528,12572.204931640625,12789.1022265625,12752.638237304687,-0.07224469828376989,34.580233159063,-210.28717294408125,-137.6220758851365,-72.66509705894475,13204.920354243146,12572.204931640625,11939.489509038103,0.09105929525783424,2771050,bull,hold
2022-12-23,11911.041015625,12040.352679244572,11877.515769501408,12040.352679244572,133111,12519.52255859375,12771.7174609375,12748.37193359375,-0.08127055754885881,31.77513867347642,-228.6801634421554,-155.8336933965403,-72.84647004561509,13187.239530402183,12519.52255859375,11851.805586785316,0.04435668954111757,2637939,bull,hold
2022-12-26,11968.5107421875,11973.300062212384,11915.828221913765,11920.617541938649,63317,12467.5583984375,12759.68326171875,12744.488168945312,-0.07989696081398312,34.0785970134244,-235.90010472264294,-171.84697566176084,-64.0531290608821,13136.950565723808,12467.5583984375,11798.166231151194,0.1272382015813519,2701256,bull,hold
2022-12-27,11949.35546875,11978.09139372495,11887.094297970942,11978.09139372495,117629,12424.454541015624,12741.0596484375,12740.936958007813,-0.06728967588534629,33.67053921667598,-240.39648959299666,-185.556878448008,-54.83961114498865,13110.538401144135,12424.454541015624,11738.370680887114,0.15376020347087496,2583627,bull,hold
2022-12-28,11815.25390625,11863.147112193454,11786.517982683928,11863.147112193454,90970,12381.829638671876,12719.18111328125,12737.952651367188,-0.06729671136832593,30.882595910919306,-251.87729765845143,-198.8209622900967,-53.05633536835472,13106.970928670953,12381.829638671876,11656.688348672798,0.10933424958976158,2492657,bear,death_cross
2022-12-29,11647.6298828125,11810.466813739977,11618.893953825298,11810.466813739977,87553,12320.047607421875,12696.14619140625,12732.869028320312,-0.09591047740949776,27.78559923116731,-271.3735531673319,-213.33148046554376,-58.04207270178816,13073.76047063433,12320.047607421875,11566.33474420942,0.05392978053776739,2405104,bear,hold
2023-01-02,11858.357421875,11891.882664990155,11714.677808524333,11724.256449414377,82201,12270.478173828125,12678.4716015625,12728.720048828125,-0.07715239387937811,36.417986855045385,-266.7456470662546,-224.01431378568594,-42.73133328056866,13008.563557362508,12270.478173828125,11532.392790293743,0.2208176986382989,2487305,bear,hold
2023-01-03,11887.095703125,11925.41027428737,11800.88791800967,11858.359774753224,89829,12227.3744140625,12654.11513671875,12724.571977539063,-0.06761813785225468,37.51498819120347,-257.7874458096703,-230.76894019048282,-27.018505619187493,12949.112161317738,12227.3744140625,11505.636666807262,0.26426429667037843,2577134,bear,hold
2023-01-04,11839.19921875,11887.092419473098,11820.041938460761,11877.51377932848,74796,12178.762744140626,12626.79560546875,12721.064887695313,-0.07588795316561048,36.388152943739186,-251.65196556380397,-234.94554526514705,-16.706420298656923,12866.777422418896,12178.762744140626,11490.748065862355,0.25322944690629995,2502338,bear,hold
2023-01-05,11877.5146484375,11925.40785266507,11843.9894054782,11887.093289283013,51308,12139.969384765625,12600.4333984375,12716.654755859376,-0.061316982096945916,37.99270258863447,-240.92063519024668,-236.14056325016696,-4.780071940079722,12803.627372868907,12139.969384765625,11476.311396662344,0.3022665732705073,2553646,bear,hold
2023-01-06,11776.9384765625,11877.514201657177,11719.466633651256,11877.514201657177,83572,12099.260205078124,12571.48673828125,12711.670346679688,-0.06466330714636559,35.463939114209595,-237.79053381990707,-236.470557364115,-1.319976455792073,12746.920235384847,12099.260205078124,11451.600174771402,0.25116441232062964,2470074,bear,hold
2023-01-09,11810.46484375,11901.461937031125,11786.518240254969,11896.672616332118,94133,12062.382470703125,12547.25279296875,12706.639404296875,-0.05877857343648296,36.969962333417776,-229.95384352539622,-235.16721459637125,5.213371070975029,12687.22421968126,12062.382470703125,11437.54072172499,0.29841485674964024,2564207,bear,hold
2023-01-10,11762.5712890625,11810.464494636859,11671.574198471219,11810.464494636859,104634,12026.462548828125,12513.823359375,12700.20298828125,-0.05755950484929673,35.68870814036627,-225.01399830077753,-233.13657133725252,8.12257303647499,12633.257851125205,12026.462548828125,11419.667246531046,0.2825533101800223,2459573,bear,hold
2023-01-11,11877.5146484375,11901.461250551285,11820.042803364415,11848.778725900956,83530,11988.866455078125,12483.84224609375,12694.127119140625,-0.059537246464210436,40.97569991606232,-209.4102162709387,-228.39130032398978,18.98108405305109,12531.331427609697,11988.866455078125,11446.401482546553,0.39736497997191494,2543103,bear,hold
2023-01-12,12025.982421875,12030.771741835923,11939.774662578404,11973.299902304858,86995,11956.299072265625,12458.9377734375,12688.055908203125,-0.05137893012456263,47.03275819738396,-182.95500664262,-219.30404158771586,36.349034945095866,12398.458314707917,11956.299072265625,11514.139829823333,0.5787989291193767,2630098,bear,hold
2023-01-13,11992.4599609375,12040.35317164412,11954.145392372206,12040.35317164412,74925,11923.252978515626,12439.11001953125,12682.221611328125,-0.052232824676394674,45.887730821952076,-162.81718963946332,-208.00667119806536,45.18948155860204,12230.194771891556,11923.252978515626,11616.311185139695,0.6127363296811005,2555173,bear,hold
2023-01-16,12006.8251953125,12021.193155259025,11982.878595401626,11992.457235365975,77239,11906.011376953125,12422.53896484375,12675.650073242188,-0.02791787570889126,46.48893299071373,-144.03828651431832,-195.21299426131597,51.174707746997655,12146.25083324251,11906.011376953125,11665.771920663741,0.7098194441423015,2632412,bear,hold
2023-01-17,12006.8251953125,12040.350435187725,11978.089275419452,12025.9824752412,88730,11895.9537109375,12406.8299609375,12668.697797851562,-0.016477201369173744,46.48893299071372,-127.68400872094753,-181.7071971532423,54.02318843229477,12098.700411039857,11895.9537109375,11693.207010835142,0.7734236471395742,2721142,bear,hold
2023-01-18,12016.40625,12093.035385113591,11954.145077720208,12011.6169290554,176732,11903.377197265625,12391.98310546875,12661.317514648437,0.012510155094720421,46.94488800655949,-112.65143903630451,-167.89604552985475,55.244606493550236,12112.25649753154,11903.377197265625,11694.49789699971,0.7705606840660677,2897874,bear,hold
2023-01-19,11752.9931640625,11997.248523217833,11743.414522526997,11997.248523217833,95807,11891.88291015625,12374.3584375,12652.382192382813,-0.019184516841574406,37.487458806018886,-120.60301734635505,-158.43743989315482,37.83442254679977,12107.199083903528,11891.88291015625,11676.566736408971,0.17747488802961958,2802067,bear,hold
2023-01-20,11738.6220703125,11752.990028782895,11671.571597450658,11695.518194901315,93536,11876.078076171874,12358.45787109375,12643.589194335938,-0.026221821200722695,37.048930504567835,-126.60490506965652,-152.07093292845516,25.46602785879864,12087.635535096091,11876.078076171874,11664.520617247657,0.17513316108458957,2708531,bear,hold
2023-01-25,11982.87890625,12025.982787207735,11738.623580822843,11997.246866569245,75154,11879.669970703126,12343.89833984375,12636.70755859375,0.006031201683443399,48.15078221369498,-110.37957201375684,-143.73266074551552,33.353088731758675,12095.868383359675,11879.669970703126,11663.471558046576,0.7386903175622083,2783685,bear,hold
2023-01-26,12054.71875,12059.508070123162,12021.193509137862,12021.193509137862,68178,11883.98037109375,12329.05142578125,12630.280302734374,0.007202901820410057,50.89382003465672,-90.67871587863556,-133.1218717721395,42.443155893503956,12110.292796559475,11883.98037109375,11657.667945628025,0.8772183046399012,2851863,bear,hold
2023-01-27,12121.7705078125,12131.349149067191,12078.666622166385,12093.034584048424,67467,11892.601123046876,12316.98236328125,12623.807573242188,0.014428814969426718,53.37326278407988,-68.86133833042368,-120.26976508379636,51.40842675337268,12140.339076555541,11892.601123046876,11644.86316953821,0.9625237706212183,2919330,bear,hold
2023-01-30,12102.5439453125,12155.414470887734,12092.931122480639,12155.414470887734,68530,11906.965625,12301.94255859375,12617.71462890625,0.02431518114989717,52.55385762567191,-52.516949643586486,-106.71920199575439,54.2022523521679,12168.054531846201,11906.965625,11645.8767181538,0.8745435274806768,2850800,bear,hold
2023-01-31,12025.6396484375,12097.735809399355,12001.607594783547,12097.735809399355,78388,11925.86611328125,12283.8320703125,12611.927241210937,0.03245379269672699,49.29397173784948,-45.24784886023917,-94.42493136865134,49.17708250841217,12162.72937084064,11925.86611328125,11689.002855721861,0.7106142087724037,2772412,bear,hold
2023-02-01,12169.833984375,12193.866042006073,12126.57628063907,12150.608338270144,59848,11941.43994140625,12270.8085546875,12606.051762695313,0.026266417128347097,54.938015706987926,-27.53435735849598,-81.04681656662028,53.5124592081243,12198.59088158323,11941.43994140625,11684.28900122927,0.9440855685994411,2832260,bear,hold
2023-02-02,12256.349609375,12352.477841605392,12213.091904871322,12352.477841605392,93096,11959.90263671875,12255.87544921875,12600.751655273438,0.031063425034336012,57.961508575508574,-6.440952536804616,-66.12564376065716,59.68469122385254,12249.74066408966,11959.90263671875,11670.06460934784,1.0114011010654613,2925356,bear,hold
2023-02-03,12419.765625,12419.765625,12338.056640625,12338.056640625,94069,11988.93095703125,12244.2106640625,12597.196674804687,0.04903764144204481,63.01006235776745,23.194655935023547,-48.26158382152102,71.45623975654456,12335.364845624623,11988.93095703125,11642.497068437879,1.121813688201911,3019425,bear,hold
2023-02-06,12544.7353515625,12544.7353515625,12467.832759369014,12491.864819429478,119762,12022.2919921875,12232.74642578125,12594.26654296875,0.056175110944845175,66.33925184442481,56.118205934348225,-27.385625870347173,83.5038318046954,12440.461324792199,12022.2919921875,11604.122659582801,1.1246791893140484,3139187,bear,hold
2023-02-07,12568.7646484375,12602.409525125478,12544.732593660374,12554.345415571224,298382,12061.88330078125,12224.25322265625,12591.218583984375,0.06723531531143068,66.95510924223012,83.1903533377008,-5.270430028737582,88.46078336643838,12526.945132311504,12061.88330078125,11596.821469250996,1.0449612430979245,3437569,bear,hold
2023-02-08,12756.2158203125,12765.828643085908,12645.668358418307,12645.668358418307,532022,12109.170849609374,12220.08376953125,12589.3934375,0.08007737113437874,71.35759236304364,118.40605685642186,19.464867348294305,98.94118950812755,12648.72190324389,12109.170849609374,11569.619795974859,1.0996142221801917,3969591,bear,hold
2023-02-09,12669.6982421875,12693.730294998932,12621.634136564633,12660.085421062926,241058,12154.527197265625,12213.32185546875,12587.540244140626,0.07711978366231009,66.92571938547391,137.74566384423633,43.121026647482715,94.62463719675361,12721.71189987941,12154.527197265625,11587.342494651839,0.9541475136298518,3728533,bear,hold
2023-02-10,12544.7353515625,12568.767411622965,12515.896879489943,12568.767411622965,355351,12187.888232421876,12207.98791015625,12584.372138671875,0.056175110944845175,61.02981338995757,141.35947674672025,62.768716667330224,78.59076007939002,12764.387965731969,12187.888232421876,11611.388499111783,0.8094946090362545,3373182,bear,hold
2023-02-13,12669.6982421875,12669.6982421875,12554.344388692622,12563.957209817194,295796,12220.0740234375,12208.0268359375,12581.44810546875,0.05352708807736106,64.40665712535687,152.5484271133755,80.72465875653928,71.82376835683623,12827.851713664531,12220.0740234375,11612.29633321047,0.8698920065509854,3668978,bear,hold
2023-02-14,12751.41015625,12804.280684602336,12722.571686239633,12789.861449597154,66972,12258.021533203126,12205.38962890625,12578.290146484374,0.06328561427635315,66.4536341225847,166.0945844812577,97.79864390148298,68.29594057977472,12898.127502293351,12258.021533203126,11617.9155641129,0.8853960491480193,3735950,bear,hold
2023-02-15,12842.7314453125,12866.76350265777,12761.02245033858,12761.02245033858,230847,12299.816845703124,12205.2493359375,12576.802392578125,0.06961925708107586,68.62530978052726,182.09974411656367,114.65886394449912,67.44088017206455,12976.947169427374,12299.816845703124,11622.686521978874,0.9008937279778867,3966797,bear,hold
2023-02-16,12977.3095703125,13001.341625072337,12929.245460792823,12929.245460792823,226592,12348.341064453125,12209.812109375,12577.65328125,0.08082772583204423,71.54840660393047,203.29976526540486,132.38704420868027,70.91272105672459,13072.024374351675,12348.341064453125,11624.657754554575,0.9345605994060768,4193389,bear,hold
2023-02-17,12861.9599609375,12914.830498893522,12751.412472484002,12751.412472484002,99660,12390.61875,12210.82265625,12577.0707421875,0.07036660490215207,65.8826110949311,208.39098376218317,147.58783211938083,60.803151642802334,13130.411053420954,12390.61875,11650.826446579045,0.8185632026434446,4093729,bear,hold
2023-02-20,12852.34375,12866.762983825729,12823.505282348542,12861.956572550485,122211,12445.586279296875,12214.80189453125,12577.106411132812,0.09353792439010511,65.41753114633121,209.23789899100302,159.91784549370527,49.32005349729775,13150.23630069008,12445.586279296875,11740.93625790367,0.7886237553068552,3971518,bear,hold
2023-02-21,12809.0849609375,12842.729837007506,12785.052906601783,12842.729837007506,96961,12499.109423828126,12219.16115234375,12576.1046484375,0.09119152863198887,63.25430481784017,204.06611551012247,168.74749949698872,35.31861601313375,13140.62273187505,12499.109423828126,11857.596115781202,0.7415971213855947,3874557,bear,hold
2023-02-22,12712.95703125,12727.376264177694,12674.505743442816,12708.150620274102,268491,12535.613330078126,12222.45990234375,12574.765473632813,0.06092677149722414,58.615756361188474,190.0202837422221,173.0020563460354,17.01822739618669,13137.324684549263,12535.613330078126,11933.901975606988,0.6473660916102764,3606066,bear,hold
2023-02-23,12660.08984375,12717.766790646356,12631.251370301823,12674.509080474088,99764,12565.881884765626,12226.0423046875,12574.307744140626,0.05021859956293051,56.17590489093339,172.6329158757253,172.9282282519734,-0.29531237624809137,13127.343168871206,12565.881884765626,12004.420600660045,0.583895329608033,3506302,bear,hold
2023-02-24,12727.376953125,12727.376953125,12568.765382334546,12568.765382334546,89139,12596.16220703125,12228.00111328125,12573.971616210938,0.04996023022562479,58.54125542614713,162.410640193988,170.82471064037634,-8.414070446388337,13122.793321072651,12596.16220703125,12069.531092989848,0.6245793712099535,3595441,bear,hold
2023-02-27,12789.8623046875,12789.8623046875,12688.927652903043,12703.346888872251,113386,12630.528125,12230.2517578125,12574.186611328125,0.0567912302141409,60.66449181073983,157.5354876882775,168.16686604995658,-10.631378361679083,13111.556619905563,12630.528125,12149.499630094439,0.6656182340287143,3708827,bear,hold
2023-02-28,12837.9267578125,12857.152406270476,12756.217751866108,12799.475460896552,107190,12671.14248046875,12233.94265625,12576.360629882813,0.06754627056204376,62.265350481066385,155.75484893521934,165.68446262700914,-9.929613691789797,13071.411307875309,12671.14248046875,12270.873653062192,0.708340327704741,3816017,bear,hold
2023-03-02,12578.3779296875,12837.924130758622,12539.926640639926,12837.924130758622,183999,12691.569677734375,12238.4770703125,12577.284624023438,0.03357021515963443,50.34909853806236,131.88002773769404,158.92357564914613,-27.043547911452094,13023.239789993651,12691.569677734375,12359.899565475098,0.32936094652027437,3632018,bear,hold
2023-03-03,12587.9931640625,12751.41117382887,12554.348279698836,12751.41117382887,152419,12708.15185546875,12246.07736328125,12579.02056640625,0.027058917643294267,50.725319115790455,112.43880443920352,149.62662140715761,-37.18781696795409,12978.64678360745,12708.15185546875,12437.65692733005,0.277891045438314,3784437,bear,hold
2023-03-06,12785.0537109375,12813.892177954653,12727.376776903195,12736.989599242246,140243,12726.416259765625,12264.41970703125,12581.431484375,0.02941183408503334,57.78530114838752,111.64565255218986,142.03042763616406,-30.384775083974205,12963.866481457655,12726.416259765625,12488.966038073595,0.6234731447164683,3924680,bear,hold
2023-03-07,12833.1171875,12972.503104517791,12804.278721910114,12972.503104517791,82550,12740.8353515625,12281.42447265625,12583.581455078125,0.02298827578706808,59.31638675396132,113.58604561376342,136.34155123168395,-22.755505617920534,12967.167837218847,12740.8353515625,12514.502865906154,0.7038634349591695,4007230,bear,hold
2023-03-08,12818.7001953125,12837.925842399583,12761.023254051252,12809.08737176896,101764,12753.33212890625,12296.7041015625,12585.563842773438,0.019885450469157462,58.6294828156192,112.66179526683482,131.60560003871413,-18.943804771879314,12967.557798915985,12753.33212890625,12539.106458896515,0.6525682389119843,3905466,bear,hold
2023-03-09,12837.9267578125,12837.9267578125,12780.249812438577,12818.701109354526,181947,12757.41767578125,12315.24181640625,12587.28431640625,0.006405578162913095,59.306282807883505,112.18751527688437,127.72198308634819,-15.53446780946382,12974.800881275098,12757.41767578125,12540.0344702874,0.6851777874200337,4087413,bear,hold
2023-03-10,12549.541015625,12823.50648398602,12539.928192173737,12823.50648398602,206606,12751.409814453125,12326.862421875,12589.448618164062,-0.009483827022998992,46.90999601400446,87.53230775667362,119.68404802041329,-32.15174026373967,12984.250278722913,12751.409814453125,12518.569350183338,0.06650833981712087,3880807,bear,hold
2023-03-13,12453.412109375,12535.121104303358,12434.186463509504,12535.121104303358,221720,12746.84365234375,12336.9435546875,12591.5858203125,-0.007279806199827488,43.635841534036715,59.54962777352739,107.65716397103611,-48.10753619750872,12998.535809909046,12746.84365234375,12495.151494778454,-0.0829175326859878,3659087,bear,hold
2023-03-14,12328.4443359375,12347.669980126097,12193.864826617324,12217.89688185307,240160,12729.78095703125,12347.20736328125,12592.81173828125,-0.026934651459471604,39.751511429750494,26.97830822164724,91.52139282115834,-64.5430845995111,13039.628846529908,12729.78095703125,12419.933067532591,-0.14763491167088794,3418927,bear,hold
2023-03-15,12467.830078125,12467.830078125,12400.540324426562,12458.21725616808,92931,12715.601953125,12363.6113671875,12595.04490234375,-0.022239115097870576,45.5712822323638,12.271113553832038,75.67133696769308,-63.40022341386104,13045.498340131377,12715.601953125,12385.705566118624,0.12447015978503059,3511858,bear,hold
2023-03-16,12487.0576171875,12511.089675727122,12448.606323524105,12467.831970355803,250276,12697.81826171875,12376.18537109375,12596.968413085937,-0.027694562456557326,46.341281050965705,2.1423617187465425,60.96554191790377,-58.82318019915723,13036.611279032835,12697.81826171875,12359.025244404666,0.18895367708263527,3762134,bear,hold
2023-03-17,12592.7978515625,12626.442731318582,12539.927326231513,12559.152971806416,100181,12678.59267578125,12390.2994140625,12599.1341796875,-0.029629540442622004,50.489489833643496,2.6174339722419973,49.29592032877142,-46.678486356529426,12994.63855054662,12678.59267578125,12362.54680101588,0.36426840046173087,3862315,bear,hold
2023-03-20,12458.21875,12712.95856240355,12458.21875,12712.95856240355,104760,12658.405615234375,12402.6798046875,12599.887055664063,-0.03139033336782926,45.65218038597051,-7.7758415546177275,37.88156795209359,-45.65740950671132,12976.592897321274,12658.405615234375,12340.218333147475,0.18542604229589843,3757555,bear,hold
2023-03-21,12631.25,12631.25,12535.121765601218,12559.153824200914,66108,12647.350927734375,12417.75451171875,12600.192202148437,-0.01720260166555221,52.01746310470329,-2.027044983871747,29.899845364900525,-31.92689034877227,12952.931371289642,12647.350927734375,12341.770484179107,0.4736551731729805,3823663,bear,hold
2023-03-22,12761.0224609375,12775.441695356638,12684.119877368761,12684.119877368761,129744,12644.947802734376,12437.43619140625,12601.695244140625,-0.0037522196274418773,56.164206169267416,12.852317247299652,26.490339741380353,-13.638022494080701,12946.127103877883,12644.947802734376,12343.768501590868,0.692700258222288,3953407,bear,hold
2023-03-23,12342.865234375,12674.507641373393,12304.413940809969,12660.088406286506,361405,12626.443212890625,12448.08419921875,12601.250727539062,-0.029111385806250167,43.20680687139201,-8.993799559444597,19.393511881215364,-28.38731144065996,12953.03931918219,12626.443212890625,12299.84710659906,0.06585829859455872,3592002,bear,hold
2023-03-24,12472.638671875,12583.186143725916,12366.89761184369,12414.96173003974,128333,12617.070654296875,12462.285546875,12600.882177734375,-0.014806464581887613,47.27242775146039,-15.654912589690866,12.383826987034118,-28.038739576724986,12949.964609544195,12617.070654296875,12284.176699049554,0.2830660783333084,3720335,bear,hold
2023-03-27,12679.314453125,12679.314453125,12592.799039873958,12592.799039873958,162835,12614.667529296876,12478.32154296875,12601.833447265624,-0.0037763083608676196,53.038274553371785,-4.208372868779406,9.065387015871414,-13.27375988465082,12945.02589166632,12614.667529296876,12284.30916692743,0.5978436316315018,3883170,bear,hold
2023-03-28,12616.830078125,12626.442901041666,12559.153140625,12626.442901041666,91557,12606.01591796875,12490.13849609375,12601.947153320312,-0.013528857656198823,51.214850179531645,-0.17683607468643459,7.216942397759845,-7.39377847244628,12926.483606717215,12606.01591796875,12285.548229220287,0.516872465674281,3791613,bear,hold
2023-03-29,12688.92578125,12693.732192530777,12573.571910511364,12616.829612038353,154502,12598.565869140624,12504.0678125,12602.898740234376,-0.01160631146861979,53.21352141637711,8.735014780510028,7.520556874309882,1.2144579062001455,12903.681926043686,12598.565869140624,12293.449812237563,0.6480746589126313,3946115,bear,hold
2023-03-30,12780.24609375,12828.310200909647,12761.020450886142,12770.633272318071,127578,12608.65927734375,12519.53623046875,12604.927563476562,0.016048823241830767,55.6898033413465,22.902501037082402,10.596945706864386,12.305555330218017,12923.63281725846,12608.65927734375,12293.68573742904,0.7723829062795454,4073693,bear,hold
2023-03-31,12847.537109375,12857.149931753882,12756.215296775626,12794.666586291152,169890,12621.636474609375,12536.35046875,12609.584418945313,0.020618373550874924,57.47583795238222,39.10933053539884,16.29942267257128,22.80990786282756,12953.090553375167,12621.636474609375,12290.182395843583,0.8407721449782617,4243583,bear,hold
2023-04-03,13145.53515625,13188.792858775138,13030.181282849635,13030.181282849635,359397,12639.660546875,12558.933046875,12616.137060546875,0.028195536245898767,64.3323296589661,75.1332225650167,28.066182651060366,47.06703991395633,13037.297648646787,12639.660546875,12242.023445103214,1.1361008657403067,4602980,bear,hold
2023-04-04,13222.4375,13222.4375,13102.2772173755,13145.53491912032,183758,12659.1265625,12588.32193359375,12623.527749023437,0.030337158681852827,65.86205818748118,108.63551043648295,44.18004820814488,64.45546222833806,13125.002364304048,12659.1265625,12193.250760695952,1.104572007516431,4786738,bear,hold
2023-04-05,13107.0849609375,13198.406785014438,13073.440078382837,13198.406785014438,186452,12673.54580078125,12615.69119140625,12630.341674804688,0.02249719247903581,61.59473552063913,124.44381821186107,60.23280220888812,64.21101600297295,13174.793445628049,12673.54580078125,12172.298155934452,0.9324600470579333,4600286,bear,hold
2023-04-06,13135.921875,13145.53469744786,13097.47058520856,13107.08340765642,159254,12688.445556640625,12638.75205078125,12638.469448242187,0.023212090457375156,62.253161674501136,137.71146197006965,75.72853416112443,61.98292780894522,13224.836549817126,12688.445556640625,12152.054563464124,0.9171176660792024,4759540,bull,golden_cross
2023-04-07,13169.568359375,13203.213242044936,13150.342712135036,13150.342712135036,182560,12719.446923828125,12661.04904296875,12646.622221679687,0.04940637613583032,63.04916729825162,149.22102820405053,90.42703296970966,58.79399523434087,13290.680583944666,12719.446923828125,12148.213263711585,0.893990644261967,4942100,bull,hold
2023-04-10,13203.2109375,13246.468636239533,13169.566060702584,13169.566060702584,155195,12756.936865234375,12682.6778515625,12654.322583007812,0.06020830448231518,63.86959930230548,159.22170851467126,104.18596807870199,55.035740435969274,13351.358038568675,12756.936865234375,12162.515691900075,0.8753854104509183,5097295,bull,hold
2023-04-11,13256.0830078125,13260.889419345427,13208.018892483231,13222.43812708201,134968,12803.318798828124,12705.7486328125,12662.263442382813,0.07524377339085087,65.17815400952551,169.4602219622866,117.24081885541892,52.219403106867674,13401.51575723733,12803.318798828124,12205.121840418919,0.8784407481679767,5232263,bull,hold
2023-04-12,13270.5009765625,13289.726620860309,13246.46892119024,13256.081743339144,481440,12843.45234375,12730.645859375,12669.51251953125,0.06437935818886387,65.54462410815987,176.70083003990476,129.13282109231608,47.56800894758868,13453.811333552527,12843.45234375,12233.093353947472,0.8498339829078834,5713703,bull,hold
2023-04-13,13092.6630859375,13232.048999847995,13063.824620990501,13232.048999847995,972862,12873.7326171875,12749.10244140625,12674.869848632812,0.0484986525501756,57.50562493378736,166.17348805610345,136.54095448507357,29.63253357102988,13470.296339831595,12873.7326171875,12277.168894543403,0.6834929450450447,4740841,bull,hold
2023-04-14,13116.6943359375,13169.564851765757,13078.243051698768,13145.532799116549,158431,12899.92744140625,12766.3093359375,12679.559614257812,0.04160286622166298,58.25078566522572,157.9488783758461,140.82253926322807,17.12633911261804,13490.82913438048,12899.92744140625,12309.02574843202,0.6834204378736686,4899272,bull,hold
2023-04-17,13246.46875,13275.30721607402,13169.566173802612,13169.566173802612,144260,12939.33994140625,12782.8433984375,12684.874379882813,0.06327148493840662,62.11437023536655,160.05748355583637,144.66952812174972,15.38795543408665,13512.007639320513,12939.33994140625,12366.672243491987,0.7681562184425252,5043532,bull,hold
2023-04-18,13342.59765625,13361.823301287825,13280.114309877072,13304.146366174353,489482,12974.90732421875,12798.80064453125,12691.385893554687,0.05631648936170208,64.71892522030743,167.55391052242885,149.24640460188556,18.307505920543292,13554.931127067355,12974.90732421875,12394.883521370144,0.8169614162603795,5533014,bull,hold
2023-04-19,13385.8564453125,13385.8564453125,13304.14744726212,13332.985917162254,173188,13006.1490234375,12815.14248046875,12698.901430664062,0.048964257079529894,65.85648008307388,174.96857681152505,154.39083904381346,20.577737767711596,13603.769242195229,13006.1490234375,12408.52880467977,0.8176828778185389,5706202,bull,hold
2023-04-20,13371.4375,13462.75932332854,13323.373382458663,13414.695205787204,445428,13057.57763671875,12827.4469140625,12706.726811523438,0.08333334651993263,65.10299384421158,177.63361514059943,159.03939426317066,18.594220877428768,13591.682845518622,13057.57763671875,12523.472427918878,0.7938183883157488,5260774,bull,hold
2023-04-21,13371.4375,13400.275970524803,13313.760558950396,13371.4375,158154,13102.517578125,12841.48169921875,12713.716708984375,0.0720616424294993,65.10299384421158,177.69729343100698,162.77097409673792,14.926319334269067,13580.493377690267,13102.517578125,12624.541778559733,0.781311231781599,5418928,bull,hold
2023-04-24,13400.275390625,13429.113859901812,13361.824098255918,13395.468979078865,131087,13138.565625,12858.5925,12720.20630859375,0.05686119231172704,66.00516534939104,178.0226019598922,165.82129966936878,12.201302290523415,13591.527857658586,13138.565625,12685.603392341412,0.7888869609381544,5550015,bull,hold
2023-04-25,13390.6611328125,13462.757298279903,13385.85472178134,13414.6931879683,633920,13177.257177734375,12873.0117578125,12726.7910546875,0.061333239006615914,65.39814489995251,175.4817763725805,167.75339501001113,7.728381362569365,13574.063770472352,13177.257177734375,12780.450584996397,0.7689017256563602,4916095,bull,hold
2023-04-26,13318.56640625,13371.436933304763,12626.44314298764,13371.436933304763,528653,13208.739208984374,12884.3548828125,12732.681137695312,0.049621271008645884,60.87697448084697,165.74016245306302,167.3507484986215,-1.6105860455584775,13540.086682081846,13208.739208984374,12877.391735886902,0.6657281346360501,4387442,bull,hold
2023-04-27,13279.962890625,13313.741866000863,13236.532779427462,13255.835051070811,522460,13233.725048828124,12893.09951171875,12737.876928710937,0.03910071787423397,58.5431428383284,153.13958434713822,164.50851566832486,-11.368931321186636,13501.283027146706,13233.725048828124,12966.167070509542,0.5864071445139644,3864982,bull,hold
2023-04-28,13482.634765625,13511.588168843951,13453.681362406049,13511.588168843951,635999,13265.479931640624,12903.206015625,12744.229291992187,0.049433416758653426,65.92832565587389,157.68971307500578,163.14475514966105,-5.4550420746552675,13489.347673710703,13265.479931640624,13041.612189570546,0.9850069777279443,4500981,bull,hold
2023-05-02,13617.75,13617.75,13521.23866052445,13521.23866052445,324975,13289.090673828125,12918.32181640625,12751.35271484375,0.035922070736350786,69.79185684905559,170.23601823273748,164.56300776627634,5.673010466461136,13553.34128922317,13289.090673828125,13024.84005843308,1.1218705028946505,4825956,bull,hold
2023-05-03,13463.3330078125,13574.321057697693,13439.205170880936,13574.321057697693,155651,13301.13544921875,12930.5416015625,12758.0382421875,0.018218691357966277,61.24447137278504,165.80756827318146,164.81191986765737,0.9956484055240935,13573.957058249283,13301.13544921875,13028.313840188215,0.7972593688053456,4670305,bull,hold
2023-05-04,13212.4033203125,13289.612397421704,13188.275483715874,13289.612397421704,248935,13306.4013671875,12938.60796875,12763.922670898437,0.008035223673980685,50.43504617482056,140.43125698551557,159.93578729122902,-19.504530305713445,13567.866987347023,13306.4013671875,13044.935747027977,0.3202477885665218,4421370,bull,hold
2023-05-08,13318.5673828125,13357.171925951086,13251.009432319974,13284.788407566237,135227,13315.533642578124,12950.72017578125,12769.526313476563,0.013904277868773463,54.12422172554851,127.41810347540013,153.43225052806324,-26.014147052663105,13565.028387304541,13315.533642578124,13066.038897851708,0.5060797678077396,4556597,bull,hold
2023-05-09,13352.3427734375,13381.2961730185,13318.563807259667,13357.168340034334,92292,13324.67236328125,12964.565234375,12774.367880859376,0.013878542490907808,55.26502138996077,118.46488782957749,146.4387779883661,-27.973890158788606,13565.345112932206,13324.67236328125,13083.999613630294,0.5574855487303403,4648889,bull,hold
2023-05-10,13333.0419921875,13342.693126456184,13299.263022247105,13333.0419921875,96588,13331.163916015625,12976.67853515625,12779.876811523438,0.009833293984476965,54.43203160574674,108.56056951356732,138.86313629340634,-30.302566779839026,13565.296882391533,13331.163916015625,13097.030949639717,0.5040107042612275,4552301,bull,hold
2023-05-11,13405.4248046875,13405.4248046875,13299.262333232093,13347.51800207546,176029,13338.631005859375,12988.98978515625,12784.100581054687,0.011265906888707988,57.04678228729501,105.33774596668081,132.15805822806124,-26.820312261380423,13572.234780621235,13338.631005859375,13105.027231097516,0.6429638688334888,4728330,bull,hold
2023-05-12,13468.158203125,13497.111606643004,13405.42582883599,13405.42582883599,140028,13348.5138671875,13001.5944140625,12788.614145507812,0.014894481143672644,59.230297420158436,106.61668527434449,127.0497836373179,-20.43309836297341,13586.436456654672,13348.5138671875,13110.591277720327,0.7514354273914134,4868358,bull,hold
2023-05-15,13482.634765625,13482.634765625,13434.379093593414,13468.158064015524,108599,13368.012451171875,13019.67955078125,12792.72267578125,0.029785512475789533,59.73892185634272,107.5585237886171,123.15153166757774,-15.593007878960648,13581.535607048403,13368.012451171875,13154.489295295347,0.7684072225857473,4976957,bull,hold
2023-05-16,13472.9853515625,13477.810919381827,13444.031944646535,13477.810919381827,76072,13385.827001953125,13037.37939453125,12797.117158203126,0.027163171337218905,59.20869061673642,106.30093946531451,119.7814132271251,-13.480473761810586,13569.931342400638,13385.827001953125,13201.722661505612,0.7367091112504858,4900885,bull,hold
2023-05-17,13434.37890625,13482.634577608656,13434.37890625,13468.15787620106,119393,13395.222509765625,13050.3658984375,12801.509560546874,0.01418567920224012,57.027779581684904,101.02452944958895,116.03003647161788,-15.005507022028922,13568.798484220846,13395.222509765625,13221.646535310403,0.6127932497780008,4781492,bull,hold
2023-05-19,13617.75,13694.959071580439,13603.273299078666,13666.005669737773,244305,13408.980126953125,13066.0585546875,12806.603989257812,0.020622097048779153,63.8406331351053,110.36720680821418,114.89747053893714,-4.5302637307229645,13605.757545692835,13408.980126953125,13212.202708213415,1.0304721303490314,5025797,bull,hold
2023-05-22,13487.4609375,13612.925690406977,13453.681965563506,13612.925690406977,150696,13414.0603515625,13079.43376953125,12810.975361328125,0.007590436413434043,56.93388178529218,106.03579283781255,113.12513499871224,-7.08934216089969,13613.416877394568,13414.0603515625,13214.703825730434,0.6840937627477772,4875101,bull,hold
2023-05-23,13439.2060546875,13497.112867131396,13429.554919280185,13487.461731724079,132328,13417.448779296876,13091.45935546875,12813.911943359375,0.005068157756972669,54.578734422725475,97.58445741911783,110.01699948279337,-12.432542063675541,13616.0947417624,13417.448779296876,13218.802816831352,0.554763950700484,4742773,bull,hold
2023-05-25,13405.4248046875,13405.4248046875,13304.087900116429,13333.041301422449,113083,13419.14814453125,13108.57703125,12816.10671875,0.002541783909733031,52.92809325098426,87.15616662191678,105.44483291061806,-18.28866628870128,13616.76943554927,13419.14814453125,13221.526853513229,0.4652786909420152,4629690,bull,hold
2023-05-26,13419.9033203125,13487.461265830076,13390.949915090683,13487.461265830076,124577,13420.129541015625,13127.90685546875,12818.564853515625,0.0014647407695240755,53.576135777788785,79.14760195462986,100.18538671942044,-21.037784764790572,13617.561048119942,13420.129541015625,13222.698033911309,0.49942709067452484,4754267,bull,hold
2023-05-30,13646.705078125,13646.705078125,13530.891456528467,13530.891456528467,182923,13432.93173828125,13154.2720703125,12821.870541992188,0.019121083176773856,62.32582335730906,90.06356642023275,98.16102265958291,-8.097456239350166,13652.970899261849,13432.93173828125,13212.89257730065,0.9857620318380478,4937190,bull,hold
2023-05-31,13564.66796875,13588.795802205621,13516.412301838758,13579.144668823372,113727,13445.23681640625,13176.208828125,12824.049936523437,0.018478082024241838,58.06298162203994,91.04532396969444,96.73788292160523,-5.692558951910797,13665.841833629107,13445.23681640625,13224.631799183393,0.7706900184031166,4823463,bull,hold
2023-06-01,13511.5888671875,13559.84454171317,13453.682057756698,13472.984327566965,144337,13456.818115234375,13196.699453125,12826.345869140625,0.017441763841525182,55.421733579866235,86.54272336135182,94.69885100955455,-8.156127648202727,13665.498474908347,13456.818115234375,13248.137755560403,0.6312312093929087,4679126,bull,hold
2023-06-02,13497.11328125,13608.10134183947,13477.811009843135,13608.10134183947,131774,13457.542041015626,13214.78576171875,12828.282973632813,0.0010738639647729364,54.691059895167,80.87405536423466,91.93389188049058,-11.059836516255913,13666.675578337783,13457.542041015626,13248.408503693468,0.5946075907792283,4547352,bull,hold
2023-06-05,13680.482421875,13699.784689842372,13641.877885940256,13656.354586915784,313645,13460.678662109374,13239.23103515625,12831.327885742188,0.004606665702850954,61.597815260400175,90.13888732103078,91.57489096859862,-1.4360036475678442,13680.916368972874,13460.678662109374,13240.440955245875,0.9990148210675321,4860997,bull,hold
2023-06-07,13656.3544921875,13675.656760020982,13588.796554770319,13675.656760020982,112336,13470.329736328125,13259.733125,12834.443125,0.014336827608957936,60.29539011474142,94.44569987825344,92.14905275052959,2.296647127723844,13706.525569431336,13470.329736328125,13234.133903224914,0.8937934751331683,4748661,bull,hold
2023-06-08,13579.1455078125,13656.354579640858,13564.668806844682,13656.354579640858,95662,13488.666845703125,13276.0955859375,12835.883310546875,0.027757416921732725,56.20034307650294,90.58455768800377,91.83615373802444,-1.251596050020666,13697.248821107074,13488.666845703125,13280.084870299175,0.7168899348425247,4652999,bull,hold
2023-06-09,13540.54296875,13641.879890469085,13540.54296875,13641.879890469085,157113,13499.765625,13300.049140625,12837.225961914062,0.01666662633880267,54.21768215214187,83.44773880817411,90.15847075205438,-6.710731943880276,13694.098251774894,13499.765625,13305.432998225106,0.6049163602291923,4495886,bull,hold
2023-06-12,13569.494140625,13608.09867587571,13555.017439905983,13564.66857371866,114401,13510.623193359375,13321.98625,12837.257265625,0.016263166013045227,55.48603679482835,79.21473785465241,87.96972417257399,-8.754986317921578,13694.795222756367,13510.623193359375,13326.451163962383,0.6598259721043888,4610287,bull,hold
2023-06-13,13526.0654296875,13627.402345143597,13501.937592674145,13627.402345143597,133249,13520.274365234374,13338.92126953125,12836.713364257812,0.014477074145052837,53.10915390773677,71.5311534675111,84.68201003156142,-13.150856564050315,13685.463444378842,13520.274365234374,13355.085286089907,0.5175285935460089,4477038,bull,hold
2023-06-14,13637.0517578125,13661.179591778906,13545.365988740159,13559.842689120003,217187,13531.855712890625,13359.325703125,12836.867631835938,0.017278598515132915,58.054398054369834,73.54969155060644,82.45554633537043,-8.905854784763989,13695.685591076397,13531.855712890625,13368.025834704853,0.8210526861363767,4694225,bull,hold
2023-06-15,13670.83203125,13723.913271046595,13603.2740896907,13637.053060470349,123240,13541.989404296875,13378.963828125,12836.808862304688,0.015048370019738355,59.455937395381056,76.98771680102982,81.3619804285023,-4.374263627472487,13713.689349093529,13541.989404296875,13370.289459500222,0.8751970540983998,4817465,bull,hold
2023-06-16,13757.69140625,13786.644808016923,13709.43573663846,13719.086870560768,203675,13555.742236328126,13398.512734375,12837.470834960937,0.020400807809930255,62.88956454908575,85.73292642114939,82.23616962703173,3.4967567941176583,13748.939507506057,13555.742236328126,13362.544965150195,1.0226501613883643,5021140,bull,hold
2023-06-19,13801.1220703125,13825.24990609976,13748.040831580529,13767.343100210337,197672,13572.149072265625,13417.58443359375,12839.448012695313,0.0243551603588692,64.50809058005316,95.07212737157352,84.8033611759401,10.268766195633418,13788.761538939863,13572.149072265625,13355.536605591387,1.0285314404161823,5218812,bull,hold
2023-06-20,13772.1689453125,13830.075752370576,13748.041109038302,13801.122348841538,188100,13589.03857421875,13430.117109375,12841.352026367187,0.025143703435768883,62.54955475606149,98.99607110912257,87.6419031625766,11.35416794654597,13812.612735981113,13589.03857421875,13365.464412456387,0.9095517336399536,5030712,bull,hold
2023-06-21,13854.2041015625,13878.331938729973,13801.12285979406,13805.948427227557,169255,13600.861279296874,13442.75244140625,12843.188803710938,0.0173636688559049,65.72486225537502,107.48634067718376,91.61079066549803,15.875550011685732,13852.503848371556,13600.861279296874,13349.218710222192,1.0033783099520799,5199967,bull,hold
2023-06-22,13786.6455078125,13796.29664222469,13743.215402957649,13767.343238988122,109650,13615.8205078125,13456.34365234375,12844.66392578125,0.022182423489409908,61.12826800689301,107.52405618575176,94.79344376954877,12.730612416202987,13874.20026109916,13615.8205078125,13357.440754525838,0.8305696321539517,5090317,bull,hold
2023-06-23,13902.4599609375,13926.587798426111,13883.157690946611,13897.634393439777,128596,13638.983203125,13471.6744140625,12848.508408203124,0.03447033287270873,65.57324408684339,115.56701979718673,98.94815897507637,16.618860822110364,13912.493636744908,13638.983203125,13365.472769505093,0.9816575995390513,5218913,bull,hold
2023-06-26,13892.80859375,13931.413133086575,13854.204054413425,13926.587565669503,177714,13663.352392578125,13486.13921875,12852.113666992187,0.03635720584491109,64.9071450513089,119.78157430632018,103.11484204132513,16.666732264995048,13936.130852889035,13663.352392578125,13390.573932267214,0.9205907623907389,5041199,bull,hold
2023-06-27,13805.94921875,13873.507166692154,13772.170244778923,13863.856031271845,115696,13682.6546875,13498.193984375,12856.239453125,0.02876666762965252,59.08964908965125,114.78959052508435,105.44979173807698,9.339798787007368,13937.862553487801,13682.6546875,13427.4468215122,0.7415570749999792,4925503,bull,hold
2023-06-28,13965.19140625,13979.668107776866,13878.331197088804,13878.331197088804,156397,13698.57900390625,13512.37615234375,12861.782080078125,0.02333796519392206,65.24059653219015,122.27342912354834,108.81451921517126,13.45890990837708,13981.109788168042,13698.57900390625,13416.04821964446,0.9718289425351756,5081900,bull,hold
2023-06-29,14095.4833984375,14095.4833984375,13994.146475682557,14013.448746683498,246206,13725.119775390625,13528.87580078125,12866.854252929688,0.03913220956903496,69.30685082458791,137.13706923560858,114.47902921925872,22.658040016349858,14049.042884266732,13725.119775390625,13401.19666651452,1.071684472175974,5328106,bull,hold
2023-06-30,14177.5166015625,14220.946706877021,14138.912063505148,14138.912063505148,334352,13758.416162109375,13550.57287109375,12872.527553710937,0.04928567179779919,71.56249378524389,153.76351493752918,122.33592636291283,31.42758857461635,14122.153802317715,13758.416162109375,13394.678521901036,1.0761026535679332,5662458,bull,hold
2023-07-07,14071.3544921875,14124.435733413173,14052.052222650891,14114.784598644868,147994,13787.12822265625,13569.66607421875,12877.431337890624,0.04254548353944898,64.91388107216574,156.56886948390274,129.18251498711084,27.38635449679191,14154.467006067802,13787.12822265625,13419.7894392447,0.8868721223656012,5514464,bull,hold
2023-07-10,13994.1435546875,14023.096955145473,13979.666854458512,14003.794688173492,147452,13802.811279296875,13584.6195703125,12881.925205078125,0.022927636843490085,60.51065112865336,150.82325914862486,133.51066381941365,17.312595329211206,14177.31141669372,13802.811279296875,13428.31114190003,0.7554502072022967,5367012,bull,hold
2023-07-14,13950.71484375,14013.44721765825,13892.80803706546,13994.144948763404,258057,13817.529296875,13596.7819140625,12885.0083984375,0.021554826489814438,58.12250493357828,141.13853041629955,135.03623713879082,6.102293277508721,14190.984846468313,13817.529296875,13444.073747281687,0.6783151261509395,5108955,bull,hold
2023-07-17,13945.890625,13984.49516652249,13912.11165116782,13950.716192690312,138078,13835.866552734375,13607.98259765625,12886.253315429687,0.027007967252173692,57.84937926122426,131.55752572098754,134.3404948552302,-2.7829691342426486,14196.496539904438,13835.866552734375,13475.236565564312,0.6525442644537226,4970877,bull,hold
2023-07-19,14109.9580078125,14129.260275949044,14052.051203402874,14105.132440778365,172667,13864.3373046875,13622.7530078125,12890.466918945312,0.04205260013403045,64.03858492886586,135.63980584821184,134.6003570538265,1.0394487943853221,14217.032178589956,13864.3373046875,13511.642430785045,0.8482056606143511,5143544,bull,hold
2023-07-20,14153.3876953125,14153.3876953125,14076.178625034627,14129.259860850665,171759,13893.531982421875,13638.39201171875,12894.635078125,0.04302986895726724,65.48338666474454,140.75689719178263,135.83166508141773,4.925232110364902,14240.386252440612,13893.531982421875,13546.677712403138,0.8745891795949168,5315303,bull,hold
2023-07-21,14249.900390625,14264.377092681172,14148.563476231799,14148.563476231799,184417,13929.72373046875,13655.38451171875,12900.76578125,0.053514080994226276,68.51107863918534,150.86096556632583,138.83752517839935,12.023440387926485,14266.564745074791,13929.72373046875,13592.882715862708,0.9752637687704373,5499720,bull,hold
2023-07-24,14201.64453125,14278.853607872494,14187.167829383281,14259.55133871687,147653,13957.953369140625,13671.6041796875,12906.750698242187,0.04140138084568412,65.42112601833703,153.2085749060243,141.71173512392434,11.496839782099954,14286.481947481161,13957.953369140625,13629.424790800089,0.8708827453311795,5352067,bull,hold
2023-07-26,14249.900390625,14312.632766201745,14245.074823272944,14269.20266003323,155582,13986.906787109376,13690.230859375,12912.260766601563,0.042357945591849466,67.02285401040507,157.1513735706758,144.79966281327464,12.35171075740115,14311.154694233635,13986.906787109376,13662.658879985116,0.9055440262484697,5507649,bull,hold
2023-07-28,14167.8662109375,14225.773021063947,14119.610535832127,14216.121886042874,226779,14007.41552734375,13707.98892578125,12918.076791992187,0.029814217558416845,61.783476080306635,151.90552487337482,146.22083522529468,5.684689648080138,14322.844752401288,14007.41552734375,13691.986302286212,0.7543370601828062,5280870,bull,hold
2023-08-03,14302.9814453125,14346.411550915675,14269.202474287807,14293.330310734016,278182,14032.50849609375,13724.395859375,12924.974184570312,0.03636366466749452,66.43728038064027,156.84283561767006,148.34523530376975,8.497600313900307,14357.988775047495,14032.50849609375,13707.028217140003,0.9154982140364755,5559052,bull,hold
2023-08-04,14447.748046875,14447.748046875,14274.027629477705,14302.981032377254,136338,14066.287451171875,13740.9958203125,12933.168310546875,0.049053936547332366,70.57216996791423,170.47204916741612,152.77059807649903,17.70145109091709,14416.005596725601,14066.287451171875,13716.569305618148,1.0453829041371865,5695390,bull,hold
2023-08-07,14302.9814453125,14312.632579890982,14230.597935973874,14302.9814453125,204485,14088.726318359375,13757.7887890625,12941.16375,0.03239286360011007,62.30571440066825,167.65917362827167,155.74831318685358,11.910860441418095,14438.723047234158,14088.726318359375,13738.729589484592,0.8060816134509906,5490905,bull,hold
2023-08-08,14442.9228515625,14467.050687933302,14375.364909724252,14409.143880643376,140656,14121.540185546875,13782.3991796875,12949.691796875,0.047602394895705835,66.40260197682736,174.70812493089943,159.54027553566277,15.167849395236658,14475.137674664582,14121.540185546875,13767.942696429169,0.954447042055553,5631561,bull,hold
2023-08-09,14457.3984375,14510.479673418724,14428.445036089786,14442.921736794893,146439,14149.287109375,13805.17580078125,12958.578662109376,0.03991656714867298,66.80451506468819,179.39457938887608,163.51113630630545,15.883443082570636,14516.591535295349,14149.287109375,13781.982683454651,0.9194222916766798,5778000,bull,hold
2023-08-10,14404.3203125,14428.448152219431,14360.890201005024,14389.843608668341,157151,14174.8626953125,13826.2153515625,12966.364682617188,0.03681845289224772,63.791154696654345,176.7877678743098,166.16646261990633,10.621305254403467,14538.384689227989,14174.8626953125,13811.340701397012,0.8156034862100309,5620849,bull,hold
2023-08-11,14438.099609375,14438.099609375,14375.367224708598,14399.495064964905,109612,14206.47021484375,13848.31650390625,12975.298286132813,0.04578825987324864,64.87697239745546,175.4253635281475,168.01824280155458,7.407120726592922,14545.279014675994,14206.47021484375,13867.661415011506,0.8418290709183727,5730461,bull,hold
2023-08-14,14457.3984375,14524.95637412383,14438.09616989319,14496.002972713617,123352,14231.08056640625,13869.3559765625,12983.44517578125,0.035245276411300486,65.51326854426006,173.8983109304063,169.19425642732492,4.70405450308138,14567.70888832443,14231.08056640625,13894.45224448807,0.8361539364901653,5853813,bull,hold
2023-08-16,14476.703125,14505.656531249999,14462.226421874999,14491.179828125,207954,14250.141552734374,13889.526875,12991.402138671874,0.02704552343375166,66.17341757709369,172.26013013809825,169.80743116947957,2.4526989686186766,14596.918299625004,14250.141552734374,13903.364805843745,0.8266677686682974,6061767,bull,hold
2023-08-17,14423.62109375,14442.923363530865,14375.365419297843,14442.923363530865,148469,14262.44677734375,13908.3466015625,12999.117563476562,0.017358787092541794,62.6236665883969,164.7791127208984,168.80176747976336,-4.022654758864945,14615.451864413264,14262.44677734375,13909.441690274236,0.7282889430068064,5913298,bull,hold
2023-08-18,14269.2021484375,14288.504417153681,14206.469775109908,14288.504417153681,381257,14272.33916015625,13924.2709375,13006.7292578125,0.014060313551182757,53.61361731274954,144.7217716685809,163.98576831752686,-19.263996648945948,14614.285105101639,14272.33916015625,13930.393215210863,0.49541300055590404,5532041,bull,hold
2023-08-21,14298.1572265625,14322.285065284339,14269.20382009629,14307.808362051235,133328,14287.53984375,13941.54650390625,13015.607651367187,0.021724349953032185,54.92325177863317,129.6678865159829,157.1221919572181,-27.454305441235192,14604.805570969147,14287.53984375,13970.274116530854,0.5167326343528519,5665369,bull,hold
2023-08-22,14341.5849609375,14385.015063443705,14327.108260102099,14365.712795663168,116411,14307.083349609375,13956.023203125,13024.846416015625,0.02801792750875509,56.889203079169,119.86015603014494,149.66978477180345,-29.809628741658514,14584.614800072482,14307.083349609375,14029.551899146267,0.5621580207766609,5781780,bull,hold
2023-08-23,14380.1904296875,14380.1904296875,14327.109189846373,14351.237026137795,112343,14328.79833984375,13973.87779296875,13034.77947265625,0.031141776195272586,58.61706031143279,113.88974753235198,142.51377732391316,-28.624029791561185,14552.660875704496,14328.79833984375,14104.935803983004,0.6147849273799849,5894123,bull,hold
2023-08-24,14409.1455078125,14486.354592917993,14385.017668717035,14486.354592917993,101518,14343.75771484375,13993.27658203125,13042.923803710937,0.02120399648491822,59.91473883152497,110.22399499809944,136.05582085875042,-25.83182586065098,14546.074838824527,14343.75771484375,14141.440590862974,0.6615972777839672,5995641,bull,hold
2023-08-25,14143.740234375,14211.29818841159,14129.263529938587,14206.47262026612,243651,14343.275341796874,14008.042890625,13050.791401367187,-0.0006816361669154114,45.752545229601935,84.92392211159859,125.82944110932006,-40.90551899772147,14547.44325688682,14343.275341796874,14139.107426706929,0.011345582056882306,5751990,bull,hold
2023-08-28,14245.07421875,14254.725353044547,14191.992980129997,14235.423084455455,781590,14343.034033203125,14024.54630859375,13057.614091796875,-0.00033868109549561876,50.557885513579414,72.21775638585859,115.10710416462777,-42.88934777876918,14547.653730312393,14343.034033203125,14138.414336093856,0.26062955854926007,6533580,bull,hold
2023-08-29,14317.4580078125,14331.934709539308,14288.504604358885,14302.981306085692,861491,14348.82470703125,14037.9613671875,13064.655478515626,0.008154934191435315,53.712045021912346,67.21399425944401,105.52848218359102,-38.314487924147016,14543.421010166743,14348.82470703125,14154.228403895757,0.4194057165697797,7395071,bull,hold
2023-08-30,14524.9580078125,14539.434710145868,14462.225631034571,14481.527900812396,760686,14362.577587890624,14057.16716796875,13073.283388671874,0.019302423851921047,61.32829818844188,79.08040291527868,100.23886632992856,-21.158463414649873,14565.945574849744,14362.577587890624,14159.209600931505,0.8992280750522375,8155757,bull,hold
2023-08-31,14587.6884765625,14606.990743815642,14553.9095088695,14558.735075682785,127579,14383.568701171875,14078.68916015625,13082.511396484375,0.02963200381585329,63.29459258610887,92.48038551839636,98.68717016762211,-6.206784649225753,14588.869721991046,14383.568701171875,14178.267680352703,0.9971231379565647,8283336,bull,hold
2023-09-01,14515.3056640625,14592.514736743684,14496.003395892205,14587.689169701109,140207,14394.184912109375,14099.0530078125,13089.563330078125,0.014844752442826126,59.53313951336046,96.15091236678018,98.17991860745373,-2.029006240673553,14603.635998828106,14394.184912109375,14184.733825390644,0.7891385140335337,8143129,bull,hold
2023-09-04,14549.0859375,14563.562639925374,14496.004695273632,14520.132532649253,185779,14399.251806640625,14116.425078125,13096.282880859375,0.007014095919738894,60.7067379279257,100.62566703939956,98.6690682938429,1.9565987455566614,14618.322862919458,14399.251806640625,14180.180750361791,0.841976099911315,8328908,bull,hold
2023-09-05,14640.7734375,14640.7734375,14529.785372548615,14549.087644714074,105228,14416.14140625,14136.11345703125,13103.508623046875,0.023616893686050577,63.777395119418095,110.29890027818146,100.99503469071063,9.303865587470838,14654.183496099276,14416.14140625,14178.099316400725,0.9718325893379455,8434136,bull,hold
2023-09-06,14597.341796875,14664.899742381198,14568.388391658058,14640.771904700414,114340,14423.862353515626,14156.4773828125,13110.373974609374,0.01069166863934301,61.33236751710018,113.1560444435745,103.4272366412834,9.7288078022911,14674.559085809891,14423.862353515626,14173.16562122136,0.8459946242054438,8319796,bull,hold
2023-09-07,14524.9580078125,14592.515952034883,14505.655738034675,14592.515952034883,885647,14427.24033203125,14176.16568359375,13117.887954101563,0.004673010196444727,57.3839149532248,108.33081473975108,104.40795226097694,3.9228624787741353,14681.44957872648,14427.24033203125,14173.031085336019,0.6921992945803486,7434149,bull,hold
2023-09-08,14520.1318359375,14534.608537668246,14467.050596258101,14524.957403181083,86084,14433.030908203125,14195.1784375,13123.3183984375,0.00804005471448721,57.119874424389295,102.93083114997717,104.11252803877699,-1.18169688879982,14690.147455426906,14433.030908203125,14175.914360979345,0.6693802454078667,7348065,bull,hold
2023-09-11,14534.6083984375,14534.6083984375,14496.00386085865,14520.131696845432,127772,14437.85634765625,14215.349296875,13129.108588867188,0.006684313841403,57.747898200494205,98.68189935001283,103.02640230102416,-4.344502951011336,14698.76675057412,14437.85634765625,14176.945944738382,0.68541240536834,7475837,bull,hold
2023-09-12,14534.6083984375,14534.6083984375,14486.352726463936,14524.957264042789,95116,14441.716845703126,14233.3004296875,13135.425600585937,0.005340515534055568,57.74789820049421,94.22838412952842,101.26679866672502,-7.038414537196601,14705.933495029145,14441.716845703126,14177.500196377106,0.6757867132357631,7570953,bull,hold
2023-09-13,14467.0498046875,14471.875371667049,14438.096402810206,14467.0498046875,102741,14441.2341796875,14249.22478515625,13142.841611328126,-0.0006668175916262342,53.506481438951404,84.27604553365563,97.86864804011115,-13.59260250645552,14705.228591994866,14441.2341796875,14177.239767380135,0.5488942640383283,7468212,bull,hold
2023-09-14,14505.6552734375,14524.957542597098,14467.050735118304,14520.131975307198,560304,14445.335888671874,14264.1840625,13151.192998046876,0.0056874885407969256,55.51706050674232,78.59785701228975,94.01448983454688,-15.416632822257128,14710.654046678224,14445.335888671874,14180.017730665524,0.613673683736682,8028516,bull,hold
2023-09-15,14616.6435546875,14640.771391522574,14602.166852586457,14626.29468942153,394306,14462.707958984374,14280.4944921875,13160.314838867187,0.02434904226849466,60.7695480736719,82.10719776321457,91.63303142028042,-9.525833657065846,14725.103107677083,14462.707958984374,14200.312810291665,0.7933278234564461,8422822,bull,hold
2023-09-18,14418.7939453125,14476.700748305722,14399.491677648093,14471.875181389622,797807,14468.739794921876,14293.4269921875,13168.615063476562,0.008437221443186038,49.53983067572802,68.13811187418833,86.934047511062,-18.79593563687368,14721.080796920365,14468.739794921876,14216.398792923386,0.4010350097411543,7625015,bull,hold
2023-09-19,14428.4462890625,14428.4462890625,14360.888346571906,14418.795154420986,581145,14473.082861328125,14304.9118359375,13177.586162109375,0.006056605902456713,50.02502716914608,57.18715619903378,80.98466924865636,-23.79751304962258,14719.439463326396,14473.082861328125,14226.726259329853,0.4094065839852391,8206160,bull,hold
2023-09-20,14442.9228515625,14442.9228515625,14380.190476998412,14428.446149740017,166824,14476.219482421875,14318.0373828125,13187.132524414063,0.00436241941174087,50.7892955370419,49.11046763646118,74.60982892621733,-25.499361289756152,14719.341563375423,14476.219482421875,14233.097401468327,0.4315228161737049,8372984,bull,hold
2023-09-21,14370.5400390625,14389.842309094822,14327.10993148978,14341.58663401402,115704,14474.289208984375,14327.398984375,13195.430947265624,-0.002679233735898401,46.92514835133433,36.44878679528301,66.97762050003047,-30.528833704747456,14720.10883342632,14474.289208984375,14228.46958454243,0.2889729712235044,8257280,bull,hold
2023-09-22,14177.5166015625,14191.993303334006,14138.912063505148,14191.993303334006,203584,14475.97802734375,14333.09314453125,13202.333208007813,0.0023880788693650956,38.51075549374305,10.715414634300032,55.72517932688438,-45.00976469258435,14712.99733143333,14475.97802734375,14238.95872325417,-0.1296141719926097,8053696,bull,hold
2023-09-25,14138.9111328125,14138.9111328125,14061.702061780077,14119.608865054395,159715,14470.669873046874,14339.7523828125,13209.401645507813,-0.007452617256129335,37.07868333273665,-12.647810801050582,42.050581301297385,-54.69839210234797,14731.677438102217,14470.669873046874,14209.662307991532,-0.13553472130976343,7893981,bull,hold
2023-09-26,14230.59765625,14259.551059416328,14148.563013945404,14172.690849917344,757764,14466.32685546875,14345.0605078125,13216.281962890625,-0.006066743937024555,42.54335973636218,-23.494172895827433,28.94163046187242,-52.435803357699854,14739.971991612654,14466.32685546875,14192.681719324844,0.06927939129386962,8651745,bull,hold
2023-09-27,14138.9111328125,14196.817936086818,14105.132164235814,14196.817936086818,878260,14447.02451171875,14345.9290625,13222.320698242187,-0.026578174944971167,38.90460838791697,-39.03831973551678,15.345640422394581,-54.38396015791136,14753.8534988137,14447.02451171875,14140.1955246238,-0.0020930092418255863,7773485,bull,hold
2023-10-04,14008.623046875,14138.913374903117,13984.495208351274,14138.913374903117,358133,14418.071240234374,14342.55119140625,13228.258764648437,-0.03969548915291565,34.40178003751869,-61.16525280737733,0.043461776440199884,-61.208714583817525,14772.010159085403,14418.071240234374,14064.132321383346,-0.07841646051321827,7415352,bull,hold
2023-10-05,14056.87890625,14138.913558294713,14018.274364111312,14138.913558294713,171002,14395.14990234375,14342.2616796875,13233.528134765626,-0.03158230135983209,37.2964974795605,-73.95465885020349,-14.75616234888854,-59.19849650131495,14779.040877941023,14395.14990234375,14011.258926746477,0.059417884768644715,7586354,bull,hold
2023-10-06,14027.923828125,14061.702798471362,13989.319290586302,14056.877231279026,254977,14369.091796875,14342.93728515625,13238.652729492187,-0.03582095202501445,36.26247278834098,-85.44186743674436,-28.893303366459705,-56.548564070284655,14777.610975171245,14369.091796875,13960.572618578755,0.08243335089816008,7331377,bull,hold
2023-10-10,14302.9814453125,14331.93484904795,14235.423503263115,14254.725772420083,135283,14352.202197265626,14349.9826171875,13244.577900390625,-0.023072004606143226,50.34572922217865,-71.52620250883047,-37.41988319493386,-34.106319313896606,14741.892866492106,14352.202197265626,13962.511528039146,0.43684638119405467,7466660,bull,hold
2023-10-11,14269.2021484375,14322.283387407,14259.551014079409,14307.806685869864,164801,14335.79521484375,14356.44884765625,13250.956787109375,-0.02247941118346275,48.916266636502414,-62.50314737289773,-42.43653603052664,-20.06661134237109,14710.14956349644,14335.79521484375,13961.440866191062,0.41105610680639754,7301859,bull,hold
2023-10-12,14375.365234375,14418.795340823262,14336.760695309878,14341.586262693017,105772,14328.315576171875,14361.7569921875,13258.010170898437,-0.010299015897811126,53.39495364893112,-46.25266544092483,-43.19976191260628,-3.052903528318552,14693.108727446572,14328.315576171875,13963.522424897179,0.5644881325741986,7407631,bull,hold
2023-10-13,14346.4111328125,14375.36453570415,14327.108864218066,14375.36453570415,92833,14319.629541015625,14365.6174609375,13264.703256835937,-0.011964127122801926,52.05451262351905,-35.303439374525624,-41.620497404990154,6.31705803046453,14673.859760960102,14319.629541015625,13965.399321071149,0.5378025226095511,7314798,bull,hold
2023-10-16,14360.8876953125,14370.53882951634,14317.457591395225,14346.410994006741,342676,14310.943505859375,14367.83720703125,13272.450532226563,-0.011952210776017602,52.693959014869215,-25.167842007693253,-38.329966325530776,13.162124317837524,14651.93401177777,14310.943505859375,13969.95299994098,0.573233988316785,7657474,bull,hold
2023-10-17,14447.748046875,14462.224748324776,14399.492375375752,14399.492375375752,79423,14306.60048828125,14372.75927734375,13281.350512695313,-0.005976105388008746,56.447254505787555,-10.011003011512003,-32.666173662727026,22.655170651215023,14638.167943822124,14306.60048828125,13975.033032740377,0.7128489335051009,7736897,bull,hold
2023-10-18,14404.3203125,14467.052695770519,14389.843608668341,14467.052695770519,82729,14303.464013671875,14375.84767578125,13288.95576171875,-0.004336025176824521,54.13464799558436,-1.4862218904418114,-26.430183308269985,24.943961417828174,14630.050394073707,14303.464013671875,13976.877633270044,0.6544098359276818,7654168,bull,hold
2023-10-19,14288.50390625,14327.10844230201,14278.852772236996,14278.852772236996,121492,14292.6064453125,14378.2604296875,13296.14955078125,-0.014970117729541266,48.43549567694272,-4.029240919342556,-21.949994830484503,17.920753911141947,14605.744779853238,14292.6064453125,13979.468110771762,0.4934493183842902,7532676,bull,hold
2023-10-20,14095.4833984375,14269.203837445973,14085.832262937029,14269.203837445973,187126,14266.5484375,14374.11046875,13302.88111328125,-0.035655255209590564,40.737951554197295,-21.37336481683451,-21.834668827754506,0.46130401091999573,14553.098654644837,14266.5484375,13979.998220355163,0.2015094932277879,7345550,bull,hold
2023-10-23,14018.2724609375,14023.098028049699,13984.493491152109,14003.795759600904,135128,14246.52236328125,14365.52095703125,13308.9153125,-0.027777738269517904,38.12766209427185,-40.87777183262551,-25.643289428728707,-15.234482403896806,14543.506042174698,14246.52236328125,13949.538684387802,0.11571978770987959,7210422,bull,hold
2023-10-24,13902.4599609375,13931.413365923834,13873.506555951168,13926.587798426111,160464,14220.223046875,14357.51052734375,13315.160703125,-0.036454814162750426,34.55149636233956,-64.93176283550929,-33.50098411008483,-31.43077872542446,14540.362412999064,14220.223046875,13900.083680750937,0.0037113214399917874,7049958,bull,hold
2023-10-25,13979.6689453125,13979.6689453125,13936.238838129962,13965.192242918321,127339,14197.0603515625,14348.24544921875,13322.1034375,-0.0320748030721415,38.680748413299774,-76.87839791229453,-42.176466870526774,-34.70193104176776,14516.430648365278,14197.0603515625,13877.690054759723,0.15965619153329133,7177297,bull,hold
2023-10-26,13839.7265625,13839.7265625,13791.470891082636,13820.424293933054,135179,14170.519677734375,14335.89201171875,13328.56197265625,-0.03693761508750715,34.43949211270555,-96.52568501547466,-53.04631049951635,-43.47937451595831,14515.045734770734,14170.519677734375,13825.993620698016,0.019930193263341854,7042118,bull,hold
2023-10-27,13786.6455078125,13786.6455078125,13714.26199972108,13767.343238988122,174203,14150.976123046876,14323.538515625,13335.0903515625,-0.027569785649690037,32.96309693051414,-115.05323699428845,-65.44769579847078,-49.60554119581768,14533.90233804887,14150.976123046876,13768.04990804488,0.024280917627332366,6867915,bull,hold
2023-10-30,13665.5380859375,13713.98026277528,13646.161215202388,13713.98026277528,143910,14127.307470703125,14308.08728515625,13340.270859375,-0.03348016282360189,29.821887401839206,-137.91896821564296,-79.9419502819052,-57.977017933737756,14564.906111580041,14127.307470703125,13689.708829826208,-0.0276174805299571,6724005,bull,hold
2023-10-31,13713.982421875,13743.047732553647,13680.072892749911,13699.449766535676,93740,14101.476708984375,14293.21896484375,13345.45412109375,-0.0363031298371439,32.58918219533629,-150.3974833346183,-94.03305689244783,-56.36442644217047,14571.431392124283,14101.476708984375,13631.522025844468,0.08773228461049651,6817745,bull,hold
2023-11-01,13907.7529296875,13912.597148750436,13820.556986554662,13854.46651999521,81175,14089.918798828125,14281.8399609375,13351.7259765625,-0.01634908098322685,42.37686676812347,-143.00268990336554,-103.82698349463138,-39.17570640873416,14566.939318692788,14089.918798828125,13612.898278963461,0.309058665660434,6898920,bull,hold
2023-11-02,13941.66015625,14009.47921190931,13931.97171972724,14004.634993647931,136224,14086.570654296875,14272.2007421875,13359.675991210937,-0.004780119387960635,43.91153050999999,-132.87453806017947,-109.63649440774101,-23.238043652438463,14566.75609894034,14086.570654296875,13606.38520965341,0.3491098598849971,7035144,bull,hold
2023-11-03,13961.0400390625,14091.83396031673,13912.597846005378,14082.145521705304,178606,14081.7787109375,14266.0375,13368.441298828126,-0.006817933612908056,44.81616225810682,-121.87916305201179,-112.08502813659517,-9.79413491541662,14564.957226037883,14081.7787109375,13598.600195837118,0.3750579049961313,7213750,bull,hold
2023-11-06,13849.62109375,13999.791871611576,13844.776875109304,13999.791871611576,252083,14072.86357421875,14257.06677734375,13378.349721679688,-0.012710557639150855,40.747158044712705,-120.76373766538927,-113.820770042354,-6.942967623035273,14566.161578438147,14072.86357421875,13579.565569999355,0.27372452497348543,6961667,bull,hold
2023-11-07,13936.818359375,13961.039454890077,13854.466634623739,13854.466634623739,155054,14054.555419921875,14248.9714453125,13388.119418945313,-0.025600472694278897,44.9589660510934,-111.5576967266934,-113.36815537922189,1.8104586525284958,14539.439921724972,14054.555419921875,13569.670918118778,0.37859267505039174,7116721,bull,hold
2023-11-08,14019.1689453125,14033.70160144102,13917.440352412857,13985.259414345952,239262,14042.053759765626,14241.751015625,13397.941669921875,-0.01752257768332055,48.66987431779603,-96.50439629564244,-109.99540356250601,13.491007266863576,14516.947022474995,14042.053759765626,13567.160497056257,0.4759053073078328,7355983,bull,hold
2023-11-09,14028.857421875,14062.766952936163,13961.038359752676,14033.701640598023,155987,14024.728369140625,14234.14525390625,13408.530751953125,-0.024104278872262297,49.1046301261103,-82.83786482136566,-104.56389581427794,21.726030992912285,14474.326473196905,14024.728369140625,13575.130265084345,0.5045919374404862,7511970,bull,hold
2023-11-10,14019.1689453125,14028.857382731512,13980.415195636446,14024.013164022006,120655,14008.366259765626,14231.653828125,13418.78404296875,-0.02281003830648254,48.66077952694565,-71.95931704084614,-98.04298005959159,26.08366301874544,14433.075339051844,14008.366259765626,13583.657180479408,0.5127177473637127,7391315,bull,hold
2023-11-13,14256.53515625,14261.379374787632,14183.871878185524,14212.937189411314,173600,14003.1486328125,14231.883046875,13430.31994140625,-0.0072664407156781685,58.5467818076048,-43.680992784278715,-87.17058260452902,43.4895898202503,14412.69984479521,14003.1486328125,13593.597420829788,0.8093465676866285,7564915,bull,hold
2023-11-14,14348.5751953125,14358.26363231136,14242.002388325032,14261.379262322755,151090,13998.189990234376,14232.505390625,13442.986547851562,-0.006864242873058091,61.63198221064597,-13.685596102102863,-72.47358530404378,58.78798920194092,14388.015613957094,13998.189990234376,13608.364366511658,0.9494127422051565,7716005,bull,hold
2023-11-15,14358.263671875,14411.55007551556,14309.821486747216,14411.55007551556,223038,13995.887158203124,14229.17150390625,13456.539716796875,-0.0031974185262342303,61.95298521440714,10.743901948488201,-55.830087853537385,66.57398980202558,14376.524844564681,13995.887158203124,13615.249471841567,0.9760123953250186,7939043,bull,hold
2023-11-16,14304.978515625,14426.083989004826,13815.712403170504,14377.641799652896,216815,13996.710888671874,14223.5173046875,13468.772822265624,0.0011529975064634712,59.02793864585461,25.510716709506596,-39.56192694092859,65.0726436504352,14379.940474364594,13996.710888671874,13613.481302979155,0.9021970621030032,7722228,bull,hold
2023-11-17,14319.5107421875,14338.887617346076,14246.84746034284,14290.445429449635,120704,14007.912255859375,14219.60140625,13480.934897460938,0.015893555220307887,59.58832556896863,37.94870399210595,-24.059800754321685,62.00850474642763,14414.423977943252,14007.912255859375,13601.400533775499,0.8832589189935238,7842932,bull,hold
2023-11-20,14256.53515625,14348.575308465,14188.716096723156,14319.50999723921,206754,14019.825390625,14213.750390625,13493.021577148438,0.016996580425757024,56.01301426164633,42.23740849494425,-10.800358904468498,53.03776739941274,14440.569126908382,14019.825390625,13599.081654341617,0.7812992151897066,7636178,bull,hold
2023-11-21,14363.1083984375,14401.862147910519,14304.977774227973,14334.043086332736,185666,14042.8578125,14208.19708984375,13505.449545898438,0.03313431139484013,60.348816629472815,53.61773580420413,2.0832600372660277,51.5344757669381,14485.25699611747,14042.8578125,13600.45862888253,0.8619475326771977,7821844,bull,hold
2023-11-22,14435.7724609375,14435.7724609375,14338.888082005033,14363.10917673815,268494,14065.66298828125,14204.965703125,13518.743715820312,0.03262620291004348,63.0249642049734,67.71948172109842,15.210504374032507,52.50897734706591,14538.6477143558,14065.66298828125,13592.6782622067,0.8912488630741898,8090338,bull,hold
2023-11-23,14484.2138671875,14522.967616664926,14455.148555079431,14489.058085872179,174319,14097.887353515625,14204.1508203125,13532.1124609375,0.04656792182829661,64.73377744527815,81.8603978899373,28.540483077213466,53.31991481272384,14592.243931491952,14097.887353515625,13603.530775539299,0.8907366978440152,8264657,bull,hold
2023-11-24,14576.25390625,14576.25390625,14484.213751973248,14518.123282496263,210417,14137.3677734375,14205.27326171875,13546.180874023437,0.05727342434314786,67.78060653431174,99.34880657546637,42.70214777686405,56.64665879860232,14651.708347776424,14137.3677734375,13623.027199098575,0.9266493396681712,8475074,bull,hold
2023-11-27,14513.2783203125,14552.032067496244,14493.901446720627,14542.343630700308,165839,14179.75478515625,14204.84666015625,13559.359692382812,0.0620348960314534,63.723917465003964,106.89467767509086,55.540653756509414,51.35402391858145,14670.770760874577,14179.75478515625,13688.738809437924,0.839625950732382,8309235,bull,hold
2023-11-28,14426.083984375,14479.370392645022,14387.330232905893,14479.370392645022,155878,14215.35986328125,14202.676171875,13571.360200195313,0.05192522059559712,58.50301852745163,104.63283845983824,65.35909069717519,39.27374776266305,14667.877971267775,14215.35986328125,13762.841755294725,0.732835015190182,8153357,bull,hold
2023-11-29,14397.0166015625,14421.237692749517,14348.574419188468,14372.795510375483,234228,14239.823046875,14201.2755078125,13583.382983398438,0.03517920359590354,56.831413692807864,99.34957960860265,72.15718847946069,27.192391129141967,14675.775197509847,14239.823046875,13803.870896240154,0.6802876238350807,7919129,bull,hold
2023-11-30,14401.8623046875,14426.083398371804,14348.575898582028,14397.018085950638,139457,14262.833154296875,14199.1996484375,13595.358168945313,0.033009135445837945,57.051724918410144,94.46463711565593,76.61867820669974,17.84595890895619,14681.64998754764,14262.833154296875,13844.01632104611,0.6659784652296694,8058586,bull,hold
2023-12-01,14600.4755859375,14615.008242459668,14498.746990282329,14513.279646804496,171324,14294.804931640625,14198.8762890625,13608.326420898438,0.045801426332557016,64.9479332249353,105.40467740334134,82.37587804602806,23.028799357313275,14714.213356778217,14294.804931640625,13875.396506503033,0.8644069074156013,8229910,bull,hold
2023-12-04,14644.072265625,14663.449139281136,14547.187897344318,14581.097426242557,165340,14334.527490234375,14203.38185546875,13621.464750976562,0.0573626647615304,66.40788989817383,116.25253894393973,89.1512102256104,27.101328718329327,14727.40368529507,14334.527490234375,13941.65129517368,0.8939469727133804,8395250,bull,hold
2023-12-05,14653.7626953125,14677.983790676653,14619.853161802686,14644.074257166838,179860,14370.37470703125,14207.88818359375,13635.968598632813,0.05144246824851728,66.7395012566068,124.19978623493444,96.1609254274752,28.03886080745923,14741.80346940099,14370.37470703125,13998.94594466151,0.881483634268408,8575110,bull,hold
2023-12-06,14731.2685546875,14745.80121028239,14692.51480643446,14692.51480643446,161037,14405.9796875,14213.65509765625,13650.931831054688,0.050794709169483365,69.34598855275414,135.19368345027215,103.96747703203461,31.22620641823754,14772.406001267362,14405.9796875,14039.553373732637,0.9438666861054373,8736147,bull,hold
2023-12-07,14765.1787109375,14779.711367149053,14668.294336193816,14673.138554931,168392,14442.795751953125,14221.54787109375,13664.843330078125,0.052486190922032216,70.4375476455843,144.97155061670128,112.16829174896795,32.803258867733334,14798.052138321533,14442.795751953125,14087.539365584717,0.9537328129128376,8904539,bull,hold
2023-12-08,14677.982421875,14774.866794296617,14653.761328769595,14770.022575675535,218883,14475.73642578125,14231.5571875,13677.9596484375,0.046993761123250044,64.11526015839196,144.02434598579384,118.53950259633312,25.48484338946072,14787.244640387898,14475.73642578125,14164.2282111746,0.8246238567883879,8685656,bull,hold
2023-12-11,14852.375,14876.596094259621,14823.309686888453,14823.309686888453,208797,14505.52841796875,14245.82646484375,13691.612670898438,0.041794155257196985,69.92874164703042,155.5525896611707,125.94212000930065,29.610469651870062,14840.5636405626,14505.52841796875,14170.4931953749,1.0176270413390525,8894453,bull,hold
2023-12-12,14891.12890625,14920.19421966493,14886.28468734751,14886.28468734751,147224,14532.656103515625,14259.03708984375,13705.555595703125,0.03781237534405135,71.05109797109031,165.90349002323092,133.9343940120867,31.969096011144217,14898.874125434406,14532.656103515625,14166.438081596843,0.9894253986411903,9041677,bull,hold
2023-12-13,15021.9228515625,15026.767070476257,14925.038473287346,14925.038473287346,151586,14565.8390625,14276.69732421875,13720.53701171875,0.0462214091378943,74.50907140050931,182.5562367703078,143.65876256373093,38.897474206576874,14979.970745200611,14565.8390625,14151.707379799387,1.0506506844493433,9193263,bull,hold
2023-12-14,15002.544921875,15031.610233315507,14954.102736140823,15002.544921875,292255,14600.7173828125,14296.57576171875,13734.70056640625,0.04876389052161545,73.11558122534362,191.9770298675012,153.322416024485,38.65461384301619,15037.949378719097,14600.7173828125,14163.485386905902,0.9595129620252448,8901008,bull,hold
2023-12-15,15002.544921875,15007.389140448418,14929.881643273733,14929.881643273733,230286,14634.869091796874,14315.48908203125,13748.43154296875,0.0476995472809818,73.11558122534362,197.17022070014536,162.09197695961706,35.07824374052831,15085.40666028783,14634.869091796874,14184.331523305918,0.908041255371478,9131294,bull,hold
2023-12-18,15050.98828125,15075.209376005794,15017.07874859189,15041.299843347684,165002,14674.591748046874,14335.95037109375,13761.58765625,0.055725540342929314,74.49837935818516,202.856433402927,170.24486824827903,32.61156515464796,15124.787556059868,14674.591748046874,14224.39594003388,0.9180364704687146,9296296,bull,hold
2023-12-19,15191.4697265625,15206.00238255092,15089.741134643555,15104.273790631974,260048,14716.009814453126,14353.72013671875,13774.821328125,0.05767284526064809,78.02778356410195,216.20618619040033,179.4371318367033,36.769054353697044,15195.428873493598,14716.009814453126,14236.590755412653,0.9958708911791888,9556344,bull,hold
2023-12-20,15186.6240234375,15220.533550762559,15157.558714301735,15191.468241626793,236547,14753.552392578125,14372.06857421875,13787.910625,0.05201325835051551,77.6286866437789,223.814954236821,188.31269631672683,35.502257920094166,15256.338435901405,14753.552392578125,14250.766349254845,0.93067188977332,9319797,bull,hold
2023-12-21,15089.7392578125,15089.7392578125,15007.38755078752,15021.920204968399,201762,14783.828662109376,14386.3560546875,13799.5782421875,0.041805885785541674,69.9274547645513,219.49694272206034,194.54954559779353,24.947397124266814,15291.0001013615,14783.828662109376,14276.657222857251,0.8015849987079521,9118035,bull,hold
2023-12-22,15118.806640625,15128.495078074937,15080.052890825256,15089.741328275193,191792,14810.956298828125,14401.80396484375,13811.823784179687,0.037221685205577115,70.86144240999516,215.93126118730834,198.8258887156965,17.105372471611844,15328.74373345875,14810.956298828125,14293.1688641975,0.7972748286335749,9309827,bull,hold
2023-12-26,15109.1162109375,15172.091046058431,15070.362466247696,15128.493083282401,299759,14840.748193359375,14416.76853515625,13824.645688476563,0.041054672657319324,70.0800180645325,209.90385520994278,201.04148201454578,8.862373195396998,15355.151761000103,14840.748193359375,14326.344625718648,0.7608535734005247,9010068,bull,hold
2023-12-27,15152.7158203125,15167.248476150395,15123.650508636709,15157.56003892513,197675,14877.07978515625,14430.867890625,13837.060776367187,0.05036930581608434,71.5976135585614,206.26749338055197,202.086684287747,4.180809092804964,15371.454714700983,14877.07978515625,14382.704855611515,0.7787722623900869,9207743,bull,hold
2023-12-28,15138.1826171875,15186.6248015625,15104.273088125,15152.715272500001,225683,14914.1380859375,14445.54513671875,13848.994638671875,0.051480527954976596,70.31728849983556,199.9085214030456,201.6510517108067,-1.7425303077611147,15368.51249770131,14914.1380859375,14459.763674173691,0.7465417565882446,8982060,bull,hold
2024-01-02,15220.533203125,15249.598511596912,15113.960405394653,15138.181495787912,373598,14955.071630859375,14464.18572265625,13860.883647460938,0.05684479417436461,73.23764614312672,199.2175385734845,201.16434908334227,-1.9468105098577837,15362.556825709982,14955.071630859375,14547.586436008767,0.82573155493778,9355658,bull,hold
2024-01-03,15162.40234375,15249.598267771566,15157.558125748801,15225.377177765575,261269,14983.16796875,14485.5241015625,13871.809111328124,0.03848688041050674,68.14120500843876,191.76866536857233,199.28521234038828,-7.516546971815956,15365.706987802549,14983.16796875,14600.628949697451,0.7342694026924597,9094389,bull,hold
2024-01-04,15128.49609375,15138.184531850384,15084.898122298271,15123.651874699808,242734,15007.38916015625,14507.72857421875,13883.141791992188,0.03307985779762368,65.28742888298652,181.04248362263388,195.63666659683741,-14.594182974203534,15361.2483274146,15007.38916015625,14653.5299928979,0.6711230692878034,8851655,bull,hold
2024-01-05,15118.806640625,15152.716171699776,15080.052890825256,15118.806640625,253970,15030.641357421875,14532.0555078125,13894.474106445312,0.03173546310131381,64.45665649333287,169.80266994136946,190.46986726574386,-20.6671973243744,15347.699849194736,15030.641357421875,14713.582865649014,0.6390363063770046,8597685,bull,hold
2024-01-08,15143.029296875,15157.561954549545,15123.652419975608,15123.652419975608,219899,15051.22939453125,14555.32271484375,13906.143828125,0.027951478900741122,65.63396190224226,160.99376661625865,184.57464713584682,-23.580880519588163,15340.075396582022,15051.22939453125,14762.383392480479,0.6589080369677638,8817584,bull,hold
2024-01-09,15341.638671875,15341.638671875,15273.819618699676,15283.50805486758,177335,15080.052392578125,14585.36095703125,13919.287236328126,0.039041854638066864,73.41074091909393,168.10100028899433,181.27991776647633,-13.178917477482003,15363.97397152494,15080.052392578125,14796.130813631311,0.960666428151057,8994919,bull,hold
2024-01-10,15385.2392578125,15409.460352361953,15351.329725443265,15356.173944353157,165241,15115.415234375,14617.33283203125,13932.912983398437,0.04818488097406748,74.7610076505178,175.23177426362963,180.070289065907,-4.838514802277359,15364.222575395977,15115.415234375,14866.607893354021,1.042234851934595,9160160,bull,hold
2024-01-11,15433.6806640625,15496.65550669678,15433.6806640625,15453.057538719202,198085,15144.480517578126,14652.69568359375,13946.444501953125,0.039138902974271694,76.20670385763118,182.68589141738812,180.59340953620324,2.092481881184881,15399.326498441169,15144.480517578126,14889.634536715083,1.0674018195323107,9358245,bull,hold
2024-01-12,15380.3935546875,15399.770428457185,15346.484025590551,15399.770428457185,228995,15168.94375,14686.02390625,13959.397158203124,0.03285611530984389,71.36414195231612,182.19329765417933,180.91338715979848,1.2799104943808572,15415.614095649951,15168.94375,14922.27340435005,0.9286080763586545,9129250,bull,hold
2024-01-15,15491.8125,15511.189376172608,15380.395462007504,15380.395462007504,219100,15192.438232421875,14717.70509765625,13972.666586914063,0.031280259729773885,74.94868713494994,188.61920646686121,182.45455102121105,6.164655445650169,15466.598976577237,15192.438232421875,14918.277488266513,1.0459831029063638,9348350,bull,hold
2024-01-16,15549.9423828125,15569.31925805588,15457.902225406446,15482.12331946067,169953,15219.80810546875,14749.8707421875,13987.524409179687,0.03648697362934383,76.59480599612783,196.14138543087938,185.1919179031447,10.949467527734669,15520.66957436205,15219.80810546875,14918.94663657545,1.048648317376979,9518303,bull,hold
2024-01-17,15651.669921875,15704.956325199242,15554.785552194562,15554.785552194562,292534,15252.26435546875,14783.68333984375,14002.84279296875,0.043267659145850734,79.17387491161735,207.9146183856701,189.73645799964982,18.178160386020295,15590.146373802476,15252.26435546875,14914.382337135023,1.0910429450728527,9810837,bull,hold
2024-01-19,15704.95703125,15709.801249951804,15641.982188126543,15641.982188126543,278103,15284.96279296875,14820.79005859375,14017.442309570313,0.04345021986461117,80.39268789185283,219.02008747833315,195.5931838953865,23.426903582946665,15662.81359313216,15284.96279296875,14907.111992805341,1.0557673003466115,10088940,bull,hold
2024-01-22,15922.9462890625,15922.9462890625,15811.52926300578,15811.52926300578,339783,15321.53662109375,14860.5126171875,14032.891455078125,0.0481504802146302,84.41174159037514,242.61445462738993,204.99743804178718,37.617016585602755,15787.451897870184,15321.53662109375,14855.621344317316,1.1454066843759372,10428723,bull,hold
2024-01-23,15864.8154296875,15956.855580271947,15859.971211235686,15927.790269561068,258733,15355.44619140625,14897.425546875,14048.12203125,0.04465715390091618,79.71902772592931,253.69801327405912,214.73755308824158,38.96046018581754,15873.005560242997,15355.44619140625,14837.886822569504,0.9920877380947576,10169990,bull,hold
2024-01-24,15995.609375,16019.830467330405,15971.388282669594,15971.388282669594,226301,15400.739697265624,14936.7605859375,14063.910444335937,0.0600321915250126,82.12667150145093,269.9242726572138,225.77489700203603,44.14937565517778,15973.018859032314,15400.739697265624,14828.460535498934,1.0197373218150618,10396291,bull,hold
2024-01-25,15961.7001953125,15971.388632456847,15922.94644673511,15947.16753959598,261871,15442.884375,14975.6112109375,14080.971240234376,0.055751328442987136,79.49191346611275,276.8560880660152,235.99113521483187,40.86495285118335,16049.0500536189,15442.884375,14836.7186963811,0.9279488583835537,10134420,bull,hold
2024-01-26,15961.7001953125,16044.051911039453,15956.855976740326,16039.20769246728,220990,15485.51357421875,15009.71451171875,14098.512680664062,0.05642844839315053,79.49191346611275,279.1319424396788,244.61929665980128,34.512645779877545,16111.39021465548,15485.51357421875,14859.636933782022,0.8804157163953847,10355410,bull,hold
2024-01-29,16019.8291015625,16024.673319615587,15985.919575190883,15985.919575190883,311346,15528.86923828125,15043.13958984375,14116.969604492188,0.057224941821163,80.72153963509561,282.37109217756733,252.1696557633545,30.20143641421282,16176.287543683786,15528.86923828125,14881.450932878714,0.8791674248197178,10666756,bull,hold
2024-01-30,16058.7373046875,16107.370670237735,16049.010631577454,16102.507333682712,196645,15574.89697265625,15077.1490625,14134.924140625,0.0608101190730006,81.52022961015587,284.79477165537173,258.69467894175796,26.100092713613776,16235.427879747362,15574.89697265625,14914.366065565138,0.8662510919905452,10863401,bull,hold
2024-01-31,16058.7373046875,16078.190650907594,15990.650592917173,16019.830612247313,249884,15616.807177734376,15112.22423828125,14152.7825390625,0.05507061351769238,81.52022961015587,283.4481413698304,263.6453714273725,19.802769942457928,16288.358199781544,15616.807177734376,14945.256155687208,0.8290368955183307,11113285,bull,hold
2024-02-01,15854.4765625,15907.973262557514,15854.4765625,15903.10992618865,383383,15651.410888671875,15142.9235546875,14169.090932617188,0.04564410065501767,65.0993735677549,262.8686066824994,263.4900184783979,-0.6214117958984957,16296.540104125119,15651.410888671875,15006.281673218631,0.6573837217133769,10729902,bull,hold
2024-02-02,16010.1025390625,16063.599236489501,15985.785858413863,16044.145891970591,221832,15695.4912109375,15177.99490234375,14186.8503515625,0.05827455947037041,70.04950051329118,256.16399379931863,262.024813542582,-5.8608197432633915,16311.497192117484,15695.4912109375,15079.485229757516,0.7553638582553611,10951734,bull,hold
2024-02-05,16156.0029296875,16267.859662794908,16146.276257243377,16219.226300574295,280281,15747.351025390624,15213.85279296875,14204.474116210937,0.06860305272213085,73.8011661343245,259.630621774897,261.54597518904507,-1.9153534141480577,16334.383219842503,15747.351025390624,15160.318830938746,0.8480660074175667,11232015,bull,hold
2024-02-06,16107.3701171875,16165.730153843977,16083.0534352473,16156.003481067897,328648,15795.56806640625,15247.28474609375,14221.205854492187,0.06368216037933094,70.6254694438766,255.50834672129167,260.3384494954944,-4.8301027742027145,16332.400502205553,15795.56806640625,15258.735630606945,0.7904091016007633,10903367,bull,hold
2024-02-07,16131.6865234375,16146.276532352276,16083.053160388245,16117.096514522724,166499,15835.070458984375,15280.23419921875,14240.1499609375,0.05149696642320567,71.29067139770017,251.30663831209858,258.53208725881524,-7.225448946716654,16348.22935487935,15835.070458984375,15321.911563089401,0.7890099604877858,11069866,bull,hold
2024-02-08,16267.861328125,16287.314675004673,16228.954634365658,16272.724664844918,230679,15879.2015625,15314.06634765625,14259.12607421875,0.0573681081926829,74.7404431550831,256.01375559265216,258.0284209255826,-2.0146653329304627,16381.728975303406,15879.2015625,15376.674149696595,0.8867050390911192,11300545,bull,hold
2024-02-13,16355.4013671875,16355.4013671875,16321.358010193651,16331.084683620466,331386,15925.28759765625,15350.90880859375,14277.506508789062,0.059721379701164645,76.68036293645343,263.7673832950204,259.1762133994702,4.591169895550195,16424.981090390716,15925.28759765625,15425.594104921782,0.9303775972522115,11631931,bull,hold
2024-02-14,16233.81640625,16306.766450016852,16224.089733747755,16306.766450016852,329309,15967.958740234375,15387.06345703125,14295.591440429687,0.05548771223103066,68.77949448369401,257.13718152499496,258.76840702457514,-1.6312254995801823,16417.476684903304,15967.958740234375,15518.440795565446,0.7957141857945513,11302622,bull,hold
2024-02-15,16369.9873046875,16379.713975694443,16311.627278645832,16311.627278645832,311858,16011.86748046875,15426.52287109375,14313.996748046875,0.056686382222060905,72.23051558162992,259.8748765204182,258.9897009237437,0.8851755966744577,16437.70408952543,16011.86748046875,15586.030871412071,0.9204897096706457,11614480,bull,hold
2024-02-16,16467.2578125,16467.2578125,16394.307763123892,16399.171099748968,175958,16057.733251953125,15467.83078125,14332.431806640625,0.05899156454119203,74.40679161820704,266.81772790619834,260.55530632023465,6.262421585963693,16472.128297012827,16057.733251953125,15643.338206893422,0.9941233798872703,11790438,bull,hold
2024-02-19,16423.486328125,16433.213000513584,16355.39962140491,16404.03298334783,284767,16096.324072265625,15504.29099609375,14350.311552734374,0.049312080442694306,71.68430944781115,265.7248836240469,261.5892217809971,4.1356618430498315,16495.753446072165,16096.324072265625,15696.894698459084,0.9095370512458015,11505671,bull,hold
2024-02-20,16394.30859375,16428.35195185034,16374.85524626409,16423.48861497886,208169,16130.791650390625,15539.29572265625,14366.555419921875,0.04389388402198846,69.84962442294653,259.5128942377578,261.17395627234924,-1.6610620345914526,16507.51050012139,16130.791650390625,15754.072800659862,0.8497527978062515,11297502,bull,hold
2024-02-21,16287.3125,16321.355852493281,16248.40581143625,16311.629180352344,298670,16149.0099609375,15571.96671875,14381.879794921875,0.022883089870609163,63.43773373619848,243.15323816031923,257.5698126499433,-14.416574489624054,16518.941415146393,16149.0099609375,15779.078506728603,0.6869299534940386,10998832,bull,hold
2024-02-22,16374.8544921875,16413.761185367628,16360.26448224495,16369.991155539983,207796,16174.5119140625,15604.8384375,14398.218642578126,0.03214907004499867,66.1736940494425,234.54827350879168,252.96550482171298,-18.417231312921302,16532.695842374447,16174.5119140625,15816.32798575055,0.7796643878874985,11206628,bull,hold
2024-02-23,16627.748046875,16627.748046875,16540.20798696165,16540.20798696165,296689,16206.11884765625,15642.08982421875,14415.6777734375,0.03951951170194157,72.5613968724432,245.30742210720928,251.43388827881225,-6.126466171602971,16604.845706817945,16206.11884765625,15807.391988494552,1.0287193344652101,11503317,bull,hold
2024-02-26,16598.56640625,16627.746423372035,16583.976397688984,16622.883087185026,303639,16237.962158203125,15680.50150390625,14432.822763671875,0.03989964747768715,70.89768239327341,248.6135481432084,250.86982025169146,-2.256272108483074,16654.833894156945,16237.962158203125,15821.090422249305,0.9325122297171299,11199678,bull,hold
2024-02-27,16545.072265625,16579.115624196245,16535.3455917475,16574.252287257495,319241,16267.13076171875,15714.35544921875,14449.5320703125,0.036548241301000095,67.82752713087825,244.103276148413,249.51651143103578,-5.413235282622793,16684.237467132425,16267.13076171875,15850.024056305077,0.8331779378020245,10880437,bull,hold
2024-02-28,16618.0234375,16676.38348469052,16574.25340210711,16574.25340210711,204686,16297.040478515624,15748.89333984375,14466.341772460937,0.037340868753659384,69.75126651768173,243.60725024909334,248.33465919464732,-4.727408945553975,16724.583635197796,16297.040478515624,15869.497321833453,0.8753807703007968,11085123,bull,hold
2024-02-29,16579.11328125,16622.8833075132,16574.249944998533,16603.429962507333,281382,16323.05927734375,15780.0371484375,14482.884833984375,0.03240453883074634,67.43513400072385,237.33853088068827,246.1354335318555,-8.796902651167244,16752.75751091366,16323.05927734375,15893.361043773839,0.7979463073177745,10803741,bull,hold
2024-03-04,16773.650390625,16778.513727937447,16720.153680188097,16773.650390625,306830,16358.804931640625,15815.4592578125,14501.289770507812,0.04451863632695563,72.37425312899303,245.24105826720006,245.95655847892442,-0.7155002117243612,16812.856485934288,16358.804931640625,15904.753377346964,0.956826383547703,11110571,bull,hold
2024-03-05,16773.650390625,16793.103739874783,16744.470366750327,16763.92371600011,260281,16404.763623046874,15850.8813671875,14519.57455078125,0.05797566539024612,72.37425312899303,248.63772720800262,246.49279222474007,2.1449349832625444,16830.51465226158,16404.763623046874,15979.012593832167,0.9332188794217771,11370852,bull,hold
2024-03-06,16656.92578125,16690.969133211678,16637.472437271896,16676.3791252281,317719,16437.10478515625,15883.0001171875,14536.6268359375,0.040400943130085354,65.46489046528941,239.15409184443706,245.02505214867946,-5.870960304242402,16835.40845369903,16437.10478515625,16038.801116613471,0.7759464868827081,11053133,bull,hold
2024-03-07,16671.517578125,16686.10758767412,16608.29420341216,16686.10758767412,207597,16462.880517578124,15912.60107421875,14553.271435546874,0.031908551309446365,65.9031179286228,230.16250842603768,242.05254340415112,-11.890034978113448,16851.69214255736,16462.880517578124,16074.068892598889,0.7683009549393203,11260730,bull,hold
2024-03-08,16715.287109375,16788.237154949813,16710.423773003346,16778.510482206504,250356,16493.2763671875,15943.1743359375,14569.918588867187,0.03774154239734129,67.2457416822248,223.9864725321222,238.43932922974534,-14.452856697623133,16860.622440508585,16493.2763671875,16125.930293866415,0.8021819999059141,11511086,bull,hold
2024-03-11,16467.2578125,16593.70456475192,16467.2578125,16583.977891501774,392355,16510.054931640625,15970.72470703125,14585.397690429687,0.020801996652672017,54.21727964446511,196.80933272171023,230.11332992813834,-33.30399720642811,16838.38861358777,16510.054931640625,16181.72124969348,0.4348267913196999,11118731,bull,hold
2024-03-12,16535.345703125,16549.935714039522,16496.43900735294,16501.30234432445,263024,16523.429150390624,15999.05548828125,14601.217231445313,0.01644250400251157,56.69751430271962,178.70537306003098,219.83173855451687,-41.126365494485896,16832.433849545763,16523.429150390624,16214.424451235484,0.5192821545545393,11381755,bull,hold
2024-03-13,16700.701171875,16715.291184546993,16642.341121187026,16695.837834317666,165890,16540.694140625,16030.8871875,14617.719360351562,0.021112279480969942,62.07143177409876,175.67558025603648,211.0005068948208,-35.32492663878432,16848.801250707504,16540.694140625,16232.5870305425,0.7596613742655163,11547645,bull,hold
2024-03-14,16744.46875,16759.05876052861,16676.382034199825,16700.698718414173,130004,16566.2267578125,16062.72224609375,14634.4883984375,0.03145608715603054,63.3673140924394,174.7912407841759,203.75865367269182,-28.967412888515923,16852.220398713453,16566.2267578125,16280.233116911548,0.8116188031768685,11677649,bull,hold
2024-03-15,16807.689453125,16822.279461330836,16729.876076027198,16744.466084233038,188348,16588.111865234376,16096.1123828125,14651.934013671875,0.0267380872257712,65.21602828005601,177.14970622463807,198.4368641830811,-21.287157958443032,16877.65528681614,16588.111865234376,16298.56844365261,0.8791790307151158,11865997,bull,hold
2024-03-18,16822.28125,16822.28125,16739.604528042786,16759.05787438566,201182,16605.863037109375,16128.14734375,14669.64560546875,0.02155935381241858,65.64695202449006,178.14272469679418,194.37803628582373,-16.23531158902955,16906.89608564288,16605.863037109375,16304.829988575872,0.8594592253988663,12067179,bull,hold
2024-03-19,16929.275390625,16943.86540101623,16866.052012262997,16870.915349060077,145659,16631.152490234374,16163.4848046875,14686.87880859375,0.030796692760284516,68.7081306144009,185.42575922259857,192.5875808731787,-7.161821650580123,16951.042358528517,16631.152490234374,16311.26262194023,0.965977403380119,12212838,bull,hold
2024-03-20,17021.677734375,17026.541070870535,16982.771042410714,16982.771042410714,311467,16662.520947265624,16201.3484375,14703.898447265625,0.038267496127538436,71.10301014668956,196.3898534753207,193.34803539360712,3.0418180817135863,17005.56117005736,16662.520947265624,16319.480724473888,1.0234907792830807,12524305,bull,hold
2024-03-21,17041.130859375,17128.67091515946,17031.40418651006,17118.94424229452,340966,16700.211865234374,16239.794921875,14721.787436523438,0.04628255025959627,71.5958714339645,204.2937110411258,195.53717052311086,8.75654051801493,17035.63248265868,16700.211865234374,16364.791247810068,1.008196241421507,12865271,bull,hold
2024-03-22,17255.119140625,17269.709151172316,17138.39905624648,17167.57907734111,260378,16744.22509765625,16282.03671875,14742.001015625,0.05375709743603996,76.37024701044601,225.22834882298048,201.47540618308477,23.752942639895707,17125.238568412235,16744.22509765625,16363.211626900264,1.1704409189983016,13125649,bull,hold
2024-03-25,17225.935546875,17294.022248641304,17152.985509268245,17279.432241119954,901019,16774.13447265625,16319.72265625,14761.537856445313,0.03597525643963695,74.53031601032897,236.73538976235068,208.52740289893796,28.207986863412714,17204.58608753478,16774.13447265625,16343.68285777772,1.0247989072433212,12224630,bull,hold
2024-03-26,17191.892578125,17216.20925786775,17128.669210793847,17201.6192500221,348822,16803.80078125,16355.85572265625,14780.73560546875,0.03574562750501098,72.34086918328666,240.33736005943865,214.88939433103812,25.447965728400533,17262.61203987152,16803.80078125,16344.989522628479,0.9229318587789294,11875808,bull,hold
2024-03-27,17294.02734375,17303.754018296542,17191.89726101132,17196.76059828459,367690,16841.24853515625,16393.06265625,14800.540532226563,0.045267561609934504,74.73854596768707,248.56803193682208,221.62512185219492,26.942910084627158,17330.71228407336,16841.24853515625,16351.78478623914,0.962525375572223,12243498,bull,hold
2024-03-28,17342.66015625,17420.473550108665,17308.616796436836,17376.703516063168,368583,16877.48037109375,16432.30798828125,14820.226708984375,0.04360546977655577,75.81367945020071,256.0634205081369,228.51278158338334,27.55063892475357,17401.542019825305,16877.48037109375,16353.418722362194,0.9438216250723332,12612081,bull,hold
2024-03-29,17473.96875,17585.825494016142,17401.01869955469,17405.88203625104,556660,16922.22314453125,16471.95111328125,14840.25576171875,0.05397486907590099,78.47717384870072,269.49253389867954,236.7087320464426,32.783801852236934,17487.897999678094,16922.22314453125,16356.548289384406,0.9876879363194616,13168741,bull,hold
2024-04-01,17483.693359375,17488.55669549722,17405.879981419508,17439.923334275034,410197,16957.72529296875,16510.6261328125,14860.2610546875,0.04233085537223613,78.66456418913393,277.7185313610862,244.91069190937134,32.80783945171487,17568.938364950507,16957.72529296875,16346.51222098699,0.9302657211673222,13578938,bull,hold
2024-04-02,17401.017578125,17439.924269188443,17376.70089621035,17439.924269188443,482512,16989.09365234375,16545.6130859375,14879.901215820313,0.03740194727384116,72.85680190926055,274.4032986024431,250.80921324798572,23.594085354457377,17623.262730400307,16989.09365234375,16354.924574287188,0.8247745278306633,13096426,bull,hold
2024-04-03,17211.349609375,17318.343023165973,17187.032924422507,17318.343023165973,435430,17016.81484375,16575.7409375,14898.786069335938,0.03328488314146738,61.617613895612564,253.5485825681535,251.3570871120193,2.19149545613422,17638.834943844016,17016.81484375,16394.79474365598,0.6563733757121335,12660996,bull,hold
2024-04-04,17284.298828125,17323.205522166925,17240.528797327835,17240.528797327835,242368,17047.45390625,16602.96798828125,14917.118813476562,0.03675617694240629,63.922814962405006,240.13928594506797,249.11352687862902,-8.974240933561049,17658.696486873494,17047.45390625,16436.211325626507,0.6937405290330129,12903364,bull,hold
2024-04-05,17143.26171875,17148.125055407803,17065.448332225176,17094.628352171985,367430,17068.85263671875,16628.5369140625,14935.397817382813,0.025603784522191253,56.81789167793494,215.64597318828964,242.42001614056113,-26.774042952271486,17661.773154918737,17068.85263671875,16475.932118518765,0.5627479398563764,12535934,bull,hold
2024-04-08,17289.16015625,17328.0668457718,17269.7068114891,17323.203509581574,197001,17109.94775390625,16654.4079296875,14954.647587890626,0.04991130600543037,61.57574337958296,205.63717361316958,235.06344763508284,-29.426274021913258,17641.100575985714,17109.94775390625,16578.794931826786,0.6687013557060029,12732935,bull,hold
2024-04-09,17337.794921875,17347.521595042952,17294.024892619214,17294.024892619214,185281,17150.07021484375,16681.92982421875,14974.309438476563,0.04852932821346134,63.03774025122753,199.33177435359903,227.9171129787861,-28.585338625187063,17619.147432318798,17150.07021484375,16680.9929973687,0.7001000049008315,12918216,bull,hold
2024-04-11,17298.890625,17308.61729951504,17250.257252424795,17274.573938712398,249035,17179.9796875,16708.6736328125,14993.704375,0.035818223855917264,61.03709426880852,189.01658288266844,220.13700695956257,-31.120424076894125,17604.83039689793,17179.9796875,16755.128978102068,0.6399443791308633,12669181,bull,hold
2024-04-12,17571.234375,17576.097711389426,17439.92429248547,17439.92429248547,227635,17221.31796875,16739.70173828125,15013.327021484374,0.049375446742674356,68.55959540480343,200.50627238113884,216.21086004387786,-15.704587662739016,17629.17186667282,17221.31796875,16813.464070827184,0.9289727375809176,12896816,bull,hold
2024-04-15,17503.150390625,17503.150390625,17420.473659132746,17473.97036774538,334511,17256.091015625,16768.59,15033.01943359375,0.041377545642997005,65.172054338008,201.7919930650569,213.3270866481137,-11.535093583056806,17634.477505752908,17256.091015625,16877.70452549709,0.8264643181585125,12562305,bull,hold
2024-04-16,17323.205078125,17396.155127583697,17264.845038558044,17318.34174149442,444141,17281.13720703125,16793.87935546875,15052.077514648438,0.029777401808984694,57.13659129402537,186.14508840926646,207.89068700034426,-21.745598591077794,17603.518605412446,17281.13720703125,16958.755808650054,0.5652455000582995,12118164,bull,hold
2024-04-17,17187.033203125,17313.479966928408,17148.126506570105,17313.479966928408,467322,17294.02509765625,16820.53048828125,15070.527114257813,0.015225566750644237,51.91968420407983,160.9020923010612,198.49296806048767,-37.59087575942647,17577.353776516095,17294.02509765625,17010.696418796404,0.311187672632012,11650842,bull,hold
2024-04-18,17021.677734375,17075.174435825895,16973.044369419644,17055.72108984375,420380,17294.02509765625,16840.7619921875,15087.233090820313,0.0,46.381591170106006,126.10042442652775,184.0144593336957,-57.914034907167945,17577.353776516095,17294.02509765625,17010.696418796404,0.019379110548897377,11230462,bull,hold
2024-04-19,16890.37109375,17016.817868422473,16817.421031438957,16992.50118098546,787388,17286.487109375,16855.44935546875,15103.403173828125,-0.008846816967083004,42.50441889164539,86.92251473791475,164.5960704145395,-77.67355567662474,17602.46822751007,17286.487109375,16970.50599123993,-0.12680330072076548,10443074,bull,hold
2024-04-22,16914.6875,16919.550837406558,16846.600776308223,16875.780800747558,485690,17269.46552734375,16871.595703125,15120.080883789062,-0.019729312666610155,43.44722152265477,57.17677158031074,143.11221064769376,-85.93543906738302,17624.6208877314,17269.46552734375,16914.3101669561,0.0005312225099010148,10928764,bull,hold
2024-04-23,16963.3203125,16992.500335973335,16929.276951781107,16992.500335973335,321292,17256.334765625,16888.22837890625,15137.194770507813,-0.015245339427886195,45.37643822134989,37.09965561261197,121.90969964067742,-84.81004402806545,17635.55985587253,17256.334765625,16877.109675377473,0.11366684238410467,11250056,bull,hold
2024-04-24,17128.673828125,17152.990514422738,17089.76713004862,17138.400502644094,253198,17253.173828125,16905.44462890625,15154.990668945313,-0.003677242032121608,51.44182067139097,34.13752719076365,104.35526515069466,-70.21773795993101,17635.535707574883,17253.173828125,16870.811948675117,0.3371961135624683,11503254,bull,hold
2024-04-25,17007.08984375,17089.76657447455,17007.08984375,17065.44988896733,342030,17238.826953125,16918.4783984375,15172.395791015624,-0.016591710785267,47.28422658098274,21.72873235523366,87.82995859160248,-66.10122623636882,17635.254675531964,17238.826953125,16842.399230718038,0.207718335175983,11161224,bull,hold
2024-04-26,17206.484375,17245.391066633692,17128.670991732615,17128.670991732615,211918,17232.0181640625,16937.9317578125,15190.242954101563,-0.007852069983676935,53.86899129350346,27.665237670924398,75.79701440746686,-48.13177673654246,17625.747058501933,17232.0181640625,16838.28926962307,0.46757440281484164,11373142,bull,hold
2024-04-29,17308.935546875,17386.991626004088,17260.150497419323,17265.02900236489,380258,17223.76650390625,16956.71072265625,15208.433471679688,-0.00944451746973618,56.85132035393296,40.17381551603103,68.6723746291797,-28.498559113148673,17603.536595256006,17223.76650390625,16843.99641255649,0.6121323728601803,11753400,bull,hold
2024-04-30,17362.59765625,17362.59765625,17250.392051840405,17318.69111539407,262955,17217.71171875,16974.61751953125,15226.458002929687,-0.0069262083608934155,58.369454687186774,53.79690015374945,65.69727973409366,-11.900379580344207,17584.34655659836,17217.71171875,16851.07688090164,0.6975888848292209,12016355,bull,hold
2024-05-02,17065.0078125,17138.18537601844,17045.49379556175,17074.764820969125,540190,17200.91123046875,16987.44794921875,15242.777431640625,-0.01930977680566226,48.234235613595736,40.11782622143801,60.58138903156253,-20.46356281012452,17563.17573008015,17200.91123046875,16838.646730857352,0.3124251505260179,11476165,bull,hold
2024-05-03,17011.341796875,17113.790370931314,16991.827782769033,17094.27635682535,317121,17190.91083984375,16999.78861328125,15258.973295898437,-0.01162069314953984,46.66074167983199,24.662370170804934,53.39758525941102,-28.735215088606083,17562.395776964837,17190.91083984375,16819.42590272266,0.2583091196639586,11159044,bull,hold
2024-05-07,17308.935546875,17308.935546875,17235.75797269148,17274.786012256027,234623,17192.14267578125,17020.22107421875,15276.246953125,0.0014253814398250686,55.35766617709994,36.012014345713396,49.9204710766715,-13.9084567309581,17565.018917786114,17192.14267578125,16819.26643377639,0.6566107704607063,11393667,bull,hold
2024-05-08,17396.75,17416.264021312396,17323.57242007852,17323.57242007852,194436,17204.81708984375,17040.658984375,15294.297475585938,0.014786467441767703,57.556809953766646,51.49893394176979,50.236163649691164,1.2627702920786277,17587.29465859399,17204.81708984375,16822.33952109351,0.7509074071760581,11588103,bull,hold
2024-05-09,17440.650390625,17450.407397836538,17391.865354567308,17396.74385817308,212725,17212.3916015625,17056.91703125,15311.988427734375,0.008762151140131458,58.65337368874623,66.54770343079872,53.49847160591268,13.049231824886043,17607.056416649048,17212.3916015625,16817.726786475952,0.7891805658080316,11800828,bull,hold
2024-05-10,17547.978515625,17557.735523417952,17508.95048445319,17538.221507832048,248772,17222.90078125,17075.9052734375,15330.26427734375,0.012122856147341654,61.28676368016922,86.14145925917546,60.02706913656523,26.11439012261023,17640.868557119626,17222.90078125,16804.93300538037,0.8888789437159864,12049600,bull,hold
2024-05-13,17582.126953125,17616.27647828368,17552.855931560418,17557.734435154514,265326,17237.06259765625,17096.6463671875,15349.145166015625,0.016373092024506652,62.113564365896345,103.23511528700328,68.66867836665284,34.56643692035044,17682.650558367794,17237.06259765625,16791.47463694471,0.8872011655316367,12314926,bull,hold
2024-05-14,17572.37109375,17582.128101575516,17547.978574186218,17572.37109375,299692,17237.11943359375,17115.7333203125,15367.181064453125,6.46920259408379e-05,61.70809053003197,114.67286709328619,77.86951611197952,36.803350981306664,17682.878135096806,17237.11943359375,16791.360732090696,0.8760461198242607,12015234,bull,hold
2024-05-16,17577.25,17699.212600610605,17577.25,17655.306064390785,361280,17240.8244140625,17135.6960546875,15384.589897460937,0.004233501268131157,61.842243669021286,122.71645584928046,86.83890405943971,35.87755178984075,17696.487863184295,17240.8244140625,16785.160964940704,0.8691601626001568,12376514,bull,hold
2024-05-17,17660.1875,17699.215538674034,17572.374412983427,17582.131422651935,230208,17257.67353515625,17153.426796875,15402.003251953125,0.019452660195111715,64.14205576337929,134.23603158859987,96.31832956527175,37.91770202332812,17747.887133647942,17257.67353515625,16767.459936664556,0.9105495707200087,12606722,bull,hold
2024-05-20,17713.849609375,17747.999140431355,17674.82157388202,17674.82157388202,318924,17284.01435546875,17172.23078125,15420.215727539062,0.030651968843244726,65.58726330116744,146.01232294033252,106.25712824028392,39.755194700048605,17811.418685867415,17284.01435546875,16756.610025070084,0.9075006869789425,12925646,bull,hold
2024-05-21,17796.78125,17855.323293585527,17777.267235471492,17806.538257264256,350713,17322.76953125,17195.027890625,15439.228916015625,0.045536258394769824,67.75050454887291,160.19043338895062,117.04378927001727,43.14664411893335,17880.415790267307,17322.76953125,16765.123272232693,0.92501111689094,13276359,bull,hold
2024-05-22,17835.8125,17879.71904061816,17811.419977434354,17860.205022565646,334844,17370.0416015625,17218.3137890625,15458.654404296874,0.055975170764592797,68.74628651436943,172.58671156505807,128.15237372902544,44.434337836032626,17933.317458914615,17370.0416015625,16806.76574421039,0.9134483063298924,13611203,bull,hold
2024-05-23,17884.599609375,17923.627649984657,17845.571568765343,17874.842599222586,259212,17418.53720703125,17241.7000390625,15478.34794921875,0.05734141463594877,69.9934812127174,184.22394437038747,139.36668785729785,44.857256513089624,17983.653932668953,17418.53720703125,16853.42048139355,0.9123594128432709,13870415,bull,hold
2024-05-24,17752.876953125,17806.54049983684,17733.362936138878,17767.512465864595,378724,17458.0150390625,17267.412421875,15496.562543945312,0.046544934958469675,62.7164509659127,180.73422604840016,147.64019549551833,33.09403055288183,18000.26502353295,17458.0150390625,16915.765054592048,0.7718874343080498,13491691,bull,hold
2024-05-27,17801.662109375,17830.93313504128,17787.026596541862,17801.662109375,331771,17491.664453125,17292.73875,15514.803916015626,0.03929015684477366,64.20095023690799,179.8321603283439,154.07858846208345,25.753571866260444,18031.50836439355,17491.664453125,16951.820541856447,0.7871178592359721,13823462,bull,hold
2024-05-28,17748.0,17796.78504672897,17713.85046728972,17791.906542056076,325413,17528.7099609375,17313.6847265625,15532.2944140625,0.043564781691459054,61.30924873848378,172.79530626330597,157.82193202232796,14.973374240978018,18030.826523147454,17528.7099609375,17026.593398727546,0.7183656700123012,13498049,bull,hold
2024-05-29,17748.0,17821.17757009346,17728.48598130841,17821.17757009346,262572,17555.7857421875,17333.7553515625,15550.02619140625,0.03147160182162434,61.30924873848379,165.31292423214109,159.3201304642906,5.992793767850486,18043.67959224529,17555.7857421875,17067.89189212971,0.6969836858875463,13760621,bull,hold
2024-05-30,17777.26953125,17777.26953125,17718.72748010428,17718.72748010428,245650,17579.20244140625,17353.146953125,15567.663037109374,0.027057353302095688,62.381102319923905,159.90164252131945,159.43643287569637,0.46520964562307654,18062.39086396348,17579.20244140625,17096.014018849022,0.7049584391897246,14006271,bull,hold
2024-05-31,17816.296875,17816.296875,17689.455769099124,17723.6052976109,196778,17601.88740234375,17373.027265625,15585.905190429687,0.026130837547035046,63.82033417162655,156.95308578182812,158.93976345692272,-1.9866776750945974,18084.869647752537,17601.88740234375,17118.90515693496,0.721964135011607,14203049,bull,hold
2024-06-03,17908.98828125,17991.922849700353,17899.231273197016,17957.773321514913,467287,17644.08642578125,17392.6215234375,15603.935224609375,0.04945678771572504,67.0451113086136,160.24851007958205,159.2015127814546,1.046997298127451,18076.940985917387,17644.08642578125,17211.231865645113,0.8059940680599923,14670336,bull,hold
2024-06-04,17869.958984375,17899.23000646243,17796.78142915643,17850.44496965005,362754,17687.01728515625,17409.5871484375,15621.046279296876,0.05047321944102778,64.44057450723716,157.89075318233154,158.93936086163,-1.0486076792984704,18018.8626782946,17687.01728515625,17355.171892017897,0.7756429695898766,14307582,bull,hold
2024-06-05,17889.478515625,17948.020577852298,17835.81495858331,17894.357020810607,227353,17716.04443359375,17426.5541015625,15638.978764648438,0.033540073401845394,65.16934102835823,155.8012965314083,158.31174799558568,-2.510451464177379,18009.915176209837,17716.04443359375,17422.173690977663,0.7950856565157021,14534935,bull,hold
2024-06-07,18011.43359375,18055.340122012123,17962.648562347644,17987.041078048824,369538,17746.77861328125,17441.680390625,15656.821318359374,0.035333242918935914,69.39027273574976,162.1173547148028,159.0728693394291,3.0444853753736822,18028.98920536499,17746.77861328125,17464.568021197512,0.9688962567184933,14904473,bull,hold
2024-06-10,18079.736328125,18152.91389016544,18079.736328125,18109.00735294118,300840,17778.73291015625,17458.75640625,15674.9330078125,0.03664346931944307,71.47520545254915,170.6669933019075,161.3916941319248,9.275299169982702,18059.780557651506,17778.73291015625,17497.685262660994,1.0355024684450191,15205313,bull,hold
2024-06-11,18177.30859375,18177.30859375,18118.76653708736,18128.52354653113,250979,17810.1994140625,17478.4647265625,15693.79794921875,0.03586339461064614,74.18071898926239,183.20404764876366,165.75416483529258,17.449882813471078,18120.280393294768,17810.1994140625,17500.11843483023,1.0919569471762316,15456292,bull,hold
2024-06-12,18230.97265625,18265.122190259568,18206.580131957453,18211.45863681596,302501,17842.64169921875,17497.2036328125,15712.762314453124,0.036903709366612025,75.55405215320737,195.2196245854866,171.6472567853314,23.572367800155206,18184.61658279588,17842.64169921875,17500.666815641624,1.0677770147462682,15758793,bull,hold
2024-06-13,18362.69140625,18387.083929372013,18265.121313761956,18274.878323010762,359869,17882.15771484375,17517.6042578125,15732.288779296876,0.04497516631555176,78.56743705890187,212.91629170587476,179.9010637694401,33.015227936434655,18269.69075673136,17882.15771484375,17494.62467295614,1.119990606563053,16118662,bull,hold
2024-06-14,18455.3828125,18460.261317076394,18382.20524385408,18382.20524385408,302358,17926.06435546875,17537.2325390625,15752.182177734376,0.049958486822455184,80.39853977575366,231.74899160981658,190.2706493375154,41.47834227230118,18361.488683903823,17926.06435546875,17490.640027033674,1.1078191116854164,16421020,bull,hold
2024-06-17,18450.50390625,18509.045959892253,18411.4758704885,18465.13941966056,418510,17965.58017578125,17556.56875,15772.316591796874,0.04475130324918686,80.01105354580974,243.47374127405055,200.91126772482247,42.56247354922809,18439.09639894916,17965.58017578125,17492.063952613342,1.01204552953278,16002510,bull,hold
2024-06-18,18606.6171875,18626.131206574464,18572.467654119693,18582.22466365692,476043,18010.2185546875,17580.6807421875,15794.003666992188,0.05039941050716079,82.857957088485,262.3386502984613,213.19674423955024,49.14190605891105,18544.78315189135,18010.2185546875,17475.65395748365,1.0578358873109852,16478553,bull,hold
2024-06-19,18674.916015625,18674.916015625,18611.49545444341,18660.28050150617,376885,18054.12529296875,17609.9520703125,15815.8874609375,0.04934233630730267,83.93590365115158,279.57757499366926,226.47291039037407,53.10466460329519,18651.872353376937,18054.12529296875,17456.378232560564,1.01927542916926,16855438,bull,hold
2024-06-20,18772.484375,18772.484375,18679.79279414631,18684.67129840177,429771,18100.95888671875,17639.71578125,15838.041958007812,0.052516355786987656,85.3528940592584,297.6810167421245,240.71453166072416,56.96648508140032,18765.942995735702,18100.95888671875,17435.974777701795,1.0049184478061948,17285209,bull,hold
2024-06-21,18723.6953125,18772.480344580512,18694.424293251694,18772.480344580512,395624,18142.913671875,17671.324453125,15859.759482421876,0.04691722048309943,81.48234749358632,304.58024370467683,253.4876740695147,51.092569635162135,18852.392997208353,18142.913671875,17433.43434654165,0.9093013142786901,16889585,bull,hold
2024-06-24,18694.427734375,18733.455767223382,18660.278205632665,18728.577263117335,399459,18189.9912109375,17699.4298046875,15881.185893554688,0.05303651817877664,79.16321030624307,304.1798854493609,263.6261163454839,40.55376910387696,18914.49349400578,18189.9912109375,17465.48892786922,0.8481262483405869,16490126,bull,hold
2024-06-25,18626.130859375,18635.887868730355,18567.588803242863,18631.00936405268,309960,18231.2146484375,17725.1965234375,15903.597846679688,0.046314144428446724,73.87897102665877,294.95159324990163,269.8912117263675,25.060381523534147,18956.466143670474,18231.2146484375,17505.963153204528,0.7722615627359997,16180166,bull,hold
2024-06-26,18728.578125,18743.213637991663,18704.185603347225,18713.942612008337,308320,18280.2435546875,17753.7902734375,15926.015366210937,0.055250063387424,76.42146597695339,292.5326095167111,274.4194912844362,18.11311823227487,19000.763646715568,18280.2435546875,17559.72346265943,0.8111187149900017,16488486,bull,hold
2024-06-27,18660.28125,18752.972843137257,18640.767230392157,18752.972843137257,283724,18325.8576171875,17775.5712109375,15947.729482421875,0.05140191852603104,71.42991945565598,281.8555056286932,275.9066941532876,5.948811475405591,19020.879718919194,18325.8576171875,17630.835515455805,0.7405848907389144,16204762,bull,hold
2024-06-28,18626.130859375,18767.607495027667,18626.130859375,18733.45796228392,300998,18368.30068359375,17798.0308203125,15968.235346679687,0.0477498148201454,69.00293578793139,267.5539770554169,274.2361507337135,-6.682173678296579,19026.854472391544,18368.30068359375,17709.746894795953,0.6957548344319195,15903764,bull,hold
2024-07-01,18596.859375,18626.130402347848,18557.8313385362,18626.130402347848,482436,18407.32880859375,17823.50390625,15988.281201171874,0.04381171381889648,66.90459326255925,250.9649803933862,269.58191666564807,-18.616936272261853,19021.418776529186,18407.32880859375,17793.238840658312,0.6543182402437302,15421328,bull,hold
2024-07-02,18679.794921875,18694.430436308437,18616.37435933011,18660.28090263042,304834,18445.869140625,17853.359140625,16009.103647460937,0.0430402113463888,69.7146912798321,241.72384452121332,264.01030223676116,-22.28645771554784,19025.820828514003,18445.869140625,17865.917452735997,0.7016769552835332,15726162,bull,hold
2024-07-03,18855.419921875,18860.2984263826,18762.728336230593,18762.728336230593,400921,18495.1421875,17890.033984375,16030.635317382812,0.05514623387561546,74.62766546801325,245.73892217667526,260.35602622474397,-14.617104048068711,19037.216439389947,18495.1421875,17953.067935610055,0.8323140078309267,16127083,bull,hold
2024-07-04,18816.392578125,18884.69164374433,18806.63556875081,18879.813139057234,613652,18541.487890625,17928.5544140625,16051.513413085937,0.05181336402234504,71.83873001389503,242.97090235201904,256.879001450199,-13.908099098179946,19023.698906445847,18541.487890625,18059.276874804156,0.7850460467312648,15513431,bull,hold
2024-07-05,18835.904296875,18840.782800966394,18767.605239595476,18811.511776418025,509506,18582.71142578125,17966.97875,16072.706225585938,0.04577485178143137,72.3941869154747,239.58981706373015,253.42116457290524,-13.831347509175089,19015.001417456475,18582.71142578125,18150.421434106025,0.7928507205459099,16022937,bull,hold
2024-07-08,18938.35546875,18938.35546875,18840.785373599305,18855.420887871907,425562,18625.6423828125,18006.479453125,16094.773212890625,0.04749068930221756,75.16420316103272,242.3831933884212,251.21357033600844,-8.83037694758724,19018.328155286454,18625.6423828125,18232.956610338548,0.8981721618883476,16448499,bull,hold
2024-07-09,18996.896484375,19045.68152927581,18987.139475394837,19006.653493355163,565433,18666.62177734375,18043.84390625,16117.157036132812,0.04508851716952211,76.60853567694907,246.47947302727334,250.26675087426142,-3.7872778469880757,19033.841271789846,18666.62177734375,18299.402282897652,0.9496965874992928,17013932,bull,hold
2024-07-10,19016.41015625,19070.073704664253,19011.531651848705,19021.288660651295,456331,18705.89365234375,18084.0303125,16139.566044921876,0.04308258888922922,77.08687581820489,248.4365722326147,249.90071514593208,-1.4641429133173745,19045.29516545,18705.89365234375,18366.492139237504,0.9574471413877329,17470263,bull,hold
2024-07-11,19133.49609375,19172.524132696966,19099.346559671405,19153.010113223485,392247,18744.43388671875,18122.570546875,16162.560483398438,0.041976672724437725,79.76120298092874,256.478914803949,251.2163550775355,5.262559726413514,19094.095439753473,18744.43388671875,18394.772333684028,1.0563411299506156,17862510,bull,hold
2024-07-12,18996.896484375,18996.896484375,18850.541349672574,18874.93387212298,607461,18771.5095703125,18156.329765625,16185.209716796875,0.029341774016642397,69.56065931257513,248.96022387916673,250.76512883786177,-1.8049049586950332,19111.168515497295,18771.5095703125,18431.850625127707,0.8317841576936474,17255049,bull,hold
2024-07-15,19167.64453125,19172.523035839273,19055.438925696744,19065.195934875286,432469,18807.3666015625,18192.430703125,16208.519663085937,0.03886834899707381,74.03132667525674,253.85328488392042,251.38276004707353,2.4705248368468915,19155.21850462923,18807.3666015625,18459.51469849577,1.017861087593917,17687518,bull,hold
2024-07-16,19240.82421875,19270.095249508748,19211.553187991252,19211.553187991252,513747,18839.076953125,18235.94703125,16231.64056640625,0.034085026034504695,75.6799486812236,260.63166062970413,253.23254016359965,7.399120466104478,19221.824646276204,18839.076953125,18456.329259973798,1.024819969935509,18201265,bull,hold
2024-07-17,19192.03515625,19304.240750706977,19192.03515625,19299.362246600154,527088,18864.93291015625,18279.5608984375,16255.506772460938,0.027690573825999154,72.38073151552432,259.08018751737836,254.40206963435543,4.678117883022935,19269.09600904955,18864.93291015625,18460.76981126295,0.9046661446696121,17674177,bull,hold
2024-07-18,19070.072265625,19074.95076965816,18987.13769706127,18992.01620109443,739733,18879.8123046875,18314.7836328125,16278.71490234375,0.015852344563477727,64.77834663188862,245.18293169555545,252.55824204659544,-7.375310351039985,19291.11427366223,18879.8123046875,18468.51033571277,0.7312898737292313,16934444,bull,hold
2024-07-19,18982.259765625,18992.01677398564,18938.35322800212,18977.38126144468,433562,18892.74052734375,18346.493828125,16301.411586914062,0.013809477713108365,59.90005850740149,224.49567506369203,246.9457286500148,-22.450053586322753,19299.834309314032,18892.74052734375,18485.64674537347,0.6099491594393652,16500882,bull,hold
2024-07-22,18865.17578125,18904.203814932443,18826.14774756756,18889.568302301526,581814,18901.2779296875,18374.9843359375,16323.884765625,0.009133633256985574,54.054873296878505,196.38932225310418,236.8344473706327,-40.445125117528505,19298.417915886548,18901.2779296875,18504.137943488455,0.45454732626771177,15919068,bull,hold
2024-07-23,18938.35546875,18996.897525840417,18909.08444020479,18992.01902108288,1473741,18916.88916015625,18402.791875,16347.688959960937,0.01676271962933451,56.88665940002626,177.9683163786758,225.06122117224132,-47.09290479356551,19293.557573075977,18916.88916015625,18540.220747236523,0.5284949677985405,17392809,bull,hold
2024-07-24,18816.392578125,18923.719681241088,18801.757064063713,18909.0841671798,1471552,18921.2798828125,18427.4771875,16371.0763671875,0.0046887944476563526,51.22052513804706,151.77854196703993,210.40468533120105,-58.62614336416112,19291.04965296328,18921.2798828125,18551.510112661723,0.3581721477059466,15921257,bull,hold
2024-07-25,18523.681640625,18587.10219931031,18474.896595482453,18548.074163196274,980722,18914.44990234375,18446.5033984375,16392.541787109374,-0.0073203403284717306,40.73404201693206,106.17965769049624,189.55967980306008,-83.38002211256384,19307.560451116817,18914.44990234375,18521.339353570682,0.002979170950294558,14940535,bull,hold
2024-07-26,18509.044921875,18533.437442857965,18406.59633374654,18455.381375712474,613903,18908.59560546875,18465.139296875,16414.392456054688,-0.006286111612979872,40.28984980042466,68.0764100215165,165.2630258467514,-97.1866158252349,19321.686246756046,18908.59560546875,18495.50496418145,0.016388603783608815,14326632,bull,hold
2024-07-29,18660.28125,18704.187794117646,18635.888725490197,18689.552279411764,418681,18911.76669921875,18485.141171875,16437.65074707031,0.0034103540668408705,46.75116102394417,49.51207508831067,142.11283569506324,-92.60076060675257,19316.117738448113,18911.76669921875,18507.41565998939,0.18902584039594772,14745313,bull,hold
2024-07-30,18645.595703125,18650.489560264927,18552.61241746637,18581.97556030594,467622,18910.05673828125,18503.77609375,16460.594331054686,-0.0018308133945277305,46.22804656827219,33.23163144305363,120.33659484466132,-87.10496340160769,19318.584932896672,18910.05673828125,18501.52854366583,0.17632462258179146,14277691,bull,hold
2024-07-31,18557.505859375,18596.656715618406,18503.673432040316,18547.71814531415,700744,18895.16103515625,18518.9905859375,16483.242241210937,-0.015799916614658738,43.11187318965454,13.070480009380844,98.88337187760523,-85.81289186822438,19331.359551902344,18895.16103515625,18458.962518410153,0.11295698768068868,13576947,bull,hold
2024-08-01,18674.962890625,18753.26462182259,18621.130450426655,18709.219898023945,2048274,18888.08955078125,18535.77359375,16505.1021484375,-0.007516301911367429,48.13240839811392,6.495546421643667,80.40580678641292,-73.91026036476926,19333.65174964109,18888.08955078125,18442.52735192141,0.26083399724929035,15625221,bull,hold
2024-08-02,18219.830078125,18396.008934641923,18200.25464962312,18342.17650626175,1504939,18857.28583984375,18542.478203125,16524.85528808594,-0.03270744048387475,35.17743854340222,-35.03666916899601,57.31731159533114,-92.35398076432716,19389.732722674926,18857.28583984375,18324.838957012573,-0.09860972265365676,14120282,bull,hold
2024-08-05,17471.072265625,17759.809874496674,17378.088967852767,17696.189723389354,2029280,18783.9216796875,18536.842109375,16540.33382324219,-0.0774768012748599,23.81914859525976,-126.90684398594749,20.47248047907542,-147.3793244650229,19587.024189195698,18783.9216796875,17980.819170179304,-0.3173610457689033,12091002,bull,hold
2024-08-06,17833.21484375,17847.896414697105,17471.069427054746,17471.069427054746,2629084,18725.73759765625,18537.4731640625,16557.767841796875,-0.06125640793916687,34.78665984158553,-168.5498027073627,-17.331976158212203,-151.2178265491505,19621.912321281285,18725.73759765625,17829.562874031217,0.0020375322035478607,14720086,bull,hold
2024-08-07,17882.158203125,17970.24765240148,17681.510013106355,17701.085446278907,1550840,18669.025,18540.156328125,16575.37419433594,-0.05964595545664608,36.12507708998561,-195.35094337704868,-52.9357696019795,-142.41517377506918,19625.942442648204,18669.025,17712.1075573518,0.08885335254345324,16270926,bull,hold
2024-08-08,17666.826171875,17686.401602536356,17549.373587906855,17564.055160902873,925313,18595.69150390625,18538.5328515625,16591.469584960938,-0.07665457032466172,32.92352244452697,-231.30025045869115,-88.60866577332183,-142.69158468536932,19621.319898735586,18595.69150390625,17570.063109076917,0.047172574046267915,15345613,bull,hold
2024-08-09,17867.47265625,18073.014658869146,17808.746369787386,18068.12080166393,455777,18539.2203125,18540.3369140625,16608.785346679688,-0.059453070613610715,38.401611496133896,-240.82377434221416,-119.05168748710031,-121.77208685511386,19594.22034718749,18539.2203125,17484.220277812514,0.1816361923395639,15801390,bull,hold
2024-08-12,18063.228515625,18087.69780377946,17945.775932483575,17955.56364774536,477643,18483.99951171875,18545.275546875,16627.658969726563,-0.05761876550999334,43.26952815729599,-229.92494217155763,-141.2263384239918,-88.69860374756584,19517.032891736577,18483.99951171875,17450.966131700923,0.29634201361117257,16279033,bull,hold
2024-08-13,18082.8046875,18087.69854533153,18038.759967016238,18063.229256173883,578600,18426.09853515625,18548.751875,16647.595576171876,-0.06018554704748669,43.74827651770367,-217.20411189202787,-156.421893117599,-60.782218774428856,19411.68597513551,18426.09853515625,17440.511095176986,0.32584302836515877,16857633,bull,hold
2024-08-14,18239.408203125,18278.55906591679,18185.57576678629,18278.55906591679,301223,18378.4671875,18556.140859375,16668.701254882813,-0.04963657816220557,47.56074153276437,-192.2698007468971,-163.59147464345864,-28.67832610343845,19301.47666482673,18378.4671875,17455.45771017327,0.4246708794487416,17158856,bull,hold
2024-08-16,18596.658203125,18655.3844921875,18572.188916015624,18635.8090625,433973,18354.796484375,18570.284453125,16692.17224609375,-0.024824974751320616,55.045807737016844,-142.04468744804035,-159.28211720437497,17.23742975633462,19228.617537870206,18354.796484375,17480.975430879796,0.6383931628693161,17592829,bull,hold
2024-08-19,18234.513671875,18562.40213564731,18185.575095192566,18562.40213564731,494279,18317.4091796875,18574.7460546875,16713.44646972656,-0.03939183758848852,47.62474438488111,-129.96480701506152,-153.41865516651228,23.453848151450757,19143.316891515802,18317.4091796875,17491.501467859198,0.44981551411537546,17098550,bull,hold
2024-08-20,18440.056640625,18479.20750398089,18307.922476798867,18376.436487671675,467961,18296.15322265625,18581.9524609375,16736.448120117188,-0.022534597374254228,51.612092123467804,-102.6228427069982,-143.25949267460948,40.63664996761128,19085.656304092678,18296.15322265625,17506.65014121982,0.5911354378167418,17566511,bull,hold
2024-08-21,18449.84765625,18474.316950223805,18303.03189240716,18361.7581979443,1321546,18271.72783203125,18587.4032421875,16759.764130859374,-0.025794626851633584,51.80033207615651,-79.25053503450545,-130.45770114658868,51.20716611208323,19008.727402977427,18271.72783203125,17534.728261085074,0.6208411993985797,18888057,bull,hold
2024-08-22,18488.9921875,18547.71847290233,18469.416759032556,18508.567615967444,482210,18255.3578125,18592.5636328125,16783.881401367187,-0.017399742765019655,52.59435502781213,-56.91311729924928,-115.7487843771208,58.83566707787152,18956.9312443808,18255.3578125,17553.784380619196,0.6665074277211911,19370267,bull,hold
2024-08-23,18454.736328125,18488.99333006,18420.479326190005,18469.417900382858,1808656,18251.910546875,18594.40453125,16807.585170898437,-0.003722009146863825,51.7902997841195,-41.49637005169643,-100.89830151203593,59.4019314603395,18948.83849789324,18251.910546875,17554.982595856756,0.6455141675360158,17561611,bull,hold
2024-08-26,18435.162109375,18444.949824856485,18337.28495456016,18400.905105189806,411770,18248.21640625,18594.0001171875,16830.222216796876,-0.003991713932936736,51.307615850861474,-30.506304956870736,-86.81990220100289,56.313597244132154,18940.420561020157,18248.21640625,17556.012251479846,0.6350365364298293,17149841,bull,hold
2024-08-28,18567.294921875,18572.18877926084,18396.009913370617,18425.373057685654,278726,18243.56708984375,18596.3359375,16853.350390625,-0.004983115038794006,54.39731209410841,-11.007695638054429,-71.6574608884132,60.64976525035877,18925.815475730175,18243.56708984375,17561.318703957324,0.7372507130307393,17428567,bull,hold
2024-08-29,18332.390625,18366.647628303523,18298.133621696477,18342.178340229577,532240,18227.9068359375,18590.85140625,16875.207143554686,-0.016797804860292365,48.50475226095466,-14.3443679094853,-60.19484229262763,45.85047438314233,18886.49199272071,18227.9068359375,17569.321679154295,0.5793244335879351,16896327,bull,hold
2024-08-30,18459.62890625,18459.62890625,18386.22105004805,18386.22105004805,170732,18223.01298828125,18586.5456640625,16898.257182617188,-0.0052742515005352875,51.56527038977386,-6.6450389294441266,-49.48488161999093,42.8398426905468,18873.128770338124,18223.01298828125,17572.897206224377,0.6819798292083684,17067059,bull,hold
2024-09-02,18616.234375,18660.27909355284,18562.401941213197,18562.401941213197,269878,18220.0765625,18583.4206640625,16921.654262695312,-0.003144772815290686,55.102201977122135,11.95566976066766,-37.19677134385922,49.15244110452688,18862.4852397786,18220.0765625,17577.667885221395,0.8083378435813015,17336937,bull,hold
2024-09-03,18655.38671875,18684.74986678581,18606.44813869032,18616.235854702256,237124,18241.85439453125,18582.0544921875,16944.8353515625,0.023905636812054265,55.967916181922185,29.51589151490407,-23.854238772106562,53.37013028701063,18911.698247266268,18241.85439453125,17572.01054179623,0.8086781512812802,17574061,bull,hold
2024-09-04,18229.619140625,18303.02700293624,18175.786708263422,18258.982285549497,790796,18279.78173828125,18572.7583203125,16965.83916015625,0.043417305101099535,45.65779168625131,8.97317136919446,-17.28875674384636,26.26192811304082,18849.119753585474,18279.78173828125,17710.443722977026,0.4559465587156991,16783265,bull,hold
2024-09-05,18161.107421875,18219.83371911631,18141.53198946123,18180.68285428877,357192,18296.1763671875,18563.4578515625,16986.54885253906,0.01838662187372897,44.24535365819043,-12.68913304831949,-16.368832004740987,3.679698956421497,18830.968813524676,18296.1763671875,17761.383920850327,0.37371834976578605,16426073,bull,hold
2024-09-06,17965.3515625,18131.742723798012,17965.3515625,18126.848866112778,351300,18300.33603515625,18548.1933203125,17005.09293457031,0.004652310891672062,40.39972375700708,-45.13227049881243,-22.12151970355528,-23.010750795257152,18823.34707858978,18300.33603515625,17777.324991722722,0.17975392024506512,16074773,bull,hold
2024-09-09,17955.564453125,17965.352168825804,17818.536433313744,17828.32414901455,577383,18314.77294921875,18534.098984375,17023.127880859374,0.016343528738040236,40.21154313070624,-70.81709323211544,-31.860634409267313,-38.95645882284813,18779.760468388005,18314.77294921875,17849.785430049495,0.11374393797116288,15497390,bull,hold
2024-09-10,18102.37890625,18170.892911302042,18082.80347623513,18170.892911302042,377706,18326.51826171875,18523.6239453125,17041.84845703125,0.013147144787588605,44.39566404152388,-78.4218031786404,-41.172868163141935,-37.24893501549847,18756.24878076531,18326.51826171875,17896.78774267219,0.2392094050405753,15875096,bull,hold
2024-09-11,18087.697265625,18205.149845271917,18019.183260830967,18180.680557845477,444748,18327.74169921875,18513.440703125,17060.76205078125,0.0013546166444626806,44.063573081736514,-84.65739850650425,-49.869774231814404,-34.78762427468985,18754.59662464211,18327.74169921875,17900.88677379539,0.21882199396472723,15430348,bull,hold
2024-09-12,18376.435546875,18391.117119881823,18327.496970185584,18337.284685523467,470845,18342.4232421875,18507.373515625,17081.04667480469,0.016238125912955148,51.71349086177629,-65.54482655817628,-53.004784697086784,-12.540041861089499,18754.513434694407,18342.4232421875,17930.33304968059,0.5412680346510931,15901193,bull,hold
2024-09-13,18361.7578125,18479.210421108743,18322.606942963754,18479.210421108743,321545,18348.54072265625,18497.5002734375,17101.572788085938,0.0067079813123562815,51.32919488411675,-50.994513083747734,-52.60273037441898,1.6082172906712486,18757.95613267212,18348.54072265625,17939.12531264038,0.51614141715286,15579648,bull,hold
2024-09-19,18626.021484375,18670.06620149517,18459.630330809905,18459.630330809905,363648,18350.00888671875,18493.6928515625,17122.887353515624,0.0015789547202123,57.458828956261364,-17.932698068641912,-45.66872391326357,27.736025844621658,18763.166258355246,18350.00888671875,17936.851515082257,0.8340284073390452,15943296,bull,hold
2024-09-20,18719.005859375,18738.58129033905,18689.642712928922,18689.642712928922,351045,18374.23349609375,18491.3548828125,17144.303520507812,0.026570063573852387,59.39652825357436,15.59235156505747,-33.416508817599365,49.008860382656835,18813.45509298492,18374.23349609375,17935.011899202582,0.8924811139998158,16294341,bull,hold
2024-09-23,18826.669921875,18870.714639654274,18733.686628785417,18733.686628785417,227018,18393.56416015625,18489.121171875,17166.01580078125,0.02096594868359891,61.57872633147367,50.269311659096275,-16.67934472226024,66.94865638135651,18874.702518102058,18393.56416015625,17912.42580221044,0.950084424330529,16521359,bull,hold
2024-09-24,18836.458984375,18856.03441589942,18777.732689801735,18826.671268612787,372750,18412.8947265625,18485.912421875,17187.316826171875,0.02095471655528991,61.77985701479161,77.64589436343886,2.18570309487958,75.46019126855927,18931.158206825086,18412.8947265625,17894.631246299912,0.9086379553484017,16894109,bull,hold
2024-09-25,18777.728515625,18797.30394279792,18723.896090899467,18767.940802038538,748804,18427.33154296875,18481.1387890625,17208.639077148437,0.01561666126508543,59.758633786674196,93.52487881141496,20.45353823818666,73.0713405732283,18968.834933833674,18427.33154296875,17885.828152103826,0.8235408850317387,16145305,bull,hold
2024-09-26,18875.607421875,18909.864422640654,18807.093420343692,18846.244278361584,308576,18448.37509765625,18475.981015625,17230.88669433594,0.022805586938058342,61.99050827402523,112.70787192522766,38.904404975594865,73.80346694963279,19024.130814792097,18448.37509765625,17872.619380520406,0.8710187424139341,16453881,bull,hold
2024-09-27,18684.75,18767.945586694605,18645.59913567313,18694.53771608172,484103,18460.8544921875,18469.7380859375,17252.325361328127,0.013538687055975274,55.52383212309159,111.22776880869787,53.36907774221547,57.85869106648241,19045.671905525105,18460.8544921875,17876.037078849895,0.6914234278137413,15969778,bull,hold
2024-09-30,18503.67578125,18601.55293428491,18454.737204732544,18591.76521898142,422102,18457.67353515625,18456.4587109375,17272.834428710936,-0.0034264086875707145,50.175928376273156,94.35592391615864,61.566446977004105,32.78947693915454,19040.83024868815,18457.67353515625,17874.516821624347,0.5394424389073197,15547676,bull,hold
2024-10-02,18537.931640625,18640.702644968485,18518.35621122624,18581.976356772208,381468,18467.9505859375,18442.400859375,17292.521708984375,0.01121190464623334,51.134813629274554,82.79462198278998,65.81208197816129,16.98254000462869,19049.15484661487,18467.9505859375,17886.746325260126,0.5602034942121219,15929144,bull,hold
2024-10-04,18758.154296875,18792.41129663449,18694.53415446452,18714.109582898513,506754,18482.87685546875,18433.7232421875,17313.092119140623,0.016171798043238317,56.880161887837,90.36071273889684,70.7218081303084,19.638904608588433,19077.634795507274,18482.87685546875,17888.118915430223,0.7314197279891885,16435898,bull,hold
2024-10-07,19090.9375,19120.300644065625,19037.105069213023,19066.468213278647,591481,18506.61201171875,18434.140546875,17335.27799316406,0.025499417091433108,63.8055332449899,121.80561813625536,80.9385701314978,40.867048004757564,19156.130510725874,18506.61201171875,17857.093512711624,0.949814354151937,17027379,bull,hold
2024-10-08,18973.484375,18993.059803810935,18914.758088567192,18983.27208940547,215325,18522.51689453125,18433.9650390625,17356.489072265624,0.01705124964953364,60.13458608918841,135.68436175941315,91.88772845708087,43.79663330233228,19200.77171197973,18522.51689453125,17844.26207708277,0.8324469424081935,16812054,bull,hold
2024-10-10,19291.5859375,19296.479794916922,19227.965791080038,19242.647363330798,315043,18575.615234375,18442.4932421875,17379.121108398438,0.05825501831293822,65.8629622877868,170.38738397973066,107.58765956161082,62.79972441811984,19317.159219811692,18575.615234375,17834.071248938308,0.9827567326996576,17127097,bull,hold
2024-10-11,19262.220703125,19296.477701326698,19213.282134265435,19291.58384444074,282618,18630.6708984375,18448.970546875,17402.04229980469,0.06063029393921826,64.93534515826447,193.2920991141109,124.72854747211085,68.56355164200005,19403.77182740775,18630.6708984375,17857.56996946725,0.908452364381911,16844479,bull,hold
2024-10-14,19453.083984375,19482.44713001179,19350.312974646225,19350.312974646225,409743,18705.05751953125,18461.704375,17425.045844726563,0.08281120559758048,68.08191861873078,224.26019068248206,144.6348761141851,79.62531456829697,19493.913819381523,18705.05751953125,17916.201219680974,0.9741208664909737,17254222,bull,hold
2024-10-15,19707.564453125,19746.71531372222,19604.7934440573,19604.7934440573,547331,18792.65751953125,18485.38203125,17449.128022460936,0.09757420907450665,71.72513971662298,266.26770505163586,168.96144190167524,97.30626314996061,19617.433416897304,18792.65751953125,17967.881622165198,1.0546397127483553,17801553,bull,hold
2024-10-16,19570.537109375,19634.157260018128,19550.961678407883,19614.58182905101,531368,18866.0654296875,18506.611875,17471.87109375,0.08110305340134638,67.2724401055437,285.2142292861354,192.21199937856727,93.00222990756811,19693.363933403267,18866.0654296875,18038.766925971733,0.9257663204535022,17270185,bull,hold
2024-10-17,19736.927734375,19736.927734375,19614.581294166874,19614.581294166874,274096,18948.526953125,18528.1448046875,17495.5430078125,0.09117968111310115,69.72982520666547,310.08139380847933,215.7858782645497,94.29551554392964,19777.823060579834,18948.526953125,18119.23084567017,0.9753433509230225,17544281,bull,hold
2024-10-18,19761.39453125,19800.545387181155,19746.712960275818,19766.288388241395,301605,19017.77490234375,18550.46078125,17519.337255859376,0.07536602954594862,70.0855171600321,327.9822911899937,238.2251608496385,89.75713034035519,19875.238571806236,19017.77490234375,18160.311232881264,0.9336158226810934,17845886,bull,hold
2024-10-21,19898.42578125,19898.42578125,19795.65476762328,19795.65476762328,568265,19094.60830078125,18577.2791796875,17543.574443359375,0.08368850000319106,72.06535429380489,349.2007886690735,260.4202864135255,88.78050225554802,19978.1624698374,19094.60830078125,18211.054131725097,0.9548773061234164,18414151,bull,hold
2024-10-22,19898.42578125,19966.939790334483,19878.850350083005,19908.213496833498,420441,19158.228515625,18601.7484375,17567.10922363281,0.06831326260105497,72.06535429380489,361.8454714385007,280.70532341852055,81.14014801998013,20080.067780458587,19158.228515625,18236.389250791413,0.9014784864683665,18834592,bull,hold
2024-10-23,19947.365234375,19981.622240420296,19908.214370323232,19908.214370323232,380823,19219.646484375,18636.299140625,17590.9129296875,0.06562097283520019,72.81069515329324,371.5326810206643,298.8707949389493,72.66188608171501,20179.1583428065,19219.646484375,18260.1346259435,0.879213004823928,19215415,bull,hold
2024-10-24,19810.3359375,19829.91136826828,19761.3973605793,19805.44207980793,405562,19268.82978515625,18683.0844140625,17614.51591308594,0.052248539954592,67.38894592602236,363.95727246941897,311.88809044504325,52.06918202437572,20243.449561499554,19268.82978515625,18294.210008812945,0.7778037987159662,18809853,bull,hold
2024-10-25,19942.466796875,19947.36065375767,19780.969519746934,19800.54494727761,369314,19324.13017578125,18725.269453125,17638.634213867186,0.0587163337555876,69.72960344415668,364.41481554927304,322.3934354658892,42.02138008338386,20319.629868631127,19324.13017578125,18328.630482931374,0.8105659527245056,19179167,bull,hold
2024-10-28,19962.046875,20050.136319410394,19942.4714429088,19986.516165113997,508763,19383.34609375,18766.8672265625,17662.8988671875,0.06307037394802717,70.07240259185647,362.1823576354909,330.35121989980956,31.831137735681352,20382.680935974964,19383.34609375,18384.011251525033,0.7895429823909448,19687930,bull,hold
2024-10-29,19947.365234375,19947.365234375,19815.23106820029,19918.002086336175,391156,19436.933984375,18812.4780078125,17686.872114257814,0.0567800436057988,69.43742256146898,355.1346616402443,335.30790824789653,19.82675339234777,20436.55755613241,19436.933984375,18437.310412617586,0.7553117315464186,19296774,bull,hold
2024-10-31,19721.525390625,19800.077645105954,19696.9778110997,19785.349097390776,387946,19488.77275390625,18849.5590625,17709.788828125,0.05548778499177143,60.37433678067237,327.55012981615437,333.7563525615481,-6.206222745393745,20432.98700794991,19488.77275390625,18544.558499862593,0.6232520244859528,18908828,bull,hold
2024-11-01,19476.05078125,19500.59836226998,19343.493843742122,19422.04610300605,515625,19537.39150390625,18877.8155078125,17731.066416015627,0.052550369531729535,52.37271078319525,282.62353200023426,323.5297884492854,-40.906256449051114,20366.870006788224,19537.39150390625,18707.913001024273,0.4630245253836454,18393203,bull,hold
2024-11-04,19446.59375,19480.96036354456,19358.222458028275,19476.050847323906,527285,19582.824609375,18905.0912890625,17752.487373046875,0.04901636962473788,51.49080410656926,241.8540009393255,307.1946309472934,-65.34063000796789,20276.829480549575,19582.824609375,18888.819738200422,0.4018516547697763,17865918,bull,hold
2024-11-06,20202.65625,20256.660920413124,19613.514390947752,19667.519061360876,945715,19655.04970703125,18944.35625,17777.858173828125,0.07700661431096378,66.89803904878647,267.4685677612433,299.24941831008334,-31.78085054884002,20288.76804349346,19655.04970703125,19021.331370569038,0.9320583068700632,18811633,bull,hold
2024-11-07,20487.41015625,20546.324347928647,20423.58644859813,20438.31499651779,691405,19724.87333984375,18982.1712890625,17804.70119140625,0.07314845885645993,70.67571527391475,307.20429704894195,300.84039405785506,6.3639029910868885,20400.904284573575,19724.87333984375,19048.842395113927,1.0639807041014944,19503038,bull,hold
2024-11-08,20462.865234375,20482.50330081874,20394.13200182192,20472.68426759687,566479,19799.3423828125,19026.7383203125,17831.30037109375,0.07849801491061137,69.93484651119817,332.8773755487164,307.24779035602734,25.629585192689035,20455.72993355562,19799.3423828125,19142.954832069383,1.0054352804309756,18936559,bull,hold
2024-11-11,20698.521484375,20732.888099742795,20654.33583604498,20664.154869007205,760005,19869.68916015625,19071.9076171875,17858.08478515625,0.072930009561325,72.87483391234743,367.99692564912766,319.3976174146474,48.59930823448025,20591.624912301842,19869.68916015625,19147.753408010656,1.0740346850502007,19696564,bull,hold
2024-11-12,20791.80078125,20806.529329619243,20713.248523280694,20713.248523280694,460496,19946.1681640625,19118.7466796875,17885.117592773437,0.07940829365935209,73.96028259382395,398.7596290323636,335.2700197381907,63.48960929417291,20716.914206002195,19946.1681640625,19175.422122122804,1.0485805772413324,20157060,bull,hold
2024-11-13,20737.796875,20831.077684807056,20723.068326083096,20791.80155436198,444997,20010.40380859375,19163.7227734375,17911.638173828123,0.06604160510780188,72.15992992670247,414.0091889732794,351.0178535852084,62.99133538807098,20819.263123058776,20010.40380859375,19201.544494128724,0.9496412746927091,19712063,bull,hold
2024-11-14,20816.34765625,20831.07620411999,20737.795400943396,20772.162012640038,348862,20065.84296875,19210.955,17938.817944335937,0.056261807782604034,73.18248696526001,427.50495564808807,366.31527399778435,61.189681650303726,20933.901809354924,20065.84296875,19197.784128145075,0.9322890640552639,20060925,bull,hold
2024-11-15,20443.224609375,20673.971861209924,20443.224609375,20654.333797223975,642371,20109.47734375,19251.11625,17963.575004882812,0.04459190338633845,61.60712881754096,403.44190921071277,373.74060104037005,29.701308170342713,20961.139317596273,20109.47734375,19257.81536990373,0.6959388089841156,19418554,bull,hold
2024-11-18,20281.208984375,20291.02801559474,20168.29012534798,20291.02801559474,851377,20136.69140625,19285.39453125,17987.231337890626,0.027576797023583843,57.36427298016427,367.0671430935581,372.4059094510077,-5.338766357449572,20973.65341607719,20136.69140625,19299.72939642281,0.5863346104292348,18567177,bull,hold
2024-11-19,20276.302734375,20310.669349179025,20241.936119570975,20291.031283576725,451840,20162.43681640625,19324.2727734375,18010.354501953127,0.026056268564991214,57.235723022809815,333.9939115989946,364.7235098806051,-30.729598281610492,20983.157729402097,20162.43681640625,19341.715903410404,0.5693694507875453,18115337,bull,hold
2024-11-20,20369.583984375,20413.76963293113,20315.5793028064,20349.945918350055,424187,20185.9947265625,19362.471875,18033.67763671875,0.02367816471034434,59.1118295230937,311.71687653517074,354.12218321151823,-42.40530667634749,21002.085739261245,20185.9947265625,19369.903713863758,0.61248087220406,18539524,bull,hold
2024-11-21,20389.21875,20482.499548519143,20345.033108596195,20482.499548519143,543252,20210.534375,19397.9315625,18056.008999023437,0.024664914408076832,59.514446866999435,292.2773360474457,341.75321377870375,-49.47587773125804,21020.050640867903,20210.534375,19401.018109132096,0.6103649071266212,19082776,bull,hold
2024-11-22,20600.326171875,20610.145202462165,20536.50247305842,20556.140534232753,408350,20243.182421875,19436.8303515625,18079.686552734376,0.03273419470831973,63.65794156045882,290.5566090793109,331.5138928388252,-40.957283759514326,21060.243579018366,20243.182421875,19426.121264731635,0.7185538664257742,19491126,bull,hold
2024-11-25,20752.5234375,20752.5234375,20664.152152457416,20727.975858321504,505744,20290.291796875,19487.2884375,18103.471123046875,0.047560399933273434,66.33314771350322,298.0383671560812,324.81878770227644,-26.780420546195217,21110.734482193922,20290.291796875,19469.84911155608,0.7816964846516494,19996870,bull,hold
2024-11-26,20664.15234375,20752.523629610656,20629.785732581968,20752.523629610656,488962,20326.37607421875,19537.3493359375,18126.983383789062,0.03618837901177252,63.414225712961475,293.4541488583236,318.5458599334859,-25.091711075162266,21145.934366950012,20326.37607421875,19506.81778148749,0.7060721443044491,19507908,bull,hold
2024-11-27,20777.0703125,20811.436922185138,20742.703702814862,20747.61321848417,777576,20367.12724609375,19593.5837109375,18151.060234375,0.0408286506190263,65.50308711828734,295.5260192220958,313.94189179120787,-18.415872569112082,21191.20920157582,20367.12724609375,19543.04529061168,0.7487271221503943,20285484,bull,hold
2024-11-28,20713.248046875,20723.067078895325,20644.514822732726,20649.42433874289,344672,20405.42138671875,19648.7373828125,18174.527329101562,0.03839518670767439,63.303119294102245,288.6902267310652,308.8915587791793,-20.201332048114125,21219.03382331039,20405.42138671875,19591.80895012711,0.6891727844314842,19940812,bull,hold
2024-11-29,20727.974609375,20772.160249233923,20678.8794539762,20718.15557829524,352636,20455.74384765625,19701.249296875,18197.873515625,0.05103303110764612,63.60684955588139,281.2194002582546,303.35712707499437,-22.137726816739757,21216.730816185896,20455.74384765625,19694.756879126602,0.6788669011275881,20293448,bull,hold
2024-12-02,20855.623046875,20899.808688923462,20772.161278561234,20772.161278561234,413463,20524.7224609375,19756.6078125,18221.857944335938,0.07083429187569901,66.21694638137765,282.34419048315976,299.15453975662746,-16.810349273467693,21157.249095816864,20524.7224609375,19892.195826058138,0.7615704760010694,20706911,bull,hold
2024-12-03,20963.634765625,20998.00137999488,20924.35863491657,20958.725249286446,594472,20600.57451171875,19808.351796875,18247.403735351563,0.07801062927151436,68.28938505017965,288.6241582179682,297.04846344889563,-8.424305230927416,21028.514119809202,20600.57451171875,20172.6349036283,0.9241956657462644,21301383,bull,hold
2024-12-04,21101.09765625,21199.287966423337,21047.092985654665,21110.916687267334,803307,20645.49658203125,19863.13859375,18272.8587109375,0.04447144945358361,70.74876835360257,301.2208973396191,297.88295022704034,3.3379471125787745,21085.379786539455,20645.49658203125,20205.613377523045,1.0178659579968703,22104690,bull,hold
2024-12-05,21272.931640625,21287.660187802907,21199.28890473546,21204.198420461427,921793,20684.77265625,19916.076796875,18298.44335449219,0.03834166829209318,73.51408465776998,321.3649749225151,302.5793551661353,18.785619756379788,21195.71637186995,20684.77265625,20173.82894063005,1.075561423298223,23026483,bull,hold
2024-12-06,21297.478515625,21439.85446697427,21223.835782168484,21258.202391114857,572733,20726.5033203125,19967.64625,18324.393896484376,0.040786726183777766,73.8937638125016,335.44324824332944,309.15213378157415,26.291114461755285,21291.596941303735,20726.5033203125,20161.409699321262,1.0052040707086274,23599216,bull,hold
2024-12-09,21626.416015625,21641.144562287172,21454.582971232976,21474.221033449205,980138,20772.898046875,20023.641171875,18351.86754394531,0.0448290247180434,78.3686948855526,368.8905478736742,321.0998165999942,47.790731273680024,21460.308326898652,20772.898046875,20085.48776685135,1.1208213592038754,24579354,bull,hold
2024-12-10,21341.6640625,21425.125826719577,21326.935515873014,21415.306795634922,805204,20800.3912109375,20073.7452734375,18377.236557617187,0.026446159571991812,67.57079870464376,368.1765607493144,330.51516542985826,37.66139531945612,21531.237905008253,20800.3912109375,20069.54451686675,0.8703053293897088,23774150,bull,hold
2024-12-11,21385.8515625,21420.218174285466,21331.84688683712,21371.12301459194,607216,20832.7939453125,20125.907734375,18402.38880859375,0.031249929363579065,68.30069913546211,366.94635362055124,337.8014030679969,29.14495055255435,21605.908617224948,20832.7939453125,20059.679273400052,0.8576814910389718,24381366,bull,hold
2024-12-12,21508.587890625,21547.86401551087,21449.673703296194,21479.130796960595,661666,20867.40595703125,20178.56734375,18428.762666015624,0.03325464417708068,70.30027624316966,371.59172345704064,344.5594671458056,27.032256311235017,21694.569620235117,20867.40595703125,20040.24229382738,0.8875786389783185,25043032,bull,hold
2024-12-13,21459.494140625,21479.132204354697,21425.127529098034,21464.403656557424,720811,20918.21943359375,20234.0622265625,18454.210200195314,0.04971180186436697,68.44058874028529,367.08028417272726,349.06363055118993,18.01665362153733,21759.646440774857,20918.21943359375,20076.79242641264,0.821640916212443,24322221,bull,hold
2024-12-16,21469.314453125,21533.13816405357,21366.214612394237,21430.038323322806,679141,20977.62470703125,20293.375,18479.220483398436,0.05858158996662066,68.6194135539719,360.145816395303,351.28006772001254,8.865748675290433,21798.275755889827,20977.62470703125,20156.973658172672,0.7995729712267045,25001362,bull,hold
2024-12-17,21567.5,21601.866605964035,21508.585818347372,21533.133394035965,409553,21042.1845703125,20353.9663671875,18504.940551757812,0.0636801138027987,70.42387301374002,358.4410682703092,352.7122678300719,5.728800440237308,21834.659371545968,21042.1845703125,20249.709769079032,0.8314398318216929,25410915,bull,hold
2024-12-18,21498.7734375,21513.5019874686,21474.225854219,21503.6829541562,698597,21098.64404296875,20408.77875,18530.462875976562,0.055435076827841545,67.49810817197961,347.53818007243535,351.6774502785446,-4.139270206109245,21851.29402235277,21098.64404296875,20345.99406358473,0.7658137284868607,24712318,bull,hold
2024-12-19,21061.822265625,21086.369844023164,21022.546140187937,21061.822265625,1495437,21132.27421875,20448.1964453125,18554.33542480469,0.03298819458813251,52.550027629253165,300.1789783994791,341.3777559027315,-41.198777503252415,21811.665384405733,21132.27421875,20452.88305309427,0.4481506702718145,23216881,bull,hold
2024-12-20,20998.0,21047.09516015899,20904.71919569792,21022.547580079496,851530,21152.15791015625,20488.6867578125,18577.45115234375,0.019304249107857885,50.78106119266335,254.56211284061646,324.0146272903085,-69.45251444969205,21790.12583998083,21152.15791015625,20514.18998033167,0.37918051758601895,22365351,bull,hold
2024-12-23,21405.490234375,21410.3997504838,21263.114267219753,21263.114267219753,663014,21184.80625,20530.96484375,18601.33986328125,0.03146445292985822,60.03205058005322,248.42775410116155,308.89725265247915,-60.4694985513176,21804.187662425513,21184.80625,20565.42483757449,0.6781486979975676,23028365,bull,hold
2024-12-24,21498.7734375,21503.6829541562,21415.3116543446,21459.4973042504,661276,21226.5373046875,20575.6958984375,18625.8408984375,0.040389805488558306,61.80202584011658,248.23194218590652,296.76419055916466,-48.53224837325814,21811.487209639672,21226.5373046875,20641.587399735326,0.7327003821248245,23689641,bull,hold
2024-12-26,21881.7109375,21886.620453079428,21749.15401685551,21754.063532434935,812469,21281.7693359375,20624.2684375,18652.524091796877,0.053166332326238575,68.05597199323907,275.7973950479027,292.5708314569123,-16.773436409009605,21894.47682292692,21281.7693359375,20669.06184894808,0.9895823980463767,24502110,bull,hold
2024-12-27,21837.52734375,22166.464918397312,21837.52734375,21881.71298810561,1038452,21337.98330078125,20666.8676953125,18678.621611328126,0.054278271294328384,66.6990610346041,290.7266524036204,292.2019956462539,-1.475343242633528,21937.90040060852,21337.98330078125,20738.066200953977,0.9163442274879152,23463658,bull,hold
2024-12-30,21734.427734375,21768.79434701124,21616.599348193613,21768.79434701124,675704,21388.30595703125,20710.1455078125,18704.39818359375,0.04855530479783554,63.51667032203642,290.885769499655,291.9387504169341,-1.0529809172791147,21942.185515061883,21388.30595703125,20834.42639900062,0.8124522040264637,22787954,bull,hold
2025-01-02,21454.583984375,21474.222047518593,21400.579310730118,21474.222047518593,1443641,21418.25400390625,20744.4986328125,18727.8028515625,0.028719397936651347,55.74235162158493,265.3717783982647,286.62535601320025,-21.253577614935523,21915.5701624864,21418.25400390625,20920.9378453261,0.5365260406704575,21344313,bull,hold
2025-01-03,21361.306640625,21361.306640625,21287.6638919214,21336.7590577238,1368181,21438.13759765625,20776.496875,18750.7411328125,0.018969605197094896,53.39633384713177,234.91707671314725,276.28370015318967,-41.36662344004242,21890.96736970874,21438.13759765625,20985.30782560376,0.4151657402261719,19976132,bull,hold
2025-01-06,21601.869140625,21670.602360617897,21552.773983487215,21562.59301491477,778748,21463.176171875,20810.5657421875,18775.465849609376,0.02373201112723522,58.27377007884198,227.56960870671173,266.54088186389407,-38.97127315718234,21893.512669134343,21463.176171875,21032.839674615654,0.6611447897555589,20754880,bull,hold
2025-01-07,21454.583984375,21680.421710526316,21405.48882651602,21611.68848952374,1152936,21472.2587890625,20841.68890625,18799.381181640623,0.00853913070463208,54.512104354346576,207.47041636598078,254.72678876431144,-47.256372398330655,21893.727286030713,21472.2587890625,21050.790292094287,0.4790318792333926,19601944,bull,hold
2025-01-08,21322.02734375,21331.846375453315,21214.017995013528,21312.208312046685,877099,21473.48623046875,20869.1821484375,18822.4148828125,0.0011526635938141627,51.30235181424869,178.78453176009498,239.53833736346817,-60.753805603373195,21893.050213816437,21473.48623046875,21053.92224712106,0.3195044227697258,18724845,bull,hold
2025-01-09,21341.6640625,21361.302124669313,21243.47375165344,21322.026000330687,646580,21459.2486328125,20899.8087109375,18846.7869140625,-0.013166858203378151,51.75553957378757,155.83886717702262,222.7984433261791,-66.95957614915648,21876.40689094783,21459.2486328125,21042.090374677173,0.3590647937330821,19371425,bull,hold
2025-01-10,21371.123046875,21371.123046875,21199.289987688087,21302.389823200236,528231,21460.72158203125,20928.3818359375,18870.96580078125,0.0013803508615226612,52.47015131681574,138.435557585708,205.9258661780849,-67.49030859237689,21876.414174648857,21460.72158203125,21045.02898941364,0.3922298150755486,19899656,bull,hold
2025-01-13,21120.73828125,21253.29521606956,21076.55263631015,21223.838119442993,672179,21447.46591796875,20951.5556640625,18893.065986328125,-0.012396667042937626,46.20557265820374,103.24915927956681,185.3905247983813,-82.1413655188145,21888.02704430118,21447.46591796875,21006.904791636323,0.12919148196450597,19227477,bull,hold
2025-01-14,21199.287109375,21223.83468592592,21120.734864412054,21174.739532824082,610461,21432.00087890625,20976.5941015625,18915.340078125,-0.014380338812703508,48.291309820765,80.77084308637859,164.46658845598077,-83.69574536960218,21884.448446477563,21432.00087890625,20979.553311334934,0.24282791398301834,19837938,bull,hold
2025-01-15,21125.646484375,21145.284547572188,21081.46084218133,21145.284547572188,600102,21415.30849609375,21004.6765234375,18936.92986328125,-0.015557107453804897,46.472123236163675,56.364695435466274,142.84620985187786,-86.48151441641158,21886.703962710788,21415.30849609375,20943.91302947671,0.19276113981589332,19237836,bull,hold
2025-01-16,21459.494140625,21464.403656557424,21341.665758246825,21410.39898130076,555679,21414.81748046875,21044.345390625,18960.115927734376,-0.00045741155459066984,54.78750645390402,63.23245893762214,126.92345966902671,-63.69100073140457,21886.007322378864,21414.81748046875,20943.62763855864,0.5474083439226299,19793515,bull,hold
2025-01-17,21454.583984375,21454.583984375,21336.755605513445,21400.579310730118,703241,21409.1716796875,21084.5051953125,18982.742470703124,-0.005235470760403427,54.65302940945287,67.50089412947636,115.03894656111665,-47.53805243164028,21875.59021648244,21409.1716796875,20942.75314289256,0.548681925250609,19090274,bull,hold
2025-01-20,21533.1328125,21650.96117262312,21469.30911743331,21641.142142612858,680525,21410.8896484375,21111.1147265625,19005.29974609375,0.0015982016415907463,56.49277221593261,76.34187216008286,107.2995316809099,-30.957659520827036,21878.866168455803,21410.8896484375,20942.913128419197,0.6306082237392155,19770799,bull,hold
2025-01-21,21395.669921875,21484.041206545433,21253.293963239303,21464.403143285337,957865,21427.58203125,21129.279921875,19027.07244140625,0.01585084386524671,52.48009786579344,71.43287082753523,100.12619951023497,-28.693328682699743,21867.5413488911,21427.58203125,20987.6227136089,0.4637328860926267,18812934,bull,hold
2025-01-22,21562.59375,21577.32229764344,21434.946337090165,21503.67955942623,786548,21455.81171875,21151.2744921875,19048.609814453124,0.02688797742642146,56.518955493296794,80.0885982854852,96.11867926528502,-16.03008097979982,21852.18783896819,21455.81171875,21059.435598531807,0.6346978612021591,19599482,bull,hold
2025-01-23,21621.5078125,21646.055391760332,21596.960233239668,21631.326844204134,592872,21466.61259765625,21169.73421875,19070.58767578125,0.010091690298131839,57.879648983398,90.65715785184875,95.02637498259779,-4.3692171307490355,21868.64739898258,21466.61259765625,21064.577796329922,0.6926390630024366,20192354,bull,hold
2025-01-24,21651.052734375,21754.457807702696,21616.5843765991,21695.369194372583,792148,21474.2265625,21186.9192578125,19092.8834765625,0.007083162084464911,58.57968802666346,100.26109819898193,96.07331962587462,4.187778573107309,21884.100763344126,21474.2265625,21064.352361655874,0.715707858058437,20984502,bull,hold
2025-01-31,21882.48046875,21931.720973855197,21710.138700881806,21710.138700881806,986247,21474.2650390625,21209.8129296875,19115.8257421875,3.516778245526986e-05,63.672761147950844,125.10444795728472,101.87954529215665,23.22490266512807,21884.292357439794,21474.2650390625,21064.237720685203,0.9977905268642047,21970749,bull,hold
2025-02-03,21503.333984375,21651.055536820902,21459.01751864123,21591.966915842542,1224002,21457.55537109375,21223.55265625,19136.629111328126,-0.015303626372820456,52.321952530754174,112.89761556185113,104.08315934609556,8.81445621575557,21832.76551236942,21457.55537109375,21082.34522981808,0.5610039658384616,20746747,bull,hold
2025-02-04,21651.052734375,21784.00211436775,21616.5843765991,21700.293245483426,969639,21453.38662109375,21247.70921875,19157.51453125,-0.0038360798369737603,55.63996683574532,113.83110738239338,106.03274895335512,7.7983584290382595,21817.899612658424,21453.38662109375,21088.873629529073,0.7711372678827819,21716386,bull,hold
2025-02-05,21478.708984375,21690.443162808773,21478.708984375,21660.898858841272,1116287,21454.59287109375,21271.65921875,19177.489609375,0.0011244683195708038,51.16606540112578,99.51703564769196,104.7296062922225,-5.212570644530544,21819.273359389797,21454.59287109375,21089.912382797706,0.5330647156280969,20600099,bull,hold
2025-02-06,21759.380859375,21774.153012029023,21665.82389256619,21665.82389256619,1016050,21474.49658203125,21301.32078125,19199.28142578125,0.01863529349805515,57.20159244540254,109.55798901055823,105.69528283588964,3.8627061746685882,21859.523733162965,21474.49658203125,21089.469430899535,0.8699534909504253,21616149,bull,hold
2025-02-07,21754.458984375,21803.699498146787,21729.838727489107,21764.307087129357,712339,21482.12607421875,21329.01828125,19221.99697265625,0.007063733362917102,57.068392058451124,115.78368051695725,107.71296237210318,8.07071814485407,21882.680822178532,21482.12607421875,21081.57132625897,0.8399446786530079,20903810,bull,hold
2025-02-10,21695.3671875,21779.076048641058,21680.59503553393,21754.455795364276,1141053,21494.165234375,21355.14125,19244.052314453125,0.011222925753319624,55.40040898991402,114.62801137077986,109.09597217183853,5.532039198941334,21905.026502615445,21494.165234375,21083.303966134554,0.7448538821713083,19762757,bull,hold
2025-02-11,21749.53125,21779.075553260132,21734.759098369934,21749.53125,1607081,21515.5404296875,21378.1253515625,19267.083662109377,0.020049871400962704,56.65107977037852,116.73705037168475,110.62418781180777,6.112862559876973,21932.787904875826,21515.5404296875,21098.29295449917,0.7803981260843917,21369838,bull,hold
2025-02-12,21803.697265625,21843.089672608963,21769.22890951403,21808.621316497996,855707,21538.64208984375,21399.148828125,19289.65634765625,0.02164935226100062,57.92185589722627,121.38003031830158,112.77535631310654,8.604674005195037,21965.866835088425,21538.64208984375,21111.417344599075,0.810205785984436,22225545,bull,hold
2025-02-13,21710.142578125,21823.395760092993,21705.218526735087,21788.927400363602,2176990,21555.59306640625,21420.0686328125,19311.5180859375,0.015863440143337293,54.92684267607145,116.17139246658189,113.45456354380163,2.716828922780266,21981.78738601692,21555.59306640625,21129.39874679558,0.6813134345149543,20048555,bull,hold
2025-02-14,21843.087890625,21887.404344866573,21793.847385912137,21793.847385912137,1103907,21591.710546875,21441.388984375,19334.239072265624,0.034200963988852084,58.23199985104953,121.37198440649445,115.0380477163402,6.333936690154246,21985.581879219237,21591.710546875,21197.839214530766,0.8191109927369632,21152462,bull,hold
2025-02-17,21838.166015625,21852.938168510427,21793.849556968715,21833.24196466319,1032979,21623.6544921875,21463.88734375,19355.57373046875,0.03013681087263853,58.06224967673799,123.67073752857686,116.76458567878754,6.906151849789325,21987.525063448233,21623.6544921875,21259.783920926766,0.7947634961165784,20119483,bull,hold
2025-02-18,21892.330078125,21902.17817982456,21823.39336622807,21833.24146792763,1118219,21661.988671875,21487.174453125,19377.51962890625,0.03629160387195984,59.462703019160365,128.38318171222272,119.08830488547457,9.294876826748151,21964.244646550545,21661.988671875,21359.73269719945,0.8810369778418089,21237702,bull,hold
2025-02-19,21833.2421875,21897.254850656856,21828.318136487935,21862.786493572396,1598733,21680.67607421875,21506.7268359375,19400.069814453123,0.017416442551059896,57.21795406152463,125.89864748473701,120.45037340532707,5.448274079409941,21976.693885316654,21680.67607421875,21384.658263120848,0.757697522854107,19638969,bull,hold
2025-02-20,21788.92578125,21892.330852754236,21784.001730225988,21872.634648658193,3415579,21697.3931640625,21523.23265625,19423.07927734375,0.015583699833960685,55.52493471917585,118.98212076822165,120.15672287790599,-1.1746021096843435,21977.801390247663,21697.3931640625,21416.98493787734,0.6632131454072551,16223390,bull,hold
2025-02-21,21700.29296875,21739.68537713439,21655.976509317563,21729.83727503829,1701324,21705.751171875,21535.2165625,19446.472353515626,0.007762927842666967,52.19833227850802,105.136844186698,117.1527471396644,-12.0159029529664,21975.852518203174,21705.751171875,21435.649825546825,0.4898960090366089,14522066,bull,hold
2025-02-24,21355.611328125,21468.864512479824,21276.82650422599,21468.864512479824,1644570,21703.7482421875,21536.87015625,19468.7985546875,-0.0018722757406648416,41.72822636184436,65.59529326314441,106.8412563643604,-41.24596310121599,21983.441281240855,21703.7482421875,21424.055203134143,-0.12235534220085874,12877496,bull,hold
2025-02-25,21217.736328125,21242.35658378539,21173.419867936296,21188.19202133253,1139407,21686.50537109375,21535.2753125,19490.313798828123,-0.015993318144993607,38.40940353996285,22.86934546534394,90.04687418455713,-67.17752871921319,22033.34182775578,21686.50537109375,21339.66891443172,-0.17577821472431943,11738089,bull,hold
2025-02-26,21188.189453125,21198.037554195475,21104.480594025972,21148.797048843102,1591905,21664.839453125,21526.51078125,19511.43814453125,-0.020041079610760848,37.71708967493272,-13.223034951341106,69.39289235737749,-82.6159273087186,22073.785285674658,21664.839453125,21255.893620575345,-0.08277889400196332,10146184,bull,hold
2025-02-27,21355.611328125,21365.459431112376,21134.02901090904,21188.193577339607,1317477,21650.0673828125,21526.7897265625,19532.57283203125,-0.01364559081143124,43.88873366968682,-27.994259950723063,49.91546189575739,-77.90972184648045,22080.70670945358,21650.0673828125,21219.42805617142,0.15811755165951677,11463661,bull,hold
2025-02-28,21252.205078125,21252.205078125,21074.93923409986,21099.559490214462,2357262,21618.55361328125,21524.116796875,19553.798408203125,-0.028802739777379682,41.1748966819793,-47.49706574852098,30.43295636690172,-77.9300221154227,22068.36854540873,21618.55361328125,21168.738681153765,0.09277859738500102,9106399,bull,hold
2025-03-04,21202.96484375,21212.812946324895,21084.787612851254,21188.192689887655,4228734,21603.53515625,21518.0043359375,19573.780810546876,-0.013968491622892376,39.90939180698313,-66.16376060293987,11.113612972933403,-77.27737357587327,22086.566158830054,21603.53515625,21120.504153669946,0.0853575543180453,4877665,bull,hold
2025-03-05,20902.59765625,21025.698938088928,20902.59765625,20971.5343740798,1707107,21566.11240234375,21506.86640625,19591.74912109375,-0.03456899243225664,33.20509681479861,-103.99557625124362,-11.908224871902002,-92.08735137934161,22136.663181108317,21566.11240234375,20995.561623579186,-0.08146861838527686,3170558,bull,hold
2025-03-06,20848.431640625,20892.748099001386,20764.722774802936,20887.824048070677,1982130,21534.59853515625,21494.44875,19609.178291015625,-0.02934428434262526,32.156038496727675,-136.77168860388338,-36.88091761829828,-99.8907709855851,22185.014524736853,21534.59853515625,20884.182545575644,-0.02748310736771472,1188428,bull,hold
2025-03-07,20572.685546875,20651.470364670597,20562.83744465055,20646.54631355837,1353784,21475.26376953125,21474.5524609375,19626.7166796875,-0.05453718192485768,27.4086973844976,-182.88916657414302,-66.08256740946723,-116.80659916467579,22239.40276382719,21475.26376953125,20711.124775235312,-0.09058510911870606,-165356,bull,hold
2025-03-10,20651.466796875,20710.55540001341,20474.200987459764,20548.06174138278,4423734,21420.11416015625,21457.606328125,19644.9173046875,-0.05070189004894199,30.562817101179846,-210.65234257279008,-94.9965224421318,-115.65582013065827,22251.907873633292,21420.11416015625,20588.320446679205,0.037957939073518764,4258378,bull,hold
2025-03-11,20311.712890625,20316.636942234847,20021.19384564394,20218.15591003788,3474274,21350.9314453125,21442.604140625,19659.93119140625,-0.0637764866995294,25.430880767539264,-257.1063978557977,-127.41849752486499,-129.6879003309327,22301.349047577227,21350.9314453125,20400.513843047775,-0.046716807543953846,784104,bull,hold
2025-03-12,20050.734375,20139.3672872667,20040.886273637036,20134.443236585215,2211215,21265.9916015625,21423.658828125,19673.20111328125,-0.07810728679497403,22.32926944657325,-311.39083674156427,-164.21296536820486,-147.1778713733594,22352.619704429333,21265.9916015625,20179.363498695664,-0.05918728006219595,-1427111,bull,hold
2025-03-13,20045.810546875,20188.60801822341,20021.190293194242,20134.443460125738,4451986,21178.097265625,21396.465234375,19686.2269140625,-0.08062333178334058,22.274073342067567,-350.76555051398464,-201.52348239736085,-149.24206811662378,22356.99584556777,21178.097265625,19999.198685682233,0.019769241385900076,-5879097,bull,hold
2025-03-14,19986.72265625,20065.50747085951,19937.482147119055,20006.418859902376,958820,21091.92626953125,21366.22421875,19698.420634765625,-0.07938316921103539,21.584537345312015,-382.3309209494837,-237.68497010778543,-144.64595084169827,22351.831166173033,21091.92626953125,19832.021372889467,0.061394032110233906,-6837917,bull,hold
2025-03-17,20075.353515625,20154.13832216167,20065.505414807918,20144.290221344585,1250146,21003.53955078125,21330.0970703125,19710.886767578126,-0.08092877636401885,25.319085653487306,-395.6343087656205,-269.2748378393525,-126.35947092626805,22288.042091445317,21003.53955078125,19719.037010117183,0.13869824863234884,-5587771,bull,hold
2025-03-18,20360.953125,20360.953125,20232.927784915355,20247.699939540507,1428965,20929.67890625,21300.5655859375,19724.829677734375,-0.06764363314978317,35.91105734231573,-378.7656630444653,-291.17300288037507,-87.59266016409026,22183.22922174846,20929.67890625,19676.128590751538,0.27315398743134967,-4158806,bull,hold
2025-03-19,20218.15625,20252.624611848514,20168.91573307355,20198.46004322942,875480,20845.97021484375,21270.24015625,19738.034208984376,-0.0764730762851894,33.363169730369734,-372.6242735131418,-307.4632570069284,-65.1610165062134,22053.97404585897,20845.97021484375,19637.96638382853,0.24014405057137594,-5034286,bull,hold
2025-03-20,20592.380859375,20641.62136836442,20503.74794319405,20503.74794319405,499609,20783.9271484375,21252.99609375,19752.69517578125,-0.0568335805314073,44.48040268441157,-333.7135376793376,-312.71331314141025,-21.00022453792735,21907.224175066687,20783.9271484375,19660.63012180831,0.41473925216498864,-4534677,bull,hold
2025-03-21,20503.748046875,20626.849319971032,20484.051843179634,20548.06450518957,1777587,20719.66826171875,21235.844921875,19766.64466796875,-0.05898306999057901,42.66488764091828,-306.4953389470975,-311.4697183025477,4.974379355450196,21748.733374986183,20719.66826171875,19690.60314845132,0.39508913864635226,-6312264,bull,hold
2025-03-24,20740.103515625,20754.875669126155,20636.698441116896,20666.242748119214,1350265,20671.6587890625,21218.609609375,19781.361279296874,-0.04424776451210788,48.68037010905994,-262.8231476873989,-301.74040417951795,38.917256492119066,21597.679267344487,20671.6587890625,19745.638310780516,0.5369563784860794,-4961999,bull,hold
2025-03-25,20951.837890625,20991.2303002901,20932.141685792452,20932.141685792452,1103625,20651.4701171875,21208.5546875,19796.94140625,-0.018907135520313423,53.3974169200524,-208.72141638493122,-283.1366066206006,74.4151902356694,21533.52762492821,20651.4701171875,19769.412609446787,0.6702654139903297,-3858374,bull,hold
2025-03-26,20946.912109375,21020.772871396774,20937.064007772096,20986.30451578661,2590893,20637.92890625,21201.0523828125,19812.25296875,-0.01276404865070413,53.274736173121994,-164.34836824043668,-259.37895894456784,95.03059070413116,21492.69068546499,20637.92890625,19783.16712703501,0.6807422902137539,-6449267,bull,hold
2025-03-27,20759.80078125,20779.496986924813,20710.560267062974,20745.02862699389,4399958,20616.50947265625,21189.4151171875,19827.287587890623,-0.02021827645173424,48.69779718764159,-142.6365034962837,-236.03046785491102,93.39396435862733,21435.77484331379,20616.50947265625,19797.24410199871,0.5874510956558224,-10849225,bull,hold
2025-03-28,20685.935546875,20710.55579865657,20631.770992955546,20656.391244737115,1867708,20583.02568359375,21175.7113671875,19841.708955078124,-0.031358305363426764,46.981832106592165,-129.89267940475474,-214.80291016487976,84.91023076012502,21330.301252874266,20583.02568359375,19835.750114313236,0.5688567026086053,-12716933,bull,hold
2025-03-31,20198.45703125,20232.925387958618,20154.140572624634,20232.925387958618,1356134,20530.33828125,21157.2657421875,19853.961240234374,-0.04958299823483392,37.572317926254826,-157.3151184210219,-203.3053518161082,45.99023339508631,21228.432346717284,20530.33828125,19832.244215782714,0.2622947490766546,-14073067,bull,hold
2025-04-01,20405.267578125,20434.811884463983,20326.482761221043,20385.57137389901,1968298,20490.45341796875,21141.3853515625,19867.247578125,-0.037621968036236075,42.80580428032366,-160.5094629888008,-194.74617405064674,34.23671106184594,21117.84113908282,20490.45341796875,19863.065696854683,0.43211068930988633,-12104769,bull,hold
2025-04-02,20444.66015625,20587.45763807352,20405.267747471098,20587.45763807352,1262531,20467.55654296875,21127.765625,19880.58453125,-0.021908162206962567,43.77271725443525,-158.04055904772758,-187.40505105006292,29.36449200233534,21065.858402400692,20467.55654296875,19869.254683536805,0.48086552268073557,-10842238,bull,hold
2025-04-03,20011.34375,20085.2045167938,19932.558932086617,20001.49564776083,2131527,20425.7021484375,21098.8026171875,19891.559765625,-0.04015112048015457,36.469129686113604,-188.87175151215342,-187.69839114248103,-1.1733603696723947,21028.67047938378,20425.7021484375,19822.73381749122,0.15640119292234012,-12973765,bull,hold
2025-04-04,19125.013671875,19420.456725508495,19026.53265399717,19405.684572826824,1961093,20353.3185546875,21052.2112109375,19897.639892578125,-0.07036863863502263,26.667635566761234,-281.5792532476771,-206.47456356352026,-75.10468968415685,21175.90626932754,20353.3185546875,19530.730840047458,-0.24661027690523948,-14934858,bull,hold
2025-04-07,17706.88671875,18169.74749504658,16987.975300246802,18169.74749504658,3360596,20206.08955078125,20975.6862890625,19896.82453125,-0.14258454893724914,18.226850748218993,-464.1313918567357,-258.00592922216333,-206.1254626345724,21610.68445590536,20206.08955078125,18801.494645657138,-0.3896525335930993,-18295454,bull,hold
2025-04-08,18701.544921875,18760.633531422787,18539.051245618582,18558.74744880118,1566645,20125.58115234375,20921.8037890625,19900.88486328125,-0.07927287951638895,34.00490416204909,-522.5213715221544,-310.90901768216156,-211.6123538399928,21673.954520984178,20125.58115234375,18577.207783703325,0.04015089018253115,-16728809,bull,hold
2025-04-09,18214.06640625,18218.99045772506,17825.066339720193,18125.433479698906,1417325,20033.74775390625,20854.8332421875,19901.89802734375,-0.09160103238113937,30.861987377293687,-601.2010221187447,-368.9674185694782,-232.23360354926655,21792.54959417467,20033.74775390625,18274.94591363783,-0.017307096795662044,-18146134,bull,hold
2025-04-10,19597.724609375,19824.23097420697,19533.71194105292,19710.977791790985,1913045,20011.34345703125,20814.357578125,19909.48796875,-0.02235309649625783,46.09206313785317,-545.616036757172,-404.297142207017,-141.318894550155,21780.346067989263,20011.34345703125,18242.340846073235,0.38309264070779087,-16233089,bull,hold
2025-04-11,19174.25390625,19213.646312837056,18593.215909090908,18908.355161787364,3440335,19970.72001953125,20764.8216015625,19914.4726953125,-0.04065042398264007,42.97208983183351,-529.6298389396179,-429.36368155353716,-100.26615738608075,21777.03996054896,19970.72001953125,18164.400078513543,0.2795334881725023,-19673424,bull,hold
2025-04-14,19115.16796875,19208.72494747392,19056.07935060858,19159.48443235607,1541339,19922.7107421875,20709.4753515625,19918.893671875,-0.04782907290412952,42.539414946814276,-515.7827805191409,-446.6475013466579,-69.13527917248302,21766.016575491398,19922.7107421875,18079.404908883604,0.2809525801830507,-21214763,bull,hold
2025-04-15,19095.470703125,19110.242856840672,18982.217524638185,19021.609934546643,770705,19859.43662109375,20661.3180859375,19922.557568359374,-0.06215241566079677,42.38619822324907,-500.62737097439094,-457.4434752722045,-43.18389570218642,21724.970291848156,19859.43662109375,17993.902950339347,0.29524199162274817,-21985468,bull,hold
2025-04-16,18834.494140625,19001.911866319446,18740.93717626634,18962.519460273692,1437238,19790.253515625,20604.9869140625,19924.453125,-0.06843661173975746,40.31436528532921,-503.86696254503477,-466.7281727267706,-37.13878981826417,21699.55604053051,19790.253515625,17880.95099071949,0.24970981221341512,-23422706,bull,hold
2025-04-17,18736.013671875,18745.86177367362,18514.431381406044,18553.823788600526,1240664,19697.43515625,20550.1330078125,19925.880673828124,-0.0901482543556813,39.529163680688335,-508.5190222508645,-475.08634263158945,-33.43267961927506,21622.163140868604,19697.43515625,17772.7071716314,0.25024484185345464,-24663370,bull,hold
2025-04-18,18731.091796875,18731.091796875,18598.142407149546,18696.62343657581,263689,19608.80234375,20489.5672265625,19926.503046875,-0.08645522984126663,39.48776856500717,-506.7613380061375,-481.4213417064991,-25.339996299638415,21540.094790556377,19608.80234375,17677.509896943626,0.2727660178223134,-24927059,bull,hold
2025-04-21,18450.41796875,18558.747084125633,18371.63315756772,18543.974932028956,1018454,19494.31806640625,20423.48640625,19925.380556640626,-0.11039894497874692,37.10170832971795,-521.9991119895421,-489.53689576310774,-32.46221622643441,21415.220541756662,19494.31806640625,17573.415591055837,0.22827873589318476,-25945513,bull,hold
2025-04-22,18268.2265625,18356.859467654987,18199.289858490567,18248.53036135445,948837,19360.1375,20354.94359375,19922.859267578126,-0.12808476956218695,35.598028380443495,-542.5226184638341,-500.1340403032531,-42.388578160581005,21229.264539501328,19360.1375,17491.010460498674,0.20790884877698934,-26894350,bull,hold
2025-04-23,18932.9765625,19070.84999390442,18913.280358013653,19046.22973829649,1359130,19259.44072265625,20298.6125,19923.905673828125,-0.09614474612578539,44.445090692035826,-499.39120480735437,-499.9854732040734,0.5942683967190305,20987.445088113425,19259.44072265625,17531.436357199076,0.4055372293374158,-25535220,bull,hold
2025-04-24,19090.544921875,19090.544921875,18982.215804443676,19041.30441395167,559681,19175.9779296875,20244.349453125,19925.886259765626,-0.08040808661722088,46.32721960743608,-447.33816310576003,-489.4560111844107,42.117848078650695,20761.419203597725,19175.9779296875,17590.536655777272,0.47305702544194767,-24975539,bull,hold
2025-04-25,19627.267578125,19656.811884564726,19494.31819914623,19494.31819914623,597239,19123.04453125,20202.691953125,19930.891943359376,-0.05117815272850601,52.26020248577479,-358.64251212182353,-463.2933113718933,104.65079925006978,20567.743227364303,19123.04453125,17678.3458351357,0.6745080300242431,-24378300,bull,hold
2025-04-28,19676.5078125,19676.5078125,19558.330588400902,19632.191353462837,540974,19096.9470703125,20159.3603515625,19935.631591796875,-0.025841044092747678,52.77594994682253,-281.1365274164964,-426.861954580814,145.72542716431758,20480.562596530664,19096.9470703125,17713.331544094337,0.7094370622493709,-23837326,bull,hold
2025-04-29,19699.22265625,19793.051994547506,19679.46911134526,19709.099428702368,530238,19061.64482421875,20116.581484375,19940.826298828124,-0.03460111067751448,53.02804798168942,-215.39661992752008,-384.5688876501552,169.17226772263513,20342.118797451174,19061.64482421875,17781.170850986327,0.7489616522316929,-23307088,bull,hold
2025-04-30,19536.2578125,19714.039733948433,19496.750718844793,19714.039733948433,768658,19016.22470703125,20069.4600390625,19945.37693359375,-0.044432254525507364,50.92752399140494,-174.4363765822818,-342.5423854365805,168.1060088542987,20153.707394348585,19016.22470703125,17878.742019713918,0.7285894595438667,-24075746,bull,hold
2025-05-02,19649.83984375,20094.294627850904,19649.83984375,19852.313689840412,580539,18998.14951171875,20025.7919921875,19950.6418359375,-0.01806494909918277,52.34441422753382,-131.2964640430473,-300.2932011578739,168.9967371148266,20082.032005148892,18998.14951171875,17914.26701828861,0.8006277599192775,-23495207,bull,hold
2025-05-07,19511.56640625,19600.45736937642,19343.661253677867,19368.35318787965,660626,19017.4771484375,19980.2448046875,19954.800693359375,0.02021189323087702,50.435237557058656,-107.0314909534136,-261.64085911698186,154.60936816356826,20123.28341894396,19017.4771484375,17911.670877931043,0.7234067896839679,-24155833,bull,hold
2025-05-08,19620.2109375,19679.47157964699,19467.120945286937,19511.56642689718,608236,19113.143359375,19938.6431640625,19958.6246484375,0.10805537128805165,51.91912822098393,-78.13393984668073,-224.93947526292163,146.8055354162409,20069.87088665155,19113.143359375,18156.41583209845,0.7650010393076244,-23547597,bear,death_cross
2025-05-09,19679.47265625,19872.069753764117,19620.212010861043,19694.28781759724,688219,19162.03974609375,19905.120390625,19962.940048828124,0.05229128066479305,52.750089749097235,-49.87556252833747,-189.9266927160048,140.05113018766733,20129.524761306602,19162.03974609375,18194.554730880896,0.7674113304185968,-22859378,bear,hold
2025-05-12,19980.712890625,20005.40482449873,19763.423872536147,19812.807740283613,492705,19250.3720703125,19880.379921875,19968.664091796876,0.09699352384972038,56.83397953669926,-3.136865733020386,-152.5687273194079,149.43186158638753,20177.265435030535,19250.3720703125,18323.478705594465,0.8939724072437788,-22366673,bear,hold
2025-05-13,20459.73828125,20528.87570242729,20356.03214948407,20459.73828125,1541425,19293.47275390625,19865.8108984375,19976.271005859377,0.04398539570571569,62.3994006710352,71.73037078875859,-107.70890769777462,179.43927848653323,20351.812587327524,19293.47275390625,18235.13292048498,1.050988203653635,-20825248,bear,hold
2025-05-14,20741.2265625,20741.2265625,20548.62945870536,20677.027527901788,671002,19371.82138671875,19853.523203125,19984.99265625,0.08172274467165752,65.23584441493472,152.02450308315747,-55.76222554158821,207.78672862474568,20601.408618794656,19371.82138671875,18142.234154642847,1.056855642307415,-20154246,bear,hold
2025-05-15,20326.400390625,20588.134895169005,20286.89329559949,20558.504573899874,512244,19432.3830078125,19835.007109375,19991.542607421874,0.06336498972204452,58.26080880201147,180.1089918470534,-8.58798206385989,188.6969739109133,20723.229219037836,19432.3830078125,18141.536796587163,0.8462912061243354,-20666490,bear,hold
2025-05-16,20370.841796875,20514.054987689397,20351.088253314396,20469.60951467803,345833,19496.1515625,19818.3646484375,19997.7293359375,0.06678919381344617,58.769419994142304,203.6051679658085,33.85064794207379,169.7545200237347,20839.080163100512,19496.1515625,18153.222961899486,0.8256652043838624,-20320657,bear,hold
2025-05-19,20430.10546875,20543.688361131255,20405.41353562364,20479.48933500272,451093,19575.93212890625,19808.9148046875,20004.895380859376,0.08471750375728715,59.478528248570264,224.4211525051105,71.96474885468113,152.45640365042937,20941.543106535653,19575.93212890625,18210.321151276847,0.8127440222128742,-19869564,bear,hold
2025-05-20,20514.056640625,20642.45468411471,20479.48793660854,20598.00920752212,421712,19664.83427734375,19802.2273046875,20011.62744140625,0.09489974761381892,60.5145132845386,244.86942586917576,106.54568425758006,138.3237416115957,21031.656098664986,19664.83427734375,18298.012456022516,0.8106558404446421,-19447852,bear,hold
2025-05-21,20341.21484375,20484.428058236223,20326.399683630734,20484.428058236223,307806,19745.3404296875,19797.597890625,20017.12939453125,0.08595991436781203,57.268213660499384,244.3116684878114,134.09888110362635,110.21278738418505,21071.7642153364,19745.3404296875,18418.916644038603,0.7246169061914822,-19755658,bear,hold
2025-05-22,20030.095703125,20039.972476154155,19906.63604026057,19965.896678435496,970492,19824.32431640625,19785.17046875,20021.319697265626,0.08561744980794184,51.87385046157862,216.27187962363314,150.5334808076277,65.73839881600543,21013.98751196724,19824.32431640625,18634.661120845263,0.5864830430522466,-20726150,bear,hold
2025-05-23,19891.822265625,20064.665805668912,19857.25355761622,20044.912258235323,337321,19905.5041015625,19776.77265625,20025.428447265625,0.08887538686748209,49.63605436835586,180.80838758333994,156.58846216277016,24.21992542056978,20857.113811205938,19905.5041015625,18953.89439191906,0.4928112146193707,-21063471,bear,hold
2025-05-26,19867.12890625,19911.574384787473,19763.422789662563,19891.82083877082,478591,19952.21171875,19773.100546875,20029.85279296875,0.049339961979367075,49.22763428294059,148.9932652929856,155.06942278881326,-6.076157495827658,20793.619587592697,19952.21171875,19110.803849907305,0.44944020869627305,-21542062,bear,hold
2025-05-27,19946.142578125,19946.142578125,19832.559691445902,19881.943555219423,207433,19994.9916015625,19771.1071875,20035.257626953124,0.04481787501359413,50.62754805778605,128.67204341686374,149.78994691442335,-21.11790349755961,20738.06640357292,19994.9916015625,19251.916799552077,0.467130480467555,-21334629,bear,hold
2025-05-28,20198.00390625,20232.57261709199,20104.174548250307,20178.25035719743,230782,20023.52841796875,19775.3328125,20041.555869140626,0.029078745976902853,54.896561005514215,131.37601207184343,146.10715994590737,-14.731147874063936,20751.609024432564,20023.52841796875,19295.44781150494,0.6198187994105845,-21103847,bear,hold
2025-05-29,20420.228515625,20548.62656675106,20400.474969297917,20444.92044853386,418434,20060.714453125,19782.2303125,20049.575048828126,0.037797393227091414,58.320897835843816,149.72466276794876,146.83066051031565,2.8940022576331046,20790.07012633134,20060.714453125,19331.358779918664,0.7464600439176202,-20685413,bear,hold
2025-05-30,20198.00390625,20237.511004355132,20005.40680298747,20059.72906288203,383442,20085.653515625,19778.971328125,20057.94666015625,0.025319844275263792,53.91287350057373,144.66680301824817,146.39788901190218,-1.7310859936540055,20797.76747113426,20085.653515625,19373.53956011574,0.5788851206719118,-21068855,bear,hold
2025-06-02,20015.283203125,20198.003528443438,19990.591267271157,20198.003528443438,437554,20109.60478515625,19774.9138671875,20065.4778515625,0.024519813119916023,50.53099557620314,124.4794573466279,142.01420267884734,-17.534745332219444,20777.01388071627,20109.60478515625,19442.195689596232,0.42933750629206957,-21506409,bear,hold
2025-06-04,20281.955078125,20395.537977272037,20281.955078125,20351.09249499711,535121,20141.210546875,19768.7053515625,20073.586220703124,0.032168976409039596,54.970520644038515,128.5175616512388,139.31487447332563,-10.797312822086838,20777.687858779347,20141.210546875,19504.733234970656,0.6105652382399065,-20971288,bear,hold
2025-06-05,20114.05078125,20198.003362463172,20069.60529707832,20188.1265882028,353408,20171.334765625,19760.91140625,20080.92849609375,0.030878319170059676,51.81734763239802,116.82265602349435,134.81643078335938,-17.993774759865033,20739.07649930051,20171.334765625,19603.59303194949,0.44955101855543605,-21324696,bear,hold
2025-06-09,20158.494140625,20277.015419256797,20123.925434357392,20202.939620111923,528046,20198.24892578125,19749.27921875,20088.9334375,0.027435138431472383,52.59251348390848,109.874007564169,129.82794613952132,-19.95393857535231,20706.892877513557,20198.24892578125,19689.60497404894,0.4609208120721242,-20796650,bear,hold
2025-06-10,20341.21484375,20360.968390575686,20158.494535612404,20168.37130902525,374901,20231.33603515625,19737.0667578125,20097.264697265626,0.03362601219346373,55.7448549840569,117.75379483177312,127.41311587797168,-9.659321046198556,20683.665262137074,20231.33603515625,19779.00680817543,0.6214588866246389,-20421749,bear,hold
2025-06-11,20538.75,20538.75,20375.783241163743,20410.351947583553,668186,20259.237890625,19728.903515625,20108.859296875,0.02792878874891569,58.924716622208344,138.34328398921934,129.59914950022122,8.744134488998128,20715.117208501917,20259.237890625,19803.358572748086,0.8065637093131575,-19753563,bear,hold
2025-06-12,20252.32421875,20454.798077069616,20173.310030137465,20454.798077069616,504279,20248.8671875,19718.753984375,20122.765556640625,-0.01013766938993943,52.980275165950225,130.04930822665847,129.68918124550868,0.36012698114979,20695.370518930235,20248.8671875,19802.363856069765,0.5038712267150689,-20257842,bear,hold
2025-06-13,20212.81640625,20267.13865899096,20069.60319447838,20183.186086573114,408963,20222.4466796875,19709.2916015625,20134.663564453123,-0.025476321501900046,52.19806489248275,118.91751529899193,127.53484805620533,-8.617332757213404,20607.60824706109,20222.4466796875,19837.285112313908,0.4874983977462144,-20666805,bear,hold
2025-06-16,20281.955078125,20316.523786561054,20193.064113575147,20277.016691205565,463063,20220.2244140625,19710.9615625,20146.662548828124,-0.0021865805871116306,53.492136843682516,114.35617540211388,124.89911352538705,-10.542938123273174,20603.46931515974,20220.2244140625,19836.979512965263,0.5805368367403756,-20203742,bear,hold
2025-06-17,20341.21484375,20341.21484375,20242.44710962157,20281.954203272944,372250,20218.74306640625,19709.6805078125,20160.0344921875,-0.001454380404129596,54.62595657008131,114.20654652533631,122.7606001253769,-8.55405360004059,20599.870990163683,20218.74306640625,19837.615142648814,0.6606701709708596,-19831492,bear,hold
2025-06-18,20385.66015625,20464.674342902134,20346.153062923935,20390.59854291576,362117,20216.52080078125,19708.5005078125,20172.6254296875,-0.00217548130468459,55.50216459410221,116.33331183241171,121.47514246678386,-5.141830634372155,20593.18536025174,20216.52080078125,19839.85624131076,0.7245225243735743,-19469375,bear,hold
2025-06-19,20410.353515625,20494.30609480855,20346.154484484636,20385.661580571013,369068,20211.33564453125,19716.480703125,20184.3610546875,-0.005055222709809182,56.01042746078334,118.64368583416581,120.90885114026025,-2.2651653060944454,20574.071576098806,20211.33564453125,19848.599712963693,0.7743288626435471,-19100307,bear,hold
2025-06-20,20252.32421875,20365.907114880516,20232.570671596866,20365.907114880516,414090,20206.89111328125,19739.0269140625,20195.20865234375,-0.004369976212473481,51.92298840189781,106.49541744284579,118.02616440077736,-11.53074695793157,20565.30516432196,20206.89111328125,19848.47706224054,0.5633807538192604,-19514397,bear,hold
2025-06-23,20449.861328125,20449.861328125,20262.202615140515,20301.709712610933,583284,20227.87939453125,19793.88640625,20206.26091796875,0.0209567458499218,56.22349176119314,111.52186640328728,116.72530480127935,-5.203438397992073,20591.54707502249,20227.87939453125,19864.21171404001,0.8051988745520349,-18931113,bear,hold
2025-06-24,20543.6875,20573.317818509615,20479.4884765625,20523.933954326923,520763,20260.47265625,19830.7292578125,20215.996064453124,0.032770513715150384,58.13886245761507,121.67377184775614,117.71499821057472,3.958773637181423,20614.541819146492,20260.47265625,19906.403493353508,0.8999428267533063,-18410350,bear,hold
2025-06-25,20617.765625,20647.39594685629,20499.24433757485,20553.566594311378,363151,20298.0044921875,19878.8032421875,20227.91232421875,0.0377828483568079,59.640310155527885,134.15031432592514,121.00206143364481,13.148252892280325,20636.114251362975,20298.0044921875,19959.894733012028,0.9728658728932871,-18047199,bear,hold
2025-06-26,20563.44140625,20588.133338774318,20489.365608677053,20548.62624673541,490833,20328.86943359375,19898.117578125,20238.529248046874,0.03094828113792758,57.99746590473437,138.0630487965609,124.41425890622803,13.648789890332878,20644.84035088443,20328.86943359375,20012.89851630307,0.8711923468583859,-18538032,bear,hold
2025-06-27,20736.287109375,20736.287109375,20647.396142961865,20681.964852122528,409614,20355.78359375,19929.3582421875,20249.9614453125,0.026650316814645025,61.61999061968745,153.3434746419698,130.20010205337638,23.143372588593422,20711.751018894858,20355.78359375,19999.81616860514,1.034463954770801,-18128418,bear,hold
2025-06-30,20785.671875,20894.31639418508,20711.596066464717,20879.501232478022,399497,20374.05576171875,19962.7683203125,20261.44484375,0.017896144457706376,62.61215891474538,167.5073397314809,137.6615495889973,29.845790142483594,20775.93568975108,20374.05576171875,19972.175833686422,1.0121133012248078,-17728921,bear,hold
2025-07-01,20844.9296875,20874.560006885218,20765.915502472755,20810.36098155058,1013421,20406.40205078125,19997.7575,20273.395810546874,0.03202919378829394,63.82074392316177,181.42258842290903,146.41375735577967,35.008831067129364,20848.51962171024,20406.40205078125,19964.28447985226,0.9959400683819293,-16715500,bear,hold
2025-07-02,20968.390625,20988.14417245643,20844.930953397314,20844.930953397314,1254689,20454.057421875,20040.4354296875,20286.061953125,0.04761898256459296,66.26735978689241,200.10609066351026,157.15222401732578,42.95386664618448,20921.983965105796,20454.057421875,19986.130878644206,1.0495875480516559,-15460811,bear,hold
2025-07-03,21032.587890625,21072.094982225142,20933.820161624648,20953.57370742472,585027,20491.5890625,20086.3669140625,20298.38841796875,0.03700988438287145,67.49815503944248,217.58490032451664,169.23875927876395,48.34614104575269,21015.360397127508,20491.5890625,19967.81772787249,1.0164456246061497,-14875784,bear,hold
2025-07-04,21156.048828125,21284.446883571134,21106.664960645714,21175.802375116713,564427,20543.68896484375,20134.8660546875,20312.506708984376,0.05180448524303882,69.78166902205471,238.64826016917868,183.1206594568469,55.527600712331775,21112.260101066495,20543.68896484375,19975.117828621005,1.0385076943488654,-14311357,bear,hold
2025-07-07,21215.310546875,21259.756029864264,21146.173128891704,21156.049902889317,565547,20596.52978515625,20190.16390625,20326.2851171875,0.05242536465658998,70.84068458066099,257.158684789134,197.92826452330434,59.23042026582965,21206.97603762201,20596.52978515625,19986.08353269049,1.006826570905566,-13745810,bear,hold
2025-07-08,21180.740234375,21210.37055412465,21116.541208250757,21210.37055412465,533981,20638.5060546875,20248.4141796875,20339.107646484375,0.041272136255074754,69.31462843498868,265.97282519179134,211.53717665700174,54.43564853478961,21287.21232432629,20638.5060546875,19989.799785048708,0.9179350540186889,-14279791,bear,hold
2025-07-09,21225.185546875,21244.93909321923,21180.740067600484,21180.740067600484,546140,20672.82783203125,20294.258359375,20351.956640625,0.03342148606292983,70.20334369296202,273.3929564167556,223.90833260895252,49.4846238078031,21367.77833234754,20672.82783203125,19977.877331714957,0.8974079553812514,-13733651,bear,hold
2025-07-10,21249.87890625,21333.831483848477,21249.87890625,21319.016323095806,430467,20722.70556640625,20337.4450390625,20367.057939453123,0.049256306423163254,70.71089074571469,278.06070092871596,234.7388062729052,43.32189465581075,21432.802725279053,20722.70556640625,20012.608407533447,0.8711980348439761,-13303184,bear,hold
2025-07-11,21393.091796875,21412.845344240533,21309.139220571473,21388.153410033614,376441,20781.7193359375,20372.7615234375,20383.217861328125,0.05839242621627183,73.5272875219249,289.9733729360487,245.78571960553393,44.18765333051476,21508.48864151771,20781.7193359375,20054.950030357293,0.9206097149696051,-12926743,bear,hold
2025-07-14,21338.76953125,21343.707918088985,21274.570502343206,21314.07759705508,486708,20834.56005859375,20406.0067578125,20400.084951171873,0.05210614307418626,70.74831518314843,291.6687230009302,254.96232028461318,36.706402716317,21561.97546741623,20834.56005859375,20107.14464977127,0.8465760186964223,-13413451,bull,golden_cross
2025-07-15,21551.12109375,21585.689803112113,21467.16851387059,21472.10690092232,542423,20895.05537109375,20443.0447265625,20418.062734375,0.05948053050389723,74.76367174381492,306.6128544135754,265.29242711040564,41.320427303169765,21649.050390224173,20895.05537109375,20141.060351963326,0.9350597192358686,-12871028,bull,hold
2025-07-16,21432.599609375,21506.675414476525,21417.784448354694,21432.599609375,594054,20947.40234375,20480.9715625,20434.713837890624,0.051356661746567056,69.06519502870334,305.372350591133,273.30841180655113,32.063938784581865,21698.02990208311,20947.40234375,20196.77478541689,0.8231944126208596,-13465082,bull,hold
2025-07-17,21674.580078125,21674.580078125,21531.366858196627,21531.366858196627,423764,21010.613671875,20521.4663671875,20452.648251953124,0.061940453972645804,73.50531610948745,320.22370435598714,282.6914703164383,37.532234039548825,21782.321029642113,21010.613671875,20238.906314107884,0.9301931292784,-13041318,bull,hold
2025-07-18,21837.546875,21862.23880950362,21753.594297687698,21758.532684588423,771987,21089.8748046875,20567.9859765625,20469.95380859375,0.07827361635769048,76.0033667820436,341.21030771898586,294.39523779694787,46.81506992203799,21859.398074559846,21089.8748046875,20320.351534815156,0.9858021190421763,-12269331,bull,hold
2025-07-21,21758.53125,21802.976729176124,21748.654476849748,21802.976729176124,941254,21155.30830078125,20610.7523828125,20486.93767578125,0.06399407315663153,72.4371918667884,347.46112593536236,305.0084154246308,42.45271051073155,21918.549240174634,21155.30830078125,20392.067361387864,0.8951720342059909,-13210585,bull,hold
2025-07-22,21719.025390625,21738.778938047122,21674.57990892522,21679.518295780752,840317,21214.0751953125,20651.5434375,20502.4026953125,0.057211632070678586,70.65223016580072,345.24735511844847,313.05620336339433,32.191151755054136,21960.708927929398,21214.0751953125,20467.441462695602,0.8381512067119481,-14050902,bull,hold
2025-07-23,21669.642578125,21704.2112877984,21595.566771682003,21699.2729007022,880776,21266.66904296875,20685.32203125,20517.15587890625,0.051017989643336925,68.38382981167037,335.63910684173607,317.57278405906266,18.06632278267341,21985.549274136338,21266.66904296875,20547.788811801165,0.7802786317421398,-14931678,bull,hold
2025-07-24,21610.37890625,21738.776952767937,21567.908783170988,21704.208247936185,695503,21319.01591796875,20708.33484375,20531.074423828126,0.05091256270372124,65.65932449024658,319.5587435483976,317.96997595692966,1.5887675914679562,21975.178609447674,21319.01591796875,20662.853226489828,0.7220203861519062,-15627181,bull,hold
2025-07-25,21827.669921875,21842.485082455456,21694.333476650874,21723.963797811793,654914,21373.58505859375,20730.0637109375,20546.030478515626,0.05263154424624927,70.32730589569394,320.65222946758877,318.5064266590615,2.1458028085272645,22007.98991317765,21373.58505859375,20739.180204009852,0.8578825571716966,-14972267,bull,hold
2025-07-28,22025.205078125,22025.205078125,21926.437342348654,21946.190889503923,629930,21435.56171875,20764.0398046875,20562.267861328124,0.05963402148264696,73.81232058558746,333.6125829858429,321.5276579244178,12.08492506142511,22070.304534058097,21435.56171875,20800.8189034419,0.9644742288959925,-14342337,bull,hold
2025-07-29,22104.21875,22123.972296693475,22054.83488326631,22059.773269939677,586651,21498.526171875,20798.70734375,20578.41091796875,0.06041224803243894,75.07342976600552,346.2679382510214,326.4757139897385,19.79222426128291,22136.249903577256,21498.526171875,20860.802440172745,0.9748863402873871,-13755686,bull,hold
2025-07-30,21919.044921875,22052.727825170827,21829.92298634445,22052.727825170827,767429,21546.05888671875,20828.4861328125,20594.582392578126,0.04533749460683745,66.93783385332972,337.4653278732985,328.6736367664505,8.79169110684802,22159.909508827106,21546.05888671875,20932.208264610395,0.803808468805633,-14523115,bull,hold
2025-07-31,22131.9453125,22270.579421840044,22062.628257829976,22102.238003355706,937336,21601.0267578125,20860.84390625,20612.723740234374,0.05226924178764625,70.84925283972251,343.7064440332251,331.68019821980545,12.026245813419678,22217.994185534215,21601.0267578125,20984.059330090782,0.9302646548522272,-13585779,bull,hold
2025-08-01,21993.3125,22042.824684826654,21894.28813034669,21948.75153365601,725958,21642.88994140625,20893.885859375,20630.00064453125,0.039575616348641374,65.42175701142392,333.6202970755221,332.06821799094877,1.5520790845733359,22246.889321728835,21642.88994140625,21038.890561083666,0.7900851971127814,-14311737,bull,hold
2025-08-04,21537.798828125,21557.60370061063,21473.432992546695,21537.798828125,1022433,21659.01435546875,20924.039921875,20643.8988671875,0.015200733476772088,51.46975853082906,285.57883150808266,322.77034069437553,-37.191509186292876,22232.96493278985,21659.01435546875,21085.063778147647,0.394402469364593,-15334170,bull,hold
2025-08-05,21874.482421875,21889.33607675631,21735.848309649446,21785.360492587144,833188,21693.70146484375,20963.693125,20657.816591796876,0.03275344392232804,58.512430086379,271.5429975135594,312.52487205821234,-40.98187454465295,22230.49057941914,21693.70146484375,21156.91235026836,0.6683910423316338,-14500982,bull,hold
2025-08-06,21824.970703125,21849.726795120376,21661.580495955506,21676.434151152735,658932,21723.69072265625,21002.8499609375,20672.0740234375,0.028258182003893406,57.19788441208606,253.50210160601637,300.72031796777316,-47.21821636175679,22217.745396448354,21723.69072265625,21229.636048864148,0.6024987575680416,-15159914,bull,hold
2025-08-07,21815.068359375,21928.946383039463,21795.263485694224,21844.775669896164,699285,21751.9501953125,21040.2284765625,20684.691435546876,0.026597302300803483,56.922445197149294,235.68865315587755,287.7139850053941,-52.02533184951653,22196.5467276222,21751.9501953125,21307.3536630028,0.5709836441307786,-15859199,bull,hold
2025-08-08,21919.044921875,21933.898577796757,21780.41079993859,21800.21567450093,531849,21778.2478515625,21074.649296875,20697.975556640624,0.024585185254841324,59.14704270602606,227.34076373590142,275.6393407514955,-48.298577015594105,22196.252718936095,21778.2478515625,21360.242984188906,0.6684155871164306,-15327350,bull,hold
2025-08-11,22047.77734375,22082.435875392992,22023.021249719288,22037.874906137717,600793,21813.6982421875,21107.2002734375,20710.9490234375,0.03322627443263215,61.77877762601208,228.47886962497068,266.2072465261906,-37.72837690121992,22195.276725586384,21813.6982421875,21432.119758788616,0.8067247129312124,-14726557,bull,hold
2025-08-12,22037.873046875,22067.580357205545,21973.50720782549,22042.824265263425,615679,21838.03583984375,21143.99765625,20722.60056640625,0.022585922607347042,61.45078320355297,225.97671386569345,258.1611399940912,-32.18442612839772,22211.52530581208,21838.03583984375,21464.54637387542,0.7675272333493278,-15342236,bull,hold
2025-08-13,22117.09375,22191.36202988583,22112.142531340945,22146.80106195433,621973,21872.260546875,21186.0338671875,20735.333349609376,0.03193705631143273,63.13664412228245,227.7607024646568,252.0810524882043,-24.32035002354752,22215.05496770566,21872.260546875,21529.466126044343,0.8571137513436193,-14720263,bull,hold
2025-08-14,22166.60546875,22230.971309959237,22122.044501758992,22122.044501758992,761938,21896.86181640625,21223.726875,20747.48173828125,0.022700573153044523,64.19068202226342,230.51250354686636,247.7673426999367,-17.25483915307035,22249.84821581012,21896.86181640625,21543.87541700238,0.8820878832715608,-13958325,bull,hold
2025-08-18,22181.45703125,22295.33504725865,22181.45703125,22285.432611083987,545665,21914.05732421875,21265.075,20759.58205078125,0.015748570946112705,64.51840980637718,231.22628996686763,244.4591321533229,-13.232842186455287,22286.766179782957,21914.05732421875,21541.34846865454,0.8587246493331375,-13412660,bull,hold
2025-08-19,22235.921875,22265.629185454243,22201.26334613672,22235.921875,330893,21937.92685546875,21306.6235546875,20771.26953125,0.02194038832469447,65.7561475301845,233.49524076639136,242.26635387593663,-8.771113109545269,22328.457979433475,21937.92685546875,21547.395731504028,0.8815253141746601,-13081767,bull,hold
2025-08-20,22216.1171875,22245.824498203143,22156.702566093714,22176.50743989581,438118,21962.7814453125,21344.1216015625,20782.85798828125,0.022887389647307632,64.87000033432389,231.03213323591626,240.01950974793257,-8.987376512016311,22357.671250378335,21962.7814453125,21567.891640246664,0.8207676406653054,-13519885,bull,hold
2025-08-21,22230.97265625,22235.9238751044,22166.606811142818,22211.167780832406,468432,21990.84794921875,21377.9660546875,20794.276025390624,0.025903984161310012,65.24831090290316,227.6545549486691,237.5465187880799,-9.891963839410806,22378.128557579785,21990.84794921875,21603.567340857717,0.8100138528074691,-13051453,bull,hold
2025-08-22,22032.923828125,22211.167706285112,22018.07017161166,22211.167706285112,521481,22011.9751953125,21413.578046875,20805.38896484375,0.019552869651572546,56.511067406475156,206.6151833353142,231.36025169752676,-24.74506836221255,22357.812678659964,22011.9751953125,21666.13771196504,0.5302868165268417,-13572934,bull,hold
2025-08-25,22245.82421875,22300.28762102159,22235.92178197335,22255.726655526654,544381,22032.88291015625,21454.238203125,20816.905751953123,0.019157074409300145,62.347969773401005,204.76026313726834,226.0402539854751,-21.27999084820675,22382.16563391642,22032.88291015625,21683.600186396085,0.8048265690059775,-13028553,bull,hold
2025-08-26,22315.142578125,22329.99623415659,22136.898705745924,22260.67917267584,570827,22047.37978515625,21494.901953125,20828.67123046875,0.013163895590146302,64.04026698804748,206.50319748339098,222.13284268505828,-15.629645201667302,22417.623080557645,22047.37978515625,21677.136489754852,0.8616038376582328,-12457726,bull,hold
2025-08-27,22448.82421875,22458.72665554698,22399.31203476511,22399.31203476511,445597,22064.61005859375,21537.054140625,20841.178525390624,0.015590031597475074,67.11038587963101,216.1794940439322,220.94217295683308,-4.762678912900867,22473.850772069993,22064.61005859375,21655.369345117506,0.9694231872637893,-12012129,bull,hold
2025-08-28,22334.9453125,22379.50627632454,22300.286785080913,22379.50627632454,701823,22085.405078125,21576.03984375,20854.245625,0.018974384700947144,62.23582612999437,212.21269690140252,219.19627774574695,-6.983580844344431,22505.07949754159,22085.405078125,21665.730658708413,0.7973021738159534,-12713952,bull,hold
2025-08-29,22448.82421875,22448.82421875,22364.653505975682,22364.653505975682,937667,22101.2490234375,21616.8092578125,20869.1094921875,0.01431771594298259,64.97552002119062,215.77078628373783,218.51117945334514,-2.7403931696073016,22549.695220401838,22101.2490234375,21652.802826473162,0.8875327716739901,-11776285,bull,hold
2025-09-01,22339.8984375,22429.020372755986,22320.09356299867,22354.752093376,633956,22118.5783203125,21658.5607421875,20883.576015625,0.015758696535594696,60.45753711341456,207.41030069971384,216.2910037026189,-8.88070300290505,22575.70349288471,22118.5783203125,21661.45314774029,0.7420782429702442,-12410241,bull,hold
2025-09-02,22320.08984375,22404.260546355094,22295.333754748503,22359.699586152397,586939,22157.69287109375,21695.9653125,20894.16318359375,0.03632177187036634,59.645307634620295,196.91623983530735,212.4160509291566,-15.499811093849246,22536.512150136423,22157.69287109375,21778.873592051077,0.7143462353165458,-12997180,bull,hold
2025-09-03,22245.82421875,22300.28762102159,22211.165690031718,22295.336402633264,838901,22176.2599609375,21730.008046875,20902.95525390625,0.0169760266649166,56.5764089362876,180.5260142026782,206.03804358386094,-25.512029381182742,22533.523020953442,22176.2599609375,21818.996900921557,0.5973571936172136,-13836081,bull,hold
2025-09-04,22339.8984375,22389.410623753323,22260.678939494683,22270.581376745347,379555,22202.00634765625,21764.450703125,20912.340419921875,0.023593513200055316,59.42440037867046,173.13188890129823,199.4568126473484,-26.32492374605019,22527.060297035612,22202.00634765625,21876.952398276888,0.7121064674141517,-13456526,bull,hold
2025-09-05,22552.80078125,22562.703218475574,22483.483720670964,22508.239813734905,816402,22238.89296875,21804.237890625,20921.61181640625,0.03381756177527451,65.01645345069397,182.34942055803913,196.03533422948658,-13.685913671447452,22546.926610284998,22238.89296875,21930.859327215,1.0095349503640736,-12640124,bull,hold
2025-09-08,22448.82421875,22493.385184336403,22384.45837956964,22424.068126757553,990528,22265.38193359375,21838.4886328125,20929.89693359375,0.024169816648639042,60.62226957820273,179.19865068160652,192.66799751991056,-13.469346838304034,22548.986825319378,22265.38193359375,21981.777041868125,0.8234117085217973,-13630652,bull,hold
2025-09-09,22453.775390625,22478.53148256615,22384.458333189774,22424.06808029562,585165,22285.6818359375,21871.850703125,20938.476826171875,0.01841446602734731,60.758276263647076,175.0829141965769,189.15098085524386,-14.068066658666964,22562.10806098908,22285.6818359375,22009.255610885917,0.8040477701711077,-13045487,bull,hold
2025-09-10,22513.19140625,22557.75237450517,22493.386531469925,22523.09384364004,575239,22309.44775390625,21905.2159375,20946.961044921874,0.021568250182945947,62.435043100664416,174.6028265821369,186.2413500006225,-11.63852341848559,22578.190129050392,22309.44775390625,22040.705378762108,0.8790687126183032,-12470248,bull,hold
2025-09-11,22636.970703125,22636.970703125,22547.848771222933,22572.604863417953,818884,22335.4416015625,21938.5875390625,20957.929775390625,0.023505663040606306,65.72113844134842,182.11104570521275,185.41528914154054,-3.304243436327795,22624.53326111609,22335.4416015625,22046.34994200891,1.0215112432301183,-11651364,bull,hold
2025-09-12,22740.9453125,22770.652621856632,22716.189221369477,22750.847748952212,684253,22364.15859375,21972.7546875,20970.22845703125,0.0259101396720256,68.23483231374479,194.21248484630996,187.1747282824944,7.037756563815549,22691.970809859264,22364.15859375,22036.346377640733,1.0746990201005997,-10967111,bull,hold
2025-09-15,22770.65234375,22800.359652743802,22726.091380259295,22780.554780081267,632266,22393.618359375,22005.0467578125,20982.700205078127,0.026562516234615252,68.9357444592636,203.85021333467375,190.5098252929303,13.340388041743466,22754.673479041754,22393.618359375,22032.563239708245,1.022128012923614,-10334845,bull,hold
2025-09-16,22721.142578125,22815.21573327522,22711.240140740763,22800.36207719887,846921,22417.87939453125,22035.1633984375,20994.457998046873,0.021821479039757508,66.30967834800123,205.12856388584987,193.43357301151423,11.694990874335645,22797.99410704167,22417.87939453125,22037.76468202083,0.8989100837361503,-11181766,bull,hold
2025-09-17,22686.484375,22721.14290634548,22651.82584365452,22676.581937472718,811991,22441.39775390625,22065.27828125,21005.944326171873,0.021172340041699655,64.45852911275816,201.02771618935367,194.95240164708213,6.075314542271542,22826.83629793813,22441.39775390625,22055.95920987437,0.8179321643990511,-11993757,bull,hold
2025-09-18,22849.873046875,22889.482794301868,22745.897459879467,22745.897459879467,660077,22472.3427734375,22097.77203125,21017.192060546877,0.02783955520951986,68.87054093921347,208.55774134948297,197.6734695875623,10.884271761920672,22883.73937398096,22472.3427734375,22060.94617289404,0.9588398068175312,-11333680,bull,hold
2025-09-19,22998.408203125,23052.8716025296,22943.9448037204,22943.9448037204,1112909,22520.6169921875,22132.7426171875,21028.421484375,0.04382007501735008,72.24382480431305,223.92956564759515,202.92468879956888,21.00487684802627,22940.9225090649,22520.6169921875,22100.3114753101,1.0683856049370708,-10220771,bull,hold
2025-09-22,23047.921875,23156.84868085392,23028.11700120838,23141.9950255102,672111,22560.721875,22165.83921875,21040.34033203125,0.03605609971393853,73.28314002972687,237.37092243360894,209.8139355263769,27.556986907232044,23019.776332811765,22560.721875,22101.667417188233,1.030655994849064,-9548660,bull,hold
2025-09-23,23206.361328125,23231.117420858223,23137.04426847197,23137.04426847197,859486,22605.2828125,22203.1910546875,21052.486787109374,0.039937846996937365,76.33657177360789,257.8358629291033,219.41832100692218,38.41754192218113,23128.82508310375,22605.2828125,22081.74054189625,1.0740496511693638,-8689174,bull,hold
2025-09-24,23171.703125,23171.703125,23067.727534054487,23102.386064369657,663516,22641.4267578125,22235.6026953125,21064.7790625,0.032201192329985195,74.33521374408778,268.16659084091225,229.16797497372022,38.99861586719203,23214.263126899517,22641.4267578125,22068.590388725483,0.9628515190408133,-9352690,bull,hold
2025-09-25,23151.896484375,23186.555012046218,23127.14039318127,23171.70135732998,532769,22682.27431640625,22269.9886328125,21076.898671875,0.03657726313830656,73.1548262988436,271.62441954428505,237.6592638878332,33.965155656451856,23277.92279215324,22682.27431640625,22086.625840659257,0.8942108366682271,-9885459,bull,hold
2025-09-26,23260.822265625,23260.822265625,23132.09059706258,23141.993033105842,845029,22722.87421875,22301.7134765625,21088.92466796875,0.03617107243402051,75.46245358890226,279.92734572733025,246.11288025573262,33.81446547159763,23358.678791451654,22722.87421875,22087.069646048345,0.9230451226460652,-9040430,bull,hold
2025-09-29,23211.310546875,23315.28612739641,23186.554456274665,23315.28612739641,960426,22766.44482421875,22329.18875,21100.163046875,0.03900698616929432,72.41531723871938,279.2927793239942,252.74886006938493,26.54391925460925,23410.67598113863,22766.44482421875,22122.21366729887,0.8452687112985878,-10000856,bull,hold
2025-09-30,23241.01953125,23275.678060589315,23176.653691048414,23206.36100191068,406501,22812.49130859375,22358.838515625,21110.86265625,0.04126012457597139,73.11678333387957,277.9827356894857,257.79563519340513,20.187100496080575,23454.16906685412,22812.49130859375,22170.813550333383,0.8339123237012435,-9594355,bull,hold
2025-10-01,23201.41015625,23374.702805731165,23201.41015625,23300.434527382095,847015,22860.27060546875,22388.4862109375,21120.505048828127,0.04295574432771887,70.54119544731662,270.628731580513,260.3622544708267,10.266477109686264,23467.434633122433,22860.27060546875,22253.10657781507,0.7809286578616528,-10441370,bull,hold
2025-10-02,23394.505859375,23468.774131944443,23384.603423032408,23384.603423032408,864852,22913.0009765625,22422.9834765625,21130.990185546874,0.047207350777598966,75.13888106413816,277.1866051737052,263.7271246114024,13.459480562302758,23513.376035169924,22913.0009765625,22312.625917955076,0.9010034027140931,-9576518,bull,hold
2025-10-10,23850.01953125,23884.678060774342,23765.848816690886,23765.848816690886,950866,22977.8619140625,22467.7762890625,21142.108203125,0.05751918631225994,82.19748719988974,315.5029915837695,274.0822980058758,41.420693577893644,23680.19685151718,22977.8619140625,22275.526976607824,1.120898641571408,-8625652,bull,hold
2025-10-13,23547.994140625,23656.920942789373,23478.67708470222,23557.8965771854,1392468,23032.82041015625,22502.1827734375,21153.139853515626,0.048963362676114563,68.34224185254716,317.8342832046619,282.83269504563305,35.00158815902887,23732.982244119397,23032.82041015625,22332.658576193106,0.8678961816246796,-10018120,bull,hold
2025-10-14,23557.89453125,23731.18715600699,23493.528699197406,23617.309145452396,1158490,23088.0263671875,22532.8365625,21164.000068359375,0.04917298411589166,68.52950521163186,316.82852537112194,289.6318611107308,27.196664260391117,23770.754528735997,23088.0263671875,22405.298205639003,0.8441107240960963,-8859630,bull,hold
2025-10-15,23597.5078125,23661.87365420426,23547.995626573647,23651.97121701899,1010822,23142.2421875,22562.70234375,21174.44466796875,0.048163602693351404,69.31170656164119,315.5899908106985,294.8234870507244,20.766503759974114,23805.7084971519,23142.2421875,22478.7758778481,0.8430962645555158,-7848808,bull,hold
2025-10-16,23587.60546875,23627.215217647987,23533.142064015272,23617.31278042349,1027948,23189.77392578125,22596.0735546875,21185.085224609375,0.04199478711582927,68.85101822024664,310.2332312883045,297.9054358982404,12.327795390064125,23837.66304850181,23189.77392578125,22541.88480306069,0.8070213166245251,-8876756,bull,hold
2025-10-17,23290.533203125,23379.655141402265,23265.777109159095,23325.191734677268,967230,23217.2533203125,22619.2453125,21194.191318359375,0.024167328273856148,56.67971502356387,278.80284601391395,294.0849179213751,-15.282071907461159,23832.46134075646,23217.2533203125,22602.045299868536,0.559556995664344,-9843986,bull,hold
2025-10-20,23617.3125,23647.019811320755,23557.89787735849,23567.80031446541,714636,23259.586328125,22651.7253125,21204.440380859374,0.037182077327810426,64.18073743888323,277.06852401388096,290.68163913987627,-13.613115125995307,23862.439176848387,23259.586328125,22656.73347940161,0.7966944359909125,-9129350,bull,hold
2025-10-21,23914.384765625,23924.28720238095,23810.4091796875,23830.214053199405,984715,23319.2484375,22699.25703125,21216.5184375,0.05251682143171821,69.37268544949075,296.25032114047644,291.7953755399963,4.45494560048013,23933.22005932082,23319.2484375,22705.276815679175,0.9846611040100168,-8144635,bull,hold
2025-10-22,24013.40625,24028.259903350514,23924.284329896906,23973.79650773196,690901,23385.59453125,22742.0355078125,21231.276357421873,0.05848953293363679,70.8874527065505,315.8018723876339,296.59667490952387,19.20519747811005,23998.494912837763,23385.59453125,22772.69414966224,1.0121645683460077,-7453734,bull,hold
2025-10-23,24038.1640625,24067.8713713311,23815.359246266737,23845.066555097837,1033423,23445.00908203125,22786.299375,21246.477177734374,0.0520042721107159,71.27004781557307,329.49613977628906,303.1765678828769,26.31957189341216,24068.945312131138,23445.00908203125,22821.072851931363,0.9753330163034368,-6420311,bull,hold
2025-10-24,24171.84765625,24186.701311098168,24067.87207231283,24107.48181857461,791681,23503.6810546875,22833.4349609375,21260.30896484375,0.05102263786089134,73.30973086023225,347.134543188753,311.96816294405215,35.16638024470086,24167.981597601825,23503.6810546875,22839.38051177317,1.0029098716608102,-5628630,bull,hold
2025-10-27,24419.408203125,24439.21307595803,24325.33505716811,24404.55454850023,1458025,23572.25537109375,22883.4422265625,21274.912138671876,0.0595058563441524,76.6199798952448,376.74627560520094,324.9237854762819,51.822490128919014,24312.966799341724,23572.25537109375,22831.543942845776,1.0718507908235226,-4170605,bull,hold
2025-10-28,24587.75,24592.701218284332,24488.72563431333,24518.43294401933,725869,23641.3248046875,22934.2416796875,21288.442333984374,0.059526293344438486,78.56665254542966,409.08192125933783,341.7554126328931,67.3265086264447,24483.370677215127,23641.3248046875,22799.278932159876,1.0619795940995176,-3444736,bull,hold
2025-10-29,24622.408203125,24657.066730658054,24538.23749340187,24582.79845737294,743437,23713.86005859375,22985.9323828125,21302.36673828125,0.06260675230901924,78.95515392751477,432.51897128028213,359.9081243623709,72.6108469179112,24628.4046565961,23713.86005859375,22799.3154605914,0.9967216177952404,-2701299,bull,hold
2025-10-30,24443.734375,24493.366322969545,24354.396868654825,24453.66076459391,2031587,23778.451953125,23032.4651953125,21315.913271484376,0.05579836155093609,71.7361056952323,431.6991584117277,374.2663311722423,57.43282723948539,24707.47620586489,23778.451953125,22849.427700385113,0.8580543887379375,-4732886,bull,hold
2025-10-31,24349.43359375,24443.73429458189,24334.54400940812,24428.844710240013,868401,23832.88251953125,23076.1217578125,21330.38751953125,0.04680020833716436,68.19226953479318,418.6146369088783,383.13599231956954,35.47864458930877,24761.780374008045,23832.88251953125,22903.984665054453,0.7780451433541632,-5601287,bull,hold
2025-11-03,24354.396484375,24468.54996290376,24319.65412134451,24379.21245796821,1193928,23890.03681640625,23119.580546875,21345.35296875,0.049246936539474984,68.28107881356948,403.98859410711884,387.3065126770794,16.682081430039432,24799.38261923021,23890.03681640625,22980.691013582287,0.7553262282218094,-4407359,bull,hold
2025-11-04,24309.7265625,24488.40156377603,24309.7265625,24369.284896258676,1261042,23943.47216796875,23161.056640625,21358.892255859377,0.045983655313099,66.48181962000362,384.3621725703306,386.71764465572966,-2.3554720853990716,24818.95583499862,23943.47216796875,23067.98850093888,0.7091726027133038,-5668401,bull,hold
2025-11-05,24423.880859375,24423.880859375,24220.389878835602,24294.837798545137,1176917,24004.595703125,23205.2119140625,21373.738740234374,0.052689500116254395,68.74818707966847,373.71147655779714,384.1164110361432,-10.404934478346036,24833.784825909792,24004.595703125,23175.406580340208,0.7528284228101371,-4491484,bull,hold
2025-11-06,24463.5859375,24488.401910250555,24369.285241047877,24438.76996474944,911097,24058.04970703125,23249.8641796875,21389.446533203125,0.04569791234537157,69.52015823821684,364.2754505686862,380.14821894265185,-15.872768373965641,24860.432260911333,24058.04970703125,23255.667153151164,0.7527075324031525,-3580387,bull,hold
2025-11-07,24433.80859375,24448.69817851158,24260.09677153159,24284.912746134218,1085179,24087.23916015625,23297.881875,21404.907255859376,0.024477508780866186,68.16033592166394,350.35586488697663,374.18974813151686,-23.83388324454023,24899.638879173122,24087.23916015625,23274.839441139375,0.7132998236466359,-4665566,bull,hold
2025-11-10,24478.4765625,24572.77726296381,24433.807809648722,24508.25573106752,1120702,24133.76328125,23342.534921875,21420.4440234375,0.03951429647545779,69.13560425651724,339.02080392681455,367.1559592905764,-28.13515536376184,24923.568086797048,24133.76328125,23343.958475702955,0.7182268826607342,-3544864,bull,hold
2025-11-11,24870.568359375,24949.979473673542,24766.34127185816,24766.34127185816,923033,24199.39697265625,23393.6434375,21439.193173828124,0.055721186219919394,76.06586554736903,357.55455131355484,365.2356776951721,-7.6811263816172755,25004.885573605778,24199.39697265625,23393.908371706722,0.9166237647109832,-2621831,bull,hold
2025-11-12,25044.279296875,25083.98485263699,24885.45707382704,24905.309851708036,757318,24271.735546875,23445.5525390625,21458.418134765627,0.06131035090106507,78.38184425700231,381.85788059019615,368.56011827417694,13.297762316019202,25107.31410399119,24271.735546875,23436.15698975881,0.962280741541681,-1864513,bull,hold
2025-11-13,25113.765625,25193.17674160079,25019.46492403656,25044.28089797431,798769,24348.0435546875,23501.1289453125,21478.35873046875,0.06470178409045935,79.24692409998632,402.0903626876752,375.26616715687663,26.82419553079859,25198.394079248712,24348.0435546875,23497.69303012629,0.9502390768251827,-1065744,bull,hold
2025-11-14,24433.80859375,25088.950323259447,24339.507890260007,25014.502399451554,1479027,24405.20732421875,23540.8286328125,21493.230302734373,0.04908755762069039,55.74093271754016,359.11820955678195,372.0365756368577,-12.91836608007577,25103.656125553654,24405.20732421875,23706.758522883847,0.520474850466194,-2544771,bull,hold
2025-11-17,24552.923828125,24592.629385154512,24404.027989264327,24408.991183893017,795320,24451.987890625,23585.089140625,21508.722001953123,0.03961548665306425,58.086360451608314,330.8601229849228,363.80128510647074,-32.94116212154796,25051.392115511793,24451.987890625,23852.58366573821,0.5841968852647494,-1749451,bull,hold
2025-11-18,24220.390625,24428.844806608606,24175.721871798156,24418.918417008197,863205,24467.28818359375,23623.09515625,21522.158291015625,0.012795890940705323,50.103789894680176,278.4232455299316,346.72567719116296,-68.30243166123137,25025.206693449323,24467.28818359375,23909.36967373818,0.278733314783134,-2612656,bull,hold
2025-11-19,24136.015625,24215.42673953835,24046.678121144356,24116.162846365412,667488,24473.41865234375,23660.898984375,21535.86001953125,0.005105871850229482,48.290393297664316,227.43653817311497,322.86784938755335,-95.43131121443838,25013.66792142051,24473.41865234375,23933.169383266988,0.18773393444812844,-3280144,bull,hold
2025-11-20,24577.73828125,24647.22300175434,24498.32717210218,24542.99592099783,1065530,24500.39736328125,23705.65578125,21550.9357421875,0.022446565276245334,57.053708939407805,220.1349532705026,302.32127016414324,-82.18631689364065,25003.63197532776,24500.39736328125,23997.162751234737,0.5768437982179206,-2214614,bull,hold
2025-11-21,24081.419921875,24106.235894589216,23972.22964193245,24006.972003732353,953395,24495.8759765625,23736.2281640625,21563.235302734374,-0.003741035259736125,47.34490338000134,172.3133301257767,276.3196821564699,-104.00635203069322,25012.289319044627,24495.8759765625,23979.462634080373,0.09871674432787861,-3168009,bull,hold
2025-11-24,24404.02734375,24418.91692724222,24230.315536340757,24299.800259304455,710136,24495.10693359375,23775.3322265625,21577.00017578125,-0.0006298620853978365,52.949505777261734,158.61762678445666,252.77927108206728,-94.16164429761062,25012.019058408227,24495.10693359375,23978.194808779273,0.4119003158646751,-2457873,bull,hold
2025-11-25,24567.814453125,24652.18876538826,24538.035284090907,24627.372791193182,886009,24494.11015625,23817.6130078125,21590.426845703125,-0.0008107918323149166,55.5370777807491,159.14540495112306,234.05249785587844,-74.90709290475539,25010.38033711325,24494.11015625,23977.839975386752,0.5713815165072669,-1571864,bull,hold
2025-11-26,24771.3046875,24791.157466251752,24572.77689998247,24657.15120967742,2125419,24501.55498046875,23862.7752734375,21606.76669921875,0.006047194212144724,58.584546211153395,173.97812272470765,222.0376228296443,-48.05950010493666,25029.180303858917,24501.55498046875,23973.929657078585,0.7556261944536881,553555,bull,hold
2025-11-27,24855.677734375,24949.978428654777,24806.045790017222,24915.236067604335,895254,24522.1521484375,23907.1494140625,21622.78982421875,0.016852717880796453,59.81440832758016,190.3471546601395,215.69952919574337,-25.35237453560387,25070.881087944726,24522.1521484375,23973.423208930275,0.8039074139565291,1448809,bull,hold
2025-11-28,25004.576171875,25004.576171875,24825.901153576568,24860.64351824571,896217,24554.90927734375,23952.42203125,21640.41916015625,0.02690586520637428,61.96120934387607,212.88063447097375,215.13575025078944,-2.2551157798156964,25135.763457777422,24554.90927734375,23974.05509691008,0.8870738213466272,2345026,bull,hold
2025-12-01,24910.275390625,25009.53928937226,24870.569831126097,25004.5760944349,927233,24582.70322265625,23995.2144921875,21656.1736328125,0.02282458145109989,59.78295476781769,220.58651063933576,216.22590232849873,4.360608310837023,25175.592338940267,24582.70322265625,23989.814106372236,0.776250785325455,1417793,bull,hold
2025-12-02,24885.45703125,25014.500087255685,24880.493836788242,24959.904948176354,886047,24611.48974609375,24038.50078125,21671.828623046877,0.023683132233914828,59.19315755177033,222.13025947478673,217.40677375775633,4.7234857170304,25204.475050133547,24611.48974609375,24018.504442053953,0.7310068085075706,531746,bull,hold
2025-12-03,25019.46484375,25079.02318100947,24959.906506490526,24979.759285577016,1018543,24641.2689453125,24085.160390625,21688.449111328126,0.024385313202442527,61.407139348486936,231.49843224358847,220.22510545492275,11.273326788665713,25253.09709534247,24641.2689453125,24029.440795282528,0.8090703642999879,1550289,bull,hold
2025-12-04,25148.5078125,25168.36059151125,25004.575164668444,25029.391138432504,762012,24675.5150390625,24131.1330859375,21705.443994140624,0.02799760741331414,63.46286186566868,246.49403596850607,225.47889155763943,21.01514441086664,25319.55425281011,24675.5150390625,24031.475825314887,0.8672080545260551,2312301,bull,hold
2025-12-05,25158.43359375,25227.91831860944,25138.58081521873,25183.249566914088,814531,24711.7462890625,24174.33359375,21722.21767578125,0.029656653698488578,63.62336925482001,256.2254797163114,231.62820918937382,24.597270526937564,25378.44964130364,24711.7462890625,24045.04293682136,0.8349970441771066,3126832,bull,hold
2025-12-08,25153.470703125,25222.95542882424,25123.691534968184,25203.102650053028,717324,24745.49599609375,24216.4445703125,21739.43431640625,0.027575006103895516,63.47322602191307,260.53398163733436,237.40936367896595,23.124617958368418,25429.65849690804,24745.49599609375,24061.333495279458,0.7981562907537898,2409508,bull,hold
2025-12-09,25123.69140625,25148.50737958687,25088.949043578377,25118.728211582624,1390804,24758.1521484375,24254.791171875,21755.837333984375,0.01017761408655482,62.519834388338126,258.56498388585896,241.64048772034454,16.924496165514427,25460.231452500208,24758.1521484375,24056.072844374794,0.7603261880084211,1018704,bull,hold
2025-12-10,25083.986328125,25108.802301935964,25014.501601454293,25059.170354314032,1082211,24760.1375,24293.0368359375,21772.066435546876,0.001585473104628532,61.19991358908013,250.90835566734313,243.49406130974427,7.4142943575988625,25465.658170303715,24760.1375,24054.616829696286,0.7295105173783129,-63507,bull,hold
2025-12-11,25054.20703125,25123.691757564877,24989.6854996719,25103.83897861777,1079645,24757.1595703125,24331.083046875,21787.8758203125,-0.0023715517075110215,60.17381133549834,239.67466194865483,242.7301814375264,-3.0555194888715675,25457.165821462175,24757.1595703125,24057.153319162822,0.7121748630456062,-1143152,bull,hold
2025-12-12,25366.888671875,25366.888671875,25272.587970492565,25312.293528969378,951704,24803.81357421875,24373.204375,21805.544052734374,0.038188073486164376,66.52104334902782,253.08526456137406,244.80119806229595,8.284066499078108,25535.076257511395,24803.81357421875,24072.550890926108,0.8850019360490955,-191448,bull,hold
2025-12-15,25103.83984375,25203.103741906387,25079.0238692109,25143.545403012555,822139,24831.359375,24411.0549609375,21822.118623046874,0.0224378986177578,58.12799638805867,239.72403229001793,243.78576490784036,-4.061732617822429,25564.24684723323,24831.359375,24098.47190276677,0.6858951606306675,-1013587,bull,hold
2025-12-16,24949.98046875,24969.83324811642,24845.75337707629,24959.90685843321,705638,24867.8388671875,24445.2341796875,21838.367060546876,0.03012295941242682,53.848373818541816,214.25025022796035,237.87866197186437,-23.628411743904024,25546.041391243973,24867.8388671875,24189.636343131027,0.5605583130767442,-1719225,bull,hold
2025-12-17,25093.912109375,25093.912109375,24915.237102267107,24925.16349155088,948234,24915.73369140625,24483.08421875,21857.058564453124,0.03968743222816018,57.0351421325154,203.33228689325915,230.96938695614335,-27.6371000628842,25510.621729186703,24915.73369140625,24320.845653625798,0.6497579432203234,-770991,bull,hold
2025-12-18,24806.048828125,24840.791193430498,24721.67451238308,24781.23285290679,838938,24927.14921875,24511.315078125,21875.000126953124,0.009289322893033525,49.65090951288176,169.49769732170535,218.67504902925577,-49.17735170755043,25504.148780990217,24927.14921875,24350.149656509784,0.39506024046636606,-1609929,bull,hold
2025-12-19,24930.126953125,25004.574873550417,24875.531811479694,24940.053342515053,577014,24969.5845703125,24532.9172265625,21893.709814453126,0.03524323042425981,52.505227082684385,150.9554881437507,205.13113685215478,-54.17564870840408,25396.990259603543,24969.5845703125,24542.17888102146,0.45384055690396663,-1032915,bull,hold
2025-12-22,25267.623046875,25297.402213695124,25193.175129824693,25213.027907704774,860966,25012.76435546875,24567.3098046875,21913.269873046876,0.03538742564743802,59.26906580942913,161.63059113089184,196.43102770790222,-34.80043657701037,25371.946815024796,25012.76435546875,24653.581895912703,0.8547760819407202,-171949,bull,hold
2025-12-23,25416.521484375,25456.227044202184,25347.036754677432,25347.036754677432,728394,25055.19970703125,24604.48234375,21934.091455078124,0.034545483598849236,61.85039586101894,180.03026978313937,193.15087612294965,-13.12060633981028,25394.046108389142,25055.19970703125,24716.353305673358,1.0331645487391778,556445,bull,hold
2025-12-24,24979.759765625,25476.07925232528,24969.833375890994,25466.152862591272,1400181,25065.6224609375,24632.1273828125,21952.9754296875,0.00841518364715732,51.53352239785352,157.5529547553233,186.0312918494244,-28.478337094101107,25380.902192360536,25065.6224609375,24750.34272951446,0.36383093051216586,-843736,bull,hold
2025-12-26,24900.34765625,25178.28655773495,24716.709453483156,25093.91224835559,1254885,25067.85595703125,24658.3822265625,21972.9641796875,0.0017971717509526197,49.90360938359448,131.81217836167707,175.18746915187495,-43.37529079019788,25377.741661118416,25067.85595703125,24757.970252944084,0.22972567212372533,-2098621,bull,hold
2025-12-29,24716.708984375,24915.23676738203,24716.708984375,24900.3471836565,1104112,25053.46259765625,24686.9057421875,21992.30556640625,-0.011512580158178909,46.259918258886536,95.49353154059281,159.24868162961852,-63.755150089025705,25398.513966962975,25053.46259765625,24708.411228349523,0.012023943046724429,-3202733,bull,hold
2025-12-30,24815.97265625,24815.97265625,24602.55529140625,24716.708765625,867178,25048.7474609375,24710.8789453125,22013.522001953126,-0.0037856961794364707,48.45091356024132,73.86897544526073,142.17274039274696,-68.30376494748623,25403.925298936556,25048.7474609375,24693.56962293844,0.17231231824757556,-2335555,bull,hold
2026-01-02,24741.52734375,24766.34331901956,24632.337052563944,24731.600953642177,1549460,25041.5509765625,24727.421796875,22033.9723046875,-0.005783686725916226,46.90634764777829,50.146190322764596,123.7674303787505,-73.62124005598591,25415.032202665872,25041.5509765625,24668.069750459126,0.09834174806760167,-3885015,bull,hold
2026-01-05,24736.564453125,24830.865160309866,24736.564453125,24756.417233584973,1464330,25027.40595703125,24741.8849609375,22056.0965625,-0.011307211900484337,46.79923881286163,30.59259599946381,105.13246350289317,-74.53986750342936,25423.882559600293,25027.40595703125,24630.929354462205,0.13321731721154864,-5349345,bull,hold
2026-01-06,24935.091796875,24954.944576968053,24860.64387152605,24880.4966516191,1010204,25016.73515625,24759.823515625,22080.518349609374,-0.00848622976822988,51.56391130671531,30.76113389717284,90.25819758174912,-59.497063684576275,25411.08206112046,25016.73515625,24622.38825137954,0.39648281961054094,-4339141,bull,hold
2026-01-07,25049.244140625,25118.728867783462,25049.244140625,25079.0233094072,1094273,25011.27568359375,24777.3714453125,22105.535517578126,-0.004340073586780235,54.108938881104415,39.64879489797022,80.13631704499333,-40.487522147023114,25400.616068590225,25011.27568359375,24621.935298597276,0.5487599777654624,-3244868,bull,hold
2026-01-08,24940.0546875,25044.281781716418,24925.16510261194,25029.392196828358,1053987,25000.6048828125,24787.784375,22130.302177734375,-0.008484555397696547,51.33062978666087,37.449954180388886,71.59904447207245,-34.149090291683564,25385.443904707325,25000.6048828125,24615.765860917672,0.421330489025816,-4298855,bull,hold
2026-01-09,25158.43359375,25178.28637228127,25064.132895726474,25079.022479624928,569025,25002.3419921875,24799.198046875,22155.717578125,0.0013828456550519785,56.17711796946125,52.72097515174028,67.82343060800602,-15.102455456265744,25389.69315654085,25002.3419921875,24614.99082783415,0.7014859072685153,-3729830,bull,hold
2026-01-12,25356.9609375,25381.776910231943,25203.101906561948,25327.181770221665,905346,25015.99072265625,24813.8891015625,22180.6976171875,0.010882425377059413,60.06994958680836,79.92158054066749,70.24306059453832,9.678519946129171,25432.05986704098,25015.99072265625,24599.92157827152,0.9097518638974834,-2824484,bull,hold
2026-01-13,25620.009765625,25624.972960077856,25490.966709850833,25495.929904303688,637272,25044.280859375,24837.414609375,22207.706884765626,0.02258314276996587,64.56190809590885,121.30576101728366,80.45560067908738,40.850160338196275,25536.812999617705,25044.280859375,24551.748719132298,1.084458210144721,-2187212,bull,hold
2026-01-14,25595.1953125,25684.532817953754,25585.26892300514,25629.937675732017,685995,25055.69619140625,24862.32984375,22232.72095703125,0.00900018301724681,63.832400073654284,150.36736187055794,94.4379529173815,55.92940895317645,25586.68852350317,25055.69619140625,24524.703859309328,1.0080102748030622,-2873207,bull,hold
2026-01-15,25426.447265625,25456.226434782475,25277.55141983762,25297.404199275938,1174792,25071.8265625,24883.770859375,22257.334453125,0.012850919376595549,58.95391380588161,157.96145154197802,107.1426526423008,50.81879889967722,25626.749810178375,25071.8265625,24516.903314821622,0.8195222984517431,-4047999,bull,hold
2026-01-16,25600.158203125,25610.08459250194,25471.115141224796,25471.115141224796,762255,25104.33544921875,24909.5794921875,22281.6347265625,0.02605924823024819,62.15995194660452,175.96838915871194,120.90779994558304,55.06058921312891,25701.470333759782,25104.33544921875,24507.200564677718,0.9151681359960637,-3285744,bull,hold
2026-01-19,25351.998046875,25600.157777169392,25292.439711604344,25600.157777169392,1213732,25117.23974609375,24928.1418359375,22303.63552734375,0.010284802798985693,55.49166526204789,168.27479916716402,130.38119978989923,37.89359937726479,25723.993081541816,25117.23974609375,24510.486410645684,0.6934544790000119,-4499476,bull,hold
2026-01-20,25267.623046875,25361.923741805393,25237.843880054876,25282.512630285062,760811,25140.31845703125,24944.222578125,22325.23908203125,0.018607325251519757,53.39434258914701,153.59862696105483,135.02468522413037,18.573941736924468,25732.91796127399,25140.31845703125,24547.718952788513,0.6074119948905682,-5260287,bull,hold
2026-01-21,25019.46484375,25143.544713040566,24949.98011694728,25123.691933954076,1126898,25144.7853515625,24955.935703125,22346.53740234375,0.0035835313150622827,47.685789966112964,120.55369376440649,132.1304869321856,-11.576793167779101,25732.305040889998,25144.7853515625,24557.265662235,0.39334782298449716,-6387185,bull,hold
2026-01-22,25222.95703125,25312.294541396102,25173.32508116883,25208.06744622565,780647,25142.55205078125,24970.8253125,22369.222509765626,-0.0017677173488831466,52.19886697224049,109.5229525845316,127.60898006265481,-18.086027478123214,25728.524556314624,25142.55205078125,24556.579545247878,0.5686081511585274,-5606538,bull,hold
2026-01-23,25327.18359375,25366.889152979864,25227.919695675337,25227.919695675337,730454,25138.08515625,24979.9576171875,22394.866142578125,-0.003514953479370586,54.37015493092901,107.94687883865481,123.67655981785481,-15.729680979199998,25716.95463711517,25138.08515625,24559.21567538483,0.6633342607882667,-4876084,bull,hold
2026-01-26,24825.900390625,24930.127481429303,24746.48927382172,24850.716364626023,1515674,25130.3921875,24975.5900390625,22416.969306640625,-0.006159361676957631,44.0147537041678,65.49349569628248,112.03994699354035,-46.546451297257875,25721.435018874097,25130.3921875,24539.349356125906,0.24241139498545428,-6391758,bull,hold
2026-01-27,25079.0234375,25173.32413912527,25079.0234375,25113.76580125668,661521,25139.3259765625,24974.8951953125,22440.141123046877,0.007175633999839004,49.26902824803314,51.6780853417622,99.96757466318473,-48.289489321422536,25721.525281435297,25139.3259765625,24557.126671689704,0.4482114298679246,-5730237,bull,hold
2026-01-28,24845.751953125,24994.64778983969,24776.26722932481,24959.905427939597,912464,25145.778125,24983.1340625,22464.3131640625,0.005220879884598517,45.07095001536465,21.656570380626363,84.30537380667306,-62.6488034260467,25711.733623910353,25145.778125,24579.822626089648,0.23493837196330086,-6642701,bull,hold
2026-01-29,24850.728515625,24870.63298379931,24731.301706579146,24830.82404745069,1004169,25147.51591796875,24989.09015625,22492.94173828125,0.0014005439100226447,45.17827028575823,-1.7143673567952646,67.1014255739794,-68.81579293077466,25709.61028015738,25147.51591796875,24585.42155578012,0.23599859533535575,-5638532,bull,hold
2026-01-30,24835.798828125,24920.392813313963,24795.989893918428,24850.727178452464,890565,25152.2294921875,25001.3983203125,22528.586298828126,0.003810253225891236,44.89488164416599,-21.196366383475834,49.44186718248836,-70.63823356596419,25702.07434777631,25152.2294921875,24602.38463659869,0.21225459250351145,-6529097,bull,hold
2026-02-02,25000.01171875,25169.199696146,24910.441613069765,25014.940069696706,1022991,25165.40185546875,25018.6782421875,22560.0786328125,0.010650115383816772,48.706066846607605,-23.118882991180726,34.929717147754545,-58.04860013893527,25686.663676217326,25165.40185546875,24644.140034720174,0.3413559845211415,-5506106,bull,hold
2026-02-03,25223.935546875,25318.481764154665,25218.95943017607,25288.625063961084,938122,25179.84404296875,25031.6021875,22595.127978515626,0.011583825411711546,53.43541808656141,-6.498795662555494,26.64401458569254,-33.14281024824803,25690.68283616972,25179.84404296875,24669.005249767783,0.5431559862847998,-4567984,bull,hold
2026-02-04,25059.724609375,25084.605193776682,25000.011206810963,25019.915674332307,817115,25180.36806640625,25051.16828125,22622.437978515623,0.0004183946106781633,49.808595454945966,-6.5027473775917315,20.014662193035686,-26.517409570627418,25690.69114348949,25180.36806640625,24670.044989323007,0.3817969807275933,-5385099,bull,hold
2026-02-05,25209.0078125,25209.0078125,25069.676541526846,25104.509359270134,888075,25193.81572265625,25067.267890625,22652.611748046875,0.010783982969163164,52.935969112018924,5.476893520914018,17.107108458611354,-11.630214937697335,25692.13311966767,25193.81572265625,24695.498325644832,0.515243386980729,-4497024,bull,hold
2026-02-06,24880.583984375,24905.464568359374,24711.39601328125,24781.0616484375,1115161,25179.9232421875,25073.52328125,22681.438828125,-0.011043994783682565,46.12655369378687,-11.398814497588319,11.40592386737142,-22.80473836495974,25696.566900306014,25179.9232421875,24663.279584068983,0.21030394633835636,-5612185,bull,hold
2026-02-09,25258.771484375,25427.959473041028,25258.771484375,25388.150534531374,951995,25175.01376953125,25083.2726171875,22712.25533203125,-0.003872287904178151,53.53816322272039,5.678181379622401,10.260375369821617,-4.582193990199215,25686.676937771776,25175.01376953125,24663.350601290727,0.5818484894386373,-4660190,bull,hold
2026-02-10,25323.458984375,25353.315685869646,25209.008295312193,25313.506750543453,478692,25160.18623046875,25092.6282421875,22744.70015625,-0.011574967533692693,54.686484493937336,24.15314189447963,13.03892867475322,11.11421321972641,25635.289043688615,25160.18623046875,24685.083417248883,0.6718288645774573,-4181498,bull,hold
2026-02-11,25154.271484375,25308.531111677792,25154.271484375,25308.531111677792,523407,25138.1400390625,25095.6221484375,22776.7914453125,-0.01722682021924893,51.12728481348877,24.856137831822707,15.402370506167118,9.453767325655589,25569.346441451977,25138.1400390625,24706.93363667302,0.5187050160005869,-4704905,bull,hold
2026-02-12,25014.94140625,25129.392102956535,24980.10858551323,25084.607047723544,589856,25117.56474609375,25097.71546875,22808.210693359375,-0.016184166630755836,48.33721382813452,14.009007187782117,15.12369784249012,-1.1146906547080029,25530.67122145623,25117.56474609375,24704.458270731273,0.37579069082165256,-5294761,bull,hold
2026-02-13,24572.064453125,24666.61067115039,24547.183869434106,24606.897270292247,985003,25066.16005859375,25091.4476171875,22838.81892578125,-0.04015966393029946,40.72890487977815,-29.978319431480486,6.103294387695999,-36.08161381917648,25482.119212081714,25066.16005859375,24650.200905105783,-0.09392322698705037,-6279764,bull,hold
2026-02-19,24850.728515625,24965.17920762728,24850.728515625,24925.370271278658,722965,25041.09658203125,25088.072890625,22871.731435546873,-0.019772387577624784,46.441310461139146,-41.87007952427666,-3.491380394698533,-38.37869912957813,25445.38705282306,25041.09658203125,24636.80611123944,0.26456523198109333,-5556799,bull,hold
2026-02-20,24855.703125,24880.58370870871,24830.82254129129,24850.727008258258,689935,25020.5005859375,25082.216796875,22901.345068359376,-0.01630228221747765,46.5403628133997,-50.31299874058095,-12.855704063875018,-37.457294676705935,25418.45196924928,25020.5005859375,24622.549202625723,0.2929427213369056,-4866864,bull,hold
2026-02-23,24656.66015625,24805.943668800457,24641.731804994957,24805.943668800457,816157,25002.3603515625,25072.181328125,22929.17564453125,-0.014500897192076811,43.105275237075666,-72.23252556257648,-24.731068363615314,-47.50145719896117,25430.758283594965,25002.3603515625,24573.962419530035,0.09651976647928603,-5683021,bull,hold
2026-02-24,24661.63671875,24761.159062247778,24656.66060157511,24661.63671875,532543,24974.2943359375,25062.3446484375,22954.347490234373,-0.022254342018842244,43.218120963029655,-88.18579058764226,-37.4220128084207,-50.763777779221556,25414.589603923643,24974.2943359375,24533.999067951354,0.14494551733708685,-5150478,bull,hold
2026-02-25,24586.994140625,24820.87164003997,24572.065789598513,24771.11046995168,921073,24937.28486328125,25051.610703125,22978.899921875,-0.029225099205568816,41.87651344874387,-105.63421482422928,-51.06445321158242,-54.56976161264686,25377.14306923827,24937.28486328125,24497.426657324228,0.10181404153401656,-6071551,bull,hold
2026-02-26,24681.541015625,24756.182772728702,24562.114204259073,24671.588781344504,1220525,24930.06689453125,25043.561796875,23003.811513671873,-0.00581486966146505,44.23777933613702,-110.55862310276643,-62.963287189819226,-47.595335912947206,25381.582706025427,24930.06689453125,24478.551083037073,0.22478718067057638,-4851026,bull,hold
2026-02-27,24711.396484375,24726.324835050214,24572.065211406312,24596.945795865005,899474,24911.685546875,25036.7055859375,23029.68720703125,-0.014658742755321863,44.997643444020426,-110.775217573384,-72.52567326653218,-38.24954430685182,25367.361716516927,24911.685546875,24456.009377233073,0.2802287283781065,-3951552,bull,hold
2026-03-03,24955.2265625,25069.677252617148,24915.41762680708,25024.89219996261,1203370,24917.15927734375,25028.47234375,23056.214140625,0.004406170100286655,50.88424646213708,-90.23168601106227,-76.0668758154382,-14.16481019562407,25372.165476125632,24917.15927734375,24462.15307856187,0.5418316115892051,-2748182,bull,hold
2026-03-04,24965.1796875,25154.272138790613,24935.32298466464,25054.74979600608,1303345,24922.8818359375,25025.699140625,23083.48220703125,0.0046055459421656675,51.11424371771885,-72.31406372136917,-75.3163133966244,3.0022496752552286,25377.280595795306,24922.8818359375,24468.483076079694,0.5465426573520317,-1444837,bull,hold
2026-03-05,25079.62890625,25159.24677579365,24965.178218781002,25124.413957868303,1046538,24935.07333984375,25028.292109375,23110.779296875,0.009817686147822968,53.793667448040026,-48.32209645769399,-69.91747000883831,21.59537355114432,25392.545678516493,24935.07333984375,24477.60100117101,0.6579937781873825,-398299,bull,hold
2026-03-06,25189.103515625,25268.721385291137,25094.55729539646,25223.936333603935,459112,24944.5279296875,25030.1959375,23138.327451171874,0.007563668329530371,56.263073870953356,-20.241274674666784,-59.982230942004,39.74095626733722,25414.619677120652,24944.5279296875,24474.43618225435,0.7601360131005898,60813,bull,hold
2026-03-09,24776.0859375,24776.0859375,24562.112911729262,24701.444184324162,767415,24922.13544921875,25029.5966796875,23162.30431640625,-0.01775494583478998,46.225808534022164,-30.95723222016386,-54.177231197635976,23.219998977472116,25379.345877704924,24922.13544921875,24464.925020732575,0.34028195485138013,-706602,bull,hold
2026-03-10,24900.48828125,24995.034499743957,24786.03759570469,24825.846529807404,562914,24914.1736328125,25029.00390625,23184.50806640625,-0.006354272866407662,49.167378398987374,-29.076302793186187,-49.157045516746024,20.080742723559837,25367.04820530722,24914.1736328125,24461.299060317782,0.4848905719224716,-143688,bull,hold
2026-03-11,24890.537109375,25044.796735602635,24835.799822649064,24960.20274702619,426618,24898.25009765625,25021.4621875,23205.254619140625,-0.012633210537032147,48.93677221599539,-28.065111935371533,-44.93865880047113,16.8735468650996,25330.4623613305,24898.25009765625,24466.037833982,0.49107731440139724,-570306,bull,hold
2026-03-12,24850.728515625,24905.46580310435,24771.110642927764,24855.704632668578,762383,24896.75732421875,25010.146328125,23227.876259765624,-0.0011999504822213236,47.96753826613807,-30.128652366594906,-41.97665751369588,11.848005147100977,25329.409342843803,24896.75732421875,24464.105305593697,0.446806201505742,-1332689,bull,hold
2026-03-13,24910.44140625,24930.345874013685,24771.110131904214,24845.751886018028,532557,24879.3408203125,25008.7599609375,23250.5742578125,-0.013790460012692018,49.58065731345692,-26.63861838261073,-38.909049687478856,12.270431304868126,25279.09203191359,24879.3408203125,24479.58960871141,0.538899927048295,-800132,bull,hold
2026-03-16,24935.322265625,24950.250616612204,24800.967106740172,24890.53721266339,551732,24859.933984375,25009.459453125,23273.100341796875,-0.015327160440028575,50.272442312436375,-21.615889375123515,-35.45041762500779,13.834528249884272,25205.58283185741,24859.933984375,24514.285136892588,0.6090532802280467,-248400,bull,hold
2026-03-17,24860.6796875,24945.2736736264,24845.751337007106,24935.32143996447,391925,24845.25439453125,25012.3388671875,23294.83345703125,-0.011671647777888094,48.13854809616054,-23.388761605729087,-33.038086421152045,9.649324815422958,25163.506437364238,24845.25439453125,24527.002351698262,0.5242343974157062,-640325,bull,hold
2026-03-18,25014.94140625,25049.774226986774,24905.466826791577,24905.466826791577,1736402,24845.25439453125,25016.3182421875,23318.20208984375,0.0,52.61505727920877,-12.205447337906662,-28.87155860450297,16.666111266596307,25163.506437364238,24845.25439453125,24527.002351698262,0.766592179909114,1096077,bull,hold
2026-03-19,24795.990234375,24860.679753348886,24751.205182777692,24850.727519660595,1230819,24856.45068359375,25017.4075,23342.0315625,0.009113022704184015,46.482294599687606,-20.770688362110377,-27.251384556024455,6.480696193914078,25150.290398217832,24856.45068359375,24562.610968969668,0.39712001780273504,-134742,bull,hold
2026-03-20,24766.134765625,24791.015351083737,24586.994550322106,24656.660189606566,423685,24852.22099609375,25017.99890625,23366.403125,-0.003404075254647365,45.70008273073712,-29.626277117691643,-27.726363068357895,-1.8999140493337485,25148.692008557744,24852.22099609375,24555.749983629757,0.3548150968398538,-558427,bull,hold
2026-03-23,24507.375,24507.375,24353.11538071066,24412.82878172589,1007199,24834.80458984375,25009.4445703125,23389.60435546875,-0.014014012126241093,39.4963714281548,-56.86859972969614,-33.55481040062554,-23.3137893290706,25167.1644303251,24834.80458984375,24502.444749362396,0.007417037254657342,-1565626,bull,hold
2026-03-24,24507.375,24596.945101522844,24422.78101522843,24562.11228426396,1365735,24827.34033203125,24998.6071875,23412.410517578126,-0.006054557077234901,39.4963714281548,-77.56422457123699,-42.35669323474784,-35.207531336489154,25181.367368291172,24827.34033203125,24473.313295771328,0.04810607770032639,-199891,bull,hold
2026-03-25,24686.517578125,24741.25486765521,24577.04299906458,24591.971350754637,442375,24828.584375,24993.5364453125,23434.8530859375,0.0010088892176440822,45.44282342514295,-78.60424663858794,-49.606203915515856,-28.998042723072082,25180.441766486958,24828.584375,24476.72698351304,0.29811878290431787,242484,bull,hold
2026-03-26,24731.30078125,24815.894767825703,24691.491846390843,24726.324664392603,347594,24835.79970703125,24984.9937890625,23456.408447265625,0.005869226624435564,46.84915486906187,-74.95085460003247,-54.67513405241918,-20.27572054761329,25173.1645409014,24835.79970703125,24498.434873161095,0.3451247502852229,590078,bull,hold
2026-03-27,24562.11328125,24567.08939820325,24402.87753874595,24542.208813436995,506782,24829.8283203125,24969.0968359375,23478.228994140623,-0.004838747074155325,42.402206748628245,-84.73080836355439,-60.68626891464623,-24.04453944890816,25181.8142638548,24829.8283203125,24477.842376770197,0.11970776962244684,83296,bull,hold
2026-03-30,24159.048828125,24159.048828125,23850.529563996522,23935.123555773687,733660,24802.2109375,24939.8776171875,23498.947822265625,-0.02235194019080422,34.09827732196342,-123.58086175106291,-73.26518748192957,-50.31567426913334,25258.310740824738,24802.2109375,24346.111134175262,-0.2050672952352447,-650364,bull,hold
2026-03-31,24457.615234375,24557.13757510491,24014.740818126906,24044.59752034588,574804,24777.33037109375,24917.126015625,23519.826123046874,-0.019940164713742048,43.00260835484153,-128.79334568143167,-84.37081912183,-44.42252655960168,25251.26849329715,24777.33037109375,24303.39224889035,0.1627037141131904,-75560,bull,hold
2026-04-01,24641.732421875,24721.350297228393,24586.99513256954,24686.517476761284,639052,24761.1580078125,24901.43171875,23542.46453125,-0.012955935814351394,47.695907892864916,-116.72205920885972,-90.84106713923595,-25.880992069623773,25230.403199554392,24761.1580078125,24291.91281607061,0.37274713940682114,563492,bull,hold
2026-04-02,24641.732421875,24850.729344677657,24611.875718617477,24805.944289791372,714852,24739.26318359375,24882.263203125,23564.88072265625,-0.01746024576407801,47.69590789286493,-105.93433266528882,-93.85972024444652,-12.0746124208423,25187.416358465445,24739.26318359375,24291.110008722055,0.39118590786880764,1278344,bull,hold
2026-04-03,24711.396484375,24830.82328977673,24708.410814239956,24820.87105599325,336820,24715.37783203125,24869.451171875,23586.731630859376,-0.01896482861939386,49.51991773244843,-90.7179341463634,-93.2313630248299,2.513428878466499,25113.175863438126,24715.37783203125,24317.57980062437,0.49499576752282076,1615164,bull,hold
2026-04-06,24751.205078125,24800.966246356053,24706.420026717053,24731.30061083258,838087,24714.1337890625,24859.1228125,23607.79390625,-0.0010042288131291155,50.58049573704679,-74.58681746747243,-89.50245391335842,14.915636445885994,25111.319774110016,24714.1337890625,24316.947804014984,0.5466674183607777,2453251,bull,hold
2026-04-07,24751.205078125,24885.56023234884,24716.372260363263,24870.631881879523,628024,24706.66962890625,24853.7576171875,23630.288310546875,-0.005995191798604638,50.58049573704679,-61.09848596729353,-83.82166032414545,22.723174356851928,25095.080633788537,24706.66962890625,24318.25862402396,0.5573303133265337,3081275,bull,hold
2026-04-08,24970.15625,25179.15317357513,24890.538374352334,25000.012953367877,566798,24710.6505859375,24848.7016015625,23654.075009765624,0.003198771495976027,56.42087289177278,-32.36823548603934,-73.53097535652424,41.1627398704849,25108.0462407482,24710.6505859375,24313.254931126798,0.8265079284600073,3648073,bull,hold
2026-04-09,25079.62890625,25104.509490482393,25004.98715355283,25054.74832201761,435521,24722.09560546875,24843.7505078125,23678.06337890625,0.009211013290056247,59.028059448669076,-0.7570497330780199,-58.97619023183499,58.21914049875697,25147.18852174608,24722.09560546875,24297.002689191417,0.9205354724706771,4083594,bull,hold
2026-04-10,25263.74609375,25288.626678833465,25114.462583249213,25129.390934299292,566177,24739.76083984375,24852.507421875,23702.67603515625,0.01418299586659888,63.03370790034342,38.70558710736441,-39.43983476399511,78.14542187135952,25220.424930039553,24739.76083984375,24259.09674964795,1.0450638653834112,4649771,bull,hold
2026-04-13,25218.9609375,25258.7698734708,25124.414714569357,25209.0087035073,819373,24753.9427734375,24855.306171875,23726.8425390625,0.01137497517992836,61.45972024562996,65.6099130552102,-18.429885200154047,84.03979825536425,25272.123389738383,24753.9427734375,24235.762157136614,0.9487027779831949,3830398,bull,hold
2026-04-14,25487.669921875,25562.311672915243,25303.5536026424,25303.5536026424,433783,24785.29228515625,24868.14453125,23752.22912109375,0.025220156578834585,66.81416023858056,107.37658412625024,6.731408665126809,100.64517546112343,25393.54596206753,24785.29228515625,24177.038608244973,1.0773722900331937,4264181,bull,hold
2026-04-15,25671.787109375,25686.715460087955,25622.025940331823,25627.002057236143,870218,24818.1345703125,24884.565703125,23779.326435546875,0.026258134786631526,69.89993005014082,153.56350565910543,36.097828063922535,117.4656775951829,25533.87540581685,24818.1345703125,24102.393734808153,1.0963419276343032,5134399,bull,hold
2026-04-16,25925.5703125,25945.474781070057,25786.239032509595,25870.83302393234,1262620,24874.61357421875,24906.3611328125,23806.70498046875,0.045554949306241044,73.55065313453505,208.24464265739516,70.52719098261707,137.7174516747781,25737.57947294915,24874.61357421875,24011.64767548835,1.1089213605238766,6397019,bull,hold
2026-04-17,26094.7578125,26109.686163651317,26015.13993969298,26089.78169544956,1036289,24941.0447265625,24928.2560546875,23834.46033203125,0.05364676641908228,75.66928877248137,262.20926973402675,108.86360673289902,153.34566300112772,25952.2097044094,24941.0447265625,23929.8797487156,1.0704870674981894,7433308,bull,hold
2026-04-20,26149.494140625,26149.494140625,26030.067335796266,26124.61355628568,779788,25023.15068359375,24946.7672265625,23862.118974609373,0.06700510114302327,76.3298815528243,305.8675391204597,148.26439321041116,157.60314591004854,26141.160151633412,25023.15068359375,23905.14121555409,1.0037271549257096,8213096,bull,hold
2026-04-21,26169.400390625,26214.18544548631,26134.567570177314,26179.352625038624,473990,25106.251953125,24968.9607421875,23890.14876953125,0.06781735663754285,76.5789302210819,338.175028934671,186.24652035526313,151.92850857940786,26302.86995969688,25106.251953125,23909.63394655312,0.9442305028259398,8687086,bull,hold
2026-04-22,26199.255859375,26273.89761396011,26164.423040568614,26224.136444236705,574038,25181.8888671875,24988.765703125,23917.46361328125,0.06127791319543818,76.97030346456219,362.0149511801719,221.4002065202449,140.61474465992703,26451.81288116657,25181.8888671875,23911.96485320843,0.9005621521400207,9261124,bull,hold
2026-04-23,26308.73046875,26338.587170624884,26199.255895208767,26298.77823479171,511775,25260.7603515625,25017.3286328125,23945.07890625,0.06378272220504977,78.39589428600536,385.30044370236647,254.18025395666922,131.12018974569725,26602.83808085217,25260.7603515625,23918.682622272834,0.8904282495404221,9772899,bull,hold
2026-04-24,26383.37109375,26408.251677580392,26318.681575790975,26358.490509919604,420850,25351.8232421875,25039.820625,23972.77111328125,0.07414906818666522,79.33515337846515,405.10741284423057,284.3656857341815,120.74172711004906,26738.34127711641,25351.8232421875,23965.30520725859,0.8719922228113639,10193749,bull,hold
2026-04-27,26348.5390625,26433.133050047214,26313.706244098208,26383.371880901796,622414,25461.29775390625,25060.3222265625,23999.67185546875,0.09062816379699856,77.63880069657135,413.2304612420521,310.13864083575567,103.09182040629645,26798.69818423471,25461.29775390625,24123.89732357779,0.8317036874198734,9571335,bull,hold
2026-04-28,26398.30078125,26492.84700459472,26368.44407914114,26453.038068449576,426198,25558.33203125,25085.2028125,24026.500419921875,0.07934892786061098,78.35098100258145,418.85508970197407,331.88193060899937,86.9731590929747,26871.761329602996,25558.33203125,24244.902732897004,0.8197616921798904,9997533,bull,hold
2026-04-29,26425.234375,26445.185476830877,26295.552213099283,26335.45441676104,361121,25647.50712890625,25113.408671875,24052.84634765625,0.07237729566212425,78.7455548136856,420.6371213050261,349.63296874820475,71.00415255682134,26941.941636922253,25647.50712890625,24353.07262089025,0.8004119718987494,10358654,bull,hold
2026-04-30,26370.369140625,26634.721242848023,26335.454712029506,26599.80681425253,632927,25733.93896484375,25149.374765625,24078.621640625,0.07015077873402498,75.71810207880527,412.86300063015005,362.27897512459384,50.58402550555621,26978.0724752939,25733.93896484375,24489.8054543936,0.7557724594810483,9725727,bull,hold
2026-05-04,26485.087890625,26679.61113501942,26485.087890625,26614.770053554614,864090,25822.62353515625,25182.061953125,24105.14337890625,0.07177625138957655,77.65273081974249,411.2185271597482,372.06688553162473,39.15164162812346,27014.317580054863,25822.62353515625,24630.929490257637,0.7779506863798715,10589817,bull,hold
2026-05-06,26500.05078125,26679.61069619918,26410.27082377541,26674.622920783924,1018584,25910.0658203125,25214.94890625,24131.517705078124,0.07065699215876253,77.90005804088972,406.4374919019174,378.9410068056833,27.496485096234096,27028.87952976106,25910.0658203125,24791.252110863938,0.7636654145167261,11608401,bull,hold
2026-05-07,26769.390625,26769.390625,26500.05075286473,26500.05075286473,668401,26010.97509765625,25257.203515625,24159.115263671876,0.08153888024864941,81.80392465218549,419.5456997694055,387.0619453984277,32.48375437097775,27055.058220528896,26010.97509765625,24966.891974783604,0.863196909675677,12276802,bull,hold
2026-05-08,27063.669921875,27063.669921875,26764.40339122397,26769.39116673482,545742,26115.65078125,25305.2441796875,24187.468154296876,0.08384063162900723,84.93513874218272,448.5097871682119,399.3515137523846,49.158273415827296,27140.957601857543,26115.65078125,25090.343960642454,0.962309974717253,12822544,bull,hold
2026-05-11,27213.302734375,27263.180488653546,27033.742818972234,27048.706145255797,867298,26222.33447265625,25357.7703515625,24216.8408203125,0.08507597285832547,86.2324481553994,478.0277462451377,415.08676025093524,62.940985994202435,27238.22232733326,26222.33447265625,25206.44661797924,0.9877350669940911,13689842,bull,hold
2026-05-12,27502.59375,27512.569300870513,27318.04605889554,27318.04605889554,784293,26334.27685546875,25414.19140625,24246.59818359375,0.08861898975480398,88.3256206726881,518.7840886914964,435.8262259390475,82.95786275244893,27395.379193799723,26334.27685546875,25273.174517137777,1.0505203656269935,14474135,bull,hold
2026-05-13,27637.263671875,27763.9531678623,27567.434815819008,27572.42259125158,579028,26455.1919921875,25472.70875,24277.62150390625,0.0958922431565783,89.15242246914826,555.5465263851802,459.7702860282741,95.7762403569061,27531.400754757036,26455.1919921875,25378.983229617967,1.0491832629503999,15053163,bull,hold
2026-05-14,27826.798828125,27861.7132557638,27742.00664671648,27751.982197470425,813476,26572.1484375,25530.1401953125,24308.38259765625,0.09177492149811717,90.2039539561911,593.1376051180087,486.443749846221,106.69385527178764,27709.052712890276,26572.1484375,25435.244162109724,1.051783653990704,15866639,bull,hold
2026-05-15,27971.4453125,28116.09080359531,27971.4453125,27986.40863916503,890812,26687.13134765625,25590.2655078125,24339.05208984375,0.08957920199818092,90.92681076491237,627.3686529628976,514.6287304695563,112.73992249334128,27899.2135633203,26687.13134765625,25475.0491319922,1.0297965551536978,16757451,bull,hold
2026-05-18,27597.361328125,27766.945691970337,27592.37355271778,27727.04348871261,788746,26770.7208984375,25640.62015625,24368.246240234374,0.06448425224493315,75.42558440781227,617.1968922306842,535.142362821782,82.05452940890223,27991.74633918189,26770.7208984375,25549.69545769311,0.8385025414308914,15968705,bull,hold
2026-05-19,27846.75,27856.725550779152,27652.226759806555,27652.226759806555,559758,26858.3205078125,25693.7730859375,24398.88486328125,0.06713962245170779,78.10539173015542,622.0882342313089,552.5315371036874,69.55669712762153,28123.386066377076,26858.3205078125,25593.254949247923,0.8906633476406691,16528463,bull,hold
2026-05-20,27737.01953125,27821.811714675867,27672.178449806688,27766.946184223834,1004151,26937.69677734375,25752.9917578125,24429.221748046875,0.06070960233829803,74.26782221616799,610.0777299243164,564.0407756678131,46.036954256503236,28214.068169142196,26937.69677734375,25661.325385545304,0.8131231078361839,15524312,bull,hold
2026-05-21,27986.408203125,28001.371529556898,27737.01942926005,27751.982755691944,513206,27028.54716796875,25814.71015625,24461.10189453125,0.0694325351508982,77.03010661877673,613.6095909168507,573.9545387176207,39.65505219923,28331.625070182767,27028.54716796875,25725.469265754735,0.8675379014289091,16037518,bull,hold
2026-05-22,28340.5390625,28365.477938830958,28051.248097060896,28051.248097060896,459739,27135.611328125,25883.7101953125,24493.666240234375,0.08173068787214333,80.26910267243372,637.6337717481329,586.6903853237231,50.94338642440971,28499.019122235033,27135.611328125,25772.203534014967,0.9418809029772045,16497257,bull,hold
2026-05-26,28315.6015625,28515.112582845253,28300.638235974104,28505.137031827988,815454,27235.9548828125,25953.00765625,24525.11822265625,0.07628156349595816,79.4198163284483,647.2003376786488,598.7923757947083,48.407961883940516,28636.07434082123,27235.9548828125,25835.835424803772,0.8855552015622258,15681803,bull,hold
2026-05-27,28250.759765625,28370.466374801377,28185.918685654462,28340.539722507285,889412,27329.32431640625,26019.8140234375,24555.850927734376,0.07077900186596575,77.13452611219881,642.147442999667,607.4633892357001,34.68405376396686,28738.59684460575,27329.32431640625,25920.051788206754,0.8269188289634742,14792391,bull,hold
2026-05-28,28240.78515625,28405.381749354245,28225.82182960416,28275.699585090293,838690,27423.93662109375,26085.92328125,24587.45962890625,0.07181597770037662,76.7685763177881,630.0750074691277,611.9857128823857,18.089294586742085,28811.022536097742,27423.93662109375,26036.85070608976,0.7944477073555672,13953701,bull,hold
2026-05-29,28545.0390625,28545.0390625,28255.748084756684,28255.748084756684,536535,27531.27353515625,26159.61046875,24619.52509765625,0.08132107816480261,79.90094753637808,637.7071714982594,617.1300046055604,20.577166892698983,28916.521110411908,27531.27353515625,26146.025959900595,0.8659149257693707,14490236,bull,hold
2026-06-01,28599.904296875,28859.268619065006,28545.03876718096,28629.830949435385,1205161,27640.00703125,26231.3097265625,24652.558056640624,0.08229519901372684,80.41380103305333,640.7961828501648,621.8632402544813,18.93294259568347,29002.1189092832,27640.00703125,26277.8951532168,0.8523562495508921,15695397,bull,hold
2026-06-02,28769.48828125,28789.43938269331,28555.01394073444,28659.757223311808,670751,27759.96298828125,26310.7796875,24688.71650390625,0.09097783682250493,81.9471330297878,649.4418949666106,627.3789711969072,22.06292376970339,29075.463100758712,27759.96298828125,26444.46287580379,0.8837039934065553,16366148,bull,hold
2026-06-04,28844.3046875,28849.292462822064,28659.75700058361,28769.48805766903,776491,27877.923828125,26392.3430859375,24723.565615234376,0.08907717454508046,82.59452686796217,654.7828141322971,632.8597397839852,21.923074348311843,29136.88355273489,27877.923828125,26618.96410351511,0.883801340298813,17142639,bull,hold
2026-06-05,29073.7421875,29228.36322160748,28949.04780515526,29008.901108680733,830943,28006.6083984375,26483.6704296875,24759.80947265625,0.09712024431556965,84.43763273563576,669.8080891010541,640.249409647399,29.55867945365503,29200.354685010385,28006.6083984375,26812.862111864615,0.9469684224635891,17973582,bull,hold
2026-06-08,28415.35546875,28789.43861078199,28365.47771647907,28734.573083283965,1749928,28088.906640625,26561.8300390625,24792.810908203126,0.06148682526276228,63.618984609420444,621.4260097136066,636.4847296606406,-15.058719947033978,29149.66649269042,28088.906640625,27028.146788559578,0.6538749922941409,16223654,bull,hold
2026-06-09,28091.150390625,28360.490255876022,28046.260413083164,28335.55137946389,759524,28140.2806640625,26629.9226953125,24823.671435546876,0.037965304473341455,56.26267068407992,550.5755309161614,619.3028899117448,-68.72735899558347,29091.29761638533,28140.2806640625,27189.263711739666,0.47416961216227577,15464130,bull,hold
2026-06-10,28091.150390625,28151.003694014114,27931.541581587357,28121.077042319557,637184,28184.173046875,26697.1196875,24853.88830078125,0.032258034418627624,56.26267068407992,488.7915315060163,593.2006182305992,-104.40908672458283,29035.849170091835,28184.173046875,27332.496923658164,0.445388479426518,16101314,bull,hold
2026-06-11,27901.615234375,27916.57856038557,27572.422062142472,27637.263141521606,585866,28204.12412109375,26763.9097265625,24883.20701171875,0.014508503743396961,52.172385869099266,419.69537669457713,558.4995699233948,-138.80419322881767,29008.37392886679,28204.12412109375,27399.874313320714,0.3119310170826174,15515448,bull,hold
2026-06-12,28116.08984375,28205.869800675224,28096.13874221106,28131.053169904204,753397,28228.0654296875,26843.050546875,24913.2019921875,0.01732538277160467,56.06477995102807,377.8864450210058,522.376944942917,-144.49049992191124,28990.82939140439,28228.0654296875,27465.30146797061,0.42659879624788744,16268845,bull,hold
2026-06-15,28460.24609375,28470.2216444313,28215.84510205814,28310.612833530497,538420,28259.73779296875,26923.1031640625,24944.6701953125,0.02276392874141031,61.48188842846671,368.27782111696797,491.5571201777272,-123.27929906075923,29005.643217240337,28259.73779296875,27513.832368697163,0.6344059811450334,16807265,bull,hold
2026-06-16,28584.94140625,28684.69691630496,28535.063651222517,28604.892508260993,533253,28290.41259765625,27001.96734375,24976.6876171875,0.02193294221646247,63.24992835042973,366.5000031452364,466.5456967712291,-100.04569362599267,29036.830774382,28290.41259765625,27543.9944209305,0.6972947724060892,17340518,bull,hold
2026-06-17,28505.13671875,28569.977799650045,28420.344536034558,28460.246739665356,602162,28335.8013671875,27079.2354296875,25008.03369140625,0.03289355746122968,61.31027854923935,354.5643017070397,444.1494177583912,-89.58511605135152,29015.54897486589,28335.8013671875,27656.053759509112,0.6245575193275388,16738356,bull,hold
2026-06-18,28564.990234375,28564.990234375,28410.36919416798,28510.12470397896,550837,28371.71337890625,27156.3073046875,25039.778056640625,0.025792605398295976,62.245423300260285,345.9469892716188,424.5089320610368,-78.56194278941797,29019.45513240119,28371.71337890625,27723.97162541131,0.6491928337380672,17289193,bull,hold
2026-06-19,28550.025390625,28849.291904153564,28530.074289723096,28804.40192712428,935795,28412.363671875,27232.2837109375,25071.3733203125,0.02931121919783153,61.84294671682746,334.05934111826355,406.41901387248214,-72.3596727542186,28994.3871873802,28412.363671875,27830.340156369795,0.6182613030940077,16353398,bull,hold
2026-06-22,28819.365234375,28819.365234375,28540.04982192692,28550.025372371496,866199,28454.0115234375,27313.6469140625,25105.30552734375,0.029762912954188536,66.0924894344837,342.4245121107233,393.6201135201304,-51.19560140940712,29027.296479236837,28454.0115234375,27880.726567638165,0.818649309773081,17219597,bull,hold
2026-06-23,28485.185546875,28809.390950577832,28430.3200170176,28764.500971603593,681378,28461.24384765625,27383.9475,25136.502333984376,0.005103872020782996,57.53127289442414,318.41793867620436,378.5796785513452,-60.161739875140825,29032.265369632998,28461.24384765625,27890.2223256795,0.5209639201827891,16538219,bull,hold
2026-06-24,28470.22265625,28525.088186947047,28310.613839676767,28345.528268302165,707903,28468.97490234375,27451.759375,25167.277734375,0.005460632485900341,57.174161823353685,294.7870543836216,361.8211537178005,-67.0340993341789,29036.073033613786,28468.97490234375,27901.876771073716,0.5011001216874537,15830316,bull,hold
2026-06-25,28619.85546875,28694.672100334396,28540.05106172665,28584.941040677284,696144,28487.4296875,27518.8815625,25198.132890625,0.013064983249551743,59.85764107710007,284.84995282238015,346.42691353871646,-61.576960716336316,29048.91645848797,28487.4296875,27925.94291651203,0.6179242219874469,16526460,bull,hold
2026-06-26,28101.126953125,28569.97784655662,28061.224749428693,28490.173439164006,1029757,28480.44677734375,27576.5248828125,25226.963798828125,-0.004945266300221518,48.50966073446521,232.43826855420411,323.629184541814,-91.19091598760991,29057.293035384406,28480.44677734375,27903.600519303094,0.17121237337382905,15496703,bull,hold
2026-06-29,28564.990234375,28584.941336337197,28310.613684356995,28415.356969658525,457632,28481.4443359375,27638.0712890625,25257.54462890625,0.0006989365763807598,56.45901393371197,225.72945267680916,304.0492381688131,-78.31978549200392,29058.802726790127,28481.4443359375,27904.085945084873,0.5723518526457385,15954335,bull,hold
2026-06-30,28879.21875,28879.21875,28689.68329015544,28689.68329015544,868380,28495.41005859375,27702.219921875,25290.24123046875,0.00976627230027205,60.866537083480495,242.96750470105326,291.83289147526114,-48.86538677420788,29096.57633366096,28495.41005859375,27894.243783526537,0.8192200788070997,16822715,bull,hold
2026-07-01,29078.73046875,29223.37595478666,29008.901613421953,29073.742693369426,1254878,28510.87216796875,27765.283125,25324.03443359375,0.010748963779850795,63.399838375026235,269.61970530750114,287.39025424170916,-17.770548934208023,29153.891101381276,28510.87216796875,27867.853234556227,0.9415564389119963,18077593,bull,hold
2026-07-02,29103.669921875,29178.486554064908,29028.85328968509,29038.828840643742,782902,28523.8404296875,27825.4613671875,25358.323662109375,0.00899190454354759,63.71603447521878,289.41794186887637,287.79579176714265,1.6221501017337232,29202.697580986674,28523.8404296875,27844.98327838833,0.9270629624198855,18860495,bull,hold
2026-07-03,28729.5859375,29048.803559027776,28729.5859375,28988.95025499132,829860,28506.6326171875,27877.063203125,25390.272099609374,-0.011837356463454074,55.913163220412734,271.7897131634745,284.59457604640903,-12.804862882934515,29145.10771519355,28506.6326171875,27868.15751918145,0.6745982897444083,18030635,bull,hold
2026-07-06,28784.451171875,28954.035531577607,28704.646767309066,28849.292250584822,430134,28525.08740234375,27929.36421875,25421.4303515625,0.012989304446003436,56.749742695266704,259.2578180519595,279.52722444751913,-20.269406395559656,29173.20657401941,28525.08740234375,27876.96823066809,0.7000895675255883,18460769,bull,hold
2026-07-07,28759.513671875,28889.195835501214,28619.855957200616,28824.35475368811,701508,28558.50556640625,27980.569375,25452.983798828125,0.023792663239347256,56.22748210010033,244.4955604226925,272.5208916425538,-28.0253312198613,29182.141866726965,28558.50556640625,27934.869266085534,0.6611581184140332,17759261,bull,hold
2026-07-08,28131.052734375,28540.05030959109,28131.052734375,28530.074758976065,862524,28560.50068359375,28017.0158203125,25481.370185546875,0.0014204595822930877,44.990405748689035,180.0097788279927,254.0186690796416,-74.0088902516489,29178.37229304327,28560.50068359375,27942.629074144228,0.152478004612191,16896737,bull,hold
2026-07-09,28280.685546875,28315.599973476077,28056.23566158234,28151.00339092813,692768,28579.45419921875,28054.962109375,25510.20765625,0.013585963010233959,47.6718766535327,139.37185773438978,231.08930681059127,-91.71744907620149,29135.47729033504,28579.45419921875,28023.431108102464,0.23133431226396067,17589505,bull,hold
2026-07-10,28315.6015625,28550.02701140567,28280.68713393958,28430.320399198517,827365,28589.42978515625,28094.303359375,25538.600810546875,0.00709599805160499,48.305111454062846,108.73007057149152,206.61745956277133,-97.8873889912798,29118.339953513998,28589.42978515625,28060.519616798505,0.24113919618289661,18416870,bull,hold
2026-07-13,28395.404296875,28495.159801167552,28310.61211822633,28340.538769514096,823894,28586.1876953125,28134.2454296875,25566.87310546875,-0.0022783287488592485,49.80034196238777,89.84991333620928,183.26395031745892,-93.41403698124964,29119.006064366615,28586.1876953125,28053.369326258384,0.32096769788906954,19240764,bull,hold
2026-07-14,28116.08984375,28180.93092375155,27886.652176052197,28170.95537298208,1564755,28562.7451171875,28168.0625390625,25593.60029296875,-0.016402047352019,44.90466933460499,51.75234188165996,156.96162863029915,-105.20928674863919,29133.61750563026,28562.7451171875,27991.87272874474,0.10879586884916832,17676009,bull,hold
2026-07-15,28151.00390625,28280.686064570782,28121.07725432982,28151.00390625,1045657,28545.0384765625,28203.675234375,25620.749599609375,-0.012423473565277066,45.624245876069935,24.09921433884665,130.38914577200865,-106.289931433162,29143.272212522108,28545.0384765625,27946.80474060289,0.17066838041117904,18721666,bull,hold
2026-07-16,28066.212890625,28225.821707490115,28066.212890625,28185.91950327384,929703,28520.099609375,28235.297734375,25647.6482421875,-0.017461141756308862,44.11727446751035,-4.604932011945493,103.39033021521782,-107.99526222716331,29153.4802123899,28520.099609375,27886.7190063601,0.14169512249862562,17791963,bull,hold
2026-07-20,27597.361328125,27886.652301743514,27589.380887473453,27811.83567063528,761957,28472.46640625,28257.2439453125,25671.38568359375,-0.03336823871311956,36.86612274911388,-64.44272195046506,69.82371978208124,-134.2664417325463,29222.269965041145,28472.46640625,27722.662847458858,-0.08355623140537825,17030006,bull,hold
2026-07-21,27587.384765625,27642.250293092344,27487.62926113892,27502.592586811836,865623,28410.8673828125,28273.603828125,25694.33056640625,-0.04274835544540467,36.727790523603865,-111.38564244987356,33.581847335690284,-144.96748978556383,29235.26641286131,28410.8673828125,27586.468352763688,0.0005558066105789351,16164383,bull,hold
2026-07-22,27761.95703125,27866.700311461325,27761.95703125,27811.834783731585,554403,28374.70595703125,28287.5695703125,25717.9007421875,-0.025389636814366567,40.906252328618635,-132.96893911664665,0.27169004522289697,-133.24062916186955,29245.059595995517,28374.70595703125,27504.35231806698,0.14798853112717078,16718786,bull,hold
2026-07-23,27502.59375,27737.01919545702,27467.679321953212,27687.141441104464,863050,28326.32451171875,28293.355390625,25739.381904296875,-0.03398740213356144,36.99704746834435,-169.05356219897294,-33.59336040361627,-135.46020179535668,29274.18718754309,28326.32451171875,27378.46183589441,0.06547990403653915,15855736,bull,hold
2026-07-24,27193.3515625,27412.813680759355,27118.53493127522,27392.862579099412,788150,28254.99931640625,28287.170546875,25759.490146484375,-0.04984315549069063,32.9533949476039,-220.06734666861303,-70.88815765661563,-149.17918901199738,29312.15965167264,28254.99931640625,27197.838981139863,-0.0021223926447884187,15067586,bull,hold
2026-07-27,27512.568359375,27517.556134639573,27258.191820881868,27308.06957352758,680082,28225.57138671875,28284.676640625,25781.293505859376,-0.020944305711716238,40.21705856083545,-232.06293364860176,-103.12311285501286,-128.9398207935889,29329.939697850994,28225.57138671875,27121.20307558651,0.17718965667678735,15747668,bull,hold
2026-07-28,27073.64453125,27313.05774744381,27038.730103888403,27268.16776940747,410295,28151.0041015625,28269.6135546875,25800.3576171875,-0.05220886444870265,34.65723567026035,-273.83046035060397,-137.2645823541311,-136.56587799647286,29350.893393043978,28151.0041015625,26951.11481008102,0.05105876102023317,15337373,bull,hold
2026-07-29,26929.0,27238.242081867014,26744.45230598259,27163.425449157254,632626,28053.4931640625,28248.7646484375,25818.946064453125,-0.06753017686809826,33.0363931435582,-314.9723260960418,-172.80613110251326,-142.16619499352853,29316.149201980472,28053.4931640625,26790.837126144528,0.054711207845365546,14704747,bull,hold
2026-07-30,26390.0,26670.0,26390.0,26530.0,563415,27919.056640625,28224.617421875,25834.690966796876,-0.09246381892907929,27.8159008080263,-386.6137043741328,-215.56764575683718,-171.0460586172956,29284.789831971968,27919.056640625,26553.323449278032,-0.05979332211914418,14141332,bull,hold
2026-07-31,26710.0,26965.0,26600.0,26600.0,1037911,27799.37314453125,28201.882421875,25852.233916015626,-0.08224632592042491,34.439679327457654,-412.81006964188055,-255.01613053384585,-157.7939391080347,29148.310674524004,27799.37314453125,26450.4356145385,0.09621067680684053,15179243,bull,hold
2026-08-03,26980.0,27045.0,26905.0,27025.0,596172,27711.89384765625,28186.74203125,25870.16138671875,-0.060898404220170455,39.485396705949036,-407.09143764775945,-285.4311919566286,-121.66024569113085,29034.859173071545,27711.89384765625,26388.928522240956,0.2233888773968809,15775415,bull,hold
2026-08-04,27340.0,27350.0,27085.0,27290.0,874815,27639.6712890625,28173.8138671875,25887.6112890625,-0.05018164714171658,45.50742263811815,-369.2538605851514,-302.1957256823332,-67.05813490281821,28875.372719186184,27639.6712890625,26403.969858938814,0.37874445972256277,16650230,bull,hold
2026-08-05,27700.0,27790.0,27620.0,27760.0,900296,27586.69560546875,28161.0030859375,25908.371318359375,-0.03684045856836371,50.78203740172822,-306.68306533000214,-303.093193611867,-3.589871718135157,28711.707094478905,27586.69560546875,26461.684116458597,0.5503569944120928,17550526,bull,hold
2026-08-06,27575.0,27590.0,27375.0,27550.0,563059,27558.89296875,28146.1910546875,25928.456845703124,-0.0197665099712222,49.00819788657387,-264.1369087588173,-295.30193664125704,31.165027882439745,28655.853006604622,27558.89296875,26461.932930895375,0.5073416672869427,16987467,bull,hold
2026-08-07,27365.0,27550.0,27365.0,27515.0,794106,27513.10869140625,28128.475859375,25947.294306640626,-0.03237847771961744,46.095113547023914,-244.54505493513716,-285.1505603000331,40.60550536489592,28561.0869907719,27513.10869140625,26465.130392040603,0.42933599317089755,16193361,bull,hold
2026-08-10,27565.0,27590.0,27315.0,27360.0,414511,27475.57861328125,28114.96015625,25967.181279296874,-0.026508409536813993,49.192581615160925,-210.45405772358936,-270.21125978474436,59.757202061155,28457.59901471662,27475.57861328125,26493.55821184588,0.5455292917479349,16607872,bull,hold
2026-08-11,27505.0,27555.0,27445.0,27525.0,599024,27431.0583984375,28094.159375,25988.25361328125,-0.03135733823564513,48.29598789146398,-186.13257491997865,-253.39552281179124,67.26294789181259,28318.41015319763,27431.0583984375,26543.70664367737,0.5416641997752556,16008848,bull,hold
2026-08-12,27445.0,27475.0,27335.0,27365.0,430328,27397.50390625,28071.0612890625,26007.39205078125,-0.023868533906366673,47.36627260216479,-169.7424379664917,-236.66490584273134,66.92246787623964,28227.609187723057,27397.50390625,26567.398624776943,0.5286084758223175,15578520,bull,hold
2026-08-13,27595.0,27595.0,27385.0,27485.0,423807,27369.7037109375,28047.5715234375,26025.795126953126,-0.019750766548206733,49.959753488333455,-143.00096385231518,-217.9321174446481,74.93115359233292,28131.433233997428,27369.7037109375,26607.974187877575,0.6478847033245252,16002327,bull,hold
2026-08-14,27700.0,27775.0,27595.0,27670.0,416080,27351.39306640625,28024.6854296875,26044.228095703125,-0.01304817618437315,51.75193323311833,-112.04395747964736,-196.75448545164798,84.71052797200062,28061.100659520765,27351.39306640625,26641.685473291735,0.745598988214221,16418407,bull,hold
2026-08-18,27300.0,27470.0,27245.0,27465.0,1125292,27336.525,27989.2105859375,26060.537275390627,-0.010774991296793046,45.1220441086648,-118.42187035029201,-181.08796243137678,62.66609208108477,28037.4021664351,27336.525,26635.647833564904,0.47394336572142864,15293115,bull,hold
2026-08-19,26925.0,27240.0,26865.0,27240.0,657244,27303.40576171875,27959.4034765625,26074.303037109374,-0.02401042256279251,39.95431924873011,-151.98380356404596,-175.26713065791063,23.28332709386467,28016.235129362838,27303.40576171875,26590.576394074662,0.23457479524911634,14635871,bull,hold
2026-08-20,26965.0,27010.0,26790.0,26880.0,473873,27263.55791015625,27936.88046875,26087.03099609375,-0.028706802994936997,40.7340227317048,-173.3558731353478,-174.88487915339806,1.5290060180502678,27958.269462409713,27263.55791015625,26568.84635790279,0.28512095474171467,15109744,bull,hold
2026-08-21,26585.0,26660.0,26455.0,26625.0,853609,27217.67822265625,27906.7574609375,26097.01724609375,-0.03336389863228806,35.95717348554696,-218.43819689479278,-183.595542701677,-34.84265419311578,27962.570764487064,27217.67822265625,26472.785680825436,0.07532248805898949,14256135,bull,hold
2026-08-24,26520.0,26670.0,26445.0,26650.0,597101,27184.01064453125,27879.12515625,26106.505205078123,-0.024761624581375985,35.19684302659125,-256.45496682718294,-198.16742752677823,-58.28753930040472,27988.72394677176,27184.01064453125,26379.297342290738,0.08742409086410824,13659034,bull,hold
2026-08-25,26635.0,26635.0,26430.0,26460.0,380933,27140.1322265625,27849.503359375,26117.461533203124,-0.03189699877932206,37.70657986971759,-274.1438325368654,-213.36270852879568,-60.781124008069696,27963.876567795935,27140.1322265625,26316.387885329063,0.19339259690322283,14039967,bull,hold
2026-08-26,26625.0,26705.0,26525.0,26565.0,526336,27117.7,27812.7984375,26128.839365234377,-0.016571264749086434,37.57032131599988,-285.67620501553756,-227.82540782614407,-57.85079718939349,27971.35686314991,27117.7,26264.04313685009,0.2114180057183715,13513631,bull,hold
2026-08-27,26650.0,26830.0,26595.0,26830.0,666127,27103.75,27774.099609375,26140.3173828125,-0.010360577815737626,38.171851694414364,-289.4616682963715,-240.15265992018956,-49.309008376181936,27978.151938471627,27103.75,26229.348061528373,0.2405369430029439,14179758,bull,hold
2026-08-28,26575.0,26745.0,26560.0,26695.0,324304,27113.0,27735.496875,26151.64375,0.007010231148162127,37.01945391855264,-295.1116846184341,-251.14446485983848,-43.967219758595604,27960.50457226079,27113.0,26265.49542773921,0.18259758259189124,13855454,bull,hold
2026-08-31,26410.0,26590.0,26410.0,26550.0,812122,27098.0,27692.3970703125,26161.574345703124,-0.011231748408835673,34.548334871126826,-309.3376326243997,-262.78309841275075,-46.554534211648956,27983.2818760163,27098.0,26212.7181239837,0.11142319828349613,13043332,bull,hold
2026-09-01,26445.0,26460.0,26315.0,26400.0,1157457,27071.25,27650.2965625,26171.481416015624,-0.019829503335804355,35.531396414148176,-314.1660804054336,-273.05969481128733,-41.106385594146275,28000.421001486233,27071.25,26142.078998513767,0.1630060564749131,14200789,bull,hold
2026-09-02,26135.0,26300.0,26100.0,26295.0,800103,27011.0,27596.6092578125,26179.987373046875,-0.044074615947329865,31.07889640556411,-339.098156810458,-286.2673872111215,-52.83076959933652,28015.841281000587,27011.0,26006.158718999413,0.0641102646938882,13400686,bull,hold
2026-09-03,26120.0,26210.0,26055.0,26140.0,630441,26932.0,27549.305546875,26188.194990234377,-0.057039711191335773,30.87727120428559,-355.9640496427637,-300.20671969744996,-55.75732994531376,27955.999023438435,26932.0,25908.000976561565,0.10351524688303612,12770245,bull,hold
2026-09-04,26260.0,26405.0,26240.0,26300.0,625904,26866.25,27505.10109375,26195.1421484375,-0.047688123300090646,35.10870112128616,-353.9534067091845,-310.95605709979685,-42.99734960938764,27885.518732966357,26866.25,25846.981267033643,0.20260541680914554,13396149,bull,hold
2026-09-07,25935.0,26080.0,25815.0,26070.0,1069377,26794.75,27451.403984375,26199.595751953126,-0.052256532066508266,30.448802174112387,-374.2703855309155,-323.6189227860206,-50.6514627448949,27863.466402982012,26794.75,25726.033597017988,0.09776513320041626,12326772,bull,hold
2026-09-08,25940.0,25995.0,25840.0,25940.0,1227694,26713.5,27408.1814453125,26203.726923828126,-0.05895156901868315,30.601412420876798,-385.5241964535744,-335.9999775195314,-49.524218934043006,27782.71045636618,26713.5,25644.28954363382,0.13828449516439587,13554466,bull,hold
2026-09-09,25745.0,25845.0,25710.0,25755.0,1149055,26625.5,27351.781640625,26210.282880859377,-0.06398836575168154,28.01924280910319,-405.5034022026266,-349.9006624561504,-55.602739746476175,27709.261505130507,26625.5,25541.738494869493,0.09377593878739517,12405411,bull,hold
2026-09-10,25700.0,25760.0,25615.0,25720.0,605016,26538.25,27288.197265625,26216.01826171875,-0.06358170887229009,27.44373775716609,-420.12524827721063,-363.94557962036254,-56.179668656848094,27625.02631093188,26538.25,25451.47368906812,0.11434106008382532,11800395,bull,hold
