Date,Close,High,Low,Open,Volume,ma20,ma50,ma200,momentum20,rsi14,macd,macd_signal,macd_hist,bb_upper,bb_middle,bb_lower,bb_pct,obv,state,signal
2021-09-09,11247.3876953125,11281.397074952753,11242.529212506748,11266.821626535502,148600,,,,,,,,,,,,,148600,bear,hold
2021-09-10,11266.822265625,11286.256197950355,11227.954400974288,11247.388333299645,179549,,,,,,,,,,,,,328149,bear,hold
2021-09-13,11252.24609375,11261.963059288644,11203.661266056779,11261.963059288644,148426,,,,,,,,,,,,,179723,bear,hold
2021-09-14,11218.2353515625,11252.244726816263,11208.518387204282,11247.386244637153,193759,,,,,,,,,,,,,-14036,bear,hold
2021-09-15,11135.6416015625,11208.51883717482,11125.92463681419,11155.07553105912,291493,,,,,,,,,,,,,-305529,bear,hold
2021-09-16,11223.0947265625,11223.0947265625,11174.509900906385,11208.519278865666,145656,,,,,,,,,,,,,-159873,bear,hold
2021-09-17,11242.52734375,11271.67823573898,11218.234933759184,11218.234933759184,167648,,,,,,,,,,,,,7775,bear,hold
2021-09-23,11091.9150390625,11184.226202331089,11091.9150390625,11159.933790944619,377583,,,,,,,,,,,,,-369808,bear,hold
2021-09-24,11189.0849609375,11213.377372923904,11164.792548951096,11193.94344333478,159559,,,,,,,,,,,,,-210249,bear,hold
2021-09-27,11266.822265625,11271.680748706338,11237.671367136965,11266.822265625,178609,,,,,,,,,,,,,-31640,bear,hold
2021-09-28,11237.669921875,11252.245369244487,11193.943579766537,11203.66054467953,118095,,,,,,,,,,,,,-149735,bear,hold
2021-09-29,11067.6240234375,11101.633403667554,11062.765540547492,11077.340989217515,301742,,,,,,,,,,,,,-451477,bear,hold
2021-09-30,11125.92578125,11135.642746997817,11077.340952510916,11101.633366880458,206403,,,,,,,,,,,,,-245074,bear,hold
2021-10-01,10873.2841796875,10970.453832767816,10868.425697033483,10941.302936843722,434042,,,,,29.708056541726236,,,,,,,,-679116,bear,hold
2021-10-05,10936.4443359375,10941.302818538983,10868.425579516743,10902.43495772712,244535,,,,,35.025583017298715,,,,,,,,-434581,bear,hold
2021-10-06,11009.3212890625,11048.189148865016,10980.170394210614,11023.896736488443,208563,,,,,40.60848741164142,,,,,,,,-226018,bear,hold
2021-10-07,11189.0849609375,11189.0849609375,11125.92468977285,11135.641654567411,188266,,,,,51.64549100339768,,,,,,,,-37752,bear,hold
2021-10-08,11252.24609375,11257.104576519323,11218.236714364746,11242.529128211356,194018,,,,,54.822248569215816,,,,,,,,156266,bear,hold
2021-10-12,11130.7822265625,11174.508564423288,11116.206780608905,11164.791600454224,234243,,,,,48.256492758690186,,,,,,,,-77977,bear,hold
2021-10-13,11096.7744140625,11130.783792739574,11082.19896605804,11130.783792739574,155933,11152.646728515625,,,,46.574618718625366,,,,11373.084934810722,11152.646728515625,10932.208522220528,0.3732698941073545,-233910,bear,hold
2021-10-14,11140.5,11145.358482337548,11101.632141299608,11101.632141299608,144782,11147.30234375,,,-0.009503335192850737,49.034183807501265,,,,11363.434459469327,11147.30234375,10931.170228030673,0.48426345911767854,-89128,bear,hold
2021-10-15,11261.9619140625,11266.820396337764,11223.094055860387,11266.820396337764,196298,11147.059326171875,,,-0.0004313861928335605,55.203586276169084,,,,11362.663631052337,11147.059326171875,10931.455021291413,0.7664663582536781,107170,bear,hold
2021-10-18,11310.5478515625,11349.415713595361,11266.821506775532,11266.821506775532,238332,11149.9744140625,,,0.005181344002499477,57.42375813452734,,,,11372.649230118383,11149.9744140625,10927.299598006619,0.8605559001780027,345502,bear,hold
2021-10-19,11334.83984375,11378.56618691063,11325.122878603193,11349.41529147021,219886,11155.804638671874,,,0.010394192003759128,58.530408254358896,,,,11391.073085197477,11155.804638671874,10920.536192146272,0.8804913232566499,565388,bear,hold
2021-10-20,11334.83984375,11402.858599777646,11320.26439602979,11402.858599777646,201081,11165.76455078125,,,0.017888348899406825,58.530408254358896,,,,11413.320309857954,11165.76455078125,10918.208791704546,0.8414893145676374,766469,bear,hold
2021-10-21,11397.9990234375,11407.715987651854,11363.98964868726,11397.9990234375,216794,11174.509765625,,,0.01558431975638963,61.54442097333165,33.99757738015796,,,11441.169021921032,11174.509765625,10907.850509328968,0.9190540034439926,983263,bear,hold
2021-10-22,11446.5849609375,11470.877373842715,11436.867995775414,11451.443443518543,266780,11184.712646484375,,,0.018150511086009624,63.72836376512449,47.4640087373009,,,11475.522667032326,11184.712646484375,10893.902625936424,0.9502463738348815,1250043,bear,hold
2021-10-25,11373.7080078125,11446.585248358073,11363.991042406424,11446.585248358073,335076,11198.802294921876,,,0.02540525849302,58.37334737277563,51.660185092756365,,,11497.462579209552,11198.802294921876,10900.1420106342,0.7928171606542621,914967,bear,hold
2021-10-26,11446.5849609375,11466.018891261672,11402.858617708112,11441.726478356457,346782,11211.677294921876,,,0.02301349939686448,61.827659002057175,60.17261371064524,,,11529.159999191581,11211.677294921876,10894.19459065217,0.8699534854284022,1261749,bear,hold
2021-10-27,11475.7353515625,11480.5938339298,11407.7165984203,11466.0183868279,207413,11222.12294921875,,,0.018542325512215907,63.14507933360796,68.48155488607881,,,11559.311262527859,11222.12294921875,10884.934635909642,0.8760693836848031,1469162,bear,hold
2021-10-28,11422.2919921875,11470.876815633641,11422.2919921875,11470.876815633641,293931,11231.354052734376,,,0.01642885683562567,59.11679166247035,69.94770457610866,,,11579.66467994036,11231.354052734376,10883.04342552839,0.7740914639681764,1175231,bear,hold
2021-10-29,11436.869140625,11475.737005164083,11432.010657557616,11470.878522096698,371438,11249.81630859375,,,0.03336263649773086,59.868806738597684,71.4621219627279,,,11600.590679422616,11249.81630859375,10899.041937764885,0.7666284192731235,1546669,bear,hold
2021-11-01,11606.9150390625,11640.924417577962,11592.339591127304,11592.339591127304,432199,11273.865771484376,,,0.04323139191015346,67.40160115053129,85.39916313001777,,,11652.23501002849,11273.865771484376,10895.496532940262,0.9401114488847307,1978868,bear,hold
2021-11-02,11587.4814453125,11621.490824816561,11568.047514167321,11621.490824816561,494293,11309.575634765624,,,0.0656836751272627,65.87966283306591,93.79502935077471,68.68926324024523,25.105766110529487,11664.033444908131,11309.575634765624,10955.117824623117,0.892015357815287,1484575,bear,hold
2021-11-03,11694.3671875,11704.084152342128,11655.499328131491,11660.357810552556,455945,11347.47177734375,,,0.06930249249949938,69.90475690052938,107.83059594494807,76.5175297811858,31.313066163762272,11696.274562968993,11347.47177734375,10998.668991718507,0.9972658253494543,1940520,bear,hold
2021-11-04,11801.25390625,11801.25390625,11752.669081605085,11772.10301146305,442915,11387.068408203126,,,0.0719329190596214,73.29716952149259,126.1248596333171,86.43899575161205,39.685863881705046,11752.727134498895,11387.068408203126,11021.409681907357,1.0663552764659765,2383435,bear,hold
2021-11-05,11874.1318359375,11888.707284181286,11854.697904945786,11869.273353189572,526485,11421.320751953124,,,0.061224566386937296,75.33838691043131,144.8342758926301,98.11805177981566,46.716224112814444,11831.954505261116,11421.320751953124,11010.686998645133,1.051356385509729,2909920,bear,hold
2021-11-08,11878.98828125,11903.280690823109,11859.554353591513,11883.846763164622,331226,11452.657861328125,,,0.05569929614747049,75.47293720809382,158.2295261390409,110.14034665166072,48.08917948738018,11900.839395000728,11452.657861328125,11004.476327655522,0.9756224742553865,3241146,bear,hold
2021-11-09,11825.5458984375,11888.706168231949,11815.828933853738,11888.706168231949,441374,11487.396044921876,,,0.06241822521844109,70.88944246049212,162.65798481270576,120.64387428386974,42.01411052883603,11938.093320618387,11487.396044921876,11036.698769225364,0.8751407782452696,2799772,bear,hold
2021-11-10,11810.9697265625,11820.6866905498,11796.394280581551,11815.82820855615,234735,11523.105810546875,,,0.06436062281260124,69.6470731721548,163.11115114748463,129.13732965659273,33.97382149089191,11957.214343827822,11523.105810546875,11088.997277265928,0.8315575414286145,2565037,bear,hold
2021-11-11,11762.3876953125,11825.547976204305,11762.3876953125,11806.114043622212,324759,11554.2001953125,,,0.055822242746061734,65.52520224463564,157.73188978701364,134.8562416826769,22.875648104336733,11962.55849195171,11554.2001953125,11145.84189867329,0.754907885689337,2240278,bear,hold
2021-11-12,11762.3876953125,11815.83100991326,11728.378313293835,11786.680111040117,387551,11579.221484375,,,0.044435044716776506,65.52520224463564,151.71985436456998,138.2289642190555,13.49089014551447,11973.98724179874,11579.221484375,11184.45572695126,0.7319935398308741,2627829,bear,hold
2021-11-15,11820.6875,11874.130805589806,11815.829017673654,11864.413840937113,255784,11604.728466796874,,,0.04510300076817475,68.14869319579634,149.93126568257503,140.56942451175942,9.361841170815609,11992.622320540255,11604.728466796874,11216.834613053494,0.778373878728687,2883613,bear,hold
2021-11-16,11820.6875,11869.27232326346,11796.39508836827,11825.545982326346,321260,11629.020849609375,,,0.04286321315054975,68.14869319579634,146.82133135129516,141.81980587966657,5.001525471628582,12006.990225823154,11629.020849609375,11251.051473395595,0.7535478565890729,3204873,bear,hold
2021-11-17,11898.423828125,11927.574723579777,11883.848380397612,11927.574723579777,268026,11657.200048828125,,,0.04972138928683312,71.50231244615436,148.91278411765597,143.23840152726444,5.674382590391531,12027.188805962616,11657.200048828125,11287.211291693633,0.8259879856419394,3472899,bear,hold
2021-11-18,11869.2734375,11883.848885847317,11844.981023587801,11874.13192028244,288171,11680.76376953125,,,0.041347118305013586,68.58604533500232,146.52898764124257,143.89651875006007,2.632468891182498,12041.63587263188,11680.76376953125,11319.89166643062,0.7611862573319835,3184728,bear,hold
2021-11-19,11976.158203125,12029.601505451317,11908.139454709684,12029.601505451317,272414,11707.242431640625,,,0.04626473694946709,72.94351784484348,151.51791486608818,145.4207979732657,6.09711689282247,12073.176616991788,11707.242431640625,11341.308246289462,0.8674373456340435,3457142,bear,hold
2021-11-22,11961.5830078125,11995.592382733168,11956.724525680975,11995.592382733168,356826,11736.636181640624,,,0.051687189401749434,71.48730707701067,152.53722500460208,146.844083379533,5.6931416250690745,12084.688823081811,11736.636181640624,11388.583540199437,0.8231505803840978,3100316,bear,hold
2021-11-23,11908.1396484375,11981.016880068084,11898.422684220088,11961.582951633261,293781,11759.713916015626,,,0.04032247950590473,66.26362458677767,147.33422593216164,146.94211189005873,0.3921140421029179,12088.449462643992,11759.713916015626,11430.97836938726,0.7257524839406382,2806535,bear,hold
2021-11-24,11922.716796875,11951.867693688875,11912.999831270376,11951.867693688875,221168,11782.06298828125,11444.349921875,,0.03895013536118541,66.97252737624112,142.74162908771905,146.1020153295908,-3.3603862418717654,12090.696036272606,11782.06298828125,11473.429940289894,0.7278657608268986,3027703,bear,hold
2021-11-25,12024.744140625,12024.744140625,11961.583868371212,11961.583868371212,430340,11812.185595703126,11459.89705078125,,0.05274354296401795,71.48837179333287,145.65568884961795,146.01275003359623,-0.35706118397828845,12090.603746719518,11812.185595703126,11533.767444686733,0.8817253726919538,3458043,bear,hold
2021-11-26,11878.98828125,11985.874883371676,11878.98828125,11956.723991883946,431849,11834.291552734376,11472.14037109375,,0.03865735763772493,59.06385412183601,134.65164217333222,143.74052846154345,-9.088886288211228,12054.023218497621,11834.291552734376,11614.55988697113,0.6017075266788896,3026194,bear,hold
2021-11-29,11835.26171875,11869.271091505028,11810.969309639266,11825.544755105706,385146,11845.70888671875,11483.80068359375,,0.01967333084794798,55.92374748603511,121.00758760161807,139.19394028955838,-18.186352687940314,12039.153336957967,11845.70888671875,11652.264436479534,0.47299698193504325,2641048,bear,hold
2021-11-30,11723.517578125,11903.281419977726,11679.791238214879,11898.42293776549,448149,11852.510693359374,11493.906328125,,0.011739922385595847,48.785702467129774,100.0247349089459,131.3600992134359,-31.335364304489985,12016.478854641295,11852.510693359374,11688.542532077454,0.10665194320076388,2192899,bear,hold
2021-12-01,11660.3583984375,11718.660190429688,11582.62267578125,11718.660190429688,472548,11850.81025390625,11504.4006640625,,-0.002908134191207168,45.268664150681246,77.40695581672298,120.56947053409331,-43.16251471737033,12021.855917798932,11850.81025390625,11679.764590013567,-0.05672810153270688,1720351,bear,hold
2021-12-02,11436.869140625,11475.737005164083,11407.71824222069,11475.737005164083,585369,11832.591015625,11508.67615234375,,-0.030876783816338405,35.51264907611308,40.97614016892112,104.65080446105887,-63.67466429213775,12081.000233039713,11832.591015625,11584.181798210286,-0.2965120600564321,1134982,bear,hold
2021-12-03,11597.1962890625,11602.054770959887,11495.168169217375,11534.03602439647,343240,11818.74423828125,11515.76953125,,-0.023322593238930045,44.717151102732934,24.75614385105473,88.67187233905804,-63.91572848800331,12086.470243431291,11818.74423828125,11551.018233131208,0.08624125980106492,1478222,bear,hold
2021-12-06,11572.9052734375,11587.480720885154,11548.612861024743,11563.188308472398,283050,11803.440087890625,11525.3893359375,,-0.025766757283162467,43.69943906501129,9.828303394308023,72.90315855010805,-63.07485515580002,12089.974267599311,11803.440087890625,11516.90590818194,0.0977184734339442,1195172,bear,hold
2021-12-07,11674.9345703125,11679.793053279755,11606.915808770938,11606.915808770938,359140,11795.909521484375,11535.106328125,,-0.012736099408730106,48.95443849809348,6.1597876487776375,59.554484369841965,-53.39469672106433,12087.59428052631,11795.909521484375,11504.22476244244,0.29262723295994636,1554312,bear,hold
2021-12-08,11854.697265625,11869.272713082735,11810.970923251793,11835.263335681353,313398,11798.0958984375,11546.863828125,,0.0037022818680296776,56.63448456622462,17.555441461123337,51.154675788098245,-33.59923432697491,12090.852991430063,11798.0958984375,11505.338805444935,0.5966695061235261,1867710,bear,hold
2021-12-09,11820.6875,11840.121429305384,11796.39508836827,11830.404464652693,309119,11801.010888671875,11558.5241796875,,0.004956460048560762,54.95001786986457,23.57056851255038,45.637854332988674,-22.067285820438293,12093.448553420005,11801.010888671875,11508.573223923746,0.5336424026383053,1558591,bear,hold
2021-12-10,11820.6875,11820.6875,11767.244194410192,11810.970535347307,199554,11803.92587890625,11573.58544921875,,0.004956460048560762,54.95001786986457,28.014664424494185,42.11321635128978,-14.098551926795594,12095.927390348725,11803.92587890625,11511.924367463775,0.5287012574197796,1758145,bear,hold
2021-12-13,11942.1494140625,11956.724860865668,11922.715484991608,11956.724860865668,210877,11809.998974609374,11589.909921875,,0.010275367998900276,59.89116081465544,40.86652001377115,41.86387708378605,-0.9973570700148997,12108.130340729902,11809.998974609374,11511.867608488847,0.7216312244711955,1969022,bear,hold
2021-12-14,11849.8388671875,11888.706727350476,11835.263419626384,11888.706727350476,264389,11811.45654296875,11609.441015625,,0.0024661312793778922,54.95764217278853,43.10611800378865,42.112325267786574,0.993792736002078,12110.067339719179,11811.45654296875,11512.845746218321,0.5642681454194521,1704633,bear,hold
2021-12-15,11801.25390625,11835.263283501441,11757.527564069576,11835.263283501441,309117,11806.598046875,11626.73720703125,,-0.008166621333937862,52.50610187130756,40.49382760204935,41.78862573463913,-1.2947981325897828,12102.540853884171,11806.598046875,11510.65523986583,0.4909709908495347,1395516,bear,hold
2021-12-16,11985.876953125,12034.461780660975,11942.150608342623,12034.461780660975,215265,11812.42822265625,11646.2683203125,,0.009823980906581875,59.83769441305396,52.713457635136365,43.97359211473858,8.739865520397785,12117.532672884603,11812.42822265625,11507.323772427897,0.78424483867563,1610781,bear,hold
2021-12-17,11806.1123046875,11893.564988425926,11806.1123046875,11883.8480235661,397488,11803.925927734375,11658.6088671875,,-0.014198701750042786,51.50124215387312,47.34631880980487,44.648137453751836,2.698181356053034,12099.638704489946,11803.925927734375,11508.213150978805,0.503696791489892,1213293,bear,hold
2021-12-20,11626.3486328125,11723.518282898689,11626.3486328125,11704.084352881451,485486,11787.164208984375,11666.09091796875,,-0.028025920547560257,44.782377582065514,28.26161435195536,41.37083283339255,-13.109218481437189,12083.234831689964,11787.164208984375,11491.093586278786,0.22841686435774897,727807,bear,hold
2021-12-21,11772.103515625,11781.82048097013,11679.792344846264,11694.36779286396,210272,11780.36240234375,11678.91734375,,-0.01142379387785808,50.42926824604939,24.614311034098137,38.01952847353367,-13.405217439435532,12071.20790917115,11780.36240234375,11489.51689551635,0.4858019351771337,938079,bear,hold
2021-12-22,11878.98828125,11951.865509969324,11844.978907847648,11951.865509969324,239715,11778.1759765625,11694.56162109375,,-0.0036676637019895653,54.133551353299325,30.00265229037541,36.41615323690202,-6.413500946526611,12065.3422090489,11778.1759765625,11491.009744076098,0.6755295248585239,1177794,bear,hold
2021-12-23,11956.7255859375,11976.15951618689,11942.150138250458,11971.301033624542,211138,11774.775048828125,11710.8861328125,,-0.005656549020257584,56.66966792217492,40.08364308115779,37.14965120575317,2.9339918754046153,12051.60532271156,11774.775048828125,11497.94477494469,0.8286319349342339,1388932,bear,hold
2021-12-24,12019.884765625,12039.318694106205,11971.29994442199,12039.318694106205,202675,11781.819873046876,11726.04458984375,,0.011860983531517766,58.66924926506932,52.56340070620354,40.23240110584325,12.330999600360286,12075.554715101018,11781.819873046876,11488.085030992734,0.9052377493137901,1591607,bear,hold
2021-12-27,12024.744140625,12053.895035511363,12019.88565814394,12049.036553030302,247900,11791.293994140626,11740.328515625,,0.016009990009330455,58.82668073701464,62.12961792575334,44.61184446982527,17.517773455928065,12102.986719971399,11791.293994140626,11479.601268309852,0.8744876398096003,1839507,bear,hold
2021-12-28,12204.5087890625,12204.5087890625,12160.782443878756,12175.357892273338,291712,11815.3435546875,11757.72189453125,,0.04102789181934474,64.25149317044611,83.25668749818396,52.34081307549701,30.915874422686954,12173.211400016902,11815.3435546875,11457.4757093581,1.0437275791246206,2131219,bear,hold
2021-12-29,12194.7919921875,12214.225923649154,12155.924129264193,12204.508957918326,403025,11842.065234375,11774.9209375,,0.045833376255537184,63.76246099342559,98.08531162902727,61.489712786203064,36.59559884282421,12228.336312339809,11842.065234375,11455.794156410193,0.9565793013431818,1728194,bear,hold
2021-12-30,12204.5087890625,12209.367271860692,12141.348512685981,12185.074857869724,317000,11880.447216796874,11791.0511328125,,0.06711973696636608,64.05707427355597,109.36052730414303,71.06387568979106,38.29665161435197,12250.243012557741,11880.447216796874,11510.651421036007,0.9381628671559914,2045194,bear,hold
2022-01-04,12296.8203125,12301.678795436586,12262.810931943895,12291.961829563414,315681,11915.42841796875,11808.05583984375,,0.06032699680157405,66.81717222119659,124.31199413517061,81.71349937886697,42.59849475630364,12303.347592763332,11915.42841796875,11527.509243174167,0.9915868037887169,2360875,bear,hold
2022-01-05,12262.810546875,12301.678409147187,12262.810546875,12296.819926363163,442543,11949.923681640625,11825.837890625,,0.05961383569093859,64.84158108528024,131.89641568642946,91.75008264037947,40.14633304604999,12332.535810432844,11949.923681640625,11567.311552848405,0.908882575445342,1918332,bear,hold
2022-01-06,12049.03515625,12117.053903099799,12024.742746660786,12087.903011592742,923428,11968.6287109375,11837.88689453125,,0.03204305631731574,54.02806057813655,119.28222573301173,97.25651125890593,22.025714474105797,12331.717327152564,11968.6287109375,11605.540094722437,0.6107256489485657,994904,bear,hold
2022-01-07,12131.6298828125,12165.639257734281,12121.912918549135,12136.488364944184,451534,11982.475341796875,11851.00478515625,,0.023360581125130953,57.01103671057916,114.62872488864741,100.73095398485422,13.897770903793187,12348.240605375408,11982.475341796875,11616.710078218342,0.7038938027580091,1446438,bear,hold
2022-01-10,12039.3193359375,12053.894783075439,11981.017547385743,12010.168441661623,300597,11993.40693359375,11863.34533203125,,0.01849569544389862,52.88112007247872,102.31270510444483,101.04730420877235,1.2654008956724851,12352.179028421557,11993.40693359375,11634.634838765942,0.5639854701712328,1145841,bear,hold
2022-01-11,11956.7255859375,12015.027376685672,11951.867103375153,12010.168894123324,289159,12000.208837890625,11873.7424609375,,0.011508474945936875,49.43079148979049,84.90876988771197,97.81959734456028,-12.91082745684831,12350.687162646756,12000.208837890625,11649.730513134493,0.43796584712709274,856682,bear,hold
2022-01-12,12053.896484375,12058.754967440043,12005.311653724555,12029.604069049778,473773,12005.79619140625,11882.68208984375,,0.00935736662119746,53.2920126804262,78.05711146063913,93.86710016777606,-15.809988707136924,12355.956833661467,12005.79619140625,11655.635549151035,0.5686831801811856,1330455,bear,hold
2022-01-13,12024.744140625,12107.33834280303,12010.168693181819,12107.33834280303,233402,12014.541455078124,11891.42734375,,0.01476013939074039,52.00897687437168,69.47392018346727,88.9884641709143,-19.514543987447027,12357.344349462415,12014.541455078124,11671.738560693833,0.5148812710073536,1097053,bear,hold
2022-01-14,11888.70703125,11898.42399653913,11840.122204804353,11893.565513894566,368322,12018.914111328126,11895.314140625,,0.007410494316513638,46.39562478387102,51.10550894570224,81.41187312587189,-30.306364180169652,12352.83908591753,12018.914111328126,11684.98913673872,0.3050354271371455,728731,bear,hold
2022-01-17,11917.857421875,12049.03644771708,11893.56500968202,12049.03644771708,218919,12015.513134765624,11897.6462109375,,-0.005674973263617988,47.6982862303569,38.45729188396763,72.82095687749104,-34.363664993523415,12352.089756384592,12015.513134765624,11678.936513146657,0.3549279619884317,947650,bear,hold
2022-01-18,11854.697265625,11932.43298539959,11830.404853195441,11932.43298539959,206162,12017.9423828125,11897.25751953125,,0.004115237910976788,45.138732885247045,23.071043352592824,62.8709741725114,-39.79993081991858,12349.096160478033,12017.9423828125,11686.788605146967,0.2535206780090271,741488,bear,hold
2022-01-19,11640.923828125,11723.518028908858,11611.772933730697,11699.225616913607,539763,12018.671142578125,11892.49623046875,,0.001253634805975512,37.75421590440348,-6.299779352644691,49.03682346748018,-55.336602820124874,12346.421299262889,12018.671142578125,11690.920985893361,-0.07627327820997669,201725,bear,hold
2022-01-20,11640.923828125,11640.923828125,11529.178732946839,11548.61266254304,354689,12012.112158203125,11888.8037890625,,-0.011143266564542786,37.75421590440348,-29.239315325665302,33.38159570885109,-62.62091103451639,12363.719285386025,12012.112158203125,11660.505031020224,-0.0278452872274092,556414,bear,hold
2022-01-21,11432.0078125,11456.30022179133,11354.272102767743,11456.30022179133,541800,11989.763134765624,11881.22455078125,,-0.03762782302391199,31.848769319586836,-63.54433973813684,13.996408619453504,-77.54074835759035,12420.33191388122,11989.763134765624,11559.194355650028,-0.14769596556823514,14614,bear,hold
2022-01-24,11368.8486328125,11368.8486328125,11300.829880308494,11310.546844951923,402099,11960.369287109375,11873.35376953125,,-0.04916705237564467,30.305444371642494,-94.73568271741715,-7.750009647920628,-86.98567306949653,12469.114948761213,11960.369287109375,11451.623625457538,-0.08135203784959773,-387485,bear,hold
2022-01-25,11213.3779296875,11315.40606509627,11174.510068579397,11315.40606509627,566813,11920.0439453125,11862.37357421875,,-0.0670977177954305,26.8556222255079,-130.49595700782265,-32.29919911990103,-98.19675788792162,12522.711693463529,11920.0439453125,11317.376197161471,-0.08628159362520697,-954298,bear,hold
2022-01-26,11223.0947265625,11232.811691693722,11145.359005512715,11208.519278865666,283830,11879.961474609376,11850.42171875,,-0.06666665042411735,27.411784356981514,-156.25100341616962,-57.08955997915476,-99.16144343701487,12552.075462973191,11879.961474609376,11207.84748624556,0.011342748834953698,-670468,bear,hold
2022-01-27,11062.7646484375,11261.96243086435,11019.038305953558,11247.386983369703,411199,11822.874267578125,11835.26326171875,,-0.09355101138099176,24.148948318009644,-187.43868414588724,-83.15938481250126,-104.27929933338598,12565.300934128518,11822.874267578125,11080.447601027732,-0.011908888370345138,-1081667,bear,hold
2022-01-28,11266.822265625,11276.539231787678,11184.228053242237,11203.661985567593,328918,11776.47578125,11822.63123046875,,-0.07609557646879062,34.78810605243824,-193.4593228434369,-105.2193724186884,-88.2399504247485,12535.923135627152,11776.47578125,11017.028426872846,0.1644576396984209,-752749,bear,hold
2022-02-03,11742.9521484375,11752.669113392765,11708.942771094073,11733.235183482235,367291,11753.39794921875,11820.1048046875,,-0.037818534822035677,51.78255672593165,-157.98981182264288,-115.7734602994793,-42.21635152316358,12487.027456791471,11753.39794921875,11019.768441646029,0.4928807383880926,-385458,bear,hold
2022-02-04,11636.0654296875,11684.650254028575,11621.489982385177,11684.650254028575,287418,11720.360205078125,11813.30294921875,,-0.053733799959720274,48.71344864417206,-136.92643104483977,-120.0040544485514,-16.922376596288373,12411.401517356097,11720.360205078125,11029.318892800153,0.439008874076752,-672876,bear,hold
2022-02-07,11587.4814453125,11597.198410885088,11519.462686304376,11592.339928098794,246711,11686.59375,11805.82091796875,,-0.05507131493070305,47.3400043379188,-122.7390125959082,-120.55104607802276,-2.1879665178854424,12332.858618004559,11686.59375,11040.328881995441,0.42331912997721477,-919587,bear,hold
2022-02-08,11529.1787109375,11553.471122886378,11509.744781378398,11553.471122886378,314445,11660.600927734375,11798.24169921875,,-0.04314506834539722,45.67571803599814,-114.87570900234823,-119.41597866288787,4.540269660539636,12288.007428092264,11660.600927734375,11033.194427376486,0.3952654963553071,-1234032,bear,hold
2022-02-09,11650.6416015625,11660.35856703503,11606.91525693612,11621.490705144912,267495,11636.551513671875,11792.8001953125,,-0.03964745758782506,49.64728602249464,-97.71652876947337,-115.07608868420498,17.359559914731605,12225.594467755443,11636.551513671875,11047.508559588307,0.5119601531543199,-966537,bear,hold
2022-02-10,11762.3876953125,11767.246178458023,11728.378313293835,11752.670729021453,248114,11622.704931640625,11787.55306640625,,-0.023002267229373707,53.048185598515786,-74.24492961244141,-106.90985686985226,32.66492725741085,12185.667857250442,11622.704931640625,11059.742006030807,0.6240603575453632,-718423,bear,hold
2022-02-11,11490.3125,11708.944238900634,11475.737050739957,11708.944238900634,423217,11599.38427734375,11779.77955078125,,-0.0390084294052927,45.06694620731608,-76.71340819396937,-100.8705671346757,24.157158940706324,12143.391111524708,11599.38427734375,11055.377443162792,0.3997514640528685,-1141640,bear,hold
2022-02-15,11334.83984375,11359.132256617017,11295.971983162774,11315.405913456387,329091,11563.4314453125,11769.77111328125,,-0.05965346073421862,41.247928289875084,-90.17555164737132,-98.73156403721482,8.556012389843502,12076.708654345128,11563.4314453125,11050.154236279874,0.27732149651323207,-1470731,bear,hold
2022-02-16,11461.1611328125,11470.878098588517,11441.727201260464,11461.1611328125,317505,11535.252294921875,11764.523984375,,-0.0468686070340959,45.303571557174045,-89.6182614745685,-96.90890352468557,7.2906420501170714,12004.088298272562,11535.252294921875,11066.416291571188,0.42098392446414273,-1153226,bear,hold
2022-02-17,11456.3017578125,11485.452652870546,11422.292380244779,11461.160240322173,324912,11513.63203125,11760.4428515625,,-0.03637109336624267,45.174384989217074,-88.54798984089757,-95.23672078792796,6.688730947030393,11954.3111006058,11513.63203125,11072.952961894198,0.4349523526028744,-1478138,bear,hold
2022-02-18,11305.6884765625,11329.98088841588,11242.528205743716,11281.39606470912,639531,11483.023583984375,11757.81923828125,,-0.05136568794562646,41.248309778791864,-98.71509871946182,-95.93239637423474,-2.7827023452270794,11890.968439441913,11483.023583984375,11075.078728526838,0.282648187555911,-2117669,bear,hold
2022-02-21,11193.943359375,11227.952735900879,11106.490676879883,11145.358535766602,414970,11449.985888671876,11749.7541796875,,-0.05573772922620168,38.56997020569279,-114.46996432623746,-99.6399099646353,-14.830054361602166,11838.750930792701,11449.985888671876,11061.22084655105,0.17069759166090415,-2532639,bear,hold
2022-02-22,10975.3125,11174.510292164674,10946.161603585657,11174.510292164674,529738,11416.705322265625,11737.80232421875,,-0.05717856571802771,33.92816000658409,-142.9496573378001,-108.30185943926826,-34.647797898531834,11846.215950087626,11416.705322265625,10987.194694443624,-0.013832247299533975,-3062377,bear,hold
2022-02-23,11077.3408203125,11164.793510999178,11043.331440601014,11164.793510999178,412029,11388.526171875,11725.85044921875,,-0.04841394172263702,37.696454168624115,-155.49473990212573,-117.74043553183976,-37.754304370285965,11829.300475468479,11388.526171875,10947.751868281523,0.1470014823623839,-2650348,bear,hold
2022-02-24,10688.6611328125,10848.991049804688,10615.78389781605,10829.557120472302,975880,11351.358837890624,11702.5297265625,,-0.0650232830382349,30.548602454493704,-194.55727550207303,-133.10380352588643,-61.45347197618659,11886.466703476986,11351.358837890624,10816.250972304262,-0.11921880399940618,-3626228,bear,hold
2022-02-25,11009.3212890625,11048.189148865016,10985.028876685928,11023.896736488443,514266,11333.382470703125,11686.30240234375,,-0.031623901008967725,40.56191318657541,-197.36492169288977,-145.95602715928712,-51.40889453360265,11888.70632853722,11333.382470703125,10778.05861286903,0.20822324930847858,-3111962,bear,hold
2022-02-28,11082.1982421875,11155.075477449584,11019.037971627029,11019.037971627029,649803,11326.823486328125,11671.5326171875,,-0.01169849873272355,42.58787031925583,-191.50192547694314,-155.06520682281834,-36.4367186541248,11890.694917891864,11326.823486328125,10762.952054764386,0.28308420107201954,-2462159,bear,hold
2022-03-02,11169.65234375,11193.944758590693,11121.067514068618,11184.227792654416,453126,11324.1513671875,11656.08267578125,,-0.004761822306107222,45.01014111899391,-177.74965623180833,-159.60209670461634,-18.147559527191987,11890.46493133928,11324.1513671875,10757.83780303572,0.3635923336315391,-2009033,bear,hold
2022-03-03,11349.4169921875,11359.1339587904,11295.973675871548,11315.407609077349,483545,11338.483984375,11646.07423828125,,0.02591145639082959,49.70727555272447,-150.60924932699345,-157.80352722909177,7.194277902098321,11891.97510832738,11338.483984375,10784.992860422619,0.5098764075333582,-1525488,bear,hold
2022-03-04,11329.9814453125,11363.990823578875,11150.21758876166,11344.556893140947,547930,11341.641943359375,11636.6487890625,,0.005605766932189837,49.21777909154527,-129.17946703744383,-152.07871519076218,22.899248153318354,11894.181454816739,11341.641943359375,10789.10243190201,0.48944826767580907,-2073418,bear,hold
2022-03-07,11266.822265625,11295.973164113033,11179.3695701609,11179.3695701609,328342,11317.83544921875,11622.2676953125,,-0.04054601234799826,47.57809185710716,-115.95596001030572,-144.8541641546709,28.898204144365195,11839.316547403292,11317.83544921875,10796.354351034208,0.4510881758022058,-2401760,bear,hold
2022-03-08,11043.3310546875,11164.793120841125,11043.3310546875,11091.915881148949,460910,11288.19873046875,11607.0120703125,,-0.05093941578291028,42.218294839662,-122.10258574747422,-140.3038484732316,18.201262725757374,11801.273446080671,11288.19873046875,10775.124014856829,0.26137230277542794,-2862670,bear,hold
2022-03-10,11266.822265625,11310.54861335705,11237.671367136965,11261.96378254366,255154,11272.165771484375,11599.82154296875,,-0.027672896927676827,48.469841588537925,-107.69847699670936,-133.78277417792717,26.084297181217806,11766.52879869623,11272.165771484375,10777.80274427252,0.494595564832678,-2607516,bear,hold
2022-03-11,11291.1123046875,11295.970786746315,11227.952037922898,11286.253822628685,556085,11260.262451171875,11590.20171875,,-0.02064903426504705,49.11422737183418,-93.24820660298428,-125.67586066293859,32.42765405995431,11740.56309717502,11260.262451171875,10779.96180516873,0.5321151488888722,-2051431,bear,hold
2022-03-14,11329.9814453125,11329.9814453125,11213.377862684927,11276.538136608197,390822,11244.229443359374,11579.22158203125,,-0.027522961156662418,50.187679437104315,-77.76343987310793,-116.09337650497247,38.32993663186454,11691.614571196487,11244.229443359374,10796.844315522261,0.5958368937828739,-1660609,bear,hold
2022-03-15,11169.65234375,11193.944758590693,11135.642962973032,11184.227792654416,417496,11214.59267578125,11563.4801171875,,-0.05039243450534403,45.88762487927781,-77.53509296012271,-108.38171979600253,30.846626835879817,11594.138265379806,11214.59267578125,10835.047086182694,0.440797188450031,-2078105,bear,hold
2022-03-16,11363.990234375,11393.141128520469,11334.839340229533,11354.273269659845,299478,11208.2765625,11550.3622265625,,-0.010993805923468103,51.33089649579697,-60.96986016692608,-98.89934787018726,37.929487703261174,11573.180554318531,11208.2765625,10843.372570681468,0.7133625218773131,-1778627,bear,hold
2022-03-17,11378.56640625,11519.462403594684,11354.27399291471,11500.028472926451,392451,11210.462890625,11537.438671875,,0.0038577133071810987,51.72315553862645,-46.133816658959404,-88.3462416279417,42.21242496898229,11578.880963562722,11210.462890625,10842.044817687278,0.7281423306470316,-1386176,bear,hold
2022-03-18,11412.57421875,11456.300556752873,11368.847880747126,11441.725110751915,298483,11208.033544921875,11521.59998046875,,-0.0042392662924352065,52.6813893751386,-31.271520415861232,-76.9312973855256,45.659776969664364,11570.398203310457,11208.033544921875,10845.668886533293,0.7822304398250477,-1087693,bear,hold
2022-03-21,11611.7734375,11640.924333158997,11587.481024450837,11616.631920109832,322812,11215.80712890625,11509.939609375,,0.013570843625996254,57.94672507988826,-3.380364650860429,-62.221110838592566,58.84074618773214,11604.831794297334,11215.80712890625,10826.782463515166,1.0089218548593675,-764881,bear,hold
2022-03-22,11665.2158203125,11694.36671365772,11645.781891415687,11655.498855864093,332849,11233.78349609375,11499.15375,,0.03180057052653851,59.2566128240916,22.77341316318052,-45.22220603823796,67.99561920141848,11668.32405142156,11233.78349609375,10799.242940765942,0.9964235431296916,-432032,bear,hold
2022-03-23,11791.537109375,11801.25407444247,11752.66924910512,11801.25407444247,444820,11263.66318359375,11489.0480859375,,0.053385454152714784,62.24976842901844,53.08165059896055,-25.56143471079826,78.64308530975882,11760.809724013288,11263.66318359375,10766.516643174211,1.0309037505679723,12788,bear,hold
2022-03-24,11718.66015625,11733.235604205534,11670.075329731551,11694.367742990775,369741,11300.83056640625,11478.165078125,,0.0677290652316278,59.532547368914216,70.40895545634703,-6.367356677369203,76.77631213371623,11816.97420043661,11300.83056640625,10784.68693237589,0.904760964095483,-356953,bear,hold
2022-03-25,11859.556640625,11869.273606328094,11820.688777812627,11835.264226367268,290577,11339.941357421874,11474.3755078125,,0.07061404293692508,62.903942255186635,94.42170353741858,13.790455365588354,80.63124817183022,11899.16498615654,11339.941357421874,10780.717728687208,0.9645863090395872,-66376,bear,hold
2022-03-28,11927.57421875,11947.00814823065,11908.140289269348,11912.99877163951,343421,11401.88701171875,11470.29439453125,,0.11590909942258643,64.44395017234233,117.58498301219151,34.549360894908986,83.03562211728253,11932.557625507743,11401.88701171875,10871.216397929758,0.995304613984406,277045,bear,hold
2022-03-29,12024.744140625,12049.036553030302,12000.451728219696,12024.744140625,473118,11452.658154296874,11470.002890625,,0.09223301100053272,66.57854716038378,142.1442984994119,56.06834841580957,86.07595008360232,12016.634302683824,11452.658154296874,10888.682005909925,1.0071898767034486,750163,bear,hold
2022-03-30,12053.896484375,12078.18889970022,12010.1701367896,12049.038001309955,433401,11501.24306640625,11471.94630859375,,0.08768100163453663,67.21447930472677,162.09159248798096,77.27299723024385,84.81859525773712,12095.781978358771,11501.24306640625,10906.70415445373,0.9647748085602881,1183564,bear,hold
2022-03-31,12019.884765625,12029.601729865602,11995.592355023495,12015.0262835047,532053,11543.7546875,11471.26607421875,,0.07611986440658991,65.64510129869095,173.1594310973942,96.45028400367391,76.70914709372028,12158.616401283662,11543.7546875,10928.89297371634,0.8871846851506237,651511,bear,hold
2022-04-01,11903.283203125,11917.858651945153,11874.132305484694,11903.283203125,566795,11571.447998046875,11468.83685546875,,0.048801291847745176,60.43535830844083,170.55593862787646,111.27141492851443,59.284523699362026,12198.573162608485,11571.447998046875,10944.322833485265,0.7645685612935763,84716,bear,hold
2022-04-04,11878.98828125,11903.280690823109,11859.554353591513,11888.705245079243,481261,11598.89833984375,11468.64248046875,,0.04845611077012291,59.37796847364042,164.63445145941841,121.94402223469524,42.690429224723175,12229.395661731809,11598.89833984375,10968.401017955692,0.7221182641724037,-396545,bear,hold
2022-04-05,11947.0087890625,11966.442719585579,11912.999410647111,11966.442719585579,642941,11632.907666015624,11469.2255078125,,0.06037075116670154,61.41354732895117,163.54507095111512,130.26423197797922,33.2808389731359,12261.462841794732,11632.907666015624,11004.352490236517,0.7498596266091841,246396,bear,hold
2022-04-06,11859.556640625,11878.990572031185,11835.264226367268,11869.273606328094,405814,11673.7189453125,11469.3226953125,,0.07391117606594255,57.429052736817006,153.85156645015377,134.98169887241414,18.869867577739626,12247.45512365633,11673.7189453125,11099.98276696867,0.6619539627507431,-159418,bear,hold
2022-04-07,11738.0927734375,11738.0927734375,11689.507952355392,11713.800362896445,1099899,11697.282470703125,11471.26607421875,,0.04182816562664193,52.34888770510198,134.81422090937122,134.94820327980557,-0.13398237043435302,12240.115833519558,11697.282470703125,11154.449107886692,0.537590083375343,-1259317,bear,hold
2022-04-08,11883.849609375,11883.849609375,11806.11388012316,11835.2647785926,542926,11726.9193359375,11476.12458984375,,0.05249591791248287,57.23740070987192,129.98990324241095,133.95654327232666,-3.966640029915709,12241.81864974276,11726.9193359375,11212.020022132241,0.6523892819721765,-716391,bear,hold
2022-04-11,11859.556640625,11869.273606328094,11810.971812109536,11825.547260664174,1048197,11753.398095703125,11484.67556640625,,0.04674104700600368,56.202506962386366,122.7909001188109,131.72341464162352,-8.932514522812625,12237.467716314059,11753.398095703125,11269.328475092192,0.6096521454784689,-1764588,bear,hold
2022-04-12,11689.509765625,11738.094594243557,11670.075834177578,11733.236111381702,336017,11779.390966796875,11491.0887890625,,0.046541951877838716,49.46107496732237,102.18633613173006,125.81599893964483,-23.62966280791477,12184.712324940014,11779.390966796875,11374.069608653735,0.3891235320245163,-2100605,bear,hold
2022-04-13,11694.3671875,11694.3671875,11631.206916026174,11665.216292973619,1353988,11795.909814453125,11500.70857421875,,0.029072266546449566,49.646874558838064,85.2661292130033,117.70602499431652,-32.439895781313226,12156.64263658787,11795.909814453125,11435.17699231838,0.3592550764410399,-746617,bear,hold
2022-04-14,11723.517578125,11738.093024761707,11689.50820263935,11704.083649276057,206471,11813.157373046875,11510.71703125,,0.030315872804989263,50.81548663885669,73.3632503468998,108.83747006483318,-35.47421971793338,12121.623382450693,11813.157373046875,11504.691363643058,0.35470069280060185,-540146,bear,hold
2022-04-15,11665.2158203125,11665.2158203125,11568.046175828431,11568.046175828431,270912,11825.789453125,11522.7660546875,,0.022137126709540045,48.39625396489216,58.550732089588564,98.78012246978426,-40.229390380195696,12084.240549220414,11825.789453125,11567.338357029586,0.1893539334164394,-811058,bear,hold
2022-04-18,11606.9150390625,11616.632004352632,11538.896282031577,11582.622625837172,366554,11825.546533203125,11529.56791015625,,-0.0004184027929626799,46.03601134854663,41.62746335990414,87.34959064780824,-45.7221272879041,12084.80965026764,11825.546533203125,11566.28341613861,0.07835982106505814,-1177612,bear,hold
2022-04-19,11738.0927734375,11742.951255545711,11674.932506030758,11723.517327112868,312580,11829.190380859374,11529.47072265625,,0.0062473728945589,51.73910739147775,38.35842577698895,77.55135767364439,-39.19293189665544,12081.28698513493,11829.190380859374,11577.093776583819,0.3193200426406783,-865032,bear,hold
2022-04-20,11801.25390625,11864.41417828839,11776.961493927542,11849.838730894915,344844,11829.676220703124,11532.7744921875,,0.0008240483649306629,54.24640745459668,40.39857586342987,70.1208013116015,-29.722225448171628,12081.518014847534,11829.676220703124,11577.834426558715,0.44357109281705137,-520188,bear,hold
2022-04-21,11912.9990234375,11932.432953328915,11874.13116365467,11883.848128600377,411386,11839.3931640625,11539.28484375,,0.016583710475113644,58.36745175851632,50.4507418223111,66.18678941374343,-15.736047591432325,12088.331385118747,11839.3931640625,11590.454943006253,0.6478396106927454,-108802,bear,hold
2022-04-22,11699.2255859375,11718.659515482246,11665.216209234193,11713.80103309606,473911,11831.376611328125,11542.68578125,,-0.013519144057905552,49.2318331735749,40.69828148442866,61.089087827880476,-20.390806343451814,12087.425931315007,11831.376611328125,11575.327291341244,0.24194224496008032,-582713,bear,hold
2022-04-25,11383.4248046875,11509.745353096325,11349.41542626974,11504.886870465216,616282,11804.169140625,11537.3414453125,,-0.0456211300037106,39.41678261302648,7.401581786833049,50.351586619671,-42.95000483283795,12121.78783764594,11804.169140625,11486.55044360406,-0.16234188963655416,-1198995,bear,hold
2022-04-26,11548.61328125,11568.047211887359,11514.603902634624,11548.61328125,294069,11780.36259765625,11533.06595703125,,-0.039595924354549505,45.53361166418468,-5.592496276514794,39.16277004043384,-44.755266316948635,12099.652002541483,11780.36259765625,11461.073192771019,0.13708580231537523,-904926,bear,hold
2022-04-27,11427.150390625,11432.008872933939,11325.122262137276,11344.556191373033,434735,11749.02529296875,11531.80271484375,,-0.051995310774605286,42.162674126242216,-25.398657016728976,26.250484629001278,-51.64914164573025,12077.666788544308,11749.02529296875,11420.383797393193,0.010294794362404465,-1339661,bear,hold
2022-04-28,11572.9052734375,11572.9052734375,11441.72624640861,11456.301693856265,292842,11726.676318359376,11536.5640234375,,-0.03718667033030065,47.2128977763231,-28.99969079661969,15.200449543877086,-44.20014034049677,12038.987072929545,11726.676318359376,11414.365563789206,0.25381724344794115,-1046819,bear,hold
2022-04-29,11558.330078125,11670.075177661307,11553.471595536465,11602.056421421816,383232,11709.428662109374,11538.50740234375,,-0.028979662090996783,46.77307844403265,-32.65322639500664,5.629714356100342,-38.282940751106985,12018.909152296723,11709.428662109374,11399.948171922026,0.25588350675529736,-1430051,bear,hold
2022-05-03,11339.69921875,11373.708599440339,11310.548321015423,11325.123769882712,291659,11682.464208984375,11536.1753515625,,-0.04539856844132284,40.65506925028826,-52.58420487499461,-6.0130694901186486,-46.571135384875966,12020.783180143284,11682.464208984375,11344.145237825465,-0.0065707504669860715,-1721710,bear,hold
2022-05-04,11383.4248046875,11383.4248046875,11320.264530483088,11359.132391531957,134426,11654.285009765625,11537.730078125,,-0.04717364775783561,42.281144869430676,-64.11231272754958,-17.632918137604836,-46.47939458994475,11993.65442981741,11654.285009765625,11314.915589713839,0.10093604627548201,-1587284,bear,hold
2022-05-06,11344.5556640625,11383.423520727381,11315.404771563837,11344.5556640625,362484,11628.5349609375,11540.74232421875,,-0.0434249771866142,41.20042583705396,-75.51435359946663,-29.209205229977194,-46.30514836948944,11979.645354173708,11628.5349609375,11277.424567701293,0.09559827571957509,-1949768,bear,hold
2022-05-10,11057.908203125,11111.351520451175,10907.295217933051,11111.351520451175,292477,11594.525732421875,11542.39423828125,,-0.05794677069274079,34.24809640639175,-106.45347819100243,-44.658059822182246,-61.79541836882019,12020.406460128512,11594.525732421875,11168.645004715238,-0.13000917203574103,-2242245,bear,hold
2022-05-11,11033.61328125,11048.188728120873,10975.311493766512,10994.745422927675,330447,11552.013916015625,11541.5196875,,-0.07154553078947257,33.72860412775434,-131.41844446566938,-62.010136750879674,-69.40830771478971,12021.405299102476,11552.013916015625,11082.622532928774,-0.05220510372013519,-2572692,bear,hold
2022-05-12,10897.576171875,10980.170373801828,10848.99134721216,10931.585549138988,331755,11503.914892578125,11545.69798828125,,-0.08111437028385438,30.902054677374878,-160.33220802741198,-81.67455100618614,-78.65765702122584,12030.99690990822,11503.914892578125,10976.83287524803,-0.0751844122613979,-2904447,bear,hold
2022-05-13,10951.01953125,10985.028908676242,10931.585601292147,10931.585601292147,307144,11466.990380859375,11544.531953125,,-0.06317546665187423,33.268045745860164,-176.89500599000166,-100.71864200294925,-76.17636398705241,12038.489584240679,11466.990380859375,10895.491177478072,0.048581304613717416,-2597303,bear,hold
2022-05-16,11028.755859375,11135.642480038547,11004.46344558783,11121.067031766244,261323,11433.709814453125,11543.46310546875,,-0.05691725917726154,36.66512620832096,-181.6544710277576,-116.90580780791092,-64.74866321984669,12025.529729451504,11433.709814453125,10841.889899454745,0.15787400456164644,-2335980,bear,hold
2022-05-17,11043.3310546875,11077.340433210515,11014.18015881063,11014.18015881063,175384,11399.70048828125,11540.9366796875,,-0.05801897927859678,37.30951600714423,-182.15056656200795,-129.95475955873033,-52.19580700327762,11999.121610665472,11399.70048828125,10800.27936589703,0.20273867546051996,-2160596,bear,hold
2022-05-18,11106.490234375,11179.367466884021,11106.490234375,11179.367466884021,190583,11371.764208984376,11536.07814453125,,-0.04789672086174335,40.15115124033623,-175.42511634668335,-139.04883091632092,-36.37628543036243,11971.162833813434,11371.764208984376,10772.365584155317,0.2787165638851534,-1970013,bear,hold
2022-05-19,10780.97265625,10795.54810373479,10698.378453836187,10732.387831300699,465155,11330.46708984375,11525.09796875,,-0.07115950965720275,32.080174786744166,-194.12395655437285,-150.0638560439313,-44.06010051044154,11971.719499140494,11330.46708984375,10689.214680547007,0.07154591107394266,-2435168,bear,hold
2022-05-20,10708.09375,10780.970976066244,10664.367414360255,10780.970976066244,378649,11278.967138671875,11513.9233984375,,-0.08774841393043997,30.59723882074003,-212.37550813812413,-162.52618646276989,-49.84932167535425,11945.925643970857,11278.967138671875,10612.008633372892,0.07203230475637681,-2813817,bear,hold
2022-05-23,10751.8212890625,10780.97218275178,10722.670395373221,10746.962806780954,269172,11226.4955078125,11508.093203125,,-0.08892551804446103,32.61012040481816,-220.76668636954673,-174.17428644412527,-46.59239992542146,11885.919813889488,11226.4955078125,10567.071201735513,0.1400843778614204,-2544645,bear,hold
2022-05-24,10688.6611328125,10751.821403142756,10678.944168146307,10751.821403142756,364247,11165.27861328125,11496.52998046875,,-0.10277327213879994,31.20244368570073,-229.86352865776098,-185.31213488685242,-44.55139377090856,11784.508885743882,11165.27861328125,10546.04834081862,0.11515327846192065,-2908892,bear,hold
2022-05-25,10756.681640625,10790.69102250593,10722.672258744073,10761.540123750847,83174,11118.151416015626,11485.8413671875,,-0.08056464407742003,34.482556825640216,-228.94501952920837,-194.0387118153236,-34.90630771388476,11710.54711378588,11118.151416015626,10525.755718245371,0.19490850731092543,-2825718,bear,hold
2022-05-26,10819.8408203125,10878.142611890295,10805.26537241805,10805.26537241805,202446,11089.972216796876,11475.6385546875,,-0.04950917619651041,37.46400438083197,-220.57799069810062,-199.34656759187902,-21.231423106221598,11682.829907829491,11089.972216796876,10497.11452576426,0.2721785509656864,-2623272,bear,hold
2022-05-27,10951.01953125,11048.189181039264,10931.585601292147,11048.189181039264,122992,11060.092529296875,11471.2658984375,,-0.05174593134660044,43.24117497014039,-201.04451834027168,-199.68615774155757,-1.358360598714114,11616.599765080678,11060.092529296875,10503.585293513072,0.40200217442523195,-2500280,bear,hold
2022-05-30,11193.943359375,11247.386665344238,11155.075500488281,11155.075500488281,393506,11048.432177734376,11467.8649609375,,-0.0204081528008353,52.07139203456262,-164.07087116288312,-192.56310042582268,28.49222926293956,11583.028626016116,11048.432177734376,10513.835729452636,0.6360944148696792,-2106774,bear,hold
2022-05-31,11096.7744140625,11145.359240744034,11072.482000721733,11145.359240744034,242525,11024.625634765625,11462.22912109375,,-0.04114186093511285,48.8009368783519,-140.98452931193242,-182.24738620304464,41.26285689111222,11503.143497861995,11024.625634765625,10546.107771669256,0.5753877596439326,-2349299,bear,hold
2022-06-02,11067.6240234375,11130.7843010076,10989.888297197376,11116.208852337577,127209,11000.09033203125,11455.3301171875,,-0.04245475353020045,47.830394404819984,-123.61566552629301,-170.5210420676943,46.905376541401296,11412.368280379947,11000.09033203125,10587.812383682553,0.58190310890595,-2476508,bear,hold
2022-06-03,11184.2265625,11300.830140910079,11096.77387869244,11300.830140910079,109956,10992.31669921875,11446.7791796875,,-0.013710474435946973,51.947139213332214,-99.29722878297252,-156.27627941074996,56.97905062777744,11384.038258891913,10992.31669921875,10600.595139545589,0.7449569835285192,-2366552,bear,hold
2022-06-07,11096.7744140625,11208.519515430029,11087.057448726193,11208.519515430029,185190,10977.9841796875,11435.4103515625,,-0.025181383945801827,48.834624554990135,-86.08896991318397,-142.2388175112368,56.149847598052816,11330.423207965761,10977.9841796875,10625.54515140924,0.6685259361815216,-2551742,bear,hold
2022-06-08,11203.66015625,11242.528014554424,11145.358368793366,11145.358368793366,152660,10970.939404296874,11423.6528125,,-0.012419658555586355,52.574807532811604,-66.23305011234879,-127.0376640314592,60.80461391911041,11298.545496823579,10970.939404296874,10643.33331177017,0.8551837973436888,-2399082,bear,hold
2022-06-09,11121.0654296875,11189.084178492927,11091.914537342316,11189.084178492927,113102,10974.097265625,11411.70091796875,,0.00571149854044295,49.559963250295105,-56.510378311979366,-112.93220688756324,56.42182857558387,11306.182667011362,10974.097265625,10642.011864238637,0.7212806757673625,-2512184,bear,hold
2022-06-10,11014.1806640625,11014.1806640625,10931.586455289204,10980.171283979378,124270,10973.125634765625,11394.7933984375,,-0.0017612197103665794,45.892411534890115,-56.77532754032836,-101.70083101811628,44.92550347778791,11304.622002906694,10973.125634765625,10641.629266624557,0.5619237995382859,-2636454,bear,hold
2022-06-13,10610.92578125,10878.142318781478,10591.49185124771,10878.142318781478,583937,10958.793115234375,11368.4604296875,,-0.026304050194647988,35.28360121410067,-88.5043772451263,-99.06154026351828,10.557163018391975,11325.077649626695,10958.793115234375,10592.508580842055,0.02514056515995066,-3220391,bear,hold
2022-06-14,10538.0478515625,10562.340262469745,10450.595172296422,10547.764815925399,442641,10938.14453125,11338.72650390625,,-0.0377107974749783,33.76449835139009,-118.16834645050767,-102.88290150091616,-15.285444949591508,11347.842143778595,10938.14453125,10528.446918721405,0.011717096399267553,-3663032,bear,hold
2022-06-15,10450.5966796875,10538.04937156773,10406.870333747385,10538.04937156773,414362,10909.236572265625,11306.6605078125,,-0.05242288314833221,31.984932722724224,-147.03886200087254,-111.71409360090745,-35.324768399965095,11367.939038246337,10909.236572265625,10450.534106284913,6.820696118702372e-05,-4077394,bear,hold
2022-06-16,10445.7373046875,10572.057848837208,10445.7373046875,10538.048471566133,244792,10879.356884765624,11275.17755859375,,-0.054113541198816395,31.884371387460376,-168.3701976941702,-123.04531441956001,-45.32488327461019,11375.549203894296,10879.356884765624,10383.164565636953,0.06305290976735269,-4322186,bear,hold
2022-06-17,10246.5400390625,10338.851210585586,10193.096729233344,10314.558797026879,319058,10836.359375,11242.0426953125,,-0.07742771813285554,27.99834620948127,-199.05441411120773,-138.24713435788956,-60.80727975331817,11391.863825493678,10836.359375,10280.854924506322,-0.03088623809703647,-4641244,bear,hold
2022-06-20,10275.689453125,10299.98186317967,10202.812222960993,10299.98186317967,251715,10811.09521484375,11209.97671875,,-0.04686805348978185,29.355218511576794,-218.50101885334516,-154.29791125698068,-64.20310759636448,11417.963155915748,10811.09521484375,10204.227273771752,0.058877866597314366,-4389529,bear,hold
2022-06-21,10368.0009765625,10387.434905290827,10275.689815102947,10275.689815102947,231275,10794.090576171875,11178.3965625,,-0.03176034702138275,33.62136344293306,-223.88304042720483,-168.21493709102552,-55.668103336179314,11429.918152959119,10794.090576171875,10158.262999384631,0.16493306112771028,-4158254,bear,hold
2022-06-22,10382.576171875,10484.60429522988,10382.576171875,10465.170366971806,109136,10775.6283203125,11148.856953125,,-0.034342564600020054,34.296031685513114,-224.3856566732211,-179.44908100746463,-44.936575665756465,11436.252850813515,10775.6283203125,10115.003789811486,0.20251471880751112,-4049118,bear,hold
2022-06-23,10513.755859375,10557.48220074948,10455.454070875694,10455.454070875694,108955,10766.883056640625,11124.37021484375,,-0.016363627891670007,40.18833043062761,-211.75786633408097,-185.9108380727879,-25.847028261293076,11436.451298548858,10766.883056640625,10097.314814732392,0.3109772974415377,-3940163,bear,hold
2022-06-24,10688.6611328125,10712.953544477983,10523.472733487217,10523.472733487217,154713,10763.48203125,11100.4664453125,,-0.006323558703792531,47.01163381256547,-185.49854592140582,-185.8283796425115,0.3298337211056719,11433.913446663226,10763.48203125,10093.050615836773,0.44419943881106533,-3785450,bear,hold
2022-06-27,10829.5576171875,10868.42547763501,10790.68975673999,10853.850029967194,198318,10763.96787109375,11079.86646484375,,0.0008980535884370866,51.78348118343876,-151.57145515310913,-178.97699474463104,27.405539591521915,11434.57600749089,10763.96787109375,10093.359734696609,0.5489031839414691,-3587132,bear,hold
2022-06-28,10834.416015625,10848.991463179653,10761.538777851738,10800.406637997477,111715,10758.1376953125,11062.76458984375,,-0.010647731500456059,51.94418626363548,-122.87552655440959,-167.75670110658677,44.881174552177185,11424.151383087476,10758.1376953125,10092.124007537524,0.5572648293215499,-3475417,bear,hold
2022-06-29,10708.09375,10708.09375,10620.64107872051,10688.659823049002,110603,10733.84521484375,11043.03912109375,,-0.04340290045938977,47.51022119011828,-109.06966036250014,-156.01929295776944,46.94963259526929,11369.242175649371,10733.84521484375,10098.448254038129,0.4797359238143824,-3586020,bear,hold
2022-06-30,10591.4931640625,10708.096758529244,10581.776197856938,10683.804343015338,176846,10708.58115234375,11020.3986328125,,-0.045534065228872045,43.794205945788825,-106.31161068165784,-146.07775650254712,39.76614582088928,11324.11791560669,10708.58115234375,10093.04438908081,0.4048895246641565,-3762866,bear,hold
2022-07-01,10513.755859375,10562.340683124423,10474.888000375462,10513.755859375,330627,10680.887744140626,10997.36943359375,,-0.05004399886457955,41.46562124237249,-109.14048369103875,-138.69030194024546,29.54981824920671,11278.90683229419,10680.887744140626,10082.868655987062,0.3602620818662661,-4093493,bear,hold
2022-07-04,10649.7939453125,10669.22787586964,10513.756431412523,10610.926084198221,95776,10654.16611328125,10978.22701171875,,-0.047784494904584474,46.79686260386608,-99.26102994905887,-130.80444754200815,31.543417592949282,11205.794628882566,10654.16611328125,10102.537597679933,0.49603703593533083,-3997717,bear,hold
2022-07-05,10776.1142578125,10776.1142578125,10717.812467418564,10751.82184514836,108144,10638.13310546875,10958.98744140625,,-0.028896699552947602,51.23801869158202,-80.31270331418455,-120.70609869644343,40.39339538225889,11154.911238010442,10638.13310546875,10121.35497292706,0.6335013457952555,-3889573,bear,hold
2022-07-06,10742.1044921875,10829.557174620506,10737.24600983011,10776.113868689225,253521,10615.055322265625,10937.804453125,,-0.041196864027067015,50.02719726613956,-67.26493351262616,-110.01786565967998,42.752932147053826,11065.751608894627,10615.055322265625,10164.359035636624,0.6409476555399906,-4143094,bear,hold
2022-07-07,10810.123046875,10834.415458216292,10771.255188728934,10819.840011411517,103225,10599.508203125,10915.74693359375,,-0.02795976561584146,52.44749934272778,-50.84978832536581,-98.18425019281716,47.33446186745135,10997.705803320074,10599.508203125,10201.310602929927,0.764460212275038,-4039869,bear,hold
2022-07-08,10883.0,10921.867857142857,10883.0,10912.150892857142,136351,10592.949169921874,10899.422421875,,-0.011910160915602375,54.96425310532179,-31.595888703432138,-84.86657789494016,53.270689191508026,10967.211263837311,10592.949169921874,10218.687076006438,0.8874969370310606,-3903518,bear,hold
2022-07-11,10858.7080078125,10897.575866453439,10839.27407849203,10883.000419463087,186538,10605.33828125,10888.9280859375,11415.854912109375,0.023351612448401227,53.93947071049321,-18.088680243046838,-71.5109983645615,53.422318121514664,10997.153384195753,10605.33828125,10213.523178304247,0.8233281778287892,-4090056,bear,hold
2022-07-12,10848.9912109375,10917.009964611088,10834.41576372173,10892.717552584807,93154,10620.88544921875,10874.93564453125,11413.8629296875,0.029506732532904145,53.50970814654358,-8.075099801229953,-58.823818651895195,50.74871885066524,11025.261470778576,10620.88544921875,10216.509427658923,0.7820465971731745,-4183210,bear,hold
2022-07-13,10790.6884765625,10800.405440521585,10751.820620726165,10790.6884765625,78683,10637.8900390625,10862.20640625,11411.482260742188,0.03254281141057014,50.88970210482557,-4.78860846731186,-48.01677661497853,43.22816814766667,11040.792388426293,10637.8900390625,10234.987689698708,0.6896221723964601,-4261893,bear,hold
2022-07-14,10717.8125,10737.24643019039,10620.64284904805,10664.369191976428,88104,10651.493798828125,10845.10455078125,11408.810092773438,0.026046528586393558,47.742973269519545,-7.972619273732562,-40.00794514672934,32.03532587299678,11045.807175840273,10651.493798828125,10257.180421815978,0.5840939022591561,-4349997,bear,hold
2022-07-15,10853.8505859375,10868.42603435192,10790.690309475016,10790.690309475016,103766,10681.859326171874,10831.0149609375,11406.988168945312,0.059269816402392594,53.520614821613435,0.47568246866103436,-31.91121962365127,32.386902092312305,11038.492082148456,10681.859326171874,10325.226570195293,0.7411321687132403,-4246231,bear,hold
2022-07-18,11019.0380859375,11043.330497943534,10980.170226727843,11004.46263873388,145022,10719.0267578125,10824.60173828125,11406.405151367188,0.07234051167111089,59.3917434313873,20.266651839838232,-21.47564533095337,41.7422971707916,11052.799675811619,10719.0267578125,10385.253839813382,0.9494243120794361,-4101209,bear,hold
2022-07-19,10892.716796875,10936.443135488682,10863.565904465879,10936.443135488682,191252,10745.262548828125,10814.787578125,11404.75326171875,0.05060916000091553,53.7955627726554,25.4645261303358,-12.087611038695538,37.55213716903134,11045.330741048254,10745.262548828125,10445.194356607995,0.7457012303701674,-4292461,bear,hold
2022-07-20,11174.5087890625,11189.084235309103,11077.33914741848,11106.490039911685,167100,10784.8591796875,10811.386640625,11404.413168945313,0.07627515599960044,62.32396421173934,51.72587401243072,0.6750859715297146,51.05078804090101,11091.961007468117,10784.8591796875,10477.757351906885,1.134398062999079,-4125361,bear,hold
2022-07-21,11184.2265625,11213.377457102519,11164.792632764986,11179.368080066246,143992,10818.38271484375,10813.9130078125,11404.8747265625,0.06377080770114607,62.58047464245384,72.48674246763221,15.037417270750215,57.449325196882,11145.515229618291,10818.38271484375,10491.25020006921,1.0591676631538574,-3981369,bear,hold
2022-07-22,11271.6787109375,11281.395675343481,11213.376924501617,11213.376924501617,227963,10847.53359375,10818.67431640625,11405.2876953125,0.05454542630556669,64.89667678521042,94.90256016438616,31.010445849477406,63.89211431490875,11223.49436498109,10847.53359375,10471.57282251891,1.0640816138857112,-3753406,bear,hold
2022-07-25,11213.3779296875,11227.953377603038,11164.793103302372,11218.236412326012,145734,10866.724609375,10824.9903515625,11405.020473632812,0.035441919796505905,62.13542486152343,106.73252526680699,46.154861732943324,60.577663533863664,11274.863200618998,10866.724609375,10458.586018131002,0.9246759896631039,-3899140,bear,hold
2022-07-26,11179.3701171875,11223.096467059158,11169.653150549353,11184.228600506573,144905,10883.972314453125,10829.55736328125,11404.728974609376,0.03183873510718249,60.517880177006965,112.07181743802903,59.33825287396047,52.73356456406856,11313.772093426818,10883.972314453125,10454.172535479433,0.843645829041312,-4044045,bear,hold
2022-07-27,11213.3779296875,11232.81186024155,11155.076138025346,11179.36855121791,81619,10909.2365234375,10833.2498046875,11405.457744140625,0.04718712699797756,61.59457897560575,117.69072577800944,71.00874745477026,46.68197832323918,11353.859607595508,10909.2365234375,10464.61343927949,0.8420216100857189,-3962426,bear,hold
2022-07-28,11266.822265625,11339.699511845083,11261.96378254366,11334.841028763745,155966,10943.002978515626,10837.71962890625,11406.1622265625,0.06376146319519216,63.28891169167839,125.01516536955387,81.81003103772699,43.20513433182688,11388.547967411005,10943.002978515626,10497.457989620247,0.8633968456386479,-3806460,bear,hold
2022-07-29,11500.02734375,11509.744308130017,11432.008593089882,11456.301004039924,204016,10992.316552734375,10845.59037109375,11409.295942382812,0.0938077217662947,69.59274095000146,147.9322662632785,95.0344780828373,52.89778818044121,11454.904526589855,10992.316552734375,10529.728578878896,1.0487721468243814,-3602444,bear,hold
2022-08-01,11572.9052734375,11616.631615780463,11529.178931094537,11529.178931094537,274047,11038.472119140624,10861.4290234375,11412.478247070312,0.08667879706079251,71.25396365942068,170.0150460694622,110.03059168016227,59.98445438929991,11537.8903742306,11038.472119140624,10539.05386405065,1.0350556861408604,-3328397,bear,hold
2022-08-02,11543.7548828125,11621.490605929082,11534.037917422927,11572.905778981218,156831,11076.854150390625,10878.14224609375,11415.150415039063,0.07123538286943032,69.6156741364066,183.05348859060905,124.63517106225164,58.418317528357406,11606.780255614982,11076.854150390625,10546.928045166269,0.9405338101094316,-3485228,bear,hold
2022-08-03,11602.0556640625,11611.772628605266,11553.47084134867,11582.621734976967,167802,11119.851708984375,10895.14693359375,11417.215268554688,0.08005425496469742,71.04936148121466,195.8334874907614,138.8748343479536,56.958653142807805,11673.189197392117,11119.851708984375,10566.514220576633,0.935723193512238,-3317426,bear,hold
2022-08-04,11718.66015625,11742.952569509225,11689.509260338931,11704.084708294466,232225,11165.278564453125,10915.7469140625,11419.547338867187,0.0840450294076569,73.72022714320786,212.91636933927475,153.68314134621784,59.233227993056914,11757.271741578668,11165.278564453125,10573.285387327582,0.9673884878909002,-3085201,bear,hold
2022-08-05,11655.4990234375,11694.366881789938,11631.206611967225,11689.508399495884,172104,11203.903515625,10933.72326171875,11422.170922851563,0.0709821761864835,69.95548708769819,218.83550128296338,166.71361333356694,52.12188794939644,11817.593467019433,11203.903515625,10590.213564230566,0.8679345790055549,-3257305,bear,hold
2022-08-08,11694.3671875,11694.3671875,11616.631468762984,11636.065398447237,185742,11245.686474609374,10951.2137890625,11425.15888671875,0.07695751456676692,70.93901668841723,224.0797402377575,178.18683871440507,45.892901523352435,11873.309792180971,11245.686474609374,10618.063157037777,0.8574442665918335,-3071563,bear,hold
2022-08-09,11674.9345703125,11708.943951083282,11636.066706574466,11679.793053279755,120042,11286.983642578125,10965.69208984375,11427.831059570313,0.07613089026584507,69.7103294310789,224.08467889977328,187.36640675147873,36.718272148294545,11913.455161100423,11286.983642578125,10660.512124055827,0.8096317360519933,-3191605,bear,hold
2022-08-10,11640.923828125,11655.499275322152,11631.2068633269,11636.06534572595,122039,11329.49541015625,10974.63169921875,11429.725869140624,0.07879342948406132,67.50653292183105,218.82176902856554,193.6574792068961,25.164289821669428,11930.353558653933,11329.49541015625,10728.637261658569,0.7591530286702525,-3313644,bear,hold
2022-08-11,11869.2734375,11883.848885847317,11796.396195763406,11820.688609675602,890933,11387.06845703125,10990.0816796875,11432.519497070312,0.10743432370178141,73.55207000583735,230.42063447529654,201.01011026057623,29.41052421472031,11962.57932483077,11387.06845703125,10811.55758923173,0.9189364679701649,-2422711,bear,hold
2022-08-12,11844.9794921875,11898.422795884819,11825.545563570293,11869.271902959008,175761,11436.62490234375,11005.6287890625,11435.0701953125,0.0913158789502897,72.0169026217769,234.94420994880056,207.7969301982211,27.147279750579457,11990.21467598497,11436.62490234375,10883.035128702531,0.8688241810879295,-2598472,bear,hold
2022-08-16,12107.3388671875,12155.923694102377,11908.141076836502,11961.584386442868,1772688,11491.03994140625,11024.09103515625,11438.932690429687,0.09876549774693033,77.48276929690267,256.7398478844643,217.58551373546976,39.154334148994565,12082.405603459321,11491.03994140625,10899.67427935318,1.0210810885109702,-825784,bear,hold
2022-08-17,12175.357421875,12199.649834927424,12160.781974043546,12170.498939264517,1396086,11555.17197265625,11045.6626953125,11442.819482421875,0.11775213189862566,78.64725067297825,276.31637373067497,229.3316857345108,46.984687996164155,12151.260592145944,11555.17197265625,10959.083353166556,1.0202124557835759,570302,bear,hold
2022-08-18,12146.2060546875,12194.79087890625,12097.62123046875,12097.62123046875,172986,11603.7568359375,11064.51361328125,11446.317587890626,0.08695659773216047,76.81378432552961,286.17973792308476,240.70129617222563,45.47844175085913,12225.65960316133,11603.7568359375,10981.85406871367,0.9361206022377823,397316,bear,hold
2022-08-19,12228.80078125,12282.24409018673,12180.215954943882,12180.215954943882,268112,11655.985546875,11086.6683203125,11450.593051757813,0.09339709034976007,78.35354841738229,297.23489047285693,252.0080150323519,45.22687544050504,12303.12274681342,11655.985546875,11008.848346936578,0.942576345811605,665428,bear,hold
2022-08-22,12165.640625,12194.791521066294,12126.772763578274,12136.489728933706,290781,11700.683642578126,11109.69751953125,11454.188330078125,0.07931045028767914,74.29066712214458,297.47062555632147,261.1005371371458,36.37008841917566,12358.86764983465,11700.683642578126,11042.499635321601,0.8532120024914698,374647,bear,hold
2022-08-23,11981.017578125,12049.036331609894,11922.715789423662,11922.715789423662,445494,11739.065625,11137.09935546875,11456.714741210937,0.06845748473394164,63.86578566455878,279.53757522363594,264.78794475444386,14.749630469192084,12367.98337211038,11739.065625,11110.147877889618,0.6923558002907937,-70847,bear,hold
2022-08-24,11951.8671875,11981.018083079269,11912.999326727642,11961.584152693089,537638,11777.690478515626,11165.3757421875,11459.3626171875,0.06910023214320815,62.37742742917727,259.9764638849374,263.8256485805426,-3.8491846956051745,12357.324073212632,11777.690478515626,11198.05688381862,0.6502472515205249,-608485,bear,hold
2022-08-25,12053.896484375,12068.471933570132,11976.16075533429,11985.877721464378,967031,11819.71640625,11197.44173828125,11462.44775390625,0.07495676681530727,65.41542136594106,249.82720131746646,261.02595912792736,-11.198757810460904,12349.318719948886,11819.71640625,11290.114092551114,0.721090497593773,358546,bear,hold
2022-08-26,12058.75390625,12112.19721526239,12053.89542361251,12112.19721526239,155229,11859.31298828125,11229.7020703125,11464.706948242187,0.07028881986016389,65.55801240510964,239.41595288776625,256.70395787989514,-17.28800499212889,12333.123554409469,11859.31298828125,11385.502422153031,0.7104648273238158,513775,bear,hold
2022-08-29,11723.517578125,11752.668471398416,11592.338558394633,11592.338558394633,366886,11870.4875,11259.24162109375,11465.38712890625,0.019433887215621448,50.180809569291576,201.7881058301664,245.7207874699494,-43.93268163978303,12319.784525960316,11870.4875,11421.190474039682,0.3364445863392161,146889,bear,hold
2022-08-30,11742.9521484375,11781.820008258559,11713.801253571704,11728.376701004603,248991,11878.98984375,11288.586875,11465.630053710938,0.014693533817329074,50.89983306947414,171.55835541589113,230.88830105913777,-59.329945643246646,12311.564317114146,11878.98984375,11446.415370385854,0.34275806399932707,395880,bear,hold
2022-08-31,11592.3408203125,11660.359584555743,11592.3408203125,11631.208685594353,429944,11881.419140625,11313.073671875,11464.58548828125,0.004208850412471987,45.42794855620128,133.90441817062128,211.49152448143448,-77.5871063108132,12306.9236714982,11881.419140625,11455.914609751799,0.16031111382143662,-34064,bear,hold
2022-09-01,11490.3125,11558.331263213531,11398.001321353066,11558.331263213531,1092782,11875.831982421874,11335.2283984375,11462.666391601562,-0.009631324594366997,42.12424918970067,94.738482604007,188.140916105949,-93.402433501942,12318.452961259585,11875.831982421874,11433.211003584163,0.06450382962617458,-1126846,bear,hold
2022-09-02,11660.3583984375,11660.3583984375,11582.62267578125,11621.490537109376,171383,11872.91689453125,11358.16044921875,11461.5732421875,-0.004975121475931266,48.80649390761593,76.53819469806695,165.8203718243726,-89.28217712630564,12320.381436644015,11872.91689453125,11425.452352418486,0.26248565406978763,-955463,bear,hold
2022-09-05,11660.3583984375,11670.07536376953,11563.188745117188,11592.339641113282,103986,11873.15986328125,11377.59439453125,11460.7473046875,0.0004169169411132323,48.80649390761593,61.40647973246632,144.93759340599132,-83.531113673525,12320.156951673413,11873.15986328125,11426.162774889086,0.2619654910849749,-851477,bear,hold
2022-09-06,11665.2158203125,11704.083678106128,11611.772515846262,11626.347962518872,132153,11871.702294921875,11394.30755859375,11460.01853515625,-0.0024927699566898998,49.00156441888204,49.23884519694002,125.79784376418107,-76.55899856724105,12321.204997725337,11871.702294921875,11422.199592118413,0.27031675969737345,-719324,bear,hold
2022-09-07,11670.0751953125,11684.65064310015,11606.914921566013,11621.490369353663,192399,11871.459326171875,11411.0207421875,11459.55697265625,-0.00041622288936471463,49.21006806458578,39.53231420532029,108.54473785240891,-69.01242364708862,12321.39224746365,11871.459326171875,11421.5264048801,0.2762064950913204,-526925,bear,hold
2022-09-08,11888.70703125,11903.282479183694,11820.688274226093,11830.405239515223,257001,11883.848486328125,11434.6330078125,11460.188569335938,0.0212855274017294,57.607774455030885,48.91768778575897,96.61932783907892,-47.70164005331995,12321.176557687362,11883.848486328125,11446.520414968887,0.5055548056940122,-269924,bear,hold
2022-09-13,12243.376953125,12253.093918960814,12199.65060686384,12233.659987289187,375762,11902.553662109374,11467.67068359375,11462.302016601563,0.031518653403252994,67.1085951132952,84.00619147800353,94.09670056686386,-10.09050908886033,12366.952160031746,11902.553662109374,11438.155164187003,0.8669513279439994,105838,bull,golden_cross
2022-09-14,11859.556640625,11874.132089179639,11810.971812109536,11849.839674921906,366019,11903.28251953125,11494.58669921875,11462.496362304688,0.0012306605044876129,53.21036698266986,79.92170429696307,91.2617013128837,-11.33999701592063,12367.362934656534,11903.28251953125,11439.202104405967,0.4528897606092185,-260181,bull,hold
2022-09-15,11893.5654296875,11927.574807958665,11864.4145340265,11874.131499246834,174958,11892.59384765625,11519.46212890625,11462.4720703125,-0.017656517245036807,54.11710125963442,78.52377068379064,88.71411518706509,-10.190344503274446,12347.131774170963,11892.59384765625,11438.055921141537,0.5010687579347891,-85223,bull,hold
2022-09-16,11636.0654296875,11767.244455408403,11616.63149995107,11767.244455408403,301426,11865.629248046875,11536.66115234375,11461.306030273438,-0.0442937298266558,46.73260120480003,55.9923552240798,82.16976319446803,-26.17740797038823,12313.810780660653,11865.629248046875,11417.447715433096,0.2438941571057527,-386649,bull,hold
2022-09-19,11597.1962890625,11645.781108036368,11577.762361472953,11611.77173475466,232524,11838.178759765626,11553.76298828125,11459.411220703125,-0.04520010307359512,45.718477989326324,34.600775139133475,72.65596558340113,-38.05519044426765,12281.483565466411,11838.178759765626,11394.87395406484,0.22819776866373506,-619173,bull,hold
2022-09-20,11728.376953125,11757.52784861744,11704.084540214633,11752.669366035367,134649,11813.157568359375,11572.12806640625,11458.245190429687,-0.04092174180253905,49.686760816233374,27.91123374264862,63.70701921525063,-35.79578547260201,12220.476958143927,11813.157568359375,11405.838178574822,0.39592857919283125,-484524,bull,hold
2022-09-21,11611.7734375,11640.924333158997,11563.188611401674,11582.622541841005,499837,11785.464208984375,11586.70353515625,11456.763359375,-0.04552716988547412,46.43707090420247,13.050358367992885,53.575687045799086,-40.5253286778062,12167.699279679387,11785.464208984375,11403.229138289362,0.2727958724868507,-984361,bull,hold
2022-09-22,11500.02734375,11538.895201270068,11378.56528899979,11538.895201270068,305580,11761.414697265625,11599.529921875,11454.649912109375,-0.04014602526359645,43.50075092321102,-7.655717946830919,41.32940604727309,-48.98512399410401,12151.84618931525,11761.414697265625,11370.983205216,0.16525836306974695,-1289941,bull,hold
2022-09-23,11427.150390625,11466.018249096513,11402.857979080303,11456.301284478635,288674,11735.178857421875,11611.09310546875,11451.661943359375,-0.04390249562208837,41.65102739530358,-29.60472877956454,27.142579081905563,-56.747307861470105,12141.104426887956,11735.178857421875,11329.253287955795,0.12058504074770479,-1578615,bull,hold
2022-09-26,11334.83984375,11383.424669484033,11310.547430882983,11329.981361176597,367316,11699.226025390624,11621.9761328125,11448.941201171874,-0.05965346073421862,39.36756223622346,-53.827675720827756,10.9485281213589,-64.77620384218666,12113.162280687888,11699.226025390624,11285.28977009336,0.05985229974728276,-1945931,bull,hold
2022-09-27,11368.8486328125,11378.56559745593,11305.68836263021,11349.414703525641,351589,11664.73076171875,11634.99685546875,11446.609135742188,-0.05721198714238007,40.65834411529798,-69.47939541374399,-5.1370565856616786,-64.3423388280823,12067.91969443969,11664.73076171875,11261.541828997812,0.13307260580111108,-1594342,bull,hold
2022-09-28,11325.1220703125,11363.98992812567,11232.81090800622,11363.98992812567,513338,11644.810986328124,11644.42228515625,11444.617158203126,-0.03398259141572568,39.494165482827285,-84.43850961288081,-20.997347191105504,-63.4411624217753,12073.004587823167,11644.810986328124,11216.617384833082,0.12670049844342948,-2107680,bull,hold
2022-09-29,11466.0185546875,11553.471238579185,11446.584624933792,11470.877037125927,149280,11630.964306640624,11653.36189453125,11443.645458984374,-0.023582961954490167,44.962649628705584,-83.9567455211727,-33.589226857118945,-50.36751866405376,12063.45690471622,11630.964306640624,11198.471708565028,0.30930800586291984,-1958400,bull,hold
2022-09-30,11276.5380859375,11325.122911814007,11223.094777473341,11315.405946638706,289485,11615.174169921875,11661.0383203125,11442.843803710937,-0.02724236107875988,39.75851170479474,-97.73777406161753,-46.418936298018664,-51.318837763598864,12074.388464304076,11615.174169921875,11155.959875539673,0.1312875185647755,-2247885,bull,hold
2022-10-04,11451.4443359375,11485.453716655176,11402.85950634082,11427.15192113916,192525,11613.23076171875,11666.57703125,11442.115043945312,-0.0033826899018194467,45.97464210040619,-93.46842007978194,-55.828833054371316,-37.63958702541062,12074.864886548516,11613.23076171875,11151.596636888986,0.3247676925520702,-2055360,bull,hold
2022-10-05,11470.8779296875,11597.198482915739,11470.8779296875,11597.198482915739,494712,11603.75673828125,11672.31005859375,11441.604907226563,-0.016249969535704012,46.633550745631254,-87.50805925265013,-62.164678294027084,-25.343380958623044,12068.897254314728,11603.75673828125,11138.616222247772,0.35716272393675275,-1560648,bull,hold
2022-10-06,11485.4521484375,11611.772688141127,11466.018219252326,11602.055723548541,503385,11595.01142578125,11676.58552734375,11440.657495117188,-0.015000074956824427,47.15409272466363,-80.67840230258662,-65.867423095739,-14.81097920684762,12062.139056415672,11595.01142578125,11127.883795146827,0.382730896056231,-1057263,bull,hold
2022-10-07,11378.56640625,11432.00971558764,11349.41551024765,11398.000336918232,201197,11580.678955078125,11679.889296875,11438.276840820312,-0.024573005632982925,43.78125941549539,-82.93461743299304,-69.2808619631898,-13.65375546980323,12055.832090740707,11580.678955078125,11105.525819415543,0.2873185151706016,-1258460,bull,hold
2022-10-11,11169.65234375,11237.671105303936,11135.642962973032,11237.671105303936,300624,11555.6578125,11679.69494140625,11435.021665039063,-0.04288085922218432,38.05214829133975,-100.42269276384832,-75.50922812332152,-24.913464640526797,12061.084869073637,11555.6578125,11050.230755926363,0.11813929059636569,-1559084,bull,hold
2022-10-12,11150.216796875,11159.933761403867,11096.77349196623,11140.499832346133,341783,11518.73330078125,11678.43171875,11431.669311523438,-0.06211695119022154,37.559728819481464,-114.53017212974373,-83.31341692460597,-31.21675520513776,12029.316260017285,11518.73330078125,11008.150341545215,0.13912181434957513,-1900867,bull,hold
2022-10-13,11072.4814453125,11087.056892585839,11038.472068341378,11077.339927736946,160765,11460.188525390626,11674.54490234375,11427.320971679688,-0.09563501248841644,35.57670364024466,-130.4789640979834,-92.74652635928146,-37.73243773870195,11886.558616374403,11460.188525390626,11033.818434406849,0.04533973151874116,-2061632,bull,hold
2022-10-14,11412.57421875,11412.57421875,11310.546096743295,11320.263060743933,355643,11437.839404296876,11672.79583984375,11425.1346484375,-0.037689640129029645,48.409919665281144,-114.3576087664278,-97.06874284071074,-17.28886592571706,11822.999069600843,11437.839404296876,11052.679738992909,0.46720167267912577,-1705989,bull,hold
2022-10-17,11218.2353515625,11300.829548607351,11169.65052977141,11300.829548607351,265931,11404.072900390625,11665.70244140625,11422.219555664062,-0.05678112943653635,43.123588113837215,-115.9265122707202,-100.84029672671264,-15.086215544007558,11738.580309254263,11404.072900390625,11069.565491526988,0.22222207355669907,-1971920,bull,hold
2022-10-18,11514.6025390625,11563.187359902427,11427.149861550633,11563.187359902427,280667,11397.999755859375,11665.11939453125,11419.86318359375,-0.010438484671554615,51.772642665048586,-92.19278339492848,-99.1107940603558,6.9180106654273175,11719.600327565566,11397.999755859375,11076.399184153184,0.6812850993773286,-1691253,bull,hold
2022-10-19,11514.6025390625,11558.328877818434,11470.876200306568,11529.177985314478,191288,11393.870068359374,11663.37033203125,11418.405634765624,-0.007121872213018854,51.772642665048586,-72.54735155896742,-93.79810556007814,21.25075400111072,11707.146464674948,11393.870068359374,11080.5936720438,0.6926932129631429,-1499965,bull,hold
2022-10-20,11422.2919921875,11451.442886255185,11368.848686396746,11451.442886255185,435923,11378.5658203125,11657.44296875,11417.3853515625,-0.02609781064855221,49.07674873346554,-63.692685323569094,-87.77702151277634,24.08433618920725,11652.404843125263,11378.5658203125,11104.726797499738,0.5798391906052363,-1935888,bull,hold
2022-10-21,11378.56640625,11378.56640625,11291.113718242954,11310.547648911186,175405,11366.90546875,11651.90431640625,11415.417666015624,-0.020083670466464865,47.80687135174927,-59.517507119071524,-82.12511863403539,22.607611514963864,11619.03003454639,11366.90546875,11114.78090295361,0.5231253496920603,-2111293,bull,hold
2022-10-24,11699.2255859375,11728.37648025462,11592.338973441394,11592.338973441394,354749,11376.865380859375,11652.001484375,11414.518852539062,0.017321545091434798,56.662892556387284,-29.98844425308016,-71.69778375784435,41.70933950476419,11662.720313680049,11376.865380859375,11091.010448038702,1.0638527939630693,-1756544,bull,hold
2022-10-25,11776.9619140625,11854.697636267534,11757.527983511241,11815.829775165017,273798,11394.35595703125,11654.04203125,11413.620034179687,0.030612314661097928,58.50123136802465,-0.31020136800725595,-57.42026727987694,57.11006591186968,11729.018611555806,11394.35595703125,11059.693302506694,1.0716292987259142,-1482746,bull,hold
2022-10-26,11791.537109375,11825.546487111145,11757.527731638855,11825.546487111145,281951,11417.1908203125,11657.054296875,11412.478295898438,0.0402914617163137,58.85366056765107,24.10821193004631,-41.114571437892295,65.2227833679386,11792.364791180058,11417.1908203125,11042.016849444943,0.9988969359959272,-1200795,bull,hold
2022-10-27,11815.8291015625,11859.555442810059,11767.244277954102,11791.5366897583,261834,11439.53984375,11655.98541015625,11411.433720703126,0.03931624768579778,59.47143696552041,44.9025327006857,-23.911150610176698,68.81368331086239,11851.938553082638,11439.53984375,11027.141134417363,0.9562202175916452,-938961,bull,hold
2022-10-28,11621.490234375,11665.216577230089,11592.339339138272,11660.358094690635,2842797,11454.358251953125,11651.515625,11408.518627929687,0.026169092237813052,52.65967449652327,45.179854067844644,-10.092949674572429,55.272803742417075,11870.527998723079,11454.358251953125,11038.18850518317,0.7007978519811302,-3781758,bull,hold
2022-10-31,11971.3017578125,11990.735689237521,11908.141480681184,11908.141480681184,385018,11479.622412109375,11648.7948828125,11407.401176757812,0.044067886399715706,61.260890023380924,72.78745126427748,6.483130513197553,66.30432075107993,11952.975422125188,11479.622412109375,11006.269402093561,1.0193580005825884,-3396740,bull,hold
2022-11-01,11937.291015625,11995.5928032471,11912.998604115792,11961.583427134208,1498426,11512.66005859375,11644.0335546875,11406.065087890625,0.0585953707292044,60.117236997423184,90.8747408446543,23.361452579488905,67.51328826516539,12015.989562171257,11512.66005859375,11009.330555016244,0.9218220410418102,-4895166,bull,hold
2022-11-02,11859.556640625,11869.273606328094,11815.83029496108,11844.98119207036,158914,11533.065673828125,11638.30056640625,11403.87876953125,0.035638500499604264,57.476163786003475,97.80905187378266,38.25097243834766,59.558079435435005,12057.463430711327,11533.065673828125,11008.667916944923,0.8113008804017385,-5054080,bull,hold
2022-11-03,11568.046875,11660.358042839143,11548.612944928602,11660.358042839143,536900,11537.92412109375,11625.08548828125,11400.404951171875,0.008470924885445763,48.81528538306461,78.87294329263023,46.37536660920418,32.49757668342605,12061.727388712068,11537.92412109375,11014.120853475433,0.5287538812455433,-5590980,bull,hold
2022-11-04,11451.4443359375,11480.595233695509,11407.717989300489,11461.161301856835,197556,11536.22373046875,11610.8015625,11397.416997070313,-0.0029609467751451346,45.83980873014243,53.83649677770882,47.86759264290511,5.968904134803708,12060.917342893908,11536.22373046875,11011.53011804359,0.41921057115656957,-5788536,bull,hold
2022-11-07,11407.716796875,11475.73555120049,11393.14134951954,11422.292244230463,210160,11537.68125,11599.335546875,11393.797431640625,0.0025618684801091973,44.7384882102543,30.119289163851136,44.317931947094316,-14.19864278324318,12060.774482117753,11537.68125,11014.588017882246,0.37577314602328543,-5998696,bull,hold
2022-11-08,11378.56640625,11480.594542258219,11378.56640625,11480.594542258219,178770,11548.126953125,11587.86953125,11390.493666992188,0.01870372112493701,43.979911832696,8.868804297848328,37.228106417245115,-28.359302119396787,12049.290130309337,11548.126953125,11046.963775940663,0.3308329955248961,-6177466,bull,hold
2022-11-09,11271.6787109375,11422.291659230199,11261.96174653152,11397.999248215248,229975,11554.200048828125,11572.22517578125,11387.068432617187,0.010893233403008074,41.22000710844442,-16.408158733751407,26.50085338704581,-42.909012120797215,12038.591654692795,11554.200048828125,11069.808442963455,0.20837506836405026,-6407441,bull,hold
2022-11-10,11189.0849609375,11189.0849609375,11062.764418608202,11130.783172170131,182438,11560.030224609374,11554.831796875,11382.744375,0.010530928970250208,39.174292473587876,-42.6137347985823,12.677935749920191,-55.291670548502495,12023.442035982433,11560.030224609374,11096.618413236316,0.09976714601556207,-6589879,bull,hold
2022-11-11,11349.4169921875,11660.359923480308,11286.256709268648,11660.359923480308,592998,11556.87236328125,11547.34978515625,11379.367739257812,-0.005534003578153035,44.89185085816527,-49.86952284312429,0.16844403131129582,-50.03796687443558,12025.096188570851,11556.87236328125,11088.64853799165,0.27846559712607766,-5996881,bull,hold
2022-11-14,11412.57421875,11466.017520753512,11271.67824074074,11310.546096743295,172255,11566.589306640624,11540.7422265625,11376.987075195313,0.01732347923690436,47.00507311074903,-49.94776009989437,-9.854796794929836,-40.09296330496453,12013.89821598371,11566.589306640624,11119.280397297538,0.32784258856277937,-5824626,bull,hold
2022-11-15,11354.2744140625,11407.717725382436,11339.6989655207,11378.566828298834,161694,11558.572900390625,11535.9808984375,11374.16916015625,-0.01392389571903141,45.279016376025154,-54.090548522861354,-18.70194714051614,-35.388601382345215,12014.97536228417,11558.572900390625,11102.17043849708,0.2761860382166635,-5986320,bull,hold
2022-11-16,11470.8779296875,11490.311860953383,11359.132824908671,11398.000687440439,104880,11556.386669921874,11535.59220703125,11372.250063476562,-0.0037973181641891562,49.28984837836583,-47.418201470794884,-24.44519800657189,-22.973003464222995,12014.027896047863,11556.386669921874,11098.745443795886,0.40657666382220364,-5881440,bull,hold
2022-11-17,11548.61328125,11558.33024656868,11432.009697425852,11461.160593381888,178008,11562.702734375,11533.3573046875,11371.788510742188,0.011059189272074388,51.8249443595049,-35.44909010625997,-26.645976426509506,-8.803113679750467,12016.235235706872,11562.702734375,11109.170233043127,0.48446698628695445,-5703432,bull,hold
2022-11-18,11432.0078125,11500.026558515725,11432.0078125,11500.026558515725,81620,11565.3748046875,11528.79029296875,11370.743930664063,0.004696673055460288,47.952412538578656,-34.96946372258026,-28.31067388572366,-6.658789836856599,12015.150487644058,11565.3748046875,11115.599121730944,0.3517405484097921,-5785052,bull,hold
2022-11-21,11602.0556640625,11611.772628605266,11490.310571820692,11490.310571820692,1534822,11560.51630859375,11527.52708984375,11371.594169921875,-0.008305671273814763,53.41883745540748,-20.63010487884094,-26.77456008434712,6.14445520550618,12006.486751339135,11560.51630859375,11114.545865848364,0.546571870562806,-4250230,bull,hold
2022-11-22,11592.3408203125,11660.359584555743,11568.048404511343,11592.3408203125,121592,11551.28525390625,11525.97240234375,11372.711630859376,-0.015676461815635978,53.07587286541966,-9.93543685450095,-23.406735438377886,13.471298583876937,11986.465223808153,11551.28525390625,11116.105284004347,0.5471707905300708,-4371822,bull,hold
2022-11-23,11704.0830078125,11733.233899488248,11679.79059808271,11723.516935596332,212722,11546.912548828124,11522.279921875,11375.16515625,-0.007416683741169661,56.53274339275518,7.470707601660251,-17.23124683037026,24.70195443203051,11974.031225443352,11546.912548828124,11119.793872212897,0.683989213758924,-4159100,bull,hold
2022-11-24,11592.3408203125,11708.944416158058,11563.189921351111,11708.944416158058,155453,11535.738134765625,11509.25919921875,11377.01138671875,-0.018914312261036903,52.37732365913728,12.108957302618364,-11.363206003772536,23.4721633063909,11945.470262988547,11535.738134765625,11126.006006542702,0.5690727937205837,-4314553,bull,hold
2022-11-25,11568.046875,11650.641077803444,11529.179014857204,11592.33928758925,149987,11533.065966796876,11503.42900390625,11379.537797851563,-0.004598666633726656,51.491161724383986,13.666941262172259,-6.357176550583578,20.024117812755836,11941.220277558254,11533.065966796876,11124.911656035498,0.5428525526753231,-4464540,bull,hold
2022-11-28,11592.3408203125,11650.642618235279,11572.906887671574,11606.916269793195,131459,11514.117919921875,11497.40451171875,11381.165390625,-0.03165578357029464,52.35918948060214,16.66981389060129,-1.7517784623466048,18.421592352947894,11871.11428883622,11514.117919921875,11157.12155100753,0.6095569972161164,-4333081,bull,hold
2022-11-29,11436.869140625,11534.038801972707,11383.425826883762,11524.321835837936,130200,11489.096826171875,11493.4205859375,11379.634975585937,-0.041920890958005996,46.610905645432986,6.430223252442374,-0.11537811938880882,6.545601371831183,11789.630631064798,11489.096826171875,11188.563021278953,0.413108467838612,-4463281,bull,hold
2022-11-30,11310.5478515625,11427.151437661083,11291.11392054607,11427.151437661083,251630,11461.64638671875,11487.6876171875,11378.007387695312,-0.04629252219951174,42.52576197479653,-11.742438890731137,-2.4407902736572744,-9.301648617073862,11719.006666910973,11461.64638671875,11204.286106526528,0.20644550308346957,-4714911,bull,hold
2022-12-01,11500.02734375,11568.046094410118,11461.159486229933,11568.046094410118,1926196,11458.24541015625,11483.120625,11377.5701171875,-0.005879949483693636,49.6536106394033,-10.731289467825263,-4.0988901124908725,-6.632399355334391,11711.659012880204,11458.24541015625,11204.831807432298,0.5824382218330697,-2788715,bull,hold
2022-12-02,11470.8779296875,11500.028826586324,11422.293101522791,11485.453378136912,103607,11459.21708984375,11480.30271484375,11377.27861328125,0.001697043026180678,48.653943096764,-12.142093868336815,-5.707530863660061,-6.434563004676754,11712.6679580366,11459.21708984375,11205.766221650902,0.5230041426310613,-2892322,bull,hold
2022-12-05,11388.2822265625,11470.87642359815,11354.272851312528,11470.87642359815,1293628,11458.245361328125,11478.0678125,11375.96681640625,-0.001703633659438708,45.837884839584866,-19.69788452978355,-8.505601596884759,-11.192282932898792,11712.62590400592,11458.245361328125,11203.86481865033,0.36248332119048454,-4185950,bull,hold
2022-12-06,11417.4345703125,11417.4345703125,11291.11401761968,11329.981879986703,114616,11460.18876953125,11477.87349609375,11374.24205078125,0.003415910464885208,47.00380545891332,-23.06764313029089,-11.418009903565986,-11.649633226724903,11712.691660816618,11460.18876953125,11207.685878245884,0.4153391887888682,-4071334,bull,hold
2022-12-07,11291.1123046875,11325.12167909921,11223.093555864081,11300.829268805132,141970,11461.16044921875,11476.9989453125,11373.246049804688,0.0017241082050309942,42.71312810432312,-35.52187811638396,-16.238783546129582,-19.283094570254377,11710.888491729833,11461.16044921875,11211.432406707669,0.15953334110704737,-4213304,bull,hold
2022-12-08,11242.52734375,11257.102789744491,11213.37645176102,11237.668861751838,100743,11463.832568359376,11474.47251953125,11372.784487304687,0.004776296095621246,41.15700746598642,-48.750385281511626,-22.74110389320599,-26.009281388305634,11702.768976280597,11463.832568359376,11224.896160438155,0.03689513763356307,-4314047,bull,hold
2022-12-09,11203.66015625,11315.405248875217,11174.509262521682,11281.395872858846,189638,11456.5447265625,11472.04328125,11371.496982421875,-0.01284267165774533,39.90452970816159,-61.6595567324639,-30.524794461057574,-31.134762271406323,11716.92504161816,11456.5447265625,11196.164411506841,0.01439383914555245,-4503685,bull,hold
2022-12-12,11140.5,11174.509376362843,11106.490623637155,11125.924552987351,93526,11442.941015625,11465.53291015625,11369.917973632813,-0.02383986413012784,37.88681793882163,-76.10932396061798,-39.64170036096966,-36.46762359964833,11737.30106282831,11442.941015625,11148.58096842169,-0.013726333615016437,-4597211,bull,hold
2022-12-13,11266.822265625,11310.54861335705,11242.529850218305,11257.105299462322,106950,11438.568408203126,11465.33859375,11369.723642578125,-0.0077021344780242584,43.98705524204984,-76.4860340871146,-47.01056710619865,-29.475466980915954,11740.566037631992,11438.568408203126,11136.57077877426,0.21564984979695098,-4490261,bull,hold
2022-12-14,11320.2646484375,11354.274027209629,11257.104373574974,11266.821338938438,298398,11431.037744140625,11462.715,11370.355249023438,-0.013130057016839225,46.38606082653583,-71.64633160759149,-51.93772000647722,-19.70861160111427,11736.923506239798,11431.037744140625,11125.151982041452,0.3189306116392384,-4191863,bull,hold
2022-12-15,11300.830078125,11320.264007752043,11261.962218870916,11320.264007752043,154706,11418.648583984375,11459.31404296875,11371.982836914063,-0.021455667194891115,45.62085184873604,-68.58839559748048,-55.26785512467788,-13.320540472802605,11724.55402716906,11418.648583984375,11112.74314079969,0.30742659458294697,-4346569,bull,hold
2022-12-16,11048.189453125,11223.0948270531,11019.038557470316,11189.085448789303,482113,11399.457666015625,11450.5687890625,11371.837080078125,-0.03357401129094095,37.06169846404713,-85.56461073944229,-61.32720624763077,-24.237404491811517,11745.170371264065,11399.457666015625,11053.744960767186,-0.008034861834472799,-4828682,bull,hold
2022-12-19,10902.4345703125,11028.755113462288,10848.991263595282,11014.179666175774,248053,11364.476611328126,11441.04615234375,11372.905947265624,-0.06030147708367617,33.19257192993305,-109.51713905805445,-70.96519280971552,-38.551946248338936,11759.216753183418,11364.476611328126,10969.736469472833,-0.0852483596474528,-5076735,bull,hold
2022-12-20,10606.068359375,10824.700093764315,10601.20987638857,10810.124644805028,453491,11315.16298828125,11429.77447265625,11370.889682617188,-0.08507966391130595,27.016562353849338,-150.67705540459428,-86.90756532869128,-63.76949007590301,11815.907076313051,11315.16298828125,10814.41890024945,-0.20804093932829193,-5530226,bull,hold
2022-12-21,10698.3779296875,10746.962752256472,10654.651589375426,10742.104269999574,263055,11264.877734375,11420.7376953125,11368.970581054688,-0.08592771235932706,31.304031720282893,-173.8440092647961,-104.29485411591224,-69.54915514888387,11800.100323621376,11264.877734375,10729.655145128625,-0.029218885814559073,-5267171,bull,hold
2022-12-22,10761.5390625,10829.557819554177,10732.38816661964,10785.831475733634,246765,11223.337646484375,11414.51884765625,11366.930014648438,-0.07166816182256652,34.15433937022095,-184.97513335523945,-120.43090996377768,-64.54422339146177,11779.021417726963,11223.337646484375,10667.653875241787,0.08447717219478273,-5020406,bull,hold
2022-12-23,10625.501953125,10708.096161265432,10601.20953896605,10708.096161265432,247710,11176.210400390624,11398.77740234375,11363.310439453126,-0.08147831108049519,31.155914570162082,-202.44008393629883,-136.83274475828193,-65.6073391780169,11765.801069525565,11176.210400390624,10586.619731255683,0.032973912160419255,-5268116,bull,hold
2022-12-26,10669.2265625,10683.802008623634,10630.35870617031,10644.934152293943,99641,11130.0546875,11387.7972265625,11360.006665039062,-0.07963139387646256,33.18624343429114,-210.32843724554732,-151.531883255735,-58.79655398981231,11726.602568982122,11130.0546875,10533.506806017878,0.11375428586296069,-5168475,bull,hold
2022-12-27,10659.5107421875,10688.66163756267,10606.067433999686,10674.086189875085,255339,11091.186767578125,11370.695390625,11356.970107421876,-0.06796951061337575,32.95367975470553,-214.88691696010574,-164.20288999660917,-50.684026963496564,11703.789259630976,11091.186767578125,10478.584275525274,0.14767036455886368,-5423814,bull,hold
2022-12-28,10542.908203125,10601.209999639976,10523.47427095334,10596.351516597062,314248,11052.80478515625,11351.26150390625,11354.467993164062,-0.06786936039808666,30.216859141329167,-225.31114871911996,-176.42454174111134,-48.886606978008615,11700.791765569611,11052.80478515625,10404.817804742888,0.10655337418509678,-5738062,bear,death_cross
2022-12-29,10411.7275390625,10518.61414935619,10377.718163059963,10518.61414935619,224124,10998.389794921875,11331.05021484375,11350.19251953125,-0.094634540610807,27.454371045671692,-241.37518784334497,-189.41467096155807,-51.9605168817869,11669.387235934279,10998.389794921875,10327.392353909472,0.062843149614537,-5962186,bear,hold
2023-01-02,10606.068359375,10883.001889601466,10436.021454849977,10591.492910415713,284571,10955.14931640625,11315.60025390625,11346.767299804687,-0.07539175079828087,36.68880901529314,-235.70728766966386,-198.67319430317923,-37.034093366484626,11610.048411057634,10955.14931640625,10300.250221754866,0.2334849292950442,-5677615,bear,hold
2023-01-03,10615.78515625,10635.219087886155,10528.3324638873,10606.068190431923,211185,10916.524462890626,11293.9314453125,11343.196318359374,-0.067832624354066,37.1197888846159,-227.80537310857835,-204.49963006425907,-23.305743044319286,11555.616076046685,10916.524462890626,10277.432849734567,0.26471346169333265,-5466430,bear,hold
2023-01-04,10567.1982421875,10620.641543642241,10542.905832435345,10610.924579741379,198688,10874.012646484374,11269.736171875,11340.184047851562,-0.0744682461623889,35.80720286564144,-222.89422096332964,-208.1785482440732,-14.715672719256446,11486.738234672468,10874.012646484374,10261.28705829628,0.24963147434060745,-5665118,bear,hold
2023-01-05,10601.2080078125,10640.07586485306,10567.198632902011,10630.358900592919,176866,10839.517431640625,11245.92958984375,11336.37013671875,-0.061101535283515584,37.473884804097544,-213.79331736989116,-209.3015020692368,-4.491815300654366,11431.769925289678,10839.517431640625,10247.264937991571,0.29881095784010514,-5488252,bear,hold
2023-01-06,10513.755859375,10557.48220074948,10460.312553250636,10533.18978887477,117290,10803.078857421875,11219.888125,11332.046083984374,-0.06482274510812214,34.96030234777288,-211.20282847694034,-209.68176735077753,-1.521061126162806,11381.172846328915,10803.078857421875,10224.984868514835,0.24976128138447087,-5605542,bear,hold
2023-01-09,10538.0478515625,10635.217495191477,10523.472405018154,10635.217495191477,187647,10769.7982421875,11198.21927734375,11327.673452148438,-0.05941025481000384,36.239661169965416,-204.82855058315545,-208.71112399725314,3.882573414097692,11328.114885346326,10769.7982421875,10211.481599028675,0.29245613267606463,-5417895,bear,hold
2023-01-10,10504.0390625,10538.048439668131,10421.444860805967,10538.048439668131,208110,10737.9751953125,11168.8740234375,11322.134780273438,-0.057130374534356654,35.19585912270209,-200.21318155360132,-207.0115355085228,6.798353954921481,11280.47706484576,10737.9751953125,10195.47332577924,0.28439140402062957,-5626005,bear,hold
2023-01-11,10601.2080078125,10630.358900592919,10547.76470438173,10547.76470438173,241999,10704.694482421875,11142.15236328125,11316.814741210937,-0.05907737267173241,40.47155282856398,-186.56415113168623,-202.9220586331555,16.35790750146927,11192.221982163948,10704.694482421875,10217.166982679802,0.39386601303093155,-5384006,bear,hold
2023-01-12,10737.24609375,10742.104576145362,10664.36885781957,10669.227340214933,145476,10675.5435546875,11119.70615234375,11311.543286132812,-0.05150220182952814,46.979424235730534,-162.89233809236248,-194.9161145249969,32.023776432634435,11073.92848446769,10675.5435546875,10277.15862490731,0.5774408548743861,-5238530,bear,hold
2023-01-13,10717.8125,10742.104912737987,10678.94463961922,10737.24643019039,167867,10646.39267578125,11102.70146484375,11306.539047851562,-0.05159068617919904,46.202361868780585,-144.039981074744,-184.74088783494636,40.70090676020237,10924.730856383541,10646.39267578125,10368.054495178958,0.6282968510899333,-5406397,bear,hold
2023-01-16,10712.955078125,10883.001984126984,10693.521146010487,10883.001984126984,367232,10629.63095703125,11087.9316796875,11300.806040039062,-0.03034292418882978,45.997566359513016,-128.0156212694892,-173.39583452185494,45.380213252365735,10841.636387488978,10629.63095703125,10417.625526573522,0.6965141197417688,-5773629,bear,hold
2023-01-17,10727.5283203125,10751.820730458136,10698.377428137737,10717.811356254246,150733,10620.88564453125,11074.32791015625,11294.805810546875,-0.01604286169955771,46.760047234428406,-112.83951809919563,-161.28457123732306,48.445053138127435,10798.854172772337,10620.88564453125,10442.917116290164,0.799611051558468,-5622896,bear,hold
2023-01-18,10727.5283203125,10805.264032778532,10674.085017992104,10727.5283203125,311432,10626.958642578125,11061.3071484375,11288.319731445312,0.011451930802439003,46.760047234428406,-99.66348834356177,-148.96035465857082,49.296866315009055,10810.686412648047,10626.958642578125,10443.230872508204,0.7736920980864807,-5311464,bear,hold
2023-01-19,10499.1796875,10674.085040924341,10484.604241381305,10674.085040924341,297528,10616.99873046875,11045.85716796875,11280.546147460938,-0.018619480775186825,37.212075642866736,-106.420467211301,-140.45237716911686,34.031909957815856,10805.690127877027,10616.99873046875,10428.307333060471,0.18779964379133798,-5608992,bear,hold
2023-01-20,10489.4638671875,10499.180832326165,10431.162076355518,10450.596006632846,136472,10603.394970703124,11031.86474609375,11272.89404296875,-0.025282182570017464,36.86713740813289,-111.27667885954361,-134.61723750720222,23.34055864765861,10787.619944825901,10603.394970703124,10419.169996580347,0.1907826855231508,-5745464,bear,hold
2023-01-25,10703.2373046875,10737.246683322457,10693.520339363226,10693.520339363226,151939,10607.28173828125,11018.94115234375,11266.893813476563,0.007315922758796223,48.23658387604573,-96.76014107557785,-127.04581822087735,30.285677145299502,10796.422870345225,10607.28173828125,10418.140606217275,0.7536612881586071,-5593525,bear,hold
2023-01-26,10766.3984375,10776.115403598827,10737.24753920352,10737.24753920352,196325,10612.14033203125,11006.01763671875,11261.330864257812,0.009107677527585567,51.04194545317539,-79.24561066634124,-117.48577670997014,38.2401660436289,10812.080664756008,10612.14033203125,10412.199999306491,0.8857603500167858,-5397200,bear,hold
2023-01-27,10824.69921875,10829.557701343694,10776.11439281306,10800.406805781531,271792,10620.399755859375,10995.4261328125,11255.71931640625,0.015496815994445967,53.54465664778538,-59.9695417768653,-105.98252972334919,46.01298794648389,10840.151272885187,10620.399755859375,10400.648238833563,0.9648419852924799,-5125408,bear,hold
2023-01-30,10800.4072265625,10858.709019958249,10795.54874377952,10844.13357160931,397818,10633.27470703125,10982.01671875,11250.423569335937,0.024423908325520216,52.3439780991137,-46.121617758451976,-94.01034733036974,47.888729571917764,10863.29040544591,10633.27470703125,10403.259008616591,0.8633067670667242,-5523226,bear,hold
2023-01-31,10732.388671875,10795.548949255886,10717.813223248642,10795.548949255886,180547,10649.307763671875,10965.6922265625,11245.395048828124,0.030798071848254782,49.028771665903065,-40.17248372754693,-83.24277460980518,43.07029088225825,10859.13405367061,10649.307763671875,10439.48147367314,0.6979754496055417,-5703773,bear,hold
2023-02-01,10873.2841796875,10897.57659295758,10848.99176641742,10853.850249071436,154909,10662.6685546875,10954.51775390625,11240.342221679688,0.02519461606866802,55.33876639162862,-23.814147510571274,-71.3570491899584,47.54290167938713,10892.825429009845,10662.6685546875,10432.511680365154,0.9575479781347387,-5548864,bear,hold
2023-02-02,10946.1611328125,10975.31202797312,10902.434790071571,10941.30265028573,340718,10679.187353515625,10941.39986328125,11235.775244140625,0.03112120033514354,58.21982377215774,-4.912854811966099,-58.068210314359945,53.155355502393846,10939.02326654444,10679.187353515625,10419.35144048681,1.0137353343209112,-5208146,bear,hold
2023-02-03,11091.9150390625,11091.9150390625,10994.745393516618,10994.745393516618,285302,10705.423193359375,10931.39134765625,11232.787270507812,0.04965524303122937,63.31670188018321,21.578929479670478,-42.13878235555386,63.717711835224335,11015.780955953538,10705.423193359375,10395.065430765211,1.1226553550209053,-4922844,bear,hold
2023-02-06,11193.943359375,11193.943359375,11135.641571044922,11150.217018127441,186323,10735.0599609375,10921.1885546875,11230.285151367187,0.05591205748681527,66.40613742445757,50.22769851394878,-23.665486181653332,73.89318469560212,11107.036866636778,10735.0599609375,10363.083055238223,1.1168170542400304,-4736521,bear,hold
2023-02-07,11213.3779296875,11257.104273434115,11203.660964410474,11203.660964410474,161150,10770.041064453126,10913.609296875,11227.734453125,0.06654349593714937,66.97665717825276,73.65125594734127,-4.202137755854412,77.85339370319568,11181.66543537044,10770.041064453126,10358.416693535812,1.0385211573435122,-4575371,bear,hold
2023-02-08,11397.9990234375,11397.9990234375,11291.112417079603,11291.112417079603,159011,10813.038623046876,10910.20833984375,11226.398369140625,0.08160440946825775,71.86487599335871,105.89132402538235,17.81655460039294,88.0747694249894,11292.769310034779,10813.038623046876,10333.307936058973,1.1096758204727633,-4416360,bear,hold
2023-02-09,11315.4052734375,11339.697684930496,11271.678932750108,11310.5467911389,132039,10853.60693359375,10904.66962890625,11224.9408203125,0.07724325910345509,67.08100237869292,123.35522267313354,38.924288214941065,84.43093445819247,11358.519485781437,10853.60693359375,10348.694381406063,0.9573052678556601,-4548399,bear,hold
2023-02-10,11193.943359375,11232.811218261719,11179.36791229248,11227.952735900879,159070,10883.243701171876,10899.81111328125,11222.220073242188,0.05591205748681527,60.683489318978246,125.94273732751753,56.32797803745636,69.61475929006117,11394.954621890176,10883.243701171876,10371.532780453575,0.8035890437583275,-4707469,bear,hold
2023-02-13,11300.830078125,11310.54704293852,11213.37739480331,11218.23587721007,141856,10911.422900390626,10899.6167578125,11219.717954101563,0.052488690252061376,63.942429622380146,135.06132338348834,72.07464710666275,62.98667627682559,11449.274565328753,10911.422900390626,10373.571235452499,0.8620023912905155,-4565613,bear,hold
2023-02-14,11388.2822265625,11446.584012705312,11363.989815669662,11427.150083991042,128377,10944.94638671875,10897.38185546875,11217.094370117187,0.06255658293728317,66.39665988455334,147.64259411883904,87.18823650909802,60.454357609741024,11513.075846347348,10944.94638671875,10376.81692709015,0.8901714937767623,-4437236,bear,hold
2023-02-15,11466.0185546875,11495.16944931806,11388.28283567267,11397.999800549524,202864,10982.599560546874,10897.28466796875,11215.928334960938,0.07029465456269812,68.4522008540214,162.01836694859958,102.15426259699834,59.86410435160124,11583.132061161356,10982.599560546874,10382.067059932393,0.9024919497662309,-4234372,bear,hold
2023-02-16,11587.4814453125,11616.632342030267,11548.613583022143,11548.613583022143,226458,11025.597216796876,10901.26865234375,11216.948618164062,0.08016321181568786,71.3964090736816,181.12442107364222,117.94829429232712,63.176126781315105,11668.5655223197,11025.597216796876,10382.62891127405,0.9369455101357851,-4007914,bear,hold
2023-02-17,11490.3125,11534.038847780126,11436.869186046511,11529.180364693446,296019,11063.73642578125,10902.7262109375,11216.657114257812,0.07110530561295958,66.08317539548776,186.27808697490036,131.61425282884179,54.663834146058576,11721.773575444784,11063.73642578125,10405.699276117715,0.8241276533071621,-4303933,bear,hold
2023-02-20,11475.7353515625,11490.3107986644,11456.3014220933,11490.3107986644,146850,11112.564208984375,10906.418671875,11216.9000390625,0.09301256794615642,65.2980973273276,187.03018275466275,142.69743881400598,44.33274394065677,11740.00348214825,11112.564208984375,10485.1249358205,0.7894074041196271,-4450783,bear,hold
2023-02-21,11432.0078125,11475.734149224394,11417.432366925203,11475.734149224394,107918,11159.69140625,10910.20828125,11216.195551757812,0.0898562555004272,62.884671896185964,181.9997967565614,150.55791040251708,31.44188635404433,11732.014904453501,11159.69140625,10587.367908046499,0.7379042683943517,-4558701,bear,hold
2023-02-22,11349.4169921875,11368.8509253933,11320.266092378799,11349.4169921875,323795,11192.000390625,10913.12341796875,11215.150986328124,0.06037235923163209,58.48764690976976,169.39609788119196,154.32554789825207,15.070549982939895,11729.501827772601,11192.000390625,10654.4989534774,0.6464336564362265,-4882496,bear,hold
2023-02-23,11300.830078125,11363.990349412887,11276.537666091197,11339.697937379084,155903,11218.72197265625,10916.33001953125,11214.956640625,0.049638850329330575,56.00665149181079,153.71508598375294,154.20345551535226,-0.48836953159931795,11720.910183217025,11218.72197265625,10716.533762095476,0.5817503315908813,-5038399,bear,hold
2023-02-24,11363.990234375,11363.990234375,11295.971481368908,11300.829963726486,343310,11245.6865234375,10918.27337890625,11214.859467773438,0.049820415766460124,58.47271316504895,144.71607105289695,152.3059786228612,-7.589907569964254,11717.337282245624,11245.6865234375,10774.035764629376,0.6254145241242239,-4695089,bear,hold
2023-02-27,11427.150390625,11427.150390625,11329.980744446215,11359.13163829985,124103,11277.023681640625,10920.41109375,11215.27244140625,0.05802958637717737,60.83688390442037,141.05479180732073,150.05574125975312,-9.000949452432394,11707.67140881577,11277.023681640625,10846.37595446548,0.6743033801305985,-4570986,bear,hold
2023-02-28,11461.1611328125,11636.066516780813,11393.142372380378,11636.066516780813,131121,11313.4623046875,10923.61771484375,11217.288706054687,0.06790403173221837,62.08850754857797,139.29191380586053,147.9029757689746,-8.611061963114082,11670.676852732851,11313.4623046875,10956.24775664215,0.7067368601491676,-4439865,bear,hold
2023-03-02,11247.3876953125,11451.443973154022,11203.661350060744,11451.443973154022,283871,11332.16748046875,10927.6016796875,11218.357578125,0.03440575169771298,51.04573148526628,119.27021763598714,142.17642414237713,-22.906206506389992,11629.361883825077,11332.16748046875,11034.973077112423,0.3573664507157598,-4723736,bear,hold
2023-03-03,11252.24609375,11334.840300828477,11213.378231595423,11300.830921443221,132605,11347.471728515626,10934.59791015625,11220.130927734375,0.027962767697615076,51.257907012219995,102.6120633311184,134.26355198012538,-31.65148864900698,11590.092706335,11347.471728515626,11104.850750696252,0.30375638656332643,-4591131,bear,hold
2023-03-06,11407.716796875,11436.867691585925,11344.556525001331,11344.556525001331,185205,11363.26181640625,10950.63087890625,11222.4144140625,0.02847134662502726,57.59210402788868,100.79365592467002,127.56957276903432,-26.775916844364303,11576.643354321626,11363.26181640625,11149.880278490873,0.6041678228188149,-4405926,bear,hold
2023-03-07,11456.3017578125,11466.018722831848,11412.575415225429,11412.575415225429,198028,11376.379736328125,10965.78935546875,11224.552143554687,0.023437531351967467,59.369081853148224,102.09605548529362,122.47486931228619,-20.37881382699257,11578.471051311999,11376.379736328125,11174.28842134425,0.6977373977965176,-4207898,bear,hold
2023-03-08,11441.7265625,11461.160492967092,11393.141736332273,11402.858701565818,130581,11387.79716796875,10979.39310546875,11226.54412109375,0.020363946907376196,58.57611856419736,100.79027254649009,118.13794995912698,-17.347677412636898,11577.16345946585,11387.79716796875,11198.430876471652,0.642394388422808,-4338479,bear,hold
2023-03-09,11461.1611328125,11461.1611328125,11407.717821044404,11432.010235484448,80463,11390.9552734375,10996.1062890625,11228.317475585938,0.005541508579279597,59.35565799823275,100.1689522342167,114.54415041414494,-14.375198179928233,11582.984793385021,11390.9552734375,11198.925753489977,0.6827996533923185,-4258016,bear,hold
2023-03-10,11223.0947265625,11441.726442015015,11213.377761431277,11227.95320912811,299573,11386.33974609375,11007.18365234375,11230.5280859375,-0.008157953219023906,47.550969491345995,79.54958394415735,107.54523712014742,-27.99565317599007,11589.524382078036,11386.33974609375,11183.155110109465,0.09828404657555966,-4557589,bear,hold
2023-03-13,11130.7822265625,11198.800974345946,11096.772852670778,11189.084010376882,297061,11383.181689453126,11016.60908203125,11232.641528320313,-0.005642438127900884,43.90468652552009,55.12430013919038,97.06104972395602,-41.936749584765636,11599.752135835803,11383.181689453126,11166.611243070449,-0.08271908080348016,-4854650,bear,hold
2023-03-14,10989.88671875,11019.037611903183,10897.575557098253,10912.151003674844,292366,11367.634521484375,11025.54865234375,11233.83185546875,-0.02751509023898102,38.990304268749384,24.119956932145215,82.47283116559386,-58.352874233448645,11642.435776462231,11367.634521484375,11092.833266506519,-0.18731091268999975,-5147016,bear,hold
2023-03-15,11135.6416015625,11135.6416015625,11067.622848324334,11125.92463681419,185216,11355.002490234376,11040.02693359375,11236.0667578125,-0.022184260977545,45.754725087028774,11.181103681672539,68.21448566880959,-57.03338198713705,11647.502634366267,11355.002490234376,11062.502346102485,0.12502430670091577,-4961800,bear,hold
2023-03-16,11164.79296875,11193.943864229765,11121.066625530353,11121.066625530353,120270,11339.9412109375,11051.20142578125,11238.107314453126,-0.02627115807468794,47.019941139532165,3.2418706977496186,55.219962674597596,-51.97809197684798,11638.972956543672,11339.9412109375,11040.90946533133,0.20714105649141795,-4841530,bear,hold
2023-03-17,11242.52734375,11271.67823573898,11189.084041770204,11271.67823573898,248221,11322.693505859375,11063.73626953125,11240.220747070312,-0.029769549421979402,50.345755641588674,3.1857622835905204,44.813122596396184,-41.62736031280566,11601.750328631413,11322.693505859375,11043.636683087338,0.35636229690957366,-4593309,bear,hold
2023-03-20,11111.349609375,11242.528638431897,11111.349609375,11242.528638431897,180839,11303.745361328125,11074.619296875,11241.022397460938,-0.032981077810111725,45.19034843612057,-7.358822974321811,34.378733482252585,-41.737556456574396,11586.146856876241,11303.745361328125,11021.343865780009,0.15935776724605868,-4774148,bear,hold
2023-03-21,11271.6787109375,11271.6787109375,11189.084513486665,11208.518442298626,147501,11293.542529296876,11088.0287109375,11241.41107421875,-0.01778157428466809,51.70034891590448,-2.7466030605864944,26.95366617368477,-29.700269234271264,11564.879508397165,11293.542529296876,11022.205550196586,0.4597109497719908,-4626647,bear,hold
2023-03-22,11383.4248046875,11402.858735211934,11329.981495745305,11329.981495745305,168329,11291.11337890625,11105.42208984375,11242.844326171875,-0.004249735357893858,55.65387268359764,9.812478174508215,23.52542857384946,-13.712950399341246,11558.28633954442,11291.11337890625,11023.94041826808,0.6727559285205263,-4458318,bear,hold
2023-03-23,11043.3310546875,11266.821256410169,10994.746228226051,11266.821256410169,503146,11275.80908203125,11115.52775390625,11242.722861328126,-0.02696930932317476,43.88131177797911,-7.589594683175164,17.302423922444536,-24.8920186056197,11562.242073600886,11275.80908203125,10989.376090461614,0.09418426964403809,-4961464,bear,hold
2023-03-24,11140.5,11320.263846489315,11038.47187091147,11072.481247274312,212080,11267.792578125,11128.25697265625,11242.504228515625,-0.014187460303057842,47.31066184827126,-13.385837385112609,11.164771660933107,-24.550609046045714,11559.894102953163,11267.792578125,10975.691053296836,0.282109014665564,-4749384,bear,hold
2023-03-27,11300.830078125,11315.405525345283,11227.952842023593,11227.952842023593,225663,11264.6345703125,11142.2494140625,11243.524506835938,-0.005557920672876526,52.47161123622321,-4.984644239790214,7.934888480788444,-12.919532720578658,11553.859234235228,11264.6345703125,10975.409906389774,0.5625733423311536,-4523721,bear,hold
2023-03-28,11271.6787109375,11271.6787109375,11213.376924501617,11271.6787109375,89734,11256.860986328125,11152.93806640625,11243.864599609375,-0.01360546368717186,51.48417464075894,-0.6711729843118519,6.213676187768385,-6.884849172080237,11536.390658102744,11256.860986328125,10977.331314553507,0.526504743691972,-4613455,bear,hold
2023-03-29,11329.9814453125,11329.9814453125,11223.094827903891,11232.811793122855,147171,11250.302001953125,11165.1814453125,11244.9091796875,-0.011445584437726919,53.37402502665073,7.366906359544373,6.444322222123583,0.9225841374207899,11516.171079944548,11250.302001953125,10984.432923961702,0.6498471427390767,-4466284,bear,hold
2023-03-30,11412.57421875,11456.300556752873,11397.998772749042,11412.57421875,231699,11258.561328125,11179.173828125,11246.901147460938,0.014686656840889656,55.989429189481214,20.169190833539687,9.189295944406805,10.979894889132883,11533.658141245312,11258.561328125,10983.464515004689,0.779924890583234,-4234585,bear,hold
2023-03-31,11475.7353515625,11514.6032105009,11393.141151318401,11514.6032105009,236849,11269.735791015624,11194.13796875,11251.2251953125,0.01986174635272464,57.9327630433299,35.0081172887094,14.353060213267325,20.655057075442073,11560.602971975492,11269.735791015624,10978.868610055757,0.8541127601042394,-3997736,bear,hold
2023-04-03,11728.376953125,11772.10329636366,11631.207301483533,11631.207301483533,467032,11285.768798828125,11214.15494140625,11257.176840820313,0.02810905652372453,64.655575136906,66.38884990912811,24.760218152439485,41.62863175668863,11634.821916737266,11285.768798828125,10936.715680918984,1.134012606660179,-3530704,bear,hold
2023-04-04,11806.1123046875,11806.1123046875,11704.084173659336,11718.659620949073,245512,11303.259326171876,11240.29359375,11263.954418945312,0.03053433422670193,66.43310357643244,96.41943656077638,39.092061834106865,57.32737472666951,11714.294093233077,11303.259326171876,10892.224559110675,1.111691539028318,-3285192,bear,hold
2023-04-05,11699.2255859375,11733.234962640807,11674.933174006566,11713.80103309606,261784,11316.13427734375,11264.488828125,11270.221860351563,0.022505259326983662,61.828677966734986,110.32230111337049,53.338109689959595,56.98419142341089,11758.63822413929,11316.13427734375,10873.63033054821,0.9328676742523596,-3546976,bear,hold
2023-04-06,11728.376953125,11738.093918289147,11689.509092468414,11689.509092468414,244351,11329.495068359374,11284.99162109375,11277.631044921874,0.02331489953033472,62.590223539935174,122.28308979929534,67.12710571182674,55.155984087468596,11803.7080447413,11329.495068359374,10855.28209197745,0.92057251133125,-3302625,bull,golden_cross
2023-04-07,11757.52734375,11781.819755617253,11738.093414256198,11752.668861376551,173040,11356.21669921875,11304.81419921875,11285.040234375,0.04761900618397341,63.37705567282928,132.5859258874225,80.2188697469459,52.36705614047659,11862.576140677269,11356.21669921875,10849.857257760232,0.8962705261062317,-3129585,bull,hold
2023-04-10,11776.9619140625,11825.546740440646,11757.527983511241,11757.527983511241,266000,11388.52568359375,11323.859453125,11292.0850390625,0.058053394123366964,63.92187954214246,140.69733383452876,92.31456256446248,48.382771270066286,11915.275689705977,11388.52568359375,10861.775677481524,0.8687102287246972,-2863585,bull,hold
2023-04-11,11840.1220703125,11840.1220703125,11796.395727008105,11801.254209597482,241889,11431.037451171875,11344.65375,11299.372768554687,0.07736525164648889,65.70736634861714,150.48745413400684,103.94914087837137,46.53831325563547,11959.470816744028,11431.037451171875,10902.604085599722,0.8870730406072064,-2621696,bull,hold
2023-04-12,11859.556640625,11864.415123476547,11830.405743515721,11835.264226367268,197804,11467.233203125,11367.197109375,11306.101772460937,0.0650088306506671,66.26067261936473,157.99315565699726,114.75794383409655,43.23521182290071,12008.782175577842,11467.233203125,10925.68423067216,0.8622234160310988,-2423892,bull,hold
2023-04-13,11694.3671875,11844.980142552971,11665.216292973619,11810.970765605525,277035,11493.7119140625,11383.61876953125,11311.130302734375,0.04743251578710561,57.73384830764486,148.8956930037075,121.58549366801876,27.310199335688736,12025.214267143776,11493.7119140625,10962.209560981224,0.6887623566238626,-2700927,bull,hold
2023-04-14,11713.8017578125,11762.386584680242,11679.79237900508,11742.952653933144,265798,11517.275634765625,11398.97158203125,11315.5515234375,0.04191890307693957,58.41192313746699,141.62157040279635,125.59270901497429,16.02886138782206,12043.90921306196,11517.275634765625,10990.64205646929,0.6865871558006605,-2435129,bull,hold
2023-04-17,11835.26171875,11864.412609682882,11757.52600959565,11757.52600959565,216807,11553.471240234376,11413.838515625,11320.555751953125,0.06515069139433893,62.46482627088772,143.9976641617377,129.27370004432697,14.72396411741073,12062.755326645743,11553.471240234376,11044.187153823008,0.7766535279957791,-2218322,bull,hold
2023-04-18,11922.716796875,11937.292245281938,11874.131968851874,11874.131968851874,244934,11586.02314453125,11428.413984375,11326.6288671875,0.05775875117037921,65.10197607329378,151.19475052801135,133.65791014106384,17.536840386947517,12102.277757183489,11586.02314453125,11069.76853187901,0.826092633452706,-1973388,bull,hold
2023-04-19,11951.8671875,11956.725670096544,11883.848431148373,11917.857809324187,201476,11614.445263671874,11443.18376953125,11333.430737304687,0.049935972044057086,65.96044441034446,157.43586359386063,138.4135008316232,19.022362762237435,12145.337637842567,11614.445263671874,11083.552889501181,0.8177875029333511,-1771912,bull,hold
2023-04-20,11951.8671875,12029.602909044715,11908.140844131098,11976.159600482724,170811,11659.8720703125,11454.2611328125,11340.621293945313,0.08227011653579464,65.96044441034445,160.53148364722983,142.83709739474452,17.694386252485316,12140.630592755466,11659.8720703125,11179.113547869534,0.8036816858739518,-1601101,bull,hold
2023-04-21,11942.1494140625,11966.441825401113,11888.70610911755,11888.70610911755,282353,11699.954541015624,11466.796015625,11347.083071289062,0.07195811804340013,65.33902069372408,160.35220137896067,146.34011819158775,14.012083187372923,12132.029730474183,11699.954541015624,11267.879351557065,0.7802693593103255,-1883454,bull,hold
2023-04-24,11956.7255859375,12000.45192899863,11937.29165568811,11966.442551062195,255384,11732.74931640625,11482.05166015625,11352.986127929687,0.05803958676293308,65.85859425571677,159.54713409466058,148.98152137220234,10.56561272245824,12137.364178590617,11732.74931640625,11328.134454221885,0.7767771162953386,-1628070,bull,hold
2023-04-25,11966.4423828125,12029.602655234978,11956.725417824426,11976.159347800574,316614,11767.4875,11495.36390625,11359.107817382812,0.061637994631698945,66.22209330042804,157.87331151044054,150.75987939984998,7.113432110590566,12124.266829999244,11767.4875,11410.708170000755,0.778820640776642,-1311456,bull,hold
2023-04-26,11898.423828125,11942.150171307167,11883.848380397612,11883.848380397612,272751,11795.909619140624,11505.56673828125,11364.549321289063,0.050171519305327594,61.301872693524814,149.33680442225705,150.4752644043314,-1.1384599820743517,12094.584656122062,11795.909619140624,11497.234582159186,0.6716149598915874,-1584207,bull,hold
2023-04-27,11859.556640625,11893.566020585826,11830.405743515721,11840.122709218815,241381,11818.258740234374,11513.4375,11369.432104492187,0.03916578445033392,58.62159553795935,137.8462975363891,147.94947103074293,-10.103173494353825,12060.39470966364,11818.258740234374,11576.122770805108,0.5852783262395261,-1825588,bull,hold
2023-04-28,12044.1787109375,12073.329607373815,12015.027814501185,12015.027814501185,248149,11846.680908203125,11522.5714453125,11375.359458007813,0.049534373350427874,66.1847611026216,142.00055219448222,146.75968726349078,-4.7591350690085505,12051.966225355432,11846.680908203125,11641.395591050818,0.9810324612447692,-1577439,bull,hold
2023-05-02,12160.7822265625,12170.499191985242,12131.63133029427,12131.63133029427,284451,11868.301171875,11535.98083984375,11381.918413085938,0.03686829602814612,69.92384257205326,152.9387751565846,147.99550484210954,4.943270314475058,12107.477008269385,11868.301171875,11629.125335480616,1.11143520829006,-1292988,bull,hold
2023-05-03,12024.744140625,12141.347720170454,12005.310210700756,12141.347720170454,163362,11879.232763671875,11546.961015625,11388.08869140625,0.01851852924105213,61.39450123383745,148.9136748936271,148.17913885241305,0.7345360412140565,12125.907592894375,11879.232763671875,11632.557934449374,0.7949457336440972,-1456350,bull,hold
2023-05-04,11806.1123046875,11874.131058706274,11786.678374967849,11874.131058706274,217456,11884.577099609374,11554.44310546875,11393.530190429687,0.009136221706715242,50.69236786693605,126.62236811830735,143.8677847055919,-17.245416587284552,12119.785575567908,11884.577099609374,11649.36862365084,0.33320159998037835,-1673806,bull,hold
2023-05-08,11888.70703125,11932.433375051083,11869.27310067174,11883.848548605436,143828,11892.593603515625,11565.22890625,11398.70447265625,0.013670269873299112,53.95765880754772,114.30343224384342,137.9549142132422,-23.651481969398787,12116.624145937732,11892.593603515625,11668.563061093517,0.49132579820678707,-1529978,bull,hold
2023-05-09,11937.291015625,11947.007980228684,11888.706192606583,11898.423157210267,180918,11901.581787109375,11577.958125,11403.295737304688,0.015289241234089701,55.8113769364053,107.22488656876521,131.80890868434682,-24.584022115581604,12117.492710837481,11901.581787109375,11685.670863381269,0.582694353530239,-1349060,bull,hold
2023-05-10,11908.1396484375,11912.998130546204,11883.847237893971,11912.998130546204,118060,11908.140673828126,11588.84111328125,11408.3728515625,0.011138503744192674,54.39621714703819,98.13161623209271,125.07345019389601,-26.941833961803297,12116.342569983186,11908.140673828126,11699.938777673065,0.49999753750891646,-1467120,bull,hold
2023-05-11,11981.017578125,11981.017578125,11888.706412681215,11908.140342248327,123979,11915.18544921875,11599.91845703125,11412.405395507812,0.011899835742891218,57.31046163342655,95.70257413447689,119.1992749820122,-23.49670084753531,12123.239328472373,11915.18544921875,11707.131569965128,0.6582093281375415,-1343141,bull,hold
2023-05-12,12039.3193359375,12058.753265454752,11981.017547385743,11981.017547385743,132226,11924.173583984375,11611.48162109375,11416.680859375,0.015157623573947232,59.53808543147749,97.35970332355828,114.83136065032141,-17.471657326763136,12137.30781845526,11924.173583984375,11711.03934951349,0.7701249572575226,-1210915,bull,hold
2023-05-15,12034.4609375,12049.036384739604,12005.31004302079,12039.319419913201,291825,11941.178271484376,11627.2230859375,11420.494770507812,0.029081842954574055,59.26057302735229,97.16094707698721,111.29727793565458,-14.136330858667364,12131.28358022579,11941.178271484376,11751.072962742961,0.745344716129178,-1502740,bull,hold
2023-05-16,12039.3193359375,12044.177818316814,12010.168441661623,12039.3193359375,115654,11957.454150390626,11642.96455078125,11424.624477539062,0.027789234004058194,59.46404874425548,96.28554365856871,108.2949310802374,-12.009387421668691,12120.753658618509,11957.454150390626,11794.154642162743,0.750659620580829,-1387086,bull,hold
2023-05-17,12005.310546875,12049.036890428977,12005.310546875,12039.319925194759,152569,11965.956591796876,11654.91642578125,11428.7541796875,0.014367982066302742,57.30638670587604,91.78946329261453,104.99383752271282,-13.204374230098296,12120.389140875255,11965.956591796876,11811.524042718496,0.6274147040665335,-1539655,bull,hold
2023-05-19,12160.7822265625,12262.810363501298,12155.923743851128,12243.376432655812,154005,11977.85986328125,11669.00603515625,11433.491201171875,0.019967381071225088,63.777160803817424,99.6231586699414,103.91970175215855,-4.296543082217141,12152.502728426412,11977.85986328125,11803.216998136088,1.0237040835570514,-1385650,bull,hold
2023-05-22,12053.896484375,12160.783111805975,12024.745585984734,12160.783111805975,208764,11982.961328125,11681.24943359375,11437.426572265626,0.008536682618236258,57.34253382249434,96.09886468941659,102.35553433961016,-6.256669650193572,12160.21036276982,11982.961328125,11805.712293480181,0.7001002611724885,-1594414,bull,hold
2023-05-23,12010.1689453125,12053.895288559997,12000.45198014639,12053.895288559997,135745,11985.876416015624,11692.22958984375,11439.977280273437,0.004878045990460489,54.90209968925838,88.75428521035064,99.63528451375825,-10.880999303407606,12162.90158683391,11985.876416015624,11808.851245197338,0.568613206767674,-1730159,bull,hold
2023-05-25,11976.158203125,11976.158203125,11888.705526591024,11903.28097268002,147651,11987.57685546875,11707.290859375,11441.993544921876,0.0028477946375762286,53.01231327204857,79.27543256409808,95.56331412382622,-16.287881559728135,12163.539418868764,11987.57685546875,11811.614292068734,0.4675537451742184,-1877810,bull,hold
2023-05-26,12000.4521484375,12034.461526995825,11961.584287227986,12034.461526995825,146918,11989.76318359375,11724.6842578125,11444.27703125,0.003657068332439506,54.22437482947654,72.88353587114761,91.0273584732905,-18.14382260214289,12165.22399991207,11989.76318359375,11814.30236727543,0.5304596919928781,-1730892,bull,hold
2023-05-30,12194.7919921875,12204.508957918326,12121.9147492063,12185.075026456674,404835,12001.1806640625,11748.78236328125,11447.240712890625,0.019082497710679602,62.54724100305621,82.54795151489088,89.33147708161059,-6.783525566719703,12197.556969005162,12001.1806640625,11804.804359119838,0.992960003961606,-1326057,bull,hold
2023-05-31,12126.771484375,12146.205413035857,12083.04514488807,12131.629966540215,152815,12012.598046875,11768.6049609375,11449.28126953125,0.01919142060734469,58.535605671385916,83.7529323616709,88.21576813762265,-4.462835775951746,12210.297424680699,12012.598046875,11814.898669069302,0.78875517658991,-1478872,bull,hold
2023-06-01,12078.1875,12126.772325020112,12019.885709975864,12126.772325020112,401772,12023.52958984375,11786.8728515625,11451.394711914063,0.018434994325679854,55.783548998113105,79.86691082582547,86.54599667526321,-6.67908584943774,12210.031896330565,12023.52958984375,11837.027283356936,0.6465341399413564,-1880644,bull,hold
2023-06-02,12058.75390625,12107.3387326249,12039.31997570004,12107.3387326249,177977,12024.258349609376,11803.1973828125,11453.216645507813,0.0012101443911043397,54.676210651794506,74.36188464160477,84.10917426853153,-9.747289626926758,12211.191116171545,12024.258349609376,11837.325583047206,0.5922672821758935,-2058621,bull,hold
2023-06-05,12219.08203125,12243.374440854872,12175.355693961234,12175.355693961234,175460,12027.17333984375,11825.35203125,11455.9373828125,0.004794083439810137,61.47136197776636,81.99110903127075,83.68556122107938,-1.6944521898086293,12224.082887942006,12027.17333984375,11830.263791745494,0.9873016399146104,-1883161,bull,hold
2023-06-07,12199.650390625,12204.50887345679,12141.348596643518,12170.49949363426,153416,12035.91865234375,11843.91146484375,11458.731015625,0.014545527784586065,60.29154731389883,85.48394758834547,84.0452384945326,1.438709093812875,12246.66953508648,12035.91865234375,11825.16776960102,0.8884485230866696,-2036577,bull,hold
2023-06-08,12131.6298828125,12199.648632656063,12121.912918549135,12175.356221997647,226927,12052.19453125,11858.87556640625,11460.042797851562,0.027571953385176373,56.22360552033791,81.8201885971539,83.60022851505687,-1.7800399179029682,12238.275841657853,12052.19453125,11866.113220842146,0.7134425842885408,-2263504,bull,hold
2023-06-09,12097.6220703125,12170.499311699925,12097.6220703125,12146.206897904116,179358,12062.640283203125,11879.96138671875,11461.306010742188,0.01757256180284017,54.252711551107616,75.3044244177654,81.94106769559859,-6.636643277833187,12233.686764831495,12062.640283203125,11891.593801574756,0.6022581311709736,-2442862,bull,hold
2023-06-12,12126.771484375,12160.7808595315,12112.196037879357,12117.05452004457,170652,12072.114306640626,11899.68681640625,11461.403173828125,0.015872987305242336,55.68660028791013,71.66662027744314,79.8861782119675,-8.21955793452436,12235.1417424094,12072.114306640626,11909.086870871852,0.6676318390111219,-2272210,bull,hold
2023-06-13,12083.0458984375,12185.074030269903,12063.61196856466,12175.357065333485,208741,12080.859619140625,11915.3311328125,11460.941616210937,0.01468795757891117,53.002863490976786,64.51169427758941,76.81128142509189,-12.299587147502479,12225.491514252759,12080.859619140625,11936.227724028491,0.507558081483963,-2480951,bull,hold
2023-06-14,12194.7919921875,12214.225923649154,12107.33930061006,12107.33930061006,2813007,12091.54833984375,11933.7933984375,11461.184545898437,0.01784275940407687,58.506510503560555,67.08502532582315,74.86603020523815,-7.7810048794149935,12236.682142169173,12091.54833984375,11946.414537518327,0.8556843777587191,332056,bull,hold
2023-06-15,12209.3671875,12267.668980675488,12160.78235985376,12189.933256441504,176619,12100.050732421874,11951.38111328125,11461.087377929687,0.014124374212328261,59.17800143699587,69.4993598150304,73.7926961271966,-4.293336312166204,12251.725846603556,12100.050732421874,11948.375618240192,0.8603638463300657,508675,bull,hold
2023-06-16,12301.677734375,12321.111664445103,12253.092909199742,12296.819251857474,187606,12113.411572265624,11969.16318359375,11461.767563476562,0.022204301319582953,63.23593845548991,77.96272123318158,74.62670114839361,3.3360200847879753,12285.346378050977,12113.411572265624,11941.476766480271,1.0474928745504009,696281,bull,hold
2023-06-19,12335.6875,12359.979913351714,12287.102673296575,12306.536603977944,138606,12128.22998046875,11986.3622265625,11463.540913085937,0.024616687687470717,64.63093031845727,86.4181256279353,76.98498604430195,9.433139583633348,12321.792947657632,12128.22998046875,11934.667013279868,1.0358915564897535,834887,bull,hold
2023-06-20,12311.3955078125,12355.12185334143,12287.10309362976,12335.687921995239,129751,12143.534228515626,11998.02259765625,11465.3385546875,0.025495797026023226,62.798031885144745,90.12008552764019,79.6120059409696,10.50807958667059,12344.07805635449,12143.534228515626,11942.990400676761,0.9185151971661513,705136,bull,hold
2023-06-21,12374.5546875,12408.5640643404,12335.686828253829,12340.5453106596,166608,12154.2228515625,12009.3914453125,11466.941845703124,0.01757884130763898,65.53479314401585,97.03181105914337,83.09596696460436,13.935844094539007,12378.667570903937,12154.2228515625,11929.778132221061,0.9908376472032729,871744,bull,hold
2023-06-22,12316.2529296875,12335.686859359592,12282.243552761342,12311.394447269478,1793931,12167.340673828125,12021.7319921875,11468.229340820313,0.02176528109832221,61.06877908054817,96.69035253543007,85.81484407876951,10.875508456660555,12397.394572402172,12167.340673828125,11937.286775254077,0.8236464515106767,-922187,bull,hold
2023-06-23,12423.1396484375,12447.432060734014,12408.564201059591,12442.573578274712,149598,12187.989208984374,12035.62724609375,11471.727451171875,0.03438508692137754,65.68567789467036,103.8475195463634,89.4213791722883,14.426140374075104,12431.639328758707,12187.989208984374,11944.339089210041,0.9825576110344633,-772589,bull,hold
2023-06-26,12408.5634765625,12457.148298318813,12379.41258350871,12447.43133396755,216555,12209.60947265625,12048.64796875,11475.0555078125,0.03610550780171473,64.56125745380521,107.10876751593787,92.95885684101822,14.149910674919653,12450.963495112741,12209.60947265625,11968.255450199758,0.9121621878958236,-989144,bull,hold
2023-06-27,12335.6875,12389.13080937377,12306.536603977944,12379.413844033084,291162,12226.371240234375,12059.82248046875,11478.772241210938,0.027935226724448814,59.1128964520373,102.6297953729736,94.8930445474093,7.7367508255643,12453.434476552951,12226.371240234375,11999.3080039158,0.740717655438177,-1280306,bull,hold
2023-06-28,12476.583984375,12486.30095009492,12384.272810035778,12384.272810035778,162346,12240.46083984375,12072.55171875,11483.703598632812,0.023107568572553694,65.22345346219218,109.19066443762495,97.75256852545243,11.438095912172514,12491.629069728606,12240.46083984375,11989.292609958895,0.9700497842412175,-1117960,bull,hold
2023-06-29,12598.044921875,12602.903404297627,12505.733755845064,12544.601615226089,171468,12264.02451171875,12087.321484375,11488.39203125,0.038862234528557194,69.46062249948292,122.77580000750822,102.7572148218636,20.018585185644625,12553.597843380367,12264.02451171875,11974.451180057133,1.0767458077710215,-946492,bull,hold
2023-06-30,12670.921875,12709.78973351227,12651.487945743866,12670.921875,140315,12293.66123046875,12106.852578125,11493.444848632813,0.04907477839700691,71.68944737460484,137.83381644394103,109.7725351462791,28.061281297661935,12620.074140569866,12293.66123046875,11967.248320367633,1.0778886693151657,-806177,bull,hold
2023-07-07,12568.8935546875,12627.195341566607,12559.17659020765,12602.90293036698,169268,12319.168212890625,12123.9544140625,11497.963237304688,0.04230450777945616,64.58304938948771,139.92164061913536,115.80235624085036,24.119284378285002,12647.888823038895,12319.168212890625,11990.447602742355,0.879844363400634,-975445,bull,hold
2023-07-10,12500.8759765625,12530.026872737928,12486.300528474787,12510.59294195431,308805,12333.25791015625,12137.26669921875,11502.117241210937,0.023061793397557873,60.29222523448736,134.53694802141945,119.54927459696418,14.987673424455267,12667.717556129795,12333.25791015625,11998.798264182704,0.7505804039801982,-1284250,bull,hold
2023-07-14,12471.7236328125,12515.44997200039,12413.421847228647,12505.733007736413,457983,12346.861572265625,12148.2468359375,11505.03232421875,0.022301724514710575,58.49830772813503,126.45944408564355,120.93130849470006,5.528135590943492,12680.609042231603,12346.861572265625,12013.114102299647,0.687060684774035,-1742233,bull,hold
2023-07-17,12466.8671875,12491.1596021288,12427.99932409392,12476.58415335152,322775,12363.6234375,12158.5468359375,11506.149775390624,0.02763332774950933,58.18770725707001,118.30237335222228,120.40552146620452,-2.103148113982243,12685.925883523512,12363.6234375,12041.320991476488,0.6601659423839247,-2065008,bull,hold
2023-07-19,12607.763671875,12627.197604317196,12554.320357658959,12573.754290101155,254580,12389.130517578125,12171.664765625,11509.890810546874,0.04216875007315557,64.1370754517445,121.80293636475653,120.68500444591493,1.117931918841606,12703.846210728792,12389.130517578125,12074.414824427458,0.8473502577963378,-1810428,bull,hold
2023-07-20,12641.7705078125,12651.487472076768,12583.468722226893,12607.761132887563,207280,12414.88046875,12185.6571875,11513.6318359375,0.04246794161999845,65.41613608186611,125.87027109193332,121.7220577751186,4.148213316814719,12723.737503713362,12414.88046875,12106.023433786637,0.8673059269791514,-1603148,bull,hold
2023-07-21,12734.08203125,12753.515960332412,12636.912385837944,12641.770868108548,223942,12447.432275390625,12201.20431640625,11519.121918945313,0.05388013405599068,68.68142624834401,134.9863925217196,124.37492472443881,10.611467797280795,12746.613288614526,12447.432275390625,12148.251262166725,0.9790573986806644,-1379206,bull,hold
2023-07-24,12690.357421875,12772.95163174172,12680.640456008327,12738.942251208366,162694,12472.210546875,12215.6826171875,11524.587724609375,0.04063746474765462,65.52559381293455,137.10234340663192,126.92040846087744,10.181934945754477,12765.622425540756,12472.210546875,12178.798668209243,0.8717417236002653,-1541900,bull,hold
2023-07-26,12734.08203125,12792.383818497234,12724.365066708795,12724.365066708795,189903,12498.4462890625,12232.39578125,11529.61625,0.04297641603302793,67.1510697497333,140.68572284316906,129.67347133733577,11.01225150583329,12786.95154451186,12498.4462890625,12209.94103361314,0.9083733965616797,-1351997,bull,hold
2023-07-28,12709.791015625,12763.234326470518,12661.206187583619,12738.941912449827,261521,12518.851953125,12249.40046875,11535.106337890626,0.03317541639947175,65.3087725570377,139.95221291774214,131.72921965341703,8.222993264325112,12806.531399358077,12518.851953125,12231.172506891924,0.8318608002764679,-1613518,bull,hold
2023-08-03,12821.5361328125,12865.262478093027,12797.243718767762,12826.394615621448,2682166,12543.144384765625,12264.9476171875,11541.713881835938,0.03938561452797007,69.45972084044422,146.69676904334483,134.7227295314026,11.974039511942237,12846.480294268302,12543.144384765625,12239.808475262947,0.9588835995436576,1068648,bull,hold
2023-08-04,12938.1376953125,12947.854659409617,12787.524751807172,12899.269838924029,177963,12574.481494140626,12280.4947265625,11549.268818359375,0.0509074854351228,73.07942066117121,159.6107565315724,139.70033493143657,19.910421600135834,12903.9462888903,12574.481494140626,12245.016699390952,1.0518893171092507,1246611,bull,hold
2023-08-07,12821.5361328125,12831.253098430396,12753.517373487235,12831.253098430396,212177,12596.83056640625,12296.43056640625,11556.702299804687,0.036121012561689314,64.80744687164861,158.6080778510459,143.48188351535845,15.126194335687444,12929.640091735777,12596.83056640625,12264.021041076723,0.8375888448261221,1034434,bull,hold
2023-08-08,12947.85546875,12967.289398159006,12884.695198170732,12899.270645227485,159686,12628.410693359376,12319.2654296875,11564.597333984375,0.051282037050413676,68.91276065924575,166.09176006671987,148.00385882563074,18.087901241089128,12968.51640757823,12628.410693359376,12288.304979140521,0.96962571052991,1194120,bull,hold
2023-08-09,12962.4306640625,13011.015486641445,12947.855217288816,12957.572181804606,104111,12655.375244140625,12340.73990234375,11572.783876953124,0.04341020312790489,69.3569385803932,171.22495390658696,152.648077841822,18.576876064764974,13011.254685297346,12655.375244140625,12299.495802983904,0.9314037064403708,1298231,bull,hold
2023-08-10,12913.8466796875,12938.139092553729,12879.83730167478,12899.271231967761,127250,12680.639404296875,12360.271015625,11580.023017578125,0.040720523699571354,65.97313340404985,169.41975996880137,156.0024142672179,13.417345701583486,13034.581987719872,12680.639404296875,12326.696820873878,0.8294422405115336,1170981,bull,hold
2023-08-11,12942.9970703125,12942.9970703125,12894.41224647499,12913.846176009994,90704,12711.0048828125,12380.9681640625,11588.3553125,0.04923191920292247,67.01303844487933,168.4001120050798,158.48195381479027,9.918158190289518,13045.003459075993,12711.0048828125,12377.006306549007,0.8472951742719108,1261685,bull,hold
2023-08-14,12962.4306640625,13030.449415673023,12952.713699546712,12996.44003986776,132185,12735.297216796875,12400.59642578125,11595.910244140625,0.03894068122299732,67.72128007835954,167.23241111321659,160.23204527447555,7.000365838741033,13068.234045872594,12735.297216796875,12402.360387721155,0.8411059207480599,1393870,bull,hold
2023-08-16,12972.1484375,13011.016297986893,12972.1484375,13001.29933286517,126549,12754.002392578124,12419.2530078125,11603.416596679688,0.029695362887253607,68.09022472859868,165.1869702771346,161.22303027500737,3.963940002127231,13095.908021967893,12754.002392578124,12412.096763188356,0.8190149944463064,1520419,bull,hold
2023-08-17,12933.28125,12947.856698441023,12894.41338749061,12947.856698441023,168070,12767.120361328125,12437.2294140625,11610.6557421875,0.0207056264404597,64.89531011957321,158.60142793801242,160.6987098076084,-2.0972818695959745,13115.342764765066,12767.120361328125,12418.897957891184,0.7385844320064904,1352349,bull,hold
2023-08-18,12792.3837890625,12816.676200359618,12734.082001949415,12816.676200359618,219606,12778.294873046874,12452.290703125,11617.724829101562,0.0177812178456751,54.84819140196031,140.39470782046374,156.63790941017947,-16.24320158971574,13114.491598475277,12778.294873046874,12442.098147618472,0.5209533807886926,1132743,bull,hold
2023-08-21,12821.5361328125,12845.828546857238,12797.243718767762,12806.960684385658,85096,12794.327880859375,12468.61521484375,11625.984248046874,0.025651014924969795,56.35385887061235,126.85578691274895,150.68148491069337,-23.825697997944417,13105.746764863896,12794.327880859375,12482.908996854854,0.5436843321818757,1217839,bull,hold
2023-08-22,12860.4033203125,12904.129663298074,12850.686355204594,12894.412698190168,205551,12813.761865234375,12482.60763671875,11634.535180664063,0.031164873352180766,58.348123605194196,117.90323663561867,144.12583525567842,-26.222598620059756,13088.58816471839,12813.761865234375,12538.93556575036,0.5848562440452273,1423390,bull,hold
2023-08-23,12894.4111328125,12899.269614776635,12850.684795135292,12884.694168884233,109969,12835.1390625,12499.4179296875,11643.644829101562,0.034294417264762345,60.06739662124672,112.25837759643582,137.7523437238299,-25.49396612739409,13060.82741846999,12835.1390625,12609.450706530011,0.631313975100207,1533359,bull,hold
2023-08-24,12913.8466796875,12986.723918286187,12899.271231967761,12981.865435712942,140729,12850.443212890625,12517.491484375,11651.15119140625,0.024277343371790883,61.056736178368745,108.10688348344047,131.82325167575203,-23.716368192311563,13052.674343263805,12850.443212890625,12648.212082517444,0.6567599080316565,1674088,bull,hold
2023-08-25,12685.4970703125,12743.79885692443,12670.921623659517,12743.79885692443,209157,12852.629541015625,12531.67826171875,11658.4875,0.0034588954508372183,46.48480902397578,85.4063778495165,122.53987691050493,-37.13349906098843,13046.564830199131,12852.629541015625,12658.69425183212,0.06910247895889443,1464931,bull,hold
2023-08-28,12768.091796875,12797.242691388414,12724.36545510488,12797.242691388414,140547,12854.330029296874,12547.0310546875,11664.754946289062,0.0026707669654977284,51.036690078268286,73.2365424735126,112.67921002310646,-39.442667549593864,13044.640179766213,12854.330029296874,12664.019878827536,0.2734271340514537,1605478,bull,hold
2023-08-29,12836.111328125,12850.68677626443,12811.818914559284,12840.969810838144,107468,12861.617724609376,12559.85744140625,11671.362490234374,0.011485405919202663,54.47120920764457,68.29322616783065,103.80201325205131,-35.50878708422066,13036.816161752302,12861.617724609376,12686.41928746645,0.42720712324743026,1712946,bull,hold
2023-08-30,13030.451171875,13040.168137700412,12977.007859835245,12991.58330857336,110047,12876.436181640625,12577.93103515625,11679.403286132812,0.023273694946969625,62.553267789186094,79.14488068710489,98.87058673906203,-19.725706051957147,13056.058066914007,12876.436181640625,12696.814296367244,0.9287200025764291,1822993,bull,hold
2023-08-31,13083.892578125,13098.468024740067,13054.741684894865,13054.741684894865,108124,12895.141259765625,12598.04513671875,11687.929916992187,0.029434123821555414,64.42351750032826,91.00808537386365,97.29808646602235,-6.290001092158704,13079.309690544891,12895.141259765625,12710.97282898636,1.0124421095426548,1931117,bull,hold
2023-09-01,13015.875,13088.752239641657,12996.44106942889,13083.89375699888,171814,12904.858203125,12617.18755859375,11694.5131640625,0.01515722181604695,60.29588240385285,93.83958611421622,96.60638639566113,-2.7668002814449153,13092.93297337912,12904.858203125,12716.783432870881,0.7951400571299321,1759303,bull,hold
2023-09-04,13054.7421875,13064.459152284146,13006.15736357927,13054.7421875,111548,12910.688427734374,12633.90076171875,11700.902065429687,0.009012463380239533,61.80195075424852,98.0891177641879,96.90293266936649,1.1861850948214112,13109.453842141736,12910.688427734374,12711.923013327012,0.8623712912911323,1870851,bull,hold
2023-09-05,13117.9033203125,13117.9033203125,13030.450631510417,13054.74304506655,112268,12925.506787109374,12652.2658203125,11707.533896484376,0.023114795639934682,64.17982208467465,105.33919312440048,98.59018476037329,6.7490083640271905,13139.112336825505,12925.506787109374,12711.901237393244,0.9503547156401357,1983119,bull,hold
2023-09-06,13083.892578125,13185.920704430468,13064.45864930491,13185.920704430468,140434,12932.308642578126,12671.31107421875,11713.874213867188,0.010506535982219622,61.943701587624,107.10589731332038,100.29332727096272,6.812570042357663,13156.718065203768,12932.308642578126,12707.899219952484,0.8377396852888511,1842685,bull,hold
2023-09-07,13020.7333984375,13083.893672385144,13006.157950603429,13083.893672385144,111803,12935.223779296875,12689.77330078125,11720.8704296875,0.00449782420334488,57.90868389575598,102.23114811517371,100.68089143980492,1.5502566753687859,13162.61752839503,12935.223779296875,12707.83003019872,0.6880210416507846,1730882,bull,hold
2023-09-08,13020.7333984375,13020.7333984375,12977.007054935284,13020.7333984375,107110,12940.568115234375,12707.6525390625,11726.117587890625,0.008276907833985936,57.90868389575598,97.24687283895946,99.99408771963584,-2.747214880676381,13170.708620878291,12940.568115234375,12710.427609590459,0.6741659578326475,1837992,bull,hold
2023-09-11,13035.30859375,13040.167076267238,13001.299216129333,13030.450111232762,228839,12945.18369140625,12726.69779296875,11731.60767578125,0.007132159803175497,58.62992728021534,93.39628103393079,98.67452638249485,-5.278245348564056,13179.007150139038,12945.18369140625,12711.360232673462,0.6927199752158841,2066831,bull,hold
2023-09-12,13030.451171875,13030.451171875,12991.58330857336,13020.73420604959,188584,12948.584716796875,12743.4109765625,11737.4621484375,0.005247511795845705,58.27156512091899,88.92760387433555,96.72514188086299,-7.797538006527446,13185.273877915144,12948.584716796875,12711.895555678606,0.6729408619544219,1878247,bull,hold
2023-09-13,12972.1484375,12972.1484375,12942.997542134832,12972.1484375,81844,12948.584716796875,12758.6666015625,11744.48265625,0.0,54.004761779887666,79.76215317095557,93.33254413888152,-13.570390967925945,13185.273877915144,12948.584716796875,12711.895555678606,0.5497777773003949,1796403,bull,hold
2023-09-14,13011.0166015625,13020.733566910942,12981.865705517177,12986.724188191398,158739,12952.471484375,12772.85337890625,11752.280517578125,0.006010489531610652,56.30195606701659,74.77286837789688,89.6206089866846,-14.847740608787717,13190.5765871551,12952.471484375,12714.366381594902,0.6229396524978477,1955142,bull,hold
2023-09-15,13098.46875,13132.478127318249,13093.610267525964,13117.902679896142,225404,12967.775732421875,12788.10900390625,11760.73427734375,0.02392712460669011,61.01928146585098,76.98801186692253,87.0940895627322,-10.10607769580966,13202.071669673682,12967.775732421875,12733.479795170068,0.7789058553705616,2180546,bull,hold
2023-09-18,12923.5634765625,12981.865266682331,12908.988029032544,12972.148301662359,280673,12972.877099609375,12800.35236328125,11768.459262695313,0.007957497658092283,49.50794299414229,63.893609461692904,82.45399354252434,-18.56038408083144,13198.496759743039,12972.877099609375,12747.257439475712,0.39071514641574095,1899873,bull,hold
2023-09-19,12938.1376953125,12938.1376953125,12874.977428681234,12938.1376953125,328961,12976.763818359375,12811.6240234375,11776.791557617187,0.006044474116703835,50.34848286900203,54.06894571729026,76.77698397747753,-22.708038260187266,13197.116035830812,12976.763818359375,12756.41160088794,0.41235367746666224,2228834,bull,hold
2023-09-20,12942.9970703125,12947.85555269625,12899.27072885874,12908.987693626243,175329,12979.193115234375,12824.15890625,11785.561118164063,0.0037679842064568536,50.64350823278007,46.14303172133441,70.65019352624891,-24.507161804914503,13196.915735792569,12979.193115234375,12761.470494676181,0.41687578252301905,2404163,bull,hold
2023-09-21,12884.6953125,12894.412277290725,12840.968970941742,12865.261382918552,334471,12977.735546875,12833.39001953125,11793.237509765626,-0.0022573728735182375,47.03263640827254,34.75657105317805,63.47146903163474,-28.71489797845669,13197.568613307752,12977.735546875,12757.902480442246,0.28838435026001824,2069692,bull,hold
2023-09-22,12709.791015625,12729.224946841552,12675.781635996034,12724.366464037414,260060,12978.950244140626,12839.4145703125,11799.72359375,0.0019150960484910495,38.22697906753137,11.486989057579194,53.07457303682363,-41.587583979244435,13192.489149420391,12978.950244140626,12765.41133886086,-0.13023463607952368,1809632,bull,hold
2023-09-25,12675.78125,12675.78125,12602.904010157148,12656.34731937524,216585,12974.334716796875,12846.2164453125,11806.331127929687,-0.007229784085480473,36.78480155727684,-9.588100522249078,40.54203832500909,-50.130138847258166,13208.863355863472,12974.334716796875,12739.806077730278,-0.1364968218489033,1593047,bull,hold
2023-09-26,12753.515625,12777.808035714286,12685.496875,12709.789285714285,259315,12970.204931640625,12851.755078125,11812.74431640625,-0.006434635927784926,42.156339682447886,-19.789623976277653,28.475705864751745,-48.2653298410294,13216.916372935704,12970.204931640625,12723.493490345545,0.060844633910891295,1852362,bull,hold
2023-09-27,12666.064453125,12709.790797612199,12646.630522241801,12709.790797612199,198722,12951.985595703125,12853.11546875,11818.331572265624,-0.02796424421101351,38.22154068588112,-34.53290963568725,15.87398276466395,-50.4068924003512,13230.037969725981,12951.985595703125,12673.933221680269,-0.014149795668750144,1653640,bull,hold
2023-10-04,12554.3193359375,12695.215334676737,12534.885405076915,12695.215334676737,320657,12925.50693359375,12850.78341796875,11823.943129882813,-0.040475205603024866,33.87107060760495,-54.604519889377116,1.7782822338557356,-56.38280212323285,13245.907378256677,12925.50693359375,12605.106488930822,-0.0792557467371052,1332983,bull,hold
2023-10-05,12598.044921875,12627.19581641077,12564.035544916602,12578.610992184487,169836,12904.6154296875,12851.3664453125,11828.923076171875,-0.03210157427948568,36.8977379488967,-66.21978579808638,-11.821331372532686,-54.398454425553695,13252.068479086865,12904.6154296875,12557.162380288133,0.05883174958104346,1502819,bull,hold
2023-10-06,12573.7529296875,12894.41278029004,12534.885069008404,12894.41278029004,128246,12880.565966796876,12852.823984375,11833.83013671875,-0.0368440257880428,35.914287171062554,-76.50324666119923,-24.757714430265995,-51.745532230933236,13249.071740122883,12880.565966796876,12512.060193470868,0.08370660744309923,1374573,bull,hold
2023-10-10,12816.677734375,12845.828631420583,12758.375940283831,12811.819251534069,165994,12865.5046875,12859.72306640625,11839.393110351562,-0.022962936879635687,50.206998056837726,-64.30964044884058,-32.668099633980916,-31.641540814859667,13218.26476717456,12865.5046875,12512.744607825442,0.43079297242187053,1540567,bull,hold
2023-10-11,12787.525390625,13171.345491635402,12772.949943751188,13171.345491635402,276032,12850.686328125,12866.13623046875,11845.369033203126,-0.022651300882391645,48.800421861293394,-56.348914963955394,-37.40426269997582,-18.944652263979577,13190.154793092854,12850.686328125,12511.217863157148,0.4069708323187222,1264535,bull,hold
2023-10-12,12884.6953125,12918.704689267533,12845.827453337104,12845.827453337104,116879,12843.884423828125,12871.67486328125,11851.952275390626,-0.010447805186904802,53.47877705612403,-41.71827969130936,-38.26706609824253,-3.451213593066832,13174.795130936018,12843.884423828125,12512.973716720233,0.5616645031352345,1381414,bull,hold
2023-10-13,12860.4033203125,12879.83725052831,12840.969390096689,12850.686355204594,151228,12835.867919921875,12876.04751953125,11858.292587890624,-0.01231344450568661,52.19476322043591,-31.71793200614411,-36.95723927982284,5.239307273678733,13156.87306250259,12835.867919921875,12514.86277734116,0.5382165223170152,1230186,bull,hold
2023-10-16,12870.1201171875,12884.695564658834,12836.110739754387,12860.40315220661,227267,12827.60849609375,12878.76828125,11865.458842773438,-0.012672387107252825,52.684135862543336,-22.74631475843671,-34.11505437554562,11.368739617108908,13135.911521319704,12827.60849609375,12519.305470867796,0.5689445409473257,1457453,bull,hold
2023-10-17,12947.85546875,12962.430915806754,12923.563056988743,12942.996986397748,117589,12823.4787109375,12883.9182421875,11873.645380859374,-0.006338667942923926,56.5189503480114,-9.256941978088435,-29.14343189605418,19.886489917965747,13122.887080100265,12823.4787109375,12524.070341774734,0.7077042104071688,1575042,bull,hold
2023-10-18,12904.1298828125,12972.148639724915,12894.412917539297,12972.148639724915,75877,12820.077783203125,12887.31919921875,11880.665893554688,-0.005243430185463471,53.87399398835806,-2.0709337836160557,-23.728932273566556,21.6579984899505,13114.15173831071,12820.077783203125,12526.003828095541,0.6429097989630279,1499165,bull,hold
2023-10-19,12806.9599609375,12845.827821213486,12802.101478403001,12826.393891075493,123579,12809.874951171874,12889.262578125,11887.346303710938,-0.015683374087809177,48.44797901873978,-4.168716757649236,-19.816889170383092,15.648172412733857,13090.598995257322,12809.874951171874,12529.150907086427,0.49480808591962466,1375586,bull,hold
2023-10-20,12627.1962890625,12797.243180219557,12622.337806458014,12797.243180219557,166271,12786.311328125,12885.37578125,11893.540874023438,-0.03597920260240339,40.35118846907106,-20.104894146053994,-19.874490165517273,-0.23040398053672106,13044.385027243898,12786.311328125,12528.237629006104,0.19172558147974045,1209315,bull,hold
2023-10-23,12559.177734375,12568.894699740087,12530.026838279739,12549.460769009913,176119,12768.092041015625,12877.79658203125,11899.24958984375,-0.02819545420644476,37.77847281181769,-37.78736917874812,-23.457065968163445,-14.330303210584677,13036.09310056135,12768.092041015625,12500.0909814699,0.11023604347918324,1033196,bull,hold
2023-10-24,12457.1494140625,12491.158792338021,12427.998518397766,12491.158792338021,188870,12744.042626953125,12870.50884765625,11905.079775390624,-0.03717600574186675,34.25083018067066,-59.349546175973956,-30.635562009725547,-28.71398416624841,13032.252670485414,12744.042626953125,12455.832583420837,0.002284498183206606,844326,bull,hold
2023-10-25,12525.16796875,12530.026451282485,12486.300108490108,12491.158591022595,151939,12723.151171875,12862.05509765625,11911.492978515626,-0.03228225265698925,38.38169762978417,-70.14066001723586,-38.53658161122761,-31.60407840600825,13011.220376591466,12723.151171875,12435.081967158536,0.15636173550750104,996265,bull,hold
2023-10-26,12398.8486328125,12398.8486328125,12350.26380274662,12384.273183792737,220731,12698.858837890624,12850.78345703125,11917.468920898438,-0.037707269586434,34.09722704687377,-87.87266877087859,-48.403799043157804,-39.46886972772079,13009.404361507959,12698.858837890624,12388.31331427329,0.01696259926160212,775534,bull,hold
2023-10-27,12340.544921875,12340.544921875,12287.101617095226,12335.686439622294,233700,12680.396533203126,12839.317421875,11923.469145507812,-0.029052097968885637,32.3047624577479,-105.4148785669422,-59.80601494791469,-45.60886361902752,13027.857272627532,12680.396533203126,12332.935793778719,0.010949622839239394,541834,bull,hold
2023-10-30,12238.5166015625,12291.959905499454,12223.94115503424,12291.959905499454,386608,12658.53330078125,12825.2278125,11928.3276171875,-0.03449607087827422,29.392824806394714,-126.09647728033087,-73.06410741439794,-53.032369865932935,13055.854677431384,12658.53330078125,12261.211924131116,-0.02856040966127063,155226,bull,hold
2023-10-31,12282.244140625,12316.253519178947,12257.951727372181,12306.536553877819,352333,12634.9697265625,12811.62408203125,11933.137514648437,-0.036952280314864194,32.213030103672125,-137.37477540942018,-85.92624101340239,-51.44853439601779,13061.769077839803,12634.9697265625,12208.170375285197,0.08677820750912424,507559,bull,hold
2023-11-01,12462.0068359375,12462.0068359375,12379.412638584308,12379.412638584308,150714,12624.766845703125,12801.42125,11938.9433984375,-0.016110577831234263,42.39877559514081,-130.3054802957813,-94.80208886987819,-35.50339142590312,13057.815511608096,12624.766845703125,12191.718179798154,0.3120765371422004,658273,bull,hold
2023-11-02,12496.017578125,12568.894819054967,12481.442129939007,12568.894819054967,189547,12621.8517578125,12792.6759765625,11946.1825390625,-0.0046439600787919755,44.109904288890526,-120.56878839069941,-99.95542877404245,-20.613359616656965,13057.534969041002,12621.8517578125,12186.168546583996,0.35558982255400357,847820,bull,hold
2023-11-03,12505.734375,12632.054924242424,12462.00803103147,12617.479476252915,248031,12617.23623046875,12786.94298828125,11954.199038085937,-0.007327370829954272,44.616108928664836,-110.79119368995453,-102.12258175722488,-8.668611932729647,13055.776929157606,12617.23623046875,12178.695531779895,0.3728717131589868,1095851,bull,hold
2023-11-06,12413.4228515625,12544.60187973948,12408.564369037425,12530.02643216426,456432,12609.2197265625,12778.78072265625,11963.235810546876,-0.012751171350476431,40.83243242770308,-109.2319895269502,-103.54446331116995,-5.687526215780252,13056.422931226625,12609.2197265625,12162.016521898375,0.28108735250784433,639419,bull,hold
2023-11-07,12491.158203125,12510.592132651449,12413.422485019204,12413.422485019204,144345,12592.94375,12771.3958203125,11972.199711914063,-0.02539812094806282,45.05790108381017,-100.56447116032905,-102.94846488100178,2.383993720672734,13032.387735363074,12592.94375,12153.499764636927,0.38418825804282664,783764,bull,hold
2023-11-08,12564.0361328125,12573.753098112431,12466.866479813176,12515.451306312838,106002,12581.769287109375,12764.7883203125,11981.212197265624,-0.0174771311090689,48.75296579781078,-86.81402253721717,-99.72157641224487,12.907553875027702,13012.125266364726,12581.769287109375,12151.413307854024,0.479397109426063,889766,bull,hold
2023-11-09,12583.4697265625,12598.045174122224,12515.450971283783,12564.035796482865,202764,12566.7080078125,12758.18078125,11991.002036132813,-0.023378557166599645,49.72396659167173,-73.50128724803108,-94.47751857940212,20.97623133137104,12974.073498829686,12566.7080078125,12159.342516795314,0.5205733169839033,1092530,bull,hold
2023-11-10,12568.8935546875,12573.752036927426,12530.025696768094,12549.459625727797,167659,12552.13251953125,12755.8487109375,12000.50037109375,-0.022667233551265986,48.97442584721246,-63.396231575614365,-88.26126117864456,24.865029603030194,12936.640558255094,12552.13251953125,12167.624480807404,0.5217954287924375,924871,bull,hold
2023-11-13,12777.810546875,12777.810546875,12714.650266605275,12729.225715898288,234970,12547.517041015624,12756.0430859375,12011.091870117187,-0.007172393844966929,58.60572239414453,-38.090958021577535,-78.22720054723116,40.13624252565363,12918.62903654805,12547.517041015624,12176.405045483198,0.8102749421087541,1159841,bull,hold
2023-11-14,12860.4033203125,12870.120285420406,12768.092151787401,12782.667599449258,165622,12543.14443359375,12756.52892578125,12022.679345703125,-0.006754180153506373,61.68480187089897,-11.242206694805645,-64.83020177674607,53.58799508194042,12896.942437906491,12543.14443359375,12189.34642928101,0.9483616115006511,1325463,bull,hold
2023-11-15,12865.26171875,12913.846543971866,12826.393858572506,12879.83716631656,242568,12541.201025390625,12753.22513671875,12034.947016601562,-0.00301207167127715,61.864500923496706,10.308820649612244,-49.802397291474406,60.11121794108665,12887.391335312286,12541.201025390625,12195.010715468963,0.9680383651303038,1568031,bull,hold
2023-11-16,12816.677734375,12933.281322557335,12797.243803011277,12889.554976988959,279259,12541.6869140625,12747.88083984375,12046.000063476562,0.0007587884608946105,58.89008578945512,23.20040376817815,-35.2018370795439,58.40224084772205,12889.391828330938,12541.6869140625,12193.981999794063,0.8954370631934749,1288772,bull,hold
2023-11-17,12836.111328125,12845.828293551287,12777.80953556728,12811.818914559284,225804,12552.132666015625,12744.28556640625,12057.101694335937,0.016544847666893236,59.724244028980436,34.5865130773891,-21.2441670481573,55.8306801255464,12921.371110584427,12552.132666015625,12182.894221446822,0.8845464445624108,1514576,bull,hold
2023-11-20,12772.9501953125,12865.261360664703,12719.506889055963,12831.251983955995,300881,12562.8212890625,12738.6497265625,12068.130454101563,0.017021214721119504,55.76386957522499,38.07461076677464,-9.380411485170914,47.45502225194555,12944.426047875011,12562.8212890625,12181.216530249989,0.7753227015615388,1213695,bull,hold
2023-11-21,12874.9775390625,12894.41146742335,12821.534236070165,12865.260574882077,271623,12583.7126953125,12733.7912109375,12079.499301757813,0.033541230911810826,60.338972826793935,48.512485543165894,2.1981679204964486,46.31431762266945,12985.124434524942,12583.7126953125,12182.30095610006,0.8628006050862553,1485318,bull,hold
2023-11-22,12933.28125,12942.998215627347,12855.545524981217,12889.554904676936,238805,12604.118359375,12730.778984375,12091.596928710938,0.03258345774429805,62.712279731960045,60.788467103235234,13.916227757044208,46.87223934619102,13032.160364040239,12604.118359375,12176.07635470976,0.8844983518409953,1724123,bull,hold
2023-11-23,12986.724609375,13020.733989197532,12962.43219521605,13001.30005787037,221682,12633.512158203124,12730.09880859375,12103.8403125,0.047413755419736026,64.79203893813181,73.97694323744145,25.928370853123656,48.048572384317794,13081.412094013402,12633.512158203124,12185.612222392847,0.8942983944984203,1945805,bull,hold
2023-11-24,13069.318359375,13069.318359375,12986.724154129879,13001.299602114312,167870,12669.950830078125,12731.0705078125,12116.666708984376,0.059055207214404826,67.78274591884946,90.05542803503886,38.7537822895067,51.301645745532156,13134.840810557833,12669.950830078125,12205.060849598418,0.9295290779172936,2113675,bull,hold
2023-11-27,13015.875,13049.884378499439,12991.582586786113,13035.308930571107,218877,12708.81875,12730.6818359375,12128.740043945312,0.06351737091554499,63.99475756295099,97.3629708974313,50.47562001109162,46.887350886339675,13152.423800370785,12708.81875,12265.213699629216,0.8460919231457672,1894798,bull,hold
2023-11-28,12933.28125,12972.14911250939,12899.271870304283,12972.14911250939,226717,12741.37060546875,12728.7384375,12139.720219726563,0.053006364465726374,58.54912878369472,95.39002902725224,59.45850181432375,35.931527212928486,13149.084292809755,12741.37060546875,12333.656918127745,0.7353497693232198,1668081,bull,hold
2023-11-29,12908.98828125,12933.280694274557,12865.261937805795,12884.695868225443,324558,12763.719677734374,12727.475234375,12150.676098632812,0.035867533311208843,57.01242128557135,90.81931035087655,65.73066352163431,25.088646829242236,13156.457300864862,12763.719677734374,12370.982054603886,0.6849435793261904,1343523,bull,hold
2023-11-30,12918.7060546875,12938.139986322984,12870.121225598792,12904.130605960887,161057,12784.8541015625,12725.6290234375,12161.704853515625,0.033825854830937585,57.493041098227685,86.97849205698185,69.98022922870382,16.99826282827803,13162.911580950433,12784.8541015625,12406.796622174566,0.6770259291546139,1504580,bull,hold
2023-12-01,13098.46875,13108.185714948071,13011.016065467358,13040.166960311572,271384,12814.4908203125,12725.6290234375,12173.559555664062,0.04739700662321167,65.2359848037249,97.31814011881033,75.44781140672512,21.87032871208521,13193.309223402613,12814.4908203125,12435.672417222386,0.8748206625800428,1775964,bull,hold
2023-12-04,13132.4794921875,13151.913424103426,13049.885281544812,13074.17769643972,252741,12850.44365234375,12729.80734375,12185.584311523438,0.05792573484552577,66.48007074257902,107.0230729899722,81.76286372337454,25.26020926659767,13205.95063395198,12850.44365234375,12494.936670735522,0.8966670901481125,2028705,bull,hold
2023-12-05,13127.6201171875,13161.629495729436,13108.186186592107,13132.478599836348,148806,12882.266748046875,12733.5969921875,12198.726513671874,0.05095299440713763,66.11600814446294,113.01937426521363,88.01416583174236,25.005208433471267,13216.755205277117,12882.266748046875,12547.778290816634,0.8667590971184668,1879899,bull,hold
2023-12-06,13205.3544921875,13215.071456493746,13156.769670656273,13161.628152809397,220778,12914.332666015625,12738.844140625,12212.305966796876,0.051043976043663175,69.03709008551255,122.63039379122347,94.93741142363858,27.69298236758489,13243.563024317897,12914.332666015625,12585.102307713354,0.9419729512074387,2100677,bull,hold
2023-12-07,13234.505859375,13249.081306356691,13151.911659812087,13151.911659812087,228191,12946.88447265625,12745.8403515625,12224.962309570312,0.05173741002755583,70.07882753893007,131.08836266797152,102.16760167250517,28.920760995466352,13267.450013808204,12946.88447265625,12626.318931504295,0.9486155712263725,2328868,bull,hold
2023-12-08,13161.62890625,13244.22310758121,13137.33649409376,13234.506142718716,209603,12976.521240234375,12754.877109375,12236.938461914062,0.04715891251552873,64.25830792052885,130.40754586721232,107.81559051144662,22.591955355765705,13259.180968074508,12976.521240234375,12693.861512394242,0.8274390508865102,2119265,bull,hold
2023-12-11,13321.958984375,13341.392914330325,13297.666571930844,13307.383536908506,213901,13003.728662109375,12767.8006640625,12249.424760742188,0.04258542067937299,70.13515822829382,141.1778802940571,114.48804846796871,26.689831826088394,13308.5299180232,13003.728662109375,12698.927406195551,1.0220292175495451,2333166,bull,hold
2023-12-12,13351.109375,13380.260268831878,13341.392410389375,13341.392410389375,146823,13028.26396484375,12779.7525390625,12262.178271484376,0.03815635034652831,71.06665680620716,150.33269905105408,121.65697858458579,28.67572046646829,13360.712641338361,13028.26396484375,12695.81528834914,0.9855567685821169,2479989,bull,hold
2023-12-13,13467.712890625,13477.42985519255,13394.83565636837,13394.83565636837,182087,13058.3865234375,12795.7855078125,12275.854892578125,0.04682774319289429,74.49371260894802,165.09378964783537,130.3443407972357,34.74944885059966,13432.821796329657,13058.3865234375,12683.951250545344,1.0465916232007764,2662076,bull,hold
2023-12-14,13453.138671875,13472.572602784174,13404.553844602067,13428.846258238535,316955,13090.2095703125,12813.76189453125,12288.754165039063,0.04965880789785171,73.32466826019184,173.61472021912596,138.99841668161378,34.61630353751218,13484.71200672245,13090.2095703125,12695.70713390255,0.9599833461932794,2345121,bull,hold
2023-12-15,13443.421875,13448.280357788219,13365.686150388507,13389.978564329598,299238,13120.57509765625,12830.66943359375,12301.24046875,0.047312658121337,72.50767612158583,177.5370185488373,146.7061370550585,30.830881493778804,13525.52264293824,13120.57509765625,12715.62755237426,0.8986278977428196,2045883,bull,hold
2023-12-18,13482.2900390625,13511.440936444256,13453.139141680744,13472.57307326858,288713,13156.04208984375,12848.84017578125,12313.19234375,0.055534534536141766,73.76681706220685,181.68742470332654,153.70239458471212,27.985030118614418,13557.227594955793,13156.04208984375,12754.856584731706,0.9066048561844667,2334596,bull,hold
2023-12-19,13598.890625,13623.183034119329,13516.296433994283,13530.87187946588,390758,13192.237744140624,12864.48443359375,12325.217080078124,0.05622635719100533,77.14806666204944,192.17012669740325,161.39594100725037,30.774185690152876,13615.478593573815,13192.237744140624,12768.996894707434,0.9804036299945653,2725354,bull,hold
2023-12-20,13608.609375,13642.618752231347,13589.175445153518,13613.467857461621,276513,13226.004150390625,12880.90611328125,12337.193237304688,0.052216302417454896,77.40943185948011,198.96838180162194,168.9104291661247,30.05795263549726,13668.53495122843,13226.004150390625,12783.47334955282,0.9322921973849297,3001867,bull,hold
2023-12-21,13526.015625,13526.015625,13448.279903017241,13462.855350889009,344157,13252.968701171874,12893.73251953125,12347.8333203125,0.04152633029853359,70.07434419241123,195.43852888553556,174.21604911000688,21.222479775528683,13699.595613621788,13252.968701171874,12806.34178872196,0.8056767474337386,2657710,bull,hold
2023-12-22,13564.8828125,13564.8828125,13511.439506290293,13521.156471055694,279455,13277.746923828125,12907.822109375,12359.080708007812,0.03791815605819382,71.44555963518745,193.54627128592074,178.08209354518965,15.464177740731088,13735.712370792451,13277.746923828125,12819.781476863798,0.8134907781527915,2937165,bull,hold
2023-12-26,13540.591796875,13594.035108595712,13511.440899572794,13564.884211293505,394965,13303.982763671875,12921.23154296875,12370.813950195312,0.04031360141942053,69.30812228841017,187.92033293111126,180.04974142237398,7.870591508737277,13759.044493554236,13303.982763671875,12848.921033789513,0.7599746558167958,2542200,bull,hold
2023-12-27,13579.458984375,13589.17594965899,13550.308088523032,13574.600501733004,224963,13336.291650390625,12933.86361328125,12382.207094726562,0.04996239715849371,70.81276449097959,184.47152059693326,180.93409725728583,3.5374233396474324,13772.868365924518,13336.291650390625,12899.714934856733,0.7784932468134537,2767163,bull,hold
2023-12-28,13560.0244140625,13594.033790951944,13530.873519585833,13579.45834371361,278936,13368.84345703125,12946.98150390625,12393.065805664062,0.050432777428275566,68.99146380865176,178.11688400708408,180.37065460724548,-2.2537706001614026,13768.661395768815,13368.84345703125,12969.025518293683,0.7390850165889367,2488227,bull,hold
2024-01-02,13632.90234375,13691.2041356691,13526.015725231646,13691.2041356691,628007,13404.553271484376,12963.5003515625,12403.900224609375,0.055283887259231834,71.90916319897406,176.9219821068382,179.680920107164,-2.758938000325827,13762.56766180483,13404.553271484376,13046.538881163922,0.8189104662262771,3116234,bull,hold
2024-01-03,13598.890625,13666.90937053412,13584.315179528403,13662.050888710253,326784,13429.574365234375,12982.93423828125,12413.957270507812,0.03820460884025079,68.66207961286764,171.2564149387581,177.99601907348284,-6.739604134724743,13767.932071933323,13429.574365234375,13091.216658535428,0.7502030490416363,2789450,bull,hold
2024-01-04,13560.0244140625,13569.741378888055,13530.873519585833,13555.165931649723,321974,13450.951611328124,13002.951171875,12424.305830078125,0.032556298460572286,65.04741834442461,161.7655017272864,174.74991560424357,-12.984413876957177,13764.652681473042,13450.951611328124,13137.250541183206,0.6738483115215198,2467476,bull,hold
2024-01-05,13550.30859375,13579.459490688867,13516.299213987988,13545.450110926855,204549,13472.08603515625,13024.81435546875,12434.678696289062,0.03219840860637713,64.1384245986193,151.71106836884246,170.14214615716335,-18.43107778832089,13750.810660724992,13472.08603515625,13193.361409587507,0.6403222955885866,2262927,bull,hold
2024-01-08,13574.599609375,13584.316574020222,13555.165680084556,13579.45809169761,297723,13490.548291015624,13045.80298828125,12445.391655273437,0.027961772431474685,65.43880513848165,144.04250708807922,164.92221834334654,-20.879711255267324,13743.918890552532,13490.548291015624,13237.177691478717,0.6658663604084268,2560650,bull,hold
2024-01-09,13764.0810546875,13764.0810546875,13691.203816487601,13715.496229220902,242126,13517.02705078125,13073.10763671875,12457.464975585937,0.04001473125929844,73.50844634374806,151.50819394901373,162.23941346447998,-10.73121951546625,13768.511943041396,13517.02705078125,13265.542158521102,0.9911905476426939,2802776,bull,hold
2024-01-10,13788.3720703125,13817.52296263874,13764.07966004063,13778.655106203752,258771,13548.364208984374,13102.0641796875,12469.902685546875,0.04761896635490781,74.33573667270727,157.56853454291922,161.30523768016783,-3.736703137248611,13769.227598426223,13548.364208984374,13327.500819542525,1.043340075362099,3061547,bull,hold
2024-01-11,13836.958984375,13890.402295059032,13836.958984375,13856.39291553283,264948,13574.114208984374,13134.03302734375,12482.267529296874,0.03865797820005534,75.95331060064129,164.3968910070289,161.92356834554005,2.473322661488851,13803.316980621657,13574.114208984374,13344.911437347091,1.073389173073748,3326495,bull,hold
2024-01-12,13778.65625,13807.80714474612,13759.222320169252,13788.373214915373,370377,13595.491552734375,13163.96126953125,12494.02505859375,0.032023322031994095,70.23286315898365,163.2223437167213,162.1833234197763,1.0390202969450115,13817.138130275018,13595.491552734375,13373.844975193731,0.9131908989933277,2956118,bull,hold
2024-01-15,13890.400390625,13904.975836995016,13802.947712404906,13817.523158774922,271751,13616.625927734374,13192.529140625,12506.171254882813,0.031385247326904064,74.23772886699524,169.35609316913724,163.61787736964848,5.738215799488756,13864.55600929776,13616.625927734374,13368.69584617099,1.052120301748526,3227869,bull,hold
2024-01-16,13953.5615234375,13963.278488286689,13866.108839794786,13880.68428706857,209707,13641.6470703125,13221.68001953125,12519.702124023437,0.03719747961928621,76.18784065707291,177.27024828448884,166.34835155261658,10.921896731872266,13917.916137717897,13641.6470703125,13365.378002907102,1.064512082467953,3437576,bull,hold
2024-01-17,14026.439453125,14084.741245101966,13992.43007447177,14011.86400513076,530292,13670.79794921875,13252.09412109375,12533.573090820313,0.043368242367607834,78.23505680667097,187.2642474150689,170.53153072510705,16.732716689961848,13978.498928423873,13670.79794921875,13363.096970013627,1.0779011571964623,3967868,bull,hold
2024-01-19,14079.880859375,14084.739341383065,14026.437557286275,14050.729967326604,435184,13700.677490234375,13285.42328125,12546.933911132812,0.04432413325785811,79.61881702516477,197.2233703388556,175.8698986478568,21.353471690998816,14043.418593337961,13700.677490234375,13357.936387130789,1.0531921408125053,4403052,bull,hold
2024-01-22,14274.2216796875,14279.080162219729,14186.768994107386,14201.344441704072,471997,13734.44404296875,13321.08455078125,12561.023510742187,0.04966074610865556,83.6818104078073,218.2815136193003,184.35222164214548,33.92929197715483,14154.716832578846,13734.44404296875,13314.171253358652,1.1421753323829542,4875049,bull,hold
2024-01-23,14230.49609375,14303.373335609424,14220.779128168744,14298.514852818795,441956,13765.53837890625,13354.41375,12574.967358398437,0.04569803582520726,79.82598549010581,228.8044393782602,193.24266518936844,35.561774188891775,14233.308024630911,13765.53837890625,13297.76873318159,0.9969943209156349,4433093,bull,hold
2024-01-24,14342.240234375,14366.532646696096,14327.664786982341,14327.664786982341,305244,13806.349609375,13389.58916015625,12589.37275390625,0.06034479273159943,82.09637799192443,243.35550138310646,203.26523242811606,40.09026895499039,14323.252880233616,13806.349609375,13289.446338516384,1.0183664480492105,4738337,bull,hold
2024-01-25,14313.0888671875,14322.805831795231,14279.079491060442,14298.513420275904,350309,13843.759912109375,13424.47306640625,12604.822724609376,0.05515757600191207,79.58024979723672,249.65715883196754,212.54361770888636,37.11354112308118,14392.65567699073,13843.759912109375,13294.864147228021,0.9275210204797008,4388028,bull,hold
2024-01-26,14322.8056640625,14390.824415520055,14313.088699568563,14347.098075297341,228794,13882.87060546875,13455.37296875,12620.782841796876,0.057768070917552095,79.80245601623653,252.5243881072056,220.5397717885502,31.984616318655384,14450.922329027793,13882.87060546875,13314.818881909707,0.8872315146210653,4616822,bull,hold
2024-01-29,14381.1083984375,14381.1083984375,14342.240537901182,14366.53295073638,311046,13922.953076171874,13485.7870703125,12637.738950195313,0.059033972928148826,81.12936970254911,256.5439523828809,227.74060790741635,28.80334447546454,14512.438275403594,13922.953076171874,13333.467876940154,0.8886062982266075,4927868,bull,hold
2024-01-30,14395.68359375,14444.268418568596,14395.68359375,14439.409936086737,295296,13964.73603515625,13516.3955078125,12654.03916015625,0.0616266722072325,81.45733389702566,257.9322994912254,233.77894622417818,24.153353267047237,14563.78605240117,13964.73603515625,13365.686017911328,0.8596924682313782,5223164,bull,hold
2024-01-31,14400.5419921875,14415.117439548014,14342.240202745445,14366.532615012968,302614,14003.118017578125,13548.07279296875,12670.217905273437,0.05630786673898713,81.57230125690903,256.46820095299336,238.31679716994122,18.15140378305213,14610.514810086064,14003.118017578125,13395.721225070185,0.8271535012297422,5525778,bull,hold
2024-02-01,14220.77734375,14259.645201197898,14220.77734375,14259.645201197898,353421,14034.212353515624,13575.76611328125,12685.109155273438,0.04573069494409587,65.41181498544631,238.05820078753277,238.26507789345953,-0.20687710592676467,14618.899100510265,14034.212353515624,13449.525606520983,0.6595426877668613,5172357,bull,hold
2024-02-02,14405.3994140625,14410.257896158306,14327.663700529616,14410.257896158306,258617,14076.481103515625,13608.41509765625,12701.579404296876,0.062343176839954495,71.62849007659361,235.64918403567754,237.74189912190315,-2.09271508622561,14639.77243986286,14076.481103515625,13513.189767168391,0.7919610948393113,5430974,bull,hold
2024-02-05,14487.994140625,14590.02226837588,14478.277176077298,14560.871374732773,339053,14123.365380859375,13640.6754296875,12717.660981445313,0.06920030937948551,73.88948324442144,237.66507007797736,237.726533313118,-0.061463235140649886,14659.090759846835,14123.365380859375,13587.640001871916,0.8403131287664459,5770027,bull,hold
2024-02-06,14444.267578125,14497.710882315843,14419.975167129163,14497.710882315843,314186,14166.848779296875,13670.89515625,12732.9651953125,0.06406582836884422,70.67819031895465,233.047875295415,236.7908017095774,-3.7429264141624117,14656.548000844117,14166.848779296875,13677.149557749633,0.7832542779541275,5455841,bull,hold
2024-02-07,14468.5615234375,14478.27848886627,14419.976696293654,14453.986075294346,221627,14202.072802734376,13700.53189453125,12750.09134765625,0.051182528346858325,71.42134042503234,228.71257729645185,235.17515682695233,-6.462579530500477,14671.757961402865,14202.072802734376,13732.387644065886,0.7836886750462725,5677468,bull,hold
2024-02-08,14594.8798828125,14604.596846782415,14551.153544947882,14580.304436857628,228271,14242.398193359375,13731.043125,12767.363247070312,0.058491880577873134,74.97311706109117,232.78624340357237,234.69737414227635,-1.9111307387039744,14701.450936503159,14242.398193359375,13783.345450215591,0.8839228658554394,5905739,bull,hold
2024-02-13,14658.041015625,14662.899497897331,14633.74860426334,14633.74860426334,475067,14283.452294921875,13763.8864453125,12784.149301757812,0.059339774886749685,76.54292243795899,238.3635223910169,235.43060379202447,2.9329185989924156,14736.953413631883,14283.452294921875,13829.951176211867,0.912996468199074,6380806,bull,hold
2024-02-14,14560.8720703125,14619.17386038382,14546.296622794669,14619.17386038382,469708,14322.5630859375,13796.43826171875,12800.595268554687,0.05677010922690662,69.33734906045697,232.26542314096878,234.79756766181333,-2.532144520844554,14727.4991126597,14322.5630859375,13917.6270592153,0.7942551028418231,5911098,bull,hold
2024-02-15,14682.333984375,14687.192466831775,14638.607642264022,14648.324607177572,270872,14362.159765625,13831.90517578125,12817.35703125,0.05701301413057158,72.78602792490487,234.5300801421763,234.74407015788594,-0.2139900157096406,14744.567530186623,14362.159765625,13979.752001063376,0.9186293381320786,6181970,bull,hold
2024-02-16,14769.7880859375,14769.7880859375,14692.052359169407,14692.052359169407,254287,14402.97109375,13868.92681640625,12834.143100585938,0.05849593031349043,74.96898992870831,240.60807216073044,235.91687055845486,4.691201602275584,14776.354415798707,14402.97109375,14029.587771701294,0.9912069855916722,6436257,bull,hold
2024-02-19,14726.0615234375,15148.749531533529,14667.759729217358,15148.749531533529,234418,14437.952197265626,13901.478671875,12850.394731445313,0.04987880728039129,71.86499173549353,239.13990055520117,236.56147655780413,2.5784239973970386,14794.38264580254,14437.952197265626,14081.521748728712,0.9041592509205005,6201839,bull,hold
2024-02-20,14706.626953125,14735.777848968657,14687.193022562562,14730.919366328048,269520,14469.289501953124,13932.96162109375,12865.285981445313,0.04451359354597706,70.46846611464153,233.71404653101126,235.99199055244557,-2.2779440214343083,14803.817178337877,14469.289501953124,14134.761825568372,0.854735150371991,5932319,bull,hold
2024-02-21,14609.45703125,14628.890961454523,14570.589170840954,14624.032478903393,402350,14486.05126953125,13962.598359375,12879.302705078126,0.02348536817524316,63.793493231761744,219.04816660144934,232.60322576224632,-13.555059160796986,14813.31879779392,14486.05126953125,14158.78374126858,0.6885395755177134,5529969,bull,hold
2024-02-22,14682.333984375,14726.060326485978,14672.61701946145,14696.909431745325,358634,14508.6431640625,13992.13794921875,12894.218247070312,0.03175138010989276,66.36665883314626,210.8750755486417,228.25759571952543,-17.382520170883737,14824.40597301359,14508.6431640625,14192.880355111409,0.7750336888778496,5888603,bull,hold
2024-02-23,14905.8232421875,14910.68172433945,14837.804492060177,14866.955384971887,348958,14536.822314453126,14025.564296875,12910.105478515625,0.039295326155653454,72.76013668177157,219.89672477095883,226.58542152981212,-6.688696758853297,14886.88275114927,14536.822314453126,14186.761877756982,1.027053172899215,6237561,bull,hold
2024-02-26,14886.3896484375,14905.823577482457,14866.955719392543,14905.823577482457,543016,14565.487353515626,14060.05951171875,12925.749790039063,0.04005430180513181,71.4875749274313,222.90876469133764,225.85009016211723,-2.9413254707795886,14931.115176027528,14565.487353515626,14199.859531003724,0.9388373575036512,5694545,bull,hold
2024-02-27,14837.8056640625,14862.098076741057,14832.947181526788,14862.098076741057,304270,14591.237353515626,14090.3764453125,12941.054008789062,0.03595664230034146,68.27274913843249,218.85270872791625,224.45061387527704,-5.597905147360791,14957.412211428416,14591.237353515626,14225.062495602835,0.8366811036021453,5390275,bull,hold
2024-02-28,14905.8232421875,14954.408063707015,14866.955384971887,14866.955384971887,284437,14617.473095703124,14121.47072265625,12956.382514648438,0.03648639793348685,70.28731511477102,218.60674280953208,223.28183966212805,-4.675096852595971,14994.690262084492,14617.473095703124,14240.255929321756,0.8822070841188239,5674712,bull,hold
2024-02-29,14866.95703125,14905.824892769608,14866.95703125,14886.390962009804,270774,14641.036767578125,14149.45560546875,12971.419516601563,0.03273713501904196,67.64420432390256,212.8223510572716,221.18994194115675,-8.367590883885157,15018.769655036614,14641.036767578125,14263.303880119636,0.7990476487127456,5403938,bull,hold
2024-03-04,15046.7197265625,15061.2951735046,15002.993385736196,15056.436691190567,340420,14673.345654296874,14181.3272265625,12988.181279296876,0.04487176487701361,72.74855002033885,220.2051383297785,220.9929812188811,-0.7878428891026203,15073.16419172071,14673.345654296874,14273.527116873038,0.9669294158687574,5744358,bull,hold
2024-03-05,15046.7197265625,15066.153655818634,15017.568832678298,15032.1442796204,300557,14714.6427734375,14213.39318359375,13004.845869140625,0.05807997431135514,72.74855002033885,223.47991310647194,221.49036759639927,1.9895455100726736,15088.743133095535,14714.6427734375,14340.542413779463,0.9438340468698713,6044915,bull,hold
2024-03-06,14939.8330078125,14968.983901486281,14920.399078696646,14944.691490091463,480182,14741.364453125,14242.54404296875,13020.368725585937,0.037099533195052325,65.61086617651515,214.97226434910772,220.18674694694096,-5.214482597833239,15099.290037154773,14741.364453125,14383.438869095226,0.7772483492979245,5564733,bull,hold
2024-03-07,14949.55078125,14954.409263791844,14891.248990747888,14944.692298708158,295554,14764.44228515625,14269.55724609375,13035.502895507812,0.03185787046467481,65.93807862359093,206.6321081969072,217.47581919693422,-10.843711000027014,15113.454297514521,14764.44228515625,14415.43027279798,0.7651892908255122,5860287,bull,hold
2024-03-08,14998.134765625,15061.295035127147,14993.276283355604,15046.719588318958,288967,14792.13564453125,14297.34775390625,13050.734233398438,0.038345120962643975,67.59801425510597,201.6186614386661,214.3043876452806,-12.685726206614504,15122.532016541445,14792.13564453125,14461.739272521056,0.811745434491928,6149254,bull,hold
2024-03-11,14769.7880859375,14881.533193166631,14769.7880859375,14871.81622732062,452622,14807.19697265625,14322.223203125,13064.823837890624,0.020819385673692903,54.22305805689479,177.17740920071446,206.8789919563674,-29.701582755652936,15102.855946010088,14807.19697265625,14511.53799930241,0.4367364259328955,5696632,bull,hold
2024-03-12,14832.947265625,14847.522713314773,14798.9378876822,14808.654852808713,278804,14819.100341796875,14347.5844921875,13079.277827148437,0.016311705524405085,56.77083686703227,161.04750330046045,197.71269422518603,-36.66519092472558,15098.32135448522,14819.100341796875,14539.87932910853,0.5247956335642625,5975436,bull,hold
2024-03-13,14978.7021484375,14993.277596522259,14920.400356098464,14959.268217657822,374786,14835.1333984375,14376.34669921875,13094.387709960938,0.02187612467932687,62.023730005900404,158.2019835938463,189.8105520989181,-31.608568505071787,15112.33849278633,14835.1333984375,14557.92830408867,0.7589576326821322,6350222,bull,hold
2024-03-14,15022.4287109375,15032.145676468508,14954.409952220449,14978.702366047966,340537,14858.21123046875,14405.20609375,13109.667641601562,0.0316984201493018,63.45828617646033,157.65787503631327,183.38001668639714,-25.72214165008387,15116.444401467,14858.21123046875,14599.9780594705,0.817963567255777,6690759,bull,hold
2024-03-15,15075.8720703125,15090.447518656341,15017.570276937138,15022.428759718417,275791,14877.888134765624,14435.523046875,13125.5548828125,0.02680351001116743,65.18911231473444,159.69819614466724,178.6436525780512,-18.945456433383953,15139.468591708746,14877.888134765624,14616.307677822502,0.8784379342794811,6966550,bull,hold
2024-03-18,15085.5888671875,15090.447349914453,15012.711626283213,15032.145557191023,333026,14893.678173828124,14464.57677734375,13141.685043945312,0.02138153773178897,65.50899040747282,160.25194495583492,174.96531105360793,-14.713366097773019,15165.188447774768,14893.678173828124,14622.16789988148,0.8534133176063335,7299576,bull,hold
2024-03-19,15187.6162109375,15197.333175883718,15139.031386206414,15139.031386206414,238717,14916.755908203126,14496.3512890625,13157.402231445312,0.03134271079646145,68.75552998467286,166.9984941531202,173.3719476735104,-6.3734535203902,15205.283804943387,14916.755908203126,14628.228011462865,0.9693832135375952,7538293,bull,hold
2024-03-20,15265.3515625,15275.068527211966,15231.342186008116,15265.3515625,483247,14944.692138671875,14530.45783203125,13172.925078125,0.037991349828607524,70.99561799420921,176.5822459946903,174.0140073377464,2.568238656943919,15253.883933182398,14944.692138671875,14635.500344161352,1.0185445240158393,8021540,bull,hold
2024-03-21,15284.7861328125,15362.521853767681,15275.069167693102,15362.521853767681,1242523,14978.45859375,14565.1473828125,13189.225288085938,0.04622547573930724,71.54489717429513,183.62888628301698,175.93698312680053,7.691903156216455,15281.270649915112,14978.45859375,14675.646537584887,1.005804727430455,9264063,bull,hold
2024-03-22,15464.5498046875,15488.84221719879,15381.955602149112,15401.389532158144,557721,15017.569384765626,14602.94638671875,13207.517475585937,0.053275986034981626,76.06085456262713,201.39724339600434,181.0290351806413,20.36820821536304,15357.121297848313,15017.569384765626,14678.017471682939,1.1581915794022144,9821784,bull,hold
2024-03-25,15454.8330078125,15508.276315918736,15386.814252040927,15483.983903143175,773577,15045.019873046875,14636.76142578125,13225.34810546875,0.03683189829268563,75.36460810556062,212.24806652987172,187.2728414504874,24.97522507938433,15429.758537054531,15045.019873046875,14660.281209039218,1.032586367193745,9048207,bull,hold
2024-03-26,15420.822265625,15445.114676251378,15372.237444372242,15445.114676251378,509212,15071.74150390625,14669.4104296875,13242.76576171875,0.03590075430032802,72.85090256177914,215.61753466218943,192.9417800928278,22.67575456936163,15482.083355757637,15071.74150390625,14661.399652054864,0.9253535925518707,8538995,bull,hold
2024-03-27,15508.2763671875,15517.993332329848,15415.965198335192,15425.68216347754,777885,15105.2650390625,14702.83677734375,13260.7664453125,0.04518664810045969,75.14643970834996,222.77664703110167,198.90875348048257,23.8678935506191,15542.36052941061,15105.2650390625,14668.169548714392,0.9610106224203273,9316880,bull,hold
2024-03-28,15556.861328125,15639.455532552896,15522.85194983116,15624.88008471268,553218,15137.816943359376,14738.40087890625,13278.6456640625,0.04367676144816257,76.34315833462517,229.72259637462594,205.07152205931126,24.651074315314673,15606.481426097404,15137.816943359376,14669.152460621348,0.9470622376987975,9870098,bull,hold
2024-03-29,15688.0400390625,15692.89852157692,15600.58735380294,15634.596731403879,437075,15178.87109375,14774.353671875,13296.889267578124,0.055228720045844115,79.24851118955281,243.01105674562496,212.659428996574,30.351627749050948,15687.576015029881,15178.87109375,14670.166172470119,1.0004560836874268,10307173,bull,hold
2024-04-01,15673.46484375,15688.040291527821,15615.163052638716,15649.172430786964,1236082,15210.208349609375,14808.75173828125,13315.084287109376,0.041653272512352624,78.10079818700197,249.49019323078755,220.02558184341675,29.46461138737081,15758.190467249262,15210.208349609375,14662.226231969487,0.9226930763140885,9071091,bull,hold
2024-04-02,15600.587890625,15654.031200122625,15586.012442580193,15639.455752077818,3098132,15237.9017578125,14840.23470703125,13332.890629882813,0.03680989439078464,72.45082927816145,245.9097005612639,225.2024055869862,20.707294974277687,15805.660714639285,15237.9017578125,14670.142800985715,0.8194015069701048,5972959,bull,hold
2024-04-03,15445.1162109375,15517.993450057998,15415.9653152893,15517.993450057998,1549090,15263.16591796875,14867.5394140625,13350.089658203126,0.033821208233102196,62.125452312698506,227.89978227746178,225.74188092508132,2.1579013523804633,15820.49498761693,15263.16591796875,14705.83684832057,0.6632341670995268,4423869,bull,hold
2024-04-04,15503.41796875,15532.568864335239,15464.55010796968,15488.84252095738,947530,15290.85927734375,14892.12333984375,13366.802836914063,0.03704908566180265,64.18666300408556,215.84315139881437,223.76213501982795,-7.918983621013581,15838.053321578618,15290.85927734375,14743.665233108883,0.694226064451658,5371399,bull,hold
2024-04-05,15372.23828125,15381.955246029553,15299.361045403366,15328.51193974202,1186369,15309.564453125,14914.95818359375,13383.394545898438,0.02494333605285548,56.7085336169768,193.47284556626983,217.70427712911635,-24.231431562846524,15840.797705232999,15309.564453125,14778.331201017001,0.5589889920070915,4185030,bull,hold
2024-04-08,15498.560546875,15552.003859105604,15493.702063944944,15527.711444455328,1089557,15346.003076171875,14938.08458984375,13400.83650390625,0.04934210678563322,61.375254302049726,183.81842377505745,210.9271064583046,-27.10868268324714,15821.155551197273,15346.003076171875,14870.850601146478,0.6605352794331654,5274587,bull,hold
2024-04-09,15542.28515625,15556.860603411222,15513.134261927555,15527.709709088778,1092326,15381.469970703125,14962.668515625,13418.667138671875,0.04782177661137332,62.86734832442221,177.64762427311143,204.27121002126597,-26.62358574815454,15800.753109091467,15381.469970703125,14962.186832314783,0.6917739718380079,6366913,bull,hold
2024-04-11,15522.8505859375,15522.8505859375,15469.407281885758,15493.699692818369,998624,15408.677392578125,14986.6694140625,13436.279130859375,0.03632814326017986,61.725963424424684,169.23814185465562,197.2645963879439,-28.026454533288273,15788.66513824729,15408.677392578125,15028.68964690896,0.6502327307401897,5368289,bull,hold
2024-04-12,15765.7763671875,15765.7763671875,15663.748230450694,15663.748230450694,1349001,15445.844775390626,15014.3627734375,13454.134052734375,0.04948252180479873,69.24282805200804,180.09957103558372,193.8315913174719,-13.732020281888168,15812.629938937085,15445.844775390626,15079.059611844166,0.9361294070668559,6717290,bull,hold
2024-04-15,15707.474609375,15707.474609375,15624.880403263223,15683.182195812713,1082243,15477.42490234375,15040.59859375,13472.037568359376,0.04189492562133479,65.89782684641563,181.90596853377065,191.44646676073165,-9.540498226961006,15819.267281269882,15477.42490234375,15135.582523417617,0.836485060386502,5635047,bull,hold
2024-04-16,15532.568359375,15605.445595968877,15488.842017418674,15513.134429616632,1562447,15499.773876953124,15063.23912109375,13489.30947265625,0.02962956873097089,57.001404345911475,167.29559941087973,186.61629329076126,-19.32069387988153,15790.90850190659,15499.773876953124,15208.639251999659,0.5563218518359291,4072600,bull,hold
2024-04-17,15415.96484375,15527.709940316736,15377.096984074615,15527.709940316736,1275173,15511.19130859375,15087.14287109375,13506.09552734375,0.015035185880457824,51.964728838858875,144.64052150792486,178.221138934194,-33.58061742626913,15768.39598970307,15511.19130859375,15253.98662748443,0.3148819367652256,2797427,bull,hold
2024-04-18,15260.494140625,15309.078967561087,15216.76779638252,15304.22048486748,1204760,15510.9484375,15104.244765625,13521.302587890625,-0.00031819914891006995,46.11396601875458,112.84027023486306,165.1449651943278,-52.30469495946474,15769.088689868158,15510.9484375,15252.80818513184,0.014887169712296726,1592667,bull,hold
2024-04-19,15153.607421875,15255.63555777092,15090.447147272764,15245.9185924475,2391906,15504.389501953125,15117.55703125,13536.072373046874,-0.008582305947735347,42.56564493833087,78.11303859374675,147.73857987421158,-69.62554128046483,15790.349208953836,15504.389501953125,15218.429794952413,-0.11334179517335324,-799239,bull,hold
2024-04-22,15177.8994140625,15177.8994140625,15119.597623739597,15129.314588793413,1460328,15490.056982421875,15132.22966796875,13551.303720703125,-0.01853596737346419,43.627299780645345,51.95273923639252,128.58141174664777,-76.62867251025526,15809.35775718761,15490.056982421875,15170.756207656139,0.011185701650116385,661089,bull,hold
2024-04-23,15211.9072265625,15236.19963669754,15182.75633440045,15231.341154670532,1954713,15477.910693359376,15147.09658203125,13566.875146484375,-0.015718434558768757,45.15572140201966,33.577598124658834,109.58064902225,-76.00305089759117,15819.360787917143,15477.910693359376,15136.460598801608,0.11047972890241425,2615802,bull,hold
2024-04-24,15357.6640625,15381.956476391964,15318.796200272856,15333.371648608036,1426972,15474.752783203125,15162.352265625,13583.029609375,-0.00409564432019871,51.25575966721693,30.425795298519006,93.7496782775038,-63.3238829789848,15819.40958382899,15474.752783203125,15130.095982577259,0.3301372256538939,4042774,bull,hold
2024-04-25,15250.775390625,15323.652622501195,15250.775390625,15313.935658251035,1003411,15461.877734375,15174.206953125,13598.868256835938,-0.016604100318157955,47.117034292197765,19.08296974044788,78.81633657009262,-59.73336682964474,15819.555873249798,15461.877734375,15104.199595500204,0.20489901281904188,3039363,bull,hold
2024-04-26,15440.255859375,15469.406751494651,15386.81255715564,15386.81255715564,1526677,15456.0474609375,15191.79462890625,13615.095576171874,-0.007495436662354971,54.18013210817341,25.093921927253177,68.07185364152473,-42.97793171427155,15811.134502597546,15456.0474609375,15100.960419277453,0.4777637597127267,4566040,bull,hold
2024-04-29,15532.568359375,15600.587113529285,15488.842017418674,15498.558982297856,1622549,15448.273876953124,15208.79931640625,13631.71158203125,-0.00991020416192101,57.180675912298945,36.881346894952,61.833752292210185,-24.952405397258183,15789.231456486934,15448.273876953124,15107.316297419315,0.6236143254787463,6188589,bull,hold
2024-04-30,15576.294921875,15576.294921875,15474.266789198962,15498.559201740876,1106380,15443.415380859375,15224.929453125,13648.08466796875,-0.006199645250344776,58.56483102378744,49.18436748907516,59.303875331583185,-10.119507842508028,15774.010804886351,15443.415380859375,15112.819956832398,0.7009700246256015,7294969,bull,hold
2024-05-02,15304.2197265625,15372.238480902779,15284.785796750994,15323.653656374008,2594442,15428.59697265625,15236.4926171875,13662.927329101563,-0.01899724331802899,48.13782325725405,36.55897639129216,54.75489554352498,-18.19591915223282,15756.239216530113,15428.59697265625,15100.954728782388,0.3101935137801796,4700527,bull,hold
2024-05-03,15255.634765625,15347.94593140426,15236.200835987262,15328.512001766521,1181805,15419.122900390625,15247.4727734375,13677.648525390625,-0.012268049182972085,46.544198917908375,22.374938318056593,48.278904098431305,-25.903965780374712,15755.157148280729,15419.122900390625,15083.08865250052,0.25673888034904774,3518722,bull,hold
2024-05-07,15527.7099609375,15527.7099609375,15469.408171346997,15474.26665381287,507755,15420.3375,15265.83783203125,13693.414301757812,0.0015668797833139347,55.440536158894815,32.711107108192664,45.165344700383585,-12.454237592190921,15757.75447197966,15420.3375,15082.920528020339,0.6591094548497884,4026477,bull,hold
2024-05-08,15605.4462890625,15634.597184994745,15552.002979853381,15552.002979853381,734168,15431.997900390625,15284.300078125,13709.860268554687,0.015170725534286778,57.61117481209933,46.63765746817808,45.459807253942486,1.1778502142355904,15777.970007676184,15431.997900390625,15086.025793105066,0.7506681680681185,4760645,bull,hold
2024-05-09,15639.4560546875,15658.88998578994,15600.588192482623,15605.446675258234,790666,15439.04267578125,15298.972734375,13725.941850585938,0.009090877013150145,58.56223542018813,59.730318883061045,48.313909579766204,11.416409303294841,15795.72158397999,15439.04267578125,15082.363767582508,0.7809436923511339,5551311,bull,hold
2024-05-10,15756.0595703125,15765.77653581994,15717.191708282742,15731.767156543901,544998,15449.731396484374,15316.3661328125,13742.679331054687,0.013754374721180351,61.7323927150545,78.60911959833174,54.37295158347931,24.23616801485243,15830.166658890146,15449.731396484374,15069.296134078602,0.9026022349912931,6096309,bull,hold
2024-05-13,15780.3515625,15814.360940867457,15751.200666756466,15770.634597252156,808926,15462.6064453125,15335.21705078125,13759.902651367187,0.016588510926967004,62.37813757071194,94.44219509564391,62.38680028591224,32.05539480973167,15868.63671144352,15462.6064453125,15056.57617918148,0.8912825516866377,6905235,bull,hold
2024-05-14,15770.6357421875,15775.494225164144,15741.484844327635,15756.060293257568,700672,15462.8494140625,15352.51330078125,13776.37291015625,0.00030822300702637584,61.92802833464985,104.99571080113492,70.90858238895677,34.087128412178146,15869.610216156183,15462.8494140625,15056.088611968818,0.8783382353225275,6204563,bull,hold
2024-05-16,15770.6357421875,15882.38085065032,15770.6357421875,15882.38085065032,1185025,15466.007470703125,15370.586875,13792.235864257813,0.004021087691257641,61.92802833464985,112.06760247009697,79.14038640518481,32.92721606491216,15881.20940272261,15466.007470703125,15050.80553868364,0.8668435139532044,7389588,bull,hold
2024-05-17,15838.65234375,15877.52020226227,15760.91662672546,15775.492073667561,652256,15481.311669921875,15386.42552734375,13808.074516601562,0.01970594799862946,64.03505367362537,121.75696042689015,87.66370120952588,34.09325921736426,15926.668313747105,15481.311669921875,15035.955026096646,0.9011848467768176,8041844,bull,hold
2024-05-20,15892.095703125,15926.105079438626,15862.94480914189,15862.94480914189,1917894,15505.118212890626,15403.333046875,13824.69052734375,0.03088556987518265,65.64396082936634,132.22408196224933,96.57577736007057,35.648304602178754,15983.626516993658,15505.118212890626,15026.609908787594,0.9043581761446825,9959738,bull,hold
2024-05-21,15974.689453125,16018.415792868955,15950.397042156135,15974.689453125,983293,15540.827978515625,15424.03017578125,13842.059594726563,0.046800274350143,68.02466171382194,145.5066662767058,106.36195514339762,39.14471113330818,16046.79308624172,15540.827978515625,15034.86287078953,0.928746437238758,10943031,bull,hold
2024-05-22,16003.841796875,16047.568140582309,15979.549383704272,16028.134210045726,761316,15583.339697265625,15445.11599609375,13859.720185546876,0.05610772084359561,68.84527149634528,156.58059689314177,116.40568349334646,40.174913399795315,16094.866932721661,15583.339697265625,15071.812461809588,0.9110261101097477,11704347,bull,hold
2024-05-23,16042.708984375,16081.576843816247,16018.41657222422,16037.850501944844,1327451,15626.58017578125,15466.00748046875,13877.59939453125,0.05697821198572739,69.95246791454102,166.57287547418673,126.43912188951452,40.133753584672206,16139.911277920373,15626.58017578125,15113.249073642126,0.9053220298357946,13031798,bull,hold
2024-05-24,15926.10546875,15974.690293242831,15916.388503851435,15935.822433648567,915727,15662.290087890626,15489.133828125,13894.191103515624,0.04694994727159463,62.74782306767541,163.20161242686663,133.79161999698496,29.40999242988167,16154.184770109066,15662.290087890626,15170.395405672185,0.7681624648487448,12116071,bull,hold
2024-05-27,15964.9736328125,15994.124528064136,15955.256667728621,15984.407562980257,644569,15692.65556640625,15511.77435546875,13910.807119140625,0.03954439736674642,64.07601579776596,161.801056318689,139.39350726132577,22.40754905736324,16180.545094739344,15692.65556640625,15204.766038073158,0.7790775888720568,12760640,bull,hold
2024-05-28,15926.10546875,15974.690293242831,15892.096091605019,15955.2563634457,811910,15726.4220703125,15530.722421875,13926.767236328125,0.044281688034048416,61.706681630073106,155.7592735586495,142.66666052079051,13.092613037858996,16179.548584813754,15726.4220703125,15273.295555811244,0.7203395652727222,11948730,bull,hold
2024-05-29,15921.248046875,15989.266805695948,15906.672598556226,15955.257426285474,792962,15750.4716796875,15548.69880859375,13942.921689453126,0.03115182752674084,61.40111665849921,148.8631619753305,143.90596081169852,4.957201163631993,16191.179423517739,15750.4716796875,15309.763935857261,0.6937524011982001,11155768,bull,hold
2024-05-30,15950.3984375,15950.3984375,15906.672093930856,15916.389059168443,556907,15771.36318359375,15566.1893359375,13959.003271484375,0.026900256831820846,62.598100458069574,144.08916654565837,143.9426019584905,0.14656458716785892,16208.370352902586,15771.36318359375,15334.356014284915,0.7048424676755409,11712675,bull,hold
2024-05-31,15989.2666015625,15989.2666015625,15867.804533790071,15896.955430055454,489325,15792.011767578126,15584.262890625,13975.400649414063,0.02651283130929505,64.19258682753178,141.80740923628036,143.51556341404847,-1.7081541777681082,16229.225519090567,15792.011767578126,15354.798016065684,0.7255816900795276,12202000,bull,hold
2024-06-03,16071.859375,16139.878126889358,16052.425445888754,16110.727233222491,714624,15830.39375,15601.94775390625,13991.652265625,0.050158692318378106,67.37535931179784,144.99226610017104,143.810903951273,1.181362148898046,16221.977559462757,15830.39375,15438.809940537241,0.8083192143864232,12916624,bull,hold
2024-06-04,16032.9921875,16057.284599905302,15974.690397727272,16018.416740056817,824393,15869.26162109375,15617.30056640625,14007.126538085937,0.05095542950638765,64.4711762372412,142.7346744282895,143.5956580466763,-0.8609836183867969,16168.317939487895,15869.26162109375,15570.205302699605,0.7737453722520233,12092231,bull,hold
2024-06-05,16062.142578125,16101.010436753253,16003.840790182623,16037.850166482343,1024949,15895.983251953125,15632.8476953125,14023.3295703125,0.03441799328632178,65.66650363709911,141.66468733432703,143.20946390420647,-1.5447765698794456,16161.854658377892,15895.983251953125,15630.111845528358,0.8124806243857838,13117180,bull,hold
2024-06-07,16154.453125,16203.03794642857,16115.585267857143,16154.453125,771528,15923.43359375,15646.64576171875,14039.36255859375,0.03518046365148075,69.20031927275863,146.5757702754181,143.88272517844882,2.6930450969692856,16176.717050352789,15923.43359375,15670.150137147211,0.9560493889900911,13888708,bull,hold
2024-06-10,16222.47265625,16300.20837427935,16222.47265625,16271.057480018344,763588,15952.584423828124,15661.9985546875,14055.662768554688,0.03727857283039948,71.5259566161584,154.17916515490106,145.94201317373927,8.237151981161787,16202.60372199021,15952.584423828124,15702.565125666039,1.0397348012850374,14652296,bull,hold
2024-06-11,16314.78515625,16314.78515625,16261.341845732208,16275.917294055242,817765,15980.520703125,15679.8778125,14072.6674609375,0.035460997303554675,74.35600008307291,165.74317350600904,149.90224524019322,15.840928265815819,16259.628884934802,15980.520703125,15701.412521315196,1.0988080516980043,15470061,bull,hold
2024-06-12,16358.5126953125,16387.663594086443,16334.220279667545,16377.946627828464,763558,16009.428759765626,15696.8825390625,14089.7450390625,0.03663803879923866,75.59345524382965,176.40271964925705,155.202340122006,21.200379527251044,16317.845241909643,16009.428759765626,15701.012277621609,1.0659294424217365,16233619,bull,hold
2024-06-13,16475.11328125,16499.405692457975,16387.660600901283,16421.66997659245,1186478,16044.65263671875,15715.247578125,14107.308452148438,0.044670205474214075,78.56389026048737,192.04539975480293,162.5709520485654,29.474447706237527,16394.117705200384,16044.65263671875,15695.187568237117,1.11588508173582,17420097,bull,hold
2024-06-14,16552.8515625,16567.42701148371,16504.2667325543,16513.98369854344,751444,16083.763427734375,15732.54380859375,14125.211967773437,0.049599510958205695,80.28653457743388,208.31385361522007,171.71953236189634,36.59432125332373,16474.459468319303,16083.763427734375,15693.06738714945,1.1003236353039736,18171541,bull,hold
2024-06-17,16557.708984375,16606.293811207088,16528.55808827575,16606.293811207088,835758,16119.716259765624,15750.22869140625,14143.334106445312,0.04539885244142905,80.39256390946736,219.07333284500237,181.19029245851755,37.88304038648482,16544.430235327945,16119.716259765624,15695.002284203303,1.0156325784070015,19007299,bull,hold
2024-06-18,16698.603515625,16708.32048013802,16669.45262208594,16693.74503336849,787748,16160.041650390625,15772.18900390625,14162.865205078126,0.05074899041423531,83.2129603715649,236.24601185300708,192.20143633741546,44.04457551559162,16640.18462905419,16160.041650390625,15679.898671727058,1.0608348858223573,19795047,bull,hold
2024-06-19,16747.189453125,16756.90641828492,16703.46310990535,16742.33097054504,753741,16198.666650390625,15798.23046875,14182.493471679687,0.04835774756478184,84.06422330361158,250.88392903189197,203.93793487631078,46.94599415558119,16734.061026999912,16198.666650390625,15663.272273781336,1.0122605192533318,20548788,bull,hold
2024-06-20,16824.921875,16839.497319881608,16752.04465059197,16752.04465059197,729480,16239.720654296874,15824.660546875,14202.316064453125,0.051305185876389325,85.34467000079265,265.6941835064408,216.2891846023368,49.40499890410402,16831.964852342364,16239.720654296874,15647.476456251385,0.9940539921154087,21278268,bull,hold
2024-06-21,16800.6328125,16854.076121041788,16776.34039952646,16824.92522547354,1338524,16277.616845703125,15853.2284375,14221.847172851563,0.04724412995730276,83.0978348294369,272.33221625993247,227.49779093385595,44.83442532607651,16910.207135743283,16277.616845703125,15645.02655566297,0.9133923449596993,19939744,bull,hold
2024-06-24,16776.341796875,16815.209660870078,16747.190898878693,16800.634211871922,693539,16320.128662109375,15878.7840625,14241.1596484375,0.053386330373946356,80.80664285878964,272.4917082960292,236.49657440629062,35.995133889738554,16966.638308344634,16320.128662109375,15673.619015874116,0.8528277864237874,19246205,bull,hold
2024-06-25,16708.3203125,16727.754241331055,16664.593972630126,16727.754241331055,775568,16357.29599609375,15902.104765625,14261.273764648438,0.04656109660962504,74.60344322838677,264.08513255312937,242.0142860356584,22.070846517470983,17003.330524840352,16357.29599609375,15711.261467347147,0.7716761262647112,18470637,bull,hold
2024-06-26,16805.490234375,16820.065681239157,16781.197822934737,16810.348716663055,703113,16401.265234375,15927.75755859375,14281.460756835937,0.05521656046737333,77.28591064552916,262.2407136157799,246.05957155168272,16.181142064097173,17043.618717703474,16401.265234375,15758.91175104653,0.81464373626919,19173750,bull,hold
2024-06-27,16752.048828125,16834.643036384317,16737.47337960865,16834.643036384317,837558,16442.8052734375,15947.4830078125,14301.040444335937,0.05218188792762812,72.73563646017102,253.54402576040957,247.5564623934281,5.987563366981476,17062.678021695338,16442.8052734375,15822.932525179665,0.7494411599450317,18336192,bull,hold
2024-06-28,16722.896484375,16849.21702725523,16722.896484375,16849.21702725523,778490,16481.43017578125,15967.7914453125,14319.502670898437,0.0484312695950484,70.30400590487531,241.5154477311553,246.34825946097354,-4.832811729818246,17069.198846757987,16481.43017578125,15893.661504804513,0.7054093051544312,17557702,bull,hold
2024-07-01,16693.74609375,16722.896989140714,16654.878233229047,16708.32154144536,1557713,16516.654150390626,15991.015,14337.551938476563,0.044059525039044534,67.86099091650422,227.01364805460616,242.48133717970006,-15.467689125093898,17065.361458597527,16516.654150390626,15967.946842183726,0.6613719561509811,15999989,bull,hold
2024-07-02,16766.625,16810.351347435528,16708.3232034193,16756.90803390322,1382401,16551.392431640626,16018.028203125,14356.305688476563,0.04322870234172882,70.61064618057367,218.87849099400773,237.76076794256159,-18.88227694855385,17070.219304528662,16551.392431640626,16032.565558752593,0.7074223402898223,17382390,bull,hold
2024-07-03,16922.095703125,16926.95418595679,16844.35997781636,16854.076943479937,1717943,16595.847607421874,16051.260234375,14375.642456054688,0.055454621646867874,75.43829505457259,222.41267199645517,234.69114875334031,-12.27847675688514,17080.62868573315,16595.847607421874,16111.066529110596,0.8364901295648788,19100333,bull,hold
2024-07-04,16883.228515625,16960.964244042265,16878.37003259892,16960.964244042265,1551719,16636.901904296876,16085.85265625,14394.46908203125,0.0511193281659843,72.24335453140766,219.54648349983836,231.66221570263994,-12.115732202801581,17070.284204744898,16636.901904296876,16203.519603848852,0.7841908992054789,17548614,bull,hold
2024-07-05,16892.943359375,16902.66032420639,16844.358535218038,16883.226394543606,3339229,16673.826416015625,16120.15353515625,14413.5143359375,0.04571434443869493,72.55621615244297,215.5739132845447,228.4445552190209,-12.870641934476225,17059.73653572441,16673.826416015625,16287.916296306841,0.783896342916228,20887843,bull,hold
2024-07-08,16990.11328125,16990.11328125,16907.519078853304,16917.23604384115,1740729,16712.208447265624,16155.71765625,14433.361235351562,0.04731958199382458,75.52750137282698,217.7562647094892,226.30689711711457,-8.550632407625386,17061.918801895266,16712.208447265624,16362.49809263598,0.8973357241290278,22628572,bull,hold
2024-07-09,17038.697265625,17092.140570421656,17033.838783370757,17067.84815915045,1688904,16748.404052734375,16189.3383203125,14453.4510546875,0.04437153799096638,76.87558567923416,220.86017680499572,225.21755305469082,-4.357376249695108,17075.18651855621,16748.404052734375,16421.62158691254,0.9441688940692681,24317476,bull,hold
2024-07-10,17062.9921875,17111.57701719106,17048.416738592685,17048.416738592685,900818,16783.62802734375,16225.58265625,14473.58947265625,0.0430650087394171,77.54181010559314,222.7131481199358,224.71667206773984,-2.003523947804041,17085.64450240444,16783.62802734375,16481.611552283062,0.9624982132185195,25218294,bull,hold
2024-07-11,17169.876953125,17208.74481266801,17140.726058467742,17189.310882896505,1557691,16818.3662109375,16260.175078125,14494.2866015625,0.04217049437017817,80.23917590968576,230.15328474850685,225.80399460389327,4.349290144613576,17130.116691983625,16818.3662109375,16506.615729891375,1.0637693661417194,26775985,bull,hold
2024-07-12,17038.697265625,17038.697265625,16907.51824476048,16926.952173777445,1328475,16842.65849609375,16290.29765625,14514.619345703126,0.029351178634723585,69.24660994002625,222.89514567119113,225.22222481735287,-2.3270791461617364,17143.38669727383,16842.65849609375,16541.930294913673,0.8259401159618216,25447510,bull,hold
2024-07-15,17199.029296875,17208.74626257945,17106.718122682734,17111.57660553496,2729557,16874.72451171875,16322.75234375,14535.559409179688,0.03873243050141739,73.94493598327432,227.45847343772402,225.66947454142712,1.7889988962969028,17183.731499078098,16874.72451171875,16565.7175243594,1.0247531583794125,28177067,bull,hold
2024-07-16,17262.1875,17296.196875879537,17252.47053546299,17276.762946805517,1743995,16902.9037109375,16361.91169921875,14556.378002929687,0.033750366241563245,75.53079360412933,233.4798720973995,227.23155405262162,6.248318044777875,17243.68346615635,16902.9037109375,16562.123955718645,1.0271495497609076,29921062,bull,hold
2024-07-17,17223.322265625,17320.491925797778,17223.322265625,17315.633442789138,2148544,16926.7103515625,16401.26544921875,14577.876796875,0.028430610033563175,72.60233657583643,232.4363922698285,228.272521696063,4.163870573765507,17286.63817910021,16926.7103515625,16566.782524024788,0.9120435978674424,27772518,bull,hold
2024-07-18,17126.1484375,17126.1484375,17038.69576462766,17053.271210106384,2404677,16941.7716796875,16433.23421875,14598.816850585938,0.01790359353451687,65.73935331534875,221.21824495027613,226.86166634690562,-5.643421396629492,17308.54626693253,16941.7716796875,16574.997092442467,0.7513488723379348,25367841,bull,hold
2024-07-19,17043.5546875,17048.413169451967,16994.96986798033,17019.262277740163,1457161,16953.9177734375,16461.99638671875,14619.319638671876,0.014459090780155615,60.50418872711908,203.3194173358097,222.15321654468647,-18.83379920887677,17317.26527603647,16953.9177734375,16590.570270838532,0.6233487411105627,23910680,bull,hold
2024-07-22,16931.8125,16956.104913916784,16897.8031205165,16956.104913916784,1437501,16961.69130859375,16487.843515625,14639.555224609376,0.009267258917791121,54.21390454058755,178.06518225512264,213.33560968677372,-35.270427431651086,17316.050983757177,16961.69130859375,16607.33163343032,0.457841127690434,22473179,bull,hold
2024-07-23,16999.830078125,17062.990349921405,16965.820701003857,17058.131867475528,1191721,16976.266796875,16512.71892578125,14661.005419921876,0.017446982112673037,57.13519257674888,161.67577146107942,203.0036420416349,-41.32787058055547,17311.188490354754,16976.266796875,16641.345103395244,0.5351772992146074,23664900,bull,hold
2024-07-24,16883.228515625,16980.398176146584,16873.511549572842,16970.681210094426,1142747,16980.1537109375,16534.77646484375,14682.04265625,0.004625766946743992,51.11442155755435,137.69105691917866,189.94112501714366,-52.250068097965,17308.80307706401,16980.1537109375,16651.504344810986,0.35254011523760614,22522153,bull,hold
2024-07-25,16625.7265625,16684.028350562538,16582.000221453098,16640.302009515635,1750039,16973.83759765625,16551.87828125,14701.4037109375,-0.007540705433768613,40.87138711680165,96.78901870208938,171.31070375413282,-74.52168505204344,17323.934992540526,16973.83759765625,16623.740202771973,0.002836867336136411,20772114,bull,hold
2024-07-26,16596.576171875,16635.444031762294,16533.415899558146,16557.708311987706,1526147,16967.52158203125,16568.39708984375,14721.05626953125,-0.007553734044698945,39.896688023588894,61.31486621773365,149.311536246853,-87.99667002911934,17339.38118712542,16967.52158203125,16595.661976937085,0.0012292205517778008,19245967,bull,hold
2024-07-29,16747.189453125,16786.057313764686,16722.897040225194,16771.481866024806,1406997,16970.19375,16586.56783203125,14742.020620117188,0.0032014000377666996,46.93778225935088,44.837716579364496,128.4167723133553,-83.5790557339908,17334.84378741001,16970.19375,16605.543712589988,0.19422148087667176,20652964,bull,hold
2024-07-30,16732.61328125,16737.471763619702,16659.736045704485,16664.594528074187,927530,16968.4931640625,16603.37818359375,14762.693461914063,-0.002028536974495454,46.371596818457434,30.254526182299742,108.7843230871442,-78.52979690484446,17337.219255414846,16968.4931640625,16599.767072710154,0.1801421321347467,19725434,bull,hold
2024-07-31,16654.876953125,16688.886328466855,16606.292131208065,16664.593917508388,1206942,16955.1322265625,16616.98193359375,14783.09908203125,-0.01579111445106962,43.367164761770134,12.28298016685585,89.48405450308654,-77.20107433623069,17348.178473862652,16955.1322265625,16562.085979262345,0.11804078336841903,18518492,bull,hold
2024-08-01,16752.048828125,16829.784553545534,16713.180965414733,16810.350622190403,5519683,16948.5732421875,16631.94607421875,14802.7759375,-0.0077698224233947455,47.91037476731899,5.814334654274717,72.75011053332418,-66.93577587904946,17350.478474832555,16948.5732421875,16546.668009542445,0.25550901294676365,24038175,bull,hold
2024-08-02,16353.6513671875,16577.14155224116,16339.075920336174,16475.11342428188,3586696,16921.608642578125,16638.164921875,14820.606567382812,-0.03192409876211488,35.37895727769816,-31.100946715600003,51.97989908353934,-83.08084579913934,17399.92540811897,16921.608642578125,16443.29187703728,-0.09370412695906985,20451479,bull,hold
2024-08-05,15726.908203125,16096.152881357159,15595.729172700416,16091.294398748842,5292246,16858.448388671874,16634.1809765625,14834.817631835938,-0.07434942058444372,24.515481755404238,-109.66535464609478,19.650848337612516,-129.31620298370729,17563.68119307438,16858.448388671874,16153.215584269366,-0.302245853059506,15159233,bull,hold
2024-08-06,16003.841796875,16018.417244777436,15819.219456777473,15853.22883521649,3181956,16806.705615234376,16634.95833984375,14850.53482421875,-0.06073559806933049,34.13878591724003,-147.87734933926185,-13.85479119776236,-134.0225581414995,17598.044104007266,16806.705615234376,16015.367126461486,-0.007282174284456931,18341189,bull,hold
2024-08-07,16032.9921875,16125.303354640151,15862.945300662877,15877.52074810606,2591763,16755.205615234376,16637.09607421875,14866.349184570312,-0.06036455908094229,35.07703487815981,-173.80492257505466,-45.84481747322082,-127.96010510183385,17605.027676633064,16755.205615234376,15905.383553835685,0.07507961928776513,20932952,bull,hold
2024-08-08,15848.369140625,15862.944587412821,15746.341013110246,15756.05797763546,2966357,16689.130224609376,16635.63849609375,14880.851752929688,-0.0769666443217859,31.970579714545977,-206.86562987432626,-78.04897995344191,-128.81664992088434,17602.811636096838,16689.130224609376,15775.448813121915,0.03990467934789855,17966595,bull,hold
2024-08-09,16042.708984375,16207.897387000303,15979.548712782971,16198.18042213999,1972668,16639.330810546875,16637.48470703125,14896.5446484375,-0.058454485441171156,38.17715230933964,-214.9075568338758,-105.42069532952868,-109.4868615043471,17579.557621410182,16639.330810546875,15699.103999683568,0.18272451961667488,19939263,bull,hold
2024-08-12,16212.755859375,16232.18978908357,16101.01076355072,16135.020140540717,2259774,16590.017138671876,16641.9544921875,14913.573627929687,-0.05734471524385398,43.07130782756885,-205.19413001490284,-125.37538226660352,-79.81874774829932,17510.90793654362,16590.017138671876,15669.126340800132,0.29516502924735566,22199037,bull,hold
2024-08-13,16222.47265625,16232.189621003668,16183.604797235324,16212.755691496332,2169974,16538.031396484374,16644.9667578125,14931.550009765626,-0.06023076992704435,43.34729478880987,-194.47037158818785,-139.1943801309204,-55.27599145726745,17417.738724192783,16538.031396484374,15658.324068775966,0.32064561116230067,24369011,bull,hold
2024-08-14,16368.2265625,16397.377455754675,16319.641740408875,16392.518973545564,1999906,16495.276611328125,16651.6714453125,14950.59525390625,-0.04964754708396968,47.461770941957326,-172.22528774573948,-145.80056165388422,-26.424726091855263,17318.936199430045,16495.276611328125,15671.617023226205,0.4228746616542733,26368917,bull,hold
2024-08-16,16684.029296875,16747.18957085851,16669.453849032652,16737.47260563028,1140343,16473.170654296875,16664.1091796875,14971.729653320312,-0.02581544485839682,55.07490185882415,-127.64188099315652,-142.16882552173868,14.526944528582163,17250.33607219444,16473.170654296875,15696.00523639931,0.6356587913732392,27509260,bull,hold
2024-08-19,16363.3681640625,16640.301651399663,16319.641823956632,16640.301651399663,2884034,16439.161328125,16668.28748046875,14990.920654296875,-0.03990872420155167,47.541728590195284,-116.83705859377551,-137.10247213614605,20.26541354237054,17171.761681670472,16439.161328125,15706.560974579525,0.44827113876229263,24625226,bull,hold
2024-08-20,16543.1328125,16586.859154735685,16426.529233204845,16509.12343520558,1809833,16419.72734375,16674.70068359375,15011.642075195312,-0.022955586562277364,51.54321606716072,-92.70006557253691,-128.22199082342422,35.52192525088731,17118.87935690799,16419.72734375,15720.575330592013,0.5882536747570748,26435059,bull,hold
2024-08-21,16557.708984375,16577.142915107834,16441.105399977994,16475.114778760453,2459596,16397.6212890625,16679.55916015625,15032.727895507813,-0.026007383116076643,51.86384503518431,-71.57013350521447,-116.89161935978227,45.3214858545678,17048.284625229153,16397.6212890625,15746.957952895844,0.623018838171864,28894655,bull,hold
2024-08-22,16591.71875,16645.162060761348,16577.143301610544,16596.577232796488,2855819,16383.04580078125,16684.22328125,15054.49390625,-0.017266233490544458,52.65107770845999,-51.48669963046996,-103.81063541391981,52.323935783449855,17001.822728896306,16383.04580078125,15764.268872666195,0.668617267174471,31750474,bull,hold
2024-08-23,16557.708984375,16591.718363157463,16533.416570958958,16572.284432424625,4205010,16379.644921875,16685.8751953125,15075.87123046875,-0.004091104101183518,51.73981980227027,-37.878102261307504,-90.62412878339735,52.74602652208985,16993.779498313346,16379.644921875,15765.510345436654,0.6449715333833478,27545464,bull,hold
2024-08-26,16538.275390625,16557.70932175382,16455.68118332752,16518.841459496183,1615609,16376.7298828125,16685.583671875,15096.252573242187,-0.003512819791638644,51.19457423468901,-28.33469468135081,-78.16624196298804,49.83154728163723,16987.260946595514,16376.7298828125,15766.198819029485,0.632299171488115,25929855,bull,hold
2024-08-28,16664.59375,16669.452232142856,16509.12232142857,16528.55625,2629576,16372.60009765625,16687.7213671875,15117.095454101562,-0.004931914298586193,54.5474935959983,-10.458085206380929,-64.62461061166661,54.16652540528568,16974.10240180934,16372.60009765625,15771.09779350316,0.7427203107350299,28559431,bull,hold
2024-08-29,16455.681640625,16479.9740552111,16426.53074312168,16455.681640625,4255006,16358.753515625,16682.8629296875,15136.845190429687,-0.016550411819731714,48.60074290340032,-12.998367588315887,-54.29936200699647,41.30099441868058,16938.83688950313,16358.753515625,15778.67014174687,0.5835467187690533,24304425,bull,hold
2024-08-30,16572.28515625,16572.28515625,16499.40791281882,16523.70032729588,4294316,16354.62392578125,16679.36484375,15157.639501953125,-0.004959015734997907,51.76177540341893,-5.538782822441135,-44.5472461700854,39.008463347644266,16927.3453596939,16354.62392578125,15781.902491868601,0.6900236463840351,28598741,bull,hold
2024-09-02,16703.4609375,16747.187275032724,16684.02700970768,16688.88549165576,889879,16352.19453125,16676.935625,15178.701015625,-0.002900414816331298,55.106657105109164,10.832906114610523,-33.471215713146215,44.30412182775674,16918.528685773803,16352.19453125,15785.860376726196,0.8101229225220926,29488620,bull,hold
2024-09-03,16742.33203125,16771.48292857661,16703.464168147853,16718.03961681116,4926147,16371.628564453125,16675.769609375,15199.592495117187,0.02376720986252412,56.07856202956066,26.637104001307307,-21.449551770255514,48.08665577156282,16962.953075446112,16371.628564453125,15780.30405346014,0.8134518017647936,34414767,bull,hold
2024-09-04,16348.794921875,16421.672165211738,16309.927058762072,16416.813682322623,2287604,16402.722900390625,16667.218671875,15218.41912109375,0.039542846611543725,45.369539702694006,7.322479899699829,-15.695145436264447,23.017625335964276,16915.332549710634,16402.722900390625,15890.113251070616,0.4473985920991129,32127163,bull,hold
2024-09-05,16295.3515625,16358.51183987403,16275.917631000299,16305.06852824985,6216592,16417.298388671876,16658.959296875,15237.051411132812,0.018214986709123915,44.136868601455674,-12.156795342580153,-14.98747541752759,2.830680074947436,16899.38071258881,16417.298388671876,15935.21606475494,0.37352074519031,25910571,bull,hold
2024-09-06,16125.3037109375,16251.624258236197,16125.3037109375,16246.765775647786,5309049,16421.91396484375,16645.35556640625,15253.788876953126,0.005757597980336371,40.377741992556686,-40.84486757621562,-20.158953849265195,-20.685913726950425,16890.776503305467,16421.91396484375,15953.051426382028,0.18369166911970694,20601522,bull,hold
2024-09-09,16101.01171875,16120.445649611496,15989.266616296394,16013.559029873264,1593946,16434.54609375,16632.33482421875,15269.991918945312,0.01594123508124179,39.85552543067419,-64.79363160811045,-29.085889401034244,-35.7077422070762,16851.677625142594,16434.54609375,16017.414562357404,0.1002047916558915,19007576,bull,hold
2024-09-10,16256.4833984375,16309.926709071933,16232.190984512757,16271.058846792344,5147177,16445.234814453124,16623.0065625,15286.94802734375,0.013325331418198028,44.77810515342445,-70.41622007275146,-37.351955535377684,-33.064264537373774,16831.467542373186,16445.234814453124,16059.00208653306,0.2556506707340857,24154753,bull,hold
2024-09-11,16246.7666015625,16339.077775435015,16173.889359031567,16324.502326928829,830280,16446.9353515625,16614.06697265625,15304.098471679688,0.0020977767433556505,44.53278490538276,-74.79404702427382,-44.84037383315692,-29.953673191116906,16829.33930840067,16446.9353515625,16064.531394724332,0.23827578608880406,23324473,bull,hold
2024-09-12,16489.689453125,16509.123382946007,16450.821593482986,16479.972488214495,1316459,16460.29619140625,16608.52826171875,15322.366362304687,0.01647201401027165,51.662637664772795,-57.9931535194919,-47.470929770423915,-10.522223749067983,16828.817046125303,16460.29619140625,16091.7753366872,0.5398800520273905,24640932,bull,hold
2024-09-13,16475.11328125,16572.282926081905,16445.962387800428,16572.282926081905,1682927,16465.64052734375,16599.58861328125,15340.877177734375,0.006530134363784912,51.237050895470176,-45.331941224925686,-47.04313206132427,1.7111908363985862,16831.757883629012,16465.64052734375,16099.523171058487,0.5129367725179216,22958005,bull,hold
2024-09-19,16718.0390625,16761.765407040104,16611.152442513077,16611.152442513077,1827840,16467.341015625,16596.28482421875,15360.092485351563,0.002038462353417758,57.51807602248749,-15.516889883314434,-40.737883625722304,25.22099374240787,16837.79023631531,16467.341015625,16096.891794934687,0.8383703256384752,24785845,bull,hold
2024-09-20,16805.490234375,16829.782645815263,16766.622376070576,16795.773269798894,2610407,16489.447119140626,16594.53576171875,15379.453530273437,0.027019013804474357,59.5385741821969,14.995473338840384,-29.591212232809767,44.58668557165015,16884.39624740315,16489.447119140626,16094.497990878104,0.9001061055948179,27396252,bull,hold
2024-09-23,16902.662109375,16941.529972805583,16839.501831300302,16839.501831300302,2041995,16507.423583984375,16592.78673828125,15399.033217773438,0.021732842318919143,61.71736595319932,46.48188499905882,-14.376592786436051,60.85847778549487,16941.31884284162,16507.423583984375,16073.528325127128,0.9554538420534577,29438247,bull,hold
2024-09-24,16912.376953125,16931.810882401787,16854.075165294635,16902.65998848661,2785439,16525.156982421875,16590.26033203125,15418.248510742187,0.021420111265676223,61.938037147317715,71.39599124283268,2.7779240194176964,68.61806722341498,16993.450612439843,16525.156982421875,16056.863352403907,0.9134371534033761,32223686,bull,hold
2024-09-25,16863.79296875,16878.368416432586,16810.349660580527,16839.500555945695,3306006,16538.760693359374,16586.27634765625,15437.488100585937,0.01639819375253082,60.073093047995634,86.2263151447296,19.467602244480076,66.75871290024952,17029.27822880228,16538.760693359374,16048.24315791647,0.8313156532692997,28917680,bull,hold
2024-09-26,16931.8125,16975.538845050214,16883.227672166428,16951.24643113343,1778307,16557.465869140626,16581.51505859375,15457.480756835937,0.022593917792493423,61.8069677481855,102.28893818587676,36.031869432759414,66.25706875311735,17077.113879977926,16557.465869140626,16037.817858303326,0.860192498626326,30695987,bull,hold
2024-09-27,16771.482421875,16849.218145730738,16732.61455994713,16771.482421875,3253041,16569.126220703125,16576.17076171875,15476.793227539063,0.014101048975287744,55.67018486626863,100.9180646704117,49.009108480289875,51.90895619012182,17096.93031508725,16569.126220703125,16041.322126318999,0.6916963162326323,27442946,bull,hold
2024-09-30,16596.576171875,16698.60430407915,16562.566794473616,16698.60430407915,3449036,16565.725341796875,16564.12169921875,15495.182578125,-0.004081562331815003,49.85471791804495,84.74131972615578,56.15555072946306,28.58576899669272,17091.89906621987,16565.725341796875,16039.55161737388,0.5293162017088141,23993910,bull,hold
2024-10-02,16645.16015625,16718.0373898588,16630.58470952824,16669.452567452932,2557359,16575.199267578126,16551.78115234375,15512.91603515625,0.011514473831167438,51.37421895812362,74.97716423876045,59.91987343132254,15.057290807437909,17099.92759910812,16575.199267578126,16050.470936048132,0.5666639139417949,26551269,bull,hold
2024-10-04,16844.357421875,16878.36679653699,16805.489565118438,16815.20652930758,1128114,16588.802880859374,16544.20185546875,15531.475424804688,0.016417305342008914,57.11243901495351,82.36312441400514,64.40852362785907,17.954600786146074,17126.47109893532,16588.802880859374,16051.134662783428,0.737650778327695,27679383,bull,hold
2024-10-07,17131.0078125,17174.734151215966,17101.85692002269,17150.44174081821,3907639,16610.180224609376,16544.29904296875,15551.49236328125,0.025596304658044744,63.743078093110014,110.07793207222858,73.54240531673298,36.535526755495596,17196.206753884548,16610.180224609376,16024.153695334204,0.9443720223168146,31587022,bull,hold
2024-10-08,17028.98046875,17053.27288026034,16980.395645729317,17033.83895105207,2196916,16624.512646484374,16544.00755859375,15570.610493164062,0.017121177442005253,60.17690349374358,122.39842994323408,83.3136102420332,39.08481970120087,17236.22444843515,16624.512646484374,16012.800844533598,0.8306032521979794,29390106,bull,hold
2024-10-10,17305.916015625,17330.20843002088,17276.765118349944,17286.482084108295,1702252,16672.368701171876,16551.48962890625,15590.967543945313,0.05854383141532682,65.77410777056615,152.74811230008345,97.20051065364326,55.547601646440185,17337.717165006685,16672.368701171876,16007.020237337065,0.9761018841176883,31092358,bull,hold
2024-10-11,17281.623046875,17325.349391384945,17252.472150535035,17305.915460491637,3266995,16721.682275390624,16557.12548828125,15611.567514648437,0.06052471347992738,64.91222304508483,172.8477335933385,112.32995524158233,60.517778351756164,17413.615112376698,16721.682275390624,16029.74943840455,0.9046207533113838,27825363,bull,hold
2024-10-14,17466.244140625,17490.536552503476,17364.216010735396,17364.216010735396,2593092,16788.729296875,16568.78580078125,15632.288940429688,0.08315753016037553,68.31075616174223,201.35313401006715,130.1345909952793,71.21854301478785,17496.211335052878,16788.729296875,16081.247258697123,0.9788212330414362,30418455,bull,hold
2024-10-15,17699.453125,17728.604022268733,17616.85891607192,17626.575881828165,2055449,16868.6513671875,16590.26033203125,15654.030659179687,0.09927583646116966,72.00003726498339,239.99536803018054,152.10674640225955,87.888621627921,17607.75431659488,16868.6513671875,16129.548417780117,1.0620338536591174,32473904,bull,hold
2024-10-16,17568.275390625,17626.577189487693,17553.699940909326,17592.567806817788,2071907,16934.240966796875,16609.69431640625,15674.533471679688,0.08069346611048633,67.25689433375632,257.0713119643988,173.0996595146874,83.97165244971137,17677.21473346465,16934.240966796875,16191.267200129101,0.9266869519981561,30401997,bull,hold
2024-10-17,17718.884765625,17728.60173012493,17631.432085125616,17641.14904962555,558190,17007.846875,16629.12822265625,15695.862202148437,0.09060991643229,69.72305888500063,279.53473599303834,194.3866748103576,85.14806118268075,17755.47490865302,17007.846875,16260.218841346978,0.9755291793639438,30960187,bull,hold
2024-10-18,17738.3203125,17782.04665673788,17723.744864420707,17762.61272596549,1861746,17070.27841796875,16649.24236328125,15717.336694335938,0.07572191477131596,70.03669162168158,295.4991176921976,214.6091633867256,80.889954305472,17842.533396770337,17070.27841796875,16298.023439167166,0.9325267643906556,32821933,bull,hold
2024-10-21,17864.640625,17864.640625,17772.329455058472,17825.77276397199,2127629,17139.75478515625,16673.43763671875,15739.248447265625,0.08434098874035634,72.06232463954487,314.71614688450427,234.63056008628135,80.08558679822292,17935.00810649001,17139.75478515625,16344.501463822487,0.9557578198026294,34949562,bull,hold
2024-10-22,17864.640625,17932.65938179902,17854.923659743,17879.216072885505,3515335,17197.08486328125,16695.68947265625,15760.577197265626,0.06858469215279706,72.06232463954487,326.18571509061803,252.9415910871487,73.24412400346932,18027.027005647335,17197.08486328125,16367.14272091516,0.9021700595993437,38464897,bull,hold
2024-10-23,17908.3671875,17947.235049002986,17869.499325997014,17869.499325997014,2248585,17252.2287109375,16726.7837890625,15782.075986328126,0.06562599113408218,72.80052298856198,334.9427867325503,269.341830216229,65.60095651632128,18116.610468154435,17252.2287109375,16387.846953720564,0.8795420663868941,40713482,bull,hold
2024-10-24,17791.763671875,17816.056085408418,17748.03732751485,17816.056085408418,2327408,17296.6837890625,16768.0808984375,15803.4047265625,0.05260127409201787,67.66595389437451,328.68502353340955,281.21046887966514,47.474554653744406,18175.905626458625,17296.6837890625,16417.461951666373,0.7815443507856407,38386074,bull,hold
2024-10-25,17898.6484375,17913.223884110343,17762.610935803474,17777.186382413816,2991988,17345.99736328125,16805.97703125,15825.0735546875,0.05831655048303319,69.77063986267825,328.56293938413,290.6809629805581,37.88197640357191,18243.904743643696,17345.99736328125,16448.089982918806,0.8077439200887673,41378062,bull,hold
2024-10-28,17913.22265625,18005.53381178804,17908.364174379578,17956.948993083806,1763429,17398.46884765625,16843.581640625,15846.936708984374,0.062229753973182644,70.05684600769197,325.8855981488341,297.7218900142133,28.163708134620833,18300.172417569855,17398.46884765625,16496.76527774265,0.7854340527026359,43141491,bull,hold
2024-10-29,17903.509765625,17908.368248600746,17791.764657182837,17864.64190181903,1307143,17447.0537109375,16884.684453125,15868.556962890625,0.05738885105330582,69.58401345144753,319.2993526508253,302.0373825415357,17.26197010928962,18347.657402156718,17447.0537109375,16546.450019718282,0.7534167132213059,41834348,bull,hold
2024-10-31,17704.310546875,17762.612337918497,17684.87661652717,17748.036890157622,1844822,17493.6951171875,16917.916484375,15889.278393554687,0.05561989700942083,60.55698428571266,294.6099137689016,300.5518887870089,-5.941975018107314,18344.778090895692,17493.6951171875,16642.61214347931,0.6237337816604662,39989526,bull,hold
2024-11-01,17480.822265625,17509.973164344774,17393.369569465674,17417.661985065486,1588051,17537.907421875,16943.2778125,15908.517993164063,0.0532788259814978,52.35130250407498,254.0808333626228,291.2576777021317,-37.176844339508875,18283.287847058415,17537.907421875,16792.526996691584,0.4617073682636941,38401475,bull,hold
2024-11-04,17451.66796875,17485.677343967498,17378.790736141076,17480.81886179357,3577836,17578.2328125,16967.86171875,15927.781879882812,0.04845299203667741,51.373343249847814,217.1060733692393,276.4273568355532,-59.3212834663139,18203.672931399688,17578.2328125,16952.79269360031,0.3988193754082654,34823639,bull,hold
2024-11-06,18146.431640625,18195.01646429468,17626.57402735944,17650.866439194277,3233176,17643.3365234375,17003.4258203125,15950.713916015626,0.07730031999077958,67.13117996855658,241.08584408388924,269.35905428522045,-28.27321020133121,18218.72920107727,17643.3365234375,17067.943845797734,0.9371754601146212,38056815,bull,hold
2024-11-07,18384.498046875,18641.997623112944,18267.894465182348,18641.997623112944,9113240,17706.01103515625,17037.4351953125,15974.88486328125,0.07317084015689757,70.64189733234022,276.1170490559489,270.71065323936614,5.406395816582744,18316.529089729083,17706.01103515625,17095.492980583418,1.055664985365153,47170055,bull,hold
2024-11-08,18365.0625,18394.213392857142,18321.336160714287,18365.0625,3089039,17772.81513671875,17077.46908203125,15998.837177734375,0.07845930845371818,69.9846964023933,298.86610278413355,276.34174314831967,22.52435963581388,18364.488046450115,17772.81513671875,17181.142226987384,1.0004854485818406,44081016,bull,hold
2024-11-11,18573.978515625,18617.70485793225,18544.8276207535,18564.26155066783,3903026,17836.21826171875,17118.08599609375,16022.886665039063,0.07327335339285734,72.90291633167158,329.9492190280471,287.06323832426517,42.88598070378191,18483.343134641593,17836.21826171875,17189.093388795907,1.0700292824273916,47984042,bull,hold
2024-11-12,18671.1484375,18685.723885148323,18603.129681807834,18603.129681807834,1976787,17905.69453125,17160.35478515625,16047.300546875,0.08040479686751789,74.1612382967171,358.29342957922927,301.309276575258,56.984153003971244,18596.61370326942,17905.69453125,17214.775359230578,1.0539388232727203,49960829,bull,hold
2024-11-13,18617.703125,18705.155801474426,18607.986160947286,18671.14642728993,3411976,17963.26748046875,17200.87447265625,16071.204267578125,0.06592481904548686,72.17594732004113,372.1538724090242,315.4781957420113,56.67567666701291,18689.131546728895,17963.26748046875,17237.403414208602,0.9507976596107628,46548853,bull,hold
2024-11-14,18646.85546875,18700.2987752003,18603.129127108845,18651.713951154572,1845789,18010.63759765625,17242.65740234375,16095.545263671875,0.053527209968528444,72.60671181610842,381.0976670345408,328.6020900005172,52.4955770340236,18783.581214870657,18010.63759765625,17237.69398044184,0.9115551619318628,48394642,bull,hold
2024-11-15,18350.490234375,18573.980451685366,18350.490234375,18549.688036760326,3403466,18049.74833984375,17278.90169921875,16117.845712890625,0.0445242817725533,62.083792992052906,360.12024906126317,334.9057218126664,25.214527248596767,18808.224663317134,18049.74833984375,17291.272016370367,0.6982539765737347,44991176,bull,hold
2024-11-18,18195.015625,18209.59107142857,18112.42142857143,18156.147767857143,2988195,18073.5548828125,17309.51013671875,16139.052983398438,0.026871378513545263,57.385115746519844,327.17848267551744,333.36027398523663,-6.181791309719188,18818.77008877356,18073.5548828125,17328.33967685144,0.5814937357798946,42002981,bull,hold
2024-11-19,18195.015625,18233.883482142857,18175.581696428573,18204.732589285715,2019847,18096.3896484375,17344.29681640625,16159.895864257813,0.02574625468783376,57.385115746519844,297.640876730271,326.2163945342435,-28.575517803972502,18826.960723736145,18096.3896484375,17365.818573138855,0.5674992344325864,44022828,bull,hold
2024-11-20,18277.609375,18331.05267726608,18248.458482854865,18287.32633904838,1833240,18117.0380859375,17378.40330078125,16180.884506835937,0.023116543941112733,59.283670261723834,277.6956341608602,316.51224245956683,-38.816608298706626,18843.574568204214,18117.0380859375,17390.501603670786,0.6105046291423214,45856068,bull,hold
2024-11-21,18301.90234375,18384.49654068224,18263.03448637012,18369.921094164787,1861467,18138.901171875,17410.37212890625,16201.02291015625,0.024476379230270684,59.85025212885743,260.84229764167685,305.3782534959888,-44.535955854311965,18860.037320645413,18138.901171875,17417.76502310459,0.6130169193105405,47717535,bull,hold
2024-11-22,18491.3828125,18501.09977666842,18433.08102748949,18452.51495582633,2158853,18168.051953125,17445.35314453125,16222.32734375,0.032555487549247086,64.05206353973904,259.7808058800183,296.2587639727947,-36.47795809277642,18896.65180947872,18168.051953125,17439.452096771278,0.7218850693939951,49876388,bull,hold
2024-11-25,18627.421875,18637.138839984353,18559.403120109546,18617.70491001565,3009579,18209.83486328125,17490.92568359375,16243.753251953125,0.04696882324521878,66.74309873691902,266.84080671199627,290.37517252063503,-23.534365808638768,18943.15612661516,18209.83486328125,17476.51359994734,0.7847231033641853,52885967,bull,hold
2024-11-26,18573.978515625,18641.99727032517,18520.53520836058,18617.70485793225,3169776,18243.6013671875,17536.49822265625,16265.057700195313,0.037730786236914726,64.69417682745723,265.06793759360517,285.3137255352291,-20.245787941623917,18978.68781768417,18243.6013671875,17508.51491669083,0.7247199279855286,49716191,bull,hold
2024-11-27,18661.4296875,18690.58058000846,18622.56183082205,18656.571205415257,2203755,18281.01171875,17587.2207421875,16286.7508203125,0.04176842132808223,66.50610612669857,267.6343821935152,281.77785686688634,-14.143474673371145,19021.1738865285,18281.01171875,17540.8495509715,0.7569828514011832,51919946,bull,hold
2024-11-28,18598.26953125,18612.844977591107,18535.10926377188,18564.26015645409,1381425,18315.74970703125,17637.1658984375,16307.836625976563,0.03880578583306327,63.95328712908022,261.55674789494515,277.73363507249815,-16.176887177553,19046.94194050141,18315.74970703125,17584.55747356109,0.6931912097027769,50538521,bull,hold
2024-11-29,18603.12890625,18651.713729718922,18569.119529821754,18603.12890625,2922848,18360.690625,17684.09880859375,16328.873852539062,0.05076833446833384,64.06756628865585,254.20200737162668,273.02730953232384,-18.825302160697163,19045.021779756087,18360.690625,17676.35947024391,0.6771352068111027,53461369,bull,hold
2024-12-02,18724.591796875,18768.318139939835,18661.431523559128,18661.431523559128,4342143,18422.8791015625,17733.6553125,16350.4941015625,0.0711505163973778,66.8929038398642,255.23220470524393,269.46828856690786,-14.236083861663928,18992.51990901374,18422.8791015625,17853.23829411126,0.7648271431452237,57803512,bull,hold
2024-12-03,18821.759765625,18855.769140524168,18792.608872854285,18841.19369413881,2657254,18491.38369140625,17780.29671875,16373.499013671875,0.0785077850053284,68.99331012500743,260.8820012092983,267.75103109538594,-6.869029886087617,18877.24646251519,18491.38369140625,18105.520920297306,0.9281004789206191,60460766,bull,hold
2024-12-04,18952.94140625,19030.677131064152,18889.781129838502,18996.66775145796,3011426,18531.7091796875,17829.85328125,16396.236723632814,0.04444453772495094,71.61182094137267,272.8000979935641,268.7608444750216,4.039253518542523,18933.19917889808,18531.7091796875,18130.219180476917,1.0245862006410325,63472192,bull,hold
2024-12-05,19103.55078125,19118.126226912194,19054.965962376016,19054.965962376016,2076656,18567.66181640625,17877.563515625,16419.314506835937,0.03911190463517844,74.295730428139,291.0432282605143,273.2173212321202,17.825907028394113,19033.591200593084,18567.66181640625,18101.732432219414,1.0750753043607812,65548848,bull,hold
2024-12-06,19122.986328125,19249.30686789412,19050.109093642815,19084.1184697345,2787330,18605.5580078125,17923.9134375,16442.708100585936,0.04126987469413734,74.62907703480127,303.5699610892043,279.287849203537,24.28211188566729,19120.158310783467,18605.5580078125,18090.95770484153,1.0027477804863367,68336178,bull,hold
2024-12-09,19419.35546875,19433.9309169377,19288.17643506067,19297.89340051914,2624255,18647.82685546875,17974.2473046875,16467.4620703125,0.04551404818379878,79.08357806998643,333.566848898412,290.143649142512,43.42319975589999,19272.26312804536,18647.82685546875,18023.390582892138,1.1177801059647705,70960433,bull,hold
2024-12-10,19166.7109375,19244.44664725919,19147.277010060203,19244.44664725919,2804597,18672.60498046875,18019.333984375,16490.321225585936,0.026541618565073977,68.10592943448661,333.11337276433187,298.737593866876,34.37577889745586,19336.837014832276,18672.60498046875,18008.372946105224,0.8719377653207495,68155836,bull,hold
2024-12-11,19186.146484375,19229.87282480533,19152.13710848474,19205.580413455147,1854542,18701.0271484375,18065.7810546875,16512.96175292969,0.0305324107683127,68.46853850480167,330.51233539843815,305.09254217318846,25.41979322524969,19401.109321790467,18701.0271484375,18000.944975084534,0.846473138727468,70010378,bull,hold
2024-12-12,19312.46875,19341.619646226416,19249.30847484277,19278.459371069184,2326266,18734.3078125,18113.3941796875,16536.719736328127,0.03569573874616516,70.7928073069361,334.78495312004816,311.0310243625604,23.753928757487756,19482.552352268307,18734.3078125,17986.06327273169,0.8863449091650084,72336644,bull,hold
2024-12-13,19259.029296875,19288.180198938888,19239.595362165743,19259.029296875,2163586,18779.734765625,18163.1451171875,16559.603212890626,0.04951034282441569,68.49267323621113,330.0542561783477,314.8356707257179,15.218585452629839,19539.48393448904,18779.734765625,18019.98559676096,0.8154294541490791,70173058,bull,hold
2024-12-16,19273.599609375,19336.75988034094,19186.146926499085,19234.73175031904,2850456,18833.66396484375,18216.6855859375,16582.12227050781,0.059279090856785066,68.79041757927668,323.7488717519045,316.6183109309552,7.130560820949313,19572.57300361097,18833.66396484375,18094.754926076526,0.7976926938566277,73023514,bull,hold
2024-12-17,19361.05078125,19370.76774525565,19322.182925227415,19346.475335241532,1395590,18891.96572265625,18271.0033984375,16605.297216796876,0.0640854165933149,70.58702179115642,322.09547177532295,317.7137430998288,4.381728675494173,19603.613963111173,18891.96572265625,18180.317482201324,0.829576490130775,74419104,bull,hold
2024-12-18,19302.75,19317.32544676567,19283.31607097911,19307.608482255222,2016953,18943.22275390625,18320.17125,16628.27783203125,0.05608723788583547,67.78549579481268,312.47869469366924,316.6667334185969,-4.188038724927651,19617.163467362418,18943.22275390625,18269.282040450085,0.7667350695063273,72402151,bull,hold
2024-12-19,18928.646484375,18933.504966532182,18880.061662803197,18923.78800221782,2896859,18974.5599609375,18356.1240234375,16649.873779296875,0.03424475384325443,53.19572079018234,271.54015647791675,307.6414180304609,-36.101261552544145,19581.232955973395,18974.5599609375,18367.8869659016,0.46215961734065497,69505292,bull,hold
2024-12-20,18855.771484375,18899.49782896644,18778.035760656887,18884.92238076929,2588236,18992.77939453125,18392.65984375,16670.740966796875,0.019705863837758963,50.89756085289942,230.55793814388744,292.2247220531462,-61.666783909258754,19560.98221126335,18992.77939453125,18424.576577799155,0.37943749474507654,66917056,bull,hold
2024-12-23,19205.58203125,19215.298996608588,19088.97844694694,19093.836929626235,2843062,19021.68740234375,18430.6531640625,16692.239760742188,0.031038120043115125,59.861581083254244,223.72703648596143,278.5251849397092,-54.798148453747785,19571.115758276377,19021.68740234375,18472.25904641112,0.6673508719750176,69760118,bull,hold
2024-12-24,19302.75,19307.608482255222,19229.87276617166,19263.882141958216,1404657,19058.1259765625,18471.075703125,16714.3215625,0.03923615415846071,61.9400470471054,223.57688555469576,267.53552506270654,-43.958639508010776,19579.921939415148,19058.1259765625,18536.330013709852,0.7344058222491273,71164775,bull,hold
2024-12-26,19642.84375,19652.560714506555,19526.240175921346,19531.098658174622,2344217,19107.1966796875,18514.6076953125,16738.346752929687,0.05259050774429053,68.15555408519987,248.04134695550238,263.63668944126573,-15.595342485763354,19654.50342822268,19107.1966796875,18559.889931152316,0.9893481322367331,73508992,bull,hold
2024-12-27,19618.552734375,19905.203207710343,19618.552734375,19647.703629968422,2775578,19158.21083984375,18552.9896875,16761.910400390625,0.05485903951497506,67.310041878152,262.444233166043,263.3981981862212,-0.9539650201782024,19696.38417000434,19158.21083984375,18620.037509683156,0.9276892487350533,70733414,bull,hold
2024-12-30,19531.099609375,19531.099609375,19399.920582147854,19531.099609375,1962792,19204.609375,18592.246171875,16785.23111328125,0.04988250674397232,64.22109337959586,263.7614105883622,263.4708406666494,0.2905699217128017,19701.806773751887,19204.609375,18707.411976248113,0.8283305938391748,68770622,bull,hold
2025-01-02,19268.7421875,19278.45915279879,19210.44039570726,19278.45915279879,7033491,19231.81689453125,18623.2433203125,16806.341225585937,0.029060734489059215,55.92889388280738,240.85876197379184,258.9484249280779,-18.08966295428604,19677.892544298764,19231.81689453125,18785.741244763736,0.5413890480101242,61737131,bull,hold
2025-01-03,19152.140625,19171.5745576484,19113.272759703195,19161.857591324202,3471272,19248.3359375,18651.5197265625,16826.868330078127,0.017553133367390394,52.67366674515027,210.86871306523608,249.33248255550953,-38.46376949027345,19655.192499429402,19248.3359375,18841.479375570598,0.3817822772185105,58265859,bull,hold
2025-01-06,19390.205078125,19453.36535525244,19346.478732421387,19390.205078125,2372875,19270.19912109375,18682.031015625,16849.120190429687,0.02307101903089337,58.0430438576017,203.9600702885582,240.25800010211927,-36.29792981356107,19657.747894271342,19270.19912109375,18882.650347916155,0.6548269086846765,60638734,bull,hold
2025-01-07,19263.884765625,19448.507116468318,19220.158419372634,19433.931667717527,5246831,19278.2158203125,18710.0158984375,16870.691860351562,0.008392889165524497,54.50914785937863,186.14615064542522,229.43563021078046,-43.289479565355236,19658.203480781187,19278.2158203125,18898.228159843813,0.4811427367538413,55391903,bull,hold
2025-01-08,19147.279296875,19156.996261755423,19054.968130510973,19118.12840223373,3159288,19279.43046875,18734.794140625,16891.437583007813,0.0012703543438856713,51.398273124657194,160.7661915871795,215.70174248606028,-54.93555089888079,19657.576414398212,19279.43046875,18901.28452310179,0.32526432797200916,52232615,bull,hold
2025-01-09,19161.853515625,19176.428962011123,19074.400837308254,19137.561104981458,2813566,19266.55537109375,18762.1959375,16913.39791015625,-0.013260066923404201,51.7687767447743,140.21213066875498,200.60382012259925,-60.391689453844265,19642.295108821578,19266.55537109375,18890.81563336592,0.3606723684565521,55046181,bull,hold
2025-01-10,19200.72265625,19200.72265625,19035.534252830843,19108.411489633414,2268245,19268.25595703125,18788.237421875,16935.236787109374,0.0017745203577654856,52.802173498816735,125.61133483473532,185.60532306502648,-59.993988230291166,19642.47753527396,19268.25595703125,18894.034378788543,0.4097682967690181,57314426,bull,hold
2025-01-13,18962.658203125,19074.40330655105,18923.790341063763,19030.67696173216,4823454,19257.08154296875,18809.2261328125,16955.15656738281,-0.011648419417208511,46.264001947881475,93.7496001304753,167.23417847811623,-73.48457834764093,19653.1521475867,19257.08154296875,18861.0109383508,0.128319627345546,52490972,bull,hold
2025-01-14,19040.392578125,19054.968025365208,18962.656859510556,19025.817130884792,4040337,19243.477734375,18831.9637890625,16975.24638671875,-0.014088109365872792,48.50614421423738,73.91936382223503,148.57121554694,-74.65185172470498,19649.567554939207,19243.477734375,18837.38791381079,0.24995044696289184,56531309,bull,hold
2025-01-15,18957.796875,18977.230803113787,18928.64598282932,18962.65535702845,2677996,19228.41611328125,18857.033515625,16994.656010742186,-0.01564110097303184,46.29575844295131,50.95163696310556,129.04729983017313,-78.09566286706757,19653.005177094004,19228.41611328125,18803.8270494685,0.18131628750499731,53853313,bull,hold
2025-01-16,19259.029296875,19278.463231584257,19166.71810700602,19239.595362165743,3454235,19227.68759765625,18892.59765625,17015.523212890625,-0.0007559725632627634,54.44848841296121,56.406270519761165,114.51909396809074,-58.11282344832958,19652.013974290352,19227.68759765625,18803.36122102215,0.5369311230041383,57307548,bull,hold
2025-01-17,19239.58984375,19254.165290601326,19156.99564492582,19205.58046776357,2662456,19221.61455078125,18928.35609375,17035.783081054688,-0.006273468257085857,53.880042157042986,58.48631171206944,103.3125375168865,-44.82622580481706,19641.586610874303,19221.61455078125,18801.6424906882,0.5214005819396254,54645092,bull,hold
2025-01-20,19327.04296875,19429.071099052602,19278.45814479638,19419.354134261877,2191612,19222.82919921875,18951.9683203125,17056.091538085937,0.0012585237207134448,56.10048344227084,66.42578060391315,95.93518613429183,-29.50940553037867,19643.872032924053,19222.82919921875,18801.78636551345,0.6237567311312919,56836704,bull,hold
2025-01-21,19191.0078125,19263.885057357595,19088.97966969937,19263.885057357595,4170976,19235.947265625,18968.098515625,17075.622646484375,0.013860543506984069,51.91358949137843,61.03736592540008,88.95562209251348,-27.918256167113398,19635.29994101057,19235.947265625,18836.59459023943,0.4437346286942843,52665728,bull,hold
2025-01-22,19327.04296875,19375.62779270362,19249.307250424208,19293.033591982465,2268613,19259.51083984375,18987.338125,17094.935112304687,0.024993487260148717,55.490916886498404,66.97189833197262,84.55887734040532,-17.586979008432692,19620.086146421345,19259.51083984375,18898.935533266158,0.5936449719023065,54934341,bull,hold
2025-01-23,19409.638671875,19433.931085732165,19385.346258017835,19409.638671875,2093437,19269.713671875,19004.051328125,17114.709140625,0.010624861058257551,57.55557415801038,77.44707926069168,83.13651772446259,-5.689438463770912,19635.12326465892,19269.713671875,18904.30407909108,0.6914632275167751,57027778,bull,hold
2025-01-24,19433.93359375,19531.10326171875,19409.64117675781,19482.518427734372,3058838,19276.2728515625,19019.30703125,17134.774697265624,0.006796109038867515,58.1702237522338,86.70959849389692,83.85113387834946,2.8584646155474616,19648.465591817796,19276.2728515625,18904.0801113072,0.7117998621888185,60086616,bull,hold
2025-01-31,19652.564453125,19686.573835367737,19472.80057555624,19477.659058733778,2939930,19276.75888671875,19040.0042578125,17155.496137695314,0.0004948724965039286,63.31821744985643,110.41905278921331,89.16471766052224,21.254335128691068,19650.885496495568,19276.75888671875,18902.632276941935,1.002243834821631,63026546,bull,hold
2025-02-03,19297.890625,19433.92812185297,19263.881250786755,19390.201783578803,3050671,19260.72578125,19053.0249609375,17174.201284179686,-0.01634484019879545,52.11341163346789,99.44343037483486,91.22046020338476,8.2229701714501,19600.824563183465,19260.72578125,18920.626999316533,0.5546383076392072,59975875,bull,hold
2025-02-04,19477.65625,19526.24107476927,19390.203565415315,19487.373214953855,3355858,19258.05361328125,19075.56828125,17193.149365234374,-0.002736321069672254,56.331415371886344,104.05131531657025,93.78663122602187,10.264684090548386,19590.363685071796,19258.05361328125,18925.7435414907,0.8304182679981567,63331733,bull,hold
2025-02-05,19288.173828125,19467.937664810295,19283.315346052423,19448.503736519993,3916828,19259.0251953125,19097.4314453125,17211.22291015625,0.0010084540254842178,51.211020491923676,91.36030473311985,93.30136592744147,-1.9410611943216196,19591.568131294527,19259.0251953125,18926.482259330474,0.5438268711473617,59414905,bull,hold
2025-02-06,19516.52734375,19550.536726723923,19443.650094520166,19443.650094520166,2931099,19277.24453125,19123.8616796875,17230.802607421876,0.019025900335879475,56.359361929778736,98.59229706394763,94.3595521547427,4.232744909204925,19623.99175399208,19277.24453125,18930.49730850792,0.8450392631954636,62346004,bull,hold
2025-02-07,19535.95703125,19574.824889059004,19511.664620119373,19540.815513476125,3389105,19284.53212890625,19149.0286328125,17251.25681152344,0.007516782444422443,56.77728890917995,104.68477556172729,96.42459683613963,8.260178725587664,19646.271834581672,19284.53212890625,18922.792423230825,0.8475218484439007,65735109,bull,hold
2025-02-10,19472.80078125,19560.253479369385,19467.942298021146,19545.678029682822,4778442,19294.9779296875,19172.4466015625,17271.103725585937,0.010844957710596015,54.93567336735883,103.22699061768799,97.78507559244932,5.441915025238671,19665.68389135425,19294.9779296875,18924.27196802075,0.7398435282278479,60956667,bull,hold
2025-02-11,19526.240234375,19560.24961024975,19521.381752107176,19531.09871664282,3492448,19313.9259765625,19193.14375,17291.87373535156,0.019791894797390297,56.229384533913745,105.17145177272687,99.26235082850484,5.909100944222033,19691.1795644589,19313.9259765625,18936.6723886661,0.7813946170749279,64449115,bull,hold
2025-02-12,19579.68359375,19618.55145200062,19550.532700062035,19574.825111468672,3680534,19334.81748046875,19212.188984375,17312.279350585937,0.021805305931615226,57.54212573195562,109.7596428640245,101.36180923560877,8.397833628415725,19722.212195691314,19334.81748046875,18947.42276524619,0.8160421446902936,68129649,bull,hold
2025-02-13,19492.228515625,19589.39814930209,19492.228515625,19574.822704250528,4571434,19349.3927734375,19230.553984375,17332.029067382813,0.015182025416117018,54.65350548771887,105.12708386445229,102.11486416137748,3.0122197030748055,19737.444665770494,19349.3927734375,18961.340881104505,0.6840420637157087,63558215,bull,hold
2025-02-14,19613.693359375,19652.56121839779,19569.967017974363,19584.54246510791,2949287,19381.94453125,19249.5992578125,17352.48328125,0.0343324838361907,57.82056045381949,109.98905983214354,103.6897032955307,6.299356536612834,19743.059523692733,19381.94453125,19020.829538807266,0.820879543877913,66507502,bull,hold
2025-02-17,19594.259765625,19623.41066039161,19565.10887085839,19603.976730547205,3234159,19409.637890625,19269.5190625,17371.625698242187,0.029089063433299422,57.13303875094522,110.99460549250944,105.15068373492646,5.843921757582976,19745.822889644696,19409.637890625,19073.452891605302,0.7745837493319917,63273343,bull,hold
2025-02-18,19647.705078125,19671.99749291002,19599.12024855496,19599.12024855496,3055372,19444.13330078125,19290.4105859375,17391.326850585938,0.036391792130381795,58.591305061470976,114.78097410968985,107.07674180987914,7.7042322998107124,19724.782114694863,19444.13330078125,19163.484486867637,0.8626806301173466,66328715,bull,hold
2025-02-19,19603.978515625,19667.13879337051,19603.978515625,19637.987895949504,4932737,19461.38076171875,19307.9983203125,17411.68390136719,0.017911038683864122,56.88623688181516,112.95129810765138,108.2516530694336,4.699645038217781,19736.755519467573,19461.38076171875,19186.006003969924,0.7589158045421104,61395978,bull,hold
2025-02-20,19574.826171875,19662.278857676378,19550.533759152393,19657.420375131856,8747643,19478.142578125,19323.0596484375,17432.47820800781,0.017424297027511804,55.72198229300545,107.90505389685131,108.18233323491715,-0.2772793380658385,19737.84077451208,19478.142578125,19218.44438173792,0.6861460631900071,52648335,bull,hold
2025-02-21,19487.373046875,19521.382423920157,19448.50518739482,19501.948494180066,5606004,19486.15908203125,19333.74828125,17453.612602539062,0.008295634173538069,52.266186237923975,95.7454388724691,105.69495436242755,-9.949515489958458,19736.432767797854,19486.15908203125,19235.885396264643,0.5024252746349122,47042331,bull,hold
2025-02-24,19181.287109375,19283.31523229721,19113.268360760194,19283.31523229721,5043220,19485.673046875,19335.3030078125,17473.75100097656,-0.000506523848042395,42.36325809066532,60.71044702861036,96.69805289566412,-35.98760586705376,19738.26461923558,19485.673046875,19233.08147451442,-0.10252591694841336,41999111,bull,hold
2025-02-25,19050.111328125,19079.262225337126,19011.243465175496,19035.535879518935,5108708,19471.82646484375,19333.8455078125,17493.112060546875,-0.014328712419834355,38.956670111652606,22.105357512438786,81.77951381901906,-59.67415630658027,19781.57748247355,19471.82646484375,19162.075447213952,-0.1807324475407654,36890403,bull,hold
2025-02-26,19035.53515625,19045.25212161817,18962.657915988704,18996.667294777308,6412246,19453.1212890625,19326.1691015625,17512.230200195314,-0.019274110247455734,38.58536801015399,-9.55547969410327,63.512515116394596,-73.06799481049786,19816.22281121668,19453.1212890625,19090.019766908317,-0.07502668996686514,30478157,bull,hold
2025-02-27,19186.146484375,19186.146484375,18977.23174676342,19020.95808719375,8981308,19440.73193359375,19326.5578125,17531.372612304687,-0.012750229292472715,44.474323587999066,-22.23750569274489,46.3625109545667,-68.60001664731159,19822.058836148844,19440.73193359375,19059.405031038656,0.16618477805671306,39459465,bull,hold
2025-02-28,19084.119140625,19084.119140625,18923.789219127895,18967.51556135438,6884248,19412.30966796875,19324.517265625,17550.539331054686,-0.028924739763904417,41.566591036766816,-40.05908048435231,29.078192666782904,-69.13727315113522,19810.604583119355,19412.30966796875,19014.014752818148,0.08800562741347606,32575217,bull,hold
2025-03-04,19054.970703125,19059.829186221155,18943.225591913408,19040.39525383653,16618820,19400.163671875,19319.3673046875,17568.612905273436,-0.01258790023197165,40.746950181744836,-55.89057050074916,12.08444003327649,-67.97501053402566,19825.567741238152,19400.163671875,18974.75960251185,0.09427636732910048,15956397,bull,hold
2025-03-05,18782.89453125,18880.064187386834,18773.177565636317,18831.47935931842,15370160,19365.4255859375,19309.844609375,17584.864536132813,-0.03566967759532158,34.006342822323504,-89.36131205347192,-8.204710384073193,-81.15660166939873,19866.5691803623,19365.4255859375,18864.2819915127,-0.08120173655628042,586237,bull,hold
2025-03-06,18724.591796875,18753.74269225156,18646.856075870848,18744.025727126038,6471047,19337.246484375,19298.864453125,17600.606020507814,-0.029219045632418283,32.75586472517509,-119.21739536197856,-30.40724737965427,-88.8101479823243,19910.75208800703,19337.246484375,18763.740880742967,-0.03413138740060681,-5884810,bull,hold
2025-03-07,18471.951171875,18549.68689484975,18467.092689189078,18549.68689484975,11507760,19285.01767578125,19281.0824609375,17616.444677734376,-0.05352264537008,27.958252614960145,-161.40397891864995,-56.60659368745341,-104.79738523119654,19964.220262546118,19285.01767578125,18605.815089016385,-0.09854491115750685,-17392570,bull,hold
2025-03-10,18539.96875,18603.129020898847,18403.93124344864,18428.223655332808,18852520,19235.21826171875,19265.8268359375,17632.86634765625,-0.05098231326250369,30.892935434761625,-187.190880271668,-82.72345100429634,-104.46742926737166,19976.71788790958,19235.21826171875,18493.71863552792,0.031186876458504147,1459950,bull,hold
2025-03-11,18238.744140625,18253.319588792787,17990.96152177261,18214.45172701202,9125336,19173.5154296875,19252.0287890625,17646.42151855469,-0.06337335109047337,25.86738701743799,-229.29037717620668,-112.0368362386784,-117.25354093752827,20023.15993287867,19173.5154296875,18323.870926496333,-0.050095531455571225,-7665386,bull,hold
2025-03-12,18010.396484375,18083.273729388657,17995.821035372268,18058.981314384106,7794749,19097.7232421875,19235.1212890625,17658.44626953125,-0.0776311123803256,22.83480605735157,-277.8770851962727,-145.20488603019726,-132.67219916607542,20069.630716013795,19097.7232421875,18125.815768361208,-0.05937771191933268,-15460135,bull,hold
2025-03-13,18000.6796875,18131.858729757085,17976.387272267206,18092.990865384614,17689900,19018.773046875,19211.0232421875,17670.252387695313,-0.08064501648811273,22.712783128125253,-313.5520329946594,-178.87431542308968,-134.6777175715697,20074.194934273823,19018.773046875,17963.35115947618,0.017684173726877632,-33150035,bull,hold
2025-03-14,17932.658203125,18020.110884689955,17913.224273888343,17952.092132361657,6012149,18940.79453125,19183.62140625,17681.135380859374,-0.08000985168267682,21.83321501831918,-343.35546340798464,-211.7705450200687,-131.58491838791593,20072.470208902003,18940.79453125,17809.118853598,0.05458248859042337,-39162184,bull,hold
2025-03-17,18029.830078125,18107.565804681184,18020.113112305477,18088.131873042137,10531710,18861.6013671875,19151.3611328125,17692.3827734375,-0.0807529337911741,26.22830760960406,-355.04124406334813,-240.4246848287246,-114.61655923462354,20015.298160476465,18861.6013671875,17707.904573898537,0.13951911199679964,-28630474,bull,hold
2025-03-18,18287.328125,18287.328125,18180.441510029224,18199.87544002391,15947910,18796.25478515625,19124.736640625,17704.966235351563,-0.0666997200332009,36.42886258473126,-339.6095614179685,-260.2616601465734,-79.34790127139513,19924.322102868653,18796.25478515625,17668.187467443844,0.2744254034465357,-12682564,bull,hold
2025-03-19,18165.865234375,18190.157645760897,18117.280411603202,18146.43130526628,13839540,18722.16279296875,19097.431953125,17716.9423828125,-0.07542050523752131,34.03801116772394,-333.33836473520205,-274.8770010642991,-58.46136367090293,19810.768349142847,18722.16279296875,17633.55723679465,0.2444907591006351,-26522104,bull,hold
2025-03-20,18501.103515625,18539.971380153624,18428.22626963383,18428.22626963383,13261710,18667.01904296875,19082.0791796875,17730.254638671875,-0.05625771315353023,44.80514785076158,-297.8836512830603,-279.47833110805135,-18.405320175008967,19680.504302532026,18667.01904296875,17653.533783405474,0.41814605798250826,-13260394,bull,hold
2025-03-21,18408.791015625,18530.253083556017,18399.07405019052,18457.375842797406,12262510,18608.71728515625,19067.2121875,17742.838115234375,-0.05956809761740578,42.73645247330706,-274.0750165124882,-278.3976681889387,4.322651676450505,19537.194305689598,18608.71728515625,17680.240264622902,0.39233644715493027,-25522904,bull,hold
2025-03-24,18637.140625,18646.857590915017,18535.11248289234,18535.11248289234,25353980,18566.2056640625,19052.1508984375,17756.15037109375,-0.04362991460315602,49.008262349834716,-234.08224246559985,-269.53458304427096,35.45234057867111,19403.22120374839,18566.2056640625,17729.19012437661,0.5423737419284465,-168924,bull,hold
2025-03-25,18816.900390625,18855.76824580832,18812.041908727086,18826.61735442083,12512210,18547.986328125,19043.2112109375,17770.2156640625,-0.01899698996590815,53.34067659983129,-185.7414582198544,-252.77595807938766,67.03449985953327,19345.59009515431,18547.986328125,17750.38256109569,0.6685762239448635,12343286,bull,hold
2025-03-26,18816.900390625,18884.91913719581,18807.18342682917,18846.05128201249,7900410,18536.32578125,19036.6036328125,17784.08662109375,-0.012241972421215941,53.34067659983129,-145.75091263449576,-231.3709489904093,85.62003635591353,19310.70614466497,18536.32578125,17761.94541783503,0.6811607206422964,20243696,bull,hold
2025-03-27,18651.71484375,18671.14877429832,18603.1300173792,18637.13939583876,11491330,18517.134765625,19026.400859375,17797.71466796875,-0.020163358127285425,48.91180796092053,-125.93550416153448,-210.28386002463435,84.34835586309987,19259.437058529424,18517.134765625,17774.832472720576,0.590650452929645,8752366,bull,hold
2025-03-28,18598.26953125,18603.1280133637,18539.96774588558,18559.401674340388,6793348,18487.74091796875,19014.351796875,17810.88114746094,-0.030640699715482778,47.536549909635575,-113.23889277489434,-190.87486657468634,77.635973799792,19165.5004144014,18487.74091796875,17809.9814215361,0.5815397009285832,1959018,bull,hold
2025-03-31,18151.2890625,18161.00602666622,18102.704241668896,18156.14754458311,4780327,18441.0994140625,18998.1244140625,17822.007065429687,-0.04887991273012193,37.93089148552574,-137.65749511840477,-180.23139228343004,42.57389716502527,19075.262475724106,18441.0994140625,17806.936352400895,0.2715017090374575,-2821309,bull,hold
2025-04-01,18331.056640625,18360.207539072853,18258.17939450537,18331.056640625,4952821,18404.9037109375,18983.9376953125,17834.056108398436,-0.03799082526961217,42.926003897321856,-140.87969875513954,-172.36105357777194,31.481354822632397,18974.093102587824,18404.9037109375,17835.714319287174,0.4351296146802876,2131512,bull,hold
2025-04-02,18365.0625,18471.949107142857,18331.053125,18467.090625,6366792,18384.012109375,18972.0830078125,17846.129428710938,-0.022245348317046276,43.84660782937407,-139.08603249468433,-165.70604936115444,26.62001686647011,18926.20467652579,18384.012109375,17841.819542224206,0.4825250192246472,8498304,bull,hold
2025-04-03,17976.3828125,18039.54307643581,17903.505584881757,17932.656475929052,8307500,18346.60166015625,18946.430078125,17856.065009765625,-0.039958627268973146,36.58321982198378,-167.10149944168006,-165.98513937725957,-1.1163600644204905,18892.869027895897,18346.60166015625,17800.334292416606,0.16113768685456206,190804,bull,hold
2025-04-04,17184.455078125,17471.105586920414,17087.285414126556,17456.530137320646,8929371,18282.22685546875,18905.3273828125,17861.62798828125,-0.06970005939114399,26.83075274278623,-250.32037116577703,-182.8521857349631,-67.46818543081395,19023.041279431138,18282.22685546875,17541.412431506364,-0.24092224843038912,-8738567,bull,hold
2025-04-07,15887.2373046875,16227.331069619648,15790.067657564028,16076.718116578268,10384280,18149.590283203124,18836.53126953125,17860.89921386719,-0.14308176465035838,18.24889703678734,-416.1494477917404,-229.51163814631855,-186.63780964542184,19419.37175352475,18149.590283203124,16879.8088128815,-0.39084343699809626,-19122847,bull,hold
2025-04-08,16800.6328125,16854.076121041788,16650.019852064055,16698.604678011132,6962229,18077.684716796874,18788.72376953125,17864.59166503906,-0.07884925173777446,34.20633292550734,-468.46661036217847,-277.30263258949054,-191.16397777268793,19475.54411957879,18077.684716796874,16679.825314014957,0.0432116056323764,-12160618,bull,hold
2025-04-09,16188.462890625,16368.226734248386,16008.699047001614,16256.481642266283,4953954,17986.588037109374,18725.95216796875,17864.76171386719,-0.10116010468346026,29.982257907616372,-552.9512573078246,-332.43235753315736,-220.5188997746672,19609.46904636353,17986.588037109374,16363.707027855216,-0.053991677834333354,-17114572,bull,hold
2025-04-10,17597.423828125,17791.763130478674,17543.98051997774,17723.744374654885,6005803,17966.425244140624,18689.70787109375,17871.636469726564,-0.022402257380038204,46.39097599391293,-500.445749133527,-366.0350358532313,-134.41071328029568,19598.101271636682,17966.425244140624,16334.749216644566,0.38692564890412484,-11108769,bull,hold
2025-04-11,17213.6015625,17247.61093617697,16698.602475391617,16999.828356530485,7495270,17930.472412109375,18645.30123046875,17876.13055175781,-0.0400976047432664,43.40669851094036,-484.224169911402,-389.6728626648655,-94.55130724653651,19594.89930767945,17930.472412109375,16266.0455165393,0.2846493434114321,-18604039,bull,hold
2025-04-14,17184.455078125,17252.47384292391,17116.43631332609,17213.605977324532,5077877,17888.203662109376,18595.93904296875,17880.260263671877,-0.04688757444395808,43.17954239990768,-468.3218069392351,-405.40265151973944,-62.91915541949567,19583.050051949052,17888.203662109376,16193.357272269697,0.2923857323580383,-23681916,bull,hold
2025-04-15,17150.44140625,17169.875334189095,17053.27176655453,17077.5641764784,3972035,17831.359326171874,18552.99005859375,17883.636904296876,-0.062168005680162786,42.89741141872192,-453.23903134777356,-414.9699274853463,-38.269103862427244,19545.003902184784,17831.359326171874,16117.714750158964,0.30132463596793585,-27653951,bull,hold
2025-04-16,16917.236328125,17072.70777054315,16829.783641764792,17028.981427363047,4891057,17768.927880859374,18501.78166015625,17885.458828125,-0.0687348986761851,40.92312263827524,-454.86017885334877,-422.9479777589469,-31.912201094401894,19519.85115788504,17768.927880859374,16018.004603833706,0.2567878718874647,-32545008,bull,hold
2025-04-17,16820.06640625,16839.50033623989,16625.7271063511,16635.444071346043,4188493,17684.876025390626,18452.41951171875,17886.770615234374,-0.09086145093752329,40.09508652112901,-458.69816364286817,-430.09801493573116,-28.60014870713701,19448.48733516668,17684.876025390626,15921.264715614572,0.2548185321939105,-36733501,bull,hold
2025-04-18,16839.5,16839.5,16693.74552798615,16795.773658395847,1625493,17606.411474609376,18398.87896484375,17887.47509765625,-0.08524682660002048,40.35501889315478,-454.9275440917154,-435.06392076692805,-19.86362332478734,19373.844543015817,17606.411474609376,15838.978406202934,0.28304370097000603,-35108008,bull,hold
2025-04-21,16567.423828125,16669.451951406707,16504.26356133156,16645.15954110154,4644787,17502.925634765626,18339.50830078125,17886.57626953125,-0.11105334442230186,37.877048426666434,-468.4930775947505,-441.7497521324925,-26.743325462257985,19259.171894468505,17502.925634765626,15746.679375062748,0.2336643988642873,-39752795,bull,hold
2025-04-22,16407.09375,16484.829462170565,16343.933483861416,16387.659821957357,5729165,17382.435302734375,18278.19416015625,17884.48712890625,-0.12806607839756756,36.456416006375456,-486.57225591513634,-450.7142528890213,-35.85800302611506,19091.5850376596,17382.435302734375,15673.28556780915,0.21467053681606044,-45481960,bull,hold
2025-04-23,17004.689453125,17126.151520647323,16985.25552232143,17121.293037946427,3103943,17291.824755859376,18227.76314453125,17885.507412109375,-0.09630762239687918,44.771156291401006,-447.52041923976867,-450.0754861591708,2.5550669194021225,18874.65516347701,17291.824755859376,15708.99434824174,0.40929688318075985,-42378017,bull,hold
2025-04-24,17150.44140625,17150.44140625,17053.27176655453,17101.856586402268,4294387,17216.761083984376,18179.17830078125,17887.37791015625,-0.08048983431692669,46.60625310413278,-400.1973666751401,-440.0998622623647,39.90249558722462,18671.73583291244,17216.761083984376,15761.786335056315,0.47720933721247133,-38083630,bull,hold
2025-04-25,17621.71875,17660.586616004963,17519.690601736973,17519.690601736973,3957115,17167.933544921874,18141.76810546875,17891.94490234375,-0.052507615270825925,52.1433507225903,-320.9654733789175,-416.2729844856753,95.30751110675777,18494.01801810387,17167.933544921874,15841.849071739878,0.6710996600349481,-34126515,bull,hold
2025-04-28,17665.44140625,17665.44140625,17568.271761551154,17631.432030605403,3230271,17143.641162109376,18102.80306640625,17896.244658203126,-0.026766564874653787,52.634114054654205,-251.7436302878159,-383.3671136461034,131.6234833582875,18413.383163537193,17143.641162109376,15873.89916068156,0.7054749089003366,-30896244,bull,hold
2025-04-29,17690.78515625,17783.381552384642,17681.038167183196,17705.405639850207,4124750,17111.627587890624,18064.73357421875,17900.93833984375,-0.03492823664927425,52.93539609750124,-192.6193956120187,-345.2175700392865,152.5981744272678,18288.92427131159,17111.627587890624,15934.330904469658,0.7459692516403222,-26771494,bull,hold
2025-04-30,17549.453125,17710.278438281035,17515.338664607054,17710.278438281035,3888103,17070.847119140624,18022.76853515625,17905.071123046873,-0.04441092291409299,50.98767313740589,-155.3762467707311,-307.2493053855754,151.8730586148443,18121.320211931776,17070.847119140624,16020.374026349473,0.7278049809860905,-30659597,bull,hold
2025-05-02,17646.923828125,18056.297371776618,17646.923828125,17832.116621681686,3432594,17054.374169921874,17983.62744140625,17909.83701171875,-0.018327323567336795,52.29142704921665,-116.65103136920516,-269.12965058230134,152.47861921309618,18056.762409573374,17054.374169921874,16051.985930270374,0.7955689396401627,-27227003,bull,hold
2025-05-07,17520.212890625,17612.809286987133,17374.008054263733,17398.37552699061,4544323,17071.162060546874,17942.53517578125,17913.604951171874,0.019538461416062303,50.41398717059724,-95.08940142362553,-234.32160075056618,139.23219932694064,18092.764617371475,17071.162060546874,16049.559503722272,0.7197776557421166,-31771326,bull,hold
2025-05-08,17632.302734375,17681.037678361663,17486.097902415007,17529.959352003007,3467587,17158.41533203125,17905.43376953125,17917.155986328125,0.10984071026449782,52.05391793021856,-68.17110664947177,-201.0915019303473,132.92039528087554,18050.52488597023,17158.41533203125,16266.305778092272,0.7655993315234485,-28303739,bear,death_cross
2025-05-09,17676.1640625,17851.609859646403,17622.555624483044,17685.911051230356,4087329,17202.19189453125,17875.33130859375,17921.1206640625,0.0521129923956547,52.71295328321013,-42.805486487104645,-169.4342988416988,126.62881235459415,18105.632534449516,17202.19189453125,16298.751254612986,0.7623150581379811,-24216410,bear,hold
2025-05-12,17949.08203125,17968.576011191624,17754.142231833765,17783.383201746197,2454258,17290.2228515625,17853.31072265625,17926.401357421873,0.10875764749997385,56.70106939294854,-0.6730915708685643,-135.68205738753275,135.0089658166642,18121.63542595983,17290.2228515625,16458.81027716517,0.8962287797758474,-21762152,bear,hold
2025-05-13,18377.947265625,18441.302692422436,18280.477378244334,18402.31473747017,3688304,17329.2490234375,17840.15896484375,17933.34052734375,0.04435441489182823,62.10904309166997,66.55576179308628,-95.23449355140895,161.79025534449522,18279.464310985783,17329.2490234375,16379.033735889216,1.0518213903363522,-18073848,bear,hold
2025-05-14,18621.623046875,18631.37003616936,18460.79772351806,18587.50858434474,2426961,17399.65009765625,17828.86849609375,17941.25515625,0.08179703005572003,64.79924909219173,137.90799399512616,-48.605996042101935,186.5139900372281,18501.67328431469,17399.65009765625,16297.626910997811,1.0544225221449393,-15646887,bear,hold
2025-05-15,18260.982421875,18499.783633156523,18231.741457228283,18490.036644940952,2571124,17453.47646484375,17812.40576171875,17947.245107421873,0.06264541638683485,58.21192694511597,163.47008624464434,-6.190779584752683,169.660865829397,18611.916315667702,17453.47646484375,16295.036614019795,0.8485316723422901,-18218011,bear,hold
2025-05-16,18304.84375,18426.68110190362,18285.34977369542,18387.69314929446,3329869,17511.19658203125,17797.40322265625,17952.91994140625,0.06731035758235993,58.761010901993565,185.1333688974628,32.07405011169041,153.05931878577238,18717.536352479015,17511.19658203125,16304.856811583486,0.828948438661757,-14888142,bear,hold
2025-05-19,18353.580078125,18455.92346146027,18338.959594791388,18402.315022570365,1847827,17583.01376953125,17788.81693359375,17959.49435546875,0.0849041605934222,59.39938424065874,203.88404251978136,66.43604859330861,137.44799392647275,18810.201221527277,17583.01376953125,16355.826317535226,0.8139562368163149,-13040315,bear,hold
2025-05-20,18431.55859375,18543.648981813523,18402.31762295082,18475.42004994877,983414,17663.58837890625,17782.95626953125,17965.657001953125,0.09580771850586767,60.45419367738556,222.4717847236534,97.64319581937758,124.82858890427582,18891.435233993197,17663.58837890625,16435.741523819303,0.8127304564335786,-12056901,bear,hold
2025-05-21,18275.60546875,18421.810312499998,18260.984984374998,18421.810312499998,2584031,17735.39365234375,17779.02935546875,17970.724091796874,0.08528195425933083,57.25068520935794,222.0588344876669,122.52632355303545,99.53251093463145,18929.57645358303,17735.39365234375,16541.21085110447,0.726184724753043,-14640932,bear,hold
2025-05-22,17997.814453125,18007.561441726746,17890.59757850579,17939.33252151452,1865097,17806.91318359375,17768.18626953125,17974.596552734376,0.0863375404552491,51.968115805413994,197.04474591118196,137.43000802466477,59.61473788651719,18877.686092596523,17806.91318359375,16736.14027459098,0.589141809587356,-16506029,bear,hold
2025-05-23,17871.103515625,18031.928826782794,17841.862549959948,18007.56135539525,2829998,17880.113671875,17760.83345703125,17978.321328125,0.0892302919659369,49.714756577604284,165.09329408161648,142.9626652360551,22.130628845561375,18736.87884806258,17880.113671875,17023.348495687416,0.4947417585935905,-19336027,bear,hold
2025-05-26,17851.609375,17890.597328862954,17754.139490342615,17861.356363465737,2290958,17922.45966796875,17757.65771484375,17982.3616015625,0.04980508019329677,49.360151768518016,136.62361212447286,141.69485461373864,-5.071242489265785,18679.93100077305,17922.45966796875,17164.98833516445,0.4532323601564905,-21626985,bear,hold
2025-05-27,17905.216796875,17914.96378478838,17817.4939056546,17861.3553512648,955331,17960.1984375,17755.74845703125,17987.228623046874,0.04400909415368992,50.40771189711289,117.03771704124665,136.76342709924026,-19.72571005799361,18630.215590379437,17960.1984375,17290.18128462056,0.4589699753292043,-20671654,bear,hold
2025-05-28,18153.765625,18183.0065897651,18066.0427307047,18148.892130872482,1679304,17986.80078125,17760.17060546875,17992.99830078125,0.030192677714822702,55.05053923357561,120.1861363331227,133.44796894601677,-13.261832612894068,18643.05697956436,17986.80078125,17330.54458293564,0.627210108017921,-18992350,bear,hold
2025-05-29,18348.70703125,18465.67090077191,18329.213052996347,18368.201009503653,1608415,18020.9640625,17766.54814453125,18000.325693359377,0.03867809523051391,58.344495602268026,136.8340854354974,134.12519224391292,2.7088931915844796,18677.88455682233,18020.9640625,17364.04356817767,0.7494540599529442,-17383935,bear,hold
2025-05-30,18144.017578125,18183.005528870366,17973.445293614022,18017.30673820256,2370925,18043.62568359375,17763.68193359375,18007.9171484375,0.025619689452555328,53.87976647759332,131.989484221569,133.69805063944415,-1.7085664178751472,18684.496303214717,18043.62568359375,17402.75506397278,0.5783246192426685,-19754860,bear,hold
2025-06-02,17983.1953125,18144.020636432928,17958.82783917683,18144.020636432928,2722122,18065.31279296875,17760.02853515625,18014.850244140624,0.02471542471497945,50.60327357078286,113.86057622094813,129.73055575574494,-15.869979534796812,18665.91489973985,18065.31279296875,17464.71068619765,0.43163736894778576,-22476982,bear,hold
2025-06-04,18226.869140625,18334.086017922793,18226.869140625,18285.351073696525,2268265,18094.31005859375,17754.54384765625,18022.248642578124,0.0328638191079913,55.06231601813142,117.79782745298871,127.34401009519371,-9.546182642204997,18666.647153771046,18094.31005859375,17521.972963416454,0.6158050763686621,-20208717,bear,hold
2025-06-05,18070.916015625,18153.765414833637,18031.928063056228,18129.397944478154,4235205,18121.84521484375,17747.78634765625,18028.94015625,0.031432444824610606,51.8371335179274,107.09943793446655,123.29509566304829,-16.195657728581736,18630.499277830066,18121.84521484375,17613.191151857434,0.4499372924303957,-24443922,bear,hold
2025-06-09,18114.77734375,18226.86770665187,18080.662885475518,18158.638790102905,4087973,18145.9689453125,17737.33908203125,18036.239658203125,0.027363108304305106,52.676685050420566,100.9959117754006,118.83525888551875,-17.839347110118155,18602.56588050725,18145.9689453125,17689.37201011775,0.4658433958287573,-20355949,bear,hold
2025-06-10,18270.732421875,18299.973391341857,18114.780584718425,18129.401069451855,6577492,18175.69736328125,17726.41572265625,18043.833076171875,0.03363673007744805,55.63776974569045,107.50385720746999,116.568978549909,-9.065121342439014,18580.562162101116,18175.69736328125,17770.832564461387,0.6173664132702634,-13778457,bear,hold
2025-06-11,18451.05078125,18451.05078125,18309.719436121566,18338.96040407917,5448372,18200.79580078125,17719.09873046875,18054.320073242186,0.027966263072732866,58.84426870866743,125.761930220262,118.40756888397962,7.3543613362823805,18608.581011742583,18200.79580078125,17793.010589819914,0.8068465625307835,-8330085,bear,hold
2025-06-12,18197.62890625,18363.32772328602,18129.39998158811,18358.454228667313,8818279,18191.7798828125,17710.01701171875,18066.67367675781,-0.009811670300756359,53.04165530359943,118.41751386025135,118.40955787923397,0.007955981017374825,18591.391079748268,18191.7798828125,17792.168685876735,0.5073183928307679,-17148364,bear,hold
2025-06-13,18158.642578125,18226.871508907007,18031.931706672705,18139.14859790157,2288234,18168.630859375,17701.22447265625,18077.447680664063,-0.024862519640987735,52.189042764414076,108.20383368376861,116.36841304014091,-8.1645793563723,18516.211334410822,18168.630859375,17821.050384339178,0.48563169975389064,-19436598,bear,hold
2025-06-16,18221.99609375,18270.731039173243,18148.893675615138,18221.99609375,3969952,18166.68154296875,17702.63861328125,18088.392700195312,-0.002134952393267664,53.49719083450444,104.0224121858555,113.89921286928383,-9.876800683428328,18512.601757349265,18166.68154296875,17820.761328588233,0.5799527585867024,-15466646,bear,hold
2025-06-17,18275.60546875,18280.478963541667,18192.756057291666,18217.12353125,4281910,18165.21962890625,17701.52958984375,18100.528881835937,-0.0015972975049295401,54.62846443221671,103.83746044605505,111.88686238463808,-8.049401938583031,18509.032617574983,18165.21962890625,17821.406640237514,0.660531805780771,-11184736,bear,hold
2025-06-18,18324.337890625,18392.566808302858,18285.349937666222,18358.45234946393,2559120,18163.75751953125,17700.71509765625,18111.937026367188,-0.0015932688541159257,55.683853014245166,106.3967089995349,110.78883170761745,-4.392122708082553,18504.58975480035,18163.75751953125,17822.92528426215,0.7355709854834692,-8625616,bear,hold
2025-06-19,18343.8359375,18416.93836551873,18285.353995085017,18324.341956695003,2932838,18159.37138671875,17708.06416015625,18122.592426757812,-0.0047593726707271244,56.12361486496325,108.74471990753955,110.38000934760187,-1.6352894400623228,18488.35744144967,18159.37138671875,17830.385331987833,0.7803531458683335,-5692778,bear,hold
2025-06-20,18202.501953125,18319.46582109689,18183.007975129683,18299.97184310157,4905366,18155.7162109375,17728.42509765625,18132.492573242187,-0.004000059847538373,52.08865795382062,98.07056764990557,107.91812100806261,-9.847553358157043,18481.05965985575,18155.7162109375,17830.372762019248,0.5719020812360929,-10598144,bear,hold
2025-06-23,18377.947265625,18377.947265625,18207.374962708833,18231.742434554,3629057,18174.7228515625,17778.239296875,18142.54117675781,0.021121054086319813,56.28969889600076,102.58565200475277,106.85162720740064,-4.265975202647866,18505.31941160523,18174.7228515625,17844.12629151977,0.8073601462099815,-6969087,bear,hold
2025-06-24,18470.541015625,18490.034990311677,18407.185597893305,18465.66752195333,7200799,18204.6947265625,17811.6374609375,18151.473735351563,0.03354227675285415,58.36463870436806,112.34044000920767,107.94938976776206,4.391050241445612,18528.3698250098,18204.6947265625,17881.0196281152,0.9106684300673594,231712,bear,hold
2025-06-25,18524.150390625,18553.391354146115,18421.807018301104,18470.54195750296,4343514,18238.32177734375,17858.3512109375,18162.277646484374,0.03767397109679371,59.56154463083841,122.97937858809019,110.9553875318277,12.023991056262489,18547.70662884851,18238.32177734375,17928.93692583899,0.9619305242177498,4575226,bear,hold
2025-06-26,18480.29296875,18499.786948674842,18416.937533994264,18460.798988825158,4570905,18267.0755859375,17876.00859375,18171.963447265625,0.032117799990859064,58.09028861487422,126.41465717025858,114.04724145951388,12.367415710744694,18553.30990637714,18267.0755859375,17980.841265497857,0.8724525110842926,4321,bear,hold
2025-06-27,18636.2421875,18636.2421875,18553.392784469797,18602.12772742874,5279412,18291.1994140625,17904.46140625,18182.35611328125,0.026577216675947923,61.71196900027846,140.1058853936629,119.2589702463437,20.84691514731921,18614.14092015338,18291.1994140625,17968.25790797162,1.0342186850091695,5283733,bear,hold
2025-06-30,18684.9765625,18782.446445455138,18616.7476444314,18762.95246886411,4090009,18308.012890625,17934.4718359375,18192.82240234375,0.018326606374895693,62.79401358252868,153.12362533628402,126.03190126433176,27.091724071952257,18673.40460878399,18308.012890625,17942.62117246601,1.015834997265833,9373742,bear,hold
2025-07-01,18738.587890625,18762.955365125163,18665.485467124512,18704.47342632477,7853795,18337.74140625,17966.234765625,18203.726796875,0.03276949605785395,63.999323238453556,165.8543979014612,133.99640059175766,31.857997309703535,18739.831001682076,18337.74140625,17935.651810817923,0.9984541864907742,17227537,bear,hold
2025-07-02,18845.802734375,18865.296711860778,18733.712363831783,18738.585858203227,4107263,18380.87177734375,18004.80609375,18215.26443359375,0.04796741662897963,66.34727456137628,182.49132237102458,143.69538494761105,38.795937423413534,18805.983295913364,18380.87177734375,17955.760258774135,1.046834109077564,21334800,bear,hold
2025-07-03,18904.28125,18938.395704434133,18816.55836716937,18826.305354150554,2371127,18414.7423828125,18046.490390625,18226.46287109375,0.03716557704719281,67.58892120071533,198.11122942842485,154.57855384377382,43.53267558465103,18890.325250829515,18414.7423828125,17939.159514795483,1.0146725209306586,23705927,bear,hold
2025-07-04,19011.5,19123.590361445782,18967.63855421687,19040.74096385542,2928484,18461.77158203125,18089.930390625,18239.241962890625,0.05204960188856633,69.78977322428378,216.64443319785642,166.99172971459035,49.652703483266066,18976.468287494063,18461.77158203125,17947.07487656844,1.0340314131935593,26634411,bear,hold
2025-07-07,19069.984375,19108.972331810633,19006.628945182725,19011.502439784053,4959974,18509.53193359375,18139.9816015625,18251.730458984373,0.052730818222260334,70.94859922519002,233.36128733973965,180.2656412396202,53.09564610011944,19062.42618561206,18509.53193359375,17956.637681575437,1.0068351130079107,31594385,bear,hold
2025-07-08,19035.869140625,19060.23661264321,18977.3872077813,19045.616129432285,3351538,18547.78876953125,18192.557109375,18263.3925,0.04187772559319658,69.27919965610289,241.07770664789132,192.42805432127443,48.64965232661689,19134.166499047624,18547.78876953125,17961.411040014875,0.916182561619712,28242847,bear,hold
2025-07-09,19079.73046875,19094.35095186782,19035.869019396552,19045.616008141762,5511761,18579.22275390625,18234.0579296875,18275.0794921875,0.03407283926283844,70.24846773767062,247.87491938478706,203.51742733397697,44.357492050810094,19207.40044117017,18579.22275390625,17951.04506664233,0.8983806851081827,33754608,bear,hold
2025-07-10,19104.099609375,19191.82251574458,19104.099609375,19177.20203134965,4364294,18624.5462890625,18273.13109375,18288.856015625,0.04981257216502932,70.79970895767525,252.31956258309583,213.27785438380076,39.04170819929507,19266.704124168136,18624.5462890625,17982.38845395686,0.8733920962232072,38118902,bear,hold
2025-07-11,19230.806640625,19245.427122105455,19152.830739395908,19235.680134451817,6250361,18678.1544921875,18305.3128515625,18303.533291015625,0.05904428471936529,73.54440963637957,263.03407968908505,223.2290994448576,39.80498024422744,19334.636324853633,18678.1544921875,18021.672659521366,0.9209196057970447,44369263,bull,golden_cross
2025-07-14,19186.947265625,19186.947265625,19123.591839043052,19172.326782567627,3388941,18726.40205078125,18335.74296875,18318.84150878906,0.05295529462910875,71.05470927169787,264.93235144233404,231.5697498443529,33.362601597981126,19383.528377561048,18726.40205078125,18069.27572400145,0.8504236522531522,40980322,bull,hold
2025-07-15,19367.267578125,19401.38204039145,19289.29166437311,19289.29166437311,5203808,18780.98515625,18369.2726171875,18335.172788085936,0.05973329371996261,74.82771113550947,277.7849556485271,240.81279100518776,36.97216464333934,19460.246491002676,18780.98515625,18101.723821497326,0.9315588065147783,46184130,bull,hold
2025-07-16,19264.923828125,19328.27925685397,19260.050333607385,19274.670817160226,3988486,18828.014453125,18403.58203125,18350.214990234374,0.05132987304175485,69.30591034960909,276.5248454892935,247.95520190200892,28.569643587284588,19504.537124155653,18828.014453125,18151.49178209435,0.8229081549731269,42195644,bull,hold
2025-07-17,19484.232421875,19484.232421875,19352.64806084683,19352.64806084683,4427067,18885.03427734375,18440.328203125,18366.40231933594,0.062167830559567205,73.77230772998914,289.88100203987415,256.34036192958195,33.5406401102922,19580.67536332576,18885.03427734375,18189.39319136174,0.9306805309561205,46622711,bull,hold
2025-07-18,19625.560546875,19649.92801713434,19552.458136096968,19562.205124200707,3379755,18956.18720703125,18482.43515625,18382.08167480469,0.07817928532103191,76.17799185401391,308.3157785163676,266.7354452469391,41.58033326942848,19649.131158116965,18956.18720703125,18263.243255945534,0.9829924114316648,50002466,bull,hold
2025-07-21,19552.4609375,19601.195885001245,19547.587442749875,19586.575400750873,3275800,19014.912890625,18520.8383203125,18397.46841308594,0.0639088607067595,72.47512060369712,313.41410146357885,276.071176490267,37.342924973311824,19700.925049448746,19014.912890625,18328.900731801255,0.8917919237734019,46726666,bull,hold
2025-07-22,19523.21875,19547.586222229154,19474.483805541688,19489.10428887918,3627602,19067.54677734375,18557.7794140625,18411.49431152344,0.056992252337627614,70.98857902993069,311.50413324315014,283.1577678408437,28.346365402306446,19739.810267060642,19067.54677734375,18395.283287626855,0.8389087609444221,43099064,bull,hold
2025-07-23,19479.357421875,19503.72489425663,19411.128499206436,19498.851399780306,7757405,19115.30712890625,18588.384921875,18424.863647460938,0.0515654975319908,68.71202752423935,302.9589053767959,287.1179953480341,15.840910028761755,19761.585451032955,19115.30712890625,18469.028806779545,0.7816513261428693,35341659,bull,hold
2025-07-24,19430.623046875,19542.71342311732,19386.76159530192,19528.092939259626,14997850,19162.8236328125,18609.4384375,18437.503452148438,0.0514239725383141,66.17277073120638,288.9237606908828,287.4791484166039,1.4446122742788816,19752.637693328306,19162.8236328125,18573.00957229669,0.7270202017804593,20343809,bull,hold
2025-07-25,19620.689453125,19635.309937069207,19508.59907621942,19528.093054811692,8404950,19212.04599609375,18629.419765625,18451.045014648436,0.05282434386291168,70.71775944511901,289.7969787638467,287.94271448605247,1.8542642777942433,19781.83532555404,19212.04599609375,18642.256666633464,0.8585917074108088,28748759,bull,hold
2025-07-28,19786.38671875,19786.38671875,19718.15779903017,19747.398764624384,4396213,19267.11650390625,18659.9278515625,18465.657983398436,0.0589462958417879,73.99774584481952,300.3966097966404,290.4334935481701,9.963116248470328,19835.39623451294,19267.11650390625,18698.83677329956,0.9568790569825373,33144972,bull,hold
2025-07-29,19864.36328125,19883.857258954857,19810.75484256164,19810.75484256164,3607772,19323.4052734375,18691.1182421875,18480.320737304686,0.060077920342558544,75.39454074886125,311.49819340015165,294.6464335185664,16.851759881585224,19894.141984640806,19323.4052734375,18752.668562234194,0.9739120484049268,36752744,bull,hold
2025-07-30,19696.833984375,19765.412864201226,19618.458121716456,19745.81889853659,6386992,19365.9568359375,18717.9833203125,18494.947495117187,0.04515760150920545,67.05974598508575,303.2820179154369,296.37355039794056,6.9084675174963195,19914.37894982161,19365.9568359375,18817.53472205339,0.8016628433289427,30365752,bull,hold
2025-07-31,19887.876953125,20020.13623335514,19838.892034521243,19892.775444985375,10619760,19415.13662109375,18747.1096875,18511.403999023438,0.05203031472698805,70.99723527533361,308.62853300102506,298.8245469185575,9.803986082467588,19965.539621031006,19415.13662109375,18864.73362115649,0.9294492690675201,40985512,bull,hold
2025-08-01,19760.515625,19814.399033992315,19677.24126564824,19716.429199460832,4451115,19452.58740234375,18776.807890625,18526.98077636719,0.039398028824658704,65.38588175223026,299.1403857902915,298.8877146929043,0.25267109738717863,19989.80806944924,19452.58740234375,18915.36673523826,0.7865937979595501,36534397,bull,hold
2025-08-04,19358.83984375,19368.636827476595,19304.956433253734,19363.738335613296,6263189,19467.03017578125,18804.0283984375,18539.553188476562,0.01514712666092577,51.548222318651064,256.25513251077064,290.36119825647756,-34.10606574570693,19977.179542132853,19467.03017578125,18956.880809429644,0.39396210289842676,30271208,bull,hold
2025-08-05,19657.646484375,19677.240450469566,19544.981179331236,19579.27061999673,7837916,19498.11904296875,18839.7592578125,18552.186381835938,0.0326634596590627,58.57201583529665,243.5717158600237,281.00330177718683,-37.43158591716315,19974.0111033248,19498.11904296875,19022.226982612698,0.6676088494593678,38109124,bull,hold
2025-08-06,19623.359375,19638.054851316774,19476.40461183225,19486.201596043433,8625629,19525.30048828125,18875.1942578125,18565.158276367187,0.02849248353588596,57.54123459250008,228.12366598852532,270.42737461945455,-42.303708630929236,19963.07344036821,19525.30048828125,19087.527536194288,0.6119974249794123,29483495,bull,hold
2025-08-07,19618.458984375,19711.53032537453,19584.169542954118,19652.74842579588,7426101,19551.01845703125,18909.4591015625,18576.72099121094,0.026924031255971315,57.38579371486706,213.02987876312181,258.94787544818803,-45.917996685066214,19945.040241851642,19551.01845703125,19156.996672210855,0.5855796937401478,22057394,bull,hold
2025-08-08,19696.833984375,19716.427950039633,19574.371698971026,19589.067173219504,5500081,19574.31982421875,18940.32046875,18588.79704589844,0.02423337473351328,59.280408879890906,205.02870781714591,248.16404192197962,-43.1353341048337,19944.220708499255,19574.31982421875,19204.418939938245,0.6656040379499937,27557475,bull,hold
2025-08-11,19824.1953125,19853.586261814307,19794.804363185693,19794.804363185693,5992997,19606.1822265625,18969.830234375,18600.586801757814,0.03321258134777305,62.21991422170726,206.5833526777933,239.8479040731424,-33.26455139534909,19945.65514972062,19606.1822265625,19266.709303404383,0.8211052650522485,33550472,bull,hold
2025-08-12,19809.5,19833.992457962413,19750.718100890208,19804.60150840752,11199700,19628.29384765625,19003.1398828125,18611.13703613281,0.022834012082039612,61.66675788551147,204.27487739565186,232.7332987376443,-28.458421341992448,19960.1639306096,19628.29384765625,19296.423764702897,0.7730076642208543,22350772,bull,hold
2025-08-13,19878.078125,19946.65700468211,19873.179633594136,19917.26605624692,6820230,19658.9515625,19041.0375390625,18622.686049804688,0.031827496560347335,63.30622366879401,205.60894374273994,227.30842773866345,-21.699483995923515,19963.005920904074,19658.9515625,19354.897204095923,0.860341097641481,29171002,bull,hold
2025-08-14,19922.1640625,19985.844449225475,19887.874623493975,19887.874623493975,12524120,19680.84814453125,19074.9434375,18633.702446289062,0.022476206973046198,64.36145086905498,207.82785747629532,223.41231368618983,-15.584456209894512,19994.347777795818,19680.84814453125,19367.348511266682,0.8848743225882808,41695122,bull,hold
2025-08-18,19931.96484375,20054.427149253504,19931.96484375,20039.731672593083,4145865,19696.168359375,19112.1644140625,18644.670668945313,0.015612511863962508,64.60514161970775,207.97974272365173,220.3257994936822,-12.346056770030486,20026.840039081584,19696.168359375,19365.496679668413,0.856541698073797,45840987,bull,hold
2025-08-19,19990.744140625,20005.439615366944,19956.454699560465,19995.642632205647,3984100,19718.08251953125,19149.68375,18655.301186523437,0.02241575648845351,66.10220059672797,210.41754837786357,218.3441492705185,-7.926600892654932,20065.425939877718,19718.08251953125,19370.739099184782,0.8924957335045758,49825087,bull,hold
2025-08-20,19966.251953125,20000.54139465392,19912.36854500813,19951.556478184037,3698851,19740.2341796875,19183.594140625,18665.80924316406,0.022692631209953573,64.87097668978194,207.97579655848313,216.27047872811144,-8.294682169628317,20091.528790073346,19740.2341796875,19388.939569301656,0.8216926288582287,46126236,bull,hold
2025-08-21,19976.048828125,19985.845811365863,19922.165420300236,19951.556370022834,3430624,19765.06875,19214.0941015625,18676.147651367188,0.025498346556967144,65.15059216241622,204.47416568508197,213.91121611950558,-9.437050434423611,20109.23622796082,19765.06875,19420.901272039177,0.8065078655529129,49556860,bull,hold
2025-08-22,19789.90625,19956.454965965346,19789.90625,19941.759491027227,6755563,19783.03291015625,19245.9396484375,18686.13836425781,0.01849056524117909,56.02574487594873,184.55155217959327,208.03928333152314,-23.487731151929864,20091.1124506956,19783.03291015625,19474.9533696169,0.5111551384290526,42801297,bull,hold
2025-08-25,19990.744140625,20049.526039592776,19980.947157463703,20005.439615366944,3164848,19801.53564453125,19282.5816796875,18696.598842773437,0.018860432421810902,62.18046162826509,182.86077159490014,203.00358098419855,-20.142809389298407,20112.825397054417,19801.53564453125,19490.245892008083,0.8039105761755976,45966145,bull,hold
2025-08-26,20078.91796875,20078.91796875,19897.67377142291,20005.440591455234,8406000,19816.16220703125,19319.7201171875,18707.427319335937,0.014784470462350319,64.5278037201632,186.48601216564202,199.70006722048726,-13.214055054845232,20149.91040173949,19816.16220703125,19482.414012323014,0.8936437198535998,54372145,bull,hold
2025-08-27,20181.78515625,20186.68364779278,20142.597223907767,20167.089681621663,3147050,19832.03330078125,19357.8437109375,18718.81869628906,0.015979463852214826,67.09382042481656,195.40703312943515,198.84146040227685,-3.4344272728417025,20201.697540993428,19832.03330078125,19462.369060569075,0.9730669313158362,57519195,bull,hold
2025-08-28,20083.81640625,20113.207357088413,20054.425455411587,20113.207357088413,4380155,19851.382421875,19393.03328125,18730.716225585937,0.01964693524766381,62.4597063252924,192.35440530187043,197.5440493821956,-5.189644080325166,20231.08924555849,19851.382421875,19471.675598191512,0.8060703283130192,53139040,bull,hold
2025-08-29,20176.88671875,20181.785210305898,20103.409345411506,20132.800294746903,2669787,19865.83291015625,19429.694296875,18744.196547851563,0.014531956644049382,64.93734135677346,195.19508472127563,197.07425645001163,-1.8791717287359972,20271.130633811503,19865.83291015625,19460.535186500994,0.8837349563531394,55808827,bull,hold
2025-09-01,20064.220703125,20157.29203939438,20064.220703125,20108.30712556839,4342217,19881.0181640625,19466.928671875,18757.259311523438,0.015369289136401232,59.792709002523225,186.20864045903,194.90113325181534,-8.692492792785345,20292.11070136355,19881.0181640625,19469.925626761455,0.7228239659436309,51466610,bull,hold
2025-09-02,20059.32421875,20137.70008871337,20034.831759386445,20093.613661858974,3511712,19916.0423828125,19500.5562109375,18766.823774414064,0.03618421251757775,59.57181861374112,176.65534046913672,191.25197469527964,-14.596634226142925,20256.505098561523,19916.0423828125,19575.579667063474,0.7104222126382892,47954898,bull,hold
2025-09-03,19985.84765625,20044.629561121325,19961.35519588695,20039.731069048714,4609442,19932.45244140625,19530.86234375,18774.830522460936,0.016695852788678023,56.21571421033987,161.29601679649204,185.26078311552214,-23.964766319030105,20252.54394066401,19932.45244140625,19612.36094214849,0.5834061744338167,43345456,bull,hold
2025-09-04,20083.81640625,20123.00434070122,20005.44053734756,20015.237520960367,2757797,19955.47529296875,19562.0556640625,18783.42429199219,0.02346474028481671,59.49253778669012,155.23939834303746,179.25650616102521,-24.01710781798775,20248.413624962657,19955.47529296875,19662.53696097484,0.7190582441152149,46103253,bull,hold
2025-09-05,20265.060546875,20279.756022253445,20211.177137154038,20245.46657970374,3916243,19987.80537109375,19597.751015625,18791.87970214844,0.0329588355035928,64.74872379725497,163.18329654653644,176.04186423812746,-12.85856769159102,20267.241478246564,19987.80537109375,19708.369263940935,0.9960976206801162,50019496,bull,hold
2025-09-08,20176.88671875,20216.074651197196,20123.003311635104,20157.292752526402,5191969,20011.8080078125,19628.56390625,18799.408393554688,0.024372075977074026,60.627148509947006,160.5137000572904,172.93623140196004,-12.422531344669636,20268.70781966804,20011.8080078125,19754.908195956956,0.8212900580680977,44827527,bull,hold
2025-09-09,20186.68359375,20206.27755986866,20118.104712334687,20142.597169983015,3290064,20029.932421875,19658.598046875,18807.253295898438,0.018285144770614492,60.924771247783994,157.37443699526557,169.82387252062114,-12.449435525355568,20282.440095449285,20029.932421875,19777.424748300717,0.8103889273069662,48117591,bull,hold
2025-09-10,20225.869140625,20269.9555591926,20216.072158721086,20245.46310443282,6208085,20050.75087890625,19688.343671875,18815.148364257813,0.021018659765516645,62.15696286896224,156.247372101996,167.1085724368961,-10.861200334900104,20295.67258400693,20050.75087890625,19805.829173805567,0.8574984537339481,54325676,bull,hold
2025-09-11,20343.435546875,20343.435546875,20269.958173120333,20289.55213945491,6142996,20074.01875,19718.296328125,18825.113090820312,0.023410584209835328,65.65615399600692,162.96226395653866,166.27931074082466,-3.317046784285992,20336.679659373614,20074.01875,19811.357840626384,1.0128604738282083,60468672,bull,hold
2025-09-12,20431.609375,20470.79730954807,20421.812391362982,20470.79730954807,4692079,20099.491015625,19748.842890625,18836.29605957031,0.02557178582114683,68.04281805283837,173.39990894705625,167.70343038207096,5.696478564985284,20395.054291156885,20099.491015625,19803.927740093117,1.0618396919869906,65160751,bull,hold
2025-09-15,20465.8984375,20490.390896137505,20426.71050367999,20480.593912682503,2842140,20126.1876953125,19777.930859375,18847.650473632813,0.026787805313504887,68.94657666048774,182.33679352427862,170.63010301051253,11.706690513766091,20451.37175876918,20126.1876953125,19801.00363185582,1.0223360864865325,68002891,bull,hold
2025-09-16,20421.8125,20505.08686135764,20412.015516310865,20490.39138582394,3650117,20147.74111328125,19804.967421875,18858.371489257814,0.021563397357429404,66.34854449166299,183.7438870702572,173.25285982246146,10.491027247795728,20490.810041559067,20147.74111328125,19804.67218500343,0.8994407014569495,64352774,bull,hold
2025-09-17,20387.521484375,20421.81092464185,20358.130535574845,20382.62299290831,5134026,20168.80458984375,19832.00046875,18868.799584960936,0.021099079198189985,64.31837711173081,180.01689772371174,174.60566740271153,5.411230321000204,20516.414819255413,20168.80458984375,19821.194360432084,0.8146007741219714,59218748,bull,hold
2025-09-18,20554.0703125,20573.664278479504,20431.6080251281,20431.6080251281,4303949,20197.7056640625,19861.487265625,18879.113022460937,0.028935726446622567,69.24121503695238,188.33136361062134,177.3508066442935,10.980556966327839,20571.53284593036,20197.7056640625,19823.878482194643,0.9766435745213777,63522697,bull,hold
2025-09-19,20656.939453125,20715.721353394743,20612.853027922694,20627.54850299013,3989199,20241.05732421875,19892.5440625,18889.26061035156,0.043811890373406825,71.82667195136428,200.90540521164075,182.06172635776295,18.843678853877805,20616.75448727893,20241.05732421875,19865.36016115857,1.0534805287305744,67511896,bull,hold
2025-09-22,20696.126953125,20818.58924278846,20696.126953125,20803.893768028847,4410652,20276.32646484375,19921.85046875,18899.871352539063,0.03528547049264308,72.76581059708394,211.59341039521314,187.968063165253,23.62534722996014,20682.601057532225,20276.32646484375,19870.051872155276,1.016646248419411,71922548,bull,hold
2025-09-23,20838.18359375,20882.27001884256,20808.792643688295,20818.589627042194,5566118,20314.28974609375,19954.8751953125,18910.755122070314,0.03781407076724408,75.90180155510296,228.88803638211175,196.15205780862476,32.73597857348699,20777.57892745426,20314.28974609375,19851.00056473324,1.0654069517852414,77488666,bull,hold
2025-09-24,20833.28515625,20833.28515625,20735.31532245621,20759.807780904655,2413104,20346.86474609375,19984.195546875,18921.93020019531,0.032281584357181536,75.57862485035946,239.43878780908926,204.8094038087177,34.62938400037157,20857.5036566288,20346.86474609375,19836.2258355587,0.976286080164334,75075562,bull,hold
2025-09-25,20794.09765625,20843.08257416814,20784.300672666373,20838.184082376327,2684144,20382.37880859375,20014.7790234375,18932.885043945313,0.03536585057504138,72.90429038274529,241.85033051901337,212.21758915077686,29.63274136823651,20913.2946887272,20382.37880859375,19851.462928460296,0.887743956305056,72391418,bull,hold
2025-09-26,20896.962890625,20906.759872758437,20794.094578223892,20794.094578223892,2469797,20418.3826171875,20043.0336328125,18943.74689941406,0.03568817042551209,75.36816832331908,249.18936039266555,219.6119433991546,29.57741699351095,20985.12817786106,20418.3826171875,19851.63705651394,0.9222179286845413,74861215,bull,hold
2025-09-29,20857.77734375,20941.051701392964,20843.08186887183,20941.051701392964,2648589,20458.06044921875,20067.67796875,18953.926987304687,0.039550832916296796,72.65771236174749,248.97363521085208,225.48428176149412,23.489353449357964,21031.149117747547,20458.06044921875,19884.97178068995,0.8487391362643606,72212626,bull,hold
2025-09-30,20892.06640625,20921.45735547333,20823.4875247289,20847.979982415007,3358369,20499.69755859375,20094.470078125,18963.622612304687,0.04151397018258529,73.55396280111293,248.70262319990434,230.12795004917618,18.57467315072816,21071.86024903917,20499.69755859375,19927.53486814833,0.8428822380491077,75570995,bull,hold
2025-10-01,20862.67578125,21004.7320380371,20862.67578125,20936.15315545022,2280951,20543.53896484375,20121.25921875,18972.418237304686,0.043872451150491765,71.39376889466747,243.31152264204502,232.76466456774997,10.546858074295045,21085.040730608784,20543.53896484375,20002.037199078713,0.794677539929509,73290044,bull,hold
2025-10-02,21029.224609375,21097.803492331266,21024.326117735265,21024.326117735265,3442704,20590.809375,20152.2565625,18981.949428710937,0.04707313510547695,75.74154559510133,249.60089142700235,236.13190993960046,13.46898148740189,21128.578227301863,20590.809375,20053.04052269814,0.9076242352996176,76732748,bull,hold
2025-10-10,21445.59765625,21474.988607811785,21396.612736980358,21421.10519661518,3601223,20649.83623046875,20192.5560546875,18992.080639648437,0.05825480297205665,82.78561711678768,284.89894887046466,245.8853177257733,39.013631144691374,21282.425197482466,20649.83623046875,20017.247263455036,1.1289719448774362,80333971,bull,hold
2025-10-13,21166.3828125,21264.35264731833,21102.70241986809,21171.281304240918,7052617,20699.31103515625,20223.469921875,19002.078999023437,0.04904106899854277,68.4347568404431,287.03386162394236,254.11502650540712,32.91883511853524,21330.979937467157,20699.31103515625,20067.642132845343,0.8697124994083197,73281354,bull,hold
2025-10-14,21171.28125,21328.032985307727,21122.296332716334,21225.164659012033,5242815,20748.54091796875,20251.1678125,19012.004672851563,0.0487746118215695,68.53779922385232,285.8262314550266,260.457267495331,25.368963959695577,21366.039966310644,20748.54091796875,20131.041869626853,0.8423003915280447,78524169,bull,hold
2025-10-15,21210.470703125,21269.252608075923,21161.485782332562,21244.760147679706,3853411,20797.77099609375,20278.0899609375,19021.494682617187,0.04868030914539845,69.39848764770223,284.7490276522585,265.31561952671655,19.433408125541973,21397.47870844282,20797.77099609375,20198.06328374468,0.8440840417198359,82377580,bull,hold
2025-10-16,21200.671875,21230.062824919132,21146.788466814927,21220.265841612752,6123255,20840.6328125,20308.16671875,19031.202895507813,0.042138228135054634,68.89101914306866,279.87838849593027,268.2281733205593,11.650215175370988,21426.70659846021,20840.6328125,20254.55902653979,0.80716188910422,76254325,bull,hold
2025-10-17,20936.15234375,21014.52820652492,20911.65988663284,20970.441783714024,3736807,20865.8599609375,20329.1322265625,19039.515659179688,0.024694235265057207,56.81347281636636,251.77159021395346,264.93685669923815,-13.16526648528469,21422.008869236142,20865.8599609375,20309.71105263886,0.5631956493698204,72517518,bull,hold
2025-10-20,21234.958984375,21254.552948835786,21176.17709099265,21195.77105545343,2826824,20904.31298828125,20358.62109375,19048.885200195313,0.03757765871963081,64.40490105228355,250.7178296700804,262.09305129340663,-11.37522162332624,21450.792668350514,20904.31298828125,20357.833308211986,0.8025235961672372,75344342,bull,hold
2025-10-21,21499.478515625,21504.37700697055,21401.508688713973,21421.10265409618,3262206,20958.1962890625,20401.4338671875,19059.868842773438,0.05277034130173308,69.5138339904046,268.13632370642154,263.3017057760096,4.834617930411923,21516.14741332487,20958.1962890625,20400.24516480013,0.9850624033405192,78606548,bull,hold
2025-10-22,21582.75390625,21602.34787257433,21504.378040952677,21548.46446518242,2155193,21017.95791015625,20439.936015625,19073.139379882814,0.058625685461130006,70.92849110614841,285.3706584718602,267.71549631517973,17.65516215668049,21574.6482626315,21017.95791015625,20461.267557680996,1.007280208452022,80761741,bull,hold
2025-10-23,21602.34765625,21636.637096974206,21406.40799496882,21435.798944160997,2179713,21070.37177734375,20479.51578125,19086.872260742188,0.051000961260334376,71.26634183974895,297.18428931689414,273.6092549155226,23.57503440137151,21639.739171089557,21070.37177734375,20501.00438359794,0.967163983000886,82941454,bull,hold
2025-10-24,21729.708984375,21749.30295099752,21636.63764291803,21680.7240678187,3094208,21124.01025390625,20521.74078125,19099.492895507814,0.05193264634794237,73.42799640962626,313.213145478192,281.53003302805655,31.683112450135468,21728.51892842011,21124.01025390625,20519.50157939239,1.0009843166897858,86035662,bull,hold
2025-10-27,21950.140625,21969.734591190583,21866.866268690024,21950.140625,4034358,21186.7109375,20566.8069140625,19112.72984863281,0.06059170755548782,76.6957647942091,339.78627596236765,293.1812816149188,46.60499434744884,21857.223196046587,21186.7109375,20516.198678953413,1.0692883894135077,90070020,bull,hold
2025-10-28,22106.892578125,22106.892578125,22004.02425458398,22043.21218736151,4131707,21250.14638671875,20612.460859375,19125.05009277344,0.06088385672710572,78.70161015142293,369.23790122390346,308.3926055367158,60.84529568718767,22010.766562937675,21250.14638671875,20489.526210499822,1.0631892357005115,94201727,bull,hold
2025-10-29,22131.384765625,22170.572697923584,22053.00890102783,22097.095324863738,2998827,21315.0513671875,20658.8985546875,19137.61425292969,0.06230892533938981,79.00567333695213,390.05848980517476,324.7257823904076,65.33270741476719,22141.03804111791,21315.0513671875,20489.064693257093,0.9941565186233721,97200554,bull,hold
2025-10-30,21973.865234375,22018.16738202495,21890.183399925096,21968.942773525006,6794401,21374.03974609375,20700.814296875,19149.828081054686,0.056735694793200286,71.8965412167949,389.36014514884664,337.6526549420954,51.70749020675123,22211.215987191463,21374.03974609375,20536.863504996036,0.8582432580114516,90406153,bull,hold
2025-10-31,21890.185546875,21973.867389532268,21870.495701543878,21959.10000553393,5183245,21423.70087890625,20740.1747265625,19162.935297851564,0.047529521942903497,68.37659444955275,377.70055366427187,345.6622346865307,32.03831897774114,22259.61952239835,21423.70087890625,20587.78223541415,0.779025160881676,85222908,bull,hold
2025-11-03,21880.33984375,21993.55645036558,21860.649999121204,21914.797071850393,3435239,21474.82900390625,20779.1422265625,19176.576293945312,0.049025477794085726,67.95503280090716,363.47585406194776,349.22495856161413,14.250895500333627,22290.888791659323,21474.82900390625,20658.769216153174,0.7484565750753865,81787669,bull,hold
2025-11-04,21855.728515625,22013.247279701576,21855.728515625,21900.030668021536,3331886,21523.012109375,20816.4419140625,19188.903911132813,0.046125744128724167,66.84560389708508,346.2256745907616,348.62510176744365,-2.3994271766820248,22308.99020648539,21523.012109375,20737.03401226461,0.7116575560268263,78455783,bull,hold
2025-11-05,21944.33203125,21944.33203125,21767.123428036677,21845.882807242597,5508423,21577.094921875,20856.003515625,19202.30614746094,0.05184647747687876,68.819231676303,335.83307169777254,346.0666957535094,-10.233624055736868,22321.645154412123,21577.094921875,20832.544689337876,0.7466167447988072,83964206,bull,hold
2025-11-06,21988.634765625,22008.324610949043,21904.952922997818,21964.022458969946,3449258,21625.0654296875,20896.255234375,19216.512924804687,0.045622707164499454,69.78767138472057,327.3976827522929,342.3328931532661,-14.935210400973233,22345.475731548137,21625.0654296875,20904.655127826863,0.7523349090084448,87413464,bull,hold
2025-11-07,21964.021484375,21973.86640660018,21811.42518988472,21826.19257322249,4129273,21650.98662109375,20939.7375390625,19230.52376464844,0.024173904427136073,68.51448542113056,315.09427943030823,336.8851704086746,-21.79089097836635,22380.945438721574,21650.98662109375,20921.027803465928,0.714419536912049,83284191,bull,hold
2025-11-10,22008.32421875,22092.00605988593,21959.099606317097,22023.09160247987,3608597,21693.08369140625,20980.089140625,19244.561772460936,0.03977729278111619,69.58990182742689,305.39816413467634,330.58776915387494,-25.18960501919861,22403.239367012717,21693.08369140625,20982.928015799782,0.721951705923168,86892788,bull,hold
2025-11-11,22357.818359375,22431.655276017584,22264.29159829439,22274.136520513403,2233973,21752.410546875,21025.6671484375,19261.53757324219,0.05604465291277538,76.42947705733854,322.20104611377246,328.9104245458545,-6.709378432082019,22476.400366323633,21752.410546875,21028.420727426364,0.9181051972257424,89126761,bull,hold
2025-11-12,22520.259765625,22554.716993681694,22372.585931096313,22387.353314549182,2122499,21817.9,21072.436640625,19278.936909179687,0.061752003566192704,78.81449501773446,344.65217926133846,332.0587754889513,12.593403772387148,22570.352331035723,21817.9,21065.44766896428,0.9667137947849981,91249260,bull,hold
2025-11-13,22579.328125,22643.320116633968,22485.80136799651,22510.413672471113,4331372,21886.8328125,21122.346875,19297.04456542969,0.06502889427885172,79.62196715433939,363.02644410759603,338.25230921268025,24.77413489491579,22652.951619327298,21886.8328125,21120.714005672704,0.9519503413366185,95580632,bull,hold
2025-11-14,21978.7890625,22254.44688724804,21875.417378219485,22215.06719799832,4695429,21938.9646484375,21158.384921875,19310.643364257812,0.0498007800875242,56.17819307357223,325.37893215970325,335.67763380208487,-10.298701642381616,22569.04371692963,21938.9646484375,21308.88557994537,0.5316027115119097,90885203,bull,hold
2025-11-17,22072.31640625,22106.773635251728,21924.642567671166,21934.487490243086,3212152,21980.83251953125,21198.5468359375,19324.80699707031,0.03943296629351356,58.240403326930114,299.63586694799596,328.4692804312671,-28.83341348327116,22523.437072855453,21980.83251953125,21438.227966207047,0.5843006994304459,94097355,bull,hold
2025-11-18,21772.044921875,21964.020900159674,21732.665234021733,21865.571680526507,2971327,21994.46083984375,21232.80125,19337.032006835936,0.012677814768944806,50.090407285943364,252.09886420295152,313.19519718560406,-61.09633298265254,22500.47950906624,21994.46083984375,21488.442170621256,0.28022953351652524,91126028,bull,hold
2025-11-19,21688.36328125,21772.045118694678,21614.526365857637,21663.750976119212,2903785,21999.74130859375,21266.8515625,19349.518784179687,0.004893229819453948,48.07147724228547,205.30639369240816,291.6174364869649,-86.31104279455673,22490.43671660406,21999.74130859375,21509.045900583442,0.1827176062169209,88222243,bull,hold
2025-11-20,22096.92578125,22155.99530884523,22023.088871755957,22062.468556819447,3767210,22024.47021484375,21307.11375,19363.368198242188,0.022894647048091077,57.15198984660787,198.89783253808127,273.07351569718816,-74.17568315910688,22481.242072104684,22024.47021484375,21567.698357582816,0.5793126429031061,91989453,bull,hold
2025-11-21,21648.982421875,21673.594725674313,21555.455667437614,21584.99043199679,3553375,22020.43388671875,21334.7921875,19374.56491699219,-0.0037150319204940496,47.37130938864176,155.8768647030629,249.63418549836314,-93.75732079530025,22488.831945791255,22020.43388671875,21552.035827646247,0.10348739960699417,88436078,bull,hold
2025-11-24,21944.33203125,21954.17695365074,21786.813272838157,21870.495113244448,2134836,22020.14345703125,21370.14109375,19387.116909179687,-0.0002646267214974074,53.07364200017522,143.95525629582335,228.4983996578552,-84.54314336203186,22488.722665167737,22020.14345703125,21551.56424889476,0.41910500459170397,90570914,bull,hold
2025-11-25,22087.08203125,22165.841405553543,22062.469726780142,22141.229101083685,3230481,22019.1529296875,21408.1490625,19399.289497070313,-0.0008961253511767797,55.57885211827851,144.36191345486804,211.67110241725777,-67.30918896238973,22487.077733755126,22019.1529296875,21551.228125619877,0.5725854891341488,93801395,bull,hold
2025-11-26,22269.212890625,22288.90273402962,22096.926760834576,22170.7636736019,3987907,22026.0443359375,21449.0159375,19414.146108398436,0.006227722596648277,58.61460564807624,157.56432692329327,200.8497473184649,-43.28542039517163,22504.322974551593,22026.0443359375,21547.765697323404,0.7542122259444095,97789302,bull,hold
2025-11-27,22347.97265625,22431.6544921875,22298.748046875,22407.0421875,2316051,22044.74970703125,21489.1066796875,19428.49769042969,0.017025107685185947,59.89111181412381,172.39532360028534,195.158862574829,-22.76353897454365,22542.2775248258,22044.74970703125,21547.2218892367,0.804729643623629,100105353,bull,hold
2025-11-28,22530.10546875,22530.10546875,22318.439631923204,22347.974399852523,2148497,22076.745703125,21531.0766015625,19444.70734863281,0.029233188567757695,62.75228359763689,196.57954451701517,195.44299896326623,1.136545553748931,22611.32495971943,22076.745703125,21542.166446530573,0.9240341914061126,102253850,bull,hold
2025-12-01,22397.197265625,22510.4138671875,22362.7400390625,22495.646484375,3137276,22102.58857421875,21569.702578125,19459.110698242188,0.023622001557834116,59.42114573209116,202.68470943591092,196.8913410577952,5.79336837811573,22646.57970842772,22102.58857421875,21558.59744000978,0.7707844603337594,99116574,bull,hold
2025-12-02,22377.5078125,22490.724416038825,22372.585351476573,22431.6548837577,3497908,22128.6775390625,21608.816484375,19473.318452148436,0.023873800248844335,58.92213703730049,203.58749242010526,198.23057133025722,5.3569210898480435,22672.857617309717,22128.6775390625,21584.497460815284,0.7286286133801262,95618666,bull,hold
2025-12-03,22500.5703125,22549.794924866004,22431.655855187597,22456.268161370597,3008310,22156.489453125,21651.0774609375,19488.457299804686,0.02534769709362239,61.1198539110385,211.79166720920693,200.94279050604717,10.84887670315976,22716.7591569666,22156.489453125,21596.2197492834,0.8070671651668311,98626976,bull,hold
2025-12-04,22618.708984375,22628.553906675053,22480.880072174237,22500.569916774348,4167614,22187.9931640625,21692.370234375,19503.919643554687,0.028654540196147105,63.15765682314679,225.2300267837527,205.80023776158828,19.429789022164414,22777.082754551146,22187.9931640625,21598.903573573854,0.8655775176363448,102794590,bull,hold
2025-12-05,22608.86328125,22682.700195950358,22599.018359289952,22643.320508110166,4284733,22220.23525390625,21731.4087109375,19519.065541992186,0.029359004102856856,62.861949912303125,232.40651991299455,211.12149419186954,21.28502572112501,22827.081201935893,22220.23525390625,21613.389305876604,0.8202031986911834,98509857,bull,hold
2025-12-08,22623.630859375,22672.855469599923,22589.173632217553,22663.01054755494,5077930,22251.0005859375,21769.9587890625,19534.722553710937,0.027957905132131255,63.14070940254437,236.55866156082993,216.20892766566163,20.3497338951683,22873.92941618871,22251.0005859375,21628.071755686295,0.7990953824429903,103587787,bull,hold
2025-12-09,22589.171875,22608.86171755829,22554.71465052299,22579.326953720854,7423396,22262.56826171875,21804.9785546875,19549.59994628906,0.010347767921998097,61.97179550370846,234.36707393806864,219.84055692014306,14.526517017925585,22901.391429638505,22262.56826171875,21623.745093798992,0.7556291237407633,96164391,bull,hold
2025-12-10,22549.79296875,22569.48281198838,22490.723439034875,22530.103125511625,4848313,22264.044921875,21839.3087109375,19564.37761230469,0.0013114059709951054,60.59131802799974,226.83783101210793,221.24001173853605,5.597819273571872,22905.37552460569,22264.044921875,21622.71431914431,0.7227774923403995,91316078,bull,hold
2025-12-11,22530.10546875,22589.17500460864,22471.03593289136,22569.485159322427,3806280,22261.5837890625,21874.0288671875,19578.789614257814,-0.0021799876407969654,59.87322697325024,216.78329218393628,220.3486678276161,-3.565375643679829,22898.41787780631,22261.5837890625,21624.74970031869,0.7108254602208661,87509798,bull,hold
2025-12-12,22800.83984375,22800.83984375,22717.158004945217,22756.537693794526,3794235,22302.686328125,21912.10640625,19594.77392089844,0.03740200512923497,65.86442709988816,228.03238378940296,221.88541101997347,6.146972769429482,22966.738154977204,22302.686328125,21638.634501272798,0.8750863226944128,91304033,bull,hold
2025-12-15,22559.638671875,22658.087891477335,22549.793749914767,22603.94082069605,4922676,22327.05244140625,21946.1436328125,19609.697983398437,0.02207843783387453,57.61147571915607,215.00599588012847,220.50952799200448,-5.503532111876012,22991.266894765107,22327.05244140625,21662.83798804739,0.6750836866712161,86381357,bull,hold
2025-12-16,22436.578125,22446.423047389206,22333.20643991334,22441.500586194605,4250584,22360.2791015625,21977.0338671875,19624.44400878906,0.030522314532675177,53.90060264929104,192.53312986568199,214.91424836674,-22.381118501058012,22974.73601786856,22360.2791015625,21745.822185256442,0.5620865527042868,82130773,bull,hold
2025-12-17,22559.638671875,22559.638671875,22402.119920511264,22411.964842471498,5915496,22403.84287109375,22010.973125,19641.33576660156,0.04017248232734261,56.89094097109934,182.54886957811686,208.44117260901538,-25.892303030898518,22940.145740441916,22403.84287109375,21867.540001745587,0.6452498296071084,88046269,bull,hold
2025-12-18,22288.904296875,22333.206447641758,22224.91230132302,22274.136913286082,5803076,22413.441796875,22036.16671875,19657.529731445313,0.008688019207988562,49.31232649602547,151.04907026930232,196.9627521410728,-45.91368187177048,22934.07099825302,22413.441796875,21892.812595496976,0.3803971236434993,82243193,bull,hold
2025-12-19,22416.88671875,22480.87870982241,22362.739649381037,22421.809179601725,4083397,22451.83701171875,22055.5925,19674.436489257812,0.03547068780928386,52.5314960294035,134.85780736759625,184.5417631863775,-49.68395581878124,22836.909396509207,22451.83701171875,22066.764626928296,0.4546185414103762,86326590,bull,hold
2025-12-22,22717.15625,22741.76855362947,22648.241799837488,22658.086721289274,4696032,22490.47822265625,22086.60796875,19692.091538085937,0.03521748657691903,59.09536154231904,144.58862887061696,176.5511363232254,-31.962507452608435,22814.321961823258,22490.47822265625,22166.63448348924,0.8499805614998337,91022622,bull,hold
2025-12-23,22840.21875,22879.5984375,22790.994140625,22810.683984375,3538846,22528.13505859375,22119.98671875,19710.872036132812,0.034098515941780816,61.448229770779704,160.38170977616392,173.3172510138131,-12.935541237649176,22829.99696091253,22528.13505859375,22226.273156274972,1.01693123413215,94561468,bull,hold
2025-12-24,22441.5,22928.823645536304,22436.577538933976,22909.13380127221,5329751,22536.7494140625,22144.6073046875,19727.80468261719,0.0077365603454953025,51.17694021499439,139.12087048819012,166.4779749086885,-27.357104420498388,22817.67069921784,22536.7494140625,22255.828128907156,0.3304695672849636,89231717,bull,hold
2025-12-26,22377.5078125,22608.863480601078,22212.113122112845,22520.259182179387,5603339,22538.226171875,22168.1440234375,19745.777749023437,0.001321603382297809,49.73991105353128,115.77330485814309,156.33704089857943,-40.56373604043634,22815.448627448823,22538.226171875,22261.00371630118,0.2101274515400792,83628378,bull,hold
2025-12-29,22210.14453125,22387.353131233376,22210.14453125,22377.508209012078,4221017,22522.228125,22193.6238671875,19763.205512695313,-0.014201484229347971,46.09440839713178,82.81078165958024,141.6317890507796,-58.821007391199345,22834.2263033253,22522.228125,22210.229946674703,-0.00013688449266136937,79407361,bull,hold
2025-12-30,22279.056640625,22283.97910121727,22111.692980487736,22141.22774404137,3343757,22516.32109375,22214.5058203125,19782.24104003906,-0.0052747950379185005,47.79115332433203,61.53899264606662,125.613229769837,-64.07423712377039,22841.74884642172,22516.32109375,22190.89334107828,0.13545756135257314,82751118,bull,hold
2026-01-02,22254.447265625,22264.292188104817,22126.463273387388,22165.84296330665,5926252,22510.16806640625,22229.6051953125,19800.813432617186,-0.005499296342833082,47.21955056619673,42.20862099563965,108.93230801499755,-66.7236870193579,22850.18797492351,22510.16806640625,22170.148157888994,0.12396201755305046,76824866,bull,hold
2026-01-05,22224.91015625,22323.35937067414,22224.91015625,22254.444920577243,5885197,22496.38505859375,22242.4483203125,19820.744262695312,-0.01225125196479393,46.50066777991799,24.226496350769594,91.99114568215195,-67.76464933138236,22858.47571665603,22496.38505859375,22134.29440053147,0.1251285468167794,70939669,bull,hold
2026-01-06,22402.12109375,22436.578322415404,22347.97402013294,22357.818942608767,7730193,22485.5556640625,22258.4437890625,19842.702885742186,-0.009575607996664126,51.29187407628215,23.998336770306196,78.3925838997828,-54.39424712947661,22845.312598620018,22485.5556640625,22125.798729504982,0.384040358506056,78669862,bull,hold
2026-01-07,22510.416015625,22584.252936734636,22510.416015625,22549.795706883473,8729755,22480.63330078125,22274.0579296875,19865.251567382813,-0.004354366002409571,54.00287372706028,32.18500509164733,69.15106813815571,-36.96606304650838,22836.176247618616,22480.63330078125,22125.090353943884,0.5418834280199817,87399617,bull,hold
2026-01-08,22416.88671875,22515.335935784475,22407.041797046553,22500.568553229303,11994830,22470.29609375,22283.3928515625,19887.672709960938,-0.009138415575735359,51.3449062230894,30.771254252624203,61.47510536104941,-30.703851108425205,22820.590856257728,22470.29609375,22120.00133124227,0.42376509626115105,75404787,bull,hold
2026-01-09,22618.708984375,22638.39882897511,22535.027144824537,22539.949605974565,7646974,22471.77294921875,22293.6291796875,19910.617104492187,0.0013075782298903604,56.33875103204064,45.41272701546768,58.26262969193307,-12.84990267646539,22824.301931260252,22471.77294921875,22119.243967177248,0.7084027734476478,83051761,bull,hold
2026-01-12,22795.91796875,22820.530274913624,22658.089054233697,22761.460740120925,7866207,22484.07919921875,22306.91984375,19933.160053710937,0.01091473435437229,60.201323986565065,70.50277164287763,60.71065808212199,9.792113560755645,22862.850214570804,22484.07919921875,22105.3081838667,0.9116455020210648,90917968,bull,hold
2026-01-13,23027.271484375,23042.038866686486,22923.89980819461,22923.89980819461,10214920,22508.9375,22327.98796875,19957.46708496094,0.022066741601125095,64.60393733366944,107.81231472967193,70.13098941163199,37.68132531803994,22955.685336965296,22508.9375,22062.189663034704,1.0801191874771903,101132888,bull,hold
2026-01-14,23007.583984375,23081.420903451944,22997.73906183141,23037.11875200578,13869270,22519.27470703125,22350.3359375,19979.99948730469,0.009067391466357266,63.95557248233559,134.2442950429213,82.95365053788986,51.29064450503144,23000.77700822503,22519.27470703125,22037.77240583747,1.0070684772773586,87263618,bull,hold
2026-01-15,22859.908203125,22879.598046538544,22722.07929923019,22741.769142643734,17564020,22534.28818359375,22369.9273046875,20002.255073242188,0.013310032825319285,59.1594732136158,141.64285780922364,94.69149199215661,46.95136581706703,23038.096911129876,22534.28818359375,22030.479456057627,0.8231583751274936,69699598,bull,hold
2026-01-16,23017.427734375,23027.272656417077,22899.288669870082,22899.288669870082,17743820,22563.3306640625,22393.1612890625,20024.156508789063,0.02588851143605475,62.39857017975887,158.39094955992186,107.43138350570968,50.95956605421219,23106.676488791294,22563.3306640625,22019.98483933371,0.9178711325693522,87443418,bull,hold
2026-01-19,22751.615234375,23017.428134127542,22722.08046773583,23017.428134127542,6606875,22572.9294921875,22409.306953125,20043.83008300781,0.008509735696225373,54.537945503528306,148.5032328453999,115.64575337364772,32.857479471752185,23122.42346391696,22572.9294921875,22023.435520458042,0.6625911760461265,80836543,bull,hold
2026-01-20,22712.236328125,22800.84063109558,22687.624021744283,22722.081250677285,25593010,22594.09609375,22423.778984375,20063.306762695312,0.018992949389142977,53.46343124484686,135.92276446113465,119.70115559114511,16.221608869989538,23130.65805799413,22594.09609375,22057.534129505868,0.6100900196507861,55243533,bull,hold
2026-01-21,22495.646484375,22608.8630859375,22436.576953125,22584.25078125,29034520,22598.03408203125,22434.411484375,20082.526420898437,0.0035134123044446852,47.876251181119905,107.23947247106116,117.20881896712832,-9.96934649606716,23130.476138095895,22598.03408203125,22065.5920259666,0.4038509482017541,26209013,bull,hold
2026-01-22,22672.85546875,22751.614845106924,22628.553319549228,22682.700390794616,21845740,22595.81904296875,22447.702109375,20102.899350585936,-0.0019501024143371293,52.271152421483514,97.68103479397905,113.30326213249847,-15.622227338519423,23126.62649136783,22595.81904296875,22065.011594569667,0.5725653210157402,48054753,bull,hold
2026-01-23,22771.302734375,22800.83749797341,22672.853522380294,22697.46582537897,20050760,22592.3732421875,22455.971796875,20125.999418945314,-0.0030173097893381184,54.56320095940152,96.9323992872196,110.0290895634427,-13.0966902762231,23117.655751828137,22592.3732421875,22067.09073254686,0.6703173900744497,68105513,bull,hold
2026-01-26,22328.283203125,22402.12011847925,22249.523826747136,22343.05058619585,17434730,22586.71240234375,22452.132265625,20145.98555175781,-0.005044974572778083,44.262193669223485,59.900629382638726,100.00339752728192,-40.10276814464319,23120.743953104742,22586.71240234375,22052.680851582758,0.2580393903220795,50670783,bull,hold
2026-01-27,22569.484375,22638.39883110687,22544.872069247547,22574.40683615049,8901325,22596.31123046875,22451.935390625,20167.00766113281,0.008578996557997431,49.81710106751383,49.44562531201154,89.89184308422786,-40.446217772216315,23121.789294811682,22596.31123046875,22070.833166125816,0.47447385791232405,59572108,bull,hold
2026-01-28,22343.05078125,22475.95723004792,22269.213865251157,22431.655080448614,12862040,22602.95654296875,22459.220625,20188.84100097656,0.005984033548858569,45.257149049118,22.627821193298587,76.439038706042,-53.81121751274341,23111.831559552687,22602.95654296875,22094.081526384813,0.24462711545215018,46710068,bull,hold
2026-01-29,22347.0078125,22356.904627297386,22233.19444233005,22332.16259030392,13740070,22606.3541015625,22464.714453125,20214.653764648436,0.0030500022048103315,45.35128923383066,1.6745148046356917,61.48613392576074,-59.81161912112505,23107.380378382157,22606.3541015625,22105.327824742846,0.2411849427252163,60450138,bull,hold
2026-01-30,22317.3203125,22406.391657427936,22292.578272242237,22332.165536654655,14203710,22609.49775390625,22475.6199609375,20246.8041796875,0.002825190224882146,44.72980026568279,-17.12920974266308,45.76306519207598,-62.892274934739056,23102.375245654035,22609.49775390625,22116.620262158463,0.2036003405530216,46246428,bull,hold
2026-02-02,22470.71875,22609.27416180357,22386.595821404975,22490.512380257653,11484500,22621.78818359375,22491.2670703125,20275.154609375,0.011060048928066113,48.64587618466816,-19.429355502026738,32.724581053255434,-52.15393655528217,23087.185220063497,22621.78818359375,22156.391147124006,0.3376983287864444,57730928,bull,hold
2026-02-03,22673.60546875,22762.676812800088,22663.708652744433,22762.676812800088,15407100,22635.36240234375,22502.8006640625,20307.580322265625,0.012118690630403828,53.3534482730337,-4.825351333409344,25.21459457592248,-30.039945909331824,23090.053114842085,22635.36240234375,22180.671689845418,0.5420539339764815,73138028,bull,hold
2026-02-04,22525.150390625,22549.892427521554,22475.666316831885,22495.459946349132,12986580,22636.09912109375,22520.3240234375,20332.218955078126,0.0006545580938963624,49.75909892585639,-5.171048301494011,19.137466000439183,-24.308514301933194,23090.024765455004,22636.09912109375,22182.173476732496,0.3777897527414731,60151448,bull,hold
2026-02-05,22653.810546875,22663.70736231706,22530.10035384925,22574.636023338524,11392320,22647.9453125,22534.51359375,20359.42,0.010568988954511305,52.73121606070301,4.8805240688270715,16.28607761411676,-11.405553545289688,23090.595383162854,22647.9453125,22205.295241837146,0.5066251366075882,71543768,bull,hold
2026-02-06,22371.751953125,22386.597176716987,22228.248125069123,22282.680611573076,18485460,22635.5974609375,22540.2069921875,20385.356484375,-0.01091826378864491,46.269038048454135,-9.800331542101048,11.068795782873199,-20.869127324974247,23094.307400966176,22635.5974609375,22176.887520908826,0.21240485022407948,53058308,bull,hold
2026-02-09,22708.2421875,22851.74600607431,22708.2421875,22836.900783463174,10348820,22631.213671875,22548.987578125,20413.14548828125,-0.0038461175974660033,53.577957661775606,5.651784115059854,9.98539344931053,-4.333609334250676,23085.364370288364,22631.213671875,22177.062973461638,0.5848050172487996,63407128,bull,hold
2026-02-10,22767.625,22792.367039773962,22663.70843294936,22752.779776135623,9341861,22618.23134765625,22557.380625,20442.397431640624,-0.01127560790479154,54.74783653558302,22.430825195566285,12.474479798561681,9.956345397004604,23040.046408815244,22618.23134765625,22196.416286497253,0.67708430316982,72748989,bull,hold
2026-02-11,22619.169921875,22747.828512548538,22619.169921875,22747.828512548538,7672668,22598.81064453125,22559.1619140625,20471.39294921875,-0.016882001289826087,51.269326611710575,23.478605277781753,14.675304894405695,8.803300383376058,22981.041428248926,22598.81064453125,22216.579860813577,0.5266321790538808,65076321,bull,hold
2026-02-12,22485.564453125,22584.53260652784,22445.977191763865,22544.945345166703,11616810,22580.09345703125,22560.9292578125,20499.623271484375,-0.016375557883860026,48.295298946820246,13.373967034181987,14.415037322360956,-1.0410702881789682,22945.647273237104,22580.09345703125,22214.539640825395,0.37070439465332095,53459511,bull,hold
2026-02-13,22094.640625,22173.81514907615,22069.898586226205,22114.434256019038,15160530,22533.9541015625,22555.2719140625,20527.25935546875,-0.04009080076297489,40.83185765857926,-25.879989013184968,6.356032055251772,-32.23602106843674,22900.007196683735,22533.9541015625,22167.901006441265,-0.10006797158346876,38298981,bull,hold
2026-02-19,22342.060546875,22436.08029225498,22342.060546875,22431.131884603405,13067510,22513.4763671875,22552.10171875,20556.934189453124,-0.018001125778586924,46.47026633269126,-36.60238258718164,-2.23565087323491,-34.36673171394673,22874.318259913354,22513.4763671875,22152.634474461647,0.2624779387204739,51366491,bull,hold
2026-02-20,22342.060546875,22366.80258513289,22317.318508617107,22342.060546875,10936500,22494.967578125,22546.56875,20583.621044921874,-0.016298517499644172,46.47026633269126,-44.58599712422074,-10.705720123432076,-33.880277000788666,22851.07450410656,22494.967578125,22138.86065214344,0.2853074173880027,62302991,bull,hold
2026-02-23,22168.865234375,22302.472234671455,22158.968419538225,22302.472234671455,8923698,22478.628515625,22537.7687890625,20608.7131640625,-0.014526421822416813,43.13329777275285,-64.14901353216555,-21.394378805178775,-42.75463472698678,22862.050917703473,22478.628515625,22095.20611354653,0.09605479548035745,53379293,bull,hold
2026-02-24,22173.814453125,22262.885789915057,22163.917637926104,22168.866045525552,7590160,22453.67646484375,22528.7724609375,20631.473642578127,-0.02201050574828689,43.25868737676214,-78.35031077733947,-32.785565199610915,-45.56474557772856,22848.087189518374,22453.67646484375,22059.265740169125,0.14521500784540525,60969453,bull,hold
2026-02-25,22104.537109375,22312.370231961468,22089.69188633311,22277.731378197055,12176820,22420.33818359375,22519.079765625,20653.66912109375,-0.029280960899679576,41.86708403622239,-94.11020002040095,-45.05049216376892,-49.05970785663203,22814.44023159616,22420.33818359375,22026.23613559134,0.09934098817875166,48792633,bull,hold
2026-02-26,22183.712890625,22262.88741800622,22079.796323437153,22183.712890625,14463030,22413.10966796875,22511.7581640625,20676.133759765624,-0.006474761681622088,44.081128492726,-99.06919394279612,-55.85423251957436,-43.21496142322176,22818.832357075262,22413.10966796875,22007.38697886224,0.21729855945580473,63255663,bull,hold
2026-02-27,22213.40234375,22228.247566969258,22089.69215025618,22114.434188954943,17844470,22395.30556640625,22505.4241015625,20699.453505859376,-0.015777145163512363,44.9281384387881,-99.45706250515286,-64.57479851669007,-34.882263988462796,22803.262610217876,22395.30556640625,21987.34852259462,0.2770559113813936,81100133,bull,hold
2026-03-03,22406.390625,22554.842859706274,22391.545401529373,22490.51355800022,15406840,22398.47255859375,22497.5351171875,20723.25083984375,0.0028348789236585237,50.20778644375962,-83.23245774625684,-68.30633036260342,-14.926127383653423,22805.74064404597,22398.47255859375,21991.204473141526,0.5097209512469647,96506973,bull,hold
2026-03-04,22441.02734375,22619.17000844129,22421.233714339858,22525.15026874311,16783670,22403.17353515625,22495.162890625,20747.854912109375,0.004207253697625202,51.113630596789875,-66.80931169303221,-68.00692662868917,1.1976149356569579,22810.1272851515,22403.17353515625,21996.219785161,0.5465087354449892,113290643,bull,hold
2026-03-05,22549.89453125,22619.172241023425,22445.977966589864,22594.43020181863,9357387,22414.80224609375,22497.42921875,20772.44287109375,0.010421243029779648,53.94940846426532,-44.49625282861962,-63.30479186867527,18.80853904005565,22824.560347824252,22414.80224609375,22005.044144363248,0.6648439464475803,122648030,bull,hold
2026-03-06,22648.861328125,22718.139033738666,22559.789992336002,22678.551773388,15599340,22423.709375,22499.213671875,20797.306357421876,0.007927765021980004,56.42402942251506,-18.61264453367039,-54.366362401674294,35.7537178680039,22845.509984111482,22423.709375,22001.908765888515,0.7668938217031981,138247370,bull,hold
2026-03-09,22262.884765625,22262.884765625,22089.690507612802,22218.349099279007,9114345,22403.17333984375,22498.69328125,20818.87537109375,-0.018114485748244924,46.03416566045896,-28.911507470289507,-49.275391415397344,20.363883945107837,22814.16255910489,22403.17333984375,21992.18412058261,0.3293281579612295,129133025,bull,hold
2026-03-10,22386.595703125,22475.667038813826,22302.47277497444,22337.111627742317,10448850,22396.24560546875,22498.0874609375,20838.91861328125,-0.006151110429773898,49.25920397942285,-26.782262534929032,-44.77676563930369,17.994503104374658,22803.43038877846,22396.24560546875,21989.06082215904,0.488150462960191,139581875,bull,hold
2026-03-11,22376.69921875,22525.151447091994,22327.215142636003,22450.925332920997,10839900,22382.3900390625,22491.2783203125,20857.693994140624,-0.01223243778575811,49.00689616048315,-25.59830286295619,-40.94107308403419,15.342770221077998,22772.056580243094,22382.3900390625,21992.723497881903,0.49269783300452646,128741975,bull,hold
2026-03-12,22342.060546875,22391.54462339078,22262.88602444975,22347.008954526576,8520983,22380.90546875,22481.31515625,20878.099384765625,-0.0013271828827805532,48.078655462524836,-27.14217947621728,-38.18129436247081,11.039114886253529,22770.948873172038,22380.90546875,21990.86206432796,0.4502043600345464,120220992,bull,hold
2026-03-13,22391.544921875,22416.28696046271,22272.783136654005,22327.215621546962,5978292,22365.07060546875,22480.3160546875,20898.532890625,-0.013946357582857227,49.54882110168578,-24.09498531878853,-35.364032553734354,11.269047234945823,22725.24231431988,22365.07060546875,22004.898896617622,0.5367523541628196,126199284,bull,hold
2026-03-16,22416.287109375,22431.132332626243,22302.473731115482,22371.751439621275,8683036,22347.5037109375,22481.091640625,20918.84642578125,-0.015431468614974131,50.30648181831518,-19.45926000662803,-32.18307804431309,12.723818037685064,22658.31538167404,22347.5037109375,22036.69204020096,0.6106512478673999,134882320,bull,hold
2026-03-17,22356.904296875,22431.130406758384,22337.110667572764,22431.130406758384,24655650,22334.3904296875,22484.0268359375,20938.473154296877,-0.011594838621657999,48.42674902065407,-20.342613992750557,-29.814985234000588,9.47237124125003,22619.299591098003,22334.3904296875,22049.481268277,0.5395106058998589,110226670,bull,hold
2026-03-18,22485.564453125,22525.151714486135,22401.441522732588,22421.235153413156,15527440,22334.3904296875,22488.1569921875,20959.52294921875,0.0,52.56256639579159,-10.539387540367898,-25.95986569527405,15.420478154906153,22619.299591098003,22334.3904296875,22049.481268277,0.7653021452330296,125754110,bull,hold
2026-03-19,22297.525390625,22351.957876043747,22257.938128502272,22351.957876043747,24288510,22344.53466796875,22489.0185546875,20981.02150390625,0.009182532953056377,46.67170026322829,-17.738957128494803,-24.315683981918202,6.5767268534233985,22608.23415683039,22344.53466796875,22080.83517910711,0.4108658163375975,101465600,bull,hold
2026-03-20,22272.783203125,22292.576834054238,22109.485747958784,22168.8666407465,16596830,22341.07080078125,22489.976015625,21003.02990234375,-0.0031007589297616933,45.94209478658211,-25.15122794963827,-24.482792775462215,-0.6684351741760537,22606.622786668617,22341.07080078125,22075.518814893883,0.3714232969712868,84868770,bull,hold
2026-03-23,22030.310546875,22035.25895445516,21896.703542210664,21941.239210432108,16564980,22325.48330078125,22482.5398046875,21023.923408203125,-0.013953502603125112,39.43579046525579,-50.01448703515052,-29.58913162739988,-20.425355407750644,22623.57752706856,22325.48330078125,22027.389074493938,0.0049002498596636985,68303790,bull,hold
2026-03-24,22040.20703125,22114.433143838403,21965.980918661597,22084.742698803042,13983220,22319.050390625,22473.135625,21044.598359375,-0.00580355384747,39.81045921042569,-68.13481962169317,-37.29826922625854,-30.836550395434628,22635.38139552348,22319.050390625,22002.719385726523,0.05925382738803643,82287010,bull,hold
2026-03-25,22193.609375,22248.041861761427,22099.589625139353,22114.43484880156,10320480,22320.04013671875,22468.670078125,21064.797578125,0.0008927161322129784,45.44433186806757,-69.3179722080531,-43.702209822617455,-25.61576238543565,22634.66655080801,22320.04013671875,22005.41372262949,0.29907796030932915,92607490,bull,hold
2026-03-26,22228.248046875,22307.42257242041,22198.55759979547,22233.196454721587,12540920,22326.22568359375,22460.860859375,21084.195283203124,0.005596630994255447,46.658462581691396,-66.69179631037696,-48.30012712016936,-18.3916691902076,22628.274658223378,22326.22568359375,22024.176708964125,0.3378116713706907,105148410,bull,hold
2026-03-27,22089.69140625,22094.639813823083,21946.18758663054,22069.89777595766,8384852,22321.524609375,22446.736328125,21103.92365234375,-0.004238311451223886,42.57669467686086,-74.92718200952004,-53.6255380980395,-21.30164391148054,22635.009690869036,22321.524609375,22008.039527880963,0.13023247865559187,96763558,bull,hold
2026-03-30,21718.560546875,21718.560546875,21451.346541513583,21545.36628414075,14173840,22296.78251953125,22420.562109375,21122.600478515626,-0.022276722368657298,33.99745666737408,-110.13141677227031,-64.92671383288567,-45.204702939384646,22704.45795360656,22296.78251953125,21889.10708545594,-0.20916950633507506,82589718,bull,hold
2026-03-31,21985.775390625,22079.79513683744,21584.95436729828,21614.64481347063,14492810,22275.7517578125,22400.1259375,21141.395009765623,-0.01877211021688152,42.91627422250587,-115.14173947217569,-74.96971896074368,-40.17202051143201,22701.630129280005,22275.7517578125,21849.873386344996,0.1595549497051337,97082528,bull,hold
2026-04-01,22158.96875,22223.29804739839,22104.536267585976,22173.813972476553,14196020,22261.648828125,22386.1071484375,21161.8352734375,-0.012568880623397782,47.836330638511825,-103.93905491971236,-80.76358615253741,-23.175468767174948,22683.361131836995,22261.648828125,21839.936524413002,0.3782581427893046,111278548,bull,hold
2026-04-02,22134.2265625,22337.11126830427,22129.27815504136,22307.420823552427,11291520,22240.8654296875,22368.443125,21181.93251953125,-0.01843325556019615,47.210313537432285,-95.95126796357363,-83.80112251474466,-12.150145448828965,22644.280399886946,22240.8654296875,21837.450459488053,0.3678298091729498,99987028,bull,hold
2026-04-03,22223.298828125,22327.215389111556,22213.402012792947,22322.26698144553,15178310,22219.5873046875,22357.876796875,21201.6953515625,-0.018789575945327708,49.75933116715477,-81.49408869777835,-83.3397157513514,1.845627053573054,22576.94173692065,22219.5873046875,21862.232872454348,0.5051930563926516,115165338,bull,hold
2026-04-06,22257.9375,22302.473168630502,22213.401831369498,22233.195461871943,14489710,22219.33994140625,22348.7908203125,21220.72978515625,-0.00022222033115126827,50.75516720772747,-66.47533238614051,-79.96683907830923,13.491506692168727,22576.580979017665,22219.33994140625,21862.09890379484,0.5540217311703881,129655048,bull,hold
2026-04-07,22257.9375,22371.75087538906,22223.298646620722,22361.85406013784,13263790,22212.90703125,22344.036640625,21241.031328125,-0.0057471088874420095,50.75516720772747,-53.95094687262099,-74.7636606371716,20.812713764550608,22562.419099656257,22212.90703125,21863.394962843744,0.5644190470379665,142918838,bull,hold
2026-04-08,22455.875,22520.20430255619,22381.648881665933,22490.513855222565,17715970,22216.8658203125,22339.69703125,21262.517490234375,0.0035383136930069448,56.47295260861542,-27.73368247459439,-65.35766500465616,37.62398253006177,22575.386542933593,22216.8658203125,21858.34509769141,0.8333268687234285,160634808,bull,hold
2026-04-09,22554.841796875,22574.635427236455,22475.66727542919,22539.996574103912,16637500,22227.5048828125,22335.3678125,21284.18171875,0.009523797035352777,59.03410682321007,1.0177498668745102,-52.082582030350025,53.100331897224535,22611.94624138374,22227.5048828125,21843.06352424126,0.9257306176409251,177272308,bull,hold
2026-04-10,22708.2421875,22742.881040259315,22579.58359153683,22589.480406610917,13658670,22243.33974609375,22342.9669921875,21306.34490234375,0.014143609417303304,62.697903750550665,35.76927075558706,-34.51221147316261,70.28148222874967,22676.504877354422,22243.33974609375,21810.174614833075,1.0366341931230825,190930978,bull,hold
2026-04-13,22668.654296875,22705.272511630923,22594.42818588327,22668.654296875,17646680,22255.95810546875,22344.950390625,21328.066484375,0.011258206422349648,61.17728703798089,59.430610424740735,-15.723647093581938,75.15425751832268,22721.99616646257,22255.95810546875,21789.920044474933,0.9427709085886471,173284298,bull,hold
2026-04-14,22916.076171875,22990.30228774158,22846.79846373286,22881.437317803928,13227780,22283.91669921875,22356.4108984375,21350.927685546874,0.025011149467511817,66.62536893602731,97.0287826963031,6.8268388643950715,90.20194383190803,22830.88825976306,22283.91669921875,21736.945138674437,1.077872341321699,186512078,bull,hold
2026-04-15,23074.42578125,23099.167820475017,23034.838518489974,23034.838518489974,22972090,22313.359765625,22370.9592578125,21375.2873046875,0.026188416543982296,69.56871683304905,138.0121767316159,33.06390643783924,104.94827029377666,22955.667223024,22313.359765625,21671.052308225997,1.0924468156627887,209484168,bull,hold
2026-04-16,23316.896484375,23331.741707094254,23183.289479901712,23267.41240864415,22852770,22364.3283203125,22390.95078125,21399.98205078125,0.04571678138680779,73.43242253327527,187.89127741618722,64.02938063350885,123.86189678267837,23141.203303338876,22364.3283203125,21587.453337286122,1.1130768687850505,232336938,bull,hold
2026-04-17,23460.400390625,23485.142428581785,23391.122684345995,23445.555167850925,20004750,22423.7091796875,22410.7444140625,21424.93134765625,0.05332145411146327,75.42140079097216,236.27673882243107,98.4788522712933,137.79788655113776,23333.67021642449,22423.7091796875,21513.74814295051,1.0696349453900522,252341688,bull,hold
2026-04-20,23514.83203125,23519.780438663984,23405.967068142363,23490.08999418008,16139040,22497.93525390625,22427.5689453125,21449.884755859373,0.06738540889908506,76.15073317493496,275.8350888763598,133.95009959230663,141.88498928405318,23504.487968166362,22497.93525390625,21491.382539646136,1.0051383613282694,268480728,bull,hold
2026-04-21,23529.6796875,23574.215358832807,23504.93764787066,23559.370135055204,15878450,22572.40888671875,22447.65953125,21475.131689453126,0.06757979424322702,76.35682714732468,304.86910678042113,168.13390102992952,136.73520575049162,23650.351078459287,22572.40888671875,21494.46669497821,0.9440269655071016,284359178,bull,hold
2026-04-22,23554.419921875,23628.646035074187,23524.729476595327,23594.0071822479,12645960,22640.4494140625,22465.67171875,21499.722578125,0.061315423006763625,76.7178575604094,326.11584484023115,199.73028979198983,126.38555504824132,23783.958327848315,22640.4494140625,21496.940500276683,0.8996341859665168,297005138,bull,hold
2026-04-23,23653.388671875,23683.07911790664,23559.36892610813,23663.28548721888,18376870,22711.7064453125,22491.304453125,21524.564638671876,0.06411394285301553,78.15490444824366,346.94067272367465,229.17236637832684,117.76830634534781,23919.40242215381,22711.7064453125,21504.010468471188,0.8898672532740568,315382008,bull,hold
2026-04-24,23722.666015625,23752.3564612015,23668.23353206808,23712.76920043283,14780740,22793.35517578125,22511.5929296875,21549.485029296877,0.07392473617413109,79.12614858515514,364.82907899732163,256.30370890212583,108.5253700951958,24041.910669352677,22793.35517578125,21544.79968220982,0.8721543994754712,330162748,bull,hold
2026-04-27,23692.974609375,23777.09753509751,23663.28416500235,23732.561868538534,12783480,22892.07587890625,22530.099921875,21573.720888671876,0.09090906638304319,77.53505119808109,372.3180705479281,279.5065812312863,92.81148931664177,24096.540090836275,22892.07587890625,21687.611666976223,0.8324709536970781,317379268,bull,hold
2026-04-28,23737.509765625,23821.632689539038,23717.716136468756,23801.839060382794,9007258,22979.66259765625,22552.46671875,21597.88703125,0.07967580600986945,78.24178662695607,377.4952351326174,299.10431201155257,78.39092312106482,24162.339172618904,22979.66259765625,21796.986022693596,0.8203949346813947,326386526,bull,hold
2026-04-29,23755.4140625,23780.27842722943,23650.98373063638,23670.875222419927,9710230,23059.48486328125,22577.8637109375,21621.6066015625,0.07204510871021474,78.53416031429225,378.67774120885224,315.0189978510125,63.65874335783974,24225.19833293521,23059.48486328125,21893.77139362729,0.7984992527474759,336096756,bull,hold
2026-04-30,23740.49609375,23954.32963627854,23675.848743683233,23929.465270868244,17462620,23139.79833984375,22610.7808203125,21644.95916015625,0.07256948991257528,77.5985270848868,374.0987528360056,326.83494884801115,47.263803987994436,24259.897241653085,23139.79833984375,22019.699438034415,0.7681449615457715,318634136,bull,hold
2026-05-04,23839.953125,23984.16644177618,23839.953125,23929.464838861077,23653100,23220.6310546875,22640.738671875,21668.979580078125,0.07274591901851313,79.3637078352277,374.1818869132767,336.3043364610643,37.877550452212404,24296.98365133869,23220.6310546875,22144.278458036308,0.7876947908331202,342287236,bull,hold
2026-05-06,23815.08984375,23994.113279618658,23770.333984782836,23989.140406400085,31714400,23298.488671875,22670.1992578125,21692.656376953124,0.0699594175673286,77.7150691717361,367.99944374688494,342.64335791822845,25.35608582865649,24308.245153623295,23298.488671875,22288.732190126702,0.7558048307749192,310572836,bull,hold
2026-05-07,24068.705078125,24073.677951075024,23909.573143724174,23924.49176257425,31972830,23389.02705078125,22708.1960546875,21717.479404296875,0.08135379022090428,81.85553555729021,379.1933380966111,349.953353953905,29.239984142706135,24331.850827765098,23389.02705078125,22446.2032737974,0.8604480730842844,342545666,bull,hold
2026-05-08,24322.322265625,24322.322265625,24048.814245872523,24063.732865131748,15963770,23482.3494140625,22751.1662109375,21742.936982421874,0.08311621193228946,84.88075048666057,403.8737621529908,360.7374355937221,43.136326559268696,24406.543042111913,23482.3494140625,22558.15578601309,0.9544355349729755,358509436,bull,hold
2026-05-11,24466.53515625,24526.209632240854,24307.40322027439,24317.348966272868,13326740,23577.93408203125,22798.406171875,21769.334921875,0.08475756011021396,86.28140726581518,430.11188894613224,374.61232626420417,55.49956268192807,24494.044548165795,23577.93408203125,22661.823615896705,0.9849857670375337,371836176,bull,hold
2026-05-12,24725.125,24735.0707461786,24561.0201880531,24565.9930611424,12522580,23678.77822265625,22849.2344140625,21796.124208984376,0.08881721428927758,88.36315787653854,466.3955155482108,392.9689641210055,73.42655142720531,24632.988275809665,23678.77822265625,22724.568169502832,1.048279057575346,384358756,bull,hold
2026-05-13,24864.365234375,24958.849822265624,24779.826392578125,24779.826392578125,17744820,23788.56376953125,22902.253671875,21824.121416015623,0.09686110647523938,89.30432211675488,500.6152928014235,414.4982298570891,86.1170629443344,24757.768909691273,23788.56376953125,22819.35862937123,1.054991621622089,402103576,bull,hold
2026-05-14,25023.498046875,25053.335286199574,24943.932075342807,24963.823568225853,19410400,23893.93486328125,22954.5958203125,21851.817744140626,0.09196259687714115,90.27261361486886,534.4149974265747,438.48158337098624,95.93341405558846,24917.51287514907,23893.93486328125,22870.35685141343,1.0517719072201095,421513976,bull,hold
2026-05-15,25142.845703125,25277.113273137733,25142.845703125,25192.574432759346,22205650,23997.355859375,23008.6321875,21879.404169921876,0.08964123057639739,90.93541665205765,564.3266588431288,463.65059846541476,100.67606037771407,25084.813889239475,23997.355859375,22909.897829510523,1.0266823234974676,443719626,bull,hold
2026-05-18,24809.6640625,24973.768875901984,24809.6640625,24963.8231296352,16772790,24071.99423828125,23053.827578125,21905.690185546875,0.06402085196566909,75.47434695865817,554.7520557567477,481.8708899236814,72.88116583306635,25167.277465333278,24071.99423828125,22976.711011229225,0.8367484345597984,426946836,bull,hold
2026-05-19,25038.416015625,25048.36176180797,24869.33833051452,24869.33833051452,19897240,24150.89501953125,23101.618671875,21933.266171875,0.06726294516399611,78.2131979012561,559.1766444055138,497.3320408200479,61.844603585465904,25285.235716932497,24150.89501953125,23016.554322130003,0.8912056572276054,446844076,bull,hold
2026-05-20,24943.931640625,25018.52473763644,24874.311416747656,24963.823133161382,23348760,24222.35,23155.239609375,21960.58904296875,0.06077439156170872,74.51190583801721,548.733603951925,507.6123534464233,41.121250505501735,25367.414082186024,24222.35,23077.285917813973,0.8150835188400288,423495316,bull,hold
2026-05-21,25157.765625,25177.65711788397,24938.95920327634,24958.85069616031,18498690,24303.754296875,23210.6630078125,21989.224755859374,0.06919286446406292,77.14766275161604,551.3563419062084,516.3611511383804,34.995190767828035,25471.533025936616,24303.754296875,23135.97556781338,0.8656563126523344,441994006,bull,hold
2026-05-22,25476.029296875,25505.866535950005,25227.38563791663,25227.38563791663,19890650,24399.834765625,23272.649609375,22018.501455078123,0.08158168960957513,80.39694073908869,572.5164854455397,527.5922179998122,44.92426744572754,25620.21448856438,24399.834765625,23179.455042685622,0.9409260949771854,461884656,bull,hold
2026-05-26,25461.109375,25660.024291992188,25451.163629150393,25660.024291992188,26728310,24490.22080078125,23335.0305859375,22046.875068359375,0.07642544280661423,79.8239421153765,581.3803478929294,538.3498439784356,43.030503914493806,25743.40575595844,24490.22080078125,23237.035845604063,0.8873684288212167,435156346,bull,hold
2026-05-27,25396.462890625,25500.893225597218,25346.734159685846,25490.947479409388,16651330,24573.91064453125,23395.1289453125,22074.53556640625,0.07055686211227474,77.25471729240229,576.5425678899628,545.988388760741,30.55417912922178,25834.41984621623,24573.91064453125,23313.40144284627,0.826277763380944,418505016,bull,hold
2026-05-28,25376.5703125,25545.647990459045,25376.5703125,25421.326168430336,16537170,24658.0904296875,23454.334609375,22102.934248046877,0.07105885735676365,76.43941783683084,564.5951264088399,549.7097362903608,14.885390118479108,25896.711175326018,24658.0904296875,23419.469684048985,0.7900322335720761,401967846,bull,hold
2026-05-29,25660.025390625,25660.025390625,25436.24609942769,25451.164718840846,14352030,24754.2162109375,23520.39703125,22131.794990234375,0.08099061965564958,79.7231679550346,571.4122639431844,554.0502418209255,17.36202212225885,25990.542086110818,24754.2162109375,23517.89033576418,0.8663310773789786,416319876,bull,hold
2026-06-01,25714.7265625,25953.42446909447,25669.970705013537,25749.53667387836,16680530,24852.1818359375,23584.9802734375,22161.566044921874,0.08247856656360897,80.29396332645686,574.6051316886915,558.1612197944787,16.44391189421276,26066.72187053645,24852.1818359375,23637.64180133855,0.8550911052706955,433000406,bull,hold
2026-06-02,25858.939453125,25883.803817983775,25694.83464505709,25784.34635854868,16876670,24958.10400390625,23656.2085546875,22194.06654296875,0.0892333231373672,81.7523709242891,582.0626218333055,562.941500202244,19.121121631061442,26135.29244041558,24958.10400390625,23780.91556739692,0.8826216013002823,449877076,bull,hold
2026-06-04,25923.587890625,25938.506510166888,25764.455948844832,25888.77777836059,15123270,25062.2857421875,23729.2246484375,22225.39625,0.08740095899936873,82.38184618018373,586.4293328089043,567.6390667235761,18.7902660853282,26193.098205060567,25062.2857421875,23931.473279314436,0.8808333285650125,465000346,bull,hold
2026-06-05,26137.419921875,26296.55185442827,25764.45445495327,26092.664065844394,13323050,25178.40224609375,23811.3668359375,22257.966552734375,0.09751506684886468,84.30981377074103,600.2254156067756,574.1563365002161,26.06907910655957,26248.3965616497,25178.40224609375,24108.407930537796,0.9481414816129005,478323396,bull,hold
2026-06-08,25555.59375,25883.80336033275,25510.837894045533,25834.074631494455,21977253,25252.7466796875,23881.6745703125,22287.6522265625,0.06177684537031314,63.83916151772353,557.7806529130103,570.881199782775,-13.100546869764685,26204.03453375735,25252.7466796875,24301.458825617654,0.6591774082980472,456346143,bull,hold
2026-06-09,25272.140625,25500.89278335301,25227.384767930933,25485.97416432999,32952440,25300.23759765625,23943.2451953125,22315.528759765624,0.039051302297617774,56.625757531209324,495.5580892308535,555.8165776723906,-60.25848844153711,26150.451887767293,25300.23759765625,24450.02330754521,0.4834765346906948,423393703,bull,hold
2026-06-10,25267.16796875,25321.86957230368,25117.981777239962,25287.05946095134,37768600,25340.26923828125,24004.02359375,22342.743623046874,0.032723587847111935,56.50513377142822,440.7641526367843,532.8060926652694,-92.0419400284851,26100.30935433722,25340.26923828125,24580.22912222528,0.4519095979363634,385625103,bull,hold
2026-06-11,25108.03515625,25108.03515625,24804.689910749654,24859.39151239726,26349380,25359.41474609375,24064.39046875,22369.236298828124,0.015486682322131795,52.64061207387458,380.11712151451866,502.2682984351192,-122.15117692060056,26074.467767295704,25359.41474609375,24644.361724891794,0.32422311186015446,359275723,bull,hold
2026-06-12,25282.0859375,25371.597650103267,25262.194445810386,25301.977429189617,27939220,25380.30078125,24135.6609765625,22396.256337890623,0.016799974549420726,56.17136034974557,342.15421504819096,470.24548175773356,-128.0912667095426,26059.81315228453,25380.30078125,24700.78841021547,0.42773137919441256,387214943,bull,hold
2026-06-15,25595.376953125,25607.311848148798,25376.570544355327,25451.16363825408,33154120,25408.8947265625,24207.8530078125,22424.62240234375,0.02285367558039786,61.7055402059437,333.5038797179004,442.897161349767,-109.39328163186656,26073.918426324417,25408.8947265625,24743.87102680058,0.6402072036148956,420369063,bull,hold
2026-06-16,25699.80859375,25794.293184168197,25660.025608310756,25734.618706009336,37432650,25436.74287109375,24278.6698046875,22453.46162109375,0.02215194322875602,63.366073513112894,331.2566666204584,420.56906240390526,-89.31239578344685,26101.516669975514,25436.74287109375,24771.969072211985,0.6978610792864891,457801713,bull,hold
2026-06-17,25630.1875,25689.861976135042,25550.621531819947,25605.323134943734,38304070,25477.76904296875,24348.5890234375,22481.658837890624,0.03307273469858174,61.4529295181203,320.1672053860457,400.4886910003334,-80.32148561428772,26081.11820806132,25477.76904296875,24874.41987787618,0.6263103239795356,419497643,bull,hold
2026-06-18,25689.861328125,25689.861328125,25550.620887322155,25635.159726381025,38393220,25510.34130859375,24417.9202734375,22510.276884765626,0.026017832441695754,62.4980642681497,312.59055731337503,382.90906426294174,-70.31850694956671,26084.951451232624,25510.34130859375,24935.731165954876,0.656210277377642,457890863,bull,hold
2026-06-19,25679.916015625,25943.478283020067,25669.970269685564,25923.586791141195,24167310,25547.14052734375,24486.35984375,22538.796220703123,0.029505548106992796,62.195401913156246,302.29879321297994,366.7870100529494,-64.48821683996948,26063.22891113115,25547.14052734375,25031.052143556346,0.6286363852126025,433723553,bull,hold
2026-06-22,25908.66796875,25908.66796875,25674.942941008878,25679.91581393954,26026686,25584.68564453125,24559.374453125,22569.390029296876,0.02984773588175127,66.24457616246464,309.0384638313262,355.2373008086248,-46.19883697729858,26091.170127852034,25584.68564453125,25078.20116121047,0.8198344025216207,459750239,bull,hold
2026-06-23,25605.32421875,25908.669485276267,25565.541232976062,25883.805119167555,11590576,25591.150390625,24622.3634375,22597.4629296875,0.005075159883367597,57.45611177023681,286.59866487041654,341.5095736209832,-54.91090875056665,26095.217161845296,25591.150390625,25087.083619404704,0.5140594747901023,448159663,bull,hold
2026-06-24,25610.296875,25655.052733616503,25461.11067961165,25505.866538228154,20966058,25598.609765625,24683.4725390625,22625.11982421875,0.005859426539618351,57.5555199130619,266.1482232785893,326.43730355250443,-60.28908027391515,26099.16138651012,25598.609765625,25098.058144739876,0.5116742298769658,469125721,bull,hold
2026-06-25,25744.564453125,25804.238931285614,25669.97135542423,25699.80859450454,22080502,25616.01484375,24744.198984375,22652.933720703124,0.013706694668433439,60.25589971877523,257.8035732974822,312.71055750150003,-54.90698420401782,26111.421808314255,25616.01484375,25120.607879185744,0.6297414232842578,491206223,bull,hold
2026-06-26,25272.140625,25694.8348306523,25232.357640938608,25640.133227567887,20178359,25610.793359375,24796.2687109375,22678.875341796876,-0.004115200998952906,48.551446518565605,210.64157835305377,292.2967616718108,-81.65518331875705,26118.240069776726,25610.793359375,25103.34664897327,0.16631694773733074,471027864,bull,hold
2026-06-29,25679.916015625,25699.807507503872,25461.109604957397,25515.811207624298,22619217,25611.787890625,24851.5455078125,22706.39048828125,0.0007751599890180039,56.420272876660775,203.81991457633194,274.6013922527151,-70.78147767638313,26119.69441477006,25611.787890625,25103.88136647994,0.5670675820857755,493647081,bull,hold
2026-06-30,25973.31640625,25978.289279389242,25794.292973237363,25804.238719515844,14139205,25624.7173828125,24909.5233203125,22735.935966796875,0.010056099298644927,61.037754067887064,219.5577315011069,263.59266010239344,-44.03492860128654,26155.115016371266,25624.7173828125,25094.319749253737,0.8286204550900167,507786286,bull,hold
2026-07-01,26167.2578125,26281.63389187809,26087.691844236982,26127.47482836849,30488335,25640.13330078125,24966.530546875,22766.475634765626,0.011923086015723783,63.77037273316041,244.85695686666077,259.8455194552469,-14.988562588586149,26213.081008257483,25640.13330078125,25067.185593305017,0.9600110139550707,538274621,bull,hold
2026-07-02,26177.203125,26246.82334607713,26117.528649791035,26162.28450619776,43034670,25652.8140625,25020.8666015625,22797.432412109374,0.009783184158189684,63.910155180171124,262.68125287253133,260.4126661387038,2.268586733827533,26260.469694373664,25652.8140625,25045.15843062634,0.9314853964926507,581309291,bull,hold
2026-07-03,25829.1015625,26147.365424648633,25829.1015625,26147.365424648633,10164379,25637.39814453125,25067.1519921875,22826.158837890624,-0.011796051802227092,55.79566150928117,245.88385298684443,257.5069035083319,-11.623050521487471,26209.710693392124,25637.39814453125,25065.085595670374,0.6674814036057005,571144912,bull,hold
2026-07-06,25893.75,26037.963318609567,25824.12977722297,25948.451603610527,37878484,25654.30595703125,25114.4333984375,22854.30228515625,0.013232181310598667,56.89038009394837,235.07854207370838,253.02123122140722,-17.942689147698843,26235.858207527304,25654.30595703125,25072.753706535197,0.7058663196337972,609023396,bull,hold
2026-07-07,25868.884765625,25993.206587835808,25744.562943414192,25938.504986063053,41884609,25684.1431640625,25160.7226953125,22882.762275390625,0.023612726340826118,56.31273192648594,221.95033343579416,246.80705166428464,-24.85671822849048,26245.07161688115,25684.1431640625,25123.214711243854,0.6646748356534403,567138787,bull,hold
2026-07-08,25297.005859375,25664.998474589025,25297.005859375,25655.05272823189,49107073,25685.63505859375,25193.5950390625,22908.31388671875,0.00118089572451896,44.99654865940474,163.515381629044,230.14871765723655,-66.63333602819256,26242.261703679407,25685.63505859375,25129.008413508094,0.15090675891113106,518031714,bull,hold
2026-07-09,25446.19140625,25476.02864456102,25232.357865021007,25297.00521469489,33979362,25702.54287109375,25228.065546875,22934.415498046874,0.01346804908849375,47.93582053866269,127.77043017356482,209.6730601605022,-81.90262998693737,26205.96322091805,25702.54287109375,25199.122521269448,0.24539024402448356,552011076,bull,hold
2026-07-10,25461.109375,25674.942910766604,25426.29926452637,25575.48545227051,75050724,25711.49404296875,25263.4282421875,22960.0038671875,0.007081039038573156,48.23371637394199,99.49909044151354,187.63826621670447,-88.13917577519092,26190.464579339492,25711.49404296875,25232.523506598005,0.23862205610185988,627061800,bull,hold
2026-07-13,25540.67578125,25630.187495436625,25461.109813084113,25485.97417813595,22992723,25708.758984375,25299.4915625,22985.54919921875,-0.002137150469601612,49.880868360519486,82.56246533301965,166.6231060399675,-84.06064070694785,26190.964327072277,25708.758984375,25226.55364167772,0.3257140804529413,650054523,bull,hold
2026-07-14,25301.978515625,25351.707246984326,25083.17209764397,25316.8971350328,35023572,25688.86748046875,25330.4228515625,23009.729599609374,-0.015479884866603566,45.2311494824034,49.31076959607526,143.16063875118905,-93.8498691551138,26202.693669824654,25688.86748046875,25175.041291112848,0.12352155956790752,615030951,bull,hold
2026-07-15,25311.923828125,25441.218527443518,25287.05946287144,25326.842447277137,73860976,25672.954296875,25361.85140625,23034.18015625,-0.012417531938656357,45.45927259573617,23.49028339652432,119.22656768025612,-95.7362842837318,26212.150986967343,25672.954296875,25133.757606782656,0.16521449836035831,688891927,bull,hold
2026-07-16,25262.1953125,25386.517139825293,25262.1953125,25336.788408895176,80421161,25651.57099609375,25390.29625,23058.553525390624,-0.01664726835861885,44.46203926164186,-0.9740849110639829,95.1864371619921,-96.16052207305609,26219.54239282526,25651.57099609375,25083.59959936224,0.1572224536002354,608470766,bull,hold
2026-07-20,24804.69140625,25083.17230415497,24804.69140625,25018.524952855605,32955950,25607.809765625,25410.08828125,23079.806630859373,-0.03408206665638891,36.5237989459257,-56.62626246075524,64.82389723744264,-121.45015969819788,26284.723088177387,25607.809765625,24930.896443072612,-0.093220972772954,575514816,bull,hold
2026-07-21,24814.63671875,24859.392576559367,24725.125003131263,24749.98936858091,46487463,25553.108203125,25425.0069140625,23100.5951171875,-0.04222645684909687,36.788004943931846,-98.78972407421315,32.10117297511148,-130.89089704932462,26297.39589432337,25553.108203125,24808.82051192663,0.003907230290214858,622002279,bull,hold
2026-07-22,24978.7421875,25063.28103225164,24958.85069461726,25013.552300044794,31380601,25521.7791015625,25438.1353125,23122.008193359376,-0.024470771230897914,41.14142704134765,-117.60693183034891,2.159552014019404,-119.76648384436831,26306.29938707077,25521.7791015625,24737.258816054233,0.15390511622610062,653382880,bull,hold
2026-07-23,24735.0703125,24943.930978588658,24700.260201485224,24919.066613578107,35498736,25478.0177734375,25443.506015625,23141.492626953124,-0.03417479175551341,37.06007033262908,-150.44772073523563,-28.361902535831604,-122.08581819940403,26332.433905969927,25478.0177734375,24623.60164090507,0.06523090292346378,617884144,bull,hold
2026-07-24,24451.6171875,24655.504985890788,24386.969836790726,24635.613493364857,28691191,25413.37041015625,25438.035859375,23159.584287109374,-0.050222145648615046,32.963511477435475,-197.0748249115968,-62.10448701098464,-134.97033790061215,26367.204781148856,25413.37041015625,24459.536039163646,-0.004151062230754581,589192953,bull,hold
2026-07-27,24745.015625,24749.988497914994,24516.26347091037,24556.046454230305,12964588,25387.01416015625,25435.6488671875,23179.338876953127,-0.020857948197650966,40.31747360629968,-207.95516137556478,-91.27462188390066,-116.68053949166412,26383.192785180796,25387.01416015625,24390.835535131704,0.177769368349762,602157541,bull,hold
2026-07-28,24337.240234375,24565.992390235493,24307.402996654066,24521.23653365409,13453243,25319.88037109375,25421.9237109375,23196.540263671875,-0.05228505344149281,34.63122453254415,-246.63887311228973,-122.34747212957849,-124.29140098271124,26405.048943290185,25319.88037109375,24234.711798897315,0.047240787332313884,588704298,bull,hold
2026-07-29,24198.0,24501.345252774354,24053.786683107275,24426.75215782984,15274046,25231.11455078125,25403.026796875,23213.241376953127,-0.06835154889280148,32.923690023329826,-285.24340814832976,-154.92665933332876,-130.316748815001,26376.715148572977,25231.11455078125,24085.513952989524,0.049094792385454986,573430252,bull,hold
2026-07-30,23730.0,23985.0,23730.0,23875.0,19952347,25109.25166015625,25381.433515625,23227.431044921876,-0.09314150645681074,27.937634956654506,-349.57182268484394,-193.85569200363182,-155.71613068121212,26345.534237415974,25109.25166015625,23872.969082896525,-0.05782217007919917,553477905,bull,hold
2026-07-31,24030.0,24255.0,23925.0,23930.0,23661628,25001.89150390625,25361.2651953125,23243.267666015625,-0.08202568909851782,34.75840234852157,-372.05622925693024,-229.4957994542915,-142.56042980263874,26221.37605123493,25001.89150390625,23782.406956577568,0.10151544927928458,577139533,bull,hold
2026-08-03,24265.0,24320.0,24200.0,24310.0,18679347,24923.68642578125,25347.6865625,23259.44654296875,-0.06055578660818939,39.582527558195856,-366.68582153697935,-256.9338038708291,-109.75201766615027,26121.361233771033,24923.68642578125,23726.011617791464,0.22501449417358585,595818880,bull,hold
2026-08-04,24595.0,24605.0,24355.0,24540.0,15892698,24858.74892578125,25336.43125,23275.1935546875,-0.050156891141684756,45.6590105492593,-331.97469501522573,-271.9419820997084,-60.03271291551732,25977.212030117596,24858.74892578125,23740.2858214449,0.38209314873298983,611711578,bull,hold
2026-08-05,24925.0,24985.0,24840.0,24965.0,18568774,24811.5546875,25325.4106640625,23293.986640625,-0.03648726159541482,50.969568282246776,-274.67139423590197,-272.48786452694713,-2.1835297089548362,25830.796312058945,24811.5546875,23792.313062941055,0.5556518247324774,630280352,bull,hold
2026-08-06,24790.0,24810.0,24615.0,24770.0,15659969,24786.20439453125,25311.9884765625,23312.080234375,-0.02004212918293269,48.86568753991848,-237.41471819243088,-265.4732352600439,28.058517067613025,25780.81149920868,24786.20439453125,23791.59728985382,0.5019080928795397,614620383,bull,hold
2026-08-07,24625.0,24785.0,24615.0,24750.0,22049585,24745.14482421875,25296.55921875,23329.152880859376,-0.03227168235668865,46.34759203427796,-218.68182706785956,-256.114953621607,37.43312655374746,25694.13404420682,24745.14482421875,23796.15560423068,0.4366985305585131,592570798,bull,hold
2026-08-10,24800.0,24815.0,24565.0,24605.0,15677092,24712.08935546875,25285.0278125,23347.149521484374,-0.025965458349161197,49.329940500619216,-187.55284596378988,-242.4025320900436,54.849686126253715,25603.319210255577,24712.08935546875,23820.859500681923,0.549319849452461,608247890,bull,hold
2026-08-11,24740.0,24800.0,24675.0,24800.0,10923518,24672.05556640625,25266.6273046875,23366.168759765624,-0.03134904448525966,48.33784307963782,-165.8130135208412,-227.08462837620314,61.271614855361946,25478.730559705513,24672.05556640625,23865.380573106984,0.5421138836322803,597324372,bull,hold
2026-08-12,24685.0,24710.0,24580.0,24610.0,18048562,24641.206640625,25246.0327734375,23383.41896484375,-0.02438459566488016,47.39684383589596,-151.27823866074687,-211.92335043311192,60.645111772365055,25394.592894288187,24641.206640625,23887.820386961816,0.5290643472468886,579275810,bull,hold
2026-08-13,24800.0,24800.0,24625.0,24715.0,19460885,24615.61044921875,25224.853984375,23399.921572265626,-0.020224611594168218,49.60587454799252,-128.99283683405156,-195.33724771329986,66.3444108792483,25308.46032056561,24615.61044921875,23922.760577871893,0.6330660207981322,598736695,bull,hold
2026-08-14,24910.0,24975.0,24820.0,24890.0,29650256,24598.00068359375,25204.5822265625,23416.557802734376,-0.013941595658779948,51.69544752200758,-101.2878315643211,-176.5273644835041,75.239532919183,25240.277238732444,24598.00068359375,23955.724128455055,0.7428854937254225,628386951,bull,hold
2026-08-18,24545.0,24715.0,24500.0,24705.0,20367152,24585.01611328125,25172.733828125,23431.271064453125,-0.010469447170165846,45.02418069588515,-107.54416268844216,-162.7307241244917,55.186561436049544,25220.517789551166,24585.01611328125,23949.514437011334,0.4685161229501982,608019799,bull,hold
2026-08-19,24215.0,24495.0,24155.0,24495.0,23127666,24555.03427734375,25145.921953125,23443.69751953125,-0.024164638215191436,39.99839119999606,-137.54505843880906,-157.69359098735518,20.148532548546115,25200.870168978396,24555.03427734375,23909.198385709107,0.2367486990517769,584892133,bull,hold
2026-08-20,24250.0,24290.0,24090.0,24175.0,32822533,24518.59716796875,25125.479140625,23455.19681640625,-0.029174494937726725,40.75375830720508,-156.6905458963447,-157.4929819691531,0.8024360728084048,25146.687010754165,24518.59716796875,23890.507325183335,0.2861793411770589,617714666,bull,hold
2026-08-21,23910.0,23975.0,23785.0,23970.0,27785649,24477.34365234375,25098.33578125,23464.212353515624,-0.0333562954168376,36.01104903476135,-197.02743155798817,-165.39987188692012,-31.627559671068042,25149.94711540038,24477.34365234375,23804.740189287117,0.07824804397715439,589929017,bull,hold
2026-08-24,23845.0,23980.0,23780.0,23975.0,28173205,24447.01279296875,25073.075078125,23472.7804296875,-0.02480887799151832,35.16843061401032,-231.57026298454002,-178.6339501064441,-52.93631287809592,25174.030607831133,24447.01279296875,23719.99497810637,0.08597108580983859,561755812,bull,hold
2026-08-25,23955.0,23955.0,23770.0,23805.0,25334127,24407.51201171875,25046.533359375,23482.686103515625,-0.03192625282490602,37.82004046129283,-247.21982876905167,-192.35112583896563,-54.868702930086044,25151.130083284435,24407.51201171875,23663.893940153066,0.19573627308035385,587089939,bull,hold
2026-08-26,23920.0,24015.0,23850.0,23955.0,22206936,24386.65,25013.0258203125,23492.83517578125,-0.01714410633074459,37.29733037725028,-259.45558738918044,-205.7720181490086,-53.683569240171835,25159.807752339748,24386.65,23613.492247660255,0.19821812004871234,564883003,bull,hold
2026-08-27,23965.0,24115.0,23915.0,24070.0,20809339,24375.0,24978.3296484375,23503.2584765625,-0.009628894949995859,38.474723823438005,-262.49550554011876,-217.11671562723063,-45.378789912888124,25165.993046747597,24375.0,23584.006953252403,0.24083210864758112,585692342,bull,hold
2026-08-28,23890.0,24045.0,23875.0,24005.0,13443213,24383.0,24943.5258984375,23513.429833984374,0.006742520016856268,37.22028717084723,-267.8687120054965,-227.26711490288383,-40.60159710261266,25150.62881655332,24383.0,23615.37118344668,0.17888125786262957,572249129,bull,hold
2026-08-31,23755.0,23910.0,23750.0,23875.0,16524094,24369.25,24904.828671875,23522.483173828125,-0.011444028297960873,35.0077306626152,-279.79508502531826,-237.77270892737073,-42.02237609794753,25170.781502813858,24369.25,23567.718497186142,0.11682728760902525,555725035,bull,hold
2026-09-01,23740.0,23795.0,23660.0,23745.0,19685111,24343.0,24866.0303515625,23531.24,-0.021636101380589357,34.7604771020559,-287.1471426901335,-247.6475956799233,-39.499547010210165,25189.589629042923,24343.0,23496.410370957077,0.14386523333524828,536039924,bull,hold
2026-09-02,23500.0,23660.0,23465.0,23660.0,21998617,24288.25,24817.8569921875,23538.919892578124,-0.04452124415531611,30.989159882972217,-308.78026886410225,-259.8741303167591,-48.906138547343176,25201.56963189401,24288.25,23374.93036810599,0.06846980373926977,514041307,bull,hold
2026-09-03,23485.0,23570.0,23425.0,23500.0,19400253,24216.25,24775.4505078125,23546.303271484376,-0.057773319959879665,30.764501864771972,-323.4070170760242,-272.58070766861215,-50.826309407412054,25144.349536689348,24216.25,23288.150463310652,0.10604979795137902,494641054,bull,hold
2026-09-04,23620.0,23745.0,23595.0,23660.0,26288267,24157.75,24735.6445703125,23552.6141796875,-0.04719645018152485,35.30995091654759,-320.41193926968117,-282.146953988826,-38.26498528085517,25081.300079856504,24157.75,23234.199920143496,0.20886798034625675,520929321,bull,hold
2026-09-07,23320.0,23455.0,23210.0,23440.0,26313634,24092.5,24687.15328125,23556.612880859375,-0.05299492385786797,30.515483245513593,-338.34557415907693,-293.3866780228762,-44.958896136200735,25058.219938700102,24092.5,23126.780061299898,0.10003932349174843,494615687,bull,hold
2026-09-08,23330.0,23375.0,23235.0,23320.0,21532280,24019.0,24648.31046875,23560.366240234376,-0.059274193548387144,30.852524481346876,-347.7426319879851,-304.25786881589795,-43.48476317208713,24981.899787102946,24019.0,23056.100212897054,0.14222652802064784,516147967,bull,hold
2026-09-09,23140.0,23240.0,23120.0,23165.0,22236943,23939.0,24597.5121484375,23566.172294921875,-0.06467259498787392,28.06686990206191,-366.2988153925362,-316.6660581312256,-49.63275726131059,24914.774564129886,23939.0,22963.225435870114,0.09058166231639726,493911024,bull,hold
