Date,Close,High,Low,Open,Volume,ma20,ma50,ma200,momentum20,rsi14,macd,macd_signal,macd_hist,bb_upper,bb_middle,bb_lower,bb_pct,obv,state,signal
2021-08-25,16.790000915527344,17.5,16.459999084472656,17.420000076293945,0,,,,,,,,,,,,,0,bear,hold
2021-08-26,18.84000015258789,19.270000457763672,17.15999984741211,17.459999084472656,0,,,,,,,,,,,,,0,bear,hold
2021-08-27,16.389999389648438,18.219999313354492,16.110000610351562,17.950000762939453,0,,,,,,,,,,,,,0,bear,hold
2021-08-30,16.190000534057617,16.799999237060547,15.979999542236328,16.770000457763672,0,,,,,,,,,,,,,0,bear,hold
2021-08-31,16.479999542236328,17.06999969482422,15.90999984741211,15.979999542236328,0,,,,,,,,,,,,,0,bear,hold
2021-09-01,16.110000610351562,16.709999084472656,15.680000305175781,16.059999465942383,0,,,,,,,,,,,,,0,bear,hold
2021-09-02,16.40999984741211,16.979999542236328,15.729999542236328,16.270000457763672,0,,,,,,,,,,,,,0,bear,hold
2021-09-03,16.40999984741211,17.059999465942383,16.079999923706055,16.270000457763672,0,,,,,,,,,,,,,0,bear,hold
2021-09-07,18.139999389648438,18.389999389648438,16.889999389648438,16.940000534057617,0,,,,,,,,,,,,,0,bear,hold
2021-09-08,17.959999084472656,19.639999389648438,17.780000686645508,18.969999313354492,0,,,,,,,,,,,,,0,bear,hold
2021-09-09,18.799999237060547,19.540000915527344,17.170000076293945,19.440000534057617,0,,,,,,,,,,,,,0,bear,hold
2021-09-10,20.950000762939453,21.1299991607666,16.989999771118164,17.940000534057617,0,,,,,,,,,,,,,0,bear,hold
2021-09-13,19.3700008392334,21.18000030517578,18.760000228881836,19.639999389648438,0,,,,,,,,,,,,,0,bear,hold
2021-09-14,19.459999084472656,20.469999313354492,18.389999389648438,19.579999923706055,0,,,,,62.52568872404795,,,,,,,,0,bear,hold
2021-09-15,18.18000030517578,20.270000457763672,18.010000228881836,19.299999237060547,0,,,,,53.301760760296325,,,,,,,,0,bear,hold
2021-09-16,18.690000534057617,19.760000228881836,17.649999618530273,18.40999984741211,0,,,,,56.08177907062469,,,,,,,,0,bear,hold
2021-09-17,20.809999465942383,21.510000228881836,18.350000381469727,18.3700008392334,0,,,,,65.32315575721358,,,,,,,,0,bear,hold
2021-09-20,25.709999084472656,28.790000915527344,23.899999618530273,24.25,0,,,,,77.2426658839091,,,,,,,,0,bear,hold
2021-09-21,24.360000610351562,25.600000381469727,21.709999084472656,23.40999984741211,0,,,,,70.09405080321862,,,,,,,,0,bear,hold
2021-09-22,20.8700008392334,23.399999618530273,20.75,22.719999313354492,0,18.846000003814698,,,,55.73385014229863,,,,24.033864248698283,18.846000003814698,13.658135758931113,0.6950707208091293,0,bear,hold
2021-09-23,18.6299991607666,20.209999084472656,18.420000076293945,19.90999984741211,0,18.93799991607666,,,0.10958893060795694,48.820490966081884,,,,24.04133062361938,18.93799991607666,13.834669208533938,0.4698235551485197,0,bear,hold
2021-09-24,17.75,20.40999984741211,17.6299991607666,19.329999923706055,0,18.883499908447266,,,-0.057855633957527686,46.38617346928288,,,,24.013066291350693,18.883499908447266,13.75393352554384,0.3895130870881054,0,bear,hold
2021-09-27,18.760000228881836,19.31999969482422,17.739999771118164,17.780000686645508,0,19.001999950408937,,,0.14460042266567985,49.49862217412022,,,,24.003582070453938,19.001999950408937,14.000417830363938,0.4758076828772608,0,bear,hold
2021-09-28,23.25,24.81999969482422,19.709999084472656,19.739999771118164,0,19.354999923706053,,,0.4360716017946278,60.481880495408085,,,,24.507185917991958,19.354999923706053,14.202813929420149,0.8779949016411427,0,bear,hold
2021-09-29,22.559999465942383,23.790000915527344,21.450000762939453,22.06999969482422,0,19.658999919891357,,,0.3689320444532611,58.3805986587625,,,,24.814253114783916,19.658999919891357,14.503746724998797,0.7813634400076722,0,bear,hold
2021-09-30,23.139999389648438,24.709999084472656,20.600000381469727,21.479999542236328,0,20.0104998588562,,,0.4363748301027197,59.64962259790742,1.1997193726210575,,,25.108226697060438,20.0104998588562,14.91277302065196,0.8069504928489517,0,bear,hold
2021-10-01,21.100000381469727,24.889999389648438,20.850000381469727,24.780000686645508,0,20.244999885559082,,,0.2858013758481077,53.47371173004478,1.1192542678731243,,,25.083547196284318,20.244999885559082,15.406452574833846,0.5883530159987721,0,bear,hold
2021-10-04,22.959999084472656,24.579999923706055,21.8799991607666,22.899999618530273,0,20.57249984741211,,,0.399146818888819,57.767202537764945,1.191832737408479,,,25.21096017920048,20.57249984741211,15.934039515623741,0.7573590228527447,0,bear,hold
2021-10-05,21.299999237060547,23.170000076293945,20.6200008392334,22.920000076293945,0,20.730499839782716,,,0.17420065897110004,53.06102949048673,1.102692430984117,,,25.24025566867207,20.730499839782716,16.220744010893362,0.5631408239033292,0,bear,hold
2021-10-06,21.0,24.399999618530273,20.989999771118164,22.950000762939453,0,20.88249988555908,,,0.1692650930119246,52.23284513255333,0.996355300988867,,,25.209724488092917,20.88249988555908,16.555275283025246,0.5135768448871496,0,bear,hold
2021-10-07,19.540000915527344,20.760000228881836,19.06999969482422,20.540000915527344,0,20.919499969482423,,,0.039361793005184165,48.2831458864172,0.7852210949550162,,,25.187110031641414,20.919499969482423,16.651889907323433,0.33837569109381227,0,bear,hold
2021-10-08,18.770000457763672,19.940000534057617,18.200000762939453,19.459999084472656,0,20.810499954223634,,,-0.10405729001366915,46.29487153102727,0.5494296309763484,,,25.17957939957943,20.810499954223634,16.441420508867836,0.266484047500103,0,bear,hold
2021-10-11,20.0,20.450000762939453,18.110000610351562,19.93000030517578,0,20.84199991226196,,,0.032524477721784795,49.84766956877492,0.4565510442657441,,,25.178041967582303,20.84199991226196,16.50595785694162,0.4029068558930576,0,bear,hold
2021-10-12,19.850000381469727,20.809999465942383,18.969999313354492,20.6200008392334,0,20.861499977111816,,,0.020041177561424206,49.41831843687384,0.36661427833604066,0.7617029303411712,-0.39508865200513055,25.17596020425569,20.861499977111816,16.54703974996794,0.38277796730186914,0,bear,hold
2021-10-13,18.639999389648438,20.229999542236328,18.440000534057617,20.139999389648438,0,20.884499931335448,,,0.02530247946924935,45.97800412031775,0.19544876404826184,0.6484520970825893,-0.4530033330343275,25.146116518257674,20.884499931335448,16.62288334441322,0.23666090133791148,0,bear,hold
2021-10-14,16.860000610351562,18.079999923706055,16.799999237060547,18.010000228881836,0,20.792999935150146,,,-0.0979133157525256,41.41087558866323,-0.08287681232109634,0.5021863152018522,-0.5850631275229485,25.31008310603735,20.792999935150146,16.27591676426294,0.06465276639724797,0,bear,hold
2021-10-15,16.299999237060547,16.850000381469727,15.720000267028809,16.639999389648438,0,20.567499923706055,,,-0.21672274601750452,40.06257702478611,-0.3446661704533902,0.33281581807080374,-0.677481988524194,25.490709507896494,20.567499923706055,15.644290339515617,0.06659364042215085,0,bear,hold
2021-10-18,16.309999465942383,17.93000030517578,16.270000457763672,17.290000915527344,0,20.097499942779542,,,-0.3656164898196098,40.100083254469126,-0.5450462342593134,0.15724340760478028,-0.7022896418640937,24.754816250209764,20.097499942779542,15.440183635349321,0.09338165728676932,0,bear,hold
2021-10-19,15.699999809265137,16.309999465942383,15.569999694824219,16.09000015258789,0,19.66449990272522,,,-0.3555008449961383,38.51679560081713,-0.7444887499190109,-0.02310302389997798,-0.721385726019033,24.266071171905864,19.66449990272522,15.062928633544571,0.06922322164033357,0,bear,hold
2021-10-20,15.489999771118164,15.890000343322754,15.289999961853027,15.819999694824219,0,19.395499849319457,,,-0.2577863369320714,37.96111154235288,-0.9090150686507918,-0.20028543285014078,-0.7087296358006511,24.302602640029335,19.395499849319457,14.48839705860958,0.1020564226211867,0,bear,hold
2021-10-21,15.010000228881836,16.110000610351562,14.920000076293945,16.059999465942383,0,19.21449990272522,,,-0.1943102037013622,36.65924218494761,-1.0658488708139089,-0.37339812044289444,-0.6924507503710144,24.475482415456177,19.21449990272522,13.953517389994262,0.10040737032778664,0,bear,hold
2021-10-22,15.430000305175781,16.389999389648438,14.84000015258789,15.350000381469727,0,19.098499917984007,,,-0.13070420815911088,38.642102776726226,-1.1430736513705249,-0.5273332266284205,-0.6157404247421043,24.58116792372492,19.098499917984007,13.615831912243095,0.16544576390847182,0,bear,hold
2021-10-25,15.239999771118164,16.329999923706055,15.100000381469727,16.139999389648438,0,18.922499895095825,,,-0.18763328437195215,38.06162395906517,-1.2057076542229446,-0.6630081121473254,-0.5426995420756192,24.657518002976285,18.922499895095825,13.187481787215365,0.1789460770038759,0,bear,hold
2021-10-26,15.979999542236328,16.709999084472656,14.899999618530273,15.020000457763672,0,18.558999872207643,,,-0.31268819173177087,41.73284779839961,-1.182008299739227,-0.7668081496657058,-0.4152001500735212,24.06791209377049,18.558999872207643,13.050087650644794,0.2659247210477728,0,bear,hold
2021-10-27,16.979999542236328,17.290000915527344,15.539999961853027,15.789999961853027,0,18.279999876022337,,,-0.2473404280053233,46.35979532900285,-1.0701981695911407,-0.8274861536507928,-0.24271201594034786,23.50817343205467,18.279999876022337,13.051826319990006,0.3756735674654437,0,bear,hold
2021-10-28,16.530000686645508,17.15999984741211,16.229999542236328,17.059999465942383,0,17.949499940872194,,,-0.2856525011819957,44.6418510676574,-1.0062989943417229,-0.8632487217889788,-0.14305027255274405,22.72291153862212,17.949499940872194,13.176088343122267,0.3513118735774007,0,bear,hold
2021-10-29,16.260000228881836,18.059999465942383,16.1299991607666,17.399999618530273,0,17.707499933242797,,,-0.22938388934051568,43.597921687224144,-0.9663062411976355,-0.8838602256707102,-0.08244601552692532,22.30499419826207,17.707499933242797,13.110005668223526,0.3425773235461672,0,bear,hold
2021-11-01,16.40999984741211,17.700000762939453,16.31999969482422,16.850000381469727,0,17.379999971389772,,,-0.2852787237909852,44.37613812827333,-0.9119950691228169,-0.8894871943611316,-0.022507874761685365,21.32041624948048,17.379999971389772,13.439583693299062,0.37691654186754275,0,bear,hold
2021-11-02,16.030000686645508,16.649999618530273,15.890000343322754,16.540000915527344,0,17.116500043869017,,,-0.2474177811821514,42.766293106650316,-0.889363798195177,-0.8894625151279406,9.87169327636428e-05,20.657738861376053,17.116500043869017,13.575261226361981,0.3465933232387326,0,bear,hold
2021-11-03,15.100000381469727,16.389999389648438,14.899999618530273,16.110000610351562,0,16.821500062942505,18.475999965667725,,-0.28095236278715585,39.034101842006876,-0.9356856040271992,-0.8987071329077924,-0.036978471119406886,19.982071562445324,16.821500062942505,13.660928563439684,0.227660063734742,0,bear,hold
2021-11-04,15.4399995803833,16.139999389648438,14.729999542236328,15.0600004196167,0,16.616499996185304,18.448999938964842,,-0.2098260564504888,41.059252824324695,-0.9341920901186995,-0.9058041243499738,-0.02838796576872571,19.5702724033875,16.616499996185304,13.662727588983108,0.30084782210482147,0,bear,hold
2021-11-05,16.479999542236328,17.020000457763672,14.949999809265137,15.59000015258789,0,16.501999950408937,18.401799926757814,,-0.12200324239097982,46.872634340665996,-0.8394129345141508,-0.8925258863828093,0.0531129518686585,19.28562061759761,16.501999950408937,13.718379283220264,0.496048238822205,0,bear,hold
2021-11-08,17.219999313354492,17.690000534057617,16.440000534057617,17.229999542236328,0,16.36299991607666,18.418399925231935,,-0.13900003433227537,50.60575866271391,-0.6965584811790606,-0.8533324053420597,0.15677392416299907,18.67106484763137,16.36299991607666,14.054934984521948,0.685653225254057,0,bear,hold
2021-11-09,17.780000686645508,18.56999969482422,17.209999084472656,17.43000030517578,0,16.259499931335448,18.45019992828369,,-0.10428209849086922,53.2811569269636,-0.5320250138171971,-0.7890709270370873,0.2570459132198901,18.063400851157596,16.259499931335448,14.4555990115133,0.921447968289736,0,bear,hold
2021-11-10,18.729999542236328,19.899999618530273,17.219999313354492,17.739999771118164,0,16.263999938964844,18.495199928283693,,0.004828334524403122,57.48787677871609,-0.3212706789558766,-0.6955108774208452,0.3742401984649686,18.091921069524673,16.263999938964844,14.436078808405014,1.174536653153146,0,bear,hold
2021-11-11,17.65999984741211,18.389999389648438,17.270000457763672,18.34000015258789,0,16.30399990081787,18.526199913024904,,0.04744953784695416,51.82736268384072,-0.2378446580225173,-0.6039776335411796,0.3661329755186623,18.21544319335166,16.30399990081787,14.392556608284082,0.8547057743985538,0,bear,hold
2021-11-12,16.290000915527344,17.690000534057617,16.149999618530273,17.489999771118164,0,16.30349998474121,18.523799934387206,,-0.0006133939878028016,45.631954362270456,-0.27905957455815766,-0.5389940217445752,0.25993444718641756,18.2149524309621,16.30349998474121,14.392047538520323,0.49646889745006295,0,bear,hold
2021-11-15,16.489999771118164,17.459999084472656,16.489999771118164,17.030000686645508,0,16.3125,18.52539993286133,,0.011036193198635358,46.63486084086875,-0.2922159728274636,-0.48963841196115293,0.19742243913368934,18.225684371271555,16.3125,14.399315628728445,0.5463885691790888,0,bear,hold
2021-11-16,16.3700008392334,17.079999923706055,16.030000686645508,16.860000610351562,0,16.346000051498415,18.489999961853027,,0.04267522535719204,46.085552658621836,-0.3087661600796636,-0.45346396158485514,0.14469780150519151,18.238462837723972,16.346000051498415,14.453537265272857,0.506341151833916,0,bear,hold
2021-11-17,17.110000610351562,17.190000534057617,16.280000686645508,16.360000610351562,0,16.427000093460084,18.472999992370607,,0.10458365804846337,49.99702376212808,-0.2591828075518201,-0.41460773077824814,0.15542492322642804,18.304595216174455,16.427000093460084,14.549404970745712,0.6818817349461607,0,bear,hold
2021-11-18,17.59000015258789,18.149999618530273,16.3799991607666,16.809999465942383,0,16.556000089645387,18.448800010681154,,0.17188540202295854,52.40889795860592,-0.17909123958036588,-0.3675044325386717,0.18841319295830583,18.38020828857468,16.556000089645387,14.731791890716096,0.7834106500424141,0,bear,hold
2021-11-19,17.90999984741211,19.010000228881836,17.229999542236328,17.360000610351562,0,16.680000066757202,18.387999992370606,,0.1607258258708164,54.00181414147454,-0.08877346862438174,-0.31175823975581374,0.222984771131432,18.518292628246602,16.680000066757202,14.841707505267804,0.8345495179663761,0,bear,hold
2021-11-22,19.170000076293945,19.59000015258789,17.350000381469727,18.200000762939453,0,16.87650008201599,18.383999977111817,,0.25787403964556854,59.71889438996792,0.08351281996845117,-0.23270402781096075,0.31621684777941195,18.889003586820618,16.87650008201599,14.863996577211365,1.0698126708357227,0,bear,hold
2021-11-23,19.3799991607666,20.90999984741211,19.030000686645508,20.239999771118164,0,17.046500062942506,18.382399978637697,,0.2127659396700119,60.597885680742976,0.23429530557639922,-0.13930416113348876,0.373599466709888,19.288670722523708,17.046500062942506,14.804329403361304,1.020366076474293,0,bear,hold
2021-11-24,18.579999923706055,20.959999084472656,18.520000457763672,19.170000076293945,0,17.12650008201599,18.3903999710083,,0.09422852912862911,55.61867310077645,0.2859420966937378,-0.05425490956804344,0.3401970062617813,19.465553128704176,17.12650008201599,14.787447035327805,0.810702624668569,0,bear,hold
2021-11-26,28.6200008392334,28.989999771118164,23.8799991607666,26.6200008392334,0,17.731000089645384,18.588999977111815,,0.7313974380143451,78.97152278601612,1.1240592613810776,0.18140792462178076,0.9426513367592968,23.240849247637044,17.731000089645384,12.221150931653726,1.488139642062094,0,bear,hold
2021-11-29,22.959999084472656,25.690000534057617,21.709999084472656,25.309999465942383,0,18.066000032424927,18.631999969482422,,0.4120540443591103,59.85170914300709,1.3163838599856206,0.40840311169454874,0.9079807482910718,23.97745128204881,18.066000032424927,12.154548782801044,0.913942266068684,0,bear,hold
2021-11-30,27.190000534057617,28.559999465942383,23.709999084472656,26.229999542236328,0,18.605000066757203,18.66159999847412,,0.6569165622719695,66.39915575331084,1.789500013161362,0.6846224919879115,1.1048775211734507,25.667873521438743,18.605000066757203,11.542126612075663,1.107755506479445,0,bear,hold
2021-12-01,31.1200008392334,32.61000061035156,22.3799991607666,24.920000076293945,0,19.359500074386595,18.796800003051757,,0.9413599192892907,71.1127095054655,2.453286197251405,1.0383552330406103,1.4149309642107946,28.168928256527302,19.359500074386595,10.55007189224589,1.1674951269078273,0,bear,hold
2021-12-02,27.950000762939453,30.68000030517578,27.149999618530273,29.440000534057617,0,20.002000093460083,18.938400001525878,,0.8509933812477823,63.388403661489825,2.692511421466584,1.369186470725805,1.323324950740779,29.3339598387371,20.002000093460083,10.670040348183065,0.9258484223263993,0,bear,hold
2021-12-03,30.670000076293945,35.31999969482422,25.889999389648438,26.950000762939453,0,20.763500118255614,19.179200019836426,,0.9863990226567452,66.72793970090206,3.0662347027977326,1.7085961171401904,1.3576385856575421,30.93034911521147,20.763500118255614,10.596651121299756,0.9871961785310533,0,bear,hold
2021-12-06,27.18000030517578,30.81999969482422,26.75,28.989999771118164,0,21.29850015640259,19.367800025939943,,0.6492719089898389,59.25893704692827,3.0456904576796866,1.97601498524809,1.0696754724315967,31.632160585138912,21.29850015640259,10.964839727666265,0.7845797086779455,0,bear,hold
2021-12-07,21.889999389648438,24.690000534057617,21.579999923706055,24.579999923706055,0,21.532000160217287,19.430400009155274,,0.27119629863586914,50.104232297548954,2.572891440947643,2.0953902763880006,0.47750116455964253,31.696132651115978,21.532000160217287,11.367867669318596,0.5176109092316395,0,bear,hold
2021-12-08,19.899999618530273,23.110000610351562,19.850000381469727,21.739999771118164,0,21.638000106811525,19.36340000152588,,0.11923503093434018,47.153138249979776,2.014397740217124,2.0791917691538253,-0.0647940289367015,31.686971719942257,21.638000106811525,11.589028493680795,0.413523465127006,0,bear,hold
2021-12-09,21.579999923706055,22.1200008392334,19.940000534057617,20.309999465942383,0,21.78050012588501,19.343800010681154,,0.15216233054586836,49.83918894753427,1.6878924692289772,2.0009319091688558,-0.3130394399398786,31.740921041052076,21.78050012588501,11.820079210717942,0.4899351541522886,0,bear,hold
2021-12-10,18.690000534057617,21.299999237060547,18.690000534057617,21.270000457763672,0,21.832000160217284,19.254800033569335,,0.058323935195075505,45.55016896874594,1.182306992565696,1.837206925848224,-0.654899933282528,31.717034749412743,21.832000160217284,11.946965571021824,0.34107290683666724,0,bear,hold
2021-12-13,20.309999465942383,21.18000030517578,18.959999084472656,19.290000915527344,0,22.03300008773804,19.23900001525879,,0.24677706104873498,48.23916427002088,0.9019501151870912,1.6501555637159975,-0.7482054485289062,31.618032745125447,22.03300008773804,12.44796743035063,0.41012025293060955,0,bear,hold
2021-12-14,21.889999389648438,23.0,19.670000076293945,19.670000076293945,0,22.303000068664552,19.217600021362305,,0.32747117607534726,50.791627696629064,0.7980585371925173,1.4797361584113016,-0.6816776212187843,31.54639611245187,22.303000068664552,13.059604024877235,0.4776596893036028,0,bear,hold
2021-12-15,19.290000915527344,23.469999313354492,19.020000457763672,21.600000381469727,0,22.449000072479247,19.177400054931642,,0.1783750718751147,46.70969370053333,0.5001600318572734,1.283820933100496,-0.7836609012432225,31.400572181663332,22.449000072479247,13.497427963295163,0.32355059433019306,0,bear,hold
2021-12-16,20.56999969482422,22.1299991607666,18.190000534057617,18.559999465942383,0,22.62200002670288,19.168800048828125,,0.20222086271460182,48.887513788914575,0.3631721023008403,1.099691166940565,-0.7365190646397246,31.283181973862433,22.62200002670288,13.960818079543332,0.3815403980428086,0,bear,hold
2021-12-17,21.56999969482422,23.260000228881836,20.489999771118164,20.700000762939453,0,22.821000003814696,19.209400024414062,,0.2262648952649826,50.5865176740483,0.3314787432204369,0.9460486821965394,-0.6145699389761025,31.188484999395886,22.821000003814696,14.453515008233506,0.4252463368831183,0,bear,hold
2021-12-20,22.8700008392334,27.389999389648438,22.850000381469727,25.889999389648438,0,23.069000053405762,19.291400032043455,,0.27694031457727686,52.78380460670518,0.40657402334426607,0.8381537504260848,-0.4315797270818187,31.127888609653745,23.069000053405762,15.010111497157778,0.4876534330520007,0,bear,hold
2021-12-21,21.010000228881836,22.68000030517578,20.899999618530273,22.280000686645508,0,23.161000061035157,19.311600036621094,,0.09598331482863554,49.399146596565664,0.31239991750618046,0.7330029838421039,-0.4206030663359235,31.080550846754242,23.161000061035157,15.241449275316072,0.36419685343567043,0,bear,hold
2021-12-22,18.6299991607666,21.360000610351562,18.59000015258789,21.040000915527344,0,23.123500061035156,19.28720001220703,,-0.038699692078332015,45.3885484764271,0.04519903806821901,0.595442194687327,-0.5502431566191079,31.121028424077352,23.123500061035156,15.12597169799296,0.21906939892619137,0,bear,hold
2021-12-23,17.959999084472656,18.93000030517578,17.6200008392334,18.809999465942383,0,23.092500019073487,19.273600006103514,,-0.033369259514492544,44.298217539802415,-0.21810876858119244,0.4327320020336231,-0.6508407706148156,31.164692142324043,23.092500019073487,15.02030789582293,0.1820875385375463,0,bear,hold
2021-12-27,17.68000030517578,19.40999984741211,17.549999237060547,19.3700008392334,0,22.545499992370605,19.29,,-0.38225018215445483,43.82441850468633,-0.4442545736369645,0.25733468689950556,-0.7015892605364701,30.527468867593775,22.545499992370605,14.563531117147432,0.19521932725785116,0,bear,hold
2021-12-28,17.540000915527344,18.469999313354492,17.510000228881836,17.780000686645508,0,22.27450008392334,19.314800033569338,,-0.23606264743323702,43.57346991812037,-0.6275396477279784,0.08035981997400876,-0.7078994677019872,30.544609250415817,22.27450008392334,14.004390917430863,0.21375836321614153,0,bear,hold
2021-12-29,16.950000762939453,18.0,16.709999084472656,17.6299991607666,0,21.762500095367432,19.327600059509276,,-0.3766090316288062,42.46974979900119,-0.811053155011674,-0.09792277502312778,-0.7131303799885462,30.019845876025734,21.762500095367432,13.50515431470913,0.20859284204250003,0,bear,hold
2021-12-30,17.329999923706055,17.790000915527344,16.6200008392334,17.299999237060547,0,21.073000049591066,19.360200061798096,,-0.4431234107854556,43.46305868224415,-0.9152754495458737,-0.26139330992767695,-0.6538821396181967,28.332405370202274,21.073000049591066,13.813594728979858,0.2421965050458246,0,bear,hold
2021-12-31,17.219999313354492,18.270000457763672,16.989999771118164,17.6299991607666,0,20.536499977111816,19.39480005264282,,-0.3838998624934744,43.230370591598,-0.9952755814221312,-0.4081697642265678,-0.5871058171955634,27.249035375174646,20.536499977111816,13.823964579048987,0.2529621471557206,0,bear,hold
2022-01-03,16.600000381469727,18.540000915527344,16.559999465942383,17.600000381469727,0,19.832999992370606,19.42660005569458,,-0.4587544721168578,41.869756893982576,-1.0960701798069046,-0.5457498473426352,-0.5503203324642694,24.89660774943437,19.832999992370606,14.769392235306842,0.18076125106740099,0,bear,hold
2022-01-04,16.90999984741211,17.809999465942383,16.34000015258789,16.56999969482422,0,19.319499969482422,19.45620004653931,,-0.37785137389450274,42.8384902608301,-1.1378201763601759,-0.6641639131461434,-0.4736562632140324,23.256313106219462,19.319499969482422,15.382686832745382,0.1939783476658248,0,bear,hold
2022-01-05,19.729999542236328,20.170000076293945,16.579999923706055,17.06999969482422,0,19.211499977111817,19.54600004196167,,-0.09867518993324187,50.860856759795645,-0.9326064353106887,-0.7178524175790525,-0.21475401773163616,22.97501564815779,19.211499977111817,15.447984306065845,0.5688850014779409,0,bear,hold
2022-01-06,19.610000610351562,21.059999465942383,19.079999923706055,20.290000915527344,0,19.19700002670288,19.618600063323974,,-0.014572814760693387,50.535835878310955,-0.7707710095640259,-0.7284361359760472,-0.042334873587978716,22.952018456970965,19.19700002670288,15.441981596434797,0.5549931500095455,0,bear,hold
2022-01-07,18.760000228881836,20.799999237060547,18.56999969482422,19.850000381469727,0,19.05600004196167,19.654200077056885,,-0.13067653868369078,48.18683892700368,-0.7029994556112165,-0.723348799903081,0.020349344291864524,22.650870761709548,19.05600004196167,15.461129322213793,0.45883025619616796,0,bear,hold
2022-01-10,19.399999618530273,23.329999923706055,19.290000915527344,19.579999923706055,0,19.091499996185302,19.71160005569458,,0.037988178929094785,50.06875610975584,-0.5908366121080171,-0.6968463623440683,0.10600975023605119,22.685234894376844,19.091499996185302,15.49776509799376,0.5429218669552137,0,bear,hold
2022-01-11,18.40999984741211,21.0,18.200000762939453,19.6200008392334,0,18.99650001525879,19.754600048065186,,-0.0935499590591502,47.21212485655518,-0.5752009003686887,-0.6725172699489924,0.09731636958030376,22.556664454153648,18.99650001525879,15.436335576363929,0.4176301856398606,0,bear,hold
2022-01-12,17.6200008392334,18.690000534057617,17.360000610351562,18.170000076293945,0,18.78300008773804,19.77880006790161,,-0.19506617951000393,45.0054970868969,-0.6194155667482164,-0.6618969293088373,0.04248136256062085,22.129180630710454,18.78300008773804,15.436819544765623,0.3262198895772153,0,bear,hold
2022-01-13,20.309999465942383,20.610000610351562,17.450000762939453,18.059999465942383,0,18.834000015258788,19.86440004348755,,0.05287706075710963,53.05193121291629,-0.43241103523689617,-0.615999750494449,0.18358871525755283,22.240090987043036,18.834000015258788,15.42790904347454,0.7166705855643085,0,bear,hold
2022-01-14,19.190000534057617,22.06999969482422,19.049999237060547,20.110000610351562,0,18.76500005722046,19.946200046539307,,-0.06708795241809529,49.78575571364837,-0.37031439645117814,-0.5668626796857948,0.1965482832346167,22.082381558890074,18.76500005722046,15.447618555550841,0.5640566176400362,0,bear,hold
2022-01-18,22.790000915527344,23.200000762939453,21.18000030517578,21.18000030517578,0,18.826000118255614,20.093200073242187,,0.056560094481404644,58.607083631252706,-0.030263559035137888,-0.4595428555556635,0.4292792965205256,22.38361979808613,18.826000118255614,15.2683804384251,1.0571141878578452,0,bear,hold
2022-01-19,23.850000381469727,23.989999771118164,21.850000381469727,23.1200008392334,0,18.875000095367433,20.240600090026856,,0.04285087478244165,60.79121236490784,0.321061283050156,-0.3034220278344996,0.6244833108846557,22.67294442855491,18.875000095367433,15.077055762179958,1.154959610996583,0,bear,hold
2022-01-20,25.59000015258789,25.889999389648438,21.68000030517578,23.459999084472656,0,19.104000091552734,20.408000106811524,,0.21799142664501558,64.13649746469754,0.7314603714620169,-0.0964455479751963,0.8279059194372133,23.828533635158095,19.104000091552734,14.379466547947374,1.1864169765303005,0,bear,hold
2022-01-21,28.850000381469727,29.790000915527344,25.309999465942383,25.3799991607666,0,19.61500015258789,20.629400100708008,,0.5485776533058409,69.4036145086215,1.3047193863796984,0.18378743889578264,1.120931947483916,25.957610175983277,19.61500015258789,13.272390129192502,1.2280126158488038,0,bear,hold
2022-01-24,29.899999618530273,38.939998626708984,28.020000457763672,28.200000762939453,0,20.212000179290772,20.852800102233886,,0.6648107540484434,70.88670504639575,1.8227459681305191,0.5115791447427299,1.3111668233877891,27.919885938507573,20.212000179290772,12.504114420073972,1.1284472643912085,0,bear,hold
2022-01-25,31.15999984741211,35.849998474121094,29.1299991607666,32.290000915527344,0,20.886000156402588,21.122800102233885,,0.7624433998618252,72.60290683573686,2.308348055075381,0.8709329268092603,1.437415128266121,29.846130382838112,20.886000156402588,11.925869929967066,1.0733175429023132,0,bear,hold
2022-01-26,31.959999084472656,33.040000915527344,26.899999618530273,29.350000381469727,0,21.607000064849853,21.436200065612795,,0.8221207192857078,73.66441559543854,2.7263171728167777,1.2420097760107638,1.4843073968060139,31.631575790063934,21.607000064849853,11.582424339635773,1.0163809074524053,0,bear,hold
2022-01-27,30.489999771118164,33.0,28.420000076293945,32.189998626708984,0,22.28400001525879,21.716200065612792,,0.7988199645266929,68.41868412169427,2.905451810747522,1.5746981829581155,1.3307536277894063,32.776988674161,22.28400001525879,11.791011356356586,0.8910229974802002,0,bear,hold
2022-01-28,27.65999984741211,32.81999969482422,27.280000686645508,30.270000457763672,0,22.800500011444093,21.942000045776368,,0.5960761667156986,59.616883046819225,2.7869339199332614,1.8171453303531448,0.9697885895801166,33.284181305209856,22.800500011444093,12.31681871767833,0.7317649544944567,0,bear,hold
2022-01-31,24.829999923706055,29.40999984741211,24.709999084472656,28.360000610351562,0,23.18100004196167,22.09640003204346,,0.4419280437746498,52.362479386485504,2.436563112191312,1.9410288867207783,0.4955342254705335,33.37530378213231,23.18100004196167,12.986696301791026,0.5808784946855421,0,bear,hold
2022-02-01,21.959999084472656,25.329999923706055,21.959999084472656,24.56999969482422,0,23.448999977111818,22.183800010681153,,0.32289148071262685,46.22001288079647,1.9053430322017526,1.9338917158169733,-0.02854868361522067,33.20977813498704,23.448999977111818,13.688221819236595,0.42372529789349833,0,bear,hold
2022-02-02,22.09000015258789,22.729999542236328,20.459999084472656,21.559999465942383,0,23.707999992370606,22.267400016784666,,0.30632763760601245,46.5260081977426,1.4778021085017237,1.8426737943539233,-0.36487168585219965,33.025839751725044,23.707999992370606,14.390160233016164,0.4131773092492625,0,bear,hold
2022-02-03,24.350000381469727,25.809999465942383,22.299999237060547,22.6299991607666,0,23.939000034332274,22.371000022888182,,0.23416122384307658,51.67382147759038,1.3062780172116284,1.7353946389254644,-0.429116621713836,33.07826855468598,23.939000034332274,14.79973151397857,0.5224854071319894,0,bear,hold
2022-02-04,23.219999313354492,26.260000228881836,22.06999969482422,23.770000457763672,0,24.119499969482423,22.44780002593994,,0.18408967825821043,49.12723986100198,1.0668641508844203,1.6016885413172557,-0.5348243904328354,33.049855695071386,24.119499969482423,15.189144243893457,0.44963802765714544,0,bear,hold
2022-02-07,22.860000610351562,24.81999969482422,22.020000457763672,24.09000015258789,0,24.324499988555907,22.533400039672852,,0.21855012427758913,48.31040463267605,0.8384133431134764,1.4490335016765,-0.6106201585630235,32.935863039055505,24.324499988555907,15.713136938056309,0.41496704008319685,0,bear,hold
2022-02-08,21.440000534057617,23.479999542236328,21.31999969482422,23.09000015258789,0,24.426500034332275,22.389800033569337,,0.10515468843508624,45.1233771680236,0.5365967401342893,1.2665461493680579,-0.7299494092337686,32.848369434404916,24.426500034332275,16.004630634259634,0.32269378932372794,0,bear,hold
2022-02-09,19.959999084472656,21.299999237060547,19.93000030517578,21.270000457763672,0,24.503999996185303,22.329800033569335,,0.08419333242299998,42.01250500529274,0.17595288438445067,1.0484274963713365,-0.8724746119868858,32.729213091461816,24.503999996185303,16.278786900908788,0.22377609801245607,0,bear,hold
2022-02-10,23.90999984741211,24.770000457763672,20.18000030517578,20.3700008392334,0,24.818499946594237,22.264200019836426,,0.3569806304533849,51.602589177691854,0.20649177183049972,0.8800403514631692,-0.6735485796326695,32.42449547277258,24.818499946594237,17.212504420415893,0.4402773709203978,0,bear,hold
2022-02-11,27.360000610351562,30.989999771118164,23.329999923706055,24.389999389648438,0,25.171000003814697,22.189000015258788,,0.34711971096952765,58.11774520062517,0.503278804088751,0.8046880419882856,-0.30140923789953455,32.55887335078346,25.171000003814697,17.783126656845937,0.6481482223456775,0,bear,hold
2022-02-14,28.329999923706055,32.040000915527344,28.329999923706055,29.170000076293945,0,25.62799997329712,22.19659999847412,,0.4762896891757322,59.758028490482474,0.8074477483297429,0.8052399832565771,0.0022077650731657794,32.59841329459675,25.62799997329712,18.657586651997484,0.6938192059682013,0,bear,hold
2022-02-15,25.700000762939453,28.09000015258789,25.329999923706055,28.09000015258789,0,25.773499965667725,22.097200012207033,,0.1276875704480318,53.625633652408794,0.8267545636331306,0.8095428993318878,0.01721166430124277,32.6212857370681,25.773499965667725,18.92571419426735,0.4946333599515307,0,bear,hold
2022-02-16,24.290000915527344,27.09000015258789,23.8799991607666,25.190000534057617,0,25.795499992370605,22.039400024414064,,0.018448659413836888,50.62608225527833,0.7199806611441275,0.7916304516943358,-0.07164979055020826,32.62121737024124,25.795499992370605,18.96978261449997,0.3897186190477081,0,bear,hold
2022-02-17,28.110000610351562,28.3700008392334,24.760000228881836,24.829999923706055,0,25.92150001525879,22.163800048828126,,0.0984759844758667,57.553271336128894,0.932850306802326,0.8198744227159338,0.11297588408639214,32.82003973644549,25.92150001525879,19.022960294072092,0.6586205692468132,0,bear,hold
2022-02-18,27.75,29.709999084472656,26.3799991607666,26.65999984741211,0,25.866499996185304,22.320800056457518,,-0.038128262285093584,56.745267004552794,1.0602797490785392,0.8679554879884549,0.19232426109008427,32.68787887704645,25.866499996185304,19.045121115324157,0.6380585975878911,0,bear,hold
2022-02-22,28.809999465942383,32.040000915527344,28.399999618530273,31.799999237060547,0,25.811999988555907,22.465400047302246,,-0.03645485506669943,58.5887905237243,1.232593033055835,0.9408829970019309,0.2917100360539041,32.52008040085962,25.811999988555907,19.103919576252196,0.7234618022681761,0,bear,hold
2022-02-23,31.020000457763672,31.06999969482422,27.200000762939453,28.040000915527344,0,25.805000019073486,22.712000045776367,,-0.00449292010057778,62.20551164951008,1.5298460493878245,1.0586756074791097,0.4711704419087148,32.4909988299491,25.805000019073486,19.11900120819787,0.8899941195178899,0,bear,hold
2022-02-24,30.31999969482422,37.790000915527344,29.450000762939453,37.5,0,25.723000049591064,22.912200050354002,,-0.05131412505093624,60.405946677671615,1.6894619295343816,1.1848328718901642,0.5046290576442174,32.1398470817746,25.723000049591064,19.30615301740753,0.858197696016207,0,bear,hold
2022-02-25,27.59000015258789,32.0,26.93000030517578,31.68000030517578,0,25.57800006866455,23.026200065612795,,-0.09511314005575411,53.86159514030219,1.5774862376242673,1.263363545036985,0.3141226925872824,31.68079504019014,25.57800006866455,19.47520509713896,0.664842510137644,0,bear,hold
2022-02-28,30.149999618530273,33.5099983215332,28.43000030517578,32.439998626708984,0,25.70250005722046,23.243400039672853,,0.09002168419574774,58.411687455148964,1.675995425147363,1.3458899210590605,0.3301055040883025,32.06613084765211,25.70250005722046,19.338869266788805,0.849446700144599,0,bear,hold
2022-03-01,33.31999969482422,35.189998626708984,29.440000534057617,29.450000762939453,0,26.127000045776366,23.498400039672852,,0.34192508244885134,63.24532715697023,1.986952824020566,1.4741025016513616,0.5128503223692045,33.28437419590825,26.127000045776366,18.969625895644487,1.002488726882841,0,bear,hold
2022-03-02,30.739999771118164,34.40999984741211,30.1200008392334,34.20000076293945,0,26.566000080108644,23.68180004119873,,0.39981789857421335,57.39815339162439,2.0021251189786256,1.5797070251168146,0.42241809386181095,33.72423271779936,26.566000080108644,19.407767442417928,0.7915523916498525,0,bear,hold
2022-03-03,30.479999542236328,32.0099983215332,29.309999465942383,30.520000457763672,0,26.985500049591064,23.834000015258788,,0.37980983846509986,56.827964986492624,1.9704552449867734,1.6578566690908065,0.31259857589596685,34.02775372901724,26.985500049591064,19.943246370164886,0.748109458400681,0,bear,hold
2022-03-04,31.979999542236328,34.650001525878906,31.469999313354492,31.899999618530273,0,27.367000007629393,24.05340000152588,,0.3133469832129041,59.3376278484864,2.0428454548793447,1.7348544262485144,0.3079910286308303,34.62034415703605,27.367000007629393,20.11365585822274,0.8179912216756108,0,bear,hold
2022-03-07,36.45000076293945,36.54999923706055,32.59000015258789,35.880001068115234,0,28.028500080108643,24.409800033569336,,0.5697675211375224,65.73081856705559,2.432862435166033,1.8744560280320182,0.5584064071340149,36.023581665602364,28.028500080108643,20.03341849461492,1.0266675888655585,0,bear,hold
2022-03-08,35.130001068115234,37.52000045776367,32.779998779296875,36.189998626708984,0,28.642000102996825,24.753200073242187,,0.5367454125179472,62.60073965562414,2.605407245374291,2.020646271500473,0.5847609738738182,36.83708316231486,28.642000102996825,20.446917043678788,0.895847175565925,0,bear,hold
2022-03-09,32.45000076293945,34.119998931884766,31.389999389648438,33.7400016784668,0,29.192500114440918,25.04860008239746,,0.5135261172868144,56.69743306769397,2.497111476943669,2.1159393125891124,0.3811721643545565,36.83930333838661,29.192500114440918,21.545696890495226,0.7129975463666823,0,bear,hold
2022-03-10,30.229999542236328,34.029998779296875,30.229999542236328,33.029998779296875,0,29.706000137329102,25.302400054931642,,0.5145291046507583,52.29793185051273,2.206713139604968,2.1340940779922835,0.07261906161268472,36.076740785839576,29.706000137329102,23.335259488818625,0.5411254698486072,0,bear,hold
2022-03-11,30.75,31.040000915527344,28.84000015258789,30.43000030517578,0,30.048000144958497,25.57840003967285,,0.2860727811057773,53.213717388919285,1.9955268646500386,2.1063806353238346,-0.11085377067379598,35.84608117752586,30.048000144958497,24.249919112391133,0.5605372580254074,0,bear,hold
2022-03-14,31.770000457763672,33.18000030517578,30.059999465942383,31.030000686645508,0,30.268500137329102,25.867200050354004,,0.16118420135354827,55.037158112299316,1.8886940434140769,2.062843316941883,-0.17414927352780607,35.97562300174393,30.268500137329102,24.561377272914278,0.6315461709959633,0,bear,hold
2022-03-15,29.829999923706055,33.83000183105469,29.56999969482422,33.130001068115234,0,30.3435001373291,26.119400062561034,,0.052947405719716345,50.96841384039236,1.6287116588922537,1.9760169853319571,-0.34730532643970347,35.98580917365037,30.3435001373291,24.701191101007836,0.45449556109763845,0,bear,hold
2022-03-16,26.670000076293945,29.799999237060547,26.290000915527344,29.020000457763672,0,30.392000102996825,26.320800056457518,,0.03774316282329737,45.11755231099051,1.1543811799560473,1.8116898242567754,-0.6573086443007281,35.88861228927732,30.392000102996825,24.895387916716334,0.16142781220831182,0,bear,hold
2022-03-17,25.670000076293945,27.469999313354492,25.25,26.510000228881836,0,30.461000061035158,26.496000061035158,,0.05681346680742361,43.41893521009657,0.6898273154908594,1.5873173225035924,-0.897490007012733,35.67696397801069,30.461000061035158,25.245036144059622,0.04073685506635348,0,bear,hold
2022-03-18,23.8700008392334,26.81999969482422,23.850000381469727,26.360000610351562,0,30.249000072479248,26.578800086975097,,-0.1508359900055205,40.46572544072898,0.1744096498852059,1.304735787979915,-1.1303261380947092,36.13196854660312,30.249000072479248,24.366031598355377,-0.04215820306565988,0,bear,hold
2022-03-21,23.530000686645508,25.360000610351562,22.989999771118164,25.139999389648438,0,30.038000106811523,26.657200088500975,,-0.15207204732808977,39.913487452853786,-0.25851770314487155,0.9920850897549578,-1.2506027928998293,36.53501668385708,30.038000106811523,23.540983529765963,-0.0008452220330835155,0,bear,hold
2022-03-22,22.940000534057617,24.020000457763672,22.700000762939453,24.020000457763672,0,29.744500160217285,26.74080009460449,,-0.20374866507109657,38.92087607244882,-0.6418252687948822,0.6653030180449898,-1.307128286839872,36.930693728440275,29.744500160217285,22.558306591994295,0.026557449255970124,0,bear,hold
2022-03-23,23.56999969482422,24.030000686645508,22.639999389648438,23.040000915527344,0,29.37200012207031,26.824200096130372,,-0.24016765483557145,40.61903888818701,-0.884566872718267,0.35532903989233844,-1.2398959126106055,37.01306443824454,29.37200012207031,21.73093580589608,0.12034081986689324,0,bear,hold
2022-03-24,21.670000076293945,23.790000915527344,21.489999771118164,23.610000610351562,0,28.9395001411438,26.88940010070801,,-0.28529022775705615,37.25494093210345,-1.216235428008595,0.04101614631215175,-1.2572515743207466,37.265487124855994,28.9395001411438,20.613513157431605,0.06344514595861757,0,bear,hold
2022-03-25,20.809999465942383,22.860000610351562,20.799999237060547,21.8700008392334,0,28.600500106811523,26.953200073242186,,-0.24574123411193805,35.809286196371616,-1.5308335137141498,-0.2733537856931086,-1.2574797280210412,37.64018491114145,28.600500106811523,19.560815302481593,0.06909445354015226,0,bear,hold
2022-03-28,19.6299991607666,23.329999923706055,19.540000915527344,22.139999389648438,0,28.07450008392334,26.93960006713867,,-0.3489220759823177,33.867371116049384,-1.853999177700171,-0.5894828640945211,-1.2645163136056499,37.88383160867849,28.07450008392334,18.26516855916819,0.06956797199452797,0,bear,hold
2022-03-29,18.899999618530273,19.729999542236328,18.670000076293945,19.700000762939453,0,27.353500080108642,26.933800048828125,,-0.43277311549717346,32.68643270822815,-2.1442970354436817,-0.9004456983643533,-1.2438513370793283,37.62359547717577,27.353500080108642,17.08340468304152,0.08844099617650718,0,bear,hold
2022-03-30,19.329999923706055,20.510000228881836,18.719999313354492,19.3799991607666,0,26.78300008773804,26.8646000289917,,-0.37117761653766834,34.143157543575995,-2.312999924881769,-1.1829565436678364,-1.1300433812139326,37.49535806440204,26.78300008773804,16.070642111074037,0.15213073628291096,0,bear,hold
2022-03-31,20.559999465942383,21.479999542236328,19.540000915527344,19.68000030517578,0,26.28700008392334,26.798800010681152,,-0.3254593249762927,38.259095101689454,-2.3206959582530793,-1.4105044265848852,-0.9101915316681941,37.185721832803885,26.28700008392334,15.388278335042791,0.23726273823950045,0,bear,hold
2022-04-01,19.6299991607666,20.860000610351562,19.40999984741211,20.6200008392334,0,25.669500064849853,26.679599990844725,,-0.3861788792447901,36.40638181000723,-2.3744669949739325,-1.6032969402626946,-0.7711700547112379,36.60741551328016,25.669500064849853,14.731584616419543,0.2239190167194987,0,bear,hold
2022-04-04,18.56999969482422,20.780000686645508,18.450000762939453,20.75,0,24.77550001144409,26.473999977111816,,-0.4905349984599926,34.36378896926739,-2.4740942091184515,-1.7774563940338461,-0.6966378150846053,34.93806819156221,24.77550001144409,14.612931831325975,0.19468837961844068,0,bear,hold
2022-04-05,21.030000686645508,21.56999969482422,18.549999237060547,18.790000915527344,0,24.070499992370607,26.29659999847412,,-0.4013663521993798,42.435626102265736,-2.327715517614955,-1.8875082187500678,-0.4402072988648871,33.16183138660915,24.070499992370607,14.97916859813206,0.3327803061028028,0,bear,hold
2022-04-06,22.100000381469727,24.780000686645508,21.239999771118164,21.270000457763672,0,23.55299997329712,26.115400009155273,,-0.31895223846312726,45.571020203027956,-2.1011485840280564,-1.9302362918056657,-0.17091229222239068,31.818255477600815,23.55299997329712,15.287744468993425,0.41210195552510015,0,bear,hold
2022-04-07,21.549999237060547,23.81999969482422,21.1200008392334,21.969999313354492,0,23.11899995803833,25.90720001220703,,-0.2871320025343824,44.237219935064,-1.943568900184605,-1.9329028134814537,-0.01066608670315139,30.82918557445471,23.11899995803833,15.408814341621952,0.39825143005396024,0,bear,hold
2022-04-08,21.15999984741211,22.34000015258789,20.280000686645508,21.25,0,22.639499950408936,25.72060001373291,,-0.31186992366139477,43.2701116966183,-1.8290711630121486,-1.912136483387593,0.08306532037544434,29.542280923968114,22.639499950408936,15.736718976849758,0.3928330401425171,0,bear,hold
2022-04-11,24.3700008392334,24.420000076293945,22.09000015258789,23.09000015258789,0,22.26949996948242,25.654800033569337,,-0.2329241269092247,52.4788498232689,-1.4624523876689324,-1.822199664243861,0.35974727657492855,27.83964395215213,22.26949996948242,16.699355986812712,0.6885499617502014,0,bear,hold
2022-04-12,24.260000228881836,25.3799991607666,22.270000457763672,24.940000534057617,0,21.99099998474121,25.64340003967285,,-0.18672476396480686,52.166347510197525,-1.1673243088079168,-1.691224593156672,0.5239002843487552,26.471674193678847,21.99099998474121,17.510325775803576,0.7531985297675328,0,bear,hold
2022-04-13,21.81999969482422,24.450000762939453,21.3700008392334,23.520000457763672,0,21.748499965667726,25.640600051879883,,-0.18185228224954997,45.66986641036353,-1.1174396821173254,-1.5764676109488027,0.45902792883147736,25.68149579303859,21.748499965667726,17.815504138296863,0.5090897285802982,0,bear,hold
2022-04-14,22.700000762939453,22.700000762939453,20.850000381469727,21.719999313354492,0,21.6,25.652800064086914,,-0.11569923274356608,48.17650878631819,-0.995422414380549,-1.4602585716351522,0.46483615725460314,25.133508928645412,21.6,18.06649107135459,0.6556527498801514,0,bear,hold
2022-04-18,22.170000076293945,24.600000381469727,21.979999542236328,24.520000457763672,0,21.51499996185303,25.609200057983397,,-0.07121913293548299,46.77673008822457,-0.9307602518191196,-1.3543589076719456,0.42359865585282597,24.904864941206608,21.51499996185303,18.12513498249945,0.5966115344461035,0,bear,hold
2022-04-19,21.3700008392334,22.920000076293945,20.360000610351562,22.549999237060547,0,21.40699996948242,25.572200088500978,,-0.0917976958937371,44.66708457512455,-0.9333096618647794,-1.2701490585105124,0.33683939664573304,24.66839352895495,21.40699996948242,18.14560641000989,0.494327711517434,0,bear,hold
2022-04-20,20.31999969482422,21.31999969482422,19.75,21.1299991607666,0,21.27599992752075,25.52140007019043,,-0.1142110191036676,41.99029961543975,-1.008431830407666,-1.217805612889943,0.209373782482277,24.49070670715352,21.27599992752075,18.06129314788798,0.3513083310189585,0,bear,hold
2022-04-21,22.68000030517578,23.280000686645508,19.809999465942383,20.239999771118164,0,21.23149995803833,25.546200065612794,,-0.03775983882782463,49.3389426604076,-0.8675339726806577,-1.147751284848086,0.2802173121674283,24.34086888363957,21.23149995803833,18.122131032437093,0.7329251339735061,0,bear,hold
2022-04-22,28.209999084472656,28.270000457763672,22.6200008392334,22.709999084472656,0,21.558499908447267,25.711200065612793,,0.3017996762876429,61.610862039742294,-0.30611798240726174,-0.9794246243599212,0.6733066419526594,25.910728393489343,21.558499908447267,17.20627142340519,1.2641486653200245,0,bear,hold
2022-04-25,27.020000457763672,31.600000381469727,26.799999237060547,30.040000915527344,0,21.86899995803833,25.773400077819826,,0.298414279249962,58.336085749739695,0.042297709065561406,-0.7750801576748247,0.8173778667403861,26.809627320062113,21.86899995803833,16.928372596014547,1.0212901239343202,0,bear,hold
2022-04-26,33.52000045776367,33.810001373291016,27.059999465942383,27.3799991607666,0,22.563500022888185,25.896600074768067,,0.7075905191457292,68.25999741032399,0.8333094592614714,-0.45340223428756554,1.2867116935490368,29.536807343303334,22.563500022888185,15.590192702473036,1.28560286614639,0,bear,hold
2022-04-27,31.600000381469727,32.77000045776367,29.81999969482422,31.110000610351562,0,23.198500061035155,25.96200008392334,,0.6719577258873537,63.45224199700824,1.2903892066420966,-0.10464394610163313,1.3950331527437296,30.987051626939532,23.198500061035155,15.409948495130777,1.0393493417449706,0,bear,hold
2022-04-28,29.989999771118164,32.0,28.0,29.90999984741211,0,23.73150005340576,26.047800064086914,,0.5514743864193619,59.6577598179415,1.5053617326057989,0.21735718963985326,1.2880045429659457,31.84056994625979,23.73150005340576,15.62243016055173,0.8858950410100419,0,bear,hold
2022-04-29,33.400001525878906,34.34000015258789,28.540000915527344,28.969999313354492,0,24.37350015640259,26.230000076293944,,0.6245137350906051,64.50000801151691,1.928655313354792,0.559616814382841,1.3690384989719508,33.3619738281439,24.37350015640259,15.385026484661273,1.0021153590211072,0,bear,hold
2022-05-02,32.34000015258789,36.63999938964844,31.739999771118164,33.349998474121094,0,25.00900020599365,26.31460006713867,,0.6474784276722776,62.00843115849319,2.153758091133721,0.8784450697330171,1.2753130214007038,34.3561966730735,25.00900020599365,15.661803738913806,0.8921496660743943,0,bear,hold
2022-05-03,29.25,32.81999969482422,29.059999465942383,31.760000228881836,0,25.54300022125244,26.34460006713867,,0.5751211890516339,55.301991154369006,2.059080675897853,1.1145721909659843,0.9445084849318688,34.57264739392694,25.54300022125244,16.51335304857794,0.7052682517853894,0,bear,hold
2022-05-04,25.420000076293945,29.420000076293945,24.940000534057617,29.1200008392334,0,25.762500190734862,26.276800079345705,,0.2087493697723073,48.32542200535874,1.655910847529693,1.222839922278726,0.433070925250967,34.5529154234663,25.762500190734862,16.97208495800342,0.4805185474535034,0,bear,hold
2022-05-05,31.200000762939453,33.20000076293945,25.780000686645508,25.969999313354492,0,26.21750020980835,26.28040008544922,,0.41176471603592546,57.11755891835882,1.7822489473436889,1.3347217272917187,0.4475272200519702,35.14351843846894,26.21750020980835,17.29148198114776,0.7790998419167895,0,bear,hold
2022-05-06,30.190000534057617,35.34000015258789,29.829999923706055,32.22999954223633,0,26.6495002746582,26.277800102233886,,0.40092814862556714,55.345500287892655,1.7803514409356573,1.4238476700205065,0.35650377091515084,35.46575480214161,26.6495002746582,17.833245747174793,0.7007938999697896,0,bear,hold
2022-05-09,34.75,35.47999954223633,31.899999618530273,31.899999618530273,0,27.3290002822876,26.42100009918213,,0.6422495392527123,61.198575694636745,2.1223365264639646,1.5635454413091983,0.5587910851547664,36.438125323904046,27.3290002822876,18.219875240671154,0.9073387775339792,0,bear,hold
2022-05-10,32.9900016784668,34.84000015258789,32.2400016784668,33.65999984741211,0,27.76000032424927,26.47780014038086,,0.3537136045295497,58.03663817480943,2.2256886615394613,1.695974085355251,0.5297145761842104,37.08155420221562,27.76000032424927,18.438446446282917,0.7805326999492995,0,bear,hold
2022-05-11,32.560001373291016,34.38999938964844,30.690000534057617,32.869998931884766,0,28.175000381469726,26.462600173950197,,0.3421270019003513,57.258258834777074,2.246996564544247,1.8061785811930502,0.44081798335119693,37.57502529582519,28.175000381469726,18.77497546711426,0.7332441154025365,0,bear,hold
2022-05-12,31.770000457763672,34.7599983215332,31.700000762939453,33.7400016784668,0,28.6725004196167,26.483200187683106,,0.45600370770397536,55.77813996781508,2.1750639760353465,1.8799556601615095,0.295108315873837,37.72114902606265,28.6725004196167,19.62385181317075,0.6711581570280241,0,bear,hold
2022-05-13,28.8700008392334,31.200000762939453,28.780000686645508,31.09000015258789,0,28.981000423431396,26.451000213623047,,0.27180616162653304,50.606591772794964,1.8625804801295445,1.8764806241551166,-0.013900144025572159,37.604862867074,28.981000423431396,20.357137979788796,0.4935643926997105,0,bear,hold
2022-05-16,27.469999313354492,30.229999542236328,27.360000610351562,30.010000228881836,0,29.246000385284425,26.36080020904541,,0.239061759982931,48.27939237527027,1.4848502065704992,1.7981545406381934,-0.3133043340676942,37.324910166494405,29.246000385284425,21.167090604074442,0.3900841128303862,0,bear,hold
2022-05-17,26.100000381469727,27.170000076293945,25.510000228881836,27.06999969482422,0,29.48250036239624,26.153800201416015,,0.22133829464117172,46.04781506452089,1.0626986505938802,1.651063362629331,-0.5883647120354507,36.87291602940415,29.48250036239624,22.09208469538833,0.2711563101906042,0,bear,hold
2022-05-18,30.959999084472656,31.489999771118164,26.209999084472656,26.739999771118164,0,30.01450033187866,26.070400161743166,,0.5236220250711219,54.14505370369278,1.10753480782504,1.542357651668473,-0.43482284384343295,36.10814166191563,30.01450033187866,23.92085900184169,0.5775807683275854,0,bear,hold
2022-05-19,29.350000381469727,33.11000061035156,29.059999465942383,31.239999771118164,0,30.34800033569336,26.00840015411377,,0.2940917101650917,51.39330659742803,1.0016084269794199,1.4342078067306625,-0.43259937975124263,35.44867769830265,30.34800033569336,25.24732297308407,0.4021698606601241,0,bear,hold
2022-05-20,29.43000030517578,32.90999984741211,28.059999465942383,28.780000686645508,0,30.409000396728516,25.99240016937256,,0.04324712018068233,51.52513684007365,0.9135850920030855,1.3300832637851472,-0.4164981717820617,35.43457105773921,30.409000396728516,25.38342973571782,0.40259811695137454,0,bear,hold
2022-05-23,28.479999542236328,30.389999389648438,28.290000915527344,28.979999542236328,0,30.48200035095215,25.947000160217286,,0.05403401405395436,49.79791086136513,0.7584261779039139,1.2157518466089006,-0.4573256687049867,35.348435312770754,30.48200035095215,25.615565389133543,0.2943051921557311,0,bear,hold
2022-05-24,29.450000762939453,31.06999969482422,29.040000915527344,29.43000030517578,0,30.278500366210938,25.9006001663208,,-0.12142003697024273,51.582607535787645,0.7055989075073299,1.1137212587885865,-0.4081223512812566,34.956497369479116,30.278500366210938,25.60050336294276,0.4114471853345917,0,bear,hold
2022-05-25,28.3700008392334,30.229999542236328,28.15999984741211,29.329999923706055,0,30.117000389099122,25.871400184631348,,-0.10221517415330172,49.47372047470528,0.5700151671857938,1.004980040468028,-0.4349648732822342,34.82428502283294,30.117000389099122,25.409715755365305,0.3144365928771123,0,bear,hold
2022-05-26,27.5,28.459999084472656,27.110000610351562,28.420000076293945,0,29.992500400543214,25.88800018310547,,-0.08302766889368751,47.77911441155679,0.3878909143205469,0.8815622152385318,-0.49367130091798495,34.83636662601852,29.992500400543214,25.148634175067915,0.2427158095908562,0,bear,hold
2022-05-27,25.719999313354492,27.540000915527344,25.56999969482422,27.5,0,29.608500289916993,25.889000167846678,,-0.22994017549890866,44.426228236887134,0.09878620656755999,0.7250070135043375,-0.6262208069367775,34.528038479079626,29.608500289916993,24.688962100754363,0.10479004054399106,0,bear,hold
2022-05-31,26.190000534057617,28.350000381469727,25.940000534057617,27.469999313354492,0,29.301000308990478,25.935400161743164,,-0.19016696318840742,45.51348776584656,-0.0913531247106576,0.5617349858613385,-0.6530881105719961,34.26775386214351,29.301000308990478,24.33424675583745,0.1868175819839182,0,bear,hold
2022-06-01,25.690000534057617,27.729999542236328,25.3799991607666,26.049999237060547,0,29.12300033569336,25.978600158691407,,-0.12170938345102167,44.51571329479329,-0.2791676648891972,0.3935544557112314,-0.6727221206004286,34.333494416334155,29.12300033569336,23.912506255052566,0.17056868806445818,0,bear,hold
2022-06-02,24.719999313354492,26.5,24.329999923706055,25.729999542236328,0,29.088000297546387,26.014200134277345,,-0.027537402078619877,42.566123121125834,-0.500513425770194,0.2147408794149463,-0.7152543051851403,34.405818456343525,29.088000297546387,23.77018213874925,0.08930515732603454,0,bear,hold
2022-06-03,24.790000915527344,25.959999084472656,24.760000228881836,24.90999984741211,0,28.76750030517578,26.038600158691406,,-0.20544870803420467,42.76094728050549,-0.662644439098834,0.03926381571219026,-0.7019082548110243,34.30561907728581,28.76750030517578,23.22938153306575,0.14089796975110686,0,bear,hold
2022-06-06,25.06999969482422,25.809999465942383,24.81999969482422,25.3700008392334,0,28.51150026321411,26.10660015106201,,-0.1695926051229273,43.585275169980434,-0.7597825732545829,-0.12054546208116437,-0.6392371111734185,34.23323218812428,28.51150026321411,22.78976833830394,0.19926058983933237,0,bear,hold
2022-06-07,24.020000457763672,26.239999771118164,23.8799991607666,25.540000915527344,0,27.975000286102294,26.17080017089844,,-0.30877696524421083,41.189679614791,-0.9109900810537503,-0.27863438587568157,-0.6323556951780688,33.2511566168102,27.975000286102294,22.698843955394388,0.1252006593019225,0,bear,hold
2022-06-08,23.959999084472656,24.780000686645508,23.739999771118164,24.3700008392334,0,27.523500156402587,26.25740016937256,,-0.2737193735848821,41.05082749549889,-1.0238622826853891,-0.4276799652376231,-0.5961823174477661,32.54509505188427,27.523500156402587,22.501905260920907,0.14518234285124332,0,bear,hold
2022-06-09,26.09000015258789,26.239999771118164,23.81999969482422,24.290000915527344,0,27.200000095367432,26.40120018005371,22.939300060272217,-0.19871010281991175,47.780584996626466,-0.930712357929643,-0.5282864437760271,-0.40242591415361595,31.687262254748397,27.200000095367432,22.712737935986468,0.376316570844986,0,bull,hold
2022-06-10,27.75,29.6299991607666,26.049999237060547,26.260000228881836,0,26.999000072479248,26.569600181579588,22.99410005569458,-0.12653447906329196,52.34651528802215,-0.7147035987641459,-0.5655698747736508,-0.14913372399049507,30.981139819746655,26.999000072479248,23.01686032521184,0.5942960286660077,0,bull,hold
2022-06-13,34.02000045776367,35.04999923706055,31.290000915527344,31.3700008392334,0,27.256500053405762,26.838800201416017,23.070000057220458,0.17838584928378642,64.84863549779388,-0.03715021989534151,-0.459885943797989,0.4227357239026475,32.23153497933866,27.256500053405762,22.281465127472863,1.1797440123588323,0,bull,hold
2022-06-14,32.689998626708984,34.0,32.060001373291016,33.0099983215332,0,27.517500019073488,27.100000190734864,23.151500053405762,0.19002546209809323,61.18188619904464,0.38802279662593975,-0.2903041957132033,0.6783269923391431,33.0287570034969,27.517500019073488,22.006243034650076,0.9692666865521463,0,bull,hold
2022-06-15,29.6200008392334,32.77000045776367,27.760000228881836,32.38999938964844,0,27.69350004196167,27.321000213623048,23.21865005493164,0.13486591595082031,53.64213618754786,0.471813538242845,-0.13788064892199364,0.6096941871648387,33.237171245357715,27.69350004196167,22.14982883856563,0.6737567693491233,0,bull,hold
2022-06-16,32.95000076293945,34.81999969482422,30.350000381469727,30.350000381469727,0,27.79300012588501,27.559400215148926,23.301000061035158,0.06427654190289811,59.47577630016832,0.7977257822754567,0.04924063731749642,0.7484851449579603,33.63122298147578,27.79300012588501,21.954777270294237,0.9416584262551765,0,bull,hold
2022-06-17,31.1299991607666,33.310001373291016,30.469999313354492,32.84000015258789,0,27.882000064849855,27.740000190734865,23.37610005378723,0.06064731707535809,55.37433085441149,0.898793927913708,0.21915129543673875,0.6796426324769693,33.86492783539676,27.882000064849855,21.899072294302947,0.7714389359592622,0,bull,hold
2022-06-21,30.190000534057617,30.649999618530273,29.329999923706055,30.6299991607666,0,27.920000076293945,27.912800216674803,23.445000057220458,0.025823996636118896,53.32883298215422,0.8927500612214345,0.3538710485936779,0.5388790126277566,33.9512322048449,27.920000076293945,21.888767947742995,0.6881871240718648,0,bull,hold
2022-06-22,28.950000762939453,31.56999969482422,28.780000686645508,31.450000762939453,0,27.943500137329103,28.06860023498535,23.507700061798097,0.016502852115784172,50.669828645119274,0.7789236874990166,0.4388815763747457,0.34004211112427096,33.98692734211262,27.943500137329103,21.900072932545587,0.5832723379884248,0,bull,hold
2022-06-23,29.049999237060547,29.770000457763672,28.739999771118164,29.290000915527344,0,27.923500061035156,28.162200202941893,23.562250061035158,-0.013582394414817012,50.88251983248432,0.6888439432019489,0.48887404974018633,0.19996989346176253,33.949474803088,27.923500061035156,21.89752531898231,0.593470286903462,0,bull,hold
2022-06-24,27.229999542236328,29.719999313354492,26.829999923706055,29.06999969482422,0,27.866499996185304,28.221600189208985,23.608600063323976,-0.040183336738592645,46.91759263612331,0.4652334106960261,0.4841459219313543,-0.018912511235328222,33.896068104036466,27.866499996185304,21.836931888334142,0.4472184041573241,0,bull,hold
2022-06-27,26.950000762939453,28.65999984741211,26.93000030517578,28.299999237060547,0,27.839000034332276,28.324200210571288,23.649350070953368,-0.01999997225674721,46.31959309809517,0.26240208333926063,0.4397971542129356,-0.17739507087367495,33.88000957703915,27.839000034332276,21.797990491625406,0.42641964351255784,0,bull,hold
2022-06-28,28.360000610351562,28.68000030517578,26.469999313354492,26.899999618530273,0,27.971000099182127,28.43740020751953,23.68640007019043,0.10264391008853235,49.79016864173765,0.21297693339929324,0.3944331100502071,-0.18145617665091385,33.93592723499323,27.971000099182127,22.00607296337103,0.5326073145834445,0,bull,hold
2022-06-29,28.15999984741211,29.360000610351562,27.850000381469727,28.799999237060547,0,28.069500064849855,28.557200202941896,23.730350065231324,0.07521952169465185,49.30324764700669,0.15587196095087918,0.34672088023034153,-0.19084891927946235,33.97833235671268,28.069500064849855,22.160667772987033,0.5076580090694809,0,bull,hold
2022-06-30,28.709999084472656,30.219999313354492,28.280000686645508,29.420000076293945,0,28.220499992370605,28.70400016784668,23.776600065231325,0.11755541018426152,50.730204306967785,0.15322986229155688,0.3080226766425846,-0.1547928143510277,34.031931772606455,28.220499992370605,22.409068212134756,0.5421151887015858,0,bull,hold
2022-07-01,26.700000762939453,29.59000015258789,26.690000534057617,29.530000686645508,0,28.319500064849855,28.831600189208984,23.819200067520143,0.08009714824366143,45.67092409553608,-0.010928113729551825,0.24423251856815734,-0.25516063229770913,33.953789537313384,28.319500064849855,22.68521059238633,0.3562818515249008,0,bull,hold
2022-07-05,27.540000915527344,29.81999969482422,27.299999237060547,27.3700008392334,0,28.457000064849854,28.928800201416017,23.86345006942749,0.11093182325287954,48.004676408168756,-0.07240881651708975,0.18090425155110795,-0.2533130680681977,33.869914602809835,28.457000064849854,23.044085526889873,0.4152952496393829,0,bull,hold
2022-07-06,26.729999542236328,28.06999969482422,26.43000030517578,27.84000015258789,0,28.54000005722046,28.89920021057129,23.89305006980896,0.06621459384201045,45.95472445006725,-0.18436778076966576,0.10784984508695322,-0.292217625856619,33.79111800105253,28.54000005722046,23.28888211338839,0.32765569785857246,0,bull,hold
2022-07-07,26.079999923706055,26.790000915527344,25.65999984741211,26.729999542236328,0,28.643000030517577,28.880400199890136,23.894900074005125,0.08576184124411856,44.319174438129686,-0.32183568209509517,0.02191273965054355,-0.3437484217456387,33.60848535801564,28.643000030517577,23.67751470301951,0.24191846941747702,0,bull,hold
2022-07-08,24.639999389648438,26.610000610351562,24.43000030517578,26.40999984741211,0,28.677000045776367,28.70280017852783,23.89630006790161,0.028380648211979942,40.85048723724509,-0.5407426481626914,-0.09061833791210344,-0.4501243102505879,33.52159742713598,28.677000045776367,23.832402664416755,0.08335024168768332,0,bull,hold
2022-07-11,26.170000076293945,26.739999771118164,25.790000915527344,26.420000076293945,0,28.68100004196167,28.594200172424316,23.922800064086914,0.0030663059884312727,45.71220079804729,-0.5840373087036177,-0.1893021320704063,-0.3947351766332114,33.517171654665674,28.68100004196167,23.84482842925767,0.24039383144803497,0,bull,hold
2022-07-12,27.290000915527344,27.75,25.81999969482422,27.139999389648438,0,28.65800008773804,28.5402001953125,23.96610007286072,-0.016576543584600256,49.01578470198552,-0.5219571346734284,-0.25583313259101076,-0.26612400208241765,33.515989731023474,28.65800008773804,23.800010444452603,0.35920110244558656,0,bull,hold
2022-07-13,26.81999969482422,29.059999465942383,26.229999542236328,27.350000381469727,0,28.298000049591064,28.408600158691407,24.01145007133484,-0.21164023121864328,47.70388046478022,-0.504863567102749,-0.3056392194933584,-0.19922434760939062,32.54147772240196,28.298000049591064,24.05452237678017,0.3258503439010894,0,bull,hold
2022-07-14,26.399999618530273,28.450000762939453,26.200000762939453,27.469999313354492,0,27.98350009918213,28.289800148010254,24.049650068283082,-0.19241355987820508,46.50600874814215,-0.5192220194841823,-0.3483557794915232,-0.17086623999265915,31.787972823673122,27.98350009918213,24.179027374691138,0.29188962632611376,0,bull,hold
2022-07-15,24.229999542236328,26.719999313354492,24.1299991607666,26.719999313354492,0,27.714000034332276,28.18940013885498,24.054550065994263,-0.18197167941527215,40.80484634272743,-0.6976598783536687,-0.41821659926395227,-0.27944327908971645,31.77178488857732,27.714000034332276,23.656215180087234,0.07070167378992892,0,bull,hold
2022-07-18,25.299999237060547,25.90999984741211,24.3799991607666,24.829999923706055,0,27.33149995803833,28.187000122070312,24.068250064849853,-0.23216999540962846,44.42277336947263,-0.7441549786973027,-0.48340427515062234,-0.2607507035466804,30.731901689265356,27.33149995803833,23.9310982268113,0.2012851889937253,0,bull,hold
2022-07-19,24.5,25.40999984741211,24.229999542236328,25.1200008392334,0,27.0,28.053000106811524,24.07505006790161,-0.21297781366863788,42.33920867494674,-0.8359199682055731,-0.5539074137616125,-0.2820125544439607,30.137024419551576,27.0,23.862975580448424,0.10153322613322785,0,bull,hold
2022-07-20,23.8799991607666,24.729999542236328,23.399999618530273,24.229999542236328,0,26.68449993133545,27.926800079345703,24.088950061798094,-0.2090096476206632,40.74423020140996,-0.9477482181784787,-0.6326755746449857,-0.31507264353349296,29.74299979261703,26.68449993133545,23.626000070053866,0.04152347592494313,0,bull,hold
2022-07-21,23.110000610351562,24.670000076293945,22.920000076293945,24.06999969482422,0,26.392499923706055,27.694000091552734,24.08970006942749,-0.20172711567123713,38.78983522506314,-1.085986780233906,-0.7233378157627698,-0.36264896447113626,29.63938699583844,26.392499923706055,23.14561285157367,-0.005484059105067574,0,bull,hold
2022-07-22,23.030000686645508,23.809999465942383,22.40999984741211,23.299999237060547,0,26.091499996185302,27.49480007171631,24.098350076675416,-0.2072288712054431,38.582762030418515,-1.188299188519025,-0.8163300903140209,-0.3719690982050041,29.412447381715687,26.091499996185302,22.770552610654917,0.03906235869936169,0,bull,hold
2022-07-25,23.360000610351562,24.56999969482422,23.190000534057617,24.329999923706055,0,25.898000049591065,27.31080005645752,24.110150079727173,-0.14212262199571568,40.00550452872772,-1.228591831426609,-0.8987824385365386,-0.3298093928900705,29.378216157223406,25.898000049591065,22.417783941958724,0.13536755179175447,0,bull,hold
2022-07-26,24.690000534057617,25.309999465942383,23.81999969482422,23.950000762939453,0,25.785000038146972,27.1692000579834,24.135900077819823,-0.08385900426354331,45.4865356175783,-1.1400622348742147,-0.9470383978040738,-0.1930238370701408,29.268007303601188,25.785000038146972,22.301992772692756,0.342808323291488,0,bull,hold
2022-07-27,23.239999771118164,24.40999984741211,23.020000457763672,24.270000457763672,0,25.528999996185302,27.056600036621095,24.158250074386597,-0.18053599185624025,41.08013462674804,-1.173378854164529,-0.9923064890761649,-0.181072365088364,28.969708528992744,25.528999996185302,22.08829146337786,0.16736499136132416,0,bull,hold
2022-07-28,22.329999923706055,23.540000915527344,22.219999313354492,23.329999923706055,0,25.2375,26.953800048828125,24.169900074005128,-0.2070312484125183,38.55579060851583,-1.2587023601922098,-1.045585663299374,-0.21311669689283574,28.72474453773222,25.2375,21.75025546226778,0.08312357438163571,0,bull,hold
2022-07-29,21.329999923706055,22.15999984741211,21.209999084472656,22.1299991607666,0,24.86850004196167,26.85840003967285,24.17730007171631,-0.25705327050177285,35.94204772944525,-1.3909791542572947,-1.1146643614909584,-0.2763147927663363,28.369684410247476,24.86850004196167,21.367315673675865,-0.005329018132809753,0,bull,hold
2022-08-01,22.84000015258789,23.270000457763672,22.260000228881836,22.40999984741211,0,24.675500011444093,26.696000061035157,24.198300075531005,-0.14456930711812488,42.30255202619142,-1.3583073461153496,-1.1633929584158367,-0.19491438769951297,28.17712525062364,24.675500011444093,21.173874772264547,0.23790743819200477,0,bull,hold
2022-08-02,23.93000030517578,24.68000030517578,22.670000076293945,24.079999923706055,0,24.494999980926515,26.587600059509278,24.233650074005126,-0.13108208025934398,46.43700079372314,-1.2302789105143326,-1.176770148835536,-0.05350876167879659,27.750939038725715,24.494999980926515,21.239060923127315,0.41323552656838786,0,bull,hold
2022-08-03,21.950000762939453,23.920000076293945,21.68000030517578,23.860000610351562,0,24.25600004196167,26.43800006866455,24.261900081634522,-0.1788252473309606,40.727801627689786,-1.2739001405721098,-1.1961961471828508,-0.07770399338925893,27.52234583824557,24.25600004196167,20.98965424567777,0.1470062536480772,0,bull,hold
2022-08-04,21.440000534057617,22.65999984741211,21.440000534057617,22.059999465942383,0,24.024000072479247,26.297200088500976,24.2875500869751,-0.17791408754686366,39.38464119684241,-1.3342427163906052,-1.2238054610244018,-0.11043725536620341,27.396579863903703,24.024000072479247,20.65142028105479,0.11691054056125967,0,bull,hold
2022-08-05,21.149999618530273,22.579999923706055,20.760000228881836,21.5,0,23.84950008392334,26.13120006561279,24.314800086021425,-0.14163960460909575,38.60500109273406,-1.3894485942233352,-1.2569340876641886,-0.13251450655914665,27.43120053979759,23.84950008392334,20.267799628049087,0.12315379263979405,0,bull,hold
2022-08-08,21.290000915527344,22.010000228881836,20.829999923706055,21.739999771118164,0,23.60550012588501,25.98960006713867,24.343800091743468,-0.186473028144434,39.23041982805412,-1.4056986959646167,-1.2866870093242742,-0.11901168664034256,27.186519169845067,23.60550012588501,20.02448108192495,0.17669828309582553,0,bull,hold
2022-08-09,21.770000457763672,22.229999542236328,21.40999984741211,21.40999984741211,0,23.329500102996825,25.875000076293944,24.377600092887878,-0.20227190445504628,41.4332570730823,-1.364120337025522,-1.3021736748645236,-0.06194666216099831,26.56642703069032,23.329500102996825,20.09257317530333,0.25910799346582875,0,bull,hold
2022-08-10,19.739999771118164,22.34000015258789,19.540000915527344,22.280000686645508,0,22.975500106811523,25.755400085449217,24.39915009021759,-0.263982103067375,35.562100936776815,-1.4779365454862656,-1.3373262489888722,-0.14061029649739343,26.15616308682567,22.975500106811523,19.794837126797376,-0.008620428511883318,0,bull,hold
2022-08-11,20.200000762939453,20.850000381469727,19.709999084472656,19.84000015258789,0,22.665500164031982,25.635600090026855,24.423950095176696,-0.23484844489312096,37.71587043219709,-1.5135709710525411,-1.3725751934016062,-0.14099577765093496,25.65338521449054,22.665500164031982,19.677615113573424,0.08741729359465442,0,bull,hold
2022-08-12,19.530000686645508,20.350000381469727,19.1200008392334,20.34000015258789,0,22.43050022125244,25.512400093078615,24.441700100898743,-0.19397436831965498,35.83702700099198,-1.5776883080404254,-1.41359781632937,-0.16409049171105528,25.621628065132413,22.43050022125244,19.23937237737247,0.04553692667475131,0,bull,hold
2022-08-15,19.950000762939453,21.15999984741211,19.809999465942383,20.739999771118164,0,22.163000297546386,25.417000122070313,24.456550107002258,-0.21146239665826483,37.92461633182649,-1.5764390553432008,-1.4461660641321363,-0.1302729912110645,25.242098001655265,22.163000297546386,19.083902593437507,0.14064155358665426,0,bull,hold
2022-08-16,19.690000534057617,20.389999389648438,19.5,20.229999542236328,0,21.922500324249267,25.315000114440917,24.47235010623932,-0.19632650881397484,37.11947620190591,-1.5782359376668005,-1.4725800388390693,-0.10565589882773119,24.98523011432452,21.922500324249267,18.859770534174015,0.1355375852244549,0,bull,hold
2022-08-17,19.899999618530273,20.6299991607666,19.40999984741211,19.739999771118164,0,21.723500347137453,25.21160011291504,24.490550103187562,-0.16666665335462938,38.25958984373067,-1.544906093003231,-1.4870452496719018,-0.05786084333132924,24.768767377364167,21.723500347137453,18.678233316910738,0.2006008487092472,0,bull,hold
2022-08-18,19.559999465942383,20.610000610351562,19.43000030517578,20.510000228881836,0,21.546000289916993,25.122400093078614,24.506300101280214,-0.15361319994163236,37.087120487929546,-1.5283097186954464,-1.4952981434766108,-0.033011575218835576,24.660369699723834,21.546000289916993,18.431630880110152,0.18115522556173166,0,bull,hold
2022-08-19,20.600000381469727,21.270000457763672,20.079999923706055,20.15999984741211,0,21.424500274658204,25.055200119018554,24.529150099754332,-0.10551455634931328,42.85575450470501,-1.4149271903644234,-1.4792239528541733,0.06429676248974991,24.48697958655036,21.424500274658204,18.36202096276605,0.36538686318846353,0,bull,hold
2022-08-22,23.799999237060547,24.6200008392334,22.389999389648438,22.40999984741211,0,21.44650020599365,25.009400100708007,24.572650094032287,0.01883555715807672,56.17209566625845,-1.0546996347831374,-1.3943190892399662,0.33961945445682873,24.56999349108864,21.44650020599365,18.323006920898663,0.8767414904167665,0,bull,hold
2022-08-23,24.110000610351562,24.209999084472656,23.06999969482422,24.1299991607666,0,21.41750020980835,24.936600112915038,24.61600009918213,-0.023491288422857526,57.21232612327665,-0.7357212451075412,-1.2625995204134812,0.52687827530594,24.42875149591704,21.41750020980835,18.406248923699657,0.9470733500329382,0,bull,hold
2022-08-24,22.81999969482422,24.860000610351562,22.729999542236328,24.3700008392334,0,21.396500205993654,24.71260009765625,24.64770009994507,-0.018072292617485552,51.712081974168846,-0.5803311695905791,-1.1261458502489008,0.5458146806583217,24.36213173036573,21.396500205993654,18.43086868162158,0.7399993858191752,0,bull,hold
2022-08-25,21.780000686645508,23.1299991607666,21.770000457763672,22.40999984741211,0,21.369000244140626,24.49440013885498,24.670500106811524,-0.024630507789507594,47.72829698783633,-0.5349362316517698,-1.0079039265294747,0.47296769487770485,24.30959126056572,21.369000244140626,18.42840922771553,0.5698839859418021,0,bear,death_cross
2022-08-26,25.559999465942383,25.899999618530273,21.670000076293945,22.06999969482422,0,21.580500221252443,24.41320011138916,24.70940010070801,0.19831221553522504,59.83862397488234,-0.1917358935318454,-0.8446703199299489,0.6529344263981035,25.04182038197675,21.580500221252443,18.119180060528137,1.0748528104746604,0,bear,hold
2022-08-29,26.209999084472656,27.670000076293945,25.469999313354492,26.860000610351562,0,21.74900016784668,24.278400077819825,24.74680009841919,0.14754811336999607,61.49081286297867,0.13119010611474735,-0.6494982347210096,0.780688340835757,25.728491624871324,21.74900016784668,17.769508710822038,1.0604986170722102,0,bear,hold
2022-08-30,26.209999084472656,27.690000534057617,25.1299991607666,25.75,0,21.863000106811523,24.180000076293947,24.789550094604493,0.09527784163060526,61.49081286297867,0.38269976274823847,-0.4430586352271601,0.8257583979753986,26.200409271188093,21.863000106811523,17.525590942434953,1.0011054771317547,0,bear,hold
2022-08-31,25.8700008392334,26.6200008392334,25.309999465942383,25.860000610351562,0,22.059000110626222,24.09360008239746,24.837450094223023,0.17858769658507279,59.99358174689978,0.5482678700317614,-0.2447933341753758,0.7930612042071372,26.73544656111926,22.059000110626222,17.382553660133183,0.9074675898625314,0,bear,hold
2022-09-01,25.559999465942383,27.450000762939453,25.25,26.8799991607666,0,22.26500005722046,24.02580005645752,24.882800092697142,0.19216412449897624,58.592724351465066,0.6470089514297506,-0.06643287705435053,0.7134418284841011,27.17154412554065,22.26500005722046,17.358455988900268,0.8357759925154411,0,bear,hold
2022-09-02,25.469999313354492,26.280000686645508,23.190000534057617,25.510000228881836,0,22.48100004196167,23.9542000579834,24.92830008506775,0.2042553084038503,58.16806755075494,0.7098173768037306,0.08881717371726572,0.6210002030864649,27.549856872790816,22.48100004196167,17.412143211132527,0.7948395832777834,0,bear,hold
2022-09-06,26.90999984741211,27.799999237060547,25.329999923706055,25.459999084472656,0,22.761999988555907,23.947800064086913,24.977300081253052,0.2639736350497739,62.81214649981953,0.865809007642028,0.24421554050221816,0.6215934671398098,28.148740910764985,22.761999988555907,17.37525906634683,0.8850194318566862,0,bear,hold
2022-09-07,24.639999389648438,27.149999618530273,24.540000915527344,26.93000030517578,0,22.905499935150146,23.901600036621094,25.012550077438355,0.13183274559193947,52.851317980296514,0.7970752459114898,0.35478748158407253,0.4422877643274173,28.331656269111974,22.905499935150146,17.47934360118832,0.6598276337563492,0,bear,hold
2022-09-08,23.610000610351562,25.899999618530273,23.559999465942383,24.700000762939453,0,23.098999977111816,23.806600036621095,25.04105008125305,0.19604867700635165,49.05038917688125,0.651975384715314,0.41422506221032085,0.23775032250499317,28.33241086086745,23.098999977111816,17.86558909335618,0.5488209930951417,0,bear,hold
2022-09-09,22.790000915527344,23.56999969482422,22.639999389648438,23.489999771118164,0,23.228499984741212,23.699200057983397,25.059150085449218,0.12821782449333918,46.201647686281035,0.4654501572996814,0.42447008122819296,0.04098007607148846,28.294046871856708,23.228499984741212,18.162953097625717,0.4567174997107207,0,bear,hold
2022-09-12,23.8700008392334,24.229999542236328,23.15999984741211,23.579999923706055,0,23.445499992370607,23.602400093078614,25.08160009384155,0.22222222222222232,50.2960995664446,0.4001617233830821,0.4196084096591708,-0.019446686276088698,28.222312162634452,23.445499992370607,18.66868782210676,0.5444334874108463,0,bear,hold
2022-09-13,27.270000457763672,28.149999618530273,23.530000686645508,23.670000076293945,0,23.811499977111815,23.613800086975097,25.125050096511842,0.36691726390418866,60.49062070015518,0.6156746097028822,0.4588216496679131,0.15685296003496912,28.582639080515328,23.811499977111815,19.040360873708302,0.86243970315021,0,bear,hold
2022-09-14,26.15999984741211,27.559999465942383,26.15999984741211,26.729999542236328,0,24.13499994277954,23.586200065612793,25.112750091552734,0.32859315072965045,56.42194176121671,0.6889604450569848,0.5048494087457275,0.18411103631125736,28.61282287688701,24.13499994277954,19.657177008672072,0.7261143344021259,0,bear,hold
2022-09-15,26.270000457763672,26.93000030517578,25.420000076293945,26.100000381469727,0,24.45349998474121,23.57700008392334,25.12930009841919,0.32010055082120936,56.7325288893715,0.7473016987093892,0.5533398667384599,0.1939618319709293,28.572933078362063,24.45349998474121,20.334066891120358,0.7204794241998254,0,bear,hold
2022-09-16,26.299999237060547,28.450000762939453,26.139999389648438,27.469999313354492,0,24.79049997329712,23.58140007019043,25.124850091934203,0.34458077480287064,56.822906769578886,0.7868874644640478,0.6000493862835775,0.18683807818047027,28.313012638418165,24.79049997329712,21.267987308176075,0.7142645615883905,0,bear,hold
2022-09-19,25.760000228881836,27.950000762939453,25.559999465942383,27.690000534057617,0,25.048499965667723,23.6038000869751,25.098050088882445,0.25048542484754877,54.611548096896705,0.7658577308334813,0.6332110551935584,0.13264667563992294,28.017972692429137,25.048499965667723,22.07902723890631,0.6198024579922803,0,bear,hold
2022-09-20,27.15999984741211,27.809999465942383,25.610000610351562,25.649999618530273,0,25.216499996185302,23.62360008239746,25.09410008430481,0.14117650075885235,59.059947525142064,0.8523346016229674,0.6770357644794402,0.17529883714352712,28.263598250298383,25.216499996185302,22.16940174207222,0.8189099413849558,0,bear,hold
2022-09-21,27.989999771118164,30.18000030517578,25.549999237060547,28.030000686645508,0,25.41049995422363,23.63760005950928,25.080700082778932,0.16092903619010013,61.47086572455503,0.9765847410086792,0.7369455597852881,0.23963918122339112,28.639719032806546,25.41049995422363,22.181280875640716,0.8993999406857369,0,bear,hold
2022-09-22,27.350000381469727,28.3799991607666,26.709999084472656,28.15999984741211,0,25.636999988555907,23.648200073242187,25.0815500831604,0.1985101116225234,58.60500564329503,1.0117484631080558,0.7919061404498416,0.21984232265821413,28.740681811478748,25.636999988555907,22.533318165633066,0.7759626293298052,0,bear,hold
2022-09-23,29.920000076293945,32.310001373291016,27.579999923706055,27.68000030517578,0,26.04399995803833,23.71860008239746,25.121700086593627,0.3737373339312844,65.5505480349744,1.2327827114840488,0.8800814546566832,0.35270125682736564,29.152661114329277,26.04399995803833,22.935338801747385,1.1234195242559353,0,bear,hold
2022-09-26,32.2599983215332,32.880001068115234,29.829999923706055,31.739999771118164,0,26.37899990081787,23.879200057983397,25.183500080108644,0.262128286212145,70.41753171100899,1.578575413262282,1.019780246377803,0.558795166884479,30.489443936893206,26.37899990081787,22.268555864742535,1.2153726421161213,0,bear,hold
2022-09-27,32.599998474121094,34.13999938964844,30.299999237060547,31.200000762939453,0,26.698499870300292,24.02520004272461,25.238600072860716,0.24380006153582823,71.05736077940111,1.858628677103951,1.1875499325230328,0.6710787445809183,31.620072956858415,26.698499870300292,21.77692678374217,1.0995540958173584,0,bear,hold
2022-09-28,30.18000030517578,34.880001068115234,30.030000686645508,34.5,0,26.89699993133545,24.138800048828124,25.29605007171631,0.1514689568629186,60.95227333322468,1.8638143868406338,1.322802823386553,0.5410115634540809,32.03905350957306,26.89699993133545,21.754946353097846,0.8192304712396199,0,bear,hold
2022-09-29,31.84000015258789,33.459999084472656,31.15999984741211,31.670000076293945,0,27.195499897003174,24.29800006866455,25.353700075149536,0.23076919674083007,64.66438747300677,1.9790588550963726,1.454054029728517,0.5250048253678556,32.74167072865597,27.195499897003174,21.64932906535038,0.9187123329376987,0,bear,hold
2022-09-30,31.6200008392334,33.25,29.389999389648438,31.610000610351562,0,27.498499965667726,24.468200073242187,25.40235008239746,0.23708926055987245,63.79875069111241,2.0292469251135117,1.569092608805516,0.46015431630799575,33.30995796801038,27.498499965667726,21.68704196332507,0.8546012783628701,0,bear,hold
2022-10-03,30.100000381469727,33.060001373291016,29.6299991607666,33.0,0,27.730000019073486,24.609600067138672,25.456400079727175,0.18178253603986638,58.019741320676964,1.9241891437370953,1.6401119157918318,0.28407722794526347,33.56860198508226,27.730000019073486,21.891398053064712,0.7029595762987381,0,bear,hold
2022-10-04,29.06999969482422,29.6200008392334,28.559999465942383,29.520000457763672,0,27.83800001144409,24.723800048828124,25.49890007972717,0.08026755331326507,54.422277650922936,1.737785537812485,1.6596466401959626,0.07813889761652226,33.69182412000516,27.83800001144409,21.984175902883024,0.605230329826477,0,bear,hold
2022-10-05,28.549999237060547,30.110000610351562,28.5,29.360000610351562,0,28.033500003814698,24.801000022888182,25.533800077438354,0.15868506267312443,52.647478945537465,1.5304574848270143,1.6338088091221732,-0.10335132429515892,33.705388815309306,28.033500003814698,22.36161119232009,0.5455315019750665,0,bear,hold
2022-10-06,30.520000457763672,30.739999771118164,28.559999465942383,28.600000381469727,0,28.378999996185303,24.946600036621092,25.572050075531006,0.29267258232862936,58.20797184047627,1.5077309596685389,1.6085932392314466,-0.10086227956290772,33.76564173624462,28.378999996185303,22.99235825612599,0.698732398115156,0,bear,hold
2022-10-07,31.360000610351562,32.02000045776367,29.8799991607666,30.3700008392334,0,28.807499980926515,25.127200050354006,25.623800077438354,0.3760420952412198,60.34619301357356,1.5397517175466184,1.594824934894481,-0.055073217347862524,33.68718758113917,28.807499980926515,23.927812380713863,0.7615434468913348,0,bear,hold
2022-10-10,32.45000076293945,33.9900016784668,32.04999923706055,32.93000030517578,0,29.236499977111816,25.34960006713867,25.692900085449217,0.3594469887744507,62.99216211265322,1.6342437569162627,1.6027086992988373,0.031535057617425366,33.803005197004815,29.236499977111816,24.669994757218817,0.8518555909920689,0,bear,hold
2022-10-11,33.630001068115234,34.43000030517578,32.45000076293945,33.560001373291016,0,29.554500007629393,25.56540008544922,25.77125009536743,0.23322334079906093,65.66331352776177,1.7837831994915057,1.638923599337371,0.14485960015413468,34.40585241093752,29.554500007629393,24.703147604321266,0.9200376226747377,0,bear,hold
2022-10-12,33.56999969482422,34.529998779296875,33.11000061035156,33.540000915527344,0,29.925,25.758200073242186,25.850700092315673,0.28325687655327525,65.40480302628386,1.8758292834176515,1.6863047361534271,0.1895245472642244,34.81446422869892,29.925,25.03553577130108,0.8727401944603398,0,bear,hold
2022-10-13,31.940000534057617,33.869998931884766,31.6299991607666,33.599998474121094,0,30.2085000038147,25.95800006866455,25.922700090408327,0.21583555300693824,58.64969878326928,1.7965397661656688,1.7083517421558756,0.0881880240097932,34.869574186315496,30.2085000038147,25.5474258213139,0.6857405034169527,0,bull,golden_cross
2022-10-14,32.02000045776367,32.97999954223633,31.139999389648438,31.889999389648438,0,30.494500064849852,26.16960006713867,25.998050088882447,0.21749054702035142,58.874202544275974,1.7203267221622838,1.7107467381571575,0.009579984005126274,34.85333701125136,30.494500064849852,26.13566311844834,0.6749893849749549,0,bull,hold
2022-10-17,31.3700008392334,32.59000015258789,30.700000762939453,32.27000045776367,0,30.77500009536743,26.374000091552734,26.068250093460083,0.21777952486435503,56.2041398349784,1.5891589634488135,1.6864291832154887,-0.09727021976667527,34.563791596448795,30.77500009536743,26.98620859428607,0.5785211780189207,0,bull,hold
2022-10-18,30.5,31.93000030517578,30.420000076293945,31.100000381469727,0,30.942000102996825,26.558200073242187,26.13465009689331,0.12297496949014652,52.75544350170439,1.398880350917377,1.6289194167558665,-0.23003906583848943,34.3544573819119,30.942000102996825,27.529542824081755,0.43523726938240925,0,bull,hold
2022-10-19,30.760000228881836,31.899999618530273,30.760000228881836,30.940000534057617,0,31.08050012588501,26.73800006866455,26.20545009613037,0.09896393284797145,53.67036590475697,1.2546007684640337,1.5540556870975,-0.2994549186334663,34.21608607655094,31.08050012588501,27.944914175219083,0.44889314117906626,0,bull,hold
2022-10-20,29.979999542236328,31.31999969482422,29.760000228881836,31.299999237060547,0,31.21200008392334,26.942800064086914,26.270800094604493,0.09616084548753756,50.510147758024495,1.0650414879096175,1.4562528472599237,-0.39121135935030615,33.89930820478758,31.21200008392334,28.524691963059098,0.2707742308889391,0,bull,hold
2022-10-21,29.690000534057617,30.440000534057617,29.239999771118164,30.209999084472656,0,31.200500106811525,27.132600059509276,26.3206000995636,-0.007687150456211378,49.34675248644483,0.8812553331144422,1.3412533444308274,-0.4599980113163853,33.911687975732455,31.200500106811525,28.48931223789059,0.22143214602182973,0,bull,hold
2022-10-24,29.850000381469727,30.950000762939453,29.780000686645508,30.649999618530273,0,31.08000020980835,27.339000053405762,26.37180009841919,-0.07470545770161519,50.03060195293249,0.7399840562666,1.220999486797982,-0.48101543053138207,33.806301984759706,31.08000020980835,28.35369843485699,0.27441972131633013,0,bull,hold
2022-10-25,28.459999084472656,30.0,28.219999313354492,29.799999237060547,0,30.87300024032593,27.509200019836427,26.420300092697143,-0.1269938522523214,44.419969786168366,0.5099852708701889,1.0787966436124234,-0.5688113727422346,33.73169358751961,30.87300024032593,28.01430689313225,0.07795383016124008,0,bull,hold
2022-10-26,27.280000686645508,28.520000457763672,27.270000457763672,28.440000534057617,0,30.728000259399415,27.661000022888185,26.459700098037718,-0.09609011229973152,40.289332708786354,0.22984406800223312,0.9090061284903854,-0.6791620604881523,33.9797547169101,30.728000259399415,27.476245801888734,-0.03017526658415922,0,bull,hold
2022-10-27,27.389999389648438,27.670000076293945,26.940000534057617,27.510000228881836,0,30.50550022125244,27.810800018310548,26.504600095748902,-0.1397613298245467,40.841595851998164,0.016515739293922138,0.7305080506510928,-0.7139923113571707,34.02075600040144,30.50550022125244,26.99024444210344,0.056860008582615036,0,bull,hold
2022-10-28,25.75,27.59000015258789,25.75,27.43000030517578,0,30.212000179290772,27.9346000289917,26.545250091552735,-0.18564202034903277,35.560724987758334,-0.2816362158688044,0.5280791973471134,-0.8097154132159178,34.24771427219737,30.212000179290772,26.176286086384174,-0.052814207915947084,0,bull,hold
2022-10-31,25.8799991607666,27.06999969482422,25.84000015258789,26.90999984741211,0,30.001000118255615,28.04020000457764,26.573100090026855,-0.14019937432628926,36.26423069008117,-0.5016512195862077,0.3221331139604492,-0.8237843335466569,34.4574159326309,30.001000118255615,25.544584303880328,0.03763280524724705,0,bull,hold
2022-11-01,25.809999465942383,26.350000381469727,25.65999984741211,25.959999084472656,0,29.838000106811524,28.080400009155273,26.60620008468628,-0.11214311190592352,36.03609408743222,-0.6738948452244387,0.12292752212347163,-0.7968223673479102,34.643508491107944,29.838000106811524,25.032491722515104,0.0808975535208763,0,bull,hold
2022-11-02,25.860000610351562,26.6200008392334,25.389999389648438,26.040000915527344,0,29.703500175476073,28.115400009155273,26.6215500831604,-0.09422061991571318,36.34414559180078,-0.7971751461536698,-0.06109301153195665,-0.7360821346217131,34.78814929376315,29.703500175476073,24.618851057188998,0.12204869247503604,0,bull,hold
2022-11-03,25.299999237060547,26.8700008392334,25.100000381469727,25.979999542236328,0,29.442500114440918,28.165,26.628800077438356,-0.17103542406321504,34.348905805880804,-0.929350133683787,-0.23474443596232275,-0.6946056977214643,34.85784886492655,29.442500114440918,24.027151363955284,0.11752224388051809,0,bull,hold
2022-11-04,24.549999237060547,25.709999084472656,24.0,25.6299991607666,0,29.102000045776368,28.2203999710083,26.623600072860718,-0.21715565180962126,31.82869795398419,-1.0821442107095613,-0.4042243909117705,-0.6779198197977909,34.839089224010756,29.102000045776368,23.364910867541976,0.10328307027321527,0,bull,hold
2022-11-07,24.350000381469727,25.670000076293945,24.34000015258789,25.670000076293945,0,28.69700002670288,28.19619998931885,26.601100072860717,-0.24961479787453777,31.171891310225973,-1.2054768668229343,-0.5644748860940032,-0.6410019807289311,34.57344202664684,28.69700002670288,22.820558026758924,0.1301333659657824,0,bull,hold
2022-11-08,25.540000915527344,26.15999984741211,24.239999771118164,24.709999084472656,0,28.292500019073486,28.18280002593994,26.579300079345703,-0.2405590215772565,39.210020635343234,-1.1934385705559016,-0.6902676229863829,-0.5031709475695187,33.86067012932463,28.292500019073486,22.72432990882234,0.2528362954933147,0,bull,hold
2022-11-09,26.09000015258789,26.350000381469727,25.020000457763672,25.34000015258789,0,27.91850004196167,28.180400047302246,26.553950080871584,-0.22281798064447367,42.54952773173269,-1.1265318343925088,-0.7775204652676081,-0.3490113691249007,33.00227964104342,27.91850004196167,22.83472044287992,0.3201633397222757,0,bull,hold
2022-11-10,23.530000686645508,26.59000015258789,22.84000015258789,26.510000228881836,0,27.498000049591063,28.13360004425049,26.511800088882445,-0.26330618994337607,33.36255962496891,-1.2654905388480167,-0.8751144799836899,-0.3903760588643268,32.57292134104393,27.498000049591063,22.423078758138196,0.10905803902531246,0,bull,hold
2022-11-11,22.520000457763672,23.90999984741211,22.3700008392334,23.889999389648438,0,27.023000049591065,28.072800064086913,26.471950092315673,-0.2966895647778356,30.55915913158907,-1.4405095929179978,-0.9881935025705515,-0.45231609034744635,32.09436323549935,27.023000049591065,21.95163686368278,0.056036569778732795,0,bull,hold
2022-11-14,23.729999542236328,24.329999923706055,22.860000610351562,23.989999771118164,0,26.64099998474121,28.03800006866455,26.452300090789794,-0.24354482284367618,37.351009546977465,-1.4646925762010135,-1.0834933172966439,-0.38119925890436956,31.49120778033742,26.64099998474121,21.790792189145,0.19990971880133135,0,bull,hold
2022-11-15,24.540000915527344,26.219999313354492,23.18000030517578,23.770000457763672,0,26.34300003051758,27.990600090026856,26.4508500957489,-0.19540980604828384,41.47750500358659,-1.4023322105197487,-1.1472610959412648,-0.25507111457848386,30.933616869658827,26.34300003051758,21.75238319137633,0.3036212585183305,0,bull,hold
2022-11-16,24.110000610351562,24.719999313354492,23.989999771118164,24.290000915527344,0,26.010500049591066,27.98000011444092,26.461600103378295,-0.2161898429469553,39.97230510655103,-1.3717953989542053,-1.192167956543853,-0.17962744241035233,30.220822738669078,26.010500049591066,21.800177360513054,0.27430477666598047,0,bull,hold
2022-11-17,23.93000030517578,25.18000030517578,23.809999465942383,24.049999237060547,0,25.708000087738036,27.986400108337403,26.470800104141237,-0.20180117843354883,39.32890289670092,-1.3465965492920446,-1.2230536750934915,-0.12354287419855314,29.590667061785776,25.708000087738036,21.825333113690295,0.2710336999739303,0,bull,hold
2022-11-18,23.1200008392334,24.1200008392334,22.979999542236328,24.030000686645508,0,25.379500102996825,27.99300010681152,26.464650106430053,-0.22128661423524476,36.48306082041447,-1.3761233732012315,-1.2536676147150396,-0.12245575848619183,28.958848700523397,25.379500102996825,21.800151505470254,0.1843700463647487,0,bull,hold
2022-11-21,22.360000610351562,24.1200008392334,22.299999237060547,24.049999237060547,0,25.005000114440918,27.962800102233885,26.460350112915037,-0.2509212621574305,33.997312120981334,-1.4442014059388768,-1.2917743729598072,-0.15242703297906957,28.179450666292965,25.005000114440918,21.83054956258887,0.08339254921671369,0,bull,hold
2022-11-22,21.290000915527344,22.709999084472656,21.280000686645508,22.59000015258789,0,24.646500205993654,27.84320011138916,26.45250011444092,-0.25193248066044927,30.81407026715506,-1.5664368613068902,-1.3467068706292238,-0.2197299906776664,27.798624537572067,24.646500205993654,21.49437587441524,-0.03241860684879089,0,bull,hold
2022-11-23,20.350000381469727,21.780000686645508,20.31999969482422,21.489999771118164,0,24.300000190734863,27.72700012207031,26.447050113677978,-0.2540322628572459,28.30656764754592,-1.7193400457359225,-1.4212335056505636,-0.29810654008535886,27.729366889053882,24.300000190734863,20.870633492415845,-0.07590805486058377,0,bull,hold
2022-11-25,20.5,21.110000610351562,20.459999084472656,20.610000610351562,0,23.955500221252443,27.61160011291504,26.449750118255615,-0.25155164451198897,29.295319316767362,-1.8075765876623997,-1.4985021220529309,-0.30907446560946883,27.45753053461435,23.955500221252443,20.453469907890536,0.006643302305512523,0,bull,hold
2022-11-28,22.209999084472656,22.5,21.649999618530273,22.09000015258789,0,23.778500175476076,27.52980010986328,26.44125011444092,-0.13747576370979975,39.53330453714081,-1.7196984347105406,-1.5427413845844529,-0.17695705012608776,27.25761057950198,23.778500175476076,20.299389771450173,0.27458302427131864,0,bull,hold
2022-11-29,21.889999389648438,22.56999969482422,21.829999923706055,22.09000015258789,0,23.579000186920165,27.452400093078612,26.4139001083374,-0.1541731028015989,38.41238114563686,-1.6567773681990694,-1.5655485813073762,-0.09122878689169323,27.010477371493156,23.579000186920165,20.147523002347175,0.2538959598995694,0,bull,hold
2022-11-30,20.579999923706055,22.6299991607666,20.309999465942383,21.700000762939453,0,23.31750020980835,27.320800094604493,26.3751501083374,-0.20263462419430034,34.144259834540705,-1.6931009644467494,-1.591059057935251,-0.10204190651149836,26.825325130650214,23.31750020980835,19.80967528896649,0.10980089544416198,0,bull,hold
2022-12-01,19.84000015258789,21.059999465942383,19.799999237060547,20.829999923706055,0,23.016500186920165,27.157800102233885,26.345850105285646,-0.2327919688970893,31.982427074949527,-1.7612963453630854,-1.6251065154208182,-0.13618982994226725,26.631492758476256,23.016500186920165,19.401507615364075,0.060649161588050594,0,bull,hold
2022-12-02,19.059999465942383,20.959999084472656,18.950000762939453,20.420000076293945,0,22.704500198364258,26.99200008392334,26.31970009803772,-0.24664031459643443,29.83794977907924,-1.8568762986297926,-1.6714604720626132,-0.18541582656717948,26.547246785063848,22.704500198364258,18.861753611664668,0.02579481235685413,0,bull,hold
2022-12-05,20.75,21.290000915527344,19.780000686645508,20.299999237060547,0,22.514500236511232,26.80860008239746,26.282900094985962,-0.15478612444615025,39.33001024619059,-1.7757850365221337,-1.6923253849545175,-0.08345965156761626,26.34922868221507,22.514500236511232,18.679771790807393,0.2699315269001571,0,bull,hold
2022-12-06,22.170000076293945,22.600000381469727,20.3799991607666,20.690000534057617,0,22.405500221252442,26.606800117492675,26.255000095367432,-0.08952773186955487,45.947051241324885,-1.578738770533743,-1.6696080620703626,0.0908692915366196,26.14816533512971,22.405500221252442,18.662835107375173,0.46853844282176144,0,bull,hold
2022-12-07,22.68000030517578,23.010000228881836,22.18000030517578,22.31999969482422,0,22.262500190734862,26.40840015411377,26.224350099563598,-0.11198122583514836,48.134970154398246,-1.3656826889450464,-1.6088229874452995,0.2431402985002531,25.723106677819846,22.262500190734862,18.801893703649878,0.5603218129537458,0,bull,hold
2022-12-08,22.290000915527344,23.280000686645508,22.059999465942383,22.809999465942383,0,22.072500228881836,26.2506001663208,26.180700101852416,-0.1456496441102405,46.58218999391488,-1.2143061354336027,-1.5299196170429603,0.31561348160935765,25.056054716873287,22.072500228881836,19.088945740890384,0.5364499270117119,0,bull,hold
2022-12-09,22.829999923706055,23.209999084472656,22.18000030517578,22.549999237060547,0,22.037500190734864,26.070400161743166,26.143250102996827,-0.029749287824574533,49.03376689670922,-1.0387911810564354,-1.4316939298456555,0.39290274878922005,24.96778976905102,22.037500190734864,19.107210612418708,0.6352254976497217,0,bear,death_cross
2022-12-12,25.0,25.049999237060547,24.18000030517578,24.399999618530273,0,22.16150016784668,25.938000144958497,26.130300102233885,0.11012431135992085,57.479044461936965,-0.7163359693351339,-1.288622337743551,0.5722863684084172,25.36053326519593,22.16150016784668,18.96246707049743,0.9436496506562138,0,bear,hold
2022-12-13,22.549999237060547,25.84000015258789,21.459999084472656,25.239999771118164,0,22.10250015258789,25.787000122070314,26.09230010032654,-0.04972609894389313,47.840374383372506,-0.6509784031288852,-1.161093550820618,0.5101151476917327,25.226285836433323,22.10250015258789,18.978714468742456,0.5716276866858834,0,bear,hold
2022-12-14,21.139999389648438,23.469999313354492,21.06999969482422,22.829999923706055,0,21.932500076293945,25.628400115966798,26.03140009880066,-0.1385493642637805,43.336380984165274,-0.7048323957451395,-1.0698413198055223,0.3650089240603829,24.871791903367882,21.932500076293945,18.993208249220007,0.3651884989190677,0,bear,hold
2022-12-15,22.829999923706055,23.670000076293945,21.25,21.520000457763672,0,21.86850004196167,25.514000129699706,25.9918500995636,-0.05309003128336476,49.476150498251016,-0.6041785593715652,-0.9767087677187309,0.37253020834716577,24.667759213096463,21.86850004196167,19.069240870826878,0.6717418472107035,0,bear,hold
2022-12-16,22.6200008392334,23.829999923706055,22.09000015258789,23.260000228881836,0,21.803000068664552,25.3560001373291,25.952550106048584,-0.05474297740226297,48.76900802328771,-0.5351855540297308,-0.8884041249809309,0.35321857095120013,24.464143609285426,21.803000068664552,19.14185652804368,0.6535055809838486,0,bear,hold
2022-12-19,22.420000076293945,22.860000610351562,21.610000610351562,22.6299991607666,0,21.768000030517577,25.17720012664795,25.904750108718872,-0.03027684850908785,48.06442254874157,-0.4909867012581657,-0.808920640236378,0.3179339389782123,24.376835887572252,21.768000030517577,19.1591641734629,0.6249599594419221,0,bear,hold
2022-12-20,21.479999542236328,23.389999389648438,21.350000381469727,23.170000076293945,0,21.723999977111816,24.957800102233886,25.829900102615355,-0.039356039539097276,44.78917621054318,-0.5257484780000468,-0.7522862077891117,0.22653772978906495,24.32107071723436,21.723999977111816,19.126929236989273,0.45302391438440853,0,bear,hold
2022-12-21,20.06999969482422,21.290000915527344,19.940000534057617,21.25,0,21.66299991607666,24.686600074768066,25.754600095748902,-0.05730395341661765,40.34781670396695,-0.6594706729275543,-0.7337231008168004,0.07425242788924602,24.353606678330436,21.66299991607666,18.972393153822885,0.2039700777533778,0,bear,hold
2022-12-22,21.969999313354492,24.299999237060547,20.010000228881836,20.079999923706055,0,21.743999862670897,24.45460006713867,25.702200088500977,0.07960682562737942,47.85194273188918,-0.6051565179261509,-0.7080097842386704,0.10285326631251956,24.368343009841794,21.743999862670897,19.1196567155,0.5430582888764428,0,bear,hold
2022-12-23,20.8700008392334,22.639999389648438,20.780000686645508,22.170000076293945,0,21.76249990463257,24.233200073242188,25.65540009498596,0.01804882142601949,44.37174784827718,-0.6434554882346966,-0.6950989250378757,0.05164343680317918,24.356546102143593,21.76249990463257,19.168453707121547,0.3279716324528991,0,bear,hold
2022-12-27,21.649999618530273,22.799999237060547,21.59000015258789,21.670000076293945,0,21.73449993133545,24.02580005645752,25.609900093078615,-0.025213844620727066,47.2986758580976,-0.6039068530825595,-0.6768605106468125,0.07295365756425298,24.320697882089792,21.73449993133545,19.148301980581106,0.4836632163480509,0,bear,hold
2022-12-28,22.139999389648438,22.260000228881836,20.959999084472656,21.469999313354492,0,21.74699993133545,23.84120002746582,25.561750087738037,0.011420740382396932,49.11015924541375,-0.5269510249615443,-0.646878613509759,0.11992758854821461,24.338494632529578,21.74699993133545,19.15550523014132,0.5758248624108511,0,bear,hold
2022-12-29,21.440000534057617,22.309999465942383,21.360000610351562,22.25,0,21.789999961853027,23.660000038146972,25.519800090789794,0.041788173641387205,46.643602829282074,-0.5164932218943576,-0.6208015351866787,0.10430831329232104,24.330653558517394,21.789999961853027,19.24934636518866,0.4311201990985852,0,bear,hold
2022-12-30,21.670000076293945,22.399999618530273,21.59000015258789,21.829999923706055,0,21.88149995803833,23.478200035095213,25.494800090789795,0.09223789867095111,47.57528991007969,-0.48406628196936907,-0.5934544845432168,0.10938820257384774,24.261376392712187,21.88149995803833,19.501623523364472,0.45556494474609804,0,bear,hold
2023-01-03,22.899999618530273,23.760000228881836,22.729999542236328,23.09000015258789,0,22.073499965667725,23.336600036621093,25.480950088500975,0.20146905877145738,52.36563317479019,-0.3550245133372698,-0.5457684903020275,0.19074397696475764,24.106146304532913,22.073499965667725,20.040853626802537,0.7033063098728668,0,bear,hold
2023-01-04,22.010000228881836,23.270000457763672,21.940000534057617,22.93000030517578,0,22.136499977111818,23.18300003051758,25.47165008544922,0.06072290259671509,48.884869783731,-0.3208746514654166,-0.5007897225347053,0.17991507106928872,24.07718314152174,22.136499977111818,20.195816812701896,0.46740844910960905,0,bear,hold
2023-01-05,22.459999084472656,22.920000076293945,21.969999313354492,22.200000762939453,0,22.15099992752075,23.035200004577636,25.466300077438355,0.013080694956280281,50.670300480961295,-0.25456502588945185,-0.45154478320565467,0.19697975731620282,24.09679437543663,22.15099992752075,20.20520547960487,0.5794017983972746,0,bear,hold
2023-01-06,21.1299991607666,22.899999618530273,21.0,22.690000534057617,0,22.073499870300292,22.888600006103516,25.4572500705719,-0.06834220121484991,45.600529915804856,-0.3058088741140139,-0.4223976013873265,0.1165887272733126,24.052037520003797,22.073499870300292,20.094962220596788,0.2615661471807019,0,bear,hold
2023-01-09,21.969999313354492,21.979999542236328,21.270000457763672,21.75,0,22.05749979019165,22.782399978637695,25.44925006866455,-0.014356284837563016,49.06669405024708,-0.27546362765486165,-0.39301080664083354,0.11754717898597189,24.033949929603487,22.05749979019165,20.08104965077981,0.47786423368534975,0,bear,hold
2023-01-10,20.579999923706055,22.459999084472656,20.579999923706055,22.219999313354492,0,21.944999790191652,22.64619998931885,25.443800067901613,-0.0985545338378937,44.063437656389475,-0.35943281746474653,-0.3862952088056162,0.02686239134086965,23.98778710986498,21.944999790191652,19.902212470518325,0.16589770424463918,0,bear,hold
2023-01-11,21.09000015258789,21.25,20.6200008392334,20.799999237060547,0,21.749499797821045,22.552999992370605,25.44520007133484,-0.1563999938964844,46.229881325593475,-0.3804407648128034,-0.38512432000705366,0.004683555194250233,23.265975536177994,21.749499797821045,20.233024059464096,0.2825551611040938,0,bear,hold
2023-01-12,18.829999923706055,21.799999237060547,18.829999923706055,21.559999465942383,0,21.56349983215332,22.412000007629395,25.441200075149535,-0.16496671570794275,39.01812814536944,-0.5728493940725059,-0.4226693348201441,-0.15018005925236178,23.496852037174083,21.56349983215332,19.630147627132555,-0.20693273097074066,0,bear,hold
2023-01-13,18.350000381469727,19.40999984741211,18.010000228881836,19.0,0,21.423999881744386,22.262800025939942,25.438450078964234,-0.13197725112257486,37.67389194322033,-0.7553592591800466,-0.48920731969212466,-0.266151939487922,23.809257734252306,21.423999881744386,19.038742029236467,-0.14437467358981335,0,bear,hold
2023-01-17,19.360000610351562,20.219999313354492,19.209999084472656,19.889999389648438,0,21.25049991607666,22.132800025939943,25.43860008239746,-0.15199296210909485,42.18723388706195,-0.8091734171833558,-0.5532005391903709,-0.25597287799298485,23.705229523480845,21.25049991607666,18.795770308672473,0.11492717975478942,0,bear,hold
2023-01-18,20.34000015258789,20.579999923706055,18.709999084472656,19.280000686645508,0,21.136499881744385,22.033600044250488,25.43750008583069,-0.10079578258418742,46.25412418921249,-0.7639375556436363,-0.5953479424810241,-0.16858961316261223,23.537418210699553,21.136499881744385,18.735581552789217,0.33412602595626084,0,bear,hold
2023-01-19,20.520000457763672,21.709999084472656,20.170000076293945,20.43000030517578,0,21.041499900817872,21.95300006866455,25.441950092315675,-0.08474574540877278,46.99171335349836,-0.7054315137891649,-0.6173646567426523,-0.08806685704651263,23.38133933865986,21.041499900817872,18.701660462975884,0.3885608485308774,0,bear,hold
2023-01-20,19.850000381469727,20.700000762939453,19.40999984741211,20.280000686645508,0,20.95999994277954,21.86300006866455,25.4483500957489,-0.07588450630836929,44.541411153352335,-0.7050016407723376,-0.6348920535485894,-0.07010958722374827,23.346159504932977,20.95999994277954,18.573840380626102,0.26740877288439346,0,bear,hold
2023-01-23,19.809999465942383,20.329999923706055,19.549999237060547,20.209999084472656,0,20.946999931335448,21.748400039672852,25.442250089645384,-0.012954670295729276,44.392581820005354,-0.6998215951656412,-0.6478779618719998,-0.05194363329364149,23.35514477455795,20.946999931335448,18.538855088112946,0.26392606354367626,0,bear,hold
2023-01-24,19.200000762939453,20.469999313354492,18.90999984741211,19.889999389648438,0,20.808500003814697,21.61060005187988,25.427750091552735,-0.12608095753245163,42.083294559420686,-0.7364488451986269,-0.6655921385373251,-0.07085670666130173,23.283076399483082,20.808500003814697,18.33392360814631,0.17499503274765824,0,bear,hold
2023-01-25,19.079999923706055,20.899999618530273,18.989999771118164,19.559999465942383,0,20.71899995803833,21.521600036621095,25.415400094985962,-0.08576908689731966,41.62456438044407,-0.7663255457023617,-0.6857388199703325,-0.08058672573202919,23.305169585123714,20.71899995803833,18.13283033095295,0.18312209354584516,0,bear,hold
2023-01-26,18.729999542236328,19.479999542236328,18.670000076293945,19.049999237060547,0,20.572999954223633,21.445800018310546,25.403250093460084,-0.13487298511519197,40.24657636443942,-0.8089204207361824,-0.7103751401235026,-0.09854528061267986,23.260169802381412,20.572999954223633,17.885830106065853,0.15707407493225725,0,bear,hold
2023-01-27,18.510000228881836,19.0,17.969999313354492,18.899999618530273,0,20.391499996185303,21.341400032043456,25.373950090408325,-0.16395660618056784,39.3644368564715,-0.8506238102668995,-0.7384248741521819,-0.11219893611471754,23.120823901661606,20.391499996185303,17.662176090709,0.1553176111621826,0,bear,hold
2023-01-30,19.940000534057617,20.25,19.540000915527344,19.760000228881836,0,20.316499996185303,21.24940002441406,25.352350091934206,-0.06996268482443546,47.43017873179192,-0.7595295889989728,-0.7426458171215401,-0.01688377187743273,23.00863830212002,20.316499996185303,17.624361690250588,0.4300742719462615,0,bear,hold
2023-01-31,19.399999618530273,20.700000762939453,19.1299991607666,20.1200008392334,0,20.202999973297118,21.155200004577637,25.340250091552733,-0.10475313566089717,44.99609891013694,-0.722580860879571,-0.7386328258731463,0.016051964993575307,22.848313136719575,20.202999973297118,17.55768680987466,0.3482220619716841,0,bear,hold
2023-02-01,17.8700008392334,20.040000915527344,17.700000762939453,19.6200008392334,0,19.951500034332277,21.03400001525879,25.316100091934203,-0.21965060537497516,38.904137811252525,-0.8074490721159222,-0.7523960751217015,-0.055052996994220726,22.477066986525344,19.951500034332277,17.42593308213921,0.08791446940430227,0,bear,hold
2023-02-02,18.729999542236328,19.25,17.059999465942383,17.739999771118164,0,19.7875,20.94619998931885,25.298900089263917,-0.14902320093306698,43.53195708097669,-0.7961356764391425,-0.7611439953851897,-0.03499168105395278,22.17953521404094,19.7875,17.395464785959064,0.27895382736084273,0,bear,hold
2023-02-03,18.329999923706055,19.299999237060547,17.93000030517578,18.56999969482422,0,19.58100004196167,20.865599975585937,25.28370008468628,-0.18388242783241282,41.94067747162178,-0.8101079351342335,-0.7709367833349985,-0.03917115179923503,21.713527780986542,19.58100004196167,17.448472302936796,0.20668608539937416,0,bear,hold
2023-02-06,19.43000030517578,19.809999465942383,19.209999084472656,19.229999542236328,0,19.49600009918213,20.828399963378907,25.27925008773804,-0.08045427937107141,47.61204383260652,-0.7240735440215857,-0.7615641354723159,0.03749059145073019,21.50683453461202,19.49600009918213,17.485165663752237,0.48358895370910077,0,bear,hold
2023-02-07,18.65999984741211,19.989999771118164,18.43000030517578,19.540000915527344,0,19.33050012588501,20.794599952697755,25.259150085449217,-0.15065997129687647,44.34648317981871,-0.7098406696207853,-0.7512194423020099,0.041378772681224585,21.01855789264304,19.33050012588501,17.642442359126978,0.301398894138375,0,bear,hold
2023-02-08,19.6299991607666,20.1200008392334,18.549999237060547,18.8799991607666,0,19.28300008773804,20.777199935913085,25.216250085830687,-0.04616135891454254,49.08409550430688,-0.6132213422343789,-0.7236198222884838,0.11039848005410491,20.878683012019774,19.28300008773804,17.687317163456303,0.6087305841744085,0,bear,hold
2023-02-09,20.709999084472656,21.079999923706055,19.020000457763672,19.239999771118164,0,19.264000034332277,20.747199935913088,25.184700078964234,-0.01801806853323351,53.79981143788457,-0.4443803215393096,-0.6677719221386489,0.22339160059933927,20.78023727407726,19.264000034332277,17.747762794587295,0.9768379948191961,0,bear,hold
2023-02-10,20.530000686645508,21.940000534057617,20.440000534057617,20.739999771118164,0,19.34900007247925,20.719999961853027,25.11975008010864,0.090281506629176,52.92009165457269,-0.3213921539092759,-0.5984959684927743,0.2771038145834984,20.946797197391014,19.34900007247925,17.751202947567485,0.8695715168568341,0,bear,hold
2023-02-13,20.34000015258789,21.690000534057617,20.329999923706055,21.65999984741211,0,19.448500061035155,20.715199966430664,25.063450078964234,0.10844685175743729,51.954359993154036,-0.23652805202812743,-0.526102385199845,0.28957433317171755,21.03285192117021,19.448500061035155,17.8641482009001,0.7813453608331491,0,bear,hold
2023-02-14,18.90999984741211,20.75,18.479999542236328,20.719999313354492,0,19.426000022888182,20.69659996032715,25.008050079345704,-0.023243840328126986,45.2599011596252,-0.28141770536001687,-0.4771654492318794,0.19574774387186256,21.02742934549568,19.426000022888182,17.824570700280685,0.33889386556382484,0,bear,hold
2023-02-15,18.229999542236328,19.40999984741211,18.110000610351562,19.3700008392334,0,19.320499992370607,20.679999961853028,24.93220006942749,-0.1037365090719089,42.45825503813428,-0.36762566088637527,-0.4552574915627786,0.08763183067640334,20.945018084629346,19.320499992370607,17.695981900111867,0.1643618635794814,0,bear,hold
2023-02-16,20.170000076293945,20.270000457763672,18.229999542236328,18.260000228881836,0,19.30299997329712,20.668399963378906,24.87135006904602,-0.01705654842406712,51.65312355049035,-0.27622016280258777,-0.4194500258107405,0.1432298630081527,20.882368149064632,19.30299997329712,17.723631797529606,0.7744768814198427,0,bear,hold
2023-02-17,20.020000457763672,21.299999237060547,19.81999969482422,20.940000534057617,0,19.311499977111815,20.6253999710083,24.825200071334837,0.00856423541697482,50.974870716903766,-0.21342414198947068,-0.3782448490464866,0.1648207070570159,20.904324789828095,19.311499977111815,17.718675164395535,0.7224037681343107,0,bear,hold
2023-02-21,22.8700008392334,23.34000015258789,21.799999237060547,21.799999237060547,0,19.46450004577637,20.629199981689453,24.812450075149535,0.15446751417393068,61.35735570568431,0.06555766135160823,-0.28948434696686765,0.3550420083184759,21.68403606238667,19.46450004577637,17.244964029166066,1.2671650218719912,0,bear,hold
2023-02-22,22.290000915527344,23.6299991607666,22.020000457763672,23.030000686645508,0,19.619000053405763,20.629199981689453,24.767900075912475,0.16093750155220432,58.635824596802536,0.2371182522622064,-0.18416382712105284,0.42128207938325923,22.151500434149824,19.619000053405763,17.086499672661702,1.0273446121529954,0,bear,hold
2023-02-23,21.139999389648438,22.43000030517578,20.889999389648438,21.959999084472656,0,19.72200002670288,20.5953999710083,24.72265007019043,0.10796642946433788,53.562819895476785,0.2770916048740517,-0.09191274072203193,0.36900434559608364,22.325018614550235,19.72200002670288,17.118981438855524,0.7723759579677484,0,bear,hold
2023-02-24,21.670000076293945,22.899999618530273,21.31999969482422,21.350000381469727,0,19.869000053405763,20.52879997253418,24.657250070571898,0.1569674642771821,55.47474696891438,0.3475312765972234,-0.004023937258180857,0.3515552138554042,22.56184196924137,19.869000053405763,17.176158137570155,0.8344050781995718,0,bear,hold
2023-02-27,20.950000762939453,22.020000457763672,20.68000030517578,21.989999771118164,0,19.99100008010864,20.496800003051757,24.597050065994264,0.13182066471562726,52.32308822927382,0.3413227405389847,0.06504539830125226,0.2762773422377324,22.647350576524808,19.99100008010864,17.334649583692475,0.68051094615049,0,bear,hold
2023-02-28,20.700000762939453,21.3700008392334,20.100000381469727,21.299999237060547,0,20.029000091552735,20.48800003051758,24.537750062942504,0.038114353486789154,51.23465870574892,0.31262576510259876,0.11456147166152156,0.1980642934410772,22.7030304128548,20.029000091552735,17.35496977025067,0.6254661673133137,0,bear,hold
2023-03-01,20.579999923706055,21.31999969482422,20.219999313354492,20.389999389648438,0,20.088000106811524,20.443000030517577,24.481800060272217,0.06082475919477237,50.689585737925704,0.2770069764873533,0.14705057262668791,0.12995640386066537,22.75597799203373,20.088000106811524,17.420022221589317,0.5922046280105416,0,bear,hold
2023-03-02,19.59000015258789,21.420000076293945,19.549999237060547,21.40999984741211,0,20.17400007247925,20.38240001678467,24.43540005683899,0.09625065655163545,46.312136601312154,0.16696940279376093,0.15103433866010252,0.015935064133658416,22.654769844211657,20.17400007247925,17.69323030074684,0.38229461545648985,0,bear,hold
2023-03-03,18.489999771118164,19.760000228881836,18.15999984741211,19.760000228881836,0,20.16200008392334,20.30380001068115,24.390500059127806,-0.012813656005541407,41.97470676673343,-0.00889447486454742,0.11904857595517254,-0.12794305081971996,22.672734350660537,20.16200008392334,17.65126581718614,0.1670296146119026,0,bear,hold
2023-03-06,18.610000610351562,19.190000534057617,18.489999771118164,19.049999237060547,0,20.176000118255615,20.246400032043457,24.353050060272217,0.015275542160989586,42.606214461005735,-0.13700548614101393,0.06783776353593525,-0.20484324967694917,22.648549027804087,20.176000118255615,17.703451208707143,0.183322845130285,0,bear,hold
2023-03-07,19.59000015258789,19.739999771118164,18.510000228881836,18.639999389648438,0,20.184000110626222,20.23680004119873,24.296200065612794,0.008234680643288028,47.61986636181847,-0.1576394433314654,0.02274232216245512,-0.18038176549392052,22.64786255774601,20.184000110626222,17.720137663506435,0.37945756494387356,0,bear,hold
2023-03-08,19.110000610351562,20.010000228881836,19.0,19.709999084472656,0,20.206500148773195,20.179600067138672,24.245000066757203,0.024115796710569848,45.522311877603784,-0.21029974998862855,-0.023866092267761617,-0.18643365772086692,22.622027581100003,20.206500148773195,17.790972716446387,0.2730310317019654,0,bear,hold
2023-03-09,22.610000610351562,23.139999389648438,18.8799991607666,19.329999923706055,0,20.35550022125244,20.214400062561037,24.21090006828308,0.15180853677981432,59.522902227439324,0.03004103254479773,-0.013084667305249747,0.04312569985004748,22.969856911884957,20.35550022125244,17.741143530619926,0.9311768928044912,0,bear,hold
2023-03-10,24.799999237060547,28.969999313354492,21.790000915527344,23.34000015258789,0,20.560000228881837,20.27740005493164,24.1925000667572,0.19748915178148763,65.49785242190902,0.39270061264270595,0.0680723886843414,0.32462822395836455,23.814713780774262,20.560000228881837,17.30528667698941,1.1513628527637092,0,bear,hold
2023-03-13,26.520000457763672,30.809999465942383,23.850000381469727,24.049999237060547,0,20.859500217437745,20.365000076293946,24.177850065231322,0.2917681232721332,69.32738150867412,0.8095684652240216,0.21637160399227745,0.5931968612317442,25.023452652737603,20.859500217437745,16.695547782137886,1.1797027977960437,0,bear,hold
2023-03-14,23.729999542236328,27.239999771118164,22.270000457763672,26.850000381469727,0,21.029000186920165,20.410800056457518,24.154650058746338,0.16666663540890503,58.06839409431363,0.9043843055778673,0.35397414430939544,0.5504101612684719,25.36692090266399,21.029000186920165,16.69107947117634,0.8113241956582213,0,bear,hold
2023-03-15,26.139999389648438,29.90999984741211,23.190000534057617,23.209999084472656,0,21.390500164031984,20.50020004272461,24.14785005569458,0.3823373665032459,63.571778597180064,1.1606145466107307,0.5153022247696625,0.6453123218410682,26.146681119858066,21.390500164031984,16.634319208205902,0.9992975740124602,0,bear,hold
2023-03-16,22.989999771118164,27.489999771118164,22.969999313354492,26.190000534057617,0,21.628500175476074,20.502000045776366,24.1342000579834,0.2611080827431502,53.65873607060702,1.096856338003171,0.6316130474163643,0.4652432905868068,26.20109333749177,21.628500175476074,17.055907013460377,0.6488760914651232,0,bear,hold
2023-03-17,25.510000228881836,26.139999389648438,22.579999923706055,22.920000076293945,0,21.89550018310547,20.572000045776367,24.13080005645752,0.26474963472429835,59.147071017458615,1.2354292157760831,0.7523762810883081,0.483052934687775,26.71330219585684,21.89550018310547,17.077698170354097,0.8751191971162159,0,bear,hold
2023-03-20,24.149999618530273,28.90999984741211,24.0,27.770000457763672,0,22.102000141143797,20.605800056457518,24.123100051879884,0.20629365965698598,55.337997625042014,1.2214286671567152,0.8461867583019896,0.3752419088547255,26.93456685049262,22.102000141143797,17.269433431794976,0.7118956240608668,0,bear,hold
2023-03-21,21.3799991607666,24.15999984741211,21.290000915527344,24.15999984741211,0,22.027500057220458,20.61080005645752,24.106400051116943,-0.06515092364625996,48.48861679530431,0.9755714638623125,0.8720636994140543,0.10350776444825827,26.85635002579145,22.027500057220458,17.198650088649465,0.43295495815068036,0,bear,hold
2023-03-22,22.260000228881836,22.3799991607666,19.940000534057617,21.799999237060547,0,22.026000022888184,20.616600074768066,24.093750047683717,-0.0013459257699989235,50.58131730467673,0.8420301907734711,0.8660569976859377,-0.024026806912466614,26.854541515347186,22.026000022888184,17.19745853042918,0.5242309407881348,0,bear,hold
2023-03-23,22.610000610351562,24.90999984741211,20.15999984741211,21.540000915527344,0,22.09950008392334,20.657200088500975,24.081450052261353,0.06953648359247055,51.42654336746002,0.7557283099148542,0.8439912601317211,-0.08826295021686692,26.91659628613072,22.09950008392334,17.282403881715958,0.5529884088877334,0,bear,hold
2023-03-24,21.739999771118164,25.209999084472656,21.600000381469727,22.110000610351562,0,22.10300006866455,20.67020008087158,24.070050048828126,0.003230258171563083,49.175091189813216,0.6100988114125379,0.7972127703878845,-0.18711395897534666,26.91894451035184,22.10300006866455,17.28705562697726,0.4623126572636284,0,bear,hold
2023-03-27,20.600000381469727,22.93000030517578,20.56999969482422,22.049999237060547,0,22.085500049591065,20.705600090026856,24.05325005531311,-0.016706461514258142,46.31384106855561,0.3981088107175452,0.7173919784538166,-0.3192831677362714,26.920581847750167,22.085500049591065,17.250418251431963,0.3463831916259489,0,bear,hold
2023-03-28,19.969999313354492,21.399999618530273,19.90999984741211,20.530000686645508,0,22.048999977111816,20.73800006866455,24.022650051116944,-0.035265769211561104,44.763745694217086,0.17722643082802847,0.6093588689286591,-0.4321324381006306,26.93610893763915,22.048999977111816,17.16189101658448,0.2872974921830889,0,bear,hold
2023-03-29,19.1200008392334,19.450000762939453,19.09000015258789,19.389999389648438,0,21.976000022888183,20.733200073242188,23.97950005531311,-0.07094261855612971,42.68781391312453,-0.06565538532103332,0.47435601807872063,-0.540011403399754,26.990651853011315,21.976000022888183,16.96134819276505,0.21523454863817962,0,bear,hold
2023-03-30,19.020000457763672,20.079999923706055,18.850000381469727,19.1200008392334,0,21.947500038146973,20.706800079345705,23.90450005531311,-0.02909646199001792,42.43846098192183,-0.26317643540895475,0.3268495273811856,-0.5900259627901403,27.02218934789047,21.947500038146973,16.872810728403476,0.21155873771794778,0,bear,hold
2023-03-31,18.700000762939453,19.43000030517578,18.520000457763672,19.209999084472656,0,21.958000087738036,20.67040008544922,23.834550065994264,0.011357544316972668,41.601033377399155,-0.44045727440502347,0.1733881670239438,-0.6138454414289672,27.004822778843113,21.958000087738036,16.911177396632958,0.17722272762418026,0,bear,hold
2023-04-03,18.549999237060547,19.829999923706055,18.540000915527344,19.790000915527344,0,21.955000019073488,20.644400062561036,23.7792000579834,-0.0032241467664241297,41.190717989013855,-0.5862989962024834,0.02145073437865838,-0.6077497305811418,27.009844935916416,21.955000019073488,16.90015510223056,0.16319433750901496,0,bear,hold
2023-04-04,19.0,20.030000686645508,18.579999923706055,18.790000915527344,0,21.925500011444093,20.628200073242187,23.709450054168702,-0.030117414394708386,43.0068142983823,-0.6579834866503091,-0.11443610982713512,-0.543547376823174,27.041722864328996,21.925500011444093,16.80927715855919,0.21409572104599772,0,bear,hold
2023-04-05,19.079999923706055,20.079999923706055,19.0,19.420000076293945,0,21.923999977111816,20.62580005645752,23.6492000579834,-0.0015698945937896447,43.34179272133743,-0.7002664013590838,-0.23160216813352485,-0.46866423322555895,27.043540391477418,21.923999977111816,16.804459562746214,0.22224068732562385,0,bear,hold
2023-04-06,18.399999618530273,19.8799991607666,18.350000381469727,19.299999237060547,0,21.71349992752075,20.612200050354005,23.59025005340576,-0.18620083494795747,41.12897323887523,-0.7796588357875756,-0.341213501664335,-0.43844533412324055,27.044733302876487,21.71349992752075,16.382266552165014,0.18923698554376478,0,bear,hold
2023-04-10,18.969999313354492,20.049999237060547,18.93000030517578,19.389999389648438,0,21.42199993133545,20.61700004577637,23.540350046157837,-0.23508064931686923,43.72269055049018,-0.787505823450271,-0.4304719660215222,-0.35703385742874877,26.683389846351357,21.42199993133545,16.16061001631954,0.2669816666711021,0,bear,hold
2023-04-11,19.100000381469727,19.280000686645508,18.559999465942383,19.079999923706055,0,21.050999927520753,20.628800048828126,23.490600051879884,-0.27978883665975796,44.32516268922391,-0.7743088673426151,-0.49923934628574085,-0.2750695210568742,25.84809012210038,21.050999927520753,16.253909732941125,0.29664760647449184,0,bear,hold
2023-04-12,19.09000015258789,19.979999542236328,18.25,19.3799991607666,0,20.81899995803833,20.61180004119873,23.44990005493164,-0.1955330585400914,44.28588764358154,-0.7559430781965091,-0.5505800926678945,-0.20536298552861454,25.523303798980244,20.81899995803833,16.114696117096415,0.31623212871553685,0,bear,hold
2023-04-13,17.799999237060547,19.059999465942383,17.770000457763672,18.829999923706055,0,20.401999950408936,20.579800033569335,23.404150047302245,-0.31905127572002046,39.432097445500865,-0.8358452471617497,-0.6076331235666657,-0.22821212359508403,24.596661400736384,20.401999950408936,16.207338500081487,0.18984377593270746,0,bear,hold
2023-04-14,17.06999969482422,18.1200008392334,17.06999969482422,17.940000534057617,0,20.10599994659424,20.563800010681152,23.34770004272461,-0.2575032681701508,36.963203139216304,-0.9471549413481064,-0.6755374871229538,-0.2716174542251526,24.363419023931492,20.10599994659424,15.848580869256985,0.14344592385431248,0,bear,hold
2023-04-17,16.950000762939453,17.790000915527344,16.899999618530273,17.579999923706055,0,19.67799997329712,20.528200035095214,23.291650047302245,-0.33555466049157257,36.55799841010436,-1.0331421670706966,-0.7470584231125024,-0.28608374395819425,23.35825861240919,19.67799997329712,15.997741334185047,0.1293739818492968,0,bear,hold
2023-04-18,16.829999923706055,17.34000015258789,16.579999923706055,16.940000534057617,0,19.311999988555907,20.498200035095216,23.23225005149841,-0.30310558221324313,36.13143684117654,-1.0983100927230183,-0.8173087570346056,-0.2810013356884127,22.572512890928472,19.311999988555907,16.051487086183343,0.11938502634910819,0,bear,hold
2023-04-19,16.459999084472656,17.719999313354492,16.170000076293945,17.299999237060547,0,19.06599998474121,20.438800010681152,23.18105004310608,-0.23012162158183802,34.78378035852184,-1.166366966461002,-0.8871203989198849,-0.279246567541117,22.406709205124844,19.06599998474121,15.725290764357577,0.10996292578117707,0,bear,hold
2023-04-20,17.170000076293945,17.690000534057617,16.329999923706055,16.850000381469727,0,18.811499977111815,20.40900001525879,23.12920003890991,-0.22866128033474742,39.45083674256947,-1.1497576919342336,-0.9396478575227547,-0.2101098344114789,21.906640151364865,18.811499977111815,15.716359802858767,0.23482624236654903,0,bear,hold
2023-04-21,16.770000457763672,17.709999084472656,16.579999923706055,17.510000228881836,0,18.51949996948242,20.35180004119873,23.07940004348755,-0.2582927905766689,37.80922479102966,-1.1555508772796763,-0.982828461474139,-0.17272241580553727,21.200294502043285,18.51949996948242,15.83870543692156,0.17369757538868172,0,bear,hold
2023-04-24,16.889999389648438,18.239999771118164,16.739999771118164,18.219999313354492,0,18.276999950408936,20.275400047302245,23.03345004081726,-0.22309109625258627,38.63420426485664,-1.1373484623739891,-1.013732461654109,-0.1236160007198801,20.602546106105358,18.276999950408936,15.951453794712513,0.20179036065075678,0,bear,hold
2023-04-25,18.760000228881836,19.860000610351562,17.329999923706055,17.6200008392334,0,18.18499994277954,20.240000038146974,23.00405004501343,-0.08932039410266335,49.80800106545958,-0.9609522189349704,-1.0031764131102814,0.04222419417531098,20.268674718246782,18.18499994277954,16.1013251673123,0.6379774552325128,0,bear,hold
2023-04-26,18.84000015258789,19.610000610351562,17.8700008392334,18.65999984741211,0,18.12849998474121,20.210000038146973,22.967400045394896,-0.05658483723687158,50.2255556672394,-0.8054172511707591,-0.963624580722377,0.15820732955161787,20.072077123232077,18.12849998474121,16.184922846250345,0.6830388292175374,0,bear,hold
2023-04-27,17.030000686645508,18.43000030517578,16.719999313354492,18.43000030517578,0,18.023999977111817,20.17240005493164,22.916100044250488,-0.10930962661357746,41.760691057400734,-0.8187682480554983,-0.9346533141890012,0.11588506613350291,19.967845763067537,18.023999977111817,16.080154191156097,0.24432146375809455,0,bear,hold
2023-04-28,15.779999732971191,17.649999618530273,15.720000267028809,17.209999084472656,0,17.86199994087219,20.123400058746338,22.860900044441223,-0.1703470371616086,37.109188116752705,-0.9196129143061071,-0.9316452342124224,0.012032319906315259,19.979135841153557,17.86199994087219,15.744864040590825,0.008297930325516,0,bear,hold
2023-05-01,16.079999923706055,16.6200008392334,15.529999732971191,16.40999984741211,0,17.73099989891052,20.04160005569458,22.809300045967102,-0.14010699103423785,38.86906596363786,-0.9642107098078618,-0.9381583293315103,-0.0260523804763515,19.946462855712856,17.73099989891052,15.515536942108188,0.12739165416075807,0,bear,hold
2023-05-02,17.780000686645508,19.809999465942383,16.260000228881836,16.270000457763672,0,17.692499971389772,19.996800060272218,22.777050051689148,-0.04150935752475282,47.78563177951145,-0.8525512498689629,-0.921036913439001,0.06848566357003805,19.87622966334998,17.692499971389772,15.508770279429562,0.520034694673495,0,bear,hold
2023-05-03,18.34000015258789,18.829999923706055,17.190000534057617,17.81999969482422,0,17.659499979019166,19.906200046539308,22.742250056266784,-0.0347368340743216,50.35448780067258,-0.7106807611821822,-0.8789656829876373,0.16828492180545518,19.782295164977995,17.659499979019166,15.53670479306034,0.6602839920850286,0,bear,hold
2023-05-04,20.09000015258789,21.329999923706055,18.670000076293945,19.170000076293945,0,17.709999990463256,19.86220003128052,22.720200057029725,0.052935022689751365,57.40671076834036,-0.4518286032517196,-0.7935382670404538,0.34170966378873424,20.0065105166919,17.709999990463256,15.413489464234612,1.0181774990670516,0,bear,hold
2023-05-05,17.190000534057617,19.6299991607666,16.690000534057617,19.5,0,17.649500036239623,19.783200054168702,22.68675006389618,-0.06576082117165316,45.79686683905202,-0.4752141630094471,-0.7298734462342525,0.25465928322480547,19.933833551473477,17.649500036239623,15.36516652100577,0.39942372707013274,0,bear,hold
2023-05-08,16.979999542236328,17.8799991607666,16.829999923706055,17.729999542236328,0,17.550000047683717,19.68940004348755,22.6561000585556,-0.10490246932783198,45.085798128871396,-0.5048728526172361,-0.6848733275108493,0.18000047489361315,19.767990384013462,17.550000047683717,15.332009711353972,0.3715051873511301,0,bear,hold
2023-05-09,17.709999084472656,17.860000610351562,17.219999313354492,17.290000915527344,0,17.480499982833862,19.62460000991821,22.62950005054474,-0.07277493556207515,48.10234095302718,-0.4641225991957434,-0.6407231818478281,0.17660058265208467,19.584016045858565,17.480499982833862,15.37698391980916,0.5545513071359177,0,bear,hold
2023-05-10,16.940000534057617,18.309999465942383,16.360000610351562,17.579999923706055,0,17.37300000190735,19.549400005340576,22.59740005016327,-0.11262438980330824,45.277100416478035,-0.4883310018280156,-0.6102447458438656,0.12191374401584998,19.352617292027848,17.37300000190735,15.393382711786852,0.39063556122421605,0,bear,hold
2023-05-11,16.93000030517578,18.190000534057617,16.6299991607666,16.799999237060547,0,17.32950005531311,19.47640001296997,22.55860004901886,-0.048876346582834795,45.23993697507133,-0.5025304124412777,-0.588701879163348,0.08617146672207032,19.307908433486283,17.32950005531311,15.35109167713994,0.39903506410890205,0,bear,hold
2023-05-12,17.030000686645508,17.920000076293945,16.3799991607666,16.829999923706055,0,17.327500104904175,19.425200023651122,22.527550053596496,-0.0023432342644293946,45.71973195624502,-0.49995122608153153,-0.5709517485469847,0.07100052246545319,19.307034292173224,17.327500104904175,15.347965917635127,0.42485620602766755,0,bear,hold
2023-05-15,17.1200008392334,18.15999984741211,17.079999923706055,17.440000534057617,0,17.33600010871887,19.397800045013426,22.501500058174134,0.010029502574751659,46.1768069818546,-0.48505354680598245,-0.5537721081987843,0.06871856139280186,19.310430820777803,17.33600010871887,15.361569396659936,0.4453008737743378,0,bear,hold
2023-05-16,17.989999771118164,18.299999237060547,17.260000228881836,17.540000915527344,0,17.39400010108948,19.38540002822876,22.484800057411192,0.06892453075880178,50.51472788097495,-0.3984522759205902,-0.5227081417431455,0.12425586582255532,19.373711321065425,17.39400010108948,15.414288881113533,0.6505269213041907,0,bear,hold
2023-05-17,16.8700008392334,18.260000228881836,16.68000030517578,17.959999084472656,0,17.414500188827514,19.33100004196167,22.45495006084442,0.02490897798089864,45.43767335399945,-0.4154061548254582,-0.5012477443596081,0.08584158953414989,19.363350866941786,17.414500188827514,15.465649510713241,0.3603024449977413,0,bear,hold
2023-05-18,16.049999237060547,17.149999618530273,16.049999237060547,16.920000076293945,0,17.358500146865843,19.26980001449585,22.415550055503846,-0.06523010100505167,42.10132528510878,-0.4893683683308012,-0.4988718691538467,0.009503500823045463,19.394646373259334,17.358500146865843,15.322353920472352,0.1786819893277093,0,bear,hold
2023-05-19,16.809999465942383,17.360000610351562,15.850000381469727,16.1299991607666,0,17.36050009727478,19.153799991607666,22.38985004901886,0.0023851524798375046,46.05490869401846,-0.481112325116996,-0.4953199603464766,0.014207635229480597,19.394407587459604,17.36050009727478,15.326592607089957,0.36466920595233837,0,bear,hold
2023-05-22,17.209999084472656,18.1299991607666,16.81999969482422,17.450000762939453,0,17.37650008201599,19.00199998855591,22.368700041770936,0.01894610458188306,48.0649873934403,-0.43725235217366176,-0.48370643871191366,0.04645408653825189,19.400360652405798,17.37650008201599,15.352639511626181,0.45886549696670453,0,bear,hold
2023-05-23,18.530000686645508,19.309999465942383,17.299999237060547,17.350000381469727,0,17.365000104904176,18.842199993133544,22.355600047111512,-0.012260103381141474,54.138117321471476,-0.29260691961254537,-0.44548653489204004,0.15287961527949467,19.359688253007747,17.365000104904176,15.370311956800608,0.7920257441868654,0,bear,hold
2023-05-24,20.030000686645508,20.809999465942383,18.799999237060547,18.799999237060547,0,17.424500131607054,18.76820001602173,22.3493000459671,0.06316350978872776,59.87954229610002,-0.056288054561953516,-0.3676468388260227,0.3113587842640692,19.64934628077719,17.424500131607054,15.199653982436917,1.0855462311428365,0,bear,hold
2023-05-25,19.139999389648438,19.950000762939453,18.700000762939453,19.540000915527344,0,17.530000066757204,18.62820001602173,22.336150040626524,0.12389892060647645,55.44438100482524,0.05850625823361,-0.2824162194140962,0.3409224776477062,19.867280756076212,17.530000066757204,15.192719377438197,0.8444171960707731,0,bear,hold
2023-05-26,17.950000762939453,19.559999465942383,17.270000457763672,19.06999969482422,0,17.638500118255614,18.527400035858154,22.32720004558563,0.13751591043656353,50.10098107415474,0.05284941902561613,-0.21536309172615378,0.2682125107517699,19.838175516870454,17.638500118255614,15.438824719640774,0.5708060482196589,0,bear,hold
2023-05-30,17.459999084472656,18.34000015258789,16.979999542236328,17.559999465942383,0,17.707500076293947,18.366400012969972,22.313500037193297,0.085820843738446,48.04760872147445,0.008726696930537514,-0.17054513399481555,0.17927183092535307,19.790794542989495,17.707500076293947,15.624205609598398,0.44059865377219853,0,bear,hold
2023-05-31,17.940000534057617,18.399999618530273,17.1200008392334,18.040000915527344,0,17.71550006866455,18.242200031280518,22.305550036430358,0.008998866211084255,50.200756746820126,0.012348877057352325,-0.13396633178438197,0.1463152088417343,19.80107429662297,17.71550006866455,15.629925840706129,0.5538222189322006,0,bear,hold
2023-06-01,15.649999618530273,17.59000015258789,15.579999923706055,17.239999771118164,0,17.58100004196167,18.12760004043579,22.284050030708315,-0.146673964649779,41.387852880174215,-0.16763209618516228,-0.14069948466453805,-0.026932611520624233,19.828780543373902,17.58100004196167,15.333219540549438,0.07046508272978823,0,bear,hold
2023-06-02,14.600000381469727,15.649999618530273,14.420000076293945,15.649999618530273,0,17.306500053405763,17.97440004348755,22.258600029945374,-0.2732702702548746,38.08631884600196,-0.3904931158280256,-0.19065821089723556,-0.19983490493079004,19.6020112583025,17.306500053405763,15.010988848509028,-0.08952003069350939,0,bear,hold
2023-06-05,14.729999542236328,15.289999961853027,14.65999984741211,15.279999732971191,0,17.183500003814697,17.816800022125243,22.232750029563903,-0.14310651049413425,38.73790370516048,-0.5502789603779128,-0.26258236079337105,-0.28769659958454175,19.73963227586528,17.183500003814697,14.627367731764114,0.02007560633587263,0,bear,hold
2023-06-06,13.960000038146973,14.970000267028809,13.949999809265137,14.90999984741211,0,17.03250002861023,17.66120002746582,22.204750032424926,-0.17785627712046514,36.30100442418187,-0.7306207766862016,-0.3561900439719372,-0.3744307327142644,19.950121686798788,17.03250002861023,14.11487837042167,-0.026541880754143907,0,bear,hold
2023-06-07,13.9399995803833,14.289999961853027,13.770000457763672,14.140000343322754,0,16.84400005340576,17.528000011444092,22.171450028419496,-0.21287406544220122,36.23723819599595,-0.8651835379267059,-0.457988742762891,-0.4071947951638149,20.036381294429543,16.84400005340576,13.65161881238198,0.04516703147723656,0,bear,hold
2023-06-08,13.649999618530273,14.210000038146973,13.529999732971191,14.140000343322754,0,16.679500007629393,17.401600017547608,22.120700030326844,-0.1942149239554536,35.269811832674804,-0.9838844613492626,-0.5631678864801652,-0.4207165748690973,20.161100424813817,16.679500007629393,13.197899590444969,0.06492704129024067,0,bear,hold
2023-06-09,13.829999923706055,14.140000343322754,13.5,13.779999732971191,0,16.52449998855591,17.29579999923706,22.069300026893615,-0.18310693004075174,36.404686557073916,-1.0513124030896712,-0.6607967898020665,-0.39051561328760476,20.217306713410235,16.52449998855591,12.831693263701585,0.13516909147795322,0,bear,hold
2023-06-12,15.010000228881836,15.020000457763672,14.319999694824219,14.4399995803833,0,16.423499965667723,17.215599994659424,22.030250029563902,-0.1186142323146061,43.40923553623052,-0.9980287159709622,-0.7282431750358457,-0.26978554093511653,20.165645500236423,16.423499965667723,12.681354431099024,0.3111377919794346,0,bear,hold
2023-06-13,14.609999656677246,15.0600004196167,14.470000267028809,14.989999771118164,0,16.297999906539918,17.13379997253418,21.994400024414062,-0.14661221142022707,41.73128186456069,-0.9768175683931801,-0.7779580537073126,-0.1988595146858675,20.106068462027636,16.297999906539918,12.489931351052197,0.27836530182339647,0,bear,hold
2023-06-14,13.880000114440918,14.729999542236328,13.829999923706055,14.479999542236328,0,16.092499923706054,17.040399990081788,21.936000027656554,-0.22846023952015815,38.7847856831172,-1.0073009055018822,-0.8238266240662266,-0.18347428143565558,19.95633701163913,16.092499923706054,12.228662835772981,0.2136913696264696,0,bear,hold
2023-06-15,14.5,14.520000457763672,13.789999961853027,14.09000015258789,0,15.973999881744385,16.950399990081788,21.877450032234194,-0.14048611270496503,42.49824734461584,-0.9702459689982685,-0.8531104930526351,-0.11713547594563345,19.880325222647148,15.973999881744385,12.067674540841622,0.3113316540342567,0,bear,hold
2023-06-16,13.539999961853027,14.539999961853027,13.479999542236328,14.489999771118164,0,15.84849991798401,16.839599990844725,21.814100036621095,-0.1563862551103279,38.59427459919547,-1.0067385890940734,-0.8838361122609227,-0.1229024768331507,19.895732632687753,15.84849991798401,11.801267203280265,0.21480513737891607,0,bear,hold
2023-06-20,13.880000114440918,14.670000076293945,13.859999656677246,14.359999656677246,0,15.701999950408936,16.74920000076294,21.75415003299713,-0.17430097826223856,40.67292400938237,-0.9967343494858394,-0.9064157597059062,-0.09031858977993323,19.81105649712806,15.701999950408936,11.592943403689812,0.2782946261201012,0,bear,hold
2023-06-21,13.199999809265137,13.890000343322754,13.100000381469727,13.880000114440918,0,15.50149998664856,16.633800010681153,21.692350034713744,-0.2330040376832706,37.9089804898269,-1.0317825126046838,-0.9314891102856617,-0.10029340231902206,19.687277504129995,15.50149998664856,11.315722469167124,0.2250809237027694,0,bear,hold
2023-06-22,12.90999984741211,13.979999542236328,12.729999542236328,13.880000114440918,0,15.220499944686889,16.51,21.629550037384032,-0.3032919930371999,36.761640402427226,-1.0706175944826004,-0.9593148071250495,-0.11130278735755095,19.308739251268562,15.220499944686889,11.132260638105214,0.21742112875399755,0,bear,hold
2023-06-23,13.4399995803833,13.800000190734863,12.880000114440918,13.239999771118164,0,14.890999889373779,16.39699998855591,21.56220003604889,-0.32900653421624304,40.31684214511835,-1.046563989397992,-0.976764643579638,-0.0697993458183539,18.39630962093119,14.890999889373779,11.385690157816365,0.29302823143879553,0,bear,hold
2023-06-26,14.25,14.710000038146973,13.779999732971191,14.430000305175781,0,14.646499919891358,16.3260000038147,21.510250039100647,-0.25548586967526843,45.371557980518794,-0.9511764990699962,-0.9716470146777096,0.020470515607713402,17.56530998476577,14.646499919891358,11.72768985501695,0.4320784992721992,0,bear,hold
2023-06-27,13.739999771118164,14.34000015258789,13.59000015258789,14.109999656677246,0,14.435999870300293,16.259400005340577,21.46090003490448,-0.23454043525800206,42.907515824495384,-0.906286871070602,-0.9585749859562882,0.05228811488568619,16.950743605006103,14.435999870300293,11.921256135594483,0.36161609837680914,0,bear,hold
2023-06-28,13.430000305175781,13.960000038146973,13.359999656677246,13.899999618530273,0,14.23449993133545,16.188999996185302,21.414100031852723,-0.23081322970290363,41.43451837676255,-0.8855181812195205,-0.9439636250089347,0.058445443789414186,16.364058553485584,14.23449993133545,12.104941309185312,0.3111111810231846,0,bear,hold
2023-06-29,13.539999961853027,13.850000381469727,13.40999984741211,13.640000343322754,0,14.01449990272522,16.12319999694824,21.36245002746582,-0.2452620089866525,42.19286048227583,-0.8503801389947672,-0.9252469278061013,0.07486678881133413,15.315168566523731,14.01449990272522,12.713831238926709,0.31759384458204415,0,bear,hold
2023-06-30,13.59000015258789,13.59000015258789,12.960000038146973,13.510000228881836,0,13.9114999294281,16.065800018310547,21.294050025939942,-0.1316293620546326,42.55696481323161,-0.8091707728740776,-0.9020316968196966,0.09286092394561907,14.984053489155661,13.9114999294281,12.838946369700539,0.35012413882535004,0,bear,hold
2023-07-03,13.569999694824219,13.850000381469727,13.470000267028809,13.850000381469727,0,13.859999895095825,15.993800010681152,21.231100025177003,-0.07054799039271131,42.44180758703986,-0.7692583912293394,-0.8754770357016253,0.1062186444722859,14.89357622604288,13.859999895095825,12.82642356414877,0.3597103128291055,0,bear,hold
2023-07-05,14.180000305175781,14.739999771118164,14.050000190734863,14.1899995803833,0,13.832499933242797,15.942000007629394,21.170650024414062,-0.03733871379177556,47.13991978489119,-0.6805605120069327,-0.8364937309626868,0.15593321895575407,14.79912044594241,13.832499933242797,12.865879420543184,0.6797501539474227,0,bear,hold
2023-07-06,15.4399995803833,17.079999923706055,14.789999961853027,14.850000381469727,0,13.906499910354615,15.913000011444092,21.116350026130675,0.10601715889628194,55.26279520035003,-0.5027994335453947,-0.7697548714792284,0.2669554379338337,15.100656933899966,13.906499910354615,12.712342886809264,1.1420846001792357,0,bear,hold
2023-07-07,14.829999923706055,16.059999465942383,14.329999923706055,15.970000267028809,0,13.950999927520751,15.834400005340576,21.061700024604797,0.06384507676565376,51.16370094303592,-0.4064589665250473,-0.6970956904883923,0.29063672396334495,15.21133162994085,13.950999927520751,12.690668225100653,0.8487177203022988,0,bear,hold
2023-07-10,15.069999694824219,16.209999084472656,15.039999961853027,16.079999923706055,0,14.021999931335449,15.758999996185302,21.00125002384186,0.10402931252585934,52.6517754479715,-0.3072012517444076,-0.6191168027395954,0.31191555099518775,15.363858290701645,14.021999931335449,12.680141571969253,0.8905031243326512,0,bear,hold
2023-07-11,14.84000015258789,15.25,14.630000114440918,15.020000457763672,0,14.07249994277954,15.71519998550415,20.935500025749207,0.07302966265029331,51.04650298999787,-0.24428190875570088,-0.5441498239428165,0.29986791518711564,15.456998019262631,14.07249994277954,12.68800186629645,0.7771763366251683,0,bear,hold
2023-07-12,13.539999961853027,14.819999694824219,13.510000228881836,14.819999694824219,0,13.9989999294281,15.670399990081787,20.866450023651122,-0.09793472648989532,43.05605549720341,-0.29590600671484424,-0.4945010604972221,0.19859505378237785,15.331724884016904,13.9989999294281,12.666274974839297,0.32779643841939915,0,bear,hold
2023-07-13,13.609999656677246,13.609999656677246,13.119999885559082,13.4399995803833,0,13.948999929428101,15.62099998474121,20.78490002155304,-0.06844627128673253,43.568286379956504,-0.3273960678454042,-0.4610800619668586,0.13368399412145437,15.261156899338367,13.948999929428101,12.636842959517836,0.37082327780721297,0,bear,hold
2023-07-14,13.34000015258789,13.760000228881836,13.220000267028809,13.720000267028809,0,13.92199993133545,15.532199974060058,20.690300030708315,-0.03890489606633396,41.998977501013094,-0.3698751808198324,-0.4428390857374534,0.072963904917621,15.260679827666427,13.92199993133545,12.583320035004471,0.2826217528392375,0,bear,hold
2023-07-17,13.479999542236328,14.0,13.430000305175781,13.779999732971191,0,13.870999908447265,15.434999961853027,20.594700036048888,-0.07034485915611532,43.1425744907118,-0.387773392884025,-0.4318259471667677,0.044052554282742684,15.195354811190434,13.870999908447265,12.546645005704097,0.3523808212583166,0,bear,hold
2023-07-18,13.300000190734863,13.670000076293945,13.289999961853027,13.609999656677246,0,13.858999919891357,15.299199962615967,20.510300035476686,-0.017725241639167555,41.996070704130744,-0.41173606122635853,-0.42780796997868586,0.016071908752327335,15.199386376147519,13.858999919891357,12.518613463635194,0.29147814925038956,0,bear,hold
2023-07-19,13.760000228881836,13.84000015258789,13.119999885559082,13.319999694824219,0,13.852999925613403,15.230599956512451,20.419900035858156,-0.008645524824904882,45.94921826665017,-0.38912292299593254,-0.4200709605821352,0.03094803758620268,15.194030812103117,13.852999925613403,12.51196903912369,0.4653252965056593,0,bear,hold
2023-07-20,13.989999771118164,14.229999542236328,13.579999923706055,13.960000038146973,0,13.892499923706055,15.170799961090088,20.33175003051758,0.05984848282334987,47.86254537050837,-0.3486240857082734,-0.4057815856073629,0.05715749989908947,15.200397014560526,13.892499923706055,12.584602832851584,0.5372735164310256,0,bear,hold
2023-07-21,13.600000381469727,13.890000343322754,13.369999885559082,13.869999885559082,0,13.926999950408936,15.08859998703003,20.24925003051758,0.05344698235576906,44.95650637583953,-0.3440323658029101,-0.3934317416464724,0.0493993758435623,15.163884629493348,13.926999950408936,12.690115271324524,0.3678132349487639,0,bear,hold
2023-07-24,13.90999984741211,14.300000190734863,13.729999542236328,14.289999961853027,0,13.950499963760375,15.027999973297119,20.173450031280517,0.03497025905527629,47.67600143004308,-0.31178496556480795,-0.37710238643013955,0.0653174208653316,15.16717520204832,13.950499963760375,12.73382472547243,0.4833562338273375,0,bear,hold
2023-07-25,13.859999656677246,14.09000015258789,13.819999694824219,14.020000457763672,0,13.930999946594238,14.966599960327148,20.100000033378603,-0.027368445145456444,47.27033750876738,-0.28695542258144435,-0.3590729936604005,0.07211757107895617,15.140328536994728,13.930999946594238,12.721671356193747,0.4706447484659738,0,bear,hold
2023-07-26,13.1899995803833,14.15999984741211,13.149999618530273,13.859999656677246,0,13.903499937057495,14.889799938201904,20.0133500289917,-0.040029126630043876,42.1008732316423,-0.3176792292067425,-0.350794240769669,0.033115011562926455,15.153288212166736,13.903499937057495,12.653711661948254,0.21455150808970874,0,bear,hold
2023-07-27,14.40999984741211,15.020000457763672,12.739999771118164,13.140000343322754,0,13.952499914169312,14.835599918365478,19.928600025177,0.07297092479280476,52.32482686421875,-0.2408083529341578,-0.32879706320256674,0.08798871026840893,15.201032970652841,13.952499914169312,12.703966857685783,0.683214986125933,0,bear,hold
2023-07-28,13.329999923706055,14.180000305175781,13.270000457763672,14.029999732971191,0,13.941999912261963,14.742399921417237,19.833000020980833,-0.015509604042733938,44.78549710687728,-0.26399146825345277,-0.31583594421274397,0.0518444759592912,15.207647492935608,13.941999912261963,12.676352331588317,0.2582265403493408,0,bear,hold
2023-07-31,13.630000114440918,14.09000015258789,13.569999694824219,13.979999542236328,0,13.943999910354615,14.677599906921387,19.733000016212465,0.0029433378516490194,47.06706503497725,-0.2552147887640377,-0.3037117131230027,0.04849692435896502,15.207540889943928,13.943999910354615,12.680458930765301,0.37574609728298825,0,bear,hold
2023-08-01,13.930000305175781,14.300000190734863,13.75,13.75,0,13.961999940872193,14.635199928283692,19.634800019264222,0.026529153901814206,49.322250385299355,-0.2214984031366285,-0.28726905112572787,0.06577064798909937,15.213919973563042,13.961999940872193,12.710079908181344,0.4872197764790006,0,bear,hold
2023-08-02,16.09000015258789,16.479999542236328,14.949999809265137,15.699999809265137,0,14.057499933242799,14.620799942016601,19.55555001735687,0.13469674233469142,61.906427965276315,-0.020250553029438123,-0.23386535150646992,0.2136147984770318,15.615381482824343,14.057499933242799,12.499618383661254,1.1523282273581814,0,bear,hold
2023-08-03,15.920000076293945,17.420000076293945,15.720000267028809,16.770000457763672,0,14.08149995803833,14.594999961853027,19.475050015449526,0.031088115865008925,60.630348671558075,0.12409177989182751,-0.16227392522681044,0.28636570511863796,15.735649654852445,14.08149995803833,12.427350261224216,1.0557236209626488,0,bear,hold
2023-08-04,17.100000381469727,17.389999389648438,14.569999694824219,16.010000228881836,0,14.194999980926514,14.566399955749512,19.403700013160705,0.15306813684705634,65.88668899832072,0.3298974294037986,-0.06383965430068862,0.39373708370448723,16.2914018317695,14.194999980926514,12.098598130083527,1.1928539009291272,0,bear,hold
2023-08-07,15.770000457763672,17.360000610351562,15.770000457763672,16.899999618530273,0,14.230000019073486,14.481199951171876,19.330050015449523,0.04644995203150981,56.698177070342936,0.38128479702319495,0.0251852359640881,0.35609956105910684,16.405546182702285,14.230000019073486,12.05445385544469,0.8539342130349176,0,bear,hold
2023-08-08,15.989999771118164,18.139999389648438,15.960000038146973,16.280000686645508,0,14.2875,14.418199958801269,19.256200013160704,0.07749323495321736,57.747842237004846,0.4347502320122736,0.10709823517372521,0.3276519968385484,16.582031741274395,14.2875,11.992968258725604,0.8709906776387819,0,bear,hold
2023-08-09,15.960000038146973,16.8700008392334,15.380000114440918,15.8100004196167,0,14.408500003814698,14.37839994430542,19.18610001564026,0.178729695946229,57.54300077890313,0.4692915458890674,0.17953689731679368,0.28975464857227373,16.786316633022555,14.408500003814698,12.03068337460684,0.8262446765815453,0,bear,hold
2023-08-10,15.850000381469727,16.860000610351562,14.600000381469727,15.579999923706055,0,14.520500040054321,14.346199970245362,19.11690001487732,0.1645849214767252,56.748137681128746,0.4822308756486091,0.24007569298315679,0.24215518266545233,16.94782366836326,14.520500040054321,12.093176411745382,0.7738613685274506,0,bear,hold
2023-08-11,14.84000015258789,16.510000228881836,14.84000015258789,15.529999732971191,0,14.595500040054322,14.284199962615967,19.041850013732912,0.1124437768247708,49.92847413793652,0.4063031997870361,0.27332119434393265,0.13298200544310346,16.96427610884322,14.595500040054322,12.226723971265425,0.5516089544628371,0,bear,hold
2023-08-14,14.819999694824219,16.059999465942383,14.770000457763672,15.880000114440918,0,14.662500047683716,14.267599964141846,18.973650016784667,0.09940654288520734,49.800844601986086,0.34058999044668425,0.286774953564483,0.05381503688220124,16.976448147112382,14.662500047683716,12.348551948255052,0.5340326663289012,0,bear,hold
2023-08-15,16.459999084472656,16.56999969482422,14.90999984741211,14.949999809265137,0,14.820499992370605,14.304799938201905,18.919550008773804,0.23759389837747014,59.04553875217595,0.4160500769987454,0.31262997825133554,0.10342009874740987,17.171971714968933,14.820499992370605,12.469028269772277,0.8486112710491025,0,bear,hold
2023-08-16,16.780000686645508,16.93000030517578,15.800000190734863,16.540000915527344,0,14.971500015258789,14.345799961090087,18.86650001525879,0.21947677380301056,60.571351293914375,0.4959571093482076,0.34929540447070995,0.14666170487749763,17.41715164192833,14.971500015258789,12.525848388589244,0.8697379977722978,0,bear,hold
2023-08-17,17.889999389648438,18.1299991607666,16.399999618530273,16.959999084472656,0,15.166499996185303,14.424399948120117,18.82720001220703,0.2787705276866179,65.3883571937707,0.6414573063362159,0.4077277848438111,0.23372952149240478,17.875738096205104,15.166499996185303,12.457261896165504,1.0026319749163481,0,bear,hold
2023-08-18,17.299999237060547,18.8799991607666,17.139999389648438,17.799999237060547,0,15.351499938964844,14.491599941253662,18.784300012588503,0.272058731750636,61.11446433673838,0.7010775931564357,0.46639774650633603,0.23467984665009967,18.11241478025701,15.351499938964844,12.59058509767268,0.8528720388173519,0,bear,hold
2023-08-21,17.1299991607666,18.110000610351562,16.8799991607666,18.030000686645508,0,15.512499904632568,14.561199932098388,18.74090001106262,0.23148809120609437,59.89959720634241,0.7262378961954781,0.5183657764441645,0.2078721197513136,18.293865432334353,15.512499904632568,12.73113437693078,0.7907743049275795,0,bear,hold
2023-08-22,16.969999313354492,17.579999923706055,16.610000610351562,16.959999084472656,0,15.667999887466431,14.623999919891357,18.69645000457764,0.22438670517419257,58.71655437003293,0.7249106483989411,0.5596747508351199,0.1652358975638213,18.409893888231036,15.667999887466431,12.926105886701826,0.7374270167856573,0,bear,hold
2023-08-23,15.979999542236328,17.100000381469727,15.90999984741211,16.639999389648438,0,15.807499885559082,14.643399906158447,18.649850006103517,0.2115238855657302,51.88779245357305,0.6366353511654612,0.5750668709011881,0.061568480264273084,18.30379982068146,15.807499885559082,13.311199950436706,0.5345510678124481,0,bear,hold
2023-08-24,17.200000762939453,17.31999969482422,15.479999542236328,15.569999694824219,0,15.94699993133545,14.695199928283692,18.61310001373291,0.1936156103449509,58.32075607810281,0.6575407244868821,0.5915616416183269,0.06597908286855514,18.427097264583153,15.94699993133545,13.466902598087747,0.7526112211013892,0,bear,hold
2023-08-25,15.680000305175781,17.360000610351562,15.449999809265137,17.209999084472656,0,16.064499950408937,14.731199932098388,18.56975001335144,0.17629410314477867,49.449487231759036,0.5451726388688201,0.5822838410684256,-0.03711120219960551,18.241694869689404,16.064499950408937,13.88730503112847,0.41169838726239827,0,bear,hold
2023-08-28,15.079999923706055,16.280000686645508,15.0,16.239999771118164,0,16.136999940872194,14.74279993057251,18.517450008392334,0.10638296383643242,46.446145408835676,0.4030588930523109,0.5464388514652027,-0.14337995841289175,18.0677104039717,16.136999940872194,14.206289477772689,0.22626656420837363,0,bear,hold
2023-08-29,14.449999809265137,15.300000190734863,14.34000015258789,15.079999923706055,0,16.16299991607666,14.760999927520752,18.45925000667572,0.03732946824819128,43.461315266493635,0.23686653158195448,0.4845243874885531,-0.2476578559065986,17.985076563173315,16.16299991607666,14.340923268980006,0.029931929718471455,0,bear,hold
2023-08-30,13.880000114440918,14.699999809265137,13.829999923706055,14.529999732971191,0,16.05249991416931,14.760999927520752,18.411000003814696,-0.13735239385883535,40.90028363649481,0.058489446152455216,0.3993173992213335,-0.3408279530688783,18.129149651599484,16.05249991416931,13.975850176739135,-0.023078052251803892,0,bear,hold
2023-08-31,13.569999694824219,14.0,13.4399995803833,13.979999542236328,0,15.934999895095824,14.768399925231934,18.36625,-0.14761308858088829,39.535779899993955,-0.10666060520648912,0.298121798335769,-0.40478240354225814,18.277284963238056,15.934999895095824,13.592714826953591,-0.004848925615059422,0,bear,hold
2023-09-01,13.09000015258789,13.5600004196167,13.020000457763672,13.5600004196167,0,15.734499883651733,14.771999931335449,18.313050003051757,-0.23450293213017936,37.45229630600789,-0.2731267273874014,0.18387209319113496,-0.45699882057853636,18.31768741118619,15.734499883651733,13.151312356117277,-0.011867547918192799,0,bear,hold
2023-09-05,14.010000228881836,14.470000267028809,13.699999809265137,14.149999618530273,0,15.646499872207642,14.78339994430542,18.26039999961853,-0.11160432325893666,43.58849207892997,-0.3270460281109653,0.08168846893071492,-0.4087344970416802,18.3365574084066,15.646499872207642,12.956442336008685,0.19582441615018858,0,bear,hold
2023-09-06,14.449999809265137,15.300000190734863,14.130000114440918,14.270000457763672,0,15.56949987411499,14.787399940490722,18.212099995613098,-0.0963101928640826,46.30178551745647,-0.330463792600435,-0.0007419833755150651,-0.32972180922491995,18.303620865082607,15.56949987411499,12.835378883147376,0.2952723985975362,0,bear,hold
2023-09-07,14.399999618530273,15.6899995803833,14.399999618530273,14.8100004196167,0,15.491499853134155,14.800599937438966,18.164449992179872,-0.09774438696040388,46.03083995805429,-0.3333641783690364,-0.06726642237421934,-0.2660977559948171,18.265329277251375,15.491499853134155,12.717670429016936,0.30325029630269074,0,bear,hold
2023-09-08,13.84000015258789,14.869999885559082,13.579999923706055,14.220000267028809,0,15.390999841690064,14.808799934387206,18.118049988746645,-0.12681389151458522,42.99614885322347,-0.3765098604752346,-0.12911510999442238,-0.24739475048081222,18.249935726125905,15.390999841690064,12.532063957254223,0.22874528289601093,0,bear,hold
2023-09-11,13.800000190734863,14.329999923706055,13.739999771118164,14.170000076293945,0,15.338999843597412,14.813999938964844,18.075249986648558,-0.07008085924255636,42.779201222960154,-0.40921362705411823,-0.18513481340636156,-0.22407881364775667,18.272979093438522,15.338999843597412,12.405020593756301,0.23772826564027455,0,bear,hold
2023-09-12,14.229999542236328,14.420000076293945,13.710000038146973,14.020000457763672,0,15.309499835968017,14.826799926757813,18.039949979782104,-0.039811077242730586,45.93723323155866,-0.3958708904698902,-0.22728202881906728,-0.16858886165082293,18.275449488186705,15.309499835968017,12.343550183749329,0.3180177649131425,0,bear,hold
2023-09-13,13.479999542236328,14.680000305175781,13.40999984741211,14.420000076293945,0,15.160499858856202,14.824999923706054,18.005599975585938,-0.18104493973195146,41.622365240127394,-0.4407348901207655,-0.26997260107940696,-0.17076228904135854,18.179231037277003,15.160499858856202,12.141768680435401,0.22165452680370834,0,bear,hold
2023-09-14,12.819999694824219,13.460000038146973,12.789999961853027,13.390000343322754,0,14.962499809265136,14.797799911499023,17.96719997406006,-0.2359952818698563,38.22014614610539,-0.5235116880439765,-0.32068041847232087,-0.20283126957165565,18.049076143383953,14.962499809265136,11.875923475146319,0.15293258897279516,0,bear,hold
2023-09-15,13.789999961853027,14.170000076293945,12.680000305175781,12.699999809265137,0,14.757499837875367,14.764799919128418,17.925099978446962,-0.229178287740343,45.29727618316381,-0.5050204208072255,-0.35754841893930184,-0.1474720018679237,17.571705575391835,14.757499837875367,11.943294100358898,0.3281042741252891,0,bear,hold
2023-09-18,14.0,14.75,13.859999656677246,14.399999618530273,0,14.59249987602234,14.748199920654297,17.88564998149872,-0.19075140939840018,46.720274801145514,-0.46802560245551383,-0.3796438556425442,-0.08838174681296962,17.16791334677408,14.59249987602234,12.017086405270602,0.38496995089308994,0,bear,hold
2023-09-19,14.109999656677246,14.880000114440918,13.859999656677246,14.109999656677246,0,14.44149990081787,14.728999919891358,17.853299980163573,-0.17629887052219828,47.490801261462366,-0.42493253167629597,-0.38870159084929456,-0.0362309408270014,16.7437447495689,14.44149990081787,12.139255052066842,0.42800499818243387,0,bear,hold
2023-09-20,15.140000343322754,15.149999618530273,13.569999694824219,14.180000305175781,0,14.349999952316285,14.734999923706054,17.829799981117247,-0.10783730371701461,54.173785441900584,-0.30416232137127075,-0.37179373695368984,0.06763141558241909,16.371326521451962,14.349999952316285,12.328673383180607,0.6954163179441792,0,bear,hold
2023-09-21,17.540000915527344,17.540000915527344,15.100000381469727,15.489999771118164,0,14.428000020980836,14.814999942779542,17.822199988365174,0.09762211626901585,65.26658260079219,-0.01462251185247787,-0.30035949193344746,0.2857369800809696,16.787081739081476,14.428000020980836,12.068918302880196,1.1595788672068688,0,bear,hold
2023-09-22,17.200000762939453,17.40999984741211,15.930000305175781,17.309999465942383,0,14.428000020980836,14.886799964904785,17.80444999217987,0.0,62.94212856251494,0.18526903627463476,-0.20323378629183103,0.3885028225664658,16.787081739081476,14.428000020980836,12.068918302880196,1.0875168970811298,0,bear,hold
2023-09-25,16.899999618530273,18.40999984741211,16.790000915527344,17.25,0,14.48899998664856,14.957999954223633,17.778099989891054,0.07780607714349252,60.881756068447814,0.3158361802814742,-0.09941979297716999,0.41525597325864416,17.030463743848898,14.48899998664856,11.94753622944822,0.9743328770774321,0,bear,hold
2023-09-26,18.940000534057617,19.5,17.170000076293945,18.030000686645508,0,14.682000017166137,15.067199974060058,17.759399991035462,0.25596821153052973,68.44579414671051,0.577268218787232,0.0359178093757104,0.5413504094115216,17.87613009772491,14.682000017166137,11.487869936607362,1.166535239564601,0,bear,hold
2023-09-27,18.219999313354492,19.709999084472656,18.030000686645508,18.290000915527344,0,14.870499992370606,15.165599956512452,17.739049983024596,0.2608996231039453,63.75972849469163,0.7180793399674208,0.1723501154940525,0.5457292244733682,18.413529909488812,14.870499992370606,11.327470075252402,0.9726885461509549,0,bear,hold
2023-09-28,17.34000015258789,18.770000457763672,17.059999465942383,18.219999313354492,0,15.043499994277955,15.237199954986572,17.711599984169005,0.2492795395979246,58.489012676638275,0.75001883986263,0.28788386036776803,0.46213497949486193,18.711852921353223,15.043499994277955,11.375147067202686,0.8130151602044609,0,bear,hold
2023-09-29,17.520000457763672,17.739999771118164,15.829999923706055,16.8700008392334,0,15.241000032424926,15.307799968719483,17.674199986457825,0.29108333469204406,59.23139002638251,0.7808544400240347,0.38647797629902136,0.39437646372501334,18.99508559617282,15.241000032424926,11.486914468677034,0.8035360258362763,0,bear,hold
2023-10-02,17.610000610351562,18.549999237060547,16.93000030517578,17.309999465942383,0,15.467000055313111,15.38799997329712,17.64949999332428,0.34530178801182587,59.62023822379415,0.8032942592740362,0.46984123289402435,0.33345302638001184,19.220122359420717,15.467000055313111,11.713877751205507,0.7854956994997263,0,bear,hold
2023-10-03,19.780000686645508,20.479999542236328,17.520000457763672,17.809999465942383,0,15.755500078201294,15.505399990081788,17.642699999809267,0.4118487054603128,67.63559709294978,0.98482638290049,0.5728382628953175,0.4119881200051725,19.88452213761131,15.755500078201294,11.626478018791278,0.9873430742846726,0,bear,hold
2023-10-04,18.579999923706055,20.8799991607666,18.299999237060547,20.719999313354492,0,15.96200008392334,15.599799995422364,17.621449999809265,0.2858131604813461,60.48542621481957,1.02010275641436,0.662291161599126,0.35781159481523406,20.22027999988171,15.96200008392334,11.703720167964967,0.8074010975618904,0,bear,hold
2023-10-05,18.489999771118164,19.579999923706055,18.260000228881836,18.670000076293945,0,16.166500091552734,15.70579999923706,17.600799994468687,0.28402779589832616,59.973336901147576,1.028936338802385,0.7356201970397779,0.29331614176260723,20.49730304517305,16.166500091552734,11.835697137932417,0.7682527587203095,0,bear,hold
2023-10-06,17.450000762939453,19.93000030517578,17.190000534057617,18.729999542236328,0,16.347000122070312,15.766600017547608,17.575949997901915,0.2608381915137872,54.256913183225926,0.9411685825986602,0.7767298741515544,0.16443870844710584,20.574586617993056,16.347000122070312,12.119413626147567,0.6304527585577397,0,bear,hold
2023-10-09,17.700000762939453,19.600000381469727,17.559999465942383,19.540000915527344,0,16.542000150680543,15.854000034332275,17.557050004005433,0.2826087332102356,55.35844557910754,0.8816221230931944,0.7977083239398823,0.0839137991533121,20.63944666682572,16.542000150680543,12.44455363453537,0.6413075933628465,0,bear,hold
2023-10-10,17.030000686645508,17.860000610351562,16.510000228881836,17.700000762939453,0,16.682000207901,15.922000045776366,17.541850008964538,0.196767479584131,51.76100187256237,0.7714746387837756,0.7924615869086611,-0.02098694812488544,20.64296315023136,16.682000207901,12.721037265570642,0.5439287723479391,0,bear,hold
2023-10-11,16.09000015258789,17.780000686645508,16.09000015258789,16.950000762939453,0,16.81250023841858,15.965200042724609,17.512450013160706,0.19362022989494587,47.133197864993484,0.6013992208526098,0.7542491136974508,-0.15284989284484107,20.505823614345566,16.81250023841858,13.119176862491592,0.40218835283420745,0,bear,hold
2023-10-12,16.690000534057617,18.079999923706055,15.4399995803833,16.079999923706055,0,17.00600028038025,15.977200050354003,17.49155001163483,0.3018721475317836,50.194177963596815,0.509158975458508,0.7052310860496623,-0.19607211059115437,20.216274039984782,17.00600028038025,13.795726520775716,0.45078305309987654,0,bear,hold
2023-10-13,19.31999969482422,20.780000686645508,16.5,16.530000686645508,0,17.28250026702881,16.04520004272461,17.479900012016298,0.4010152101717699,60.884970344760596,0.6408890982968387,0.6923626884990977,-0.051473590202258945,20.28290618779931,17.28250026702881,14.282094346258308,0.8395372962189367,0,bear,hold
2023-10-16,17.209999084472656,19.56999969482422,17.139999389648438,19.100000381469727,0,17.44300022125244,16.047400016784668,17.455250010490417,0.22928564889090408,51.35994782209408,0.5684737430190872,0.6675848994030956,-0.09911115638400847,20.040207265724835,17.44300022125244,14.845793176780045,0.4551439040496064,0,bear,hold
2023-10-17,17.8799991607666,18.540000915527344,16.969999313354492,17.40999984741211,0,17.63150019645691,16.089599990844725,17.43745000362396,0.26718636398444473,53.8299277347908,0.558707032086815,0.6458093259398396,-0.08710229385302459,19.733825226318896,17.63150019645691,15.52917516659492,0.5591009859988223,0,bear,hold
2023-10-18,19.219999313354492,20.149999618530273,17.8799991607666,18.360000610351562,0,17.835500144958495,16.15419998168945,17.425199999809266,0.26948473431383735,58.38186891961918,0.6515826179493196,0.6469639843417356,0.004618633607583966,19.710722318588306,17.835500144958495,15.960277971328685,0.8691560359794763,0,bear,hold
2023-10-19,21.399999618530273,21.399999618530273,18.549999237060547,19.729999542236328,0,18.028500080108643,16.26299997329712,17.417699999809265,0.2200683296194046,64.51181032543353,0.8908261056567639,0.6957364086047413,0.19508969705202261,20.455665019106572,18.028500080108643,15.601335141110715,1.1945344925371195,0,bear,hold
2023-10-20,21.709999084472656,21.829999923706055,20.420000076293945,21.59000015258789,0,18.253999996185303,16.380199947357177,17.41619999408722,0.26220919310950386,65.29462607045217,1.0928450223043633,0.7751581313446657,0.3176868909596976,21.12821876875901,18.253999996185303,15.379781223611598,1.1012066863638037,0,bear,hold
2023-10-23,20.3700008392334,23.079999923706055,19.479999542236328,21.829999923706055,0,18.42750005722046,16.490799961090087,17.405750002861023,0.2053255206525797,59.21425678440154,1.131773430059841,0.8464811910877008,0.2852922389721402,21.37191052060974,18.42750005722046,15.483089593831178,0.8298624302158173,0,bear,hold
2023-10-24,18.969999313354492,20.239999771118164,18.649999618530273,20.030000686645508,0,18.428999996185304,16.573799953460693,17.39495000362396,0.0015838848178979514,53.598431815099254,1.0376941585154178,0.8847237845732443,0.1529703739421735,21.37448360986884,18.428999996185304,15.483516382501769,0.5918353975313124,0,bear,hold
2023-10-25,20.190000534057617,21.239999771118164,18.860000610351562,19.389999389648438,0,18.527500057220458,16.648399982452393,17.386050009727477,0.10812301289491244,57.3907727861314,1.049481787777264,0.9176753852140482,0.13180640256321574,21.568643426444446,18.527500057220458,15.48635668799647,0.7733347749503473,0,bear,hold
2023-10-26,20.68000030517578,21.959999084472656,20.219999313354492,21.780000686645508,0,18.694500064849855,16.726399974822996,17.386550011634828,0.19261823086486052,58.84559958975458,1.0858455042650377,0.9513094090242462,0.13453609524079146,21.82205777667088,18.694500064849855,15.566942353028828,0.8174202402119488,0,bear,hold
2023-10-27,21.270000457763672,22.06999969482422,19.719999313354492,20.389999389648438,0,18.882000064849855,16.793999996185303,17.387450013160706,0.21404109029793172,60.59041861517701,1.1490268270272566,0.9908528926248483,0.15817393440240823,22.151823122775443,18.882000064849855,15.612177006924266,0.8651574336913495,0,bear,hold
2023-10-30,19.75,21.15999984741211,19.549999237060547,21.1299991607666,0,18.989000034332275,16.84300001144409,17.392050013542175,0.12152182370683717,54.213408568976,1.0641799427939773,1.005518302658674,0.058661640135303283,22.2252069361388,18.989000034332275,15.752793132525749,0.6175759135243976,0,bear,hold
2023-10-31,18.139999389648438,19.860000610351562,17.969999313354492,19.860000610351562,0,18.90699996948242,16.86320001602173,17.39100000858307,-0.08291209504882979,48.40245335153014,0.8571439598162804,0.9758434340901954,-0.11869947427391492,22.141990399344834,18.90699996948242,15.672009539620005,0.3814524190313288,0,bear,hold
2023-11-01,16.8700008392334,18.420000076293945,16.6299991607666,18.020000457763672,0,18.82150001525879,16.861200046539306,17.378550009727476,-0.092034396743505,44.36299153589729,0.583857832836923,0.897446313839541,-0.31358848100261794,22.174768480197432,18.82150001525879,15.468231550320143,0.20901536867238338,0,bear,hold
2023-11-02,15.65999984741211,16.6200008392334,15.579999923706055,16.59000015258789,0,18.680000019073486,16.854800052642823,17.355150008201598,-0.15305570355531228,40.86384192217268,0.2665668242281889,0.7712704159172706,-0.5047035916890817,22.305101201407037,18.680000019073486,15.054898836739934,0.08345987880573578,0,bear,hold
2023-11-03,14.90999984741211,15.829999923706055,14.90999984741211,15.699999809265137,0,18.55299997329712,16.809000034332275,17.32710000514984,-0.1455587853567223,38.81995468245782,-0.04488985572712423,0.6080383615883916,-0.6529282173155159,22.504815146163214,18.55299997329712,14.601184800431025,0.03907255697349752,0,bear,hold
2023-11-06,14.890000343322754,15.579999923706055,14.84000015258789,15.390000343322754,0,18.412499952316285,16.793200035095214,17.302300004959108,-0.15875707901099778,38.76427560174036,-0.28999245880206814,0.4284321975102997,-0.7184246563123678,22.6640730569655,18.412499952316285,14.160926847667069,0.08574161583372783,0,bear,hold
2023-11-07,14.8100004196167,15.170000076293945,14.710000038146973,15.100000381469727,0,18.301499938964845,16.787800045013427,17.27730000972748,-0.13035820185078895,38.52623631206516,-0.4851014157085345,0.2457254748665329,-0.7308268905750674,22.80038086482014,18.301499938964845,13.802619013109547,0.11195910973300938,0,bear,hold
2023-11-08,14.449999809265137,15.09000015258789,14.300000190734863,14.90999984741211,0,18.219499921798707,16.787800045013427,17.253550004959106,-0.10192668289434281,37.412874309023294,-0.6611543347293001,0.0643495129473663,-0.7255038476766664,22.93136770035001,18.219499921798707,13.507632143247406,0.09999937501508888,0,bear,hold
2023-11-09,15.289999961853027,15.569999694824219,14.130000114440918,14.609999656677246,0,18.149499893188477,16.81600004196167,17.23460000514984,-0.08388259600997305,41.65009219472599,-0.7245444518783906,-0.09342928001778508,-0.6311151718606055,22.99001828218077,18.149499893188477,13.308981504196183,0.20462875031751052,0,bear,hold
2023-11-10,14.170000076293945,15.449999809265137,14.15999984741211,15.09000015258789,0,17.891999912261962,16.828000049591065,17.21180000782013,-0.26656313146371047,37.959937479958874,-0.8552968769614182,-0.24580279940651173,-0.6094940775549065,22.996768576449483,17.891999912261962,12.78723124807444,0.13543893163272153,0,bear,hold
2023-11-13,14.760000228881836,15.1899995803833,14.579999923706055,15.15999984741211,0,17.76949996948242,16.861400051116945,17.19305000782013,-0.14235903462663624,40.92901573430401,-0.9009257234500936,-0.3768273842152281,-0.5240983392348655,23.048467439401563,17.76949996948242,12.490532499563278,0.21495375205952152,0,bear,hold
2023-11-14,14.15999984741211,14.859999656677246,13.90999984741211,14.829999923706055,0,17.5835000038147,16.86440004348755,17.1641500043869,-0.20805366263758807,38.89066518517496,-0.97427113818439,-0.49631613500906047,-0.4779550031753296,23.090983077918626,17.5835000038147,12.076016929710772,0.1891955807817352,0,bear,hold
2023-11-15,14.180000305175781,14.350000381469727,13.970000267028809,14.210000038146973,0,17.33150005340576,16.85900005340576,17.13805000782013,-0.262226804798937,38.99972191765303,-1.019037211351943,-0.6008603502776371,-0.41817686107430596,22.97592118875871,17.33150005340576,11.687078918052812,0.22083056236794113,0,bear,hold
2023-11-16,14.319999694824219,14.420000076293945,13.680000305175781,14.119999885559082,0,16.97750005722046,16.85740005493164,17.120300002098084,-0.3308411238276602,39.809459061155295,-1.031329343447421,-0.6869541489115939,-0.3443751945358272,22.442069125654506,16.97750005722046,11.512930988786415,0.25684264128463213,0,bear,hold
2023-11-17,13.800000190734863,14.1899995803833,13.670000076293945,14.180000305175781,0,16.58200011253357,16.85660005569458,17.095650005340577,-0.3643481910321752,37.80225545055699,-1.0706883322422058,-0.7637009855777164,-0.30698734666448946,21.756536415470435,16.58200011253357,11.407463809596704,0.23118365019298912,0,bear,hold
2023-11-20,13.40999984741211,14.3100004196167,13.390000343322754,14.260000228881836,0,16.234000062942506,16.848800048828124,17.071050004959105,-0.34167897423038207,36.323031324014956,-1.1204347088878865,-0.8350477302397505,-0.285386978648136,21.277207083047923,16.234000062942506,11.19079304283709,0.2200194038959591,0,bear,hold
2023-11-21,13.350000381469727,14.3100004196167,13.130000114440918,13.449999809265137,0,15.953000116348267,16.831200065612794,17.040650005340577,-0.296257202704715,36.08906198826319,-1.1514275857779062,-0.8983237013473817,-0.25310388443052445,20.98136422613515,15.953000116348267,10.924636006561386,0.2411683324789238,0,bear,hold
2023-11-22,12.850000381469727,13.25,12.819999694824219,13.079999923706055,0,15.586000108718872,16.81860008239746,17.011600008010863,-0.36354630799570165,34.11685218296715,-1.2024741122783151,-0.9591537835335684,-0.24332032874474674,20.390266604365266,15.586000108718872,10.78173361307248,0.2152531265981499,0,bear,hold
2023-11-24,12.460000038146973,13.170000076293945,12.449999809265137,13.029999732971191,0,15.175000095367432,16.811400089263916,16.975750012397768,-0.3974855002768791,32.61946529601032,-1.2598755594336897,-1.0192981387135926,-0.24057742072009702,19.553344554775983,15.175000095367432,10.796655635958881,0.1899512952451421,0,bear,hold
2023-11-27,12.6899995803833,13.279999732971191,12.640000343322754,13.140000343322754,0,14.746000051498413,16.789400081634522,16.935650014877318,-0.4033850819334901,34.446748962848986,-1.2721431051527095,-1.0698671320014161,-0.2022759731512933,18.244424794586,14.746000051498413,11.247575308410827,0.20615339444167108,0,bear,hold
2023-11-28,12.6899995803833,14.300000190734863,12.5600004196167,12.779999732971191,0,14.393000030517578,16.76320007324219,16.896450009346008,-0.3574683756767949,34.446748962848986,-1.2672570728225647,-1.109345120165646,-0.15791195265691882,17.145810251786386,14.393000030517578,11.640189809248769,0.19067964856848357,0,bear,hold
2023-11-29,12.979999542236328,13.100000381469727,12.479999542236328,12.710000038146973,0,14.135000038146973,16.74060007095337,16.85965000629425,-0.28445424592222723,36.94718824581513,-1.2258534086802158,-1.13264677786856,-0.0932066308116557,16.349276752241305,14.135000038146973,11.920723324052641,0.23919237632793888,0,bear,hold
2023-11-30,12.920000076293945,13.390000343322754,12.819999694824219,13.069999694824219,0,13.9375,16.696200065612793,16.82970000743866,-0.2341434834877547,36.635828671353636,-1.1842310832458,-1.142963638944008,-0.04126744430179197,15.82063446449799,13.9375,12.05436553550201,0.22983874946569421,0,bear,hold
2023-12-01,12.630000114440918,12.960000038146973,12.479999542236328,12.9399995803833,0,13.78600001335144,16.598000049591064,16.801700010299683,-0.19348657487196042,35.096335237585166,-1.1612593883866467,-1.146622788832536,-0.014636599554110674,15.575663801006147,13.78600001335144,11.996336225696734,0.17703433826936266,0,bear,hold
2023-12-04,13.079999923706055,13.699999809265137,12.979999542236328,13.279999732971191,0,13.694500017166138,16.515600032806397,16.766250009536744,-0.12273641465017737,39.35493073192748,-1.0941304758532056,-1.1361243262366698,0.04199385038346426,15.43128427997979,13.694500017166138,11.957715754352487,0.3230925663546226,0,bear,hold
2023-12-05,12.850000381469727,13.760000228881836,12.8100004196167,13.260000228881836,0,13.592500019073487,16.434600048065185,16.730400009155275,-0.1370046954208326,37.98314153735369,-1.0474154169714627,-1.1183825443836284,0.07096712741216571,15.275234489536297,13.592500019073487,11.909765548610677,0.279377064344695,0,bear,hold
2023-12-06,12.970000267028809,13.029999732971191,12.640000343322754,12.779999732971191,0,13.500500011444093,16.31520004272461,16.68090000629425,-0.12424038490577649,39.174419293961584,-0.9893063011423457,-1.092567295735372,0.10326099459302629,15.106357737291283,13.500500011444093,11.894642285596902,0.3348235538315164,0,bear,hold
2023-12-07,13.0600004196167,13.279999732971191,12.949999809265137,13.170000076293945,0,13.43100004196167,16.212000064849853,16.6347500038147,-0.0961937306571582,40.10370725316049,-0.9253255708573391,-1.0591189507597656,0.13379337990242646,14.985977873796738,13.43100004196167,11.876022210126603,0.3807058162664783,0,bear,hold
2023-12-08,12.350000381469727,13.239999771118164,12.350000381469727,13.140000343322754,0,13.284000062942505,16.11220006942749,16.590800008773805,-0.19228251064213842,35.49639070414847,-0.921291377000669,-1.0315534360079464,0.11026205900727737,14.652961711396372,13.284000062942505,11.915038414488638,0.15886565101087502,0,bear,hold
2023-12-11,12.630000114440918,13.140000343322754,12.609999656677246,13.050000190734863,0,13.207000064849854,16.014400062561034,16.545600008964538,-0.10868030723792366,38.497226026612786,-0.8852954757420388,-1.0023018439547648,0.11700636821272603,14.540748158722437,13.207000064849854,11.873251970977272,0.28369230551865404,0,bear,hold
2023-12-12,12.069999694824219,12.739999771118164,11.8100004196167,12.6899995803833,0,13.072500038146973,15.903600044250489,16.501200003623964,-0.1822493558498679,34.99107330170969,-0.8916771196171833,-0.9801768990872486,0.08849977947006527,14.290167897445029,13.072500038146973,11.854832178848918,0.08835230162818687,0,bear,hold
2023-12-13,12.1899995803833,12.460000038146973,11.819999694824219,12.199999809265137,0,12.974000024795533,15.751800022125245,16.45864999771118,-0.1391243141424784,36.32926526407997,-0.8769427799919463,-0.9595300752681881,0.08258729527624187,14.141534285366454,12.974000024795533,11.806465764224612,0.16424949104754408,0,bear,hold
2023-12-14,12.479999542236328,12.739999771118164,11.84000015258789,11.960000038146973,0,12.88899998664856,15.62980001449585,16.418149995803834,-0.11988721624490684,39.566859208899295,-0.8322712317047873,-0.934078306555508,0.10180707485072071,13.934062752115434,12.88899998664856,11.843937221181687,0.3043177606516703,0,bear,hold
2023-12-15,12.279999732971191,12.539999961853027,12.010000228881836,12.119999885559082,0,12.786999988555909,15.50560001373291,16.38159999370575,-0.14245810093071154,38.12696342669111,-0.8037419837094486,-0.9080110419862961,0.10426905827684751,13.632673929361559,12.786999988555909,11.941326047750259,0.20023892713206196,0,bear,hold
2023-12-18,12.5600004196167,12.640000343322754,12.399999618530273,12.619999885559082,0,12.725,15.407800006866456,16.351949996948242,-0.08985505463620813,41.3451948890036,-0.7498943188671987,-0.8763876973624767,0.12649337849527797,13.435535219936948,12.725,12.01446478006305,0.3838906392297189,0,bear,hold
2023-12-19,12.529999732971191,12.600000381469727,12.329999923706055,12.600000381469727,0,12.680999994277954,15.30439998626709,16.32154999256134,-0.06562267893021212,41.098534753258555,-0.701553390431263,-0.8414208359762341,0.1398674455449711,13.321996374450293,12.680999994277954,12.040003614105615,0.38221441963044744,0,bear,hold
2023-12-20,13.670000076293945,13.930000305175781,12.289999961853027,12.630000114440918,0,12.696999979019164,15.237199974060058,16.29194999217987,0.02397001390864295,52.65674322604306,-0.564744334890964,-0.7860855357591802,0.22134120086821618,13.415306522341817,12.696999979019164,11.978693435696512,1.177287507902962,0,bear,hold
2023-12-21,13.649999618530273,14.489999771118164,13.34000015258789,13.399999618530273,0,12.736999940872192,15.188399963378906,16.264649987220764,0.06225674811762505,52.462238178190404,-0.45271739815089873,-0.7194119082375239,0.26669451008662515,13.565567463973842,12.736999940872192,11.908432417770541,1.0509506782503186,0,bear,hold
2023-12-22,13.029999732971191,13.960000038146973,13.0,13.720000267028809,0,12.765499925613403,15.115199947357178,16.21674998283386,0.04574636381052444,46.70308289681243,-0.4092465138190846,-0.6573788293538361,0.24813231553475146,13.593207078071234,12.765499925613403,11.937792773155572,0.6597786164903677,0,bear,hold
2023-12-26,12.989999771118164,13.800000190734863,12.960000038146973,13.770000457763672,0,12.780499935150146,14.988599948883056,16.157699985504152,0.023640677750581984,46.34956590276547,-0.37371523087139025,-0.600646109657347,0.22693087878595675,13.613049696297068,12.780499935150146,11.947950174003225,0.6258182067576419,0,bear,hold
2023-12-27,12.430000305175781,13.039999961853027,12.369999885559082,13.020000457763672,0,12.767499971389771,14.892999973297119,16.08724998474121,-0.020488517242304494,41.60179715484404,-0.38629079016564916,-0.5577750457590075,0.17148425559335834,13.613310259713675,12.767499971389771,11.921689683065868,0.3004873723617179,0,bear,hold
2023-12-28,12.470000267028809,12.649999618530273,12.380000114440918,12.4399995803833,0,12.742000007629395,14.784799995422363,16.030949988365172,-0.03929116280382017,42.05835035349139,-0.38855038194164315,-0.5239301129955346,0.13537973105389145,13.59139040816641,12.742000007629395,11.89260960709238,0.3398853222095409,0,bear,hold
2023-12-29,12.449999809265137,13.1899995803833,12.359999656677246,12.550000190734863,0,12.718499994277954,14.649400005340576,15.962499990463257,-0.03637772943137829,41.88203718603069,-0.387488270910346,-0.4966417445784969,0.10915347366815092,13.572883437641883,12.718499994277954,11.864116550914025,0.3428690378434405,0,bear,hold
2024-01-02,13.199999809265137,14.229999542236328,13.100000381469727,13.220000267028809,0,12.746999979019165,14.485400009155274,15.913549990653992,0.04513061675846641,50.29648509445021,-0.32241125205778864,-0.4617956460743553,0.13938439401656666,13.625364391090658,12.746999979019165,11.868635566947672,0.7578655419210567,0,bear,hold
2024-01-03,14.039999961853027,14.220000267028809,13.329999923706055,13.350000381469727,0,12.794999980926514,14.33200002670288,15.856199989318847,0.0733944987573798,57.68579982339297,-0.20074222224255855,-0.409584961307996,0.20884273906543743,13.831580917540071,12.794999980926514,11.758419044312957,1.1005319685859976,0,bear,hold
2024-01-04,14.130000114440918,14.199999809265137,13.640000343322754,13.930000305175781,0,12.858999967575073,14.207200012207032,15.806099991798401,0.09961087120409795,58.39941659431759,-0.09595032377925605,-0.34685803380224806,0.250907710022992,14.048098831198812,12.858999967575073,11.669901103951334,1.034438382605343,0,bear,hold
2024-01-05,13.350000381469727,14.579999923706055,13.289999961853027,14.239999771118164,0,12.877999973297118,14.094800033569335,15.765949997901917,0.02929838909926019,50.457259671561,-0.0749771589663446,-0.29248185883506733,0.21750469986872273,14.085586067368547,12.877999973297118,11.67041387922569,0.695431369444326,0,bear,hold
2024-01-08,13.079999923706055,14.180000305175781,13.020000457763672,14.0,0,12.878999948501587,13.952600021362304,15.720049996376037,0.0015313555472260543,48.022642190172995,-0.07922924972978329,-0.24983133701401056,0.17060208728422727,14.087220184341886,12.878999948501587,11.670779712661288,0.5831801890259996,0,bear,hold
2024-01-09,12.760000228881836,13.449999809265137,12.739999771118164,13.199999809265137,0,12.899499940872193,13.794200019836426,15.67079999446869,0.033198367186067834,45.23672635675646,-0.10718480362181992,-0.22130203033557244,0.11411722671375252,14.084818133517164,12.899499940872193,11.714181748227222,0.44115516286851575,0,bear,hold
2024-01-10,12.6899995803833,12.949999809265137,12.670000076293945,12.859999656677246,0,12.902499914169312,13.622600002288818,15.625549993515016,0.004750551496336186,44.626831215651265,-0.13344992118245003,-0.20373160850494798,0.07028168732249795,14.085375760306894,12.902499914169312,11.71962406803173,0.4101763999662842,0,bear,hold
2024-01-11,12.4399995803833,13.3100004196167,12.350000381469727,12.640000343322754,0,12.920999908447266,13.476399993896484,15.584749989509582,0.03065450662088609,42.42680930908658,-0.172450227861777,-0.19747533237631382,0.025025104514536822,14.062050414310642,12.920999908447266,11.77994940258389,0.2892291683881178,0,bear,hold
2024-01-12,12.699999809265137,13.079999923706055,12.470000267028809,12.65999984741211,0,12.946499919891357,13.367600002288818,15.548399991989136,0.04183759199652082,45.43932353349439,-0.1803000199320799,-0.19404026988746706,0.013740249955387168,14.042990306277959,12.946499919891357,11.850009533504755,0.387595863271295,0,bear,hold
2024-01-16,13.84000015258789,14.350000381469727,13.520000457763672,14.119999885559082,0,13.014499950408936,13.306999988555908,15.521999988555908,0.1089744118778917,56.24900062055265,-0.09345524251489401,-0.17392326441295247,0.08046802189805846,14.154648696639859,13.014499950408936,11.874351204178014,0.8620142568712521,0,bear,hold
2024-01-17,14.789999961853027,15.399999618530273,14.380000114440918,14.59000015258789,0,13.139999961853027,13.289599990844726,15.500849986076355,0.20439741722001914,62.85368322209228,0.05143401508968992,-0.12885180851242398,0.1802858236021139,14.466468995146457,13.139999961853027,11.813530928559597,1.1219519485891392,0,bear,hold
2024-01-18,14.130000114440918,14.890000343322754,13.890000343322754,14.850000381469727,0,13.218499946594239,13.273999996185303,15.477999982833863,0.12499997152644449,56.475076816650024,0.11171553660924083,-0.08073833948809103,0.19245387609733186,14.583641431018044,13.218499946594239,11.853358462170434,0.8338482414631924,0,bear,hold
2024-01-19,13.300000190734863,14.579999923706055,13.279999732971191,13.800000190734863,0,13.256999969482422,13.242199993133545,15.451749987602234,0.06145255180951903,49.65102671834071,0.09146071725787408,-0.04629852813889801,0.1377592453967721,14.585233463478284,13.256999969482422,11.92876647548656,0.5161869962799536,0,bear,hold
2024-01-22,13.1899995803833,13.84000015258789,13.170000076293945,13.770000457763672,0,13.23299994468689,13.209799976348878,15.42269998550415,-0.035113423060109894,48.80926462113301,0.06577429195730211,-0.023883964119657985,0.0896582560769601,14.547794302217504,13.23299994468689,11.918205587156276,0.4836474943563226,0,bear,hold
2024-01-23,12.550000190734863,13.289999961853027,12.529999732971191,13.199999809265137,0,13.17799997329712,13.171799983978271,15.390049986839294,-0.08058604091842825,44.12233171549187,-0.006154047175584765,-0.020337980730843343,0.014183933555258578,14.510330338621525,13.17799997329712,11.845669607972713,0.26432279901939126,0,bear,hold
2024-01-24,13.140000343322754,13.180000305175781,12.40999984741211,12.65999984741211,0,13.183500003814697,13.128799991607666,15.363749990463257,0.008442103807049017,48.98568459418461,-0.015372488202308077,-0.019344882225136292,0.003972394022828216,14.51424835762582,13.183500003814697,11.852751650003572,0.4836559405212247,0,bear,hold
2024-01-25,13.449999809265137,13.579999923706055,13.0600004196167,13.180000305175781,0,13.206500005722045,13.11439998626709,15.33614999294281,0.035411858833880316,51.38012929751422,0.0023095736690521562,-0.015013991046298603,0.017323564715350757,14.538975574755248,13.206500005722045,11.874024436688842,0.5913712075485805,0,bear,hold
2024-01-26,13.260000228881836,14.100000381469727,13.199999809265137,13.729999542236328,0,13.248000001907348,13.08439998626709,15.30694999217987,0.06677392625327983,49.836177103028554,0.0009800593363316068,-0.011815180969772562,0.01279524030610417,14.531972058115258,13.248000001907348,11.964027945699439,0.5046730872827284,0,bear,hold
2024-01-29,13.600000381469727,15.350000381469727,13.59000015258789,13.979999542236328,0,13.304500007629395,13.073199996948242,15.27949999332428,0.09061748919353962,52.58212263807136,0.027049767580255235,-0.004042191259767004,0.03109195884002224,14.545281767039395,13.304500007629395,12.063718248219395,0.6190783034966778,0,bear,hold
2024-01-30,13.3100004196167,13.739999771118164,13.229999542236328,13.6899995803833,0,13.347500038146972,13.05579999923706,15.257049999237061,0.06907635530335998,50.06480877851867,0.024032593121205537,0.0015727656164275048,0.022459827504778034,14.524834016715502,13.347500038146972,12.170166059578442,0.4840743496692982,0,bear,hold
2024-01-31,14.350000381469727,14.609999656677246,13.180000305175781,13.420000076293945,0,13.405000066757202,13.05640001296997,15.243450002670288,0.08712125672891302,57.85677537497251,0.10435779421283264,0.022129771335708533,0.08222802287712411,14.65781306481385,13.405000066757202,12.152187068700554,0.8771513849945686,0,bear,hold
2024-02-01,13.880000114440918,14.630000114440918,13.869999885559082,14.210000038146973,0,13.397000074386597,13.058000011444092,15.228099999427796,-0.011396000558891228,53.77306773146157,0.12860848266451086,0.043425513601469,0.08518296906304186,14.635452513640335,13.397000074386597,12.158547635132859,0.695001448882997,0,bear,hold
2024-02-02,13.850000381469727,14.229999542236328,13.390000343322754,13.949999809265137,0,13.383000087738036,13.066800022125244,15.213200001716613,-0.019815975279790066,53.51343037570678,0.1437495449732289,0.06349031987582099,0.0802592250974079,14.594018043710802,13.383000087738036,12.17198213176527,0.6928131170262319,0,bear,hold
2024-02-05,13.670000076293945,14.529999732971191,13.579999923706055,14.369999885559082,0,13.399000072479248,13.073200016021728,15.19925000667572,0.02397001390864295,51.89436964031222,0.13961503047204005,0.0787152619950648,0.060899768476975244,14.616290709182346,13.399000072479248,12.18170943577615,0.6113127775913366,0,bear,hold
2024-02-06,13.0600004196167,13.779999732971191,12.979999542236328,13.569999694824219,0,13.39800009727478,13.077400016784669,15.178700008392333,-0.0015290140830283017,46.73406929256051,0.0861237427322159,0.08019695814249503,0.005926784589720874,14.616369675173093,13.39800009727478,12.179630519376467,0.3612901685213078,0,bear,hold
2024-02-07,12.829999923706055,13.130000114440918,12.8100004196167,13.0600004196167,0,13.40150008201599,13.08480001449585,15.159000005722046,0.0054858694019281895,44.920303182581485,0.024885529100084014,0.06913467233401283,-0.04424914323392881,14.612900718385436,13.40150008201599,12.190099445646545,0.26411595753213574,0,bear,hold
2024-02-08,12.789999961853027,13.170000076293945,12.739999771118164,12.949999809265137,0,13.406500101089478,13.086800022125244,15.138500008583069,0.007880250967408298,44.59614240426673,-0.026567604225046892,0.04999421702220089,-0.07656182124724778,14.606888116549689,13.406500101089478,12.206112085629266,0.24320797471470376,0,bear,hold
2024-02-09,12.930000305175781,13.010000228881836,12.6899995803833,12.789999961853027,0,13.431000137329102,13.091600036621093,15.109350008964539,0.03938912711582132,46.06323290915855,-0.055409004893062885,0.028913572639148136,-0.08432257753221102,14.569910204170913,13.431000137329102,12.29209007048729,0.2800529441527419,0,bear,hold
2024-02-12,13.930000305175781,13.9399995803833,13.34000015258789,13.479999542236328,0,13.492500162124633,13.110600051879883,15.084800009727479,0.09685043420341732,55.19053183169504,0.0023979775453071284,0.023610453620379935,-0.021212476075072807,14.599258973126593,13.492500162124633,12.385741351122673,0.6976492704201174,0,bear,hold
2024-02-13,15.850000381469727,17.940000534057617,13.430000305175781,13.960000038146973,0,13.593000173568726,13.169200057983398,15.078900008201598,0.14523122880934314,66.80532959869711,0.20082342027066602,0.05905304695043716,0.14177037332022885,15.100290545294566,13.593000173568726,12.085709801842885,1.2486945615252443,0,bear,hold
2024-02-14,14.380000114440918,15.470000267028809,14.220000267028809,15.380000114440918,0,13.57250018119812,13.204200057983398,15.071900010108948,-0.027721423155483316,55.04185149816853,0.23673138491905554,0.09458871454416085,0.1421426703748947,15.024242358275263,13.57250018119812,12.120758004120976,0.7781140983547691,0,bear,hold
2024-02-15,14.010000228881836,14.640000343322754,13.9399995803833,14.270000457763672,0,13.566500186920166,13.222800064086915,15.061550011634827,-0.008492560834195695,52.53437392320588,0.23265095170816252,0.12220116197696118,0.11044978973120134,15.009944460943535,13.566500186920166,12.123055912896797,0.653625619617959,0,bear,hold
2024-02-16,14.239999771118164,14.710000038146973,13.75,13.9399995803833,0,13.613500165939332,13.250600051879882,15.04385000705719,0.07067665916562382,53.93908387831681,0.24515028003519568,0.1467909855886081,0.09835929444658759,15.080200976769287,13.613500165939332,12.146799355109376,0.7135744388197064,0,bear,hold
2024-02-20,15.420000076293945,15.90999984741211,15.069999694824219,15.09000015258789,0,13.725000190734864,13.299600048065185,15.02925000667572,0.16906751833617872,60.412139120158976,0.34628054417968457,0.1866888973068234,0.15959164687286118,15.373726997213298,13.725000190734864,12.07627338425643,1.0140329734734779,0,bear,hold
2024-02-21,15.34000015258789,16.1200008392334,15.220000267028809,15.539999961853027,0,13.864500188827515,13.34520004272461,15.005500006675721,0.22231075055383398,59.79857533825496,0.41518567979007237,0.2323882538034732,0.18279742598659918,15.56331714773927,13.864500188827515,12.16568322991576,0.9342727908442727,0,bear,hold
2024-02-22,14.539999961853027,14.640000343322754,14.119999885559082,14.279999732971191,0,13.934500169754028,13.389000034332275,14.992250003814696,0.10654486925045625,53.90290888241711,0.40062204512659605,0.26603501206809776,0.13458703305849828,15.623481831588023,13.934500169754028,12.245518507920032,0.6792499604292661,0,bear,hold
2024-02-23,13.75,14.3100004196167,13.640000343322754,14.3100004196167,0,13.949500179290771,13.411400032043456,14.976100006103515,0.02230484721109116,48.78758590003599,0.3216263566797384,0.2771532809904259,0.04447307568931247,15.626288477058914,13.949500179290771,12.272711881522628,0.4405112203024341,0,bear,hold
2024-02-26,13.739999771118164,14.199999809265137,13.65999984741211,14.170000076293945,0,13.973500156402588,13.444800033569337,14.956250009536744,0.036199059875642536,48.72455169749576,0.2552721511005469,0.2727770550124501,-0.01750490391190318,15.623655012108204,13.973500156402588,12.323345300696973,0.42924894761328986,0,bear,hold
2024-02-27,13.430000305175781,13.75,13.40999984741211,13.630000114440918,0,13.96500015258789,13.469600048065185,14.938700008392335,-0.012500005259233227,46.70984847416775,0.17564685142799163,0.2533510142955584,-0.07770416286756676,15.624488040109568,13.96500015258789,12.305512265066213,0.3388057389767719,0,bear,hold
2024-02-28,13.84000015258789,13.899999618530273,13.4399995803833,13.520000457763672,0,13.99150013923645,13.496800060272216,14.923250007629395,0.0398196631301424,49.67375942561381,0.1439672243962935,0.23147425631570542,-0.08750703191941192,15.625027341833086,13.99150013923645,12.357972936639815,0.45362795721805643,0,bear,hold
2024-02-29,13.399999618530273,14.149999618530273,13.300000190734863,14.140000343322754,0,13.944000101089477,13.519200057983399,14.905100002288819,-0.06620214199897845,46.6736041878607,0.08240659395493921,0.20166072384355221,-0.119254129888613,15.58827994211114,13.944000101089477,12.299720260067815,0.3345778896671285,0,bear,hold
2024-03-01,13.109999656677246,13.65999984741211,13.079999923706055,13.34000015258789,0,13.905500078201294,13.530200042724609,14.885049996376038,-0.05547553684546114,44.754990293513906,0.010102324213978164,0.1633490439176374,-0.15324671970365925,15.589548574278064,13.905500078201294,12.221451582124525,0.2638130898910336,0,bear,hold
2024-03-04,13.489999771118164,13.579999923706055,13.319999694824219,13.489999771118164,0,13.887500047683716,13.549400043487548,14.862549996376037,-0.025992823136179566,47.783931778755836,-0.01634804692925229,0.12740962574825945,-0.14375767267751174,15.581204682652185,13.887500047683716,12.193795412715247,0.38265360194490117,0,bear,hold
2024-03-05,14.460000038146973,15.100000381469727,13.75,13.75,0,13.927000045776367,13.565200042724609,14.850499992370606,0.05779077962281942,54.62312977822149,0.04049396902554925,0.11002649440371741,-0.06953252537816816,15.635357265862833,13.927000045776367,12.218642825689901,0.6559978165291532,0,bear,hold
2024-03-06,14.5,14.930000305175781,13.890000343322754,14.270000457763672,0,13.999000024795532,13.582200050354004,14.842749996185303,0.11026030123401509,54.8855450652448,0.08775772242541535,0.10557274000805701,-0.01781501758264166,15.676222884961213,13.999000024795532,12.32177716462985,0.6493540265588135,0,bear,hold
2024-03-07,14.4399995803833,14.979999542236328,14.25,14.979999542236328,0,14.079500007629395,13.610400047302246,14.830899996757507,0.12548711350359731,54.377556802446975,0.11900128238551311,0.10825844848354824,0.010742833901964871,15.677229461590105,14.079500007629395,12.481770553668685,0.6128162129890767,0,bear,hold
2024-03-08,14.739999771118164,15.529999732971191,13.970000267028809,14.220000267028809,0,14.17699999809265,13.645400047302246,14.818550000190735,0.15246284715255154,56.54328768729785,0.16605535418055872,0.11981782962295034,0.04623752455760838,15.683454222221119,14.17699999809265,12.670545773964182,0.6868625557976137,0,bear,hold
2024-03-11,15.220000267028809,16.040000915527344,15.130000114440918,15.510000228881836,0,14.291499996185303,13.701200046539306,14.80199999809265,0.17710749480310195,59.8290971927004,0.2393193490877188,0.14371813351590404,0.09560121557181475,15.748734224617651,14.291499996185303,12.834265767752955,0.8185830571116766,0,bear,hold
2024-03-12,13.84000015258789,15.199999809265137,13.8100004196167,14.970000267028809,0,14.286999988555909,13.728600044250488,14.771049995422363,-0.00646088661997013,48.47981089923545,0.18390714965402033,0.1517559367435273,0.03215121291049303,15.749219059924446,14.286999988555909,12.824780917187372,0.34715018265024505,0,bear,hold
2024-03-13,13.75,14.039999961853027,13.670000076293945,13.890000343322754,0,14.181999969482423,13.754600048065186,14.744099998474121,-0.13249213444340624,47.84240234462653,0.13121772596358205,0.14764829458753825,-0.0164305686239562,15.471598491714918,14.181999969482423,12.892401447249927,0.33250602337285423,0,bear,hold
2024-03-14,14.399999618530273,15.329999923706055,13.420000076293945,13.619999885559082,0,14.18299994468689,13.778600044250489,14.726349992752075,0.001390786086939766,52.68127854993756,0.1402933011776053,0.14617729590555167,-0.005883994727946373,15.473241901320945,14.18299994468689,12.892757988052834,0.5840926280251676,0,bear,hold
2024-03-15,14.40999984741211,15.529999732971191,14.140000343322754,14.329999923706055,0,14.202999925613403,13.78600004196167,14.711099996566773,0.02855100728019022,52.75390158644445,0.1466027495760045,0.14626238663964225,0.00034036293636224846,15.494295523276598,14.202999925613403,12.911704327950208,0.5801520279993619,0,bear,hold
2024-03-18,14.329999923706055,14.850000381469727,14.260000228881836,14.75,0,14.207499933242797,13.790000038146973,14.693049993515015,0.0063202355361291485,52.06547825560746,0.14349360270274758,0.14570862985226332,-0.0022150271495157414,15.499906727738757,14.207499933242797,12.915093138746837,0.5473921953153429,0,bear,hold
2024-03-19,13.819999694824219,14.859999656677246,13.800000190734863,14.5,0,14.127499914169311,13.799400024414062,14.683899993896484,-0.1037613731227861,47.784404997199935,0.09873862774648323,0.1363146294311073,-0.03757600168462408,15.302538329638098,14.127499914169311,12.952461498700524,0.36915312074183815,0,bear,hold
2024-03-20,13.039999961853027,14.170000076293945,13.010000228881836,13.829999923706055,0,14.012499904632568,13.798600025177002,14.6760999917984,-0.14993482189417373,42.08489162303613,0.00032676123038122284,0.1091170557909621,-0.10879029456058088,15.139582480435337,14.012499904632568,12.8854173288298,0.06857644521437394,0,bear,hold
2024-03-21,12.920000076293945,13.079999923706055,12.399999618530273,12.979999542236328,0,13.931499910354614,13.801800022125244,14.66704999446869,-0.11141677371453196,41.26934235190094,-0.08635291720979943,0.0700230611908098,-0.15637597840060924,15.126125813847665,13.931499910354614,12.736874006861562,0.07664578044763963,0,bear,hold
2024-03-22,13.0600004196167,13.149999618530273,12.579999923706055,12.920000076293945,0,13.896999931335449,13.809200038909912,14.662549996376038,-0.050181787664240085,42.66530704460426,-0.14211214880288736,0.027596019192070366,-0.16970816799495772,15.149071767959391,13.896999931335449,12.644928094711506,0.1657541974685671,0,bear,hold
2024-03-25,13.1899995803833,13.670000076293945,13.109999656677246,13.670000076293945,0,13.869499921798706,13.824200038909913,14.658799996376038,-0.040029126630043876,43.99643970272124,-0.17380834137104273,-0.012684852920552252,-0.1611234884504905,15.157792967326943,13.869499921798706,12.58120687627047,0.23627881335927306,0,bear,hold
2024-03-26,13.239999771118164,13.430000305175781,12.84000015258789,13.119999885559082,0,13.859999895095825,13.835000038146973,14.656749997138977,-0.014147470568886988,44.529871396932606,-0.19267219963367133,-0.04868232226317607,-0.14398987737049526,15.163825065303099,13.859999895095825,12.556174724888551,0.2622380139052318,0,bear,hold
2024-03-27,12.779999732971191,13.34000015258789,12.65999984741211,13.130000114440918,0,13.80699987411499,13.813800029754638,14.651499996185303,-0.07658962485043719,40.68995896291599,-0.24195104092085984,-0.08733606599471283,-0.154614974926147,15.19333465968013,13.80699987411499,12.42066508854985,0.12959879827110404,0,bear,hold
2024-03-28,13.010000228881836,13.100000381469727,12.84000015258789,12.930000305175781,0,13.787499904632568,13.778200035095216,14.641499996185303,-0.029104432891858045,43.32169496793373,-0.25945492498010836,-0.12175983779179195,-0.1376950871883164,15.206765555495661,13.787499904632568,12.368234253769476,0.22609085717042665,0,bear,hold
2024-04-01,13.649999618530273,14.149999618530273,13.550000190734863,13.609999656677246,0,13.81449990272522,13.768600025177001,14.636699995994569,0.04118992951902878,49.97363757509919,-0.21915796061035486,-0.14123946235550452,-0.07791849825485034,15.201359281563448,13.81449990272522,12.427640523886993,0.44069323584459263,0,bear,hold
2024-04-02,14.609999656677246,15.430000305175781,13.680000305175781,13.739999771118164,0,13.870499897003175,13.79480001449585,14.64034999370575,0.08302445549013138,57.94643656922248,-0.10850753863816287,-0.1346930776120362,0.026185538973873324,15.290478362987766,13.870499897003175,12.450521431018583,0.760391188102037,0,bear,hold
2024-04-03,14.329999923706055,15.180000305175781,14.25,15.0,0,13.863999891281129,13.817600021362304,14.63949999332428,-0.008990326009541083,55.183976965543394,-0.042915220479438076,-0.11633750618551658,0.0734222857060785,15.274282067013592,13.863999891281129,12.453717715548665,0.6652151748223357,0,bear,hold
2024-04-04,16.350000381469727,16.920000076293945,13.739999771118164,14.289999961853027,0,13.956499910354614,13.893600025177001,14.653549995422363,0.12758623320480877,67.29664967556589,0.17010347237796708,-0.05904931047281986,0.22915278285078694,15.719965606323713,13.956499910354614,12.193034214385515,1.1786353929611832,0,bear,hold
2024-04-05,16.030000686645508,16.75,15.529999732971191,16.450000762939453,0,14.035999965667724,13.951400032043457,14.664299998283386,0.1101108831348041,64.33041308680609,0.3095329173671324,0.014667135095170591,0.2948657822719618,16.010248413394812,14.035999965667724,12.061751517940635,1.0050024791138714,0,bear,hold
2024-04-08,15.1899995803833,16.5,15.109999656677246,16.239999771118164,0,14.058499956130982,13.98620002746582,14.674249997138977,0.03052915985432203,57.20279281821739,0.34823643510847013,0.0813809950978305,0.26685544001063966,16.07415166513413,14.058499956130982,12.042848247127834,0.7806783580710746,0,bear,hold
2024-04-09,14.979999542236328,16.6299991607666,14.9399995803833,15.34000015258789,0,14.046499919891357,14.02060001373291,14.684599995613098,-0.015768772705766376,55.54586293319247,0.3578390578159336,0.13667260764145112,0.2211664501744825,16.037050474768982,14.046499919891357,12.055949365013731,0.7344827716275614,0,bear,hold
2024-04-10,15.800000190734863,16.6200008392334,14.59000015258789,15.239999771118164,0,14.144499921798706,14.064600009918212,14.696399998664855,0.1416184983047475,60.37268263616059,0.4266976993294591,0.19467762597905272,0.2320200733504064,16.272949996199934,14.144499921798706,12.016049847397477,0.8888980739663063,0,bear,hold
2024-04-11,14.90999984741211,17.610000610351562,14.90999984741211,16.020000457763672,0,14.202499914169312,14.09659999847412,14.699699997901917,0.08436362526633512,53.573460165973614,0.40478694720941455,0.2366994902251251,0.16808745698428945,16.347940594384358,14.202499914169312,12.057059233954266,0.664884524603095,0,bear,hold
2024-04-12,17.309999465942383,19.200000762939453,14.90999984741211,14.90999984741211,0,14.347999906539917,14.155799980163573,14.717549996376038,0.20208332809033203,65.01543399555969,0.5744604078846223,0.30425167375702455,0.2702087341275977,16.886059044426897,14.347999906539917,11.809940768652936,1.0835166555394824,0,bear,hold
2024-04-15,19.229999542236328,19.459999084472656,16.260000228881836,16.940000534057617,0,14.588999891281128,14.262799968719483,14.74654999256134,0.3344899199072402,71.14268079030767,0.8540112973158873,0.4142035984687972,0.43980769884709014,17.901919375193287,14.588999891281128,11.276080407368969,1.2004395478810035,0,bear,hold
2024-04-16,18.399999618530273,19.559999465942383,17.639999389648438,19.489999771118164,0,14.792499876022339,14.353799953460694,14.770849990844727,0.2840195196436279,65.77928872016214,0.9970895068331664,0.5307807801416711,0.46630872669149537,18.494001479331985,14.792499876022339,11.090998272712694,0.9873021990970285,0,bear,hold
2024-04-17,18.209999084472656,19.110000610351562,17.540000915527344,18.239999771118164,0,15.01199984550476,14.444599933624268,14.79394998550415,0.31765553448547124,64.57906413375078,1.0826682379907329,0.6411582717114834,0.44150996627924943,18.968652726458345,15.01199984550476,11.055346964551177,0.9041293658033951,0,bear,hold
2024-04-18,18.0,18.3700008392334,17.209999084472656,17.90999984741211,0,15.259999847412109,14.543399925231933,14.816099987030029,0.3803681021976122,63.206346240235995,1.120626938136411,0.737052004996469,0.38357493313994195,19.311784428680248,15.259999847412109,11.208215266143968,0.83812263431467,0,bear,hold
2024-04-19,18.709999084472656,21.360000610351562,18.170000076293945,21.329999923706055,0,15.549499797821046,14.660999908447266,14.838749980926513,0.4481423354480003,65.84943931519948,1.1942340867197458,0.8284884213411243,0.3657456653786215,19.716884657566077,15.549499797821046,11.382114938076016,0.8791945540212209,0,bear,hold
2024-04-22,16.940000534057617,18.719999313354492,16.690000534057617,18.59000015258789,0,15.743499803543092,14.743999919891358,14.846249985694886,0.297090351437737,55.20304845718987,1.0970975343035558,0.8822102439336107,0.21488729036994514,19.78871050127323,15.743499803543092,11.698289105812954,0.647891027182578,0,bear,hold
2024-04-23,15.6899995803833,16.760000228881836,15.6899995803833,16.719999313354492,0,15.868499803543092,14.799199905395508,14.850549983978272,0.1895375344604333,49.15841075107774,0.9087756860000002,0.8875233323468886,0.021252353653111622,19.74119000105057,15.868499803543092,11.995809606035614,0.476953975911283,0,bear,hold
2024-04-24,15.970000267028809,16.3799991607666,15.579999923706055,15.760000228881836,0,16.004999828338622,14.839999904632569,14.855049986839294,0.20619339449430263,50.46680020210567,0.7732098973920145,0.8646606453559138,-0.09145074796389929,19.685143619485885,16.004999828338622,12.324856037191362,0.4952448106247903,0,bear,hold
2024-04-25,15.369999885559082,17.549999237060547,15.270000457763672,16.25,0,16.13449983596802,14.830399894714356,14.85769998550415,0.2026604230597857,47.637715463682234,0.6103225978537896,0.813793035855489,-0.2034704380016994,19.522256789773536,16.13449983596802,12.746742882162499,0.3871672376688415,0,bear,hold
2024-04-26,15.029999732971191,16.059999465942383,14.920000076293945,15.489999771118164,0,16.235499811172485,14.843399887084962,14.865149984359741,0.15526513978109024,46.06193878405324,0.448626580654679,0.740759744815327,-0.29213316416064805,19.354406307792743,16.235499811172485,13.116593314552224,0.30674315188550727,0,bear,hold
2024-04-29,14.670000076293945,15.420000076293945,14.630000114440918,15.369999885559082,0,16.28649983406067,14.856599884033203,14.870449986457825,0.07472531034938568,44.38771246440983,0.28811119193862034,0.6502300342399857,-0.3621188423013654,19.26481636526954,16.28649983406067,13.3081833028518,0.22862190085776363,0,bear,hold
2024-04-30,15.649999618530273,15.899999618530273,14.670000076293945,14.819999694824219,0,16.33849983215332,14.884799880981445,14.881999983787537,0.07118411952718384,49.742935228128474,0.2372445552376128,0.5676329384395111,-0.33038838320189834,19.233054944219113,16.33849983215332,13.443944720087531,0.3810697694521217,0,bull,golden_cross
2024-05-01,15.390000343322754,16.219999313354492,14.350000381469727,15.75,0,16.391499853134157,14.88419988632202,14.891549987792969,0.07397072053455811,48.41100394750266,0.1739474526178455,0.48889584127517804,-0.31494838865733255,19.173644559562298,16.391499853134157,13.609355146706013,0.3200130447029879,0,bear,death_cross
2024-05-02,14.680000305175781,16.09000015258789,14.600000381469727,15.140000343322754,0,16.307999849319458,14.87099988937378,14.898449988365174,-0.10214067506607771,44.87716508390742,0.06573521871749577,0.40426371676364165,-0.3385284980461459,19.188614690678957,16.307999849319458,13.427385007959959,0.21742151696765083,0,bear,hold
2024-05-03,13.489999771118164,14.579999923706055,13.479999542236328,14.510000228881836,0,16.18099980354309,14.849999885559082,14.897099986076356,-0.1584529511370142,39.652625016840496,-0.11472438285253084,0.3004660968404072,-0.41519047969293804,19.312484115975593,16.18099980354309,13.049515491110588,0.07033154824675021,0,bear,hold
2024-05-06,13.489999771118164,14.020000457763672,13.4399995803833,13.979999542236328,0,16.095999813079835,14.844799880981446,14.894599986076354,-0.11191572457056242,39.6526250168405,-0.25480271020394696,0.18941233543153638,-0.4442150456354833,19.417019829872498,16.095999813079835,12.774979796287175,0.10765065721006002,0,bear,hold
2024-05-07,13.229999542236328,13.640000343322754,13.15999984741211,13.520000457763672,0,16.008499813079833,14.834599876403809,14.892749981880188,-0.11682243347643961,38.51640017397249,-0.382387711883478,0.0750523259685335,-0.4574400378520115,19.528762465429516,16.008499813079833,12.488237160730153,0.10535611327340431,0,bear,hold
2024-05-08,13.0,13.510000228881836,12.9399995803833,13.239999771118164,0,15.868499803543092,14.825999870300294,14.888199982643128,-0.17721519980593337,37.49291978612378,-0.49633731814260784,-0.03922560285369476,-0.4571117152889131,19.625542382141795,15.868499803543092,12.111457224944388,0.11825029347777838,0,bear,hold
2024-05-09,12.6899995803833,13.289999961853027,12.680000305175781,13.079999923706055,0,15.75749979019165,14.802999858856202,14.882349982261658,-0.14889337959410698,36.100509695617234,-0.6046871876524555,-0.15231791981344692,-0.45236926783900866,19.745345477538677,15.75749979019165,11.76965410284462,0.11539381782735843,0,bear,hold
2024-05-10,12.550000190734863,12.960000038146973,12.5,12.770000457763672,0,15.519499826431275,14.785999870300293,14.879149985313415,-0.27498552409391297,35.46002974584026,-0.6938537069537531,-0.2606250772415082,-0.43322862971224496,19.67304012147531,15.519499826431275,11.36595953138724,0.142533907852105,0,bear,hold
2024-05-13,13.600000381469727,13.65999984741211,13.25,13.260000228881836,0,15.237999868392944,14.795799884796143,14.875099987983704,-0.29277167419588346,43.54930180380149,-0.6720456517955355,-0.3429091921523137,-0.32913645964322186,19.100416478845,15.237999868392944,11.375583257940889,0.28795665355070194,0,bear,hold
2024-05-14,13.420000076293945,14.029999732971191,13.270000457763672,13.710000038146973,0,14.988999891281129,14.794399890899658,14.875549988746643,-0.2706521546457572,42.564393769881356,-0.6616599274913462,-0.4066593392201202,-0.25500058827122596,18.640250948539446,14.988999891281129,11.33774883402281,0.28514216218189525,0,bear,hold
2024-05-15,12.449999809265137,13.9399995803833,12.380000114440918,13.729999542236328,0,14.700999927520751,14.754199886322022,14.869649987220765,-0.316309696035019,37.62599885176302,-0.723361618611543,-0.46999979509840484,-0.2533618235131382,18.19588125446356,14.700999927520751,11.206118600577941,0.1779575745673882,0,bear,hold
2024-05-16,12.420000076293945,12.670000076293945,12.329999923706055,12.520000457763672,0,14.42199993133545,14.712599887847901,14.862099986076355,-0.30999999576144743,37.48116081940505,-0.7658531032463038,-0.5291704567279847,-0.23668264651831916,17.70327152426155,14.42199993133545,11.14072833840935,0.19493536296149674,0,bear,hold
2024-05-17,11.989999771118164,12.479999542236328,11.90999984741211,12.279999732971191,0,14.085999965667725,14.663599891662598,14.841599984169006,-0.35916620214756656,35.37895315719709,-0.8247185004158109,-0.58828006546555,-0.23643843495026085,16.882550871198923,14.085999965667725,11.289449060136526,0.12525262987275568,0,bear,hold
2024-05-20,12.149999618530273,12.59000015258789,12.069999694824219,12.270000457763672,0,13.846499919891357,14.61179988861084,14.822749981880188,-0.2827627369844008,36.79938172016689,-0.8486760915622806,-0.6403592706848962,-0.20831682087738446,16.437216326499623,13.846499919891357,11.255783513283093,0.172580855041922,0,bear,hold
2024-05-21,11.859999656677246,12.5600004196167,11.84000015258789,12.300000190734863,0,13.654999923706054,14.544599876403808,14.796549978256225,-0.2441045268410701,35.285457235858686,-0.8809086617358286,-0.6884691488950827,-0.1924395128407459,16.23853644653994,13.654999923706054,11.07146340087217,0.15260791725524536,0,bear,hold
2024-05-22,12.289999961853027,12.8100004196167,11.779999732971191,12.050000190734863,0,13.470999908447265,14.513599872589111,14.779149975776672,-0.2304320753690532,39.27468621102092,-0.8618212361114992,-0.723139566338366,-0.13868166977313323,15.88761667649523,13.470999908447265,11.0543831403993,0.2556501381995713,0,bear,hold
2024-05-23,12.770000457763672,13.369999885559082,11.520000457763672,11.529999732971191,0,13.340999937057495,14.493999881744385,14.7630499792099,-0.1691606666983938,43.46424132438986,-0.7987547378874691,-0.7382626006481866,-0.060492137239282484,15.610245736155266,13.340999937057495,11.071754137959724,0.374187388708432,0,bear,hold
2024-05-24,11.930000305175781,12.890000343322754,11.890000343322754,12.859999656677246,0,13.185999965667724,14.444599895477294,14.742899980545044,-0.2062541239435265,38.463144233223105,-0.8072496048655413,-0.7520600014916576,-0.05518960337388368,15.39530222256115,13.185999965667724,10.976697708774298,0.21574743641957667,0,bear,hold
2024-05-28,12.920000076293945,13.4399995803833,12.359999656677246,12.510000228881836,0,13.098499965667724,14.414799900054932,14.728249979019164,-0.11929106959092117,46.30482025980293,-0.7257313610142564,-0.7467942733961774,0.02106291238192104,15.201852381425974,13.098499965667724,10.995147549909474,0.45756776467023236,0,bear,hold
2024-05-29,14.279999732971191,14.319999694824219,13.6899995803833,13.75,0,13.02999997138977,14.413799896240235,14.725449976921082,-0.08753993092350898,54.821887304562814,-0.5451033470822804,-0.706456088133398,0.16135274105111763,14.86915212179165,13.02999997138977,11.19084782098789,0.8398304379842306,0,bear,hold
2024-05-30,14.470000267028809,14.880000114440918,13.670000076293945,14.819999694824219,0,12.983999967575073,14.426799907684327,14.723699979782104,-0.05977908094674633,55.874917920334994,-0.38221693063431594,-0.6416082566335816,0.2593913259992656,14.619486577152605,12.983999967575073,11.348513357997541,0.9542991335886233,0,bear,hold
2024-05-31,12.920000076293945,14.869999885559082,12.84000015258789,14.5,0,12.895999956130982,14.424399909973145,14.705999984741212,-0.11989102127343321,46.377929962758756,-0.3738903582549664,-0.5880646769578586,0.21417431870289216,14.334532614863226,12.895999956130982,11.457467297398738,0.5083418753190192,0,bear,hold
2024-06-03,13.109999656677246,14.3100004196167,13.0,13.079999923706055,0,12.876999950408935,14.428199901580811,14.68764997959137,-0.028169023045833685,47.554672266037244,-0.3479491699698567,-0.5400415755602582,0.19209240559040153,14.293518297517554,12.876999950408935,11.460481603300316,0.5822438010576804,0,bear,hold
2024-06-04,13.15999984741211,14.079999923706055,13.109999656677246,13.510000228881836,0,12.860499954223632,14.430199890136718,14.663999981880188,-0.02446255962231947,47.87882945237792,-0.3196710252437569,-0.495967465496958,0.17629644025320113,14.255598252015487,12.860499954223632,11.465401656431778,0.6073400683172369,0,bear,hold
2024-06-05,12.630000114440918,13.25,12.600000381469727,13.140000343322754,0,12.830499982833862,14.418999900817871,14.64064998626709,-0.045351432241545586,44.723305926350584,-0.33615198998034224,-0.4640043703936349,0.12785238041329267,14.218310961853648,12.830499982833862,11.442689003814076,0.42776398536111976,0,bear,hold
2024-06-06,12.579999923706055,12.979999542236328,12.539999961853027,12.75,0,12.809499979019165,14.405799903869628,14.617899990081787,-0.03230769817645729,44.42583522777158,-0.34922225403508733,-0.4410479471219254,0.09182569308683808,14.199125582413021,12.809499979019165,11.419874375625309,0.4174237813578684,0,bear,hold
2024-06-07,12.220000267028809,13.079999923706055,12.109999656677246,12.6899995803833,0,12.78600001335144,14.394599914550781,14.59414999485016,-0.037036984152547636,42.24701483900685,-0.3842006699492675,-0.42967849168739386,0.04547782173812637,14.198620357638866,12.78600001335144,11.373379669064015,0.299663176092745,0,bear,hold
2024-06-10,12.739999771118164,13.279999732971191,12.619999885559082,13.09000015258789,0,12.795499992370605,14.389199905395508,14.577949995994567,0.01513940856539353,46.340716811249486,-0.3657456146276168,-0.4168919162754384,0.051146301647821635,14.20419416070217,12.795499992370605,11.38680582403904,0.4803008266449437,0,bear,hold
2024-06-11,12.850000381469727,13.470000267028809,12.779999732971191,12.850000381469727,0,12.757999992370605,14.373199920654297,14.556199994087219,-0.05514705727669611,47.19343698099856,-0.33834350704411875,-0.4011822344291745,0.06283872738505575,14.118126509707002,12.757999992370605,11.397873475034208,0.5338205262254906,0,bear,hold
2024-06-12,12.039999961853027,13.149999618530273,11.9399995803833,13.100000381469727,0,12.68899998664856,14.321799926757812,14.537999992370606,-0.10283160257790536,41.91175392164757,-0.3776342709632896,-0.39647264173599756,0.018838370772707946,14.047806862751576,12.68899998664856,11.330193110545542,0.2611875402570717,0,bear,hold
2024-06-13,11.9399995803833,12.680000305175781,11.880000114440918,12.050000190734863,0,12.663499975204468,14.273999919891358,14.522299990653991,-0.040963874433339376,41.29726631221499,-0.41209134696064353,-0.3995963827809268,-0.012494964179716739,14.05796447061821,12.663499975204468,11.269035479790727,0.2405812779024887,0,bear,hold
2024-06-14,12.65999984741211,13.449999809265137,12.119999885559082,12.220000267028809,0,12.675499963760377,14.200199909210205,14.513349990844727,0.01932365295039351,47.28951700804708,-0.37695551515045267,-0.395068209254832,0.018112694104379323,14.065499690412562,12.675499963760377,11.285500237108192,0.49442441748330435,0,bear,hold
2024-06-17,12.75,13.289999961853027,12.5,13.069999694824219,0,12.713499975204467,14.134599895477296,14.507699990272522,0.0633861754286722,48.004008049622726,-0.33795215309670645,-0.3836449980232069,0.04569284492650044,14.06754989484243,12.713499975204467,11.359450055566505,0.5134780942217005,0,bear,hold
2024-06-18,12.300000190734863,12.739999771118164,12.239999771118164,12.699999809265137,0,12.721000003814698,14.076799907684325,14.501349992752075,0.01234572649498844,44.73861058025917,-0.33944007754757877,-0.37480401392808127,0.0353639363805025,14.06409942943882,12.721000003814698,11.377900578190577,0.34327302765236406,0,bear,hold
2024-06-20,13.279999732971191,13.550000190734863,12.180000305175781,12.5,0,12.792000007629394,14.042799911499024,14.502299990653992,0.11973019539629393,52.34177891736924,-0.2585609656706076,-0.35155540427658655,0.09299443860597895,14.09506711443177,12.792000007629394,11.488932900827018,0.6872504197191005,0,bear,hold
2024-06-21,13.199999809265137,13.779999732971191,12.989999771118164,13.220000267028809,0,12.8375,13.990799903869629,14.498249988555909,0.07404392597531828,51.71624882706326,-0.1986293367102654,-0.32097019076332234,0.12234085405305695,14.13078838471644,12.8375,11.54421161528356,0.6401465495047403,0,bear,hold
2024-06-24,13.329999923706055,13.880000114440918,13.149999618530273,13.850000381469727,0,12.86549997329712,13.959199905395508,14.492649989128113,0.043852736559764516,52.70537202108773,-0.13904039507128907,-0.2845842316249157,0.14554383655362663,14.175865895226396,12.86549997329712,11.555134051367842,0.677240548855637,0,bear,hold
2024-06-25,12.84000015258789,13.520000457763672,12.84000015258789,13.479999542236328,0,12.910999965667724,13.869799919128418,14.4848499917984,0.07627827528364017,48.659141248714214,-0.1298576972373997,-0.2536389247474125,0.1237812275100128,14.149497432153165,12.910999965667724,11.672502499182283,0.47133631073089166,0,bear,hold
2024-06-26,12.550000190734863,13.239999771118164,12.369999885559082,12.8100004196167,0,12.892499971389771,13.736199932098389,14.478399991989136,-0.028637761871067702,46.38927584518553,-0.14431731615083443,-0.2317746030280969,0.08745728687726248,14.140920951043585,12.892499971389771,11.644078991735958,0.36282680832955766,0,bear,hold
2024-06-27,12.239999771118164,12.770000457763672,12.210000038146973,12.6899995803833,0,12.79049997329712,13.612999935150146,14.470599989891053,-0.1428571428571429,44.02507279924639,-0.1787308138313417,-0.22116584518874588,0.042435031357404174,13.893704001838268,12.79049997329712,11.687295944755972,0.2504993691389412,0,bear,hold
2024-06-28,12.4399995803833,12.760000228881836,11.869999885559082,12.239999771118164,0,12.688999938964844,13.497599945068359,14.461649990081787,-0.1402903005655809,45.93933126437599,-0.1877017367583811,-0.21447302350267294,0.026771286744291856,13.486669017260617,12.688999938964844,11.891330860669072,0.34392001310020986,0,bear,hold
2024-07-01,12.220000267028809,13.260000228881836,12.100000381469727,12.979999542236328,0,12.653999948501587,13.381999950408936,14.455349993705749,-0.05417955148077125,44.150699042271896,-0.21014098927071068,-0.2136066166562805,0.003465627385569825,13.469288784991782,12.653999948501587,11.838711112011392,0.23383685508246374,0,bear,hold
2024-07-02,12.029999732971191,12.880000114440918,11.850000381469727,12.670000076293945,0,12.599999952316285,13.248399963378906,14.451399993896484,-0.08237985903805756,42.60777887289859,-0.24048356886450328,-0.2189820070979251,-0.021501561766578192,13.430252923150261,12.599999952316285,11.769746981482308,0.1567309968354965,0,bear,hold
2024-07-03,12.09000015258789,12.229999542236328,11.949999809265137,12.130000114440918,0,12.546499967575073,13.151399955749511,14.442899994850158,-0.08130696863455,43.28185974497914,-0.25672933343307314,-0.2265314723649547,-0.030197861068118448,13.363305320613701,12.546499967575073,11.729694614536445,0.2205577722471207,0,bear,hold
2024-07-05,12.479999542236328,12.609999656677246,11.84000015258789,12.369999885559082,0,12.538999938964844,13.087199954986572,14.43529999256134,-0.011876529758149568,47.5907115491028,-0.23542074372500466,-0.2283093266369647,-0.007111417088039945,13.35535524729858,12.538999938964844,11.722644630631109,0.4638635309122067,0,bear,hold
2024-07-08,12.369999885559082,12.90999984741211,12.3100004196167,12.90999984741211,0,12.528499937057495,13.015199947357178,14.42659999370575,-0.016693166885577093,46.5173002503352,-0.22481802361772196,-0.22761106603311615,0.002793042415394187,13.347872253617512,12.528499937057495,11.709127620497478,0.40327959079466713,0,bear,hold
2024-07-09,12.510000228881836,12.609999656677246,12.350000381469727,12.479999542236328,0,12.542999935150146,12.957999954223633,14.413449993133545,0.023731583921113852,48.12112520530832,-0.20278090185985675,-0.2226450331984643,0.019864131338607538,13.350195098617526,12.542999935150146,11.735804771682766,0.4795590287443271,0,bear,hold
2024-07-10,12.850000381469727,12.920000076293945,12.390000343322754,12.510000228881836,0,12.548499965667725,12.914399967193603,14.389999990463258,0.008634270983343129,51.894041835016644,-0.15608193786181346,-0.20933241413113415,0.053250476269320696,13.362460098792285,12.548499965667725,11.734539832543165,0.6852058863402977,0,bear,hold
2024-07-11,12.920000076293945,13.329999923706055,12.229999542236328,12.880000114440918,0,12.551999950408936,12.879399967193603,14.368599987030029,0.00544744690631771,52.65742098047797,-0.11213169767381537,-0.18989227083967042,0.07776057316585505,13.37169749526112,12.551999950408936,11.732302405556752,0.7244731170637888,0,bear,hold
2024-07-12,12.460000038146973,12.890000343322754,12.109999656677246,12.869999885559082,0,12.572999954223633,12.815599975585938,14.346399989128113,0.034883727377462925,47.340935167967494,-0.11311505444225034,-0.1745368275601864,0.06142177311793606,13.360022230598839,12.572999954223633,11.785977677848427,0.4282104716291483,0,bear,hold
2024-07-15,13.119999885559082,13.260000228881836,12.75,12.779999732971191,0,12.631999969482422,12.770199966430663,14.31729998588562,0.09882749971904947,54.44733325073378,-0.05994686973003205,-0.15161883599415554,0.0916719662641235,13.39697313674284,12.631999969482422,11.867026802222004,0.8189653813769204,0,bear,hold
2024-07-16,13.1899995803833,13.470000267028809,12.949999809265137,13.380000114440918,0,12.658499956130981,12.740399951934814,14.292149987220764,0.04186411843279214,55.138820337264924,-0.012023708106504216,-0.12369981041662528,0.11167610231012107,13.461301839523902,12.658499956130981,11.855698072738061,0.8310278882294202,0,bear,hold
2024-07-17,14.479999542236328,14.880000114440918,13.539999961853027,13.600000381469727,0,12.744999933242799,12.760199947357178,14.277849984169006,0.13568623860677076,65.52494386759594,0.12856593067064814,-0.07324666219917061,0.20181259286981876,13.874805038846677,12.744999933242799,11.61519482763892,1.2678313721489936,0,bear,hold
2024-07-18,15.930000305175781,16.43000030517578,14.079999923706055,14.270000457763672,0,12.926499938964843,12.80899995803833,14.269899983406066,0.29512195594722535,73.07162713279439,0.35291894577987826,0.011986459396639164,0.3409324863832391,14.696791182804773,12.926499938964843,11.156208695124914,1.3483068468711568,0,bear,hold
2024-07-19,16.520000457763672,17.190000534057617,10.619999885559082,16.440000534057617,0,13.088499975204467,12.874799976348877,14.264449982643127,0.24397596309797365,75.42857542005105,0.5717377709775402,0.12393672171281937,0.4478010492647208,15.452101425512595,13.088499975204467,10.72489852489634,1.2259050552096806,0,bear,hold
2024-07-22,14.90999984741211,16.889999389648438,14.75,16.790000915527344,0,13.173999977111816,12.912999973297119,14.24009997844696,0.12954545930725825,59.99649659344217,0.6082283942128779,0.22079505621283108,0.3874333380000468,15.667683342915382,13.173999977111816,10.68031661130825,0.8480794502835536,0,bear,hold
2024-07-23,14.720000267028809,15.350000381469727,13.899999618530273,15.210000038146973,0,13.243499994277954,12.95359998703003,14.220799980163575,0.10427609536972149,58.47602723722686,0.6147298744468745,0.2995820198596398,0.31514785458723477,15.826577984188093,13.243499994277954,10.660422004367815,0.7858024958050569,0,bear,hold
2024-07-24,18.040000915527344,18.459999084472656,15.180000305175781,15.350000381469727,0,13.503500032424927,13.06340000152588,14.21854998588562,0.4049844782822216,71.88425934453147,0.8776615146876754,0.4151979188252469,0.46246359586242847,16.815691695911937,13.503500032424927,10.191308368937916,1.1848185950577628,0,bear,hold
2024-07-25,18.459999084472656,19.360000610351562,16.420000076293945,18.40999984741211,0,13.798999977111816,13.160599975585937,14.223599977493286,0.47091623935598803,73.06898882071148,1.1071643743399218,0.5535912099281819,0.5535731644117399,17.717274715743898,13.798999977111816,9.880725238479732,1.09477696413244,0,bear,hold
2024-07-26,16.389999389648438,18.049999237060547,16.3700008392334,17.969999313354492,0,14.00649995803833,13.219999961853027,14.217049970626832,0.33905226275597866,59.71375201025511,1.1092288685049656,0.6647187416435387,0.4445101268614269,18.01114865945517,14.00649995803833,10.001851256621489,0.7975915753567633,0,bear,hold
2024-07-29,16.600000381469727,17.209999084472656,16.229999542236328,16.59000015258789,0,14.214499998092652,13.30299997329712,14.214899969100951,0.3344052203704535,60.502474334951316,1.1149577807339206,0.7547665494616151,0.36019123127230546,18.303340831108557,14.214499998092652,10.125659165076746,0.7917086383156597,0,bear,hold
2024-07-30,17.690000534057617,18.31999969482422,16.260000228881836,16.639999389648438,0,14.488000011444091,13.408399982452393,14.222899971008301,0.4476268533142016,64.39852988186986,1.19369175227947,0.8425515900251861,0.351140162254284,18.73530801630799,14.488000011444091,10.240692006580193,0.8769447046160397,0,bear,hold
2024-07-31,16.360000610351562,16.770000457763672,15.710000038146973,16.65999984741211,0,14.70450005531311,13.495799999237061,14.22124997138977,0.3599335805064843,57.00912646164537,1.1356777274992371,0.9011768175199963,0.23450090997924078,18.869192167206513,14.70450005531311,10.539807943419708,0.698754254883659,0,bear,hold
2024-08-01,18.59000015258789,19.479999542236328,15.949999809265137,16.200000762939453,0,15.029500055313111,13.624600009918213,14.217599973678588,0.5376344018166668,64.38768421611294,1.2551746490321616,0.9719763838224293,0.28319826520973224,19.339309870117173,15.029500055313111,10.719690240509049,0.9130692826681787,0,bear,hold
2024-08-02,23.389999389648438,29.65999984741211,20.010000228881836,20.520000457763672,0,15.575000047683716,13.855200004577636,14.248499975204467,0.8741987377875426,74.52345565696231,1.7173995306934753,1.1210610131966385,0.5963385174968368,21.058044724113447,15.575000047683716,10.091955371253984,1.2126514375817046,0,bear,hold
2024-08-05,38.56999969482422,65.7300033569336,23.389999389648438,23.389999389648438,0,16.885000038146973,14.38079999923706,14.351949977874757,2.1180274900286293,87.06334764761483,3.2709102226564646,1.5510308550886038,1.7198793675678608,28.149944581739874,16.885000038146973,5.620055494554071,1.4624991748854592,0,bull,golden_cross
2024-08-06,27.709999084472656,34.77000045776367,24.020000457763672,33.709999084472656,0,17.644999980926514,14.67959997177124,14.394399976730346,1.2150278639083143,63.12487010413512,3.5844480639936513,1.9577142968696135,1.6267337671240378,29.653187692754635,17.644999980926514,5.636812269098391,0.919089014307799,0,bull,hold
2024-08-07,27.850000381469727,29.760000228881836,21.969999313354492,24.770000457763672,0,18.394999980926514,14.99799997329712,14.426649980545044,1.1673151404439386,63.26509559569534,3.8004171535311713,2.326254868201925,1.4741622853292462,30.971826867139065,18.394999980926514,5.8181730947139645,0.8758897409531944,0,bull,hold
2024-08-08,23.790000915527344,29.469999313354492,23.360000610351562,28.34000015258789,0,18.938500022888185,15.215399990081787,14.437049989700318,0.8413313293378415,56.54927543750093,3.6024395067001365,2.5814917959015675,1.020947710798569,31.461322690682884,18.938500022888185,6.415677355093486,0.6937063640258958,0,bull,hold
2024-08-09,20.3700008392334,24.520000457763672,20.260000228881836,23.780000686645508,0,19.334000062942504,15.337200012207031,14.437049989700318,0.6348315230232364,51.58200368877621,3.1334548541600604,2.691884407553266,0.44157044660679423,31.508196256091423,19.334000062942504,7.159803869793583,0.5425490422469909,0,bull,hold
2024-08-12,20.709999084472656,21.190000534057617,18.889999389648438,20.790000915527344,0,19.713500022888184,15.461999988555908,14.445749988555908,0.5785060415486538,52.03309845092715,2.7574302159878066,2.704993569240174,0.05243664674763249,31.557945433773092,19.713500022888184,7.869054612003275,0.5420660920379059,0,bull,hold
2024-08-13,18.1200008392334,20.790000915527344,17.950000762939453,20.059999465942383,0,19.96000008583069,15.566000003814697,14.435399990081788,0.3737681133957118,48.3385444565518,2.224790765195724,2.6089530084312846,-0.3841622432355605,31.45106071104276,19.96000008583069,8.468939460618618,0.41993779744925275,0,bull,hold
2024-08-14,16.190000534057617,18.489999771118164,16.1200008392334,18.40999984741211,0,20.045500135421754,15.627600021362305,14.412949991226196,0.11809399488124517,45.732681410960325,1.628166774957755,2.4127957617365787,-0.7846289867788236,31.396787788850936,20.045500135421754,8.69421248199257,0.3301734693420705,0,bull,hold
2024-08-15,15.229999542236328,16.68000030517578,14.770000457763672,16.270000457763672,0,20.01050009727478,15.669000015258788,14.382749986648559,-0.04394229438351094,44.4491098863649,1.065590443942746,2.1433546981778124,-1.0777642542350665,31.416514861523314,20.01050009727478,8.604485333026243,0.2904394894340028,0,bull,hold
2024-08-16,14.800000190734863,15.760000228881836,14.649999618530273,15.289999961853027,0,19.92450008392334,15.712400016784668,14.357999987602234,-0.10411623603923592,43.8553689684148,0.5783800888232591,1.830359776306902,-1.2519796874836429,31.45969549196021,19.92450008392334,8.389304675886471,0.27787546236026023,0,bull,hold
2024-08-19,14.649999618530273,16.06999969482422,14.460000038146973,15.9399995803833,0,19.91150007247925,15.753800010681152,14.340549988746643,-0.017437976629286367,43.63639495737831,0.1781054904332855,1.4999089191321788,-1.3218034286988933,31.46983410502463,19.91150007247925,8.353166039933868,0.272393649502865,0,bull,hold
2024-08-20,15.880000114440918,15.930000305175781,14.779999732971191,14.890000343322754,0,19.969500064849854,15.827000007629394,14.33559998512268,0.07880433603050818,46.01666677863715,-0.0394099586649439,1.1920451435727542,-1.231455102237698,31.434311181818636,19.969500064849854,8.50468894788107,0.32164992040923523,0,bull,hold
2024-08-21,16.270000457763672,17.170000076293945,15.920000076293945,16.25,0,19.88100004196167,15.897600021362305,14.338649988174438,-0.09811531973039989,46.78405295887497,-0.17826779072851906,0.9179825567124995,-1.0962503474410186,31.431031687229364,19.88100004196167,8.330968396693976,0.34368009997282106,0,bull,hold
2024-08-22,17.549999237060547,18.059999465942383,15.760000228881836,16.270000457763672,0,19.835500049591065,15.991599998474122,14.35184998512268,-0.04929576882685449,49.3299166388046,-0.18291983299136305,0.6978020787717271,-0.8807219117630901,31.414697526778994,19.835500049591065,8.256302572403138,0.4013100511916666,0,bull,hold
2024-08-23,15.859999656677246,17.209999084472656,15.609999656677246,17.1200008392334,0,19.809000062942506,16.067999992370606,14.356699981689452,-0.03233677563807158,46.18807062480986,-0.3192948202877979,0.49438269895982206,-0.81367751924762,31.421994118474625,19.809000062942506,8.196006007410386,0.3299749234615314,0,bull,hold
2024-08-26,16.149999618530273,16.670000076293945,15.8100004196167,16.270000457763672,0,19.786500024795533,16.152199993133546,14.36339997768402,-0.02710847907219216,46.81406059679446,-0.3993687328048452,0.3156324126068887,-0.7150011454117339,31.42599000444074,19.786500024795533,8.147010045150326,0.34378609317828085,0,bull,hold
2024-08-27,15.430000305175781,16.809999465942383,15.369999885559082,16.209999084472656,0,19.67350001335144,16.207600002288817,14.368299980163574,-0.127755803315595,45.40190764440986,-0.5149893361806122,0.14950806284938856,-0.6644973990300007,31.435447425000255,19.67350001335144,7.911552601702622,0.31960896611504264,0,bull,hold
2024-08-28,17.110000610351562,17.889999389648438,15.460000038146973,15.510000228881836,0,19.71100001335144,16.29480001449585,14.377399983406066,0.0458435190720865,49.24883020658242,-0.46568933629084697,0.026468583021341446,-0.49215791931218844,31.43517299456817,19.71100001335144,7.986827032134714,0.38907535707776847,0,bull,hold
2024-08-29,15.649999618530273,16.56999969482422,15.1899995803833,16.540000915527344,0,19.56399998664856,16.36180000305176,14.384799981117249,-0.15814957019504616,46.202151556181704,-0.5382242948553646,-0.08646999255399977,-0.4517543023013648,31.413760016534017,19.56399998664856,7.714239956763105,0.3348489607280207,0,bull,hold
2024-08-30,15.0,16.040000915527344,14.779999732971191,15.670000076293945,0,19.144500017166138,16.396200008392334,14.385999979972839,-0.35870028253876507,44.87125714448569,-0.6407718895695211,-0.19733037195710407,-0.44344151761241707,31.016789466028253,19.144500017166138,7.272210568304022,0.32545489498812036,0,bull,hold
2024-09-03,20.719999313354492,21.989999771118164,15.710000038146973,15.760000228881836,0,18.25199999809265,16.54659999847412,14.418799977302552,-0.4627949318823835,56.69354637507971,-0.25751696140481783,-0.20936768984664683,-0.048149271558171,26.17610648920555,18.25199999809265,10.327893506979748,0.6557272935459518,0,bull,hold
2024-09-04,21.31999969482422,23.309999465942383,19.34000015258789,23.200000762939453,0,17.932500028610228,16.706399993896483,14.454499974250794,-0.23060265610867825,57.71783175587346,0.09355193823069641,-0.1487837642311782,0.2423357024618746,24.74241323251648,17.932500028610228,11.122586824703976,0.7487182703203088,0,bull,hold
2024-09-05,19.899999618530273,21.530000686645508,19.209999084472656,20.75,0,17.534999990463255,16.847599983215332,14.482399973869324,-0.2854578331793871,54.436286704933046,0.25426344110993426,-0.06817432316295571,0.32243776427288995,22.7162875718375,17.534999990463255,12.35371240908901,0.728225087965465,0,bull,hold
2024-09-06,22.3799991607666,23.760000228881836,18.829999923706055,21.979999542236328,0,17.46449990272522,17.044199962615966,14.525299968719482,-0.05926867173176342,58.837917560050116,0.5751141439873386,0.060483370267103154,0.5146307737202355,22.332318308228473,17.46449990272522,12.596681497221965,1.0048975586768216,0,bull,hold
2024-09-09,19.450000762939453,21.40999984741211,19.290000915527344,21.31999969482422,0,17.41849989891052,17.188399982452392,14.555499973297119,-0.045164459420246605,52.39761207560958,0.5862068265405433,0.16562806152179121,0.42057876501875213,22.192098920856623,17.41849989891052,12.644900876964421,0.7127850343827925,0,bull,hold
2024-09-10,19.079999923706055,20.739999771118164,18.899999618530273,19.860000610351562,0,17.336999940872193,17.32119998931885,14.584149971008301,-0.07870590211607953,51.62907725849837,0.5587015185560276,0.2442427529286385,0.31445876562738906,21.9354781389777,17.336999940872193,12.738521742766684,0.6895192178525439,0,bull,hold
2024-09-11,17.690000534057617,21.40999984741211,17.549999237060547,19.40999984741211,0,17.315499925613402,17.430599994659424,14.60834997177124,-0.023730700069546695,48.73701547646407,0.41990166476650614,0.27937453529621203,0.1405271294702941,21.90314164421111,17.315499925613402,12.727858207015693,0.5408162440983608,0,bull,hold
2024-09-12,17.06999969482422,18.59000015258789,16.889999389648438,17.6200008392334,0,17.359499883651733,17.531399993896486,14.631399970054627,0.05435448620989347,47.459979590587174,0.2569113800094698,0.2748819042388636,-0.017970524229393825,21.919918378655634,17.359499883651733,12.799081388647831,0.4682594712366122,0,bull,hold
2024-09-13,16.559999465942383,17.18000030517578,16.229999542236328,17.030000686645508,0,17.425999879837036,17.620799980163575,14.650749969482423,0.08732764042557295,46.38334334240197,0.08560089500401347,0.2370257023918936,-0.15142480738788014,21.898204447426586,17.425999879837036,12.953795312247486,0.4031796957399229,0,bull,hold
2024-09-16,17.139999389648438,17.690000534057617,16.90999984741211,17.15999984741211,0,17.542999839782716,17.713999977111815,14.672999968528748,0.1581080519430309,47.832722044957976,-0.0033244300465469223,0.1889556759042055,-0.19228010595075243,21.853805114265004,17.542999839782716,13.232194565300428,0.45325694104999004,0,bull,hold
2024-09-17,17.610000610351562,18.079999923706055,16.670000076293945,17.15999984741211,0,17.690999889373778,17.818799991607666,14.696149973869323,0.20204785453217955,49.03501358610301,-0.03546440864777267,0.1440716589938099,-0.17953606764158256,21.79251592864589,17.690999889373778,13.589483850101663,0.4901256903244258,0,bull,hold
2024-09-18,18.229999542236328,19.389999389648438,17.110000610351562,17.579999923706055,0,17.80849986076355,17.933199977874757,14.722699971199036,0.14798484955037083,50.65074386911982,-0.010782546505243573,0.1131008178939992,-0.12388336439924277,21.82961524526768,17.80849986076355,13.787384476259422,0.5524107916794777,0,bull,hold
2024-09-19,16.329999923706055,17.270000457763672,16.209999084472656,17.209999084472656,0,17.81149983406067,18.002799968719483,14.741199970245361,0.0036877359713749502,45.853250973484386,-0.14288894833894972,0.06190286464740942,-0.20479181298635912,21.828106519598382,17.81149983406067,13.794893148522956,0.31557817003978295,0,bull,hold
2024-09-20,16.149999618530273,16.68000030517578,15.8100004196167,16.350000381469727,0,17.741499853134155,18.06739995956421,14.756549968719483,-0.07977206150379068,45.41439055400409,-0.25912174963762524,-0.0023020582095975087,-0.25681969142802774,21.822182315392478,17.741499853134155,13.660817390875831,0.3049958249234717,0,bull,hold
2024-09-23,15.890000343322754,16.950000762939453,15.75,16.709999084472656,0,17.742999887466432,18.135999965667725,14.771749968528747,0.0018915944069946011,44.7481743640158,-0.36797506321140006,-0.07543665920995801,-0.29253840400144204,21.82093586617963,17.742999887466432,13.665063908753234,0.2728017857788443,0,bull,hold
2024-09-24,15.390000343322754,16.670000076293945,15.270000457763672,15.869999885559082,0,17.704999923706055,18.181399974822998,14.783849968910218,-0.047058779762168435,43.42875863209722,-0.48895159021978785,-0.158139645411924,-0.33081194480786386,21.85512971168647,17.704999923706055,13.55487013572564,0.22109311049885824,0,bull,hold
2024-09-25,15.40999984741211,15.819999694824219,15.170000076293945,15.819999694824219,0,17.70399990081787,18.225799980163575,14.795599966049194,-0.0012962059214582933,43.500519007298195,-0.5765662695700016,-0.24182497024353952,-0.334741299326462,21.856331014069138,17.70399990081787,13.551668787566602,0.22376961388207284,0,bull,hold
2024-09-26,15.369999885559082,15.829999923706055,14.899999618530273,15.0600004196167,0,17.616999864578247,18.24359998703003,14.810699963569641,-0.10169495398730599,43.38199031345802,-0.6418305734871339,-0.32182609089225844,-0.32000448259487546,21.886721381455256,17.616999864578247,13.347278347701238,0.23686808728187475,0,bull,hold
2024-09-27,16.959999084472656,16.969999313354492,15.199999809265137,15.640000343322754,0,17.682499837875366,18.264199962615965,14.8323499584198,0.08370603820279254,49.296137343537666,-0.5588117236685655,-0.36922321744751985,-0.18958850622104562,21.868891226302406,17.682499837875366,13.496108449448325,0.41370840822480104,0,bull,hold
2024-09-30,16.729999542236328,17.790000915527344,16.469999313354492,17.010000228881836,0,17.768999814987183,18.26839994430542,14.85564995765686,0.11533330281575527,48.50681387138717,-0.5057477823233718,-0.39652813042269025,-0.10921965190068156,21.798669051975857,17.768999814987183,13.73933057799851,0.37108119653918686,0,bull,hold
2024-10-01,19.260000228881836,20.729999542236328,16.610000610351562,16.959999084472656,0,17.69599986076355,18.355399951934814,14.890999960899354,-0.07046327861273893,56.71675893204986,-0.25658654521426527,-0.3685398133810053,0.11195326816674,21.558622677612263,17.69599986076355,13.833377043914837,0.7024531571263101,0,bull,hold
2024-10-02,18.899999618530273,20.360000610351562,18.579999923706055,19.649999618530273,0,17.574999856948853,18.438999938964844,14.923099961280823,-0.11350844798001758,55.36410696978389,-0.08716868397204891,-0.312265587499214,0.2250969035271651,21.114002420586502,17.574999856948853,14.035997293311205,0.6871996046563311,0,bull,hold
2024-10-03,20.489999771118164,20.75,19.15999984741211,19.6299991607666,0,17.604499864578248,18.48799991607666,14.964149961471557,0.029648249442100427,59.911599576555474,0.1733971019252678,-0.21513304961431767,0.3885301515395855,21.22932789709013,17.604499864578248,13.979671832066364,0.8980188688482917,0,bull,hold
2024-10-04,19.209999084472656,20.479999542236328,18.479999542236328,20.479999542236328,0,17.44599986076355,18.50299991607666,14.997399954795837,-0.14164433401101884,55.04934545583837,0.2734597329451738,-0.11741449310241939,0.39087422604759314,20.444889005744447,17.44599986076355,14.447110715782653,0.7941087746876925,0,bull,hold
2024-10-07,22.639999389648438,23.030000686645508,20.649999618530273,20.760000228881836,0,17.605499792099,18.62799991607666,15.047949953079224,0.1640102057367161,63.57925145201971,0.6223582889098864,0.030540063300041775,0.5918182256098447,21.27754247833333,17.605499792099,13.93345710586467,1.185517575329755,0,bull,hold
2024-10-08,21.420000076293945,23.139999389648438,21.139999389648438,22.920000076293945,0,17.722499799728393,18.724399909973144,15.086699953079224,0.1226415179216298,59.27100418515925,0.7912975736982943,0.1826915653796923,0.608606008318602,21.71053112337527,17.722499799728393,13.734468476081515,0.9635746282434354,0,bull,hold
2024-10-09,20.860000610351562,22.010000228881836,20.709999084472656,21.979999542236328,0,17.88099980354309,18.78779991149902,15.12274995803833,0.17919728550549863,57.34998702378211,0.869967453970748,0.3201467430979035,0.5498207108728446,22.096741240162505,17.88099980354309,13.665258366923677,0.8533187283418074,0,bull,hold
2024-10-10,20.93000030517578,21.389999389648438,20.639999389648438,20.90999984741211,0,18.07399983406067,18.87919990539551,15.162249960899352,0.22612774923024448,57.53525939170625,0.9272732622730864,0.44157204693294005,0.4857012153401463,22.473001583302597,18.07399983406067,13.67499808481874,0.8246191561082331,0,bull,hold
2024-10-11,20.459999084472656,21.15999984741211,20.139999389648438,20.8700008392334,0,18.268999814987183,18.916599884033204,15.199599957466125,0.23550723093627446,55.78306854354431,0.9241107837954878,0.5380797943054496,0.3860309894900382,22.727617928399557,18.268999814987183,13.810381701574808,0.7457038496854586,0,bull,hold
2024-10-14,19.700000762939453,20.860000610351562,19.690000534057617,20.860000610351562,0,18.396999883651734,18.842799911499025,15.235949959754944,0.14935831181167414,52.973716861062556,0.8504752347372246,0.6005588823918047,0.24991635234541998,22.865597399815098,18.396999883651734,13.92840236748837,0.6457952830361914,0,bull,hold
2024-10-15,20.639999389648438,20.889999389648438,19.440000534057617,19.610000610351562,0,18.548499822616577,18.484199905395506,15.276799955368041,0.17206125350817825,55.93000001134374,0.8580771852155138,0.6520625429565465,0.20601464225896726,23.104692380112493,18.548499822616577,13.992307265120662,0.7295227364338338,0,bull,hold
2024-10-16,19.579999923706055,21.010000228881836,19.450000762939453,20.770000457763672,0,18.615999841690062,18.321599922180177,15.312449955940247,0.0740537803274195,51.96299576420446,0.7696961099855457,0.6755892563623465,0.09410685362319926,23.191278589118518,18.615999841690062,14.040721094261604,0.6053487814876647,0,bull,hold
2024-10-17,19.110000610351562,19.649999618530273,18.8799991607666,19.549999237060547,0,18.75499987602234,18.14679992675781,15.341999959945678,0.17023886709330704,50.26074693239623,0.654187389466717,0.6713088829832207,-0.017121493516503716,23.211404234400963,18.75499987602234,14.298595517643715,0.5398303997775444,0,bull,hold
2024-10-18,18.030000686645508,19.31999969482422,17.989999771118164,19.299999237060547,0,18.8489999294281,18.031599922180177,15.361949963569641,0.1164087376174392,46.49182900454437,0.4700801371467307,0.6310631338159227,-0.16098299666919202,23.158537638026026,18.8489999294281,14.539462220830174,0.40497829487039727,0,bull,hold
2024-10-21,18.3700008392334,19.34000015258789,18.360000610351562,18.780000686645508,0,18.97299995422363,17.991599922180175,15.383149967193603,0.1560730297248094,47.81844380797395,0.3476020440865568,0.5743709158700495,-0.2267688717834927,23.072434494839857,18.97299995422363,14.873565413607405,0.4264533792385437,0,bull,hold
2024-10-22,18.200000762939453,19.440000534057617,18.049999237060547,18.790000915527344,0,19.11349997520447,17.94139995574951,15.407399969100952,0.1825861180591768,47.18848027269243,0.2341208876645524,0.5063209102289501,-0.2722000225643977,22.89216784057936,19.11349997520447,15.334832109829577,0.3791241722200973,0,bull,hold
2024-10-23,19.239999771118164,20.469999313354492,18.18000030517578,18.209999084472656,0,19.30499997138977,17.963799934387207,15.438199968338013,0.24853990665997627,51.40612502953018,0.22550598926652654,0.4501579260364654,-0.22465193676993883,22.68015324835698,19.30499997138977,15.92984669442256,0.4903707780154487,0,bull,hold
2024-10-24,19.079999923706055,20.239999771118164,18.6299991607666,18.8700008392334,0,19.49049997329712,18.021599922180176,15.469799966812134,0.24137931462398465,50.73482170593305,0.20342303557973906,0.4008109479451202,-0.1973879123653811,22.348348553853114,19.49049997329712,16.632651392741124,0.42818023103393366,0,bull,hold
2024-10-25,20.329999923706055,20.510000228881836,18.229999542236328,19.219999313354492,0,19.65900001525879,18.123599929809572,15.507999968528747,0.19870289039807365,55.61175718662906,0.2835184646219453,0.3773524512804852,-0.09383398665853993,22.288447587753918,19.65900001525879,17.029552442763663,0.6275933233022291,0,bull,hold
2024-10-28,19.799999237060547,19.8799991607666,18.90999984741211,19.110000610351562,0,19.8125,18.223599910736084,15.544799966812134,0.1835026765585821,53.20670545527106,0.30076105693546396,0.362034172411481,-0.06127311547601705,22.07256923724801,19.8125,17.55243076275199,0.4972344292083116,0,bull,hold
2024-10-29,19.34000015258789,20.530000686645508,19.059999465942383,19.75,0,19.816499996185303,18.317399921417238,15.577999968528747,0.004153682386051516,51.13951894973309,0.27414765036350275,0.34445686800188535,-0.0703092176383826,22.07292393220013,19.816499996185303,17.560076060170477,0.39441260660463895,0,bull,hold
2024-10-30,20.350000381469727,20.440000534057617,19.299999237060547,19.329999923706055,0,19.889000034332277,18.406799926757813,15.610549969673157,0.07671961863522037,55.250545024667595,0.33074231987902536,0.3417139583773134,-0.010971638498288028,22.11596072115787,19.889000034332277,17.662039347506685,0.6035043747886227,0,bull,hold
2024-10-31,23.15999984741211,23.420000076293945,21.1200008392334,21.440000534057617,0,20.022500038146973,18.54459991455078,15.652399969100951,0.1303074722361619,64.2602977446042,0.595473231228425,0.39246581294753574,0.20300741828088925,22.659868559097895,20.022500038146973,17.38513151719605,1.0948163452208584,0,bull,hold
2024-11-01,21.8799991607666,23.09000015258789,21.15999984741211,22.959999084472656,0,20.15600004196167,18.6311999130249,15.691149964332581,0.13899011991375332,58.48398466089458,0.6939891527956519,0.452770480917159,0.24121867187849289,22.884085955086636,20.15600004196167,17.4279141288367,0.8159722922417291,0,bull,hold
2024-11-04,21.979999542236328,23.06999969482422,21.729999542236328,22.5,0,20.123000049591063,18.753599910736085,15.734549961090089,-0.029151937509056536,58.795606334905344,0.7712425217442487,0.5164648890825769,0.25477763266167175,22.743961902603015,20.123000049591063,17.50203819657911,0.8542591607182763,0,bull,hold
2024-11-05,20.489999771118164,22.059999465942383,20.200000762939453,21.979999542236328,0,20.076500034332277,18.84039991378784,15.771049962043762,-0.04341738103936965,52.4753256830625,0.704119196338489,0.5539957505337594,0.15012344580472958,22.636048427024697,20.076500034332277,17.516951641639857,0.5807759169481694,0,bull,hold
2024-11-06,16.270000457763672,16.81999969482422,15.4399995803833,16.059999465942383,0,19.84700002670288,18.8571999168396,15.789649963378906,-0.22003835178749465,39.518405907332664,0.30686742412805046,0.5045700852526176,-0.19770266112456714,22.866225115245598,19.84700002670288,16.82777493816016,-0.09237046991181909,0,bull,hold
2024-11-07,15.199999809265137,15.859999656677246,15.130000114440918,15.859999656677246,0,19.56050000190735,18.81899990081787,15.799949960708618,-0.27376972825431223,37.022281915229975,-0.09322296109229455,0.38501147598363517,-0.4782344370759297,23.148220080452134,19.56050000190735,15.972779923362566,-0.10769793868796988,0,bull,hold
2024-11-08,14.9399995803833,15.329999923706055,14.65999984741211,15.130000114440918,0,19.28450002670288,18.80479990005493,15.80739995956421,-0.2697947092421207,36.42029838531875,-0.42636247818607487,0.22273668514969316,-0.649099163335768,23.368005448016252,19.28450002670288,15.200994605389507,-0.03195722768530852,0,bull,hold
2024-11-11,14.970000267028809,15.5600004196167,14.890000343322754,15.329999923706055,0,19.048000001907347,18.804199905395507,15.815949959754944,-0.24010153871714257,36.54850352695346,-0.6801171735193243,0.042165913415889655,-0.7222830869352139,23.535732273541385,19.048000001907347,14.56026773027331,0.04565028748988965,0,bull,hold
2024-11-12,14.710000038146973,15.369999885559082,14.6899995803833,15.09000015258789,0,18.751500034332274,18.683999919891356,15.82149995803833,-0.2873061786269011,35.87337506933203,-0.8919179681952762,-0.14465086290634355,-0.7472671052889327,23.552005043785037,18.751500034332274,13.950995024879509,0.07905470484593732,0,bull,hold
2024-11-13,14.020000457763672,15.260000228881836,13.770000457763672,15.09000015258789,0,18.473500061035157,18.537999935150147,15.825049958229066,-0.28396320161425204,34.07447999926998,-1.1027371559839878,-0.3362681215218724,-0.7664690344621155,23.676945807888274,18.473500061035157,13.270054314182042,0.07206245438757329,0,bull,hold
2024-11-14,14.3100004196167,14.319999694824219,13.59000015258789,14.170000076293945,0,18.233500051498414,18.426199951171874,15.824849958419799,-0.25117739599311084,35.53757995310396,-1.2322081790212422,-0.5154561330217464,-0.7167520459994958,23.73180587103007,18.233500051498414,12.735194231966759,0.14320831173629428,0,bull,hold
2024-11-15,16.139999389648438,17.549999237060547,14.5600004196167,15.020000457763672,0,18.13899998664856,18.301399955749513,15.836149954795838,-0.10482535912474811,43.98564687311336,-1.1736205079621804,-0.6470890080098333,-0.5265314999523472,23.712500900975513,18.13899998664856,12.565499072321607,0.3206692142221063,0,bull,hold
2024-11-18,15.579999923706055,17.0,15.350000381469727,16.600000381469727,0,17.99949994087219,18.223999938964845,15.84479995250702,-0.15187810495733078,42.16460381569594,-1.1590162158633106,-0.7494744495805288,-0.4095417662827818,23.68149742209004,17.99949994087219,12.317502459654342,0.2870907172025397,0,bull,hold
2024-11-19,16.350000381469727,17.93000030517578,15.369999885559082,15.4399995803833,0,17.906999921798707,18.169399948120116,15.858199954032898,-0.10164836834715252,45.50540560515385,-1.0729414067236398,-0.814167841009151,-0.25877356571448884,23.63299328590729,17.906999921798707,12.181006557690125,0.36404109808365337,0,bull,hold
2024-11-20,17.15999984741211,18.790000915527344,16.040000915527344,16.190000534057617,0,17.802999925613403,18.158799934387208,15.878699951171875,-0.10810810542879612,48.852441247158495,-0.9286612836846331,-0.8370665295442474,-0.09159475414038565,23.50387355266031,17.802999925613403,12.102126298566494,0.4436051278920937,0,bull,hold
2024-11-21,16.8700008392334,17.989999771118164,15.729999542236328,17.100000381469727,0,17.692499971389772,18.15479995727539,15.898899955749512,-0.11582804472272723,47.72232029350402,-0.8281720906890193,-0.8352876417732019,0.007115551084182603,23.375727119061843,17.692499971389772,12.009272823717703,0.42763802054847644,0,bull,hold
2024-11-22,15.239999771118164,17.559999465942383,15.239999771118164,16.670000076293945,0,17.437999963760376,18.128399963378907,15.911149954795837,-0.25036892138167843,41.86065832323208,-0.870031958126841,-0.8422365050439298,-0.027795453082911203,23.081727459243858,17.437999963760376,11.794272468276892,0.3052705242766231,0,bull,hold
2024-11-25,14.600000381469727,15.720000267028809,14.539999961853027,15.229999542236328,0,17.178000020980836,18.077599983215332,15.919499955177308,-0.2626262149474101,39.79388922441866,-0.9439673388192915,-0.8625826717990022,-0.08138466702028935,22.84159431918911,17.178000020980836,11.514405722772562,0.2724060460751328,0,bull,hold
2024-11-26,14.100000381469727,15.029999732971191,13.880000114440918,14.949999809265137,0,16.916000032424925,18.007399978637697,15.920349955558777,-0.27094104083639303,38.20679875273624,-1.0310224964692836,-0.8962706367330585,-0.13475185973622505,22.63978303329389,16.916000032424925,11.192217031555959,0.25400887398005106,0,bull,hold
2024-11-27,14.100000381469727,15.130000114440918,13.960000038146973,14.279999732971191,0,16.603500032424925,17.92479999542236,15.911599955558778,-0.3071253013681079,38.20679875273624,-1.0874785601954073,-0.9345122214255284,-0.15296633876987897,22.22476020861538,16.603500032424925,10.98223985623447,0.2773186463100319,0,bull,hold
2024-11-29,13.510000228881836,14.149999618530273,13.489999771118164,14.0,0,16.121000051498413,17.868400001525877,15.90724995613098,-0.4166666529407841,36.22938415554962,-1.1663831401280689,-0.9808864051660365,-0.18549673496203234,21.018320878661726,16.121000051498413,11.223679224335102,0.23342569184619313,0,bull,hold
2024-12-02,13.34000015258789,14.100000381469727,13.300000190734863,14.079999923706055,0,15.694000101089477,17.812200012207033,15.903899955749512,-0.39031075574682506,35.65674575887756,-1.228472111801004,-1.0304035464930301,-0.1980685653079739,19.956395365844795,15.694000101089477,11.43160483633416,0.22386418876186537,0,bull,hold
2024-12-03,13.300000190734863,13.770000457763672,13.1899995803833,13.380000114440918,0,15.260000133514405,17.760400009155273,15.899199957847594,-0.39490443731912517,35.5145061865169,-1.2663085154897153,-1.0775845402923672,-0.18872397519734818,18.52467145309989,15.260000133514405,11.995328813928918,0.19981665060414086,0,bull,hold
2024-12-04,13.449999809265137,13.609999656677246,12.890000343322754,13.15999984741211,0,14.908000135421753,17.721599998474122,15.88934995651245,-0.34358223721292147,36.53689319737945,-1.2695557737050684,-1.1159787869749076,-0.15357698673016085,17.220380688701155,14.908000135421753,12.595619582142351,0.18474040224717972,0,bull,hold
2024-12-05,13.539999961853027,13.699999809265137,13.260000228881836,13.460000038146973,0,14.77150011062622,17.68420000076294,15.880349955558778,-0.16779351070072968,37.180448538524665,-1.2504525504627342,-1.142873539672473,-0.10757901079026122,17.068422119635894,14.77150011062622,12.474578101616547,0.2319238215440847,0,bull,hold
2024-12-06,12.770000457763672,13.739999771118164,12.699999809265137,13.619999885559082,0,14.650000143051148,17.632200012207033,15.87149995803833,-0.15986838039433804,34.00343380233254,-1.282659928015466,-1.1708308173410718,-0.11182911067439427,17.0956655986532,14.650000143051148,12.204334687449098,0.11564659610717767,0,bull,hold
2024-12-09,14.1899995803833,14.229999542236328,13.350000381469727,13.359999656677246,0,14.612500143051147,17.576800022125244,15.873699955940246,-0.05020080462283105,43.578307015117154,-1.1800001379345257,-1.1726646814597625,-0.007335456474763191,17.062225574507814,14.612500143051147,12.162774711594478,0.41376573120347293,0,bull,hold
2024-12-10,14.180000305175781,14.539999961853027,13.859999656677246,14.300000190734863,0,14.573000144958495,17.525800037384034,15.875899958610535,-0.052772207599287135,43.53041428205317,-1.0869190464297205,-1.155515554453754,0.06859650802403361,17.023870121997657,14.573000144958495,12.122130167919334,0.4198244208251537,0,bull,hold
2024-12-11,13.579999923706055,14.430000305175781,13.520000457763672,14.420000076293945,0,14.51650013923645,17.412200031280516,15.876649956703186,-0.0768184984031628,40.643970626599376,-1.04946900179044,-1.1343062439210914,0.08483724213065136,17.003958829446272,14.51650013923645,12.029041449026629,0.3117556244820692,0,bull,hold
2024-12-12,13.920000076293945,13.949999809265137,13.390000343322754,13.729999542236328,0,14.511500120162964,17.31260004043579,15.877049956321716,-0.007132694593768751,42.95241705903951,-0.9810455187265532,-1.103654098882184,0.1226085801556307,17.00332892909326,14.511500120162964,12.019671311232665,0.3813120625002046,0,bull,hold
2024-12-13,13.8100004196167,14.25,13.239999771118164,13.569999694824219,0,14.486500120162964,17.179000053405762,15.879099960327148,-0.03494059995376242,42.37817615710425,-0.925032272200875,-1.0679297335459221,0.1428974613450471,16.99588465688193,14.486500120162964,11.977115583443998,0.3652060513948189,0,bull,hold
2024-12-16,14.6899995803833,14.6899995803833,13.989999771118164,14.369999885559082,0,14.414000129699707,17.088600063323973,15.886999959945678,-0.08983890112134141,48.329637724657005,-0.8004062084264323,-1.0144250285220242,0.21401882009559192,16.809298899765732,14.414000129699707,12.018701359633683,0.557612740033258,0,bull,hold
2024-12-17,15.869999885559082,15.9399995803833,14.779999732971191,14.979999542236328,0,14.428500127792358,16.953200073242186,15.898899960517884,0.01861360483139496,55.03598800004257,-0.59951218872102,-0.9314424605618234,0.3319302718408035,16.85516268199906,14.428500127792358,12.001837573585656,0.7970128160728063,0,bull,hold
2024-12-18,27.6200008392334,28.31999969482422,14.819999694824219,15.569999694824219,0,14.992000150680543,17.077200088500977,15.964699964523316,0.6892966480010929,81.20097485592119,0.5020374718965073,-0.6447464740701574,1.1467839459666647,21.211587565278247,14.992000150680543,8.772412736082838,1.5151799345173815,0,bull,hold
2024-12-19,24.09000015258789,24.1200008392334,20.15999984741211,21.610000610351562,0,15.338500165939331,17.141800079345703,16.012649965286254,0.40384617522131805,68.3355599991495,1.0777582341647722,-0.3002455324231714,1.3780037665879437,22.674554611992754,15.338500165939331,8.002445719885909,1.096471853569503,0,bull,hold
2024-12-20,18.360000610351562,26.510000228881836,17.81999969482422,24.139999389648438,0,15.41300015449524,17.090400085449218,16.032249970436098,0.08832244795465427,53.51398582283284,1.05944538375023,-0.02830734918849115,1.087752732938721,22.839458796872336,15.41300015449524,7.986541512118146,0.6984122310356684,0,bull,hold
2024-12-23,16.780000686645508,20.020000457763672,16.739999771118164,18.09000015258789,0,15.490000200271606,17.016800117492675,16.04244997501373,0.10104993035799459,50.27585632667433,0.9069843773035942,0.1587509961099259,0.7482333811936682,22.939585705733585,15.490000200271606,8.040414694809625,0.5865820310021332,0,bull,hold
2024-12-24,14.270000457763672,17.040000915527344,14.270000457763672,16.969999313354492,0,15.473500204086303,16.90820011138916,16.037699975967406,-0.022602733909849015,45.559493781331895,0.5769709280422539,0.24239498249639152,0.3345759455458624,22.932353677814234,15.473500204086303,8.014646730358374,0.4193240790584184,0,bull,hold
2024-12-26,14.729999542236328,15.930000305175781,14.550000190734863,14.989999771118164,0,15.505000162124634,16.790000114440918,16.04214997291565,0.044680790334910014,46.54911834857693,0.3485332987151786,0.26362264574014893,0.08491065297502964,22.945684569315027,15.505000162124634,8.064315754934242,0.44792141572760596,0,bull,hold
2024-12-27,15.949999809265137,18.450000762939453,15.289999961853027,15.380000114440918,0,15.597500133514405,16.7174001121521,16.053149971961975,0.13120562962726479,49.187320395549875,0.262908017282129,0.263479720048545,-0.0005717027664159935,23.011969738890144,15.597500133514405,8.183030528138666,0.523771064857772,0,bull,hold
2024-12-30,17.399999618530273,19.219999313354492,16.440000534057617,17.209999084472656,0,15.792000102996827,16.683200092315673,16.068149971961976,0.28793481300854107,52.206668506537056,0.30849608051918764,0.2724829921426735,0.036013088376514124,23.181269910281863,15.792000102996827,8.402730295711791,0.6088063880106347,0,bull,hold
2024-12-31,17.350000381469727,17.809999465942383,16.68000030517578,17.389999389648438,0,15.992500114440919,16.669600086212156,16.082849974632264,0.30059971386911233,52.091723546927035,0.33670905610442503,0.28532820493502387,0.051380851169401165,23.322133085380255,15.992500114440919,8.662867143501582,0.592603563671677,0,bull,hold
2025-01-02,17.93000030517578,19.5,16.959999084472656,17.209999084472656,0,16.224000120162962,16.660800075531007,16.10084997653961,0.34812030436407815,53.37417152104274,0.40124389919642667,0.30851134378730444,0.09273255540912223,23.49105046456486,16.224000120162962,8.956949775761064,0.6173791362493463,0,bull,hold
2025-01-03,16.1299991607666,17.940000534057617,16.110000610351562,17.65999984741211,0,16.358000087738038,16.61940004348755,16.112399973869323,0.19925646018636578,48.9911243586918,0.30364297101995064,0.3075376692338337,-0.003894698213883052,23.513483889266233,16.358000087738038,9.202516286209843,0.48406809844760307,0,bull,hold
2025-01-06,16.040000915527344,16.8700008392334,15.710000038146973,16.770000457763672,0,16.483000135421754,16.555400066375732,16.127399978637694,0.18463818025980094,48.775453109752036,0.2165353413922908,0.2893372036655251,-0.07280186227323432,23.523628526343714,16.483000135421754,9.442371744499795,0.4685397953636067,0,bull,hold
2025-01-07,17.81999969482422,18.899999618530273,15.789999961853027,16.479999542236328,0,16.73550009727478,16.530200061798094,16.15189997673035,0.39545803101286037,53.16681183875544,0.2878151884211704,0.2890328006166542,-0.0012176121954838304,23.585001061522014,16.73550009727478,9.885999133027548,0.5791663219853729,0,bull,hold
2025-01-08,17.700000762939453,19.5,17.3700008392334,17.90999984741211,0,16.911000156402586,16.477600078582764,16.175099978446962,0.24735738452089095,52.837953289685146,0.3308087128840853,0.29738798307014047,0.03342072981394484,23.66989060578278,16.911000156402586,10.152109707022394,0.5583676131789663,0,bull,hold
2025-01-10,19.540000915527344,20.309999465942383,18.049999237060547,18.290000915527344,0,17.179000186920167,16.4724001121521,16.20684998512268,0.3779972140335661,57.20864083863901,0.507503837238005,0.3394111539037134,0.16809268333429156,23.90848463984139,17.179000186920167,10.449515733998943,0.6754221103506883,0,bull,hold
2025-01-13,19.190000534057617,22.040000915527344,19.149999618530273,21.18000030517578,0,17.459500217437743,16.469400119781493,16.236599988937378,0.4131075583114263,56.14281404004772,0.6122364103639981,0.39397620519577037,0.21826020516822775,24.03137238858815,17.459500217437743,10.887628046287336,0.6316596147606558,0,bull,hold
2025-01-14,18.709999084472656,19.65999984741211,18.239999771118164,18.790000915527344,0,17.69900016784668,16.43660009384155,16.266249985694884,0.3441091222647463,54.63936280415875,0.6490240781127561,0.44498577977916753,0.20403829833358855,24.08391991381195,17.69900016784668,11.31408042188141,0.5791708397951941,0,bull,hold
2025-01-15,16.1200008392334,19.139999389648438,15.960000038146973,19.079999923706055,0,17.814500188827516,16.295800113677977,16.28179998874664,0.1672701194371733,47.28184694969249,0.46384049250523063,0.4487567223243802,0.015083770180850442,23.994113697020122,17.814500188827516,11.63488668063491,0.36289600900221025,0,bull,hold
2025-01-16,16.600000381469727,16.600000381469727,15.640000343322754,15.869999885559082,0,17.910000228881835,16.19020013809204,16.29654999256134,0.13002048030259972,48.66157705586505,0.3517582679198341,0.429357031443471,-0.07759876352363687,23.950997102413197,17.910000228881835,11.86900335535047,0.39157419918955155,0,bear,death_cross
2025-01-17,15.970000267028809,16.229999542236328,15.529999732971191,16.190000534057617,0,17.915000247955323,16.07000015258789,16.303349995613097,0.006301221310072158,46.925660531440975,0.20967949858362545,0.38542152487150194,-0.1757420262878765,23.949396896792663,17.915000247955323,11.880603599117983,0.3388405590390498,0,bear,hold
2025-01-21,15.0600004196167,16.290000915527344,14.930000305175781,16.290000915527344,0,17.287000226974488,15.961400165557862,16.30699999809265,-0.45474294127375947,44.45857842177255,0.023382133086958135,0.31301364651459324,-0.2896315134276351,21.485714830125453,17.287000226974488,13.088285623823523,0.23479981162728755,0,bear,hold
2025-01-22,15.100000381469727,15.289999961853027,14.59000015258789,14.890000343322754,0,16.837500238418578,15.938000164031983,16.300749998092652,-0.37318388186694984,44.59646234972843,-0.11965292421232121,0.22648033236921034,-0.34613325658153155,19.75665001654487,16.837500238418578,13.918350460292286,0.20239624736485826,0,bear,hold
2025-01-23,15.020000457763672,15.390000343322754,14.59000015258789,15.279999732971191,0,16.670500230789184,15.934400177001953,16.295699996948244,-0.18191721359228952,44.35927269031862,-0.23673562200212572,0.13383714149494313,-0.37057276349706886,19.604258746920145,16.670500230789184,13.736741714658224,0.21870558467058301,0,bear,hold
2025-01-24,14.850000381469727,15.15999984741211,14.579999923706055,15.020000457763672,0,16.574000215530397,15.932600193023681,16.294000000953673,-0.11501789190698819,43.825851903301,-0.3393304981856531,0.03920361355882389,-0.378534111744477,19.61211408592747,16.574000215530397,13.535886345133322,0.21627135986260002,0,bear,hold
2025-01-27,17.899999618530273,22.510000228881836,17.56999969482422,18.829999923706055,0,16.755500173568727,15.991200180053712,16.308600001335144,0.2543797508283667,54.41661768714216,-0.17253930251622762,-0.0031449696561864082,-0.1693943328600412,19.651763085843903,16.755500173568727,13.859237261293549,0.6975821048757066,0,bear,hold
2025-01-28,16.40999984741211,18.389999389648438,16.25,18.290000915527344,0,16.839500188827515,16.025200176239014,16.31164999961853,0.11405297741921872,49.506167291946426,-0.15875656055655085,-0.0342672878362593,-0.12448927272029156,19.58967443427743,16.839500188827515,14.089325943377599,0.42191397651876034,0,bear,hold
2025-01-29,16.559999465942383,18.079999923706055,16.170000076293945,16.420000076293945,0,16.870000171661378,16.07600015640259,16.319899997711182,0.038244493038984695,49.99536976106886,-0.13418314289277333,-0.054250458847562105,-0.07993268404521123,19.59343905114718,16.870000171661378,14.146561292175578,0.44308653150726746,0,bear,hold
2025-01-30,15.84000015258789,16.420000076293945,15.319999694824219,15.930000305175781,0,16.792000198364256,16.10660015106201,16.31255000114441,-0.08965514368638539,47.61094451352424,-0.17083715527116894,-0.07756779813228348,-0.09326935713888546,19.539505152332406,16.792000198364256,14.044495244396108,0.3267518964066984,0,bear,hold
2025-01-31,16.43000030517578,17.09000015258789,14.899999618530273,15.449999809265137,0,16.74600019454956,16.11240016937256,16.298550004959107,-0.05302593983090231,49.726842918664836,-0.15054228493074717,-0.09216269549197623,-0.058379589438770946,19.485389800710077,16.74600019454956,14.00661058838904,0.44232293780644844,0,bear,hold
2025-02-03,18.6200008392334,20.420000076293945,17.65999984741211,20.360000610351562,0,16.780500221252442,16.173200187683104,16.29965001106262,0.03848301853393932,56.715080159655614,0.04177473340814686,-0.06537520971195161,0.10714994312009847,19.5950159589652,16.780500221252442,13.965984483539687,0.8267881208359922,0,bear,hold
2025-02-04,17.209999084472656,19.110000610351562,16.780000686645508,18.780000686645508,0,16.834500217437743,16.190400161743163,16.294650011062622,0.06695598139477688,51.72935158585588,0.07949562222940898,-0.036401043323679494,0.11589666555308847,19.638443577822102,16.834500217437743,14.030556857053382,0.566959067779358,0,bear,hold
2025-02-05,15.770000457763672,17.75,15.770000457763672,17.540000915527344,0,16.821000194549562,16.162600173950196,16.28350001335144,-0.016832945283831058,47.168851278908456,-0.006728593186327458,-0.03046655329620909,0.02373796010988163,19.64265848096442,16.821000194549562,13.999341908134705,0.31376204520475975,0,bear,hold
2025-02-06,15.5,16.149999618530273,14.989999771118164,15.880000114440918,0,16.70500020980835,16.135200157165528,16.26745001792908,-0.1301907819615764,46.3438499093374,-0.09574499684434556,-0.04352224200583639,-0.052222754838509175,19.543545577059692,16.70500020980835,13.86645484255701,0.2877433590263182,0,bear,hold
2025-02-07,16.540000915527344,16.65999984741211,14.789999961853027,15.380000114440918,0,16.647000217437743,16.16120018005371,16.265450019836425,-0.06553671171816755,49.97341143381047,-0.08143304637087567,-0.05110440287884425,-0.030328643492031425,19.44902154832738,16.647000217437743,13.844978886548105,0.4809067652821139,0,bear,hold
2025-02-10,15.8100004196167,16.610000610351562,15.699999809265137,16.579999923706055,0,16.46050019264221,16.18540018081665,16.266050024032594,-0.19089049749975306,47.5423847086561,-0.12752562562959113,-0.06638864742899363,-0.061136978200597505,18.94614248916173,16.46050019264221,13.974857896122694,0.3691485548953755,0,bear,hold
2025-02-11,16.020000457763672,16.420000076293945,15.75,16.1299991607666,0,16.302000188827513,16.22380018234253,16.26630002498627,-0.1651902026093205,48.32121693936598,-0.14543262199857665,-0.08219744234291024,-0.06323517965566641,18.452977223093136,16.302000188827513,14.15102315456189,0.43444845608030386,0,bear,hold
2025-02-12,15.890000343322754,17.18000030517578,15.640000343322754,15.90999984741211,0,16.16100025177002,16.25960018157959,16.268900027275084,-0.15072147937677915,47.8476244600376,-0.1681753476903758,-0.09939302341240334,-0.06878232427797244,18.010712475655374,16.16100025177002,14.311288027884666,0.4267453864044791,0,bear,hold
2025-02-13,15.100000381469727,16.329999923706055,14.979999542236328,15.970000267028809,0,16.110000228881837,16.291400184631346,16.26925003051758,-0.06327545934620304,44.96361816420926,-0.24709713431821,-0.1289338455935647,-0.11816328872464532,18.01678790884055,16.110000228881837,14.203212548923124,0.23515670936315794,0,bull,golden_cross
2025-02-14,14.770000457763672,15.420000076293945,14.739999771118164,15.079999923706055,0,16.018500232696532,16.320000190734863,16.269750032424927,-0.11024095672605227,43.776621449842935,-0.3324393014098064,-0.16963493675681304,-0.16280436465299333,17.99674443062733,16.018500232696532,14.040256034765735,0.18444245249429636,0,bull,hold
2025-02-18,15.350000381469727,16.030000686645508,15.350000381469727,15.569999694824219,0,15.98750023841858,16.36100019454956,16.268250036239625,-0.0388227849212448,46.45226438619867,-0.34924654038638714,-0.20555725748272788,-0.14368928290365926,17.987128721149823,15.98750023841858,13.987871755687337,0.3405954249866185,0,bull,hold
2025-02-19,15.270000457763672,15.960000038146973,15.050000190734863,15.140000343322754,0,15.998000240325927,16.39740020751953,16.26765003681183,0.01394422525204142,46.126198622154845,-0.364816347853008,-0.23740907555678392,-0.12740727229622406,17.980166498000166,15.998000240325927,14.01583398265169,0.3163625831729044,0,bull,hold
2025-02-20,15.65999984741211,16.6299991607666,15.119999885559082,15.609999656677246,0,16.026000213623046,16.439800205230714,16.27255003452301,0.0370860564102764,48.0409762001677,-0.34174640127680433,-0.25827654070078804,-0.0834698605760163,17.972128468097694,16.026000213623046,14.079871959148399,0.4059670488393023,0,bull,hold
2025-02-21,18.209999084472656,19.030000686645508,15.279999732971191,15.630000114440918,0,16.185500144958496,16.548600177764893,16.296150031089784,0.21238339077813473,58.44161819718849,-0.11635836836723712,-0.22989290623407788,0.11353453786684076,18.291970506083246,16.185500144958496,14.079029783833747,0.9805429444621236,0,bull,hold
2025-02-24,18.979999542236328,20.239999771118164,17.309999465942383,18.079999923706055,0,16.392000102996825,16.644400177001952,16.323600029945375,0.2781144144561867,60.98145521698853,0.12297825653584837,-0.15931867368009264,0.28229693021594104,18.73118412830118,16.392000102996825,14.052816077692471,1.053184232459602,0,bull,hold
2025-02-25,19.43000030517578,21.479999542236328,18.850000381469727,19.09000015258789,0,16.4685001373291,16.749400177001952,16.35460003376007,0.08547490051684892,62.426674684966905,0.344988741392001,-0.05845719066567391,0.40344593205767487,19.083734241791973,16.4685001373291,13.85326603286623,1.0662017336790057,0,bull,hold
2025-02-26,19.100000381469727,20.059999465942383,17.829999923706055,18.959999084472656,0,16.603000164031982,16.859800186157226,16.38510003566742,0.1639244703882088,60.65249866593897,0.488672304087455,0.05096870828495187,0.4377035958025031,19.458059295225535,16.603000164031982,13.74794103283843,0.9372939583205545,0,bull,hold
2025-02-27,21.1299991607666,21.469999313354492,17.670000076293945,18.25,0,16.831500148773195,17.00400016784668,16.427300033569335,0.27596617404625934,66.8868783530859,0.7576132053558666,0.19229760769913484,0.5653155976567318,20.301498396868517,16.831500148773195,13.361501900677874,1.1193805738018525,0,bull,hold
2025-02-28,19.6299991607666,22.399999618530273,19.049999237060547,21.209999084472656,0,17.021000099182128,17.120400142669677,16.462700028419494,0.23926761184781387,59.39782694431103,0.8400300003056955,0.321844086220447,0.5181859140852485,20.663382810060135,17.021000099182128,13.37861738830412,0.8581445538098833,0,bull,hold
2025-03-03,22.780000686645508,24.309999465942383,19.25,19.829999923706055,0,17.338500118255617,17.282200164794922,16.508600029945374,0.38648814750595895,67.60159996795156,1.1463107448486873,0.48673741794609515,0.6595733269025922,21.746117180346396,17.338500118255617,12.930883056164838,1.117283726300928,0,bull,hold
2025-03-04,23.510000228881836,26.350000381469727,21.709999084472656,22.959999084472656,0,17.583000087738036,17.435000171661375,16.559050030708313,0.26262079319271203,69.15691604476267,1.431444502548242,0.6756788348665246,0.7557656676817175,22.728580825540575,17.583000087738036,12.437419349935496,1.0759311186782554,0,bull,hold
2025-03-05,21.93000030517578,24.84000015258789,21.3700008392334,23.030000686645508,0,17.819000148773192,17.321200160980226,16.606450033187866,0.2742592371757673,62.197292636801194,1.5124872589397427,0.8430405196811683,0.6694467392585743,23.29674359314911,17.819000148773192,12.341256704397274,0.8752457739348322,0,bull,hold
2025-03-06,24.8700008392334,25.920000076293945,22.389999389648438,22.600000381469727,0,18.27400016784668,17.336800174713133,16.668700037002562,0.577045029633448,68.54132725472017,1.7932759310922108,1.033087601963377,0.7601883291288338,24.461181704992505,18.27400016784668,12.086818630700854,1.0330375900388955,0,bull,hold
2025-03-07,23.3700008392334,26.559999465942383,23.09000015258789,24.850000381469727,0,18.66750020980835,17.43700017929077,16.72560004234314,0.5077419896279611,62.75479853928443,1.8731727433929493,1.2011046302492916,0.6720681131436577,25.09530507802072,18.66750020980835,12.23969534159598,0.8657936671880379,0,bull,hold
2025-03-10,27.860000610351562,29.559999465942383,24.68000030517578,24.700000762939453,0,19.23350019454956,17.658600177764892,16.804150047302247,0.6844013946938348,70.72259059957214,2.272599882995344,1.4154036807985022,0.8571962021968418,26.718846784138464,19.23350019454956,11.748153604960656,1.076225850904505,0,bull,hold
2025-03-11,26.920000076293945,29.56999969482422,26.18000030517578,27.940000534057617,0,19.78900017738342,17.911600170135497,16.87945004940033,0.7027197572298736,67.46846037701575,2.4846570023829884,1.6292543451153996,0.8554026572675888,27.805762528056814,19.78900017738342,11.772237826710029,0.9447556000154809,0,bull,hold
2025-03-12,24.229999542236328,26.90999984741211,23.889999389648438,26.8799991607666,0,20.199500131607056,18.101600170135498,16.939150047302245,0.5124843227138547,59.089400384544355,2.407896503432724,1.7849827767788644,0.6229137266538596,28.24299819102932,20.199500131607056,12.156002072184794,0.7505439412587345,0,bull,hold
2025-03-13,24.65999984741211,26.1299991607666,23.459999084472656,24.920000076293945,0,20.638000106811525,18.27580017089844,16.998600044250487,0.5519194030587078,59.94573663735583,2.3546181140306395,1.8989098442292196,0.4557082698014199,28.650090094873754,20.638000106811525,12.625910118749296,0.7509956669603838,0,bull,hold
2025-03-14,21.770000457763672,24.360000610351562,21.479999542236328,24.350000381469727,0,20.97150011062622,18.363200187683105,17.047800045013428,0.44172184819804183,52.05867450669623,2.0555012694384693,1.9302281292710695,0.12527314016739988,28.5788053979118,20.97150011062622,13.36419482334064,0.5524824702692043,0,bull,hold
2025-03-17,20.510000228881836,22.950000762939453,20.31999969482422,22.889999389648438,0,21.25850009918213,18.426400184631348,17.08575004577637,0.38862556487606614,49.02984362204424,1.6972131106085797,1.8836251255385716,-0.18641201492999193,28.321962040717434,21.25850009918213,14.195038157646824,0.4470160753681643,0,bull,hold
2025-03-18,21.700000762939453,22.56999969482422,20.40999984741211,20.829999923706055,0,21.576000118255614,18.50180019378662,17.122850050926207,0.4136807963298388,51.87752311160574,1.4920903722409378,1.8053181748790448,-0.313227802638107,28.098743431881328,21.576000118255614,15.0532568046299,0.5095052525234902,0,bull,hold
2025-03-19,19.899999618530273,22.100000381469727,19.420000076293945,21.84000015258789,0,21.807500076293945,18.577200202941896,17.150000047683715,0.30320884230311784,47.55003128280169,1.1707879603220732,1.6784121319676504,-0.5076241716455772,27.71854741196576,21.807500076293945,15.896452740622133,0.33864953624611116,0,bull,hold
2025-03-20,19.799999237060547,21.170000076293945,19.299999237060547,19.520000457763672,0,22.014500045776366,18.65240016937256,17.18440004348755,0.26436777969270486,47.31389685994931,0.8977357500652943,1.522276855587179,-0.6245411055218848,27.30758466310244,22.014500045776366,16.721415428450292,0.29081188297396554,0,bull,hold
2025-03-21,19.280000686645508,21.139999389648438,19.149999618530273,20.020000457763672,0,22.06800012588501,18.681600189208986,17.21525004863739,0.05875901460561983,46.03372070753179,0.6320939830211465,1.3442402810739726,-0.7121462980528261,27.226095468934865,22.06800012588501,16.909904782835156,0.22974525926550368,0,bull,hold
2025-03-24,17.479999542236328,19.139999389648438,17.459999084472656,19.1299991607666,0,21.99300012588501,18.67720016479492,17.23685004711151,-0.07903056038868916,41.815991048022134,0.273176906346837,1.1300276061285455,-0.8568506997817085,27.36759294006004,21.99300012588501,16.618407311709984,0.08015418658823502,0,bull,hold
2025-03-25,17.149999618530273,17.770000457763672,17.020000457763672,17.579999923706055,0,21.879000091552733,18.62940013885498,17.259450044631958,-0.1173443464145576,41.07299790481508,-0.03746383887991911,0.8965293171268526,-0.9339931560067717,27.55450897213141,21.879000091552733,16.203491210974057,0.08338533402662122,0,bull,hold
2025-03-26,18.329999923706055,19.06999969482422,16.969999313354492,17.229999542236328,0,21.84050006866455,18.61220012664795,17.288200044631957,-0.040314159287174856,44.846694023061644,-0.1862853233155768,0.6799663890383667,-0.8662517123539435,27.600707062082822,21.84050006866455,16.080293075246278,0.19528003516456413,0,bull,hold
2025-03-27,18.690000534057617,19.280000686645508,17.950000762939453,18.360000610351562,0,21.7185001373291,18.61180015563965,17.320550045967103,-0.11547556666445513,45.983239746230616,-0.27204244535746014,0.4895646221592013,-0.7616070675166615,27.634970016364097,21.7185001373291,15.802030258294106,0.24406194359216046,0,bull,hold
2025-03-28,21.649999618530273,22.18000030517578,18.920000076293945,19.079999923706055,0,21.819500160217284,18.722400131225587,17.365100045204162,0.1029037465167566,54.318655441975885,-0.10000559183852076,0.37165057935965695,-0.4716561711981777,27.658368458905763,21.819500160217284,15.980631861528806,0.485485154569672,0,bull,hold
2025-03-31,22.280000686645508,24.799999237060547,21.670000076293945,24.110000610351562,0,21.794500160217286,18.8360001373291,17.41225004673004,-0.021949077477118717,55.87920113723666,0.0861772770853797,0.3145559189048015,-0.2283786418194218,27.62097275554833,21.794500160217286,15.968027564886242,0.541663332186379,0,bull,hold
2025-04-01,21.770000457763672,23.520000457763672,21.579999923706055,22.059999465942383,0,21.707500171661376,18.9520001411438,17.460900049209595,-0.074011048667732,54.2631453660614,0.19038119001141496,0.2897209731261242,-0.09933978311470926,27.480630939457587,21.707500171661376,15.934369403865166,0.5054130322537415,0,bull,hold
2025-04-02,21.510000228881836,23.65999984741211,20.68000030517578,22.299999237060547,0,21.68650016784668,19.081000137329102,17.508750052452086,-0.019151849997686488,53.415024726427546,0.24911208712230604,0.2815991959253606,-0.032487108803054554,27.45929627069244,21.68650016784668,15.913704065000921,0.4847127859861673,0,bull,hold
2025-04-03,30.020000457763672,30.020000457763672,24.93000030517578,26.3799991607666,0,21.944000148773192,19.37940013885498,17.595550055503846,0.20707677703033878,69.9631199971023,0.9711478556855475,0.419508927877398,0.5516389278081495,28.64642209876916,21.944000148773192,15.241578198777223,1.102468806741967,0,bull,hold
2025-04-04,45.310001373291016,45.61000061035156,29.989999771118164,30.1200008392334,0,23.041000175476075,19.985200157165526,17.7583500623703,0.9388104298749058,82.1985651644172,2.7454933558761887,0.8847058134771563,1.8607875423990325,35.24330040176282,23.041000175476075,10.838699949189328,1.4124919394231117,0,bull,hold
2025-04-07,46.97999954223633,60.130001068115234,38.58000183105469,60.130001068115234,0,23.99700012207031,20.62780014038086,17.931750059127808,0.6862885324123291,83.01249634433597,4.2375816403758755,1.5552809788569002,2.6823006615189753,39.97232397853619,23.99700012207031,8.021676265604436,1.2193281221295504,0,bull,hold
2025-04-08,52.33000183105469,57.52000045776367,36.47999954223633,44.040000915527344,0,25.26750020980835,21.31640018463135,18.127000069618227,0.9439079376948842,85.32707539983178,5.785085958788482,2.4012419748432166,3.3838439839452654,45.45653936101566,25.26750020980835,5.078461058601043,1.1702275779089764,0,bull,hold
2025-04-09,33.619998931884766,57.959999084472656,31.899999618530273,50.97999954223633,0,25.73700017929077,21.6606001663208,18.22910006523132,0.3875360943891202,56.390242857730264,5.439055367767267,3.008804653428027,2.4302507143392402,46.2419543713152,25.73700017929077,5.232045987266339,0.6922218084169178,0,bull,hold
2025-04-10,40.720001220703125,54.869998931884766,34.439998626708984,34.439998626708984,0,26.540000247955323,22.143800201416017,18.36605007171631,0.6512571562313452,61.69847077681258,5.672347191371287,3.5415131610166792,2.130834030354608,48.04674309931099,26.540000247955323,5.033257396599655,0.8296640749078835,0,bull,hold
2025-04-11,37.560001373291016,46.119998931884766,36.849998474121094,40.79999923706055,0,27.32950029373169,22.578200225830077,18.489650077819825,0.7253100865184536,58.29730627298264,5.53840379250542,3.940891287314428,1.5975125051909922,49.23347829194034,27.32950029373169,5.425522295523045,0.73353066462165,0,bull,hold
2025-04-14,30.889999389648438,35.16999816894531,29.75,34.7599983215332,0,27.84850025177002,22.86740020751953,18.58135007381439,0.5060945414398221,51.80567080705567,4.838266740083412,4.1203663778682245,0.7179003622151878,49.57270617179711,27.84850025177002,6.124294331742927,0.5700025388517085,0,bull,hold
2025-04-15,30.1200008392334,31.450000762939453,28.290000915527344,30.010000228881836,0,28.269500255584717,23.09740020751953,18.670750079154967,0.3880184230534278,51.09827817748654,4.173164985701625,4.130926099434905,0.04223888626671979,49.82647807330841,28.269500255584717,6.712522437861022,0.5429211506198991,0,bull,hold
2025-04-16,32.63999938964844,34.959999084472656,29.479999542236328,33.2400016784668,0,28.906500244140624,23.406000213623045,18.771750078201293,0.6402010057957521,53.343653885293925,3.8055419572509734,4.065849270998119,-0.26030731374714566,50.1877304963039,28.906500244140624,7.625269991977348,0.5877181229954573,0,bull,hold
2025-04-17,29.649999618530273,32.54999923706055,29.56999969482422,30.790000915527344,0,29.399000263214113,23.68360019683838,18.8589000749588,0.4974747859097408,50.38739590519859,3.235631717238892,3.8998057602462737,-0.6641740430073817,50.266329323637564,29.399000263214113,8.531671202790662,0.5060141706346166,0,bull,hold
2025-04-21,33.81999969482422,35.75,31.790000915527344,32.75,0,30.126000213623048,24.050000190734863,18.967850074768066,0.7541492992917782,54.19961854708069,3.0848971282473023,3.7368240338464798,-0.6519269055991774,50.54073810351903,30.126000213623048,9.711262323727066,0.5904738405441264,0,bull,hold
2025-04-22,30.56999969482422,32.68000030517578,30.079999923706055,32.61000061035156,0,30.780500221252442,24.3306001663208,19.06025007247925,0.7488558635804863,50.91585941615765,2.6723854459519245,3.5239363162675685,-0.851550870315644,50.35352253731098,30.780500221252442,11.207477905193908,0.4946226872112765,0,bull,hold
2025-04-23,28.450000762939453,30.290000915527344,27.110000610351562,28.75,0,31.3455002784729,24.583400173187258,19.140100078582762,0.6588922096651084,48.83729435270568,2.149621273565007,3.2490733077270564,-1.0994520341620495,49.939973611567495,31.3455002784729,12.751026945378307,0.42214085702604937,0,bull,hold
2025-04-24,26.469999313354492,29.65999984741211,26.360000610351562,28.690000534057617,0,31.75250024795532,24.792400150299073,19.21060007572174,0.4440807105034974,46.911097420005575,1.5576022619153136,2.910779098564708,-1.3531768366493946,49.5279128921028,31.75250024795532,13.977087603807846,0.3514098929697679,0,bull,hold
2025-04-25,24.84000015258789,27.200000762939453,24.84000015258789,26.219999313354492,0,32.06000022888183,24.971400146484374,19.27225007534027,0.32905293968951543,45.32618660177682,0.945990826722177,2.5178214441962017,-1.5718306174740246,49.11924468680593,32.06000022888183,15.000755770957738,0.28838452974568224,0,bull,hold
2025-04-28,25.149999618530273,26.93000030517578,24.700000762939453,25.75,0,32.23500022888184,25.172400131225587,19.333750071525575,0.16166282040043756,45.701913262035184,0.4807568582360915,2.1104085270041795,-1.629651668768088,48.93144657595587,32.23500022888184,15.538553881807807,0.2878290846125716,0,bull,hold
2025-04-29,24.170000076293945,25.989999771118164,23.760000228881836,24.760000228881836,0,32.32950019836426,25.360400123596193,19.390000071525574,0.08482941343809247,44.657113876819636,0.03260199798186747,1.694847221199717,-1.6622452232178495,48.8196197236696,32.32950019836426,15.839380673058919,0.2525942698732735,0,bull,hold
2025-04-30,24.700000762939453,28.170000076293945,24.229999542236328,24.350000381469727,0,32.476000213623045,25.547400131225587,19.451200075149536,0.1345888949731684,45.38430940400053,-0.27660875796048146,1.3005560253676773,-1.5771647833281588,48.637047157235756,32.476000213623045,16.31495327001034,0.25942154373368476,0,bull,hold
2025-05-01,24.600000381469727,25.18000030517578,23.299999237060547,23.940000534057617,0,32.63050022125244,25.73400012969971,19.50860007762909,0.14365411993064026,45.26345929535343,-0.5236928990814427,0.9357062404778533,-1.459399139559296,48.424157202533586,32.63050022125244,16.836843239971294,0.24576819512730427,0,bull,hold
2025-05-02,22.68000030517578,24.31999969482422,22.34000015258789,23.6299991607666,0,32.26350021362305,25.87440013885498,19.55605008125305,-0.24450366557838088,42.90136775205296,-0.8644717291332107,0.5756706465556405,-1.4401423756888512,48.61404738284354,32.26350021362305,15.912953044402553,0.20693641597242787,0,bull,hold
2025-05-05,23.639999389648438,24.6299991607666,22.809999465942383,24.25,0,31.18000011444092,25.983000144958496,19.601850080490113,-0.4782608988490661,44.461975177984,-1.0450310367755726,0.25153030988939784,-1.2965613466649706,46.783692551283195,31.18000011444092,15.57630767759864,0.25839049778405043,0,bull,hold
2025-05-06,24.760000228881836,25.110000610351562,23.899999618530273,23.969999313354492,0,30.069000148773192,26.098600158691408,19.646000080108642,-0.4729672100864559,46.305832407807934,-1.0852408998981105,-0.01582393206810384,-1.0694169678300067,44.09943910452805,30.069000148773192,16.03856119301833,0.31080421159190585,0,bull,hold
2025-05-07,23.549999237060547,25.6200008392334,23.290000915527344,24.559999465942383,0,28.630000019073485,26.1810001373291,19.681150074005128,-0.5499713660800019,44.583705764898134,-1.2009012318927041,-0.2528393920330239,-0.9480618398596803,38.52744247638212,28.630000019073485,18.732557561764853,0.2433680062336871,0,bull,hold
2025-05-08,22.479999542236328,23.610000610351562,21.8799991607666,22.84000015258789,0,28.073000049591066,26.248600120544435,19.719000072479247,-0.3313503790472584,43.058695152647296,-1.3631889180067205,-0.47490929722776326,-0.8882796207789572,38.03808181918885,28.073000049591066,18.10791827999328,0.21937006455791058,0,bull,hold
2025-05-09,21.899999618530273,22.81999969482422,21.829999923706055,22.399999618530273,0,27.131999969482422,26.264000129699706,19.754900069236754,-0.4621807720527342,42.215748364072404,-1.5210702737705297,-0.6841414925363165,-0.8369287812342132,35.58142534708451,27.131999969482422,18.682574591880332,0.19039312632896657,0,bull,hold
2025-05-12,18.389999389648438,20.440000534057617,18.139999389648438,19.84000015258789,0,26.173499870300294,26.239200134277343,19.75665006160736,-0.5103834207331632,37.43904814793184,-1.907432376758159,-0.928799669380685,-0.9786327073774739,33.99997874800353,26.173499870300294,18.347020992597056,0.002745704532201728,0,bull,hold
2025-05-13,18.219999313354492,18.850000381469727,17.649999618530273,18.690000534057617,0,25.539999866485594,26.148000106811523,19.75545006275177,-0.4101651125490082,37.21938895315661,-2.2019618666464673,-1.1834321088338415,-1.0185297578126258,33.777174338503755,25.539999866485594,17.302825394467437,0.05567284764956193,0,bull,hold
2025-05-14,18.6200008392334,18.81999969482422,18.059999465942383,18.100000381469727,0,24.964999866485595,26.050200119018555,19.766600069999694,-0.3818060982594811,38.13907211162655,-2.3757160533361805,-1.4218888977343094,-0.9538271556018711,33.44500805090547,24.964999866485595,16.48499168206572,0.12588485239261224,0,bull,hold
2025-05-15,17.829999923706055,19.3799991607666,17.770000457763672,19.190000534057617,0,24.224499893188476,25.96820011138916,19.772750067710877,-0.45373773722064703,36.986658388453634,-2.5477945797210566,-1.6470700341316589,-0.9007245455893977,32.477844625271295,24.224499893188476,15.971155161105655,0.11261160311010666,0,bull,hold
2025-05-16,17.239999771118164,17.959999084472656,17.149999618530273,17.959999084472656,0,23.603999900817872,25.815600090026855,19.77050006389618,-0.41854974728756045,36.10912336988311,-2.7006447811723895,-1.8577849835398053,-0.8428597976325842,31.997274425196018,23.603999900817872,15.210725376439724,0.12088693088641636,0,bull,hold
2025-05-19,18.139999389648438,19.920000076293945,17.920000076293945,19.84000015258789,0,22.81999988555908,25.711000061035158,19.779400057792664,-0.4636310007884309,38.50590070763401,-2.7178277924418417,-2.0297935453202127,-0.688034247121629,30.10602507799817,22.81999988555908,15.533974693119994,0.1788372005104229,0,bull,hold
2025-05-20,18.09000015258789,18.68000030517578,17.700000762939453,18.459999084472656,0,22.195999908447266,25.515600051879883,19.776900057792663,-0.40824336495984026,38.41967272231007,-2.7043064122909257,-2.1646961187143554,-0.5396102935765703,28.828551401287317,22.195999908447266,15.563448415607215,0.19046604762195435,0,bull,hold
2025-05-21,20.8700008392334,21.049999237060547,17.770000457763672,18.770000457763672,0,21.816999912261963,25.394600067138672,19.764300065040587,-0.2664323276075332,45.70053346333374,-2.441127995149216,-2.2199824940013277,-0.22114550114788845,27.812441904763816,21.816999912261963,15.82155791976011,0.4210234146028833,0,bull,hold
2025-05-22,20.280000686645508,22.06999969482422,19.639999389648438,20.6200008392334,0,21.507499980926514,25.315600090026855,19.672850069999694,-0.23384959528827953,44.498064819620126,-2.2541804953711377,-2.22682209427529,-0.02735840109584764,27.13817991269886,21.507499980926514,15.87682004915417,0.3909990170676748,0,bull,hold
2025-05-23,22.290000915527344,25.530000686645508,19.829999923706055,20.139999389648438,0,21.380000019073485,25.26820011138916,19.64575007915497,-0.10265697348616487,49.38421830739918,-1.9216810912994937,-2.165793893680131,0.24411280238063737,26.815152417735312,21.380000019073485,15.944847620411656,0.5837143864335715,0,bull,hold
2025-05-27,18.959999084472656,21.010000228881836,18.950000762939453,20.6299991607666,0,21.070499992370607,25.21200008392334,19.601300072669982,-0.2461232854054155,42.68042302616154,-1.904917532281349,-2.113618621400375,0.20870108911902596,26.31324946562185,21.070499992370607,15.827750519119363,0.29872193791961393,0,bull,hold
2025-05-28,19.309999465942383,19.43000030517578,18.68000030517578,19.209999084472656,0,20.82749996185303,25.18800006866455,19.578900065422058,-0.20107573831239967,43.547828071512846,-1.8421549694885613,-2.059325891018012,0.21717092152945083,25.92148840379249,20.82749996185303,15.733511519913566,0.35104986856498643,0,bull,hold
2025-05-29,19.18000030517578,20.200000762939453,18.110000610351562,18.25,0,20.551499938964845,25.13760005950928,19.57295006275177,-0.22348179300650184,43.28581600603449,-1.7823591058289985,-2.0039325339802097,0.22157342815121117,25.366851715205414,20.551499938964845,15.736148162724277,0.3575909198829272,0,bull,hold
2025-05-30,18.56999969482422,20.549999237060547,18.56999969482422,19.610000610351562,0,20.249999904632567,25.111000061035156,19.56225006580353,-0.24512197533084934,42.00859129153515,-1.7638597273678833,-1.9559179726577445,0.19205824528986115,24.759013224977423,20.249999904632567,15.74098658428771,0.31370644856734886,0,bull,hold
2025-06-02,18.360000610351562,20.450000762939453,18.360000610351562,19.809999465942383,0,20.033999919891357,25.082200088500976,19.56345006465912,-0.19047617445747367,41.55401527890947,-1.7460170104988144,-1.9139377802259587,0.16792076972714431,24.46999092828657,20.033999919891357,15.598008911496144,0.31131619672225286,0,bull,hold
2025-06-03,17.690000534057617,19.209999084472656,17.639999389648438,18.829999923706055,0,19.736499977111816,25.05040008544922,19.57095006465912,-0.2516920054657965,40.06441635052399,-1.7655873437046274,-1.8842676929216926,0.11868034921706516,23.958136099722118,19.736499977111816,15.514863854501511,0.25761773591836534,0,bull,hold
2025-06-04,17.610000610351562,18.06999969482422,17.40999984741211,17.68000030517578,0,19.378999996185303,25.053000106811524,19.582850069999694,-0.2887721951710648,39.88058596799517,-1.7671813326520684,-1.8608504208677679,0.09366908821569941,23.00781186258706,19.378999996185303,15.750188129783544,0.2562563931444817,0,bull,hold
2025-06-05,18.479999542236328,18.799999237060547,17.079999923706055,17.68000030517578,0,19.125500011444093,25.079600105285646,19.601250066757203,-0.21528661821973982,42.94646395108072,-1.678889741589856,-1.8244582850121855,0.1455685434223295,22.222824667085945,19.125500011444093,16.02817535580224,0.3957970924952976,0,bull,hold
2025-06-06,16.770000457763672,18.350000381469727,16.649999618530273,18.15999984741211,0,18.840000057220458,25.048400115966796,19.61185007095337,-0.2540035231648684,38.762275526051546,-1.7269929548569962,-1.8049652189811478,0.07797226412415159,21.690705467476135,18.840000057220458,15.989294646964781,0.13693203934545972,0,bull,hold
2025-06-09,17.15999984741211,17.719999313354492,16.81999969482422,17.690000534057617,0,18.60300006866455,25.01780010223389,19.618250069618224,-0.21643834948323482,40.19342658276524,-1.7138887637426947,-1.7867499279334573,0.0728611641907626,21.17080185924479,18.60300006866455,16.03519827808431,0.21902032576152064,0,bull,hold
2025-06-10,16.950000762939453,17.989999771118164,16.68000030517578,17.5,0,18.5310001373291,24.92380012512207,19.621650071144103,-0.07830335369774655,39.65600689786497,-1.7008425151781061,-1.7695684453823872,0.06872593020428108,21.197510508272963,18.5310001373291,15.86448976638524,0.20354524182292524,0,bull,hold
2025-06-11,17.260000228881836,18.09000015258789,16.229999542236328,17.040000915527344,0,18.483000183105467,24.8234001159668,19.62020007610321,-0.05268930409722994,40.91199660539641,-1.646508972550297,-1.7449565508159692,0.09844757826567219,21.20417739653375,18.483000183105467,15.761822969677182,0.27528109007593266,0,bull,hold
2025-06-12,18.020000457763672,18.8700008392334,17.43000030517578,17.8700008392334,0,18.453000164031984,24.748400115966795,19.63100008010864,-0.03222343471679612,43.98990577526599,-1.5245495237709825,-1.700875145406972,0.17632562163598942,21.180696139664374,18.453000164031984,15.725304188399594,0.4206290381815874,0,bull,hold
2025-06-13,20.81999969482422,22.0,18.8799991607666,21.760000228881836,0,18.60250015258789,24.734600105285644,19.65435008049011,0.16769488412295397,53.58306801098776,-1.1882617028390996,-1.5983524568933976,0.41009075405429796,21.499711888901455,18.60250015258789,15.705288416274325,0.8826954575743042,0,bull,hold
2025-06-16,19.110000610351562,20.219999313354492,18.670000076293945,19.780000686645508,0,18.696000194549562,24.516400108337404,19.67275008201599,0.10846872761368442,48.15820893620895,-1.0476570783308645,-1.488213381180891,0.44055630285002656,21.53133028091882,18.696000194549562,15.860670108180303,0.5730074459041458,0,bull,hold
2025-06-17,21.600000381469727,21.790000915527344,19.549999237060547,20.530000686645508,0,18.869000244140626,24.042200088500977,19.695200080871583,0.1907387601013777,55.26108792959652,-0.7269251876060885,-1.3359557424659307,0.6090305548598423,21.958368572481046,18.869000244140626,15.779631915800206,0.9419997629088418,0,bull,hold
2025-06-18,20.139999389648438,21.579999923706055,19.59000015258789,20.899999618530273,0,18.971500205993653,23.505400085449217,19.71765007972717,0.11332223437086486,50.860846277079254,-0.5838227860997023,-1.185529151192685,0.6017063650929828,22.08660714420329,18.971500205993653,15.856393267784018,0.6875536228503223,0,bull,hold
2025-06-20,20.6200008392334,21.06999969482422,19.110000610351562,20.739999771118164,0,18.959000205993654,22.871200065612793,19.74575008392334,-0.01197891662419226,52.20820886997847,-0.4267615549115682,-1.0337756319364617,0.6070140770248935,22.04540850256717,18.959000205993654,15.872591909420136,0.7690831013971422,0,bull,hold
2025-06-23,19.829999923706055,22.510000228881836,19.81999969482422,21.149999618530273,0,18.93650016784668,22.595400085449217,19.741300086975098,-0.022189385981420617,49.78854002069972,-0.36186452026309013,-0.8993934096017874,0.5375288893386972,21.990450202468388,18.93650016784668,15.882550133224974,0.6462859159007248,0,bull,hold
2025-06-24,17.479999542236328,18.719999313354492,17.329999923706055,18.190000534057617,0,18.69600009918213,22.13060005187988,19.72210008621216,-0.21579188765041013,43.352015161398576,-0.49435987089491107,-0.8183867018604122,0.3240268309655011,21.392355981367785,18.69600009918213,15.999644216996472,0.27451037435753567,0,bull,hold
2025-06-25,16.760000228881836,17.510000228881836,16.68000030517578,17.280000686645508,0,18.586000156402587,21.7146000289917,19.706400089263916,-0.1160337005180826,41.57848118288326,-0.6499688814763793,-0.7847031377836057,0.13473425630722635,21.40692466805917,18.586000156402587,15.765075644746005,0.17634725424672268,0,bull,hold
2025-06-26,16.59000015258789,16.780000686645508,16.110000610351562,16.670000076293945,0,18.450000190734862,21.428600044250487,19.677450094223023,-0.14085962654488082,41.150419643148915,-0.7780389798246112,-0.7833703061918068,0.005331326367195577,21.378412617429806,18.450000190734862,15.52158776403992,0.18242177550001037,0,bull,hold
2025-06-27,16.31999969482422,17.290000915527344,16.1200008392334,16.309999465942383,0,18.307000160217285,21.152600021362304,19.661800088882448,-0.14911368951228754,40.43833612503838,-0.8910507574424109,-0.8049063964419276,-0.08614436100048328,21.355705409172735,18.307000160217285,15.258294911261835,0.17412388159303788,0,bull,hold
2025-06-30,16.729999542236328,17.43000030517578,16.549999237060547,17.190000534057617,0,18.21500015258789,20.834400024414062,19.6500500869751,-0.09908455481023681,42.07744665938397,-0.93673178333297,-0.8312714738201362,-0.1054603095128338,21.336586308402772,18.21500015258789,15.09341399677301,0.26214005697306975,0,bull,hold
2025-07-01,16.829999923706055,17.479999542236328,16.510000228881836,16.979999542236328,0,18.138500118255614,20.57800003051758,19.64575008392334,-0.08333336796202917,42.493131117309105,-0.9538695163968463,-0.8557910823354783,-0.09807843406136796,21.316601942838023,18.138500118255614,14.960398293673206,0.2941380945650644,0,bull,hold
2025-07-02,16.639999389648438,17.3700008392334,16.540000915527344,16.75,0,18.086000061035158,20.23440002441406,19.643600082397462,-0.059355631018080945,41.87817840714864,-0.9715829451164772,-0.8789494548916781,-0.09263349022479916,21.32608905590915,18.086000061035158,14.845911066161166,0.2768578774110252,0,bull,hold
2025-07-03,16.3799991607666,16.829999923706055,16.139999389648438,16.649999618530273,0,18.02449998855591,19.95060001373291,19.64270008087158,-0.06984675791901662,41.00369894408093,-0.9951295762450414,-0.9021854791623508,-0.09294409708269058,21.344111468530183,18.02449998855591,14.704888508581636,0.25230522642335657,0,bull,hold
2025-07-07,17.790000915527344,18.5,17.510000228881836,17.829999923706055,0,17.99000005722046,19.73740001678467,19.645950088500978,-0.037337588950258405,47.41642315123136,-0.8897585110657644,-0.8997000855430336,0.009941574477269177,21.304296572515682,17.99000005722046,14.675703541925238,0.4698278140217486,0,bull,hold
2025-07-08,16.809999465942383,17.440000534057617,16.540000915527344,17.40999984741211,0,17.992000007629393,19.544200019836424,19.64195008277893,0.0023851524798375046,43.84888913190203,-0.8752398888999906,-0.8948080462144251,0.01956815731443451,21.30339636968572,17.992000007629393,14.680603645573067,0.32152536083705086,0,bear,death_cross
2025-07-09,15.9399995803833,16.760000228881836,15.760000228881836,16.760000228881836,0,17.930999994277954,19.366200008392333,19.630500082969665,-0.07109558728887733,40.906444956866196,-0.9232923565480462,-0.9005049082811494,-0.022787448266896826,21.3448187002856,17.930999994277954,14.517181288270308,0.20839101525940934,0,bear,hold
2025-07-10,15.779999732971191,16.239999771118164,15.699999809265137,16.229999542236328,0,17.87249994277954,19.17880001068115,19.627750082015993,-0.0690266063306868,40.369916764946794,-0.9631819716607559,-0.9130403209570708,-0.05014165070368515,21.390078322835556,17.87249994277954,14.354921562723526,0.20256523327633316,0,bear,hold
2025-07-11,16.399999618530273,17.239999771118164,15.979999542236328,16.40999984741211,0,17.829499912261962,19.02340000152588,19.629000082015992,-0.04982622241872803,43.46434193362443,-0.9339994060587564,-0.917232137977408,-0.01676726808134843,21.396653106395537,17.829499912261962,14.262346718128386,0.2996300949336017,0,bear,hold
2025-07-14,17.200000762939453,17.850000381469727,16.90999984741211,17.729999542236328,0,17.788499927520753,18.87340000152588,19.635550084114076,-0.04550497635925044,47.26694654850674,-0.8366739496250197,-0.9011205003069304,0.06444655068191063,21.36479041623312,17.788499927520753,14.212209438808387,0.41772212486111726,0,bear,hold
2025-07-15,17.3799991607666,17.389999389648438,16.559999465942383,16.889999389648438,0,17.61649990081787,18.728999977111815,19.645500078201295,-0.16522577254949666,48.112582598386,-0.7365282189784743,-0.8682020440412392,0.13167382506276493,20.9129971373353,17.61649990081787,14.320002664300441,0.4641284789455612,0,bear,hold
2025-07-16,17.15999984741211,19.479999542236328,16.690000534057617,17.65999984741211,0,17.5189998626709,18.61859996795654,19.654250078201294,-0.10204085299103394,47.11803604026356,-0.6672227829961734,-0.8280061918322261,0.1607834088360527,20.747689780654483,17.5189998626709,14.290309944687316,0.44440469286641865,0,bear,hold
2025-07-17,16.520000457763672,17.3700008392334,16.479999542236328,17.15999984741211,0,17.264999866485596,18.476199989318847,19.660000081062318,-0.23518517749953838,44.25224404233968,-0.6563740561672198,-0.793679764699225,0.1373057085320052,19.917368903696335,17.264999866485596,14.612630829274856,0.35955962419441956,0,bear,hold
2025-07-18,16.40999984741211,16.809999465942383,16.280000686645508,16.43000030517578,0,17.07849988937378,18.309199981689453,19.657250084877013,-0.18520355785876907,43.75960245376898,-0.6491692726550085,-0.7647776662903817,0.11560839363537323,19.399924688627323,17.07849988937378,14.75707509012024,0.3560151416111713,0,bear,hold
2025-07-21,16.649999618530273,16.989999771118164,16.299999237060547,16.8700008392334,0,16.879999828338622,18.171199989318847,19.656850085258483,-0.19253157415733257,45.19321089206839,-0.6169812779319699,-0.7352183886186994,0.11823711068672949,18.54122850089304,16.879999828338622,15.218771155784205,0.43077406692761755,0,bear,hold
2025-07-22,16.5,17.479999542236328,16.43000030517578,16.75,0,16.71349983215332,18.05159999847412,19.643050084114076,-0.16792737955208759,44.430901445298424,-0.5966974194085601,-0.7075141947766715,0.11081677536811141,17.681576052795123,16.71349983215332,15.745423611511521,0.3897298437865879,0,bear,hold
2025-07-23,15.369999885559082,16.31999969482422,15.319999694824219,16.229999542236328,0,16.60799984931946,17.921000003814697,19.62540008544922,-0.12070936567125912,39.0826141886385,-0.6641479961401124,-0.6988409550493597,0.034692958909247285,17.673900709460156,16.60799984931946,15.542098989178761,-0.08072941398929093,0,bear,hold
2025-07-24,15.390000343322754,15.539999961853027,14.949999809265137,15.390000343322754,0,16.539499855041505,17.861000022888184,19.599900088310243,-0.0817422354922297,39.22206520091332,-0.7078297733459031,-0.7006387187086685,-0.007191054637234684,17.726706401110313,16.539499855041505,15.352293308972698,0.015880570434401428,0,bear,hold
2025-07-25,14.930000305175781,15.390000343322754,14.920000076293945,15.329999923706055,0,16.4564998626709,17.79520004272461,19.57850009441376,-0.10006026715757232,37.117502931634405,-0.7706821115405624,-0.7146473972750473,-0.056034714265515095,17.83472012528778,16.4564998626709,15.078279600054017,-0.053793758116969015,0,bear,hold
2025-07-28,15.029999732971191,15.539999961853027,15.0,15.149999618530273,0,16.391999864578246,17.723400020599364,19.54045009613037,-0.07904411678770695,37.89762730478033,-0.8031655319938285,-0.7323510242188036,-0.07081450777502485,17.903986689294058,16.391999864578246,14.880013039862433,0.04959920637435088,0,bear,hold
2025-07-29,15.979999542236328,16.1200008392334,14.699999809265137,14.949999809265137,0,16.354499864578248,17.68640001296997,19.513250093460083,-0.04482964856672955,44.89215197007395,-0.7436791611597791,-0.7346166516069987,-0.009062509552780318,17.868296170167877,16.354499864578248,14.840703558988618,0.3763042554143206,0,bear,hold
2025-07-30,15.479999542236328,17.270000457763672,15.4399995803833,15.869999885559082,0,16.28699984550476,17.651200008392333,19.486350088119508,-0.08021392677299843,42.19828594472265,-0.7284840938549308,-0.7333901400565852,0.004906046201654357,17.83007610610444,16.28699984550476,14.74392358490508,0.2385092610540163,0,bear,hold
2025-07-31,16.719999313354492,17.170000076293945,14.739999771118164,14.989999771118164,0,16.290999841690063,17.622800006866456,19.4653000831604,0.0048076878990646055,50.18236706781649,-0.6093599528989131,-0.7085841026250508,0.09922414972613769,17.838125020318753,16.290999841690063,14.743874663061373,0.6386440727584427,0,bear,hold
2025-08-01,20.3799991607666,21.899999618530273,17.389999389648438,17.399999618530273,0,16.490999841690062,17.668599987030028,19.46490008354187,0.24420025671190548,65.3819329513441,-0.21711900047144894,-0.6102910821943305,0.39317208172288154,18.852354374340585,16.490999841690062,14.129645309039539,1.32346790058486,0,bear,hold
2025-08-04,17.520000457763672,19.579999923706055,17.479999542236328,19.559999465942383,0,16.47749981880188,17.601599979400635,19.45400008201599,-0.015177090717741981,52.02443979144355,-0.13548146703738695,-0.5153291591629419,0.3798476921255549,18.81192778342344,16.47749981880188,14.143071854180324,0.7232882433643212,0,bear,hold
2025-08-05,17.850000381469727,18.940000534057617,17.110000610351562,17.209999084472656,0,16.52949986457825,17.55299997329712,19.4400500869751,0.06186799218134542,53.21220998667802,-0.043651707988136224,-0.4209936689279808,0.37734196093984457,18.936443623538796,16.52949986457825,14.1225561056177,0.774310629813333,0,bear,hold
2025-08-06,16.770000457763672,17.8799991607666,16.559999465942383,17.219999313354492,0,16.570999908447266,17.442599964141845,19.426000089645385,0.05207031990150224,48.9416435094462,-0.05736170027666532,-0.3482672751977177,0.2909055749210524,18.96443995037142,16.570999908447266,14.17755986652311,0.5415720773929278,0,bear,hold
2025-08-07,16.56999969482422,17.639999389648438,15.979999542236328,16.40999984741211,0,16.610499906539918,17.394799976348878,19.41330008506775,0.050063369785892764,48.17065247079569,-0.08340392945200037,-0.29529460604857427,0.2118906765965739,18.976335526242483,16.610499906539918,14.244664286837352,0.4914406116430036,0,bear,hold
2025-08-08,15.149999618530273,16.520000457763672,15.149999618530273,16.479999542236328,0,16.547999906539918,17.311599979400636,19.398900079727174,-0.07621951396801441,42.99218026406309,-0.21613327259057513,-0.27946233935697445,0.06332906676639932,18.99734743669122,16.547999906539918,14.098652376388614,0.21461781743906191,0,bear,hold
2025-08-11,16.25,16.360000610351562,15.520000457763672,15.8100004196167,0,16.500499868392943,17.25299997329712,19.388300075531006,-0.05523260004653041,47.684014728427606,-0.2299111232788782,-0.2695520961413552,0.03964097286247703,18.93422501196871,16.500499868392943,14.066774724817177,0.4485357109749675,0,bear,hold
2025-08-12,14.729999542236328,16.559999465942383,14.65999984741211,16.09000015258789,0,16.367999887466432,17.17619997024536,19.37095006942749,-0.15247409358409814,42.48117619100656,-0.3593392636308721,-0.28750952963925863,-0.07182973399161346,18.88295984234004,16.367999887466432,13.853039932592825,0.1743486229162595,0,bear,hold
2025-08-13,14.489999771118164,14.8100004196167,14.300000190734863,14.619999885559082,0,16.234499883651733,17.098799953460695,19.34720006942749,-0.15559441142399577,41.70737011921052,-0.475793323840513,-0.3251662884795095,-0.15062703536100347,18.84862663471678,16.234499883651733,13.620373132586687,0.16633214861849638,0,bear,hold
2025-08-14,14.829999923706055,15.390000343322754,14.569999694824219,14.65999984741211,0,16.149999856948853,17.04159994125366,19.325950069427492,-0.10230027162398725,43.283521144511255,-0.5344875944668033,-0.36703054967696824,-0.16745704478983503,18.830171412002116,16.149999856948853,13.469828301895587,0.2537471191435423,0,bear,hold
2025-08-15,15.09000015258789,15.180000305175781,14.399999618530273,14.430000305175781,0,16.08399987220764,16.99119993209839,19.2997500705719,-0.08043873900659326,44.5189233207188,-0.5536413484145886,-0.4043527094244923,-0.14928863899009626,18.80008077089498,16.08399987220764,13.367918973520304,0.31701581125581646,0,bear,hold
2025-08-18,14.989999771118164,15.949999809265137,14.949999809265137,15.729999542236328,0,16.000999879837035,16.921399936676025,19.275700073242188,-0.09969969281949098,44.12085680371593,-0.5703157860873382,-0.43754532475706154,-0.1327704613302767,18.744143251035393,16.000999879837035,13.257856508638678,0.3157223353081231,0,bear,hold
2025-08-19,15.569999694824219,15.90999984741211,14.760000228881836,15.229999542236328,0,15.954499864578247,16.897399921417236,19.25685007095337,-0.0563636548591383,47.07661932492241,-0.5306126788277545,-0.45615879557120015,-0.07445388325655439,18.693758625116388,15.954499864578247,13.215241104040109,0.42981674909775724,0,bear,hold
2025-08-20,15.6899995803833,17.190000534057617,15.569999694824219,15.949999809265137,0,15.970499849319458,16.86799991607666,19.233550066947938,0.020819759089580447,47.693095641374406,-0.48388674718287916,-0.46170438589353596,-0.0221823612893432,18.699634985971947,15.970499849319458,13.241364712666966,0.4486100440449034,0,bear,hold
2025-08-21,16.600000381469727,17.239999771118164,15.649999618530273,15.720000267028809,0,16.030999851226806,16.860999908447265,19.200750069618223,0.07862248285601603,52.23677892639049,-0.3691710758965776,-0.44319772389414436,0.07402664799756675,18.759625117160372,16.030999851226806,13.30237458529324,0.6042650556210114,0,bear,hold
2025-08-22,14.220000267028809,16.829999923706055,14.210000038146973,16.809999465942383,0,15.995499849319458,16.800199909210207,19.162450075149536,-0.047555259453064935,41.968600488840835,-0.4649446066573386,-0.44754710044678325,-0.017397506210555358,18.797973531633268,15.995499849319458,13.19302616700565,0.18322635935964562,0,bear,hold
2025-08-25,14.789999961853027,15.1899995803833,14.239999771118164,15.050000190734863,0,15.98349986076355,16.73559989929199,19.12650007724762,-0.015968048927617606,44.76876839807717,-0.48921227354480656,-0.4558801350663879,-0.03333213847841865,18.804402312455696,15.98349986076355,13.162597409071402,0.2884542412669057,0,bear,hold
2025-08-26,14.619999885559082,15.75,14.619999885559082,15.75,0,15.915499877929687,16.61159990310669,19.097150077819823,-0.08510636393215565,44.08552379255192,-0.5162115938755889,-0.4679464268282282,-0.048265167047360724,18.79834892658481,15.915499877929687,13.032650829274562,0.2753090830449539,0,bear,hold
2025-08-27,14.850000381469727,15.229999542236328,14.65999984741211,14.65999984741211,0,15.883999919891357,16.526399898529053,19.090050077438356,-0.04069762140804223,45.30181706164733,-0.5131345364111013,-0.4769840487448028,-0.03615048766629847,18.798785568068524,15.883999919891357,12.96921427171419,0.32262854576145805,0,bear,hold
2025-08-28,14.430000305175781,14.6899995803833,14.119999885559082,14.420000076293945,0,15.769499969482421,16.382999897003174,19.08620007991791,-0.13696166879323124,43.4434002225222,-0.5383803289690849,-0.4892633047896593,-0.04911702417942565,18.723578235031514,15.769499969482421,12.815421703933328,0.27327959114555506,0,bear,hold
2025-08-29,15.359999656677246,15.970000267028809,14.3100004196167,14.3100004196167,0,15.518499994277954,16.28739990234375,19.088300080299376,-0.2463199073017296,48.482999856537454,-0.47783642525264014,-0.4869779288822555,0.009141503629615355,17.581694602513018,15.518499994277954,13.455305386042891,0.46158861191085226,0,bear,hold
2025-09-02,17.170000076293945,19.3799991607666,16.549999237060547,16.649999618530273,0,15.500999975204468,16.21839988708496,19.099300079345703,-0.019977190201192596,56.59036276963596,-0.2805688156449495,-0.44569610623479433,0.16512729058984482,17.5009591427609,15.500999975204468,13.501040807648035,0.9172585441153469,0,bear,hold
2025-09-03,16.350000381469727,17.56999969482422,16.34000015258789,17.399999618530273,0,15.425999975204467,16.148799896240234,19.107500081062316,-0.08403361164950818,52.555170818825175,-0.18823013630131058,-0.3942029122480976,0.20597277594678703,17.16322086735777,15.425999975204467,13.688779083051164,0.7659421177925027,0,bear,hold
2025-09-04,15.300000190734863,16.350000381469727,15.279999732971191,16.219999313354492,0,15.352499961853027,16.105199909210206,19.113900079727173,-0.08765654304727655,47.85011207057907,-0.19750064335507211,-0.35486245846949255,0.15736181511442043,16.976764456938948,15.352499961853027,13.728235466767106,0.48383890946425356,0,bear,hold
2025-09-05,15.180000305175781,16.920000076293945,14.739999771118164,15.229999542236328,0,15.282999992370605,16.073599910736085,19.11825007915497,-0.08388650665350439,47.3286177812982,-0.21208578199330042,-0.32630712317425414,0.11422134118095373,16.80891095743977,15.282999992370605,13.75708902730144,0.46624977159458464,0,bear,hold
2025-09-08,15.109999656677246,15.649999618530273,14.989999771118164,15.579999923706055,0,15.280999994277954,16.04399990081787,19.113100080490113,-0.0026402615749311353,47.00678295165123,-0.2266800502425852,-0.3063817085879204,0.07970165834533521,16.80770765348796,15.280999994277954,13.754292335067946,0.4439970263563128,0,bear,hold
2025-09-09,15.039999961853027,15.819999694824219,14.970000267028809,15.020000457763672,0,15.220499992370605,16.018399906158447,19.110400080680847,-0.07446154080904444,46.66505557288224,-0.24111507879717564,-0.29332838262977146,0.052213303832595814,16.68338046482052,15.220499992370605,13.757619519920691,0.43830663751519927,0,bear,hold
2025-09-10,15.350000381469727,15.630000114440918,14.630000114440918,14.979999542236328,0,15.251500034332276,15.990799922943115,19.105400080680848,0.04209102909036955,48.45228172224533,-0.22494744571471337,-0.2796521952467599,0.054704749532046515,16.697671254522934,15.251500034332276,13.805328814141616,0.5340555619425429,0,bear,hold
2025-09-11,14.710000038146973,15.239999771118164,14.649999618530273,15.1899995803833,0,15.262500047683716,15.948399925231934,19.093150081634523,0.015182903416418148,45.09276261806186,-0.26077115150531327,-0.27587598649847056,0.01510483499315729,16.688541812826486,15.262500047683716,13.836458282540946,0.30628196766683446,0,bear,hold
2025-09-12,14.760000228881836,14.970000267028809,14.40999984741211,14.619999885559082,0,15.259000062942505,15.910799942016602,19.082600078582765,-0.004720141280130652,45.41121350213806,-0.2818777872483835,-0.27707634664845315,-0.004801440599930373,16.6896069476211,15.259000062942505,13.828393178263907,0.3255985486282717,0,bear,hold
2025-09-15,15.6899995803833,15.84000015258789,14.920000076293945,15.140000343322754,0,15.289000034332275,15.896999950408935,19.08485007762909,0.039761393090013364,51.092937258901785,-0.22101406029200454,-0.26586388937716343,0.04484982908515889,16.729304164793305,15.289000034332275,13.848695903871247,0.6392065528280712,0,bear,hold
2025-09-16,16.360000610351562,16.3799991607666,15.4399995803833,15.600000381469727,0,15.357500076293945,15.86839994430542,19.0936500787735,0.09139432022360894,54.74719897905066,-0.11736274976982664,-0.2361636614556961,0.11880091168586945,16.863234176497016,15.357500076293945,13.851765976090872,0.83289427858558,0,bear,hold
2025-09-17,15.720000267028809,16.75,15.260000228881836,16.420000076293945,0,15.365000104904174,15.846599960327149,19.101750078201295,0.009633948307298468,50.83951957685199,-0.0858711492580273,-0.20610515901616236,0.12023400975813506,16.876377039649174,15.365000104904174,13.853623170159175,0.6174426292884144,0,bear,hold
2025-09-18,15.699999809265137,15.800000190734863,14.329999923706055,14.930000305175781,0,15.365500116348267,15.841799964904785,19.109750075340273,0.0006373632344987001,50.71768771567981,-0.06181513239081049,-0.17724715369109198,0.11543202130028149,16.877313354617286,15.365500116348267,13.853686878079246,0.6106286426291195,0,bear,hold
2025-09-19,15.449999809265137,16.1299991607666,15.289999961853027,15.760000228881836,0,15.308000087738037,15.835199966430665,19.119450073242188,-0.069277141311895,49.13273914748354,-0.062206399718306216,-0.15423900289653483,0.09203260317822862,16.711205031054735,15.308000087738037,13.90479514442134,0.5505983542188284,0,bear,hold
2025-09-22,16.100000381469727,16.350000381469727,15.779999732971191,16.139999389648438,0,15.402000093460083,15.829199981689452,19.133250074386595,0.1322081630898404,53.22556002968578,-0.00995214585637072,-0.125381631488502,0.11542948563213129,16.75194241805285,15.402000093460083,14.052057768867318,0.758529670228766,0,bear,hold
2025-09-23,16.639999389648438,17.06999969482422,15.949999809265137,16.100000381469727,0,15.494500064849854,15.817999954223632,19.149950070381166,0.1250844781992566,56.366558748175144,0.07417805535292388,-0.08546969412021684,0.1596477494731407,16.915675254667626,15.494500064849854,14.073324875032082,0.9030113011420723,0,bear,hold
2025-09-24,16.18000030517578,17.209999084472656,16.18000030517578,16.56999969482422,0,15.572500085830688,15.793999977111817,19.163600072860717,0.1067031759116217,53.0956616007251,0.10255161303357774,-0.04786543268945792,0.15041704572303566,16.96405853240882,15.572500085830688,14.180941639252556,0.7182805259954934,0,bear,hold
2025-09-25,16.739999771118164,17.739999771118164,16.31999969482422,16.549999237060547,0,15.66700005531311,15.785599975585937,19.179600071907043,0.12727268290220617,56.41177859144253,0.1682852510860915,-0.004635295934348041,0.17292054702043952,17.10537548328145,15.66700005531311,14.228624627344773,0.8729901439294722,0,bear,hold
2025-09-26,15.289999961853027,17.049999237060547,15.289999961853027,16.889999389648438,0,15.710000038146973,15.760999965667725,19.19220006942749,0.05959803454534773,47.121996487359155,0.10219868356664286,0.01673149996585014,0.08546718360079272,17.04563472450924,15.710000038146973,14.374365351784704,0.34277135036158113,0,bear,hold
2025-09-29,16.1200008392334,16.290000915527344,15.739999771118164,15.84000015258789,0,15.74800009727478,15.75519998550415,19.20185007572174,0.04947924476194676,51.99521161965142,0.11546769714081684,0.03647873940084348,0.07898895773997336,17.08488605928188,15.74800009727478,14.41111413526768,0.6391295714557896,0,bear,hold
2025-09-30,16.280000686645508,16.700000762939453,16.020000457763672,16.489999771118164,0,15.703500127792358,15.747800006866456,19.21235007762909,-0.05183455944634674,52.89640967576066,0.13731129734558323,0.05664525098979144,0.08066604635579179,16.89996626756732,15.703500127792358,14.507033988017398,0.7409180417598704,0,bear,hold
2025-10-01,16.290000915527344,17.280000686645508,15.979999542236328,17.280000686645508,0,15.70050015449524,15.743600025177003,19.225900082588197,-0.0036696920209483563,52.95585481153959,0.15365816707669389,0.07604783420717193,0.07761033286952196,16.890751952843235,15.70050015449524,14.510248356147244,0.7476369965793368,0,bear,hold
2025-10-02,16.6299991607666,16.920000076293945,15.930000305175781,16.1200008392334,0,15.767000102996827,15.768800010681153,19.23945007801056,0.08692803617330269,55.033643741461205,0.19183682056515217,0.09920563147876799,0.09263118908638418,17.007856261947254,15.767000102996827,14.526143944046398,0.8477433913451095,0,bear,hold
2025-10-03,16.649999618530273,17.059999465942383,16.200000762939453,16.350000381469727,0,15.84050006866455,15.793999996185303,19.253650074005126,0.09683789748365679,55.159107426375776,0.22115817453793873,0.12359614009060214,0.09756203444733659,17.107440834348015,15.84050006866455,14.573559302981087,0.8194701645854097,0,bear,hold
2025-10-06,16.3700008392334,17.09000015258789,16.290000915527344,16.739999771118164,0,15.903500127792359,15.822800006866455,19.262050080299378,0.08338856460525101,52.93245089631775,0.21927433927882767,0.14273177992824726,0.07654255935058041,17.14390768854568,15.903500127792359,14.663092567039039,0.6880433198737214,0,bear,hold
2025-10-07,17.239999771118164,17.549999237060547,16.190000534057617,16.579999923706055,0,16.013500118255614,15.867000007629395,19.268900079727175,0.14627658343385286,58.53362800288794,0.28470117129991834,0.1711256582025815,0.11357551309733685,17.316700285986116,16.013500118255614,14.710299950525112,0.9705722433256266,0,bear,hold
2025-10-08,16.299999237060547,17.200000762939453,16.229999542236328,17.170000076293945,0,16.061000061035156,15.873400001525878,19.21230007171631,0.06188917472195277,51.414347372360005,0.2577312543967487,0.18844677744141494,0.06928447695533377,17.332878855491902,16.061000061035156,14.789121266578409,0.5939551697327708,0,bear,hold
2025-10-09,16.43000030517578,17.270000457763672,16.260000228881836,16.309999465942383,0,16.147000074386597,15.892400016784668,19.17400007247925,0.11692727821674964,52.27880846558658,0.24403432488468724,0.19956428693006942,0.04447003795461782,17.26516092250698,16.147000074386597,15.028839226266216,0.626547191875348,0,bear,hold
2025-10-10,21.65999984741211,22.440000534057617,16.229999542236328,16.360000610351562,0,16.49200005531311,15.99120002746582,19.19050006866455,0.4674796417027558,73.05200372460992,0.6477300350478288,0.2891974365536213,0.3585325984942075,19.0352388014991,16.49200005531311,13.94876130912712,1.5160272604861171,0,bear,hold
2025-10-13,19.030000686645508,20.770000457763672,18.610000610351562,19.450000762939453,0,16.65900011062622,15.964200057983398,19.201750068664552,0.2128745185205807,59.11606612381584,0.7468338061395876,0.3807247104708146,0.36610909566877303,19.400560931540912,16.65900011062622,13.917439289711528,0.9324180149372409,0,bear,hold
2025-10-14,20.809999465942383,22.940000534057617,19.18000030517578,21.459999084472656,0,16.881500053405762,16.030000038146973,19.234450063705445,0.272004809876055,64.10680610342692,0.9579624888916882,0.4961722661549893,0.4617902227366989,20.15967177342911,16.881500053405762,13.603328333382414,1.0991906080668405,0,bear,hold
2025-10-15,20.639999389648438,22.440000534057617,19.110000610351562,20.020000457763672,0,17.127500009536742,16.085800018310547,19.264000062942504,0.31297703810723565,63.31190745321005,1.0988984879373582,0.6167175105114632,0.48218097742589505,20.74133357151099,17.127500009536742,13.513666447562496,0.9859796833300768,0,bear,hold
2025-10-16,25.309999465942383,25.43000030517578,19.850000381469727,20.489999771118164,0,17.607999992370605,16.256599998474123,19.31080006122589,0.6121018963965872,73.15818299843338,1.5693309891397575,0.8072402062371221,0.7620907829026354,22.619923793277636,17.607999992370605,12.596076191463574,1.2683675749597303,0,bear,hold
2025-10-17,20.780000686645508,28.989999771118164,20.729999542236328,28.40999984741211,0,17.874500036239624,16.340800018310546,19.327700066566468,0.3449838798175291,57.13885578875456,1.5586519237659324,0.9575225497428842,0.6011293740230482,22.965297205191543,17.874500036239624,12.783702867287705,0.7853679447421454,0,bear,hold
2025-10-20,18.229999542236328,21.020000457763672,18.229999542236328,20.530000686645508,0,17.980999994277955,16.402400016784668,19.3321000623703,0.13229808138502408,50.44295710448893,1.329103824859029,1.0318388047661131,0.2972650200929159,23.007564728363974,17.980999994277955,12.954435260191937,0.5247683618068084,0,bear,hold
2025-10-21,17.8700008392334,18.889999389648438,17.399999618530273,18.649999618530273,0,18.042500066757203,16.434800033569335,19.33180006504059,0.0739183590565593,49.55997149354581,1.1053941206341946,1.0465498679397294,0.05884425269446525,23.03189197644501,18.042500066757203,13.053108157069394,0.48271340168840365,0,bear,hold
2025-10-22,18.600000381469727,21.010000228881836,17.729999542236328,17.84000015258789,0,18.1635000705719,16.512200050354004,19.344150071144103,0.14956736901419077,51.417103715043915,0.9757594825665343,1.0323917908650904,-0.05663230829855603,23.083240701191382,18.1635000705719,13.243759439952417,0.5443621263467769,0,bear,hold
2025-10-23,17.299999237060547,19.350000381469727,17.079999923706055,18.360000610351562,0,18.19150004386902,16.568400039672852,19.35045006275177,0.033452776200664,48.025936723396455,0.7593703217621766,0.9777874970445076,-0.21841717528233107,23.084818753695266,18.19150004386902,13.298181334042773,0.40890632108038916,0,bear,hold
2025-10-24,16.3700008392334,17.219999313354492,16.020000457763672,17.020000457763672,0,18.245500087738037,16.5992000579834,19.343200068473816,0.07063445912850641,45.70365121200346,0.5069929552453445,0.8836285886846751,-0.3766356334393306,23.032224991290988,18.245500087738037,13.458775184185086,0.30409368761587413,0,bear,hold
2025-10-27,15.789999961853027,16.06999969482422,15.619999885559082,15.729999542236328,0,18.229000043869018,16.6132000541687,19.333650064468383,-0.020471517382133375,44.26603960635163,0.2572158265280784,0.7583460362533557,-0.5011302097252773,23.047090231803324,18.229000043869018,13.410909855934714,0.24689140438634238,0,bear,hold
2025-10-28,16.420000076293945,16.549999237060547,15.65999984741211,15.949999809265137,0,18.23600001335144,16.641800060272217,19.318050060272217,0.008599470745924487,46.24398545430016,0.10884667980723606,0.6284461649641319,-0.5195994851568958,23.043137783212376,18.23600001335144,13.428862243490503,0.3111142197293392,0,bear,hold
2025-10-29,16.920000076293945,17.579999923706055,16.260000228881836,16.34000015258789,0,18.26749997138977,16.66880006790161,19.3067000579834,0.03867397945730611,47.82653824311025,0.03124866821903538,0.5090066656151127,-0.47775799739607727,23.031279271285864,18.26749997138977,13.503720671493678,0.35856818606970126,0,bear,hold
2025-10-30,16.90999984741211,17.40999984741211,15.729999542236328,16.260000228881836,0,18.281500005722044,16.69320007324219,19.297700061798096,0.016837083630532268,47.796230792125826,-0.030701343941430537,0.401065063703804,-0.43176640764523455,23.02756034569191,18.281500005722044,13.53543966575218,0.35551172340145126,0,bear,hold
2025-10-31,17.440000534057617,18.540000915527344,15.960000038146973,16.43000030517578,0,18.321000051498412,16.710000076293944,19.304300060272215,0.047447503521149015,49.61846030245208,-0.03660854833541194,0.31353034129596086,-0.3501388896313728,23.02505291107072,18.321000051498412,13.616947191926105,0.4063573960857983,0,bear,hold
2025-11-03,17.170000076293945,18.829999923706055,17.0,18.059999465942383,0,18.36100001335144,16.769000072479248,19.307150058746338,0.04886983482268481,48.686110155603224,-0.06235800654733836,0.238352671727301,-0.3007106782746394,23.011311177261852,18.36100001335144,13.710688849441029,0.3719440597544883,0,bear,hold
2025-11-04,19.0,20.479999542236328,17.899999618530273,19.729999542236328,0,18.44900002479553,16.85320007324219,19.322300057411194,0.10208818168491685,54.87514382236385,0.06416144895601761,0.20351442717304433,-0.13935297821702672,23.077688154395865,18.44900002479553,13.820311895195195,0.5595201015683947,0,bear,hold
2025-11-05,18.010000228881836,20.020000457763672,17.309999465942383,19.3700008392334,0,18.534500074386596,16.92100008010864,19.33705005645752,0.10490804121839092,51.27234668761152,0.08358085316197261,0.17952771237083,-0.0959468592088574,23.06334275814235,18.534500074386596,14.00565739063084,0.44209339094664757,0,bear,hold
2025-11-06,19.5,20.309999465942383,17.639999389648438,18.360000610351562,0,18.68800005912781,17.01400007247925,19.35905005455017,0.18685329505788917,55.95894412395456,0.21670337833376507,0.18696284556341702,0.02974053277034805,23.128362796393308,18.68800005912781,14.24763732186231,0.5914339648490343,0,bear,hold
2025-11-07,19.079999923706055,22.719999313354492,19.079999923706055,19.520000457763672,0,18.559000062942506,17.107000064849853,19.379350051879882,-0.1191135707239771,54.371489800453375,0.28502781928156296,0.2065758403070462,0.07845197897451675,22.7915446253643,18.559000062942506,14.326455500520712,0.5615468842772728,0,bear,hold
2025-11-10,17.600000381469727,18.81999969482422,17.600000381469727,18.579999923706055,0,18.487500047683717,17.151800079345705,19.393100051879884,-0.07514452199569799,49.08708735019952,0.2172475423610507,0.20871018071784714,0.008537361643203567,22.734093061437868,18.487500047683717,14.240907033929567,0.3955045063961278,0,bear,hold
2025-11-11,17.280000686645508,18.010000228881836,17.25,17.899999618530273,0,18.311000108718872,17.154000091552735,19.39000005722046,-0.16962993127770454,48.000797377861105,0.1361405401454867,0.19419625260337506,-0.05805571245788835,22.448844178094433,18.311000108718872,14.173156039343313,0.37541828488610096,0,bear,hold
2025-11-12,17.510000228881836,18.059999465942383,17.100000381469727,17.209999084472656,0,18.15450015068054,17.177200088500978,19.39550005912781,-0.15164725064557838,48.876508973623594,0.08939125072313558,0.1732352522273272,-0.0838440015041916,22.162898487471473,18.15450015068054,14.14610181388961,0.4196063031107478,0,bear,hold
2025-11-13,20.0,21.309999465942383,17.510000228881836,17.610000610351562,0,17.889000177383423,17.271200084686278,19.412700061798095,-0.20979848194337658,57.2669586731431,0.25037807122818023,0.18866381602749782,0.06171425520068241,20.384242877348797,17.889000177383423,15.393757477418047,0.9230049090306669,0,bear,hold
2025-11-14,19.829999923706055,23.030000686645508,19.559999465942383,21.329999923706055,0,17.84150013923645,17.364200077056886,19.432650060653685,-0.0457170708155934,56.58415777422159,0.3600927755522356,0.2229496079324454,0.13714316761979023,20.143484138174944,17.84150013923645,15.539516140297959,0.9319099927250916,0,bear,hold
2025-11-17,22.3799991607666,23.440000534057617,19.540000915527344,19.579999923706055,0,18.049000120162965,17.50960006713867,19.462400054931642,0.2276467209401356,63.59576380603363,0.645366710665062,0.30743302847896875,0.33793368218609326,21.08483833711236,18.049000120162965,15.013161903213572,1.2133118979172257,0,bear,hold
2025-11-18,24.690000534057617,25.84000015258789,22.90999984741211,23.540000915527344,0,18.390000104904175,17.702600078582762,19.49275005340576,0.38164518044403106,68.55069077050894,1.0457909379172392,0.45510461036662286,0.5906863275506163,22.581104836603366,18.390000104904175,14.198895373204985,1.2515918632984442,0,bear,hold
2025-11-19,23.65999984741211,24.790000915527344,21.93000030517578,24.520000457763672,0,18.643000078201293,17.86880006790161,19.52500005722046,0.27204297646054965,64.34524758876944,1.2654304806995924,0.6171697844332168,0.6482606962663756,23.423699018742624,18.643000078201293,13.862301137659962,1.0247140461686057,0,bear,hold
2025-11-20,26.420000076293945,28.270000457763672,19.280000686645508,20.780000686645508,0,19.099000120162962,18.10300006866455,19.57825005531311,0.5271677018167882,69.70796247270175,1.6432628418136694,0.8223883959093075,0.820874445904362,24.909245704406555,19.099000120162962,13.28875453591937,1.1300077896865757,0,bear,hold
2025-11-21,23.43000030517578,27.84000015258789,22.540000915527344,25.969999313354492,0,19.452000093460082,18.27640007019043,19.61790005683899,0.43127667098354294,59.30197781851931,1.6820402046279384,0.9943187576530337,0.6877214469749047,25.412079197807962,19.452000093460082,13.491920989112202,0.8337204206579865,0,bear,hold
2025-11-24,20.520000457763672,23.68000030517578,20.40999984741211,22.690000534057617,0,19.688500118255615,18.37300008773804,19.63780005455017,0.2995567135742765,51.27882040345536,1.4611160400349803,1.087678214129423,0.3734378259055573,25.419546257140155,19.688500118255615,13.957453979371072,0.5725435042187513,0,bear,hold
2025-11-25,18.559999465942383,21.770000457763672,18.389999389648438,20.549999237060547,0,19.795500087738038,18.417000064849855,19.6515500497818,0.13032882945829094,46.696278797973896,1.1150230565757262,1.0931471826186838,0.02187587395704238,25.355821851066125,19.795500087738038,14.23517832440995,0.3889002584397062,0,bear,hold
2025-11-26,17.190000534057617,18.700000762939453,16.93000030517578,18.25,0,19.809000110626222,18.44640007019043,19.657400050163268,0.015957473791147425,43.75304161928216,0.7218731056629863,1.0188923672275445,-0.29701926156455816,25.342577130145408,19.809000110626222,14.275423091107037,0.26335383357543196,0,bear,hold
2025-11-28,16.350000381469727,18.520000457763672,15.779999732971191,17.40999984741211,0,19.7810001373291,18.45940008163452,19.659700050354004,-0.03311646782942368,42.00486077583385,0.33861460652875053,0.8828368150877858,-0.5442222085590352,25.378270361015833,19.7810001373291,14.18372991364237,0.19351133510224808,0,bear,hold
2025-12-01,17.239999771118164,18.329999923706055,16.579999923706055,18.049999237060547,0,19.771000099182128,18.495200080871584,19.670400047302245,-0.011467933303607514,44.533594813752785,0.10547910003908356,0.7273652720780454,-0.6218861720389618,25.385651886927448,19.771000099182128,14.156348311436806,0.27460754257386116,0,bear,hold
2025-12-02,16.59000015258789,17.309999465942383,16.389999389648438,17.280000686645508,0,19.742000102996826,18.505000076293946,19.67950004577637,-0.03377984397954903,43.056993216078716,-0.13023078601123927,0.5558460604601884,-0.6860768464714276,25.415769802830475,19.742000102996826,14.068230403163177,0.2222305347975835,0,bear,hold
2025-12-03,16.079999923706055,17.280000686645508,15.930000305175781,16.43000030517578,0,19.596000099182127,18.4938000869751,19.683150043487547,-0.1536842145417866,41.883552787352784,-0.3541034410781485,0.373856160152521,-0.7279596012306695,25.484831463243303,19.596000099182127,13.707168735120952,0.2014687670516602,0,bear,hold
2025-12-04,15.779999732971191,16.6299991607666,15.680000305175781,16.229999542236328,0,19.484500074386595,18.485800075531007,19.685700039863587,-0.12382012590618918,41.172727564052316,-0.549398517202544,0.18920522468150802,-0.738603741884052,25.570377041061075,19.484500074386595,13.398623107712115,0.1956477791367788,0,bear,hold
2025-12-05,15.40999984741211,16.18000030517578,15.279999732971191,15.579999923706055,0,19.280000066757204,18.459200077056884,19.684450039863588,-0.20974359756860983,40.26508944559501,-0.7256621886015537,0.006231742024895681,-0.7318939306264494,25.61962780120673,19.280000066757204,12.940372332307678,0.1947770136158374,0,bear,hold
2025-12-08,16.65999984741211,17.09000015258789,16.100000381469727,16.149999618530273,0,19.159000062942503,18.486600074768067,19.676700043678284,-0.12683438605716146,44.70034470033414,-0.755775752363153,-0.14616975685271408,-0.6096059955104389,25.6008317920502,19.159000062942503,12.717168333834808,0.30603341404910084,0,bear,hold
2025-12-09,16.93000030517578,17.200000762939453,16.450000762939453,16.65999984741211,0,19.12550005912781,18.502800064086912,19.66645004749298,-0.038068185327959414,45.639235594843946,-0.7492176731825388,-0.26677934011867904,-0.4824383330638598,25.60626382644526,19.12550005912781,12.644736291810357,0.3306141195098059,0,bear,hold
2025-12-10,15.770000457763672,17.65999984741211,15.5600004196167,16.940000534057617,0,19.050000047683717,18.49260005950928,19.64815004825592,-0.08738426903239704,42.31518899915056,-0.8280770841800908,-0.37903888893096144,-0.4490381952491294,25.64910604236565,19.050000047683717,12.450894053001786,0.25148151942374297,0,bear,hold
2025-12-11,14.850000381469727,16.8799991607666,14.850000381469727,16.84000015258789,0,18.91700005531311,18.463800048828126,19.62690004825592,-0.15191318176139013,39.83702387011534,-0.9538150665841876,-0.49399412446160673,-0.45982094212258084,25.73837260693513,18.91700005531311,12.095627503691091,0.20189286371140125,0,bear,hold
2025-12-12,15.739999771118164,17.850000381469727,14.850000381469727,14.989999771118164,0,18.70400004386902,18.446000061035157,19.59995005130768,-0.21300001144409175,43.2966502580455,-0.9704609411842817,-0.5892874878061418,-0.3811734533781399,25.64184811467875,18.70400004386902,11.766151973059289,0.2863890760867497,0,bear,hold
2025-12-15,16.5,17.350000381469727,15.989999771118164,16.510000228881836,0,18.537500047683714,18.44300006866455,19.584300055503846,-0.16792737955208759,46.14463439146696,-0.9118163979979457,-0.6537932698445026,-0.2580231281534431,25.518960851234496,18.537500047683714,11.556039244132933,0.3540778137257865,0,bear,hold
2025-12-16,16.479999542236328,17.610000610351562,16.190000534057617,17.280000686645508,0,18.242500066757202,18.445200042724608,19.552800049781798,-0.263628232340299,46.07904355008485,-0.8570742266280007,-0.6944494612012022,-0.1626247654267985,25.045910739037996,18.242500066757202,11.439089394476408,0.37046934181837293,0,bear,hold
2025-12-17,17.6200008392334,18.0,15.819999694824219,16.450000762939453,0,17.88900008201599,18.452800064086915,19.523350052833557,-0.2863507307369959,50.40617135647,-0.7134775589665594,-0.6982550807542737,-0.015222478212285728,24.016805269955796,17.88900008201599,11.761194894076182,0.4780509305915917,0,bear,hold
2025-12-18,16.8700008392334,17.68000030517578,15.930000305175781,17.610000610351562,0,17.549500131607054,18.46420009613037,19.498050055503846,-0.28698220845176337,47.69441738451735,-0.6526713087022848,-0.689138326343876,0.036467017641591104,23.08445630026363,17.549500131607054,12.01454396295048,0.43861746401701124,0,bear,hold
2025-12-19,14.90999984741211,16.530000686645508,14.90999984741211,16.309999465942383,0,16.974000120162962,18.433800086975097,19.44825005054474,-0.435654814369569,41.4227224743819,-0.7539465899373567,-0.7020999790625722,-0.05184661087478459,20.8427437447233,16.974000120162962,13.105256495602626,0.23324669801744527,0,bear,hold
2025-12-22,14.079999923706055,15.260000228881836,14.029999732971191,15.15999984741211,0,16.50650010108948,18.282200088500975,19.401800045967104,-0.3990610439473308,39.07919815584324,-0.8909121564435267,-0.7398624145387631,-0.1510497419047636,19.232671759456416,16.50650010108948,13.780328442722544,0.05496196104595696,0,bear,hold
2025-12-23,14.0,14.449999809265137,13.640000343322754,14.09000015258789,0,16.180500078201295,18.181600074768067,19.332500042915346,-0.31773880664300147,38.85104330076616,-0.9944502761791156,-0.7907799868668337,-0.20367028931228193,18.42589077470346,16.180500078201295,13.935109381699128,0.014449738836532437,0,bear,hold
2025-12-24,13.470000267028809,14.15999984741211,13.380000114440918,14.09000015258789,0,15.926000118255615,18.034800090789794,19.265250043869017,-0.27424565438451265,37.2974615640273,-1.106516299956219,-0.8539272494847108,-0.25258905047150826,18.18866598831032,15.926000118255615,13.66333424820091,-0.0427226095842924,0,bear,hold
2025-12-26,13.600000381469727,14.289999961853027,13.520000457763672,14.119999885559082,0,15.74650011062622,17.89400011062622,19.212100048065185,-0.20884235259185813,37.9528608301557,-1.1713370638722687,-0.9174092123622224,-0.25392785151004627,18.145102072901494,15.74650011062622,13.347898148350945,0.052551910880545144,0,bear,hold
2025-12-29,14.199999809265137,15.079999923706055,13.989999771118164,14.6899995803833,0,15.639000082015992,17.671800117492676,19.15980004787445,-0.1314985028771799,41.01720781658966,-1.160910789921136,-0.9661095278740051,-0.19480126204713089,18.111358565300005,15.639000082015992,13.16664159873198,0.20898227694726454,0,bear,hold
2025-12-30,14.329999923706055,14.619999885559082,14.039999961853027,14.430000305175781,0,15.493500089645385,17.542800102233887,19.122600045204162,-0.16879349687041034,41.68916717129021,-1.1291419246772865,-0.9987160072346614,-0.1304259174426251,17.913816548445176,15.493500089645385,13.073183630845593,0.25963883530414517,0,bear,hold
2025-12-31,14.949999809265137,15.170000076293945,14.380000114440918,14.770000457763672,0,15.411500072479248,17.47720010757446,19.09480004310608,-0.09885475155145962,44.912487006188684,-1.0419253935193886,-1.007357884491607,-0.03456750902778172,17.788399688118144,15.411500072479248,13.034600456840352,0.4029196983798446,0,bear,hold
2026-01-02,14.510000228881836,15.420000076293945,14.460000038146973,14.850000381469727,0,15.333000087738037,17.410000095367433,19.05885004043579,-0.09763679740505693,43.09196557056417,-0.9968192414060919,-1.005250155874504,0.008430914468412043,17.720082988642417,15.333000087738037,12.945917186833656,0.3276138925580684,0,bear,hold
2026-01-05,14.899999618530273,15.270000457763672,14.649999618530273,15.140000343322754,0,15.289000082015992,17.336000080108644,19.03385004043579,-0.055766801605339755,45.211847612062925,-0.9190088376826218,-0.9880018922361276,0.0689930545535058,17.673943879776235,15.289000082015992,12.904056284255747,0.41844661835406,0,bear,hold
2026-01-06,14.75,15.210000038146973,14.630000114440918,15.0,0,15.256000089645386,17.285000095367433,19.00860004425049,-0.04282932212507107,44.524855828884974,-0.8595390170107251,-0.9623093171910472,0.10277030018032207,17.651574540487335,15.256000089645386,12.860425638803438,0.3943885694165031,0,bear,hold
2026-01-07,15.380000114440918,15.479999542236328,14.829999923706055,14.949999809265137,0,15.192000102996825,17.265200080871583,18.989100041389467,-0.07683071696846511,48.09236952387834,-0.7528941168478731,-0.9204262771224124,0.16753216027453932,17.500944687353655,15.192000102996825,12.883055518639996,0.5407112437253363,0,bear,hold
2026-01-08,15.449999809265137,15.850000381469727,15.149999618530273,15.6899995803833,0,15.118000078201295,17.258400077819825,18.97895004272461,-0.08741881094108328,48.48874750463069,-0.6551764089639587,-0.8673763034907218,0.21219989452676313,17.290212063271795,15.118000078201295,12.945788093130796,0.5764197355842013,0,bear,hold
2026-01-09,14.489999771118164,15.8100004196167,14.430000305175781,15.680000305175781,0,15.054000043869019,17.219800071716307,18.96565004348755,-0.08116681353774824,43.57436281965599,-0.6477317530214624,-0.82344739339687,0.17571564037540766,17.221020318037038,15.054000043869019,12.886979769701,0.36986732900609554,0,bear,hold
2026-01-12,15.119999885559082,16.65999984741211,15.029999732971191,16.059999465942383,0,15.067500019073487,17.18380006790161,18.949600043296815,0.018181784320104644,47.34586794671412,-0.5842610675496118,-0.7756101282274184,0.19134906067780655,17.232631861410567,15.067500019073487,12.902368176736408,0.5121239421680956,0,bear,hold
2026-01-13,15.979999542236328,16.5,14.75,15.359999656677246,0,15.079500007629395,17.165200061798096,18.936050038337708,0.015247762046257884,52.0568073177414,-0.4592711155213518,-0.7123423256862051,0.25307121016485334,17.261998527320767,15.079500007629395,12.897001487938024,0.7063001478540002,0,bear,hold
2026-01-14,16.75,18.100000381469727,16.219999313354492,16.329999923706055,0,15.092000007629395,17.151400051116944,18.911550040245057,0.015151515151515138,55.86432733756654,-0.2946861181218079,-0.6288110841733258,0.33412496605151787,17.309481639501932,15.092000007629395,12.874518375756859,0.873847514346831,0,bear,hold
2026-01-15,15.84000015258789,16.540000915527344,15.300000190734863,16.520000457763672,0,15.060000038146972,17.124800052642822,18.879350037574767,-0.03883491549912932,50.73609920027607,-0.2349720923958163,-0.5500432858178239,0.3150711934220076,17.214001221355183,15.060000038146972,12.905998854938762,0.6810584229297338,0,bear,hold
2026-01-16,15.859999656677246,16.290000915527344,15.300000190734863,15.4399995803833,0,14.971999979019165,17.06200004577637,18.849800033569338,-0.09988655497888876,50.84290174311285,-0.18391445262734862,-0.47681751917972887,0.29290306655238024,16.822952197001445,14.971999979019165,13.121047761036884,0.7398764454941166,0,bear,hold
2026-01-20,20.09000015258789,20.989999771118164,18.639999389648438,19.940000534057617,0,15.13299994468689,17.103600044250488,18.842700033187867,0.19087131909714916,67.09277382659586,0.1956197998864262,-0.34233005536649785,0.537949855252924,17.933114917277926,15.13299994468689,12.332884972095854,1.3851422631610961,0,bear,hold
2026-01-21,16.899999618530273,20.809999465942383,16.670000076293945,19.309999465942383,0,15.232499933242797,17.051600036621092,18.7771000289917,0.1334674575106427,52.89260041149743,0.23627343318594285,-0.2266093576560097,0.46288279084195255,18.133457469925048,15.232499933242797,12.331542396560549,0.7874050488850918,0,bear,hold
2026-01-22,15.640000343322754,16.670000076293945,15.270000457763672,16.649999618530273,0,15.310499954223634,16.982800045013427,18.628750023841857,0.11079548494813385,48.52403326437219,0.16491923295463806,-0.14830363953388015,0.3132228724885182,18.16685754370505,15.310499954223634,12.454142364742218,0.5576784206418186,0,bear,hold
2026-01-23,16.09000015258789,16.209999084472656,15.300000190734863,15.680000305175781,0,15.414999961853027,16.95260004043579,18.474300026893616,0.1492857251848494,50.10890404335588,0.14303294424808044,-0.09003632277748803,0.23306926702556846,18.224473179104937,15.414999961853027,12.605526744601118,0.6201293158073092,0,bear,hold
2026-01-26,16.149999618530273,17.389999389648438,15.800000190734863,16.899999618530273,0,15.548999929428101,16.930000019073486,18.293400015830994,0.19896060121553472,50.328495983259124,0.1290418441771095,-0.04622068938656853,0.17526253356367805,18.227200058190906,15.548999929428101,12.870799800665297,0.6122021619384739,0,bear,hold
2026-01-27,16.350000381469727,16.3700008392334,15.739999771118164,16.020000457763672,0,15.6864999294281,16.906800022125243,18.207050023078917,0.20220587668121914,51.101107758503026,0.13256407057619768,-0.010463737394015286,0.14302780797021297,18.229280184768857,15.6864999294281,13.143719674087343,0.6304675169330963,0,bear,hold
2026-01-28,16.350000381469727,17.18000030517578,16.049999237060547,16.09000015258789,0,15.79399995803833,16.833800029754638,18.08520001888275,0.15140849303404713,51.101107758503026,0.1338129480048167,0.01839159968575111,0.11542134831906559,18.256847182465563,15.79399995803833,13.331152733611098,0.6128775707069489,0,bear,hold
2026-01-29,16.8799991607666,19.739999771118164,16.020000457763672,16.040000915527344,0,15.921499919891357,16.77480001449585,17.98180000782013,0.17794830779043447,53.33203526043895,0.17554558424744826,0.04982239659809054,0.12572318764935772,18.33143998622891,15.921499919891357,13.511559853553804,0.6988637091568628,0,bear,hold
2026-01-30,17.440000534057617,19.270000457763672,16.670000076293945,18.719999313354492,0,16.04599995613098,16.67600004196167,17.914550013542176,0.16655523455253318,55.63519429127668,0.2509140488681929,0.09004072705211102,0.16087332181608188,18.49920529146262,16.04599995613098,13.592794620799344,0.7841182019804688,0,bear,hold
2026-02-02,16.34000015258789,19.959999084472656,16.079999923706055,19.950000762939453,0,16.137499952316283,16.509000034332274,17.845650010108947,0.12611991005096468,50.376022394621025,0.21935467819605492,0.11590351728089981,0.1034511609151551,18.48912824156043,16.137499952316283,13.785871663072134,0.5430553164370836,0,bear,hold
2026-02-03,18.0,20.3700008392334,16.049999237060547,16.15999984741211,0,16.29249997138977,16.395800037384035,17.772450013160707,0.2080537222037533,56.98438399934349,0.32455054736960776,0.15763292329864143,0.16691762407096633,18.705289945138503,16.29249997138977,13.879709997641038,0.8538434855888638,0,bear,hold
2026-02-04,18.639999389648438,21.239999771118164,17.469999313354492,17.6299991607666,0,16.48699994087219,16.240200023651123,17.717400012016295,0.26372877217955515,59.23816714079372,0.4543244640174855,0.21697123144241026,0.23735323257507523,18.996287484440106,16.48699994087219,13.977712397304277,0.9290061245262732,0,bear,hold
2026-02-05,21.770000457763672,23.100000381469727,19.059999465942383,19.239999771118164,0,16.80649995803833,16.207000026702882,17.657150015830993,0.4154746616238916,68.05382068116133,0.8005083931608539,0.333678663786099,0.46682972937475486,20.15689278598845,16.80649995803833,13.45610713008821,1.2407341100897373,0,bear,hold
2026-02-06,20.3700008392334,21.489999771118164,19.989999771118164,21.239999771118164,0,17.052500009536743,16.204000034332275,17.606150021553038,0.31844667253767933,61.63311124854872,0.9509316342518375,0.45712925787924674,0.4938023763725907,20.67944875132533,17.052500009536743,13.425551267748155,0.9573404624489769,0,bear,hold
2026-02-09,17.360000610351562,19.200000762939453,16.899999618530273,17.950000762939453,0,17.196000051498412,16.180000057220457,17.5507000207901,0.19806769389699763,50.583172662608675,0.8178337948054626,0.52927016526449,0.2885636295409726,20.627911757371827,17.196000051498412,13.764088345624998,0.5238934700115504,0,bear,hold
2026-02-10,17.790000915527344,17.969999313354492,17.139999389648438,17.469999313354492,0,17.329500102996825,16.192000064849854,17.507300028800966,0.17658737104345779,51.90962263875689,0.7385368361671354,0.5711234994450192,0.16741333672211622,20.63333741276375,17.329500102996825,14.025662793229897,0.5696918112718762,0,bear,hold
2026-02-11,17.649999618530273,18.959999084472656,16.75,17.8700008392334,0,17.413000106811523,16.218000049591065,17.471350026130676,0.10450563980806193,51.42562463428377,0.6568250205371449,0.5882638036634443,0.06856121687370054,20.660116612582843,17.413000106811523,14.165883601040203,0.5364938417358162,0,bear,hold
2026-02-12,20.81999969482422,21.209999084472656,17.079999923706055,17.440000534057617,0,17.616500091552734,16.289600048065186,17.449700026512147,0.24298505640741608,60.423584524328625,0.8381981053116014,0.6382506639930758,0.1999474413185256,21.167800140423715,17.616500091552734,14.06520004268175,0.9510319543810346,0,bear,hold
2026-02-13,20.600000381469727,22.399999618530273,18.920000076293945,21.479999542236328,0,17.854500102996827,16.369800052642823,17.431850028038024,0.30050506205987393,59.59846167372501,0.9531976070717256,0.7012400526088058,0.2519575544629198,21.533388577071552,17.854500102996827,14.175611628922102,0.8731426350405225,0,bear,hold
2026-02-17,20.290000915527344,22.959999084472656,19.760000228881836,21.739999771118164,0,18.07600016593933,16.454000072479246,17.409800028800966,0.2793191270332098,58.38852146157779,1.0077049788932655,0.7625330378656978,0.24517194102756767,21.7812258984203,18.07600016593933,14.37077443345836,0.7987673234291112,0,bear,hold
2026-02-18,19.6200008392334,20.34000015258789,18.479999542236328,19.780000686645508,0,18.052500200271606,16.53080009460449,17.38490003108978,-0.02339468938699585,55.7539899187693,0.9854790677796466,0.8071222438484876,0.17835682393115893,21.712013441356554,18.052500200271606,14.39298695918666,0.7141679146510029,0,bear,hold
2026-02-19,20.229999542236328,21.110000610351562,19.229999542236328,19.34000015258789,0,18.21900019645691,16.627200088500977,17.372650027275085,0.19704142005156156,57.62850300025165,1.005495939166309,0.8467969829120519,0.15869895625425712,21.95581666578286,18.21900019645691,14.482183727130963,0.7690792232220819,0,bear,hold
2026-02-20,19.09000015258789,21.209999084472656,18.760000228881836,20.040000915527344,0,18.391500186920165,16.675800094604494,17.34990003108978,0.2205882182565333,53.10082031576742,0.9187799077261651,0.8611935678748746,0.05758633985129058,21.950468081522345,18.391500186920165,14.832532292317985,0.59813237803116,0,bear,hold
2026-02-23,21.010000228881836,22.040000915527344,19.5,20.489999771118164,0,18.637500190734862,16.757400093078612,17.331150031089784,0.30577998941178497,58.95044978488866,0.9935319700033389,0.8876612483005675,0.10587072170277145,22.206269793783783,18.637500190734862,15.068730587685941,0.8323974789686713,0,bear,hold
2026-02-24,19.549999237060547,22.079999923706055,19.229999542236328,21.239999771118164,0,18.807500171661378,16.83300006866455,17.31115003108978,0.21052629714177606,53.487217056605914,0.9243087833230383,0.8949907553050617,0.02931802801797667,22.205957996638936,18.807500171661378,15.409042346683817,0.6092405884725188,0,bear,hold
2026-02-25,17.93000030517578,19.6200008392334,17.860000610351562,19.59000015258789,0,18.88650016784668,16.894600067138672,17.28840003490448,0.09663607870595214,48.15453122462217,0.7303099754508189,0.8620545993342132,-0.13174462388339436,22.12234499569923,18.88650016784668,15.650655339994131,0.35220245197825584,0,bear,hold
2026-02-26,18.6299991607666,20.540000915527344,17.5,18.06999969482422,0,19.000500106811522,16.95240005493164,17.272050032615663,0.13944946337009956,50.45321262411364,0.6258343512054623,0.814810549708463,-0.18897619850300074,22.024586766560645,19.000500106811522,15.976413447062397,0.43874167844190415,0,bear,hold
2026-02-27,19.860000610351562,21.739999771118164,18.770000457763672,19.280000686645508,0,19.149500179290772,17.019600067138672,17.279400038719178,0.17654037901324315,54.28840642194961,0.6349679880034174,0.7788420373674539,-0.14387404936403658,22.031294656688296,19.149500179290772,16.26770570189325,0.6232739594432192,0,bear,hold
2026-03-02,21.440000534057617,25.239999771118164,20.3700008392334,24.65999984741211,0,19.34950017929077,17.1188000869751,17.295500044822692,0.2293577911416127,58.70976092533664,0.760927748776048,0.7752591796491728,-0.014331430873124829,22.283701940858247,19.34950017929077,16.415298417723296,0.8562298240953414,0,bear,hold
2026-03-03,23.56999969482422,28.149999618530273,22.18000030517578,24.56999969482422,0,19.711000156402587,17.237800064086915,17.320250039100646,0.44247242807346354,63.79390359803512,1.0208570927043539,0.824378762260209,0.19647833044414487,22.84754542050396,19.711000156402587,16.574454892301215,1.1151672004528277,0,bear,hold
2026-03-04,21.149999618530273,24.8700008392334,20.399999618530273,24.389999389648438,0,19.8685001373291,17.32340003967285,17.336850037574767,0.1749999788072374,55.44125826724164,1.019823300890213,0.8634676699862098,0.15635563090400306,22.96161035216918,19.8685001373291,16.77538992248902,0.7071538665277449,0,bear,hold
2026-03-05,23.75,25.84000015258789,20.549999237060547,22.110000610351562,0,20.12400016784668,17.50020004272461,17.369400038719178,0.27414167262201516,61.30344773639238,1.2147988699178534,0.9337339099725386,0.2810649599453148,23.590637610404293,20.12400016784668,16.65736272528907,1.0229851538034118,0,bull,golden_cross
2026-03-06,29.489999771118164,29.93000030517578,22.920000076293945,23.200000762939453,0,20.510000133514403,17.80840003967285,17.426150040626524,0.35461640565107877,70.52338050901992,1.811605364488333,1.1093082008756976,0.7022971636126354,25.841427483387523,20.510000133514403,15.178572783641282,1.34217593603873,0,bull,hold
2026-03-09,25.5,35.29999923706055,24.760000228881836,35.119998931884766,0,20.766500091552736,18.03840003967285,17.463200039863587,0.2518408909873988,59.8486792091877,1.9402531449943723,1.2754971896994327,0.6647559552949396,26.52297891511369,20.766500091552736,15.010021267991782,0.9111454287882818,0,bull,hold
2026-03-10,24.93000030517578,26.010000228881836,22.190000534057617,24.389999389648438,0,21.145000076293947,18.26760004043579,17.4835000371933,0.4360598749236402,58.48671322392144,1.9734643575416797,1.4150906232678822,0.5583737342737976,26.951039910379833,21.145000076293947,15.33896024220806,0.8259536910736466,0,bull,hold
2026-03-11,24.229999542236328,26.229999542236328,23.75,24.899999618530273,0,21.467000007629395,18.480200023651122,17.503250031471254,0.36200102840287496,56.77788092500317,1.9211543993024733,1.5163033784748006,0.40485102082767277,27.207000286296264,21.467000007629395,15.726999728962525,0.7406793902846854,0,bull,hold
2026-03-12,27.290000915527344,27.329999923706055,24.600000381469727,25.479999542236328,0,21.949000072479247,18.74200004577637,17.528250031471252,0.5461757226825255,62.004090952639984,2.10237999001232,1.6335187007823047,0.46886128923001547,27.939482229170295,21.949000072479247,15.958517915788201,0.9457905643774003,0,bull,hold
2026-03-13,27.190000534057617,28.469999313354492,24.670000076293945,27.850000381469727,0,22.267500114440917,18.999200057983398,17.569400038719177,0.30595585651314683,61.741353690907495,2.2124298669468168,1.7493009340152073,0.4631289329316095,28.648628240393187,22.267500114440917,15.886371988488648,0.8857076932522887,0,bull,hold
2026-03-16,23.510000228881836,26.420000076293945,23.229999542236328,25.8799991607666,0,22.413000106811523,19.170400066375734,17.590400042533876,0.14126212589926634,52.86384766298419,1.9798771266171187,1.7954161725355897,0.18446095408152896,28.76805836017828,22.413000106811523,16.057941853444767,0.5863092105795528,0,bull,hold
2026-03-17,22.3700008392334,24.579999923706055,21.8700008392334,24.559999465942383,0,22.517000102996825,19.327600078582762,17.606350045204163,0.10251354508881727,50.44411820942987,1.6841748616390788,1.7731679103562876,-0.08899304871720881,28.79732223494376,22.517000102996825,16.23667797104989,0.4882968372740256,0,bull,hold
2026-03-18,25.09000015258789,25.1299991607666,21.469999313354492,21.510000228881836,0,22.79050006866455,19.531400089263915,17.63895004749298,0.2787970988470263,55.65919248283636,1.6502864241986472,1.7485916131247596,-0.0983051889261124,29.018564138689136,22.79050006866455,16.562435998639963,0.6846079341886301,0,bull,hold
2026-03-19,24.059999465942383,27.520000457763672,23.540000915527344,25.600000381469727,0,22.982000064849853,19.717600078582763,17.667450041770934,0.18932278845136685,53.36881910922075,1.522763674287006,1.703426025357209,-0.180662351070203,29.118219277112818,22.982000064849853,16.845780852586888,0.5878390555978016,0,bull,hold
2026-03-20,26.780000686645508,29.280000686645508,23.68000030517578,24.459999084472656,0,23.366500091552734,19.945600090026854,17.712900042533875,0.4028287308848,58.25420011985572,1.6224794100614695,1.6872367022980612,-0.06475729223659177,29.442457153615415,23.366500091552734,17.290543029490053,0.7809022973850601,0,bull,hold
2026-03-23,26.149999618530273,31.040000915527344,20.280000686645508,30.040000915527344,0,23.623500061035156,20.15960008621216,17.75560003757477,0.24464537523339147,56.77064820153808,1.6318579849631902,1.6761609588310873,-0.044302973867897055,29.713821389631583,23.623500061035156,17.533178732438728,0.7074192330076428,0,bull,hold
2026-03-24,26.950000762939453,27.940000534057617,25.639999389648438,25.90999984741211,0,23.9935001373291,20.408800106048584,17.797950043678284,0.3785167168626211,58.2255065300297,1.684426954198461,1.6778141579045622,0.0066127962938986595,29.946554248547624,23.9935001373291,18.040446026110576,0.7483179701020045,0,bull,hold
2026-03-25,25.329999923706055,26.670000076293945,24.81999969482422,25.790000915527344,0,24.363500118255615,20.613000106811523,17.840750041007997,0.41271608993749687,54.24437944858332,1.5771868836126188,1.6576887030461738,-0.08050181943355494,29.645099648743084,24.363500118255615,19.081900587768146,0.5914968845963635,0,bull,hold
2026-03-26,27.440000534057617,28.489999771118164,26.1200008392334,26.489999771118164,0,24.804000186920167,20.84220012664795,17.892150044441223,0.4728932780546886,58.24858185095803,1.6435123825991909,1.6548534389567773,-0.011341056357586421,29.540823666241696,24.804000186920167,20.067176707598637,0.7782455751881864,0,bull,hold
2026-03-27,31.049999237060547,31.649999618530273,27.540000915527344,27.540000915527344,0,25.363500118255615,21.12820011138916,17.96265003681183,0.5634440222965782,64.04592308141325,1.9647244235535908,1.71682763587614,0.24789678767745071,30.272594784876194,25.363500118255615,20.454405451635036,1.0791800224866632,0,bull,hold
2026-03-30,30.610000610351562,31.520000457763672,29.329999923706055,30.790000915527344,0,25.822000122070314,21.423600120544435,18.029400038719178,0.42770521678520135,62.89952887357911,2.158896651531915,1.8052414390072953,0.35365521252461973,30.890008124937136,25.822000122070314,20.75399211920349,0.9723749928544725,0,bull,hold
2026-03-31,25.25,29.639999389648438,25.079999923706055,29.530000686645508,0,25.9060001373291,21.61140012741089,18.06555003643036,0.07127706096426878,50.938091642317204,1.8588446828654455,1.8159620877789255,0.042882595086519926,30.876675820768384,25.9060001373291,20.93532445388982,0.43401298142275846,0,bull,hold
2026-04-01,24.540000915527344,25.350000381469727,23.5,24.299999237060547,0,26.075500202178954,21.70040014266968,18.084150042533874,0.16028375215794188,49.59275237591269,1.5459397128370256,1.7619576127905456,-0.21601789995352005,30.596780800618703,26.075500202178954,21.554219603739206,0.33019199392518384,0,bull,hold
2026-04-02,23.8700008392334,27.889999389648438,23.8700008392334,26.780000686645508,0,26.081500244140624,21.83980016708374,18.107950043678283,0.005052666915090542,48.29645061945855,1.2297214001720853,1.6555103702668537,-0.42578897009476835,30.59072295961358,26.081500244140624,21.57227752866767,0.25478041954784325,0,bull,hold
2026-04-06,24.170000076293945,25.299999237060547,23.780000686645508,24.93000030517578,0,25.815500259399414,22.010400161743163,18.120800042152403,-0.18040012669089622,48.94002460389003,0.9918896538876076,1.5227862269910046,-0.530896573103397,30.111691398473948,25.815500259399414,21.51930912032488,0.30849313614804214,0,bull,hold
2026-04-07,25.780000686645508,28.0,24.34000015258789,25.09000015258789,0,25.82950029373169,22.204200172424315,18.14900004863739,0.010980419084137605,52.366747107455375,0.9226837514547341,1.4027657318837505,-0.4800819804290164,30.123311917547323,25.82950029373169,21.53568866991606,0.4942359363401467,0,bull,hold
2026-04-08,21.040000915527344,22.170000076293945,19.90999984741211,20.969999313354492,0,25.63500032424927,22.302000198364258,18.15110004901886,-0.15603687693661294,43.17902012658167,0.47982804841721816,1.218178195190444,-0.7383501467732259,30.4006627253412,25.63500032424927,20.86933792315734,0.017905484904984233,0,bull,hold
2026-04-09,19.489999771118164,21.6299991607666,19.450000762939453,21.25,0,25.39800033569336,22.364800186157225,18.14940004825592,-0.19562525219431692,40.666401311513226,0.0037463886666664337,0.9752918338856886,-0.9715454452190222,30.8426548759727,25.39800033569336,19.953345795414023,-0.04255054392046765,0,bull,hold
2026-04-10,19.229999542236328,20.280000686645508,18.829999923706055,19.709999084472656,0,24.995000267028807,22.42240016937256,18.15815004825592,-0.29534632110272563,40.24336802614913,-0.39003551559190797,0.7022263639901694,-1.0922618795820773,30.98562129997765,24.995000267028807,19.004379234079963,0.018831128435218787,0,bull,hold
2026-04-13,19.1200008392334,21.579999923706055,18.959999084472656,21.170000076293945,0,24.591500282287598,22.467200202941896,18.16995005130768,-0.29680027717233426,40.05353221735442,-0.7028840776797196,0.42120427565619156,-1.1240883533359112,31.008338275453138,24.591500282287598,18.174662289122058,0.0736607774045569,0,bull,hold
2026-04-14,18.360000610351562,18.760000228881836,17.889999389648438,18.729999542236328,0,24.334000301361083,22.485600204467772,18.178800053596497,-0.21905570261133145,38.69536390414351,-1.0006100738965884,0.13684140574563558,-1.137451479642224,31.294099009640213,24.334000301361083,17.373901593081953,0.07083944198209655,0,bull,hold
2026-04-15,18.170000076293945,18.5,17.399999618530273,18.18000030517578,0,24.12400026321411,22.522200202941896,18.188050055503844,-0.18775147990040864,38.34529731427456,-1.2376249559982,-0.1380518666031315,-1.0995730893950686,31.546539919044857,24.12400026321411,16.701460607383364,0.09892432624169115,0,bull,hold
2026-04-16,17.940000534057617,19.09000015258789,17.760000228881836,18.040000915527344,0,23.7665002822876,22.521000213623047,18.19410006046295,-0.2849740763270897,37.89833725264788,-1.4275639301764507,-0.39595427931779537,-1.0316096508586554,31.643340344756684,23.7665002822876,15.889660219818513,0.13014992674590384,0,bull,hold
2026-04-17,17.479999542236328,18.239999771118164,16.8700008392334,18.18000030517578,0,23.437500286102296,22.497800216674804,18.197350058555603,-0.27348296216798473,36.97017355575638,-1.5968032177813285,-0.636124067010502,-0.9606791507708266,31.77407244356188,23.437500286102296,15.10092812864271,0.14268882753355758,0,bull,hold
2026-04-20,18.8700008392334,19.989999771118164,18.770000457763672,19.579999923706055,0,23.04200029373169,22.4398002243042,18.208500065803527,-0.2953696655936465,41.62270691437303,-1.6003176192180675,-0.8289627774520152,-0.7713548417660523,31.456909848478745,23.04200029373169,14.627090738984633,0.2521066966106152,0,bull,hold
2026-04-21,19.5,20.850000381469727,18.75,19.18000030517578,0,22.709500312805176,22.42240020751953,18.224100069999693,-0.2543020923724215,43.652841605593785,-1.5345774865023039,-0.9700857192620731,-0.5644917672402308,31.132427305298847,22.709500312805176,14.286573320311506,0.3094783253098707,0,bull,hold
2026-04-22,18.920000076293945,19.540000915527344,18.68000030517578,19.030000686645508,0,22.3080002784729,22.45360019683838,18.22975006580353,-0.2979592007169083,42.197903809418925,-1.5118514221744555,-1.0784388598445496,-0.4334125623299059,30.649258193535196,22.3080002784729,13.966742363410601,0.2969131133050662,0,bull,hold
2026-04-23,19.309999465942383,21.559999465942383,18.700000762939453,19.420000076293945,0,22.007000255584718,22.48400016784668,18.24225006580353,-0.23766286916288626,43.56009741183897,-1.4457059626615987,-1.1518922804079594,-0.29381368225363924,30.32476948499375,22.007000255584718,13.689231026175682,0.33787715700824084,0,bull,hold
2026-04-24,18.709999084472656,19.350000381469727,18.459999084472656,18.889999389648438,0,21.57050018310547,22.50520015716553,18.256100063323974,-0.3181487346820411,41.923198210368575,-1.4252705936145098,-1.2065679430492695,-0.2187026505652403,29.613739620042065,21.57050018310547,13.527260746168874,0.32217978707082456,0,bull,hold
2026-04-27,18.020000457763672,19.270000457763672,18.020000457763672,19.209999084472656,0,20.919000244140626,22.449200172424316,18.267300066947936,-0.4196457036863491,40.0589077331001,-1.448060202404946,-1.2548663949204049,-0.19319380748454118,27.81428277317098,20.919000244140626,14.023717715110271,0.28978382871393205,0,bull,hold
2026-04-28,17.829999923706055,19.43000030517578,17.780000686645508,18.299999237060547,0,20.28000020980835,22.39380016326904,18.274450068473815,-0.4175106315523437,39.537521103203915,-1.4645699361980036,-1.2968071031759247,-0.16776283302207884,25.66859222962151,20.28000020980835,14.891408189995191,0.27266786230113915,0,bull,hold
2026-04-29,18.809999465942383,19.0,17.809999465942383,17.829999923706055,0,19.95800018310547,22.364200134277343,18.28250006198883,-0.2550495261012917,43.61402284618231,-1.3826380554734463,-1.3139732936354291,-0.06866476183801717,24.868620178757745,19.95800018310547,15.047380187453191,0.38311040986886663,0,bull,hold
2026-04-30,16.889999389648438,18.729999542236328,16.8700008392334,18.68000030517578,0,19.575500106811525,22.309600105285643,18.28005006313324,-0.311735991869441,38.18245084031327,-1.45585225124292,-1.3423490851569273,-0.11350316608599265,24.181207776604353,19.575500106811525,14.969792437018699,0.20845949095116073,0,bull,hold
2026-05-01,16.989999771118164,17.389999389648438,16.440000534057617,17.010000228881836,0,19.23150005340576,22.24480010986328,18.27920006275177,-0.288227935744647,38.61126897641704,-1.4886456533810382,-1.3716083988017496,-0.1170372545792886,23.519578187213,19.23150005340576,14.94342191959852,0.23863579296566548,0,bull,hold
2026-05-04,18.290000915527344,19.079999923706055,17.149999618530273,17.3799991607666,0,18.937500095367433,22.22880012512207,18.28805006504059,-0.24327675391833092,44.04532943911106,-1.3936700719878807,-1.3760207334389758,-0.017649338548904936,22.590087919149592,18.937500095367433,15.284912271585275,0.41136432427111064,0,bull,hold
2026-05-05,17.3799991607666,18.020000457763672,17.200000762939453,17.950000762939453,0,18.517500019073488,22.156200103759765,18.292900061607362,-0.32583403033927205,41.29005745694867,-1.375969456495664,-1.3760104780503135,4.102155464957846e-05,20.455797343537064,18.517500019073488,16.57920269460991,0.20657214351217004,0,bull,hold
2026-05-06,17.389999389648438,17.459999084472656,16.18000030517578,17.149999618530273,0,18.33499994277954,22.113000106811523,18.29660006046295,-0.1734791524265209,41.333489200695006,-1.3456231502420088,-1.3699330124886526,0.024309862246643776,19.94913153158582,18.33499994277954,16.72086835397326,0.2072727652179924,0,bull,hold
2026-05-07,17.079999923706055,17.600000381469727,16.850000381469727,17.530000686645508,0,18.214499950408936,22.096000099182127,18.29950006008148,-0.12365314908743297,40.33730829254021,-1.331242119545891,-1.3621948339001004,0.030952714354209432,19.82556788262643,18.214499950408936,16.60343201819144,0.1479043484090269,0,bull,hold
2026-05-08,17.190000534057617,17.530000686645508,16.81999969482422,17.3700008392334,0,18.1125,22.06720012664795,18.308600063323976,-0.10608419431826321,40.88178125555302,-1.2960291024249244,-1.3489616876050654,0.05293258518014099,19.711748526435606,18.1125,16.513251473564395,0.2115834560127924,0,bull,hold
2026-05-11,18.3799991607666,18.469999313354492,17.899999618530273,18.209999084472656,0,18.07549991607666,22.03760009765625,18.323550057411193,-0.03870301495742334,46.56311921231948,-1.158742328448234,-1.3109178157736994,0.15217548732546526,19.612841581568137,18.07549991607666,16.53815825058518,0.5990343433489771,0,bull,hold
2026-05-12,17.989999771118164,19.100000381469727,17.920000076293945,18.770000457763672,0,18.05699987411499,21.96860008239746,18.338850054740906,-0.02015255048656084,45.03559759659125,-1.0690874872880443,-1.2625517500765684,0.19346426278852413,19.589097885403692,18.05699987411499,16.524901862826287,0.4781345245202462,0,bull,hold
2026-05-13,17.8700008392334,18.399999618530273,17.760000228881836,17.979999542236328,0,18.041999912261964,21.854600105285645,18.353050060272217,-0.016510689917494825,44.55130937345388,-0.9962343215460763,-1.20928826437047,0.21305394282439383,19.57525274185116,18.041999912261964,16.50874708267277,0.44391040091064116,0,bull,hold
2026-05-14,17.260000228881836,18.079999923706055,17.200000762939453,17.860000610351562,0,18.007999897003174,21.776800117492677,18.359450063705445,-0.0379041407431876,42.07443573499581,-0.9764635501062457,-1.1627233215176251,0.1862597714113794,19.578497958645855,18.007999897003174,16.437501835360493,0.26185909222359727,0,bull,hold
2026-05-15,18.43000030517578,19.270000457763672,17.799999237060547,18.06999969482422,0,18.055499935150145,21.670400123596192,18.374200067520142,0.05434787115663231,48.04124824239649,-0.8565125002982406,-1.1014811572737484,0.24496865697550785,19.616685107094945,18.055499935150145,16.494314763205345,0.6199410475949862,0,bull,hold
2026-05-18,17.81999969482422,19.440000534057617,17.700000762939453,19.25,0,18.00299987792969,21.437000122070312,18.37970006942749,-0.05564393734557127,45.414629969656936,-0.8014339487069293,-1.0414717155603848,0.24003776685345546,19.521118399375222,18.00299987792969,16.484881356484156,0.43972796572851913,0,bull,hold
2026-05-19,18.059999465942383,18.360000610351562,17.65999984741211,18.010000228881836,0,17.930999851226808,21.28820011138916,18.368100070953368,-0.073846181233724,46.65051521988058,-0.7300028060466843,-0.9791779336576447,0.2491751276109604,19.286136651437836,17.930999851226808,16.57586305101578,0.5475965285185549,0,bull,hold
2026-05-20,17.440000534057617,18.18000030517578,17.1299991607666,18.170000076293945,0,17.85699987411499,21.138400115966796,18.367700071334838,-0.07822407696978351,43.886157481774006,-0.7151777195424636,-0.9263778908346085,0.21120017129214497,19.148155766209975,17.85699987411499,16.565843982020006,0.33851704406477034,0,bull,hold
2026-05-21,16.760000228881836,17.8700008392334,16.600000381469727,17.579999923706055,0,17.729499912261964,20.989000129699708,18.3622500705719,-0.13205589371237714,41.01545500709963,-0.7496574884259175,-0.8910338103528704,0.14137632192695293,18.921346654993517,17.729499912261964,16.53765316953041,0.09327837690013512,0,bull,hold
2026-05-22,16.700000762939453,17.389999389648438,16.459999084472656,16.829999923706055,0,17.628999996185303,20.777200126647948,18.36190007209778,-0.10742909780264454,40.76209382812041,-0.7729147292681731,-0.867409994135931,0.09449526486775794,18.812129617141608,17.628999996185303,16.445870375229,0.1073975256849053,0,bull,hold
2026-05-25,16.59000015258789,16.8700008392334,16.530000686645508,16.809999465942383,0,17.557499980926515,20.565200119018556,18.362000074386597,-0.07935628572970899,40.27094093328885,-0.7911030466596038,-0.8521486046406657,0.061045557981061815,18.808369500126826,17.557499980926515,16.306630461726204,0.11326908462956496,0,bull,hold
2026-05-26,17.010000228881836,17.229999542236328,16.559999465942383,16.920000076293945,0,17.516499996185303,20.435200119018553,18.371300077438356,-0.045989887736004986,43.09051703870739,-0.7628334539524069,-0.8342855745030139,0.07145212055060701,18.78261630640493,17.516499996185303,16.250383685965677,0.2999789738054922,0,bull,hold
2026-05-27,16.290000915527344,17.18000030517578,16.290000915527344,17.010000228881836,0,17.39050006866455,20.313600120544432,18.37150008201599,-0.13397121860517747,39.63623394022285,-0.7894274965838513,-0.8253139589191814,0.035886462335330105,18.617601697455704,17.39050006866455,16.163398439873397,0.05158597816330242,0,bull,hold
2026-05-28,15.739999771118164,16.850000381469727,15.609999656677246,16.760000228881836,0,17.333000087738036,20.12660011291504,18.3765500831604,-0.06808760568902605,37.18407085305669,-0.8451416953894579,-0.8292795062132368,-0.015862189176221175,18.74271051071744,17.333000087738036,15.92328966475863,-0.06500976748582377,0,bull,hold
2026-05-29,15.319999694824219,15.880000114440918,15.220000267028809,15.8100004196167,0,17.24950008392334,19.951800117492677,18.38070008277893,-0.09829311941091556,35.38382347588909,-0.9126654561479057,-0.8459566962001707,-0.06670875994773506,18.906696133593563,17.24950008392334,15.592304034253118,-0.08215815487946859,0,bull,hold
2026-06-01,16.049999237060547,16.34000015258789,15.710000038146973,15.880000114440918,0,17.1375,19.737200088500977,18.386800079345704,-0.12247138142924541,40.75290746412874,-0.8969343598554964,-0.8561522289312359,-0.04078213092426053,18.801036814157868,17.1375,15.473963185842129,0.17313594935679985,0,bull,hold
2026-06-02,15.770000457763672,16.290000915527344,15.710000038146973,16.280000686645508,0,17.057000064849852,19.529600105285645,18.390200080871583,-0.09263514273564066,39.40058625669809,-0.8967240376346339,-0.8642665906719156,-0.03245744696271835,18.81872751392666,17.057000064849852,15.295272615773044,0.13473362245658316,0,bull,hold
2026-06-03,16.059999465942383,16.6299991607666,15.9399995803833,15.970000267028809,0,16.990500068664552,19.3118000793457,18.395550079345703,-0.07648073435228242,41.56345828849687,-0.8632063539016457,-0.8640545433178617,0.0008481894162160053,18.79677217874134,16.990500068664552,15.184227958587766,0.2424251314264569,0,bull,hold
2026-06-04,15.399999618530273,16.799999237060547,15.180000305175781,16.329999923706055,0,16.90650005340576,19.113200073242187,18.394700078964235,-0.09836067404450266,38.22007658849426,-0.8797585114097934,-0.8671953369362481,-0.01256317447354538,18.84007995011352,16.90650005340576,14.972920156698004,0.11043750055517315,0,bull,hold
2026-06-05,21.510000228881836,21.56999969482422,15.5600004196167,15.869999885559082,0,17.122500038146974,18.994600067138673,18.423800082206725,0.2513088749628156,65.71528200312272,-0.3952935318635191,-0.7728149759217023,0.3775214440581832,19.910774686013482,17.122500038146974,14.334225390280466,1.286776904149673,0,bull,hold
2026-06-08,18.920000076293945,20.350000381469727,17.940000534057617,20.290000915527344,0,17.14950008392334,18.75200008392334,18.435400080680846,0.029379811761907737,54.61859478069408,-0.21783188163497513,-0.6618183570643569,0.44398647542938174,19.995813483884284,17.14950008392334,14.303186683962396,0.8110163470394546,0,bull,hold
2026-06-09,19.8700008392334,23.34000015258789,17.520000457763672,18.190000534057617,0,17.2435001373291,18.537200088500978,18.46365008354187,0.10450256209193842,57.456323248458645,-0.0005290249349947374,-0.5295604906384845,0.5290314657034898,20.31027252173092,17.2435001373291,14.176727752927281,0.9282190480231227,0,bull,hold
2026-06-10,22.219999313354492,22.65999984741211,20.059999465942383,20.100000381469727,0,17.461000061035158,18.476600074768065,18.500800080299378,0.2434246373716289,63.531262458078615,0.357192795485588,-0.35220983341367007,0.7094026288992581,21.214728364253155,17.461000061035158,13.70727175781716,1.1339029982856696,0,bear,death_cross
2026-06-11,19.440000534057617,22.59000015258789,19.360000610351562,21.25,0,17.570000076293944,18.374600067138672,18.52490008354187,0.12630360812671948,53.75281631672345,0.411622321449709,-0.19944340244099426,0.6110657238907032,21.41943646997726,17.570000076293944,13.720563682610628,0.7428927596819404,0,bear,hold
2026-06-12,17.68000030517578,19.850000381469727,17.59000015258789,19.510000228881836,0,17.532500076293946,18.25080005645752,18.5390500831604,-0.04069451913082034,48.647786856919744,0.30917680562532723,-0.09771936082772996,0.4068961664530572,21.362256658682583,17.532500076293946,13.70274349390531,0.5192571284504247,0,bear,hold
2026-06-15,16.200000762939453,16.850000381469727,15.979999542236328,16.780000686645508,0,17.451500129699706,18.09140007019043,18.547900085449218,-0.09090903252682381,44.795121497106,0.10732720090503278,-0.056710048481177416,0.1640372493862102,21.321819392091776,17.451500129699706,13.581180867307635,0.33832091335189274,0,bear,hold
2026-06-16,16.40999984741211,16.440000534057617,15.770000457763672,16.200000762939453,0,17.369000148773193,17.904000053405763,18.553150086402894,-0.09136210782518839,45.45519469702866,-0.03528811458347647,-0.05242566170163723,0.017137547118160762,21.25423328007833,17.369000148773193,13.483767017468054,0.37658394374922194,0,bear,hold
2026-06-17,18.440000534057617,18.84000015258789,16.020000457763672,16.079999923706055,0,17.419000148773193,17.852000045776368,18.55950008869171,0.05733944778540323,51.4930422799557,0.015315759846917132,-0.038877377391926364,0.054193137238843496,21.33223878687142,17.419000148773193,13.505761510674965,0.6304546540229161,0,bear,hold
2026-06-18,16.399999618530273,17.600000381469727,16.350000381469727,17.229999542236328,0,17.401000118255617,17.79020004272461,18.559750084877013,-0.02147974972763944,45.98424635824416,-0.10794698432913563,-0.05269129877936822,-0.05525568554976741,21.329480342407706,17.401000118255617,13.472519894103527,0.372596978652044,0,bear,hold
2026-06-22,17.280000686645508,17.920000076293945,16.489999771118164,17.479999542236328,0,17.43000011444092,17.751200065612792,18.569650087356568,0.034730532766991784,48.5416625106961,-0.1330906789270614,-0.06877117480890685,-0.06431950411815454,21.345896056073983,17.43000011444092,13.514104172807855,0.48084736800579336,0,bear,hold
2026-06-23,19.489999771118164,20.540000915527344,18.610000610351562,19.670000076293945,0,17.575000095367432,17.75860004425049,18.591200084686278,0.17480407425300104,54.382868409870525,0.025022771404884736,-0.05001238556614854,0.07503515697103327,21.569714199999066,17.575000095367432,13.5802859907358,0.7396917057882069,0,bear,hold
2026-06-24,18.6299991607666,20.34000015258789,18.040000915527344,19.1299991607666,0,17.65600004196167,17.764000015258787,18.608800082206727,0.09523803116322815,51.91332340119859,0.08001163370067843,-0.024007581712783145,0.10401921541346157,21.667266232096978,17.65600004196167,13.64473385182636,0.621407938620508,0,bear,hold
2026-06-25,18.889999389648438,19.950000762939453,17.719999313354492,18.110000610351562,0,17.785999965667724,17.778400001525878,18.6280500793457,0.159607018293217,52.613915625336084,0.1429230211799677,0.009378538865767023,0.13354448231420066,21.780247915257565,17.785999965667724,13.791752016077885,0.6381986594114769,0,bear,hold
2026-06-26,18.40999984741211,20.719999313354492,18.200000762939453,19.700000762939453,0,17.919499969482423,17.78779998779297,18.643350076675414,0.16963151938497578,51.1327902634293,0.15229325562289375,0.03796148221719237,0.11433177340570139,21.808378919770345,17.919499969482423,14.030621019194502,0.5630644311895296,0,bear,hold
2026-06-29,17.649999618530273,19.450000762939453,17.489999771118164,18.600000381469727,0,18.035999965667724,17.791199989318848,18.658050074577332,0.1520887708955525,48.790791603684376,0.09727227283264384,0.049823640340282666,0.04744863249236117,21.741689678230117,18.035999965667724,14.33031025310533,0.447917880735009,0,bear,hold
2026-06-30,16.450000762939453,17.75,16.270000457763672,17.540000915527344,0,18.05600004196167,17.742799987792967,18.66650007724762,0.02492221463508071,45.26541552392714,-0.04267025513086509,0.03132486124605312,-0.0739951163769182,21.72271180442528,18.05600004196167,14.38928827949806,0.28100279172978,0,bear,hold
2026-07-01,16.59000015258789,17.299999237060547,15.970000267028809,17.110000610351562,0,18.09700002670288,17.684599990844728,18.67100008010864,0.05199744267734174,45.75783429953125,-0.14065752367583784,-0.003071615738325071,-0.13758590793751277,21.677883083901474,18.09700002670288,14.516116969504287,0.2895770610149511,0,bear,hold
2026-07-02,16.149999618530273,17.209999084472656,15.789999961853027,17.049999237060547,0,18.101500034332275,17.629199981689453,18.669950075149536,0.005603994743508478,44.40568968461933,-0.2509249986296247,-0.052642292316584995,-0.1982827063130397,21.67234451848927,18.101500034332275,14.530655550175283,0.22674525249414307,0,bear,hold
2026-07-06,15.569999694824219,16.5,15.5600004196167,16.399999618530273,0,18.11000003814697,17.55439998626709,18.669200072288515,0.011038966266556871,42.61792877478043,-0.3807251509986891,-0.11825886405300583,-0.26246628694568325,21.655803081781123,18.11000003814697,14.56419699451282,0.14183002946499468,0,bear,hold
2026-07-07,16.1299991607666,16.639999389648438,15.529999732971191,15.869999885559082,0,17.84099998474121,17.50279998779297,18.67135006904602,-0.25011627200688813,44.92351512218003,-0.4334093568423114,-0.18128896261086697,-0.25212039423144444,21.120535858123628,17.84099998474121,14.561464111358793,0.2391397914165926,0,bear,hold
2026-07-08,16.899999618530273,18.90999984741211,16.350000381469727,16.549999237060547,0,17.739999961853027,17.4803999710083,18.678600068092347,-0.10676535145973165,48.016371920616734,-0.40832248038146446,-0.22669566616498646,-0.181626814216478,21.00478167348954,17.739999961853027,14.475218250216514,0.3713542868227946,0,bear,hold
2026-07-09,15.84000015258789,17.270000457763672,15.760000228881836,16.579999923706055,0,17.538499927520753,17.440599975585936,18.677300066947936,-0.20281834506459884,44.32614630110082,-0.4685726345071899,-0.27507105983342717,-0.19350157467376272,20.749576020796344,17.538499927520753,14.327423834245165,0.23552483254916584,0,bear,hold
2026-07-10,15.029999732971191,16.15999984741211,14.960000038146973,16.059999465942383,0,17.178999948501588,17.364999980926513,18.66925006866455,-0.32358234935057006,41.68948475091645,-0.5750527302217527,-0.3350673939110923,-0.23998533631066044,19.761494107729412,17.178999948501588,14.596505789273763,0.0839293173516885,0,bear,hold
2026-07-13,17.15999984741211,17.40999984741211,16.030000686645508,16.31999969482422,0,17.064999914169313,17.370399990081786,18.67415006637573,-0.11728398271651763,50.09588120647089,-0.4820094601256635,-0.36445580715400655,-0.11755365297165693,19.430362364688516,17.064999914169313,14.69963746365011,0.5200814748754348,0,bear,hold
2026-07-14,16.5,17.559999465942383,16.149999618530273,17.209999084472656,0,17.005999898910524,17.360599994659424,18.67295006752014,-0.06674209755699712,47.796515159747706,-0.45626888636672547,-0.38281842299655033,-0.07345046337017513,19.365918414355228,17.005999898910524,14.64608138346582,0.39279293001030313,0,bear,hold
2026-07-15,15.670000076293945,16.56999969482422,15.640000343322754,16.200000762939453,0,16.979499864578248,17.308199977874757,18.674850068092347,-0.032716090227476013,44.999270413230754,-0.49711294486984414,-0.4056773273712091,-0.09143561749863505,19.386460307965173,16.979499864578248,14.57253942119132,0.2279764626207038,0,bear,hold
2026-07-16,16.729999542236328,17.229999542236328,15.770000457763672,15.819999694824219,0,16.995499849319458,17.29519998550415,18.67790006160736,0.019500286276643797,49.09653366045738,-0.4388898088655431,-0.4123198236700759,-0.02656998519546716,19.391333442506138,16.995499849319458,14.599666256132776,0.4445912462705749,0,bear,hold
2026-07-17,18.770000457763672,19.5,17.68000030517578,18.010000228881836,0,17.01199984550476,17.322800006866455,18.69035006046295,0.017895873869231416,55.9046587239052,-0.22553668273616978,-0.3749631954832947,0.14942651274712493,19.45154563170704,17.01199984550476,14.57245405930248,0.8603131005373846,0,bear,hold
2026-07-20,18.649999618530273,18.940000534057617,17.40999984741211,18.899999618530273,0,17.12449984550476,17.35420000076294,18.702150053977967,0.13719512514242593,55.43497809120153,-0.06538217299831572,-0.3130469909862989,0.24766481798798318,19.64689125817255,17.12449984550476,14.602108432836975,0.8023915648785213,0,bear,hold
2026-07-21,17.049999237060547,17.989999771118164,16.860000610351562,17.479999542236328,0,17.112999773025514,17.351399974822996,18.704250054359434,-0.013310268544301174,49.467447677047275,-0.06679525508164375,-0.2637966438053679,0.19700138872372414,19.634547590903395,17.112999773025514,14.591451955147633,0.48750756667823414,0,bear,hold
2026-07-22,16.639999389648438,19.489999771118164,16.639999389648438,17.420000076293945,0,16.970499753952026,17.316599979400635,18.704200053215025,-0.14622885658998752,48.040313247135764,-0.09984771172018725,-0.23100685738833177,0.13115914566814452,19.249029641938908,16.970499753952026,14.691969865965145,0.4274750868869244,0,bear,hold
2026-07-23,18.700000762939453,20.309999465942383,17.31999969482422,17.670000076293945,0,16.97399983406067,17.330799999237062,18.715850052833556,0.003757466737855264,55.056215340183556,0.03972494846052399,-0.17686049621856062,0.2165854446790846,19.262907114834743,16.97399983406067,14.685092553286598,0.8770360082683376,0,bear,hold
2026-07-24,18.579999923706055,19.049999237060547,17.40999984741211,18.959999084472656,0,16.95849986076355,17.344999980926513,18.722550053596496,-0.01641077162301341,54.59376880628659,0.13905132526200248,-0.113678131922448,0.2527294571844505,19.1989846166763,16.95849986076355,14.7180151048508,0.8618636678208337,0,bear,hold
2026-07-27,18.670000076293945,19.93000030517578,17.530000686645508,17.6200008392334,0,16.97149987220764,17.373199977874755,18.734400057792662,0.014122771919435007,54.899738128290736,0.2224660050107765,-0.0464493045358031,0.2689153095465796,19.248245816662397,16.97149987220764,14.694753927752885,0.8730104819607064,0,bear,hold
2026-07-28,18.209999084472656,19.520000457763672,17.8799991607666,19.049999237060547,0,16.99949984550476,17.368799953460694,18.743300051689147,0.03172801575329509,52.93630437562642,0.24858892563719692,0.012558341498796907,0.2360305841384,19.32224386501635,16.99949984550476,14.676755825993174,0.7605752568512544,0,bear,hold
2026-07-29,20.65999984741211,20.8799991607666,17.450000762939453,18.270000457763672,0,17.209999799728394,17.42559995651245,18.738300051689148,0.255926984146861,60.9473411009293,0.46166433541503693,0.10237954028204492,0.359284795132992,20.009528521086477,17.209999799728394,14.41047107837031,1.116175147867403,0,bear,hold
2026-07-30,17.09000015258789,20.079999923706055,17.0,19.559999465942383,0,17.234999799728392,17.40619997024536,18.72860004901886,0.03013863745637191,48.099505978814165,0.33855632656081625,0.1496148975377992,0.18894142902301705,20.020832015114074,17.234999799728392,14.449167584342709,0.47397552402120774,0,bear,hold
2026-07-31,15.989999771118164,18.700000762939453,15.819999694824219,16.81999969482422,0,17.22699980735779,17.377199954986573,18.704500050544738,-0.009907111528877577,44.95493159569993,0.15049667293600777,0.14979125261744092,0.0007054203185668517,20.026136293557933,17.22699980735779,14.427863321157643,0.2790389925003508,0,bear,hold
2026-08-03,15.859999656677246,16.299999237060547,15.539999961853027,16.030000686645508,0,17.241499805450438,17.35919994354248,18.680600051879882,0.018625559893198362,44.58396438746849,-0.00892895282727224,0.1180472115284983,-0.12697616435577053,20.00897737110531,17.241499805450438,14.474022239795566,0.25040445387562055,0,bear,hold
2026-08-04,16.5,16.649999618530273,15.510000228881836,15.760000228881836,0,17.25999984741211,17.355199928283692,18.63655005455017,0.022938676905412514,46.90679878093982,-0.08267915698840156,0.07790193782511834,-0.1605810948135199,20.002342044487953,17.25999984741211,14.517657650336268,0.36143234636755067,0,bear,hold
2026-08-05,15.8100004196167,18.43000030517578,15.479999542236328,16.149999618530273,0,17.20549988746643,17.339599933624267,18.611700053215028,-0.06449699547439203,44.729920131424166,-0.19456114492882648,0.023409321274329375,-0.21797046620315585,20.0167521668766,17.20549988746643,14.394247608056261,0.25180109624623903,0,bear,hold
2026-08-06,15.149999618530273,16.030000686645508,15.109999656677246,15.829999923706055,0,17.17099986076355,17.302399921417237,18.596300053596497,-0.043560639356741815,42.689140301805125,-0.33265038861635077,-0.047802620703806656,-0.2848477679125441,20.06417748010315,17.17099986076355,14.277822241423952,0.150730008983238,0,bear,hold
2026-08-07,14.899999618530273,15.359999656677246,14.770000457763672,15.300000190734863,0,17.164499855041505,17.274599895477294,18.581450047492982,-0.008649375698639439,41.90915368570521,-0.4569920993274721,-0.12964051642853974,-0.32735158289893235,20.07740559456576,17.164499855041505,14.25159411551725,0.11129874444871724,0,bear,hold
2026-08-10,15.460000038146973,15.720000267028809,15.100000381469727,15.399999618530273,0,17.079499864578246,17.26899990081787,18.56575004577637,-0.09906758883342959,44.36148043143455,-0.5045305332277046,-0.20461851978837273,-0.2999120134393318,20.085690099573924,17.079499864578246,14.073309629582567,0.230639164551474,0,bear,hold
2026-08-11,15.279999732971191,15.609999656677246,15.229999542236328,15.420000076293945,0,17.018499851226807,17.26819990158081,18.55565004825592,-0.07393941012295813,43.72256143616114,-0.550385107970083,-0.2737718374247148,-0.2766132705453682,20.117333801052034,17.018499851226807,13.91966590140158,0.21949124309263718,0,bear,hold
2026-08-12,14.550000190734863,15.420000076293945,14.390000343322754,15.279999732971191,0,16.962499856948853,17.238199920654296,18.54655004501343,-0.07147414678404829,41.13503009874301,-0.6382724435965557,-0.34667195865908296,-0.2916004849374727,20.194408834213515,16.962499856948853,13.73059087968419,0.1267686244901896,0,bear,hold
2026-08-13,14.630000114440918,14.800000190734863,14.390000343322754,14.680000305175781,0,16.857499885559083,17.21539991378784,18.540750045776367,-0.12552298178453503,41.54331738419714,-0.6934745223974783,-0.416032471406762,-0.2774420509907163,20.245483857163464,16.857499885559083,13.469515913954702,0.17126471232044652,0,bear,hold
2026-08-14,14.25,14.720000267028809,14.180000305175781,14.640000343322754,0,16.6314998626709,17.179199924468993,18.529900045394896,-0.24080982139209828,40.119851432831645,-0.7591345702180199,-0.4846528911690136,-0.2744816790490063,20.081486934149293,16.6314998626709,13.181512791192505,0.1548537989665024,0,bear,hold
2026-08-17,15.1899995803833,15.470000267028809,14.890000343322754,14.979999542236328,0,16.45849986076355,17.174999923706054,18.521250042915344,-0.18552279404387684,45.12850843027523,-0.7269407999019037,-0.5331104729155917,-0.19383032698631208,19.832430973073727,16.45849986076355,13.084568748453371,0.3120144961241238,0,bear,hold
2026-08-18,15.84000015258789,16.09000015258789,15.600000381469727,15.8100004196167,0,16.397999906539916,17.061599922180175,18.515900044441224,-0.07096769141446968,48.345970187964646,-0.6415816373427354,-0.5548047058010204,-0.08677693154171506,19.770729401791662,16.397999906539916,13.025270411288167,0.4172777190199219,0,bear,hold
2026-08-19,14.890000343322754,15.949999809265137,14.770000457763672,15.920000076293945,0,16.310499954223634,16.980999927520752,18.503150043487548,-0.10516821577615798,44.261056654672466,-0.6431767894973852,-0.5724791225402934,-0.07069766695709179,19.743833475466136,16.310499954223634,12.87716643298113,0.2931311359481893,0,bear,hold
2026-08-20,16.010000228881836,16.139999389648438,14.90999984741211,14.90999984741211,0,16.175999927520753,16.90379991531372,18.49735004425049,-0.14385029006997618,49.661192161638326,-0.5477521823432099,-0.5675337345008767,0.01978155215766686,19.430463820909434,16.175999927520753,12.921536034132071,0.47449661386993125,0,bear,hold
2026-08-21,15.130000114440918,15.880000114440918,15.079999923706055,15.819999694824219,0,16.003499937057494,16.76199993133545,18.478000044822693,-0.18568352117500886,45.898538723498994,-0.536946562706671,-0.5614163001420356,0.024469737435364625,19.091458837689473,16.003499937057494,12.915541036425516,0.3585635607977478,0,bear,hold
2026-08-24,15.850000381469727,16.059999465942383,15.609999656677246,15.899999618530273,0,15.862499952316284,16.69019992828369,18.46720004558563,-0.1510444393840623,49.28428378351886,-0.46492565351099735,-0.5421181708158279,0.07719251730483057,18.69774844467243,15.862499952316284,13.027251459960137,0.49779568336245367,0,bear,hold
2026-08-25,15.449999809265137,16.299999237060547,15.130000114440918,15.710000038146973,0,15.724499988555909,16.645599918365477,18.446950044631958,-0.15156504195329268,47.505584372766215,-0.43510959476135014,-0.5207164556049324,0.08560686084358227,18.350207301248034,15.724499988555909,13.098792675863784,0.44772833629173076,0,bear,hold
