Date,Close,High,Low,Open,Volume,ma20,ma50,ma200,momentum20,rsi14,macd,macd_signal,macd_hist,bb_upper,bb_middle,bb_lower,bb_pct,obv,state,signal
2021-09-09,661.6799926757812,667.4600219726562,659.9299926757812,664.8400268554688,1110200,,,,,,,,,,,,,1110200,bear,hold
2021-09-10,658.9400024414062,668.8699951171875,658.2000122070312,666.1799926757812,1204200,,,,,,,,,,,,,-94000,bear,hold
2021-09-13,645.1500244140625,663.5999755859375,640.239990234375,663.0399780273438,2242500,,,,,,,,,,,,,-2336500,bear,hold
2021-09-14,645.010009765625,649.5800170898438,642.4600219726562,646.0,2150200,,,,,,,,,,,,,-4486700,bear,hold
2021-09-15,661.0800170898438,663.3099975585938,650.97998046875,652.3200073242188,2009300,,,,,,,,,,,,,-2477400,bear,hold
2021-09-16,665.1099853515625,666.469970703125,654.7100219726562,657.530029296875,2046100,,,,,,,,,,,,,-431300,bear,hold
2021-09-17,654.47998046875,665.0,652.0399780273438,663.2100219726562,3553200,,,,,,,,,,,,,-3984500,bear,hold
2021-09-20,641.2899780273438,653.9299926757812,633.0499877929688,646.0399780273438,2637400,,,,,,,,,,,,,-6621900,bear,hold
2021-09-21,645.8900146484375,650.9500122070312,640.2999877929688,646.8800048828125,2449300,,,,,,,,,,,,,-4172600,bear,hold
2021-09-22,626.0800170898438,628.9400024414062,615.0599975585938,624.7899780273438,5689600,,,,,,,,,,,,,-9862200,bear,hold
2021-09-23,630.8400268554688,633.8200073242188,627.02001953125,632.2899780273438,2985500,,,,,,,,,,,,,-6876700,bear,hold
2021-09-24,622.7100219726562,629.030029296875,618.219970703125,628.0,2809000,,,,,,,,,,,,,-9685700,bear,hold
2021-09-27,603.6500244140625,616.6599731445312,602.72998046875,615.7999877929688,4152200,,,,,,,,,,,,,-13837900,bear,hold
2021-09-28,578.77001953125,596.3099975585938,578.3300170898438,596.3099975585938,5108900,,,,,16.81381214257395,,,,,,,,-18946800,bear,hold
2021-09-29,577.7000122070312,586.5499877929688,576.0700073242188,585.4500122070312,2726800,,,,,16.629307806584535,,,,,,,,-21673600,bear,hold
2021-09-30,575.719970703125,586.1900024414062,573.239990234375,580.6400146484375,2743600,,,,,16.273437371341743,,,,,,,,-24417200,bear,hold
2021-10-01,577.469970703125,581.469970703125,568.6099853515625,577.52001953125,2915300,,,,,17.944806022991827,,,,,,,,-21501900,bear,hold
2021-10-04,558.489990234375,576.7999877929688,552.1400146484375,574.5900268554688,3977000,,,,,14.55190470521687,,,,,,,,-25478900,bear,hold
2021-10-05,566.7000122070312,570.2899780273438,559.2100219726562,563.9099731445312,2337800,,,,,21.46875219586012,,,,,,,,-23141100,bear,hold
2021-10-06,570.3099975585938,572.1599731445312,560.2100219726562,561.239990234375,2043200,618.3535034179688,,,,24.367819118704162,,,,692.209558324158,618.3535034179688,544.4974485117796,0.1747490377031434,-21097900,bear,hold
2021-10-07,578.9600219726562,586.1500244140625,576.1900024414062,578.4600219726562,2648500,614.2175048828125,,,-0.1250150701528877,30.945935678829784,,,,687.1642200423709,614.2175048828125,541.2707897232541,0.2583339919211129,-18449400,bear,hold
2021-10-08,576.8599853515625,583.6099853515625,575.52001953125,581.2999877929688,2050700,610.1135040283203,,,-0.12456371867807858,30.257873692305907,,,,681.7581022618572,610.1135040283203,538.4689057947835,0.2679272443655643,-20500100,bear,hold
2021-10-11,573.0700073242188,582.280029296875,571.5,574.5,1410600,606.5095031738281,,,-0.1117259774659517,29.004490975408743,,,,677.9932477936607,606.5095031738281,535.0257585539955,0.2661041959437879,-21910700,bear,hold
2021-10-12,580.6900024414062,584.219970703125,574.4199829101562,579.1599731445312,1740200,603.2935028076172,,,-0.09971939404101726,34.848024860879065,,,,673.3322537495128,603.2935028076172,533.2547518657216,0.3386357547626536,-20170500,bear,hold
2021-10-13,591.1199951171875,593.5399780273438,582.6599731445312,585.260009765625,2142300,599.7955017089844,,,-0.1058268593273004,41.89745250939572,,,,664.7436748786474,599.7955017089844,534.8473285393213,0.4332120815074044,-18028200,bear,hold
2021-10-14,607.510009765625,609.4400024414062,596.969970703125,600.0,2500900,596.9155029296875,,,-0.08660218137529752,50.88988601356613,-15.773480424914624,,,654.741050902996,596.9155029296875,539.089954956379,0.591607491906759,-15527300,bear,hold
2021-10-15,610.0900268554688,612.25,607.5499877929688,611.6900024414062,1960100,594.6960052490234,,,-0.06782476918772729,52.14543414393138,-12.918111365143318,,,646.6196907871347,594.6960052490234,542.7723197109121,0.648236989024463,-13567200,bear,hold
2021-10-18,622.8300170898438,623.469970703125,607.5700073242188,610.6500244140625,1905100,593.7730072021484,,,-0.02878566883936695,57.87281494960566,-9.517488392322093,,,642.9336243960063,593.7730072021484,544.6123900082905,0.7955313780247426,-11662100,bear,hold
2021-10-19,636.0700073242188,639.3900146484375,625.260009765625,625.260009765625,2470000,593.2820068359375,,,-0.015203838272006442,62.84910022080314,-5.688539681046791,,,640.5088287518417,593.2820068359375,546.0551849200333,0.9530052918283691,-9192100,bear,hold
2021-10-20,632.3699951171875,641.2899780273438,630.1699829101562,639.280029296875,1497200,593.5965057373047,,,0.010046604037261764,60.69150049284393,-2.918982095496858,,,641.7671330976854,593.5965057373047,545.4258783769241,0.9024598754943057,-10689300,bear,hold
2021-10-21,638.6599731445312,639.1699829101562,629.0,632.0,1586600,593.9875030517578,,,0.012396084516137051,63.01593398599209,-0.21407141408985808,,,643.4700764548219,593.9875030517578,544.5049296486937,0.9513959867132459,-9102700,bear,hold
2021-10-22,643.5800170898438,644.4299926757812,634.4500122070312,640.4299926757812,1786500,595.0310028076171,,,0.033514789196863015,64.7707769574388,2.3000822996194756,,,647.6718270291183,595.0310028076171,542.390178586116,0.9611346326754205,-7316200,bear,hold
2021-10-25,646.969970703125,649.6199951171875,639.0700073242188,644.469970703125,1629400,597.1970001220703,,,0.071763347199582,65.96892032981526,4.5140727362106645,,,654.4417725277124,597.1970001220703,539.9522277164283,0.9347381296964423,-5686800,bear,hold
2021-10-26,642.5,659.1900024414062,642.0999755859375,650.9099731445312,2154000,600.3834991455078,,,0.11011278801269864,62.92973468086042,5.840659344273945,-2.1362202603448814,7.976879604618826,660.207495171495,600.3834991455078,540.5595031195206,0.8520034070960174,-7840800,bear,hold
2021-10-27,640.0800170898438,648.8099975585938,639.8099975585938,644.47998046875,1629900,603.5024993896484,,,0.10797992654439703,61.28364036786368,6.620400536171132,-0.3848961010416787,7.005296637212811,664.7581313092435,603.5024993896484,542.2468674700533,0.7985645283049848,-9470700,bear,hold
2021-10-28,639.280029296875,642.489990234375,633.27001953125,638.0,2085000,606.6805023193359,,,0.1104009967139481,60.71821723845962,7.0920460274073776,1.1104923246481326,5.9815537027592445,668.433932836138,606.6805023193359,544.9270718025339,0.7639491175204374,-11555700,bear,hold
2021-10-29,650.3599853515625,651.3099975585938,637.0,637.77001953125,1927700,610.3250030517578,,,0.12622303902605858,65.47008056351262,8.264618949092892,2.541317649537085,5.723301299555807,673.3431357944152,610.3250030517578,547.3068703091004,0.817646529319527,-9628000,bear,hold
2021-11-01,640.2000122070312,654.0,634.780029296875,651.0499877929688,2215800,614.4105041503906,,,0.14630525775111192,58.483778194891194,8.278635557697612,3.68878123116919,4.589854326528422,673.9558591423071,614.4105041503906,554.8651491584741,0.7165534831402188,-11843800,bear,hold
2021-11-02,640.4000244140625,647.739990234375,639.22998046875,641.1199951171875,1770000,618.0955047607422,,,0.13005119219956285,58.5774889743873,8.211229195681653,4.593270824071683,3.61795837160997,674.4086045469542,618.0955047607422,561.7824049745302,0.698040240530157,-10073800,bear,hold
2021-11-03,655.1799926757812,656.5,640.0,645.52001953125,1970700,622.3390045166016,,,0.1488137950947772,64.88509928497959,9.243871489103299,5.523390957078007,3.7204805320252916,676.35286344087,622.3390045166016,568.3251455923331,0.8040052017503995,-8103100,bear,hold
2021-11-04,674.0800170898438,676.0800170898438,657.75,659.4400024414062,2480600,627.095004272461,,,0.16429458253972484,70.97226504565425,11.455272709411929,6.709767307544792,4.745505401867137,681.7402060040964,627.095004272461,572.4498025408255,0.9299097755016795,-5622500,bear,hold
2021-11-05,662.719970703125,677.760009765625,661.1099853515625,676.739990234375,2517600,631.3880035400391,,,0.14884025158936254,63.8120094222291,12.15109306815566,7.798032459666965,4.353060608488695,682.9776819930592,631.3880035400391,579.7983250870191,0.8036650750946067,-8140100,bear,hold
2021-11-08,666.02001953125,668.25,661.4000244140625,666.5599975585938,1497200,636.0355041503906,,,0.16219660952251513,64.9192294425388,12.8210292321711,8.802631814167793,4.018397418003307,682.239134364807,636.0355041503906,589.8318739359742,0.8244822456775667,-6642900,bear,hold
2021-11-09,667.9199829101562,669.6599731445312,663.0,667.6900024414062,1128000,640.3970031738281,,,0.15021781002257195,65.5723397199516,13.351363428139507,9.712378136962137,3.63898529117737,681.0096100261012,640.3970031738281,599.784396321555,0.8388477355866615,-5514900,bear,hold
2021-11-10,647.5,665.8099975585938,645.8599853515625,663.2000122070312,2038200,643.2160034179688,,,0.0953782740366198,53.94757550724733,11.985770632397134,10.167056636049137,1.8187139963479968,677.0101241198173,643.2160034179688,609.4218827161202,0.5633837557104557,-7553100,bear,hold
2021-11-11,643.1699829101562,652.5700073242188,642.0999755859375,649.6099853515625,1271100,644.9990020751953,,,0.05869857709552595,51.8485440015929,10.433857299421788,10.22041676872367,0.21344053069811864,674.5682950021762,644.9990020751953,615.4297091482144,0.46907232158787654,-8824200,bear,hold
2021-11-12,657.5999755859375,658.469970703125,647.1599731445312,649.010009765625,1286500,647.3744995117188,,,0.07787366886710956,57.748518695137825,10.25017695513668,10.226368806006272,0.023808149130408296,672.668782036101,647.3744995117188,622.0802169873366,0.7021301862261154,-7537700,bear,hold
2021-11-15,659.72998046875,663.6699829101562,655.1900024414062,658.3699951171875,1077600,649.2194976806641,,,0.05924564065059079,58.55576127812778,10.159371639523556,10.212969372709729,-0.053597733186173,672.3761363381633,649.2194976806641,626.0628590231648,0.7269431877299286,-6460100,bear,hold
2021-11-16,671.030029296875,673.739990234375,658.989990234375,659.1400146484375,1422000,650.9674987792969,,,0.05496253803842133,62.634427523163936,10.873879955295138,10.345151489226811,0.5287284660683262,675.1452968821059,650.9674987792969,626.7897006764879,0.9148957326938562,-5038100,bear,hold
2021-11-17,670.6699829101562,672.739990234375,662.8400268554688,671.760009765625,1221900,652.8824981689453,628.6858020019531,,0.060565789156190375,62.42362983634725,11.281039408821698,10.532329073145789,0.7487103356759093,676.9316390713495,652.8824981689453,628.833357266541,0.8698153878634539,-6260000,bear,hold
2021-11-18,670.9600219726562,676.5499877929688,665.0800170898438,670.6199951171875,1493800,654.4975006103516,628.8714025878907,,0.050574719234542265,62.533021472766436,11.494617146242149,10.72478668776506,0.7698304584770881,678.8456335236045,654.4975006103516,630.1493676970987,0.8380653748884361,-4766200,bear,hold
2021-11-19,688.3699951171875,699.5,678.9099731445312,681.260009765625,3090900,656.7369995117188,629.4600024414062,,0.0695950415456903,68.46717141279822,12.919787109924414,11.163786772196932,1.7560003377274818,684.6368389840803,656.7369995117188,628.8371600393572,1.0669028245987822,-1675300,bear,hold
2021-11-22,673.5700073242188,699.5399780273438,672.6599731445312,696.280029296875,2284700,658.0670013427734,630.0284020996094,,0.0411147933066891,59.796834431326914,12.708513415821358,11.472732100921817,1.2357813148995405,686.5084584635797,658.0670013427734,629.6255442219672,0.7725424002644389,-3960000,bear,hold
2021-11-23,665.1599731445312,667.5700073242188,648.6099853515625,662.7000122070312,2502800,659.2,630.4314013671875,,0.03526844069187751,55.496150399848005,11.72727331162514,11.523640343062484,0.20363296856265656,686.8654564928988,659.2,631.5345435071013,0.6077150696223108,-6462800,bear,hold
2021-11-24,668.3200073242188,668.8699951171875,647.1400146484375,655.8300170898438,2426800,660.6119995117188,630.576201171875,,0.044119468629515435,56.75471865199892,11.076933810573223,11.434299036564632,-0.3573652259914084,687.0869437023669,660.6119995117188,634.1370553210706,0.6455717480836606,-4036000,bear,hold
2021-11-26,662.0999755859375,684.0,659.6799926757812,670.25,2204000,661.7529968261719,630.5160009765625,,0.03569632280576873,53.544883874972555,9.944990828512232,11.136437394954152,-1.19144656644192,686.3527406118633,661.7529968261719,637.1532530404804,0.5070524872695518,-6240000,bear,hold
2021-11-29,687.489990234375,691.3599853515625,665.77001953125,668.0,2728800,663.6094970703125,631.176201171875,,0.05709146583294378,62.794827050902995,10.970221958926459,11.103194307748614,-0.1329723488221557,690.0269050722787,663.6094970703125,637.1920890683463,0.951984031936159,-3511200,bear,hold
2021-11-30,669.8499755859375,694.8900146484375,667.8300170898438,687.219970703125,4703600,665.0919952392578,631.7474011230469,,0.04631359389808609,54.652701053079156,10.24126829189504,10.9308091045779,-0.6895408126828606,689.3257766273657,665.0919952392578,640.8582138511499,0.5981683434062532,-8214800,bear,hold
2021-12-01,657.4099731445312,678.780029296875,656.280029296875,676.0,2831800,665.9424926757813,631.9778002929687,,0.02656144297625862,49.75330967440753,8.561076269215164,10.456862537505353,-1.8957862682901894,687.7197005972479,665.9424926757813,644.1652847543147,0.3040951906686065,-11046600,bear,hold
2021-12-02,671.8800048828125,674.8499755859375,653.6199951171875,655.9500122070312,2675400,666.7774932861328,632.8938000488281,,0.02548919746286482,54.826151233455334,8.301428911261041,10.02577581225649,-1.7243469009954495,688.1162469931646,666.7774932861328,645.4387395791009,0.6195597378069526,-8371200,bear,hold
2021-12-03,616.530029296875,662.0900268554688,604.2999877929688,658.0999755859375,6741800,663.8999938964844,632.6076000976562,,-0.08537560279775847,38.722093992103346,3.5880156477604714,8.738223779357288,-5.150208131596816,694.1740513633858,663.8999938964844,633.6259364295829,-0.28235242585832454,-15113000,bear,hold
2021-12-06,622.0399780273438,625.9000244140625,605.72998046875,617.469970703125,3170000,661.8659942626953,632.59419921875,,-0.0613833813286494,40.5927828615666,0.2938215007502549,7.049343323635881,-6.755521822885626,697.2233645302053,661.8659942626953,626.5086239951852,-0.06319256684012615,-11943000,bear,hold
2021-12-07,649.9600219726562,655.219970703125,640.0499877929688,644.1900024414062,3943500,661.0629943847656,633.5203991699219,,-0.024113385615490812,49.07621424489638,-0.06320825982538736,5.626833006943627,-5.690041266769015,696.7346028019069,661.0629943847656,625.3913859676243,0.3443724168213561,-7999500,bear,hold
2021-12-08,653.0999755859375,654.6500244140625,641.6099853515625,647.2999877929688,2416200,660.3219940185547,635.0069982910156,,-0.022188297555715164,49.94197495345882,-0.09173147904800771,4.4831201097453,-4.574851588793308,696.0087646239989,660.3219940185547,624.6352234131106,0.39881378575180626,-5583300,bear,hold
2021-12-09,632.5700073242188,655.719970703125,630.8800048828125,650.9199829101562,2550700,659.5754943847656,636.1043981933594,,-0.02305790374638028,44.60263651422616,-1.7507516234870764,3.236345763098825,-4.987097386585901,696.8913140381882,659.5754943847656,622.2596747313431,0.13814961976763096,-8134000,bear,hold
2021-12-10,654.4500122070312,654.969970703125,635.0999755859375,638.1300048828125,2873000,660.1394958496094,637.6789990234375,,0.01753817745945807,50.65728084135966,-1.285188650575492,2.3320388803639616,-3.6172275309394535,696.7813292911761,660.1394958496094,623.4976624080426,0.4223635513265019,-5261000,bear,hold
2021-12-13,658.2999877929688,675.2100219726562,650.97998046875,652.77001953125,3829400,660.1744964599609,639.2955993652344,,0.0010644954881688928,51.65846782701416,-0.5986647515462664,1.745898153981916,-2.3445629055281825,696.8078962903451,660.1744964599609,623.5410966295767,0.4744153057637118,-1431600,bear,hold
2021-12-14,614.8599853515625,636.0,599.0999755859375,635.3599853515625,5934200,657.9309967041015,640.4229992675781,,-0.06801266646288617,41.441082786388016,-3.5192668516037884,0.6928651528647753,-4.212132004468564,699.554479055053,657.9309967041015,616.30751435315,-0.017388369735412895,-7365800,bear,hold
2021-12-15,630.3300170898438,631.25,604.6199951171875,615.9600219726562,4288800,655.89599609375,641.6955993652343,,-0.06065304148858719,45.5698802201498,-4.5333056591181276,-0.35236900953180517,-4.1809366495863225,698.7211669310446,655.89599609375,613.0708252564554,0.20150756548013687,-3077000,bear,hold
2021-12-16,566.0900268554688,591.5800170898438,556.1500244140625,578.4000244140625,10961200,650.6669982910156,641.6111999511719,,-0.15593355706915124,34.64589185912105,-10.400676530891587,-2.3620305138037616,-8.038646017087826,708.0603242970473,650.6669982910156,593.273672284984,-0.2368188718202041,-14038200,bear,hold
2021-12-17,556.6400146484375,566.989990234375,545.1400146484375,566.0900268554688,7999200,644.9509979248047,641.1647998046875,,-0.17038274052172608,33.378300841591084,-15.632940420951513,-5.016212495233312,-10.616727925718202,714.5868837728655,644.9509979248047,575.315112076744,-0.13409104516207235,-22037400,bear,hold
2021-12-20,549.77001953125,557.27001953125,543.5,545.6099853515625,3441100,638.0209991455079,640.6230004882813,,-0.20134517275457708,32.44883120286481,-20.102173102899883,-8.033404616766626,-12.068768486133257,716.0716168988117,638.0209991455079,559.970381392204,-0.0653445299638401,-25478500,bear,hold
2021-12-21,557.52001953125,559.8900146484375,538.0499877929688,550.9099731445312,4104700,632.2184997558594,640.3120007324219,,-0.17229090744996434,34.659301648514955,-22.75639046792628,-10.978001786998558,-11.778388680927723,715.8878375223189,632.2184997558594,548.5491619893999,0.05360899094773449,-21373800,bear,hold
2021-12-22,563.97998046875,564.9199829101562,552.239990234375,560.2999877929688,4526200,627.1595001220703,639.9778002929687,,-0.15211377226662448,36.523856862841825,-24.06124889316993,-13.594651208232834,-10.466597684937097,714.4088848889287,627.1595001220703,539.9101153552119,0.13793716241011816,-16847600,bear,hold
2021-12-23,569.6199951171875,572.5700073242188,566.1599731445312,568.9600219726562,2147700,622.2244995117187,639.5478002929688,,-0.14768376096086167,38.182444141454326,-24.359455905172922,-15.747612147620853,-8.61184375755207,710.7590107190009,622.2244995117187,533.6899883044365,0.2029152605170517,-14699900,bear,hold
2021-12-27,577.6799926757812,580.8800048828125,572.0900268554688,575.0399780273438,1980100,618.0035003662109,638.9511999511719,,-0.1275033771681493,40.572217345807495,-23.6725304722371,-17.332595812544103,-6.339934659692997,706.5807222632039,618.0035003662109,529.4262784692179,0.2723821834392023,-12719800,bear,hold
2021-12-28,569.3599853515625,582.8800048828125,568.3499755859375,582.8400268554688,2107800,612.0970001220703,638.1365991210937,,-0.17182796340429674,38.9004606062532,-23.52827289141601,-18.571731228318484,-4.956541663097525,697.0319229407164,612.0970001220703,527.1620773034242,0.24841317709936397,-14827600,bear,hold
2021-12-29,569.2899780273438,576.9600219726562,562.780029296875,573.3300170898438,2484200,607.0690002441406,637.0657983398437,,-0.15012316372876022,38.88594144894507,-23.152706734113053,-19.487926329477396,-3.664780404635657,689.6052042776264,607.0690002441406,524.5327962106549,0.27113666263674097,-17311800,bear,hold
2021-12-30,570.530029296875,578.989990234375,566.0399780273438,570.5700073242188,1564600,602.7250030517578,635.7549987792969,,-0.13215489176729567,39.31798497979401,-22.495689766188093,-20.089479016819535,-2.406210749368558,683.3284787763996,602.7250030517578,522.1215273271159,0.3002879313488449,-15747200,bear,hold
2021-12-31,567.0599975585938,570.1699829101562,565.0700073242188,570.0,1581400,597.4840026855469,634.448798828125,,-0.1560100115533296,38.49782039568848,-22.001383394187542,-20.47185989229314,-1.5295235018944027,672.8827004677586,597.4840026855469,522.0853049033352,0.29824581841696685,-17328600,bear,hold
2022-01-03,564.3699951171875,575.0,553.27001953125,566.6500244140625,2862700,594.8760009765625,632.9629992675781,,-0.08460258495303741,37.838871334384365,-21.577965395562046,-20.69308099294692,-0.8848844026151248,671.0633635054533,594.8760009765625,518.6886384476718,0.29979615485568917,-20191300,bear,hold
2022-01-04,554.0,564.2999877929688,541.3099975585938,563.9000244140625,4344800,591.4740020751954,631.1713989257812,,-0.10938200184997249,35.328427174614674,-21.827560985524997,-20.91997699146254,-0.9075839940624562,668.5766154182794,591.4740020751954,514.3713887321113,0.2569861743307777,-24536100,bear,hold
2022-01-05,514.4299926757812,538.75,514.0,535.0,7394800,584.6975006103515,628.5205993652344,,-0.2085205623655677,27.760020820285618,-24.930947733034486,-21.722171139776933,-3.2087765932575536,663.8439602159407,584.6975006103515,505.55104100476234,0.05609190679700281,-31930900,bear,hold
2022-01-06,514.1199951171875,526.3099975585938,508.20001220703125,510.0,3913600,577.748501586914,625.9529992675781,,-0.21280046802032448,27.70993756926245,-27.10299188196211,-22.79833528821397,-4.304656593748142,656.0521723703365,577.748501586914,499.4448308034915,0.09370674558977905,-35844500,bear,hold
2022-01-07,510.70001220703125,520.4199829101562,504.0,513.6599731445312,3605400,571.6550018310547,623.3653991699218,,-0.192658510055985,27.128440016442056,-28.76868901846251,-23.992406034263677,-4.776282984198833,650.9075247462514,571.6550018310547,492.402478915858,0.11543817545564017,-39449900,bear,hold
2022-01-10,525.8300170898438,526.5800170898438,497.010009765625,500.0,5429700,565.2240020751954,621.0963989257813,,-0.19653142748586172,33.751909291239016,-28.538922123149177,-24.901709252040778,-3.6372128711083995,637.0885583853764,565.2240020751954,493.3594457650144,0.2259150615546851,-34020200,bear,hold
2022-01-11,529.8900146484375,535.1799926757812,520.97998046875,525.5499877929688,3422200,558.8035034179687,618.6869995117188,,-0.19506300398856358,35.44746532471302,-27.70980099396286,-25.463327600425195,-2.246473393537663,618.105219680293,558.8035034179687,499.5017871556445,0.25621709967354994,-30598000,bear,hold
2022-01-12,532.3699951171875,541.5900268554688,529.280029296875,533.0900268554688,2901800,554.67900390625,616.5303991699219,,-0.13416060924376005,36.51629430653304,-26.54659025998251,-25.67998013233666,-0.8666101276458491,609.0842224577069,554.67900390625,500.27378535479323,0.29497363136256355,-27696200,bear,hold
2022-01-13,516.9000244140625,535.27001953125,516.3200073242188,532.219970703125,3406500,549.0075042724609,614.0603991699219,,-0.17995334126633156,32.8611570746681,-26.566789310703257,-25.85734196800998,-0.7094473426932772,593.4158286317619,549.0075042724609,504.5991799131599,0.13849705745907387,-31102700,bear,hold
2022-01-14,520.5999755859375,522.5700073242188,511.2699890136719,514.489990234375,2659800,546.7330017089844,611.368798828125,,-0.08035833367745504,34.54859250520175,-25.984706544016376,-25.88281488321126,-0.10189166080511569,592.0589418140852,546.7330017089844,501.4070616038836,0.21172107999911063,-28442900,bear,hold
2022-01-18,513.3400268554688,519.3900146484375,504.9800109863281,510.3900146484375,3461000,544.568002319336,608.1539990234374,,-0.07778813353962011,32.8062552792247,-25.811677989709096,-25.868587504510828,0.05690951480173112,591.8869237971072,544.568002319336,497.2490808415647,0.17002655081078927,-31903900,bear,hold
2022-01-19,516.5800170898438,528.9199829101562,515.2999877929688,516.47998046875,2985900,542.9085021972656,605.2311999511719,,-0.060370702770778606,34.39635605788115,-25.12350337160126,-25.719570677928914,0.5960673063276545,591.6867538472123,542.9085021972656,494.13025054731895,0.23012065606239632,-28918000,bear,hold
2022-01-20,510.8500061035156,532.030029296875,509.6400146484375,522.3800048828125,3208100,540.5750015258789,602.1277996826171,,-0.08371002258712334,32.912953256044574,-24.755122386276867,-25.526681019598506,0.7715586333216393,590.7784583699092,540.5750015258789,490.3715446818485,0.2039546946467114,-32126100,bear,hold
2022-01-21,499.9100036621094,513.8599853515625,499.2699890136719,508.5,4276100,537.3715026855468,598.7676000976562,,-0.1136032820764118,30.232164753007467,-25.057101895821233,-25.432765194843054,0.37566329902182005,589.337907816162,537.3715026855468,485.40509755493173,0.13956041475949937,-36402200,bear,hold
2022-01-24,519.6599731445312,520.4299926757812,483.30999755859375,491.07000732421875,7538000,534.873501586914,596.2107995605469,,-0.08770763386277902,39.7698566590647,-23.43264836885146,-25.032741829644735,1.6000934607932749,585.1755276609986,534.873501586914,484.57147551282947,0.348778174263037,-28864200,bear,hold
2022-01-25,502.7200012207031,514.260009765625,500.010009765625,505.510009765625,4051500,531.1255020141601,593.4017999267578,,-0.12976040784772147,35.310949972920426,-23.24422643288301,-24.67503875029239,1.43081231740938,579.2336531453373,531.1255020141601,483.01735088298307,0.20477455352624752,-32915700,bear,hold
2022-01-26,500.80999755859375,520.489990234375,494.2200012207031,514.0,4449500,527.6980026245117,590.266000366211,,-0.12039832365571179,34.83668895829527,-22.984075904154224,-24.336846181064757,1.3527702769105332,574.1612570936027,527.6980026245117,481.23474815542073,0.2106530163120104,-37365200,bear,hold
2022-01-27,493.04998779296875,513.22998046875,485.6199951171875,508.94000244140625,5865400,523.886003112793,586.9324005126953,,-0.13392118810620113,32.90312760334325,-23.137359591961854,-24.096948863244176,0.9595892712823222,568.549491081396,523.886003112793,479.22251514419,0.1547961576411027,-43230600,bear,hold
2022-01-28,518.1599731445312,519.0,480.6199951171875,494.0899963378906,4339000,521.2675003051758,583.8749993896485,,-0.09179193638043026,43.77741425314709,-20.990704281236845,-23.475699946842713,2.4849956656058687,560.4953651185298,521.2675003051758,482.0396354918218,0.46039132928302196,-38891600,bear,hold
2022-01-31,534.2999877929688,534.9400024414062,514.3900146484375,518.97998046875,3995100,519.6294998168945,581.1475994873047,,-0.0577716818443712,49.44859958442814,-17.78211898855716,-22.336983755185603,4.5548647666284445,553.4329283486186,519.6294998168945,485.8260712851704,0.7169970416211802,-34896500,bear,hold
2022-02-01,535.97998046875,538.77001953125,527.719970703125,536.0,2307400,518.2099990844727,578.4479986572265,,-0.05030390505176041,50.01379848373624,-14.931608372138271,-20.855908678576135,5.924300306437864,546.2766538681876,518.2099990844727,490.1433443007577,0.8165674983573028,-32589100,bear,hold
2022-02-02,533.0900268554688,540.4600219726562,529.3200073242188,536.25,2494100,517.1645004272461,575.3423992919921,,-0.037743633834893986,48.99889997735567,-12.758679164640057,-19.236462775788922,6.477783611148865,541.0697938403298,517.1645004272461,493.25920701416254,0.8330962342320879,-35083200,bear,hold
2022-02-03,510.8299865722656,525.1799926757812,508.75,522.8699951171875,3058700,516.9845001220704,572.0875988769532,,-0.006998048626189912,41.9393888327253,-12.686573407401056,-17.926484902111348,5.239911494710292,541.0232846036823,516.9845001220704,492.9457156404584,0.37198783793513945,-38141900,bear,hold
2022-02-04,513.5399780273438,519.969970703125,503.7699890136719,503.7699890136719,2583700,516.9554992675781,569.0551989746094,,-0.0011281745416487077,43.01577863667708,-12.26932230309194,-16.795052382307468,4.525730079215528,541.0094316667256,516.9554992675781,492.9015668684307,0.42900285110231184,-35558200,bear,hold
2022-02-07,507.1000061035156,516.0,500.95001220703125,516.0,3120500,516.7754989624024,565.8307989501953,,-0.007049160010703548,41.067346214914096,-12.316324784487392,-15.899306862743455,3.5829820782560624,541.0666905521896,516.7754989624024,492.4843073726152,0.3008435933839766,-38678700,bear,hold
2022-02-08,511.30999755859375,513.510009765625,501.07000732421875,501.6300048828125,3205500,516.0494979858398,562.8149993896484,,-0.027613523494930292,42.88856676408211,-11.876953338628823,-15.094836157920529,3.217882819291706,540.0813759939116,516.0494979858398,492.01761997776805,0.4013913846921539,-35473200,bear,hold
2022-02-09,521.75,522.47998046875,515.0599975585938,520.3499755859375,2542200,515.642497253418,559.5001995849609,,-0.015361706058639513,47.24262090755263,-10.564545847674253,-14.188778095871275,3.6242322481970213,538.9889258144472,515.642497253418,492.29606869238887,0.6308016498244381,-32931000,bear,hold
2022-02-10,495.0199890136719,514.47998046875,492.2799987792969,508.0799865722656,4735800,513.7749969482422,556.0035998535157,,-0.07015798494671732,39.036703794798896,-11.548221244295405,-13.660666725556101,2.1124454812606963,537.443567442869,513.7749969482422,490.1064264536154,0.1037993097464825,-37666800,bear,hold
2022-02-11,473.9700012207031,499.92999267578125,472.8999938964844,497.9200134277344,5027000,511.62849578857424,552.334800415039,,-0.08305285580518817,34.02456470080263,-13.866504740867299,-13.701834328618343,-0.16467041224895596,540.8980317942365,511.62849578857424,482.358959782912,-0.14330528780138507,-42693800,bear,hold
2022-02-14,474.010009765625,478.57000732421875,469.2099914550781,473.20001220703125,3372100,509.2989974975586,548.3774005126953,,-0.089492831358425,34.04189889713861,-15.521609308776192,-14.065789324649913,-1.455819984126279,542.4943600805499,509.2989974975586,476.10363491456735,-0.031534904065411366,-39321700,bear,hold
2022-02-15,479.5,482.5299987792969,472.3900146484375,482.5299987792969,3743100,507.6069961547852,545.6367999267578,,-0.0659212706688006,36.50708773757564,-16.203511281361102,-14.49333371599215,-1.7101775653689515,543.1711732092044,507.6069961547852,472.04281910036593,0.10484118454678863,-35578600,bear,hold
2022-02-16,477.70001220703125,480.2099914550781,467.2699890136719,476.489990234375,3750500,505.66299591064455,542.7500006103515,,-0.07526424483440763,36.03159033231251,-16.696698334177484,-14.934006639629217,-1.7626916945482662,543.2459263258112,505.66299591064455,468.0800654954779,0.12798292476511072,-39329100,bear,hold
2022-02-17,457.7099914550781,476.45001220703125,456.04998779296875,473.1400146484375,4021100,503.00599517822263,538.905,,-0.10402273468441448,31.175248445507677,-18.487468212361193,-15.644698954175613,-2.84276925818558,545.8867036534547,503.00599517822263,460.1252867029906,-0.028162958749941666,-43350200,bear,hold
2022-02-18,442.55999755859375,459.29998779296875,441.7699890136719,458.69000244140625,5194200,500.13849487304685,534.6942004394531,,-0.11472066108578749,28.08570024512703,-20.888356168921405,-16.69343039712477,-4.194925771796633,550.4842158460351,500.13849487304685,449.79277390005865,-0.07183109310665615,-48544400,bear,hold
2022-02-22,438.3999938964844,451.0899963378906,435.04998779296875,440.3500061035156,4287600,496.0754959106445,530.8108001708985,,-0.1563714418032468,27.28606505074295,-22.863201940765975,-17.927384705853015,-4.93581723491296,552.2428410125974,496.0754959106445,439.90815080869163,-0.013425567021814048,-52832000,bear,hold
2022-02-23,429.45001220703125,449.5899963378906,428.05999755859375,447.7799987792969,4263000,492.41199645996096,526.3108001708985,,-0.1457471133747572,25.597501762259185,-24.863855122529117,-19.314678789188235,-5.549176333340881,555.4996090989431,492.41199645996096,429.32438382097877,0.000995666033293965,-57095000,bear,hold
2022-02-24,463.82000732421875,465.92999267578125,416.80999755859375,418.5899963378906,6448800,490.5624969482422,522.4212005615234,,-0.07386032709949497,40.75896388858905,-23.406203672994934,-20.132983765949575,-3.273219907045359,554.7166812137134,490.5624969482422,426.408312682771,0.29157641913610394,-50646200,bear,hold
2022-02-25,465.5400085449219,468.5199890136719,456.0199890136719,465.3900146484375,2869700,489.18699798583987,519.4348010253906,,-0.05579551755226553,41.40249076756993,-21.86022362315572,-20.478431737390807,-1.3817918857649119,554.242196334812,489.18699798583987,424.13179963686775,0.3182544205455365,-47776500,bear,hold
2022-02-28,467.67999267578125,468.4800109863281,458.8599853515625,462.3999938964844,3302300,486.66299896240236,516.1818005371093,,-0.09742161317942932,42.24313862714245,-20.2291553500433,-20.428576459921306,0.19942110987800632,550.938345289863,486.66299896240236,422.3876526349417,0.35233057952026237,-44474200,bear,hold
2022-03-01,466.67999267578125,479.2099914550781,462.9200134277344,468.0,3352800,483.281999206543,514.1935998535156,,-0.1265581071721622,41.94034890806365,-18.80049325173536,-20.102959818284116,1.3024665665487554,544.2049265426459,483.281999206543,422.3590718704401,0.3637458239722221,-47827000,bear,hold
2022-03-02,471.17999267578125,477.489990234375,466.0400085449219,471.94000244140625,2948500,480.04199981689453,512.4843994140625,,-0.12090001521380866,43.88941662341124,-17.107946100619586,-19.50395707475121,2.396010974131624,536.108825637625,480.04199981689453,423.975173996164,0.4209692450804252,-44878500,bear,hold
2022-03-03,459.0799865722656,476.04998779296875,455.45001220703125,475.8299865722656,2906300,476.34149780273435,510.6705987548828,,-0.1388321607135763,40.00093208542668,-16.55215669873678,-18.913596999548325,2.3614403008115445,527.4666057468892,476.34149780273435,425.21638985857953,0.3311836206847339,-47784800,bear,hold
2022-03-04,452.1300048828125,463.5199890136719,447.0,455.489990234375,2751600,473.40649871826173,508.56279846191404,,-0.11491099432775564,37.9226613134641,-16.48249508902728,-18.427376617444118,1.9448815284168361,522.9914550070308,473.40649871826173,423.8215424294926,0.2854541434750818,-50536400,bear,hold
2022-03-07,437.9700012207031,457.67999267578125,437.17999267578125,456.2200012207031,3676100,469.6279998779297,506.04259887695315,,-0.14715500260939152,34.04195400968922,-17.369655144619458,-18.215832322879187,0.8461771782597296,517.9039723166284,469.6279998779297,421.352027439231,0.17211433495797315,-54212500,bear,hold
2022-03-08,431.5299987792969,443.79998779296875,421.3599853515625,432.510009765625,3734800,465.84949951171876,503.28079895019533,,-0.14902387382103965,32.41717394557156,-18.380511164758275,-18.248768091255005,-0.13174307350326941,513.6294382126046,465.84949951171876,418.0695608108329,0.1408586776631257,-57947300,bear,hold
2022-03-09,450.8699951171875,453.1099853515625,438.92999267578125,443.79998779296875,2905700,462.82749938964844,500.7445989990234,,-0.11820618163148688,41.45429644571574,-17.420236131761726,-18.08306169935635,0.6628255675946235,506.1626852915968,462.82749938964844,419.4923134877001,0.36203469509146236,-55041600,bear,hold
2022-03-10,438.95001220703125,447.6499938964844,433.010009765625,444.67999267578125,2722300,458.6875,498.1363995361328,,-0.1586966704225563,38.074918739775434,-17.420244516044534,-17.950498262693987,0.5302537466494535,493.74509005646456,458.6875,423.62990994353544,0.21849907878466407,-57763900,bear,hold
2022-03-11,416.3800048828125,440.6099853515625,415.42999267578125,439.6600036621094,4434500,454.75550079345703,495.0782000732422,,-0.1588622396593513,32.64787999688092,-19.022186204624973,-18.164835851080184,-0.8573503535447884,490.2684143117616,454.75550079345703,419.24258727515246,-0.04030340105528777,-62198400,bear,hold
2022-03-14,411.5,422.3800048828125,407.94000244140625,413.3599853515625,3731400,451.6320007324219,491.89759948730466,,-0.13180159305401717,31.59912922915825,-20.449779812202905,-18.62182464330473,-1.8279551688981748,490.65135849851373,451.6320007324219,412.61264296633004,-0.014257576623889733,-65929800,bear,hold
2022-03-15,421.6600036621094,422.9599914550781,413.1700134277344,415.9700012207031,3201700,449.0145004272461,488.989599609375,,-0.11044071860296822,36.194629859581724,-20.524734285980912,-19.00240657183997,-1.5223277141409426,488.6959080775103,449.0145004272461,409.3330927769819,0.15532350809945863,-62728100,bear,hold
2022-03-16,442.3599853515625,442.5199890136719,424.3500061035156,431.739990234375,4141200,447.1574996948242,486.5493994140625,,-0.07745571355252867,44.39191297453571,-18.69827860461436,-18.94158097839485,0.2433023737804909,484.3570115674821,447.1574996948242,409.9579878221663,0.43551643419832176,-58586900,bear,hold
2022-03-17,444.3599853515625,446.82000732421875,436.510009765625,441.260009765625,3556700,445.4904983520508,484.3565991210937,,-0.06979281139523907,45.125460587573365,-16.894664853063773,-18.532197753328635,1.637532900264862,479.9532944203514,445.4904983520508,411.02770228375016,0.48359806618349005,-55030200,bear,hold
2022-03-18,453.3299865722656,453.739990234375,435.7900085449219,439.20001220703125,5898100,445.27149810791013,483.1345989990234,,-0.00956938883699765,48.412337158393655,-14.573489709849014,-17.740456144632713,3.166966434783699,479.4756028497322,445.27149810791013,411.0673933660881,0.617800020278008,-49132100,bear,hold
2022-03-21,453.5899963378906,459.5799865722656,445.95001220703125,451.4200134277344,3704200,445.822998046875,481.9239990234375,,0.02492317163807045,48.50861557015657,-12.568084021356299,-16.70598171997743,4.137897698621131,480.1897437172679,445.822998046875,411.4562523764821,0.6130016552266531,-45427900,bear,hold
2022-03-22,466.45001220703125,471.9800109863281,450.69000244140625,453.5,5377000,447.22549896240236,481.0389990234375,,0.06398270689111851,53.16442747219005,-9.827800987860996,-15.330345573554144,5.502544585693148,482.5423464605944,447.22549896240236,411.9086514642103,0.7721719888165705,-40050900,bear,hold
2022-03-23,422.8999938964844,437.9800109863281,416.4700012207031,437.510009765625,13979800,446.897998046875,478.9803985595703,,-0.015252108800474784,39.980596012918724,-11.042933393936892,-14.472863137630695,3.429929743693803,482.98127870809253,446.897998046875,410.81471738565745,0.1674636603070329,-54030700,bear,hold
2022-03-24,432.1400146484375,432.2099914550781,421.489990234375,426.0799865722656,5544300,445.3139984130859,477.0253985595703,,-0.06830234180397554,43.199036561806565,-11.132019140490854,-13.804694338202728,2.6726751977118735,481.06669983714676,445.3139984130859,409.5612969890251,0.31576240060306876,-48486400,bear,hold
2022-03-25,431.6199951171875,438.6199951171875,426.0,435.44000244140625,3283600,443.61799774169924,475.0103985595703,,-0.07286165056737826,43.05909391237132,-11.116438088113,-13.267043088184781,2.1506050000717813,478.58136191180824,443.61799774169924,408.65463357159024,0.3284203635820446,-51770000,bear,hold
2022-03-28,450.010009765625,450.32000732421875,433.1499938964844,433.4200134277344,4472600,442.73449859619143,473.67259826660154,,-0.03778220831953771,49.312594508237815,-9.510537940213851,-12.515742058590597,3.0052041183767457,476.076517050875,442.73449859619143,409.39248014150786,0.6091042400345678,-47297400,bear,hold
2022-03-29,466.3299865722656,467.79998779296875,452.44000244140625,459.1600036621094,4323800,442.7169982910156,472.58719848632813,,-0.0007499916623997516,54.127355614007925,-6.842093373208058,-11.38101232151409,4.538918948306032,476.0090550435266,442.7169982910156,409.42494153850464,0.8546339665462251,-42973600,bear,hold
2022-03-30,460.05999755859375,466.7699890136719,456.8399963378906,461.5199890136719,3889200,442.16099853515624,471.52159790039065,,-0.023600312598245576,52.08052474012717,-5.173629165126442,-10.13953569023656,4.9659065251101175,473.8667080327839,442.16099853515624,410.4552890375286,0.7822677572437984,-46862800,bear,hold
2022-03-31,455.6199951171875,465.42999267578125,455.42999267578125,461.5899963378906,4141300,441.98799896240234,470.3023974609375,,-0.007536794363248611,50.62072062114662,-4.161657354518013,-8.94396002309285,4.782302668574838,473.3585390581406,441.98799896240234,410.6174588666641,0.7172738517281233,-51004100,bear,hold
2022-04-01,458.19000244140625,461.54998779296875,450.9599914550781,455.0,2718400,442.290998840332,469.2491973876953,,0.013403219191711058,51.468684077092526,-3.116360823425339,-7.778440183159349,4.66207935973401,474.16061566769633,442.290998840332,410.4213820129677,0.7494382610120185,-48285700,bear,hold
2022-04-04,468.80999755859375,473.489990234375,460.6099853515625,461.0400085449219,2974500,443.83299865722654,468.627197265625,,0.07041577334505522,54.91414506764488,-1.4147031236377643,-6.505692771255033,5.090989647617269,477.64244522915175,443.83299865722654,410.02355208530133,0.8693789966101914,-45311200,bear,hold
2022-04-05,458.5799865722656,471.760009765625,455.07000732421875,469.32000732421875,2481900,445.185498046875,467.40559753417966,,0.06268391043377552,51.14724594392024,-0.8814428036407662,-5.38084277773218,4.499399974091414,479.0821590685428,445.185498046875,411.2888370252072,0.6975782882689897,-47793100,bear,hold
2022-04-06,444.3299865722656,450.010009765625,439.57000732421875,448.239990234375,3824900,444.8584976196289,466.23779724121096,,-0.014505308882268864,46.37515625948919,-1.5903534611514942,-4.622744914416043,3.032391453264549,478.6555328429786,444.8584976196289,411.06146239627924,0.4921811034034408,-51618000,bear,hold
2022-04-07,452.7200012207031,455.9200134277344,440.760009765625,444.0899963378906,2757800,445.5469970703125,465.27599731445315,,0.031370289624635506,49.37034275265738,-1.4583551899680174,-3.9898669695264384,2.531511779558421,479.39551360669464,445.5469970703125,411.69848053393036,0.605957437494797,-48860200,bear,hold
2022-04-08,445.3399963378906,454.4100036621094,443.3699951171875,449.95001220703125,2260700,446.99499664306643,464.32179748535157,,0.06955183033639845,46.88943051958301,-1.9270366469008877,-3.5773009050013287,1.650264258100441,478.0948542612365,446.99499664306643,415.89513902489637,0.47339215623596825,-51120900,bear,hold
2022-04-11,434.44000244140625,440.0,429.739990234375,438.80999755859375,2932100,448.1419967651367,462.64739807128905,,0.0557472720325789,43.419029523326,-3.1417918696088236,-3.4901990979228277,0.34840722831400406,475.3722249186577,448.1419967651367,420.9117686116157,0.24840470952942226,-54053000,bear,hold
2022-04-12,426.7699890136719,444.44000244140625,425.1600036621094,442.69000244140625,2199000,448.39749603271486,460.4967980957031,,0.012118733831006923,41.11313293617503,-4.66957219651141,-3.7260737176405447,-0.9434984788708656,474.7094240714173,448.39749603271486,422.0855679940124,0.08901706125011248,-56252000,bear,hold
2022-04-13,431.6700134277344,433.5199890136719,425.6700134277344,427.29998779296875,3078900,447.8629974365234,458.4105987548828,,-0.02416577511036022,43.188905067731575,-5.422451448700599,-4.065349263852556,-1.357102184848043,475.06311195708224,447.8629974365234,420.6628829159646,0.20233610603827057,-53173100,bear,hold
2022-04-14,420.44000244140625,435.95001220703125,420.0299987792969,435.8599853515625,2597000,446.6669982910156,456.15759826660155,,-0.05383019105834108,39.73214043343053,-6.846361124411146,-4.621551635964274,-2.224809488446872,476.3667371160334,446.6669982910156,416.9672594659978,0.05846420057544659,-55770100,bear,hold
2022-04-18,425.4700012207031,429.69000244140625,418.7300109863281,419.3999938964844,2594700,445.2739990234375,454.4503985595703,,-0.06145630374513367,41.9724311224086,-7.482685199916716,-5.193778348754763,-2.2889068511619532,476.1818645729855,445.2739990234375,414.36613347388953,0.1796285112120268,-53175400,bear,hold
2022-04-19,436.3999938964844,437.489990234375,420.6400146484375,422.0199890136719,1962700,444.4144989013672,452.9075988769531,,-0.03789766657155502,46.61614264192031,-7.024048690066252,-5.559832417017061,-1.4642162730491908,475.30559182669805,444.4144989013672,413.5234059760364,0.37027806001789426,-51212700,bear,hold
2022-04-20,428.1099853515625,442.44000244140625,427.20001220703125,440.5899963378906,2094400,442.49749755859375,451.3277984619141,,-0.08219536038612374,43.75599648931241,-7.24598317521918,-5.897062568657485,-1.3489206065616957,472.42432011995146,442.49749755859375,412.57067499723604,0.2596217878203886,-53307100,bear,hold
2022-04-21,417.4800109863281,438.94000244140625,416.3599853515625,432.69000244140625,2390100,442.22649841308595,449.4511987304688,,-0.012816228395318707,40.33831513628171,-8.185263326053132,-6.354702720136615,-1.8305606059165171,472.94592945262417,442.22649841308595,411.5070673735477,0.09721767966816784,-55697200,bear,hold
2022-04-22,408.6700134277344,424.3299865722656,408.0199890136719,420.7099914550781,3198800,441.0529983520508,447.1895989990234,,-0.05431110386710403,37.70942659775984,-9.530679052024027,-6.989897986514098,-2.540781065509929,474.86180104879645,441.0529983520508,407.24419565530513,0.021086487226690317,-58896000,bear,hold
2022-04-25,413.95001220703125,414.0799865722656,401.6700134277344,405.70001220703125,3368800,440.169499206543,445.5681994628906,,-0.04093874961784094,40.223775916822724,-10.05497148112255,-7.602912685435789,-2.452058795686761,475.7929594317466,440.169499206543,404.54603898133934,0.13199129402705512,-55527200,bear,hold
2022-04-26,399.1199951171875,411.6099853515625,397.4700012207031,410.1700134277344,2820100,437.62499847412107,444.0711993408203,,-0.11308640595559671,35.847051175388515,-11.534176639507791,-8.38916547625019,-3.1450111632576014,477.13168411201303,437.62499847412107,398.1183128362291,0.012677376813377253,-58347300,bear,hold
2022-04-27,397.8999938964844,412.4599914550781,396.80999755859375,401.44000244140625,3080700,434.20349884033203,442.5489990234375,,-0.14674156637185687,35.50479077637307,-12.658976486167603,-9.243127678233673,-3.41584880793393,475.00511033437584,434.20349884033203,393.4018873462882,0.05512167761869878,-61428000,bear,hold
2022-04-28,410.5299987792969,414.2699890136719,398.489990234375,406.1300048828125,2593900,431.7269989013672,441.16959899902344,,-0.10765986836964381,41.709596844615724,-12.388446329951137,-9.872191408577166,-2.516254921373971,471.95900740895485,431.7269989013672,391.4949903937796,0.23656547475037637,-58834100,bear,hold
2022-04-29,395.95001220703125,413.0,394.6400146484375,407.4700012207031,3033200,428.7434997558594,439.53459899902344,,-0.13096436405256728,37.2539443993914,-13.198389480219305,-10.537431022905594,-2.6609584573137113,470.2746078761724,428.7434997558594,387.21239163554634,0.1051936845288665,-61867300,bear,hold
2022-05-02,407.2900085449219,407.9800109863281,394.0400085449219,397.1300048828125,3010000,426.19850006103513,438.5261993408203,,-0.11108927219116593,42.40722502875642,-12.77793623503959,-10.985532065332393,-1.792404169707197,466.41735137307654,426.19850006103513,385.9796487489937,0.2649299905483363,-58857300,bear,hold
2022-05-03,407.5799865722656,413.92999267578125,403.5,406.5899963378906,2196100,423.1369995117187,437.82659912109375,,-0.13060730638252938,42.53718843786539,-12.279771642076014,-11.244379980681117,-1.0353916613948968,459.00128151367244,423.1369995117187,387.272717509765,0.28311272286720207,-56661200,bear,hold
2022-05-04,423.3500061035156,424.2300109863281,395.04998779296875,407.2900085449219,3330400,421.37550048828126,437.52559936523437,,-0.07682406886546123,49.245039456956754,-10.491524073676317,-11.093808799280158,0.602284725603841,453.353668295149,421.37550048828126,389.3973326814135,0.530872713333037,-53330800,bear,hold
2022-05-05,400.510009765625,417.989990234375,395.7099914550781,415.54998779296875,3507700,419.1845016479492,436.94679931640627,,-0.09862034553347387,41.65990484340225,-10.792907890930849,-11.033628617610297,0.24072072667944866,450.5706987249183,419.1845016479492,387.7983045709801,0.2025047055473409,-56838500,bear,hold
2022-05-06,391.010009765625,401.260009765625,382.82000732421875,395.0,3522200,416.0990020751953,435.4905993652344,,-0.13630939938302888,38.97112059372395,-11.66387346979485,-11.15967758804721,-0.5041958817476413,445.7780618437779,416.0990020751953,386.4199423066127,0.07732838396503389,-60360700,bear,hold
2022-05-09,376.9100036621094,389.6300048828125,374.8599853515625,381.95001220703125,4324900,412.67750244140626,433.71799926757814,,-0.15365786419026617,35.326755995455144,-13.338119085768767,-11.595365887591521,-1.7427531981772457,443.8250275437481,412.67750244140626,381.52997733906443,-0.07416277315412938,-64685600,bear,hold
2022-05-10,393.0299987792969,400.8299865722656,374.7799987792969,385.7200012207031,5334400,410.6070022583008,432.2249993896484,,-0.09531811856504724,42.00413799146864,-13.211923087958212,-11.91867732766486,-1.2932457602933525,441.1930127001447,410.6070022583008,380.02099181645684,0.21266269733961024,-59351200,bear,hold
2022-05-11,379.3299865722656,409.989990234375,377.80999755859375,389.989990234375,3822000,408.2350021362305,430.4779992675781,,-0.11116058687970787,38.377539816413474,-14.055366820286281,-12.346015226189143,-1.7093515940971375,440.7373160585688,408.2350021362305,375.7326882138922,0.05533911165477183,-63173200,bear,hold
2022-05-12,388.489990234375,390.1300048828125,370.2699890136719,373.3999938964844,4048200,406.0760009765625,428.82419921875,,-0.10003016621535166,41.98426097397549,-13.825296895984309,-12.641871560148177,-1.183425335836132,437.79174492859283,406.0760009765625,374.3602570245322,0.2227558217018945,-59125000,bear,hold
2022-05-13,405.45001220703125,408.9700012207031,393.94000244140625,396.4700012207031,3379300,405.3265014648438,427.7515997314453,,-0.03565310186312265,48.04738426813109,-12.134553215068877,-12.540407891132316,0.4058546760634396,436.3499584148678,405.3265014648438,374.30304451481976,0.5019906025042026,-55745700,bear,hold
2022-05-16,402.8599853515625,407.1700134277344,396.6000061035156,399.739990234375,2645200,404.19600067138674,426.7661993408203,,-0.05314126919470452,47.23552296978041,-10.878222807208658,-12.207970874347586,1.3297480671389277,433.81706373162353,404.19600067138674,374.57493761114995,0.4774482212689776,-58390900,bear,hold
2022-05-17,409.6499938964844,416.7200012207031,403.5400085449219,413.0799865722656,2614700,402.8585006713867,426.1997991943359,,-0.06129697610936535,49.63803459042986,-9.228296902228067,-11.612036079923683,2.3837391776956167,428.7193112601905,402.8585006713867,376.9976900825829,0.6313085914646074,-55776200,bear,hold
2022-05-18,397.8800048828125,411.6600036621094,396.1099853515625,404.3800048828125,2915900,401.34700164794924,425.52679931640625,,-0.07061264979354598,45.749378983890765,-8.769370636997962,-11.04350299133854,2.274132354340578,424.5218284104371,401.34700164794924,378.1721748854614,0.4251990791415833,-58692100,bear,hold
2022-05-19,394.3800048828125,403.0400085449219,391.57000732421875,399.010009765625,2797200,400.19200134277344,424.3969995117188,,-0.055332005115502736,44.629720080270914,-8.589079453276383,-10.55261828372611,1.9635388304497265,422.3141509529299,400.19200134277344,378.069851732617,0.36863852377861583,-61489300,bear,hold
2022-05-20,399.0899963378906,406.239990234375,385.6199951171875,401.3900146484375,3432400,399.71300048828124,423.59979919433596,,-0.02344193793298166,46.526326908283075,-7.974218615445238,-10.036938350069935,2.0627197346246966,421.49233200518825,399.71300048828124,377.93366897137423,0.48569735370649497,-58056900,bear,hold
2022-05-23,406.760009765625,407.8800048828125,398.8900146484375,404.010009765625,2337500,399.35350036621094,423.4073992919922,,-0.017369252879283148,49.5564937740476,-6.789762829570861,-9.38750324597012,2.597740416399258,420.406193481043,399.35350036621094,378.3008072513789,0.675904084076446,-55719400,bear,hold
2022-05-24,398.4100036621094,404.3299865722656,391.0400085449219,401.6099853515625,2630800,399.31800079345703,423.1455993652344,,-0.001778892222299322,46.46927253029528,-6.450491543145517,-8.8001009054052,2.3496093622596828,420.37454321557607,399.31800079345703,378.261458371338,0.4784390733971157,-58350200,bear,hold
2022-05-25,402.5,406.1000061035156,394.7099914550781,395.32000732421875,2726700,399.5480010986328,422.7623992919922,,0.011560709158272342,48.17240735301229,-5.78490331693331,-8.197061387710821,2.4121580707775117,420.6380284407462,399.5480010986328,378.45797375651944,0.5699856584697857,-55623500,bear,hold
2022-05-26,408.6000061035156,411.54998779296875,402.4599914550781,405.0899963378906,2419500,399.4515014648438,422.08719970703123,,-0.004701222033761332,50.69213783831839,-4.7108960623049825,-7.4998283226296545,2.788932260324672,420.3564986876101,399.4515014648438,378.54650424207745,0.7188114291808847,-53204000,bear,hold
2022-05-27,428.2200012207031,428.54998779296875,414.6300048828125,414.79998779296875,3560400,401.0650009155273,421.76440002441404,,0.08150015915847164,57.79887692498129,-2.250624146198845,-6.449987487343493,4.199363341144648,425.34830005733454,401.0650009155273,376.7817017737201,1.059129139467391,-49643600,bear,hold
2022-05-31,416.4800109863281,427.2900085449219,412.7900085449219,427.2200012207031,7944200,401.52450103759764,421.0274005126953,,0.022563780717917314,52.88690501484879,-1.2339359782459383,-5.406777185523983,4.1728412072780445,426.59656554894445,401.52450103759764,376.45243652625084,0.7982504680051796,-57587800,bear,hold
2022-06-01,418.1600036621094,437.54998779296875,413.7900085449219,428.0,3409900,402.05350189208986,420.3188006591797,,0.02595813690171922,53.49595306763268,-0.28930696108949405,-4.383283140637086,4.0939761795475915,428.04394743938343,402.05350189208986,376.0630563447963,0.8098542835810815,-54177900,bear,hold
2022-06-02,441.2799987792969,441.8999938964844,415.8399963378906,418.1099853515625,3415700,402.9500015258789,419.815400390625,,0.04235264536974426,60.97314475530141,2.2984140384650686,-3.046943704816655,5.345357743281724,432.7715341266064,402.9500015258789,373.1284689251514,1.1426563947367832,-50762200,bear,hold
2022-06-03,429.760009765625,438.010009765625,427.260009765625,430.7099914550781,2355300,404.4125015258789,419.9526007080078,,0.07303188256672244,56.13036577387015,3.3806645408605505,-1.7614220556812141,5.142086596541764,436.40207448428635,404.4125015258789,372.42292856747144,0.8961839108121684,-53117500,bear,hold
2022-06-06,429.4599914550781,440.0,427.0400085449219,437.5899963378906,1563800,406.3350006103516,419.8990002441406,,0.0983350316594207,56.005607904503755,4.1661224249061775,-0.5759131595637359,4.742035584469914,439.4725738530621,406.3350006103516,373.19742736764107,0.8489240246313675,-54681300,bear,hold
2022-06-07,433.4200134277344,435.20001220703125,423.1199951171875,423.9800109863281,1611200,409.16050109863284,419.93500061035155,,0.1499297158912365,57.35299725035324,5.049931666066584,0.549255805562328,4.500675860504256,441.4051664428665,409.16050109863284,376.91583575439915,0.8761786960744481,-53070100,bear,hold
2022-06-08,428.8399963378906,433.75,426.4200134277344,430.5400085449219,1790100,410.9510009765625,419.51160034179685,,0.09111263178336326,55.24559411214327,5.319468236263731,1.5032982917026088,3.816169944561122,443.3903716466252,410.9510009765625,378.5116303064998,0.7757296919116453,-54860200,bear,hold
2022-06-09,426.4200134277344,436.0400085449219,423.4800109863281,424.1700134277344,2572400,413.3055023193359,418.71340087890627,,0.12414000612234144,54.11415224124479,5.276975821377107,2.2580337976375082,3.0189420237395987,442.9368779544423,413.3055023193359,383.6741266842295,0.7212943345914181,-57432600,bear,hold
2022-06-10,393.8399963378906,413.9599914550781,390.19000244140625,412.8999938964844,4406100,413.57300262451173,417.38900085449217,,0.013771284300756248,41.724713040008695,2.584571844468371,2.323341407003681,0.2612304374646901,442.3888221164274,413.57300262451173,384.7571831325961,0.1576011608457422,-61838700,bear,hold
2022-06-13,371.6499938964844,385.6499938964844,371.0899963378906,377.3599853515625,4724800,411.88300170898435,415.7096008300781,,-0.08336420592654437,35.725316121580235,-1.3244579258653175,1.5937815404298814,-2.9182394662951987,445.9012053374874,411.88300170898435,377.8647980804813,-0.09134527284076951,-66563500,bear,hold
2022-06-14,370.82000732421875,376.8900146484375,367.30999755859375,371.44000244140625,3197200,410.2810028076172,413.9622009277344,,-0.07953129919166213,35.51959417173056,-4.4382043052435165,0.387384371295202,-4.825588676538718,448.5944927677054,410.2810028076172,371.967512847529,-0.014975215315880044,-69760700,bear,hold
2022-06-15,376.9200134277344,382.75,368.5,376.0299987792969,3664500,408.6445037841797,412.1244012451172,,-0.07989742696547097,38.33033020434989,-6.3405611890315186,-0.9582047407701423,-5.382356448261376,449.62892136865537,408.6445037841797,367.660086199704,0.11296887663395659,-66096200,bear,hold
2022-06-16,365.0799865722656,376.1199951171875,360.8999938964844,369.3699951171875,5775300,407.00450286865237,410.2544012451172,,-0.08243696066156292,35.12944101574304,-8.703258198258652,-2.507215432267844,-6.196042765990808,452.00853177039505,407.00450286865237,362.0004739669097,0.03421374353037864,-71871500,bear,hold
2022-06-17,360.7900085449219,367.32000732421875,338.0,349.239990234375,9475100,405.3250030517578,408.58360168457034,,-0.08517165150873118,34.020877320556295,-10.797412128486656,-4.165254771511607,-6.632157356975049,454.4102355162153,405.3250030517578,356.23977058730026,0.04635037595998381,-81346600,bear,hold
2022-06-21,362.989990234375,372.79998779296875,353.510009765625,355.0199890136719,5343500,403.520002746582,406.78900146484375,,-0.09045580303885004,35.15104037813552,-12.139586473199188,-5.760121111849124,-6.379465361350064,455.93186726205505,403.520002746582,351.10813823110897,0.11335078529555336,-76003100,bear,hold
2022-06-22,365.3299865722656,372.54998779296875,358.2200012207031,360.7900085449219,3168200,401.44850158691406,405.18880126953127,,-0.10185372750195221,36.398940186806485,-12.866138329159867,-7.181324555311273,-5.684813773848594,456.39788749569846,401.44850158691406,346.49911567812967,0.1713474189265288,-72834900,bear,hold
2022-06-23,376.6400146484375,378.17999267578125,367.4700012207031,371.7099914550781,2534300,400.3600021362305,404.03280151367187,,-0.05464217467826171,42.18945233890497,-12.386526992805841,-8.222365042810186,-4.1641619499956555,456.35947890560277,400.3600021362305,344.3605253668582,0.2882124186134706,-70300600,bear,hold
2022-06-24,387.7200012207031,388.05999755859375,378.2200012207031,380.6400146484375,3305300,399.6210021972656,403.2518017578125,518.3955003356933,-0.03672049386160714,47.255721030038735,-10.985732549808631,-8.775038544209874,-2.210694005598757,455.8775122317659,399.6210021972656,343.3644921627654,0.39422556634544154,-66995300,bear,hold
2022-06-27,381.07000732421875,389.3900146484375,379.3800048828125,388.79998779296875,2244600,398.24450225830077,402.2398016357422,516.9924504089355,-0.06737640325027883,44.72249547692043,-10.29353433635589,-9.078737702639078,-1.2147966337168121,454.900651905627,398.24450225830077,341.58835261097454,0.34843220867469826,-69239900,bear,hold
2022-06-28,365.6300048828125,382.9800109863281,364.45001220703125,381.0,2654500,395.11500244140626,401.1436016845703,515.5259004211425,-0.1461631781781999,39.43648020282657,-10.865589670585166,-9.436108096228295,-1.4294815743568705,451.7169387744207,395.11500244140626,338.5130661083918,0.23954073421516575,-71894400,bear,hold
2022-06-29,368.5,370.3699951171875,362.6400146484375,367.94000244140625,2027900,392.7160018920898,400.00420166015624,514.1426502990722,-0.11520363455787364,40.8363127724005,-10.961011308617799,-9.741088738706196,-1.2199225699116027,449.55909588837443,392.7160018920898,335.8729078958052,0.2869925773773624,-69866500,bear,hold
2022-06-30,366.05999755859375,370.4200134277344,357.55999755859375,362.8999938964844,2595500,390.1110015869141,398.59740173339844,512.7479002380371,-0.12459347055490888,39.990039535839955,-11.10550411085103,-10.013971813135162,-1.091532297715867,446.8262755164431,390.1110015869141,333.39572765738507,0.2879671351124508,-72462000,bear,hold
2022-07-01,368.4800109863281,369.5299987792969,359.07000732421875,364.17999267578125,2471600,386.47100219726565,397.40480224609377,511.2849002075195,-0.16497459208292642,41.28958487034634,-10.8991027666749,-10.190998003843111,-0.7081047628317894,438.7543705930823,386.47100219726565,334.187633801449,0.3279472826355136,-69990400,bear,hold
2022-07-05,376.489990234375,378.5199890136719,359.82000732421875,363.5,3120500,383.8075012207031,396.5850018310547,509.8418002319336,-0.12395294657662881,45.496743110429186,-9.974213308952812,-10.147641064865052,0.1734277559122397,432.28749859811717,383.8075012207031,335.32750384328904,0.42453061693298283,-66869900,bear,hold
2022-07-06,382.8299865722656,385.3900146484375,374.0899963378906,378.5400085449219,2284600,381.4760009765625,396.0682012939453,508.48355026245116,-0.10857822803195871,48.63428364014304,-8.630163874279503,-9.844145626747942,1.2139817524684382,425.2015965267435,381.4760009765625,337.75040542638146,0.5154827576236126,-64585300,bear,hold
2022-07-07,390.8900146484375,392.07000732421875,382.3800048828125,382.5,2368500,379.34950103759763,395.60700134277346,507.23155044555665,-0.0981265226839555,52.38683121367877,-6.835819041900322,-9.242480309778419,2.4066612678780963,416.38905210174664,379.34950103759763,342.3099499734486,0.6557863591658115,-62216800,bear,hold
2022-07-08,389.44000244140625,391.8599853515625,383.8399963378906,384.3500061035156,1611200,377.37950134277344,395.4134014892578,505.9493003845215,-0.09187574441037072,51.655707352956846,-5.467762736273585,-8.487536795077453,3.0197740588038684,407.16047793095254,377.37950134277344,347.59852475459434,0.7024866622980382,-63828000,bear,hold
2022-07-11,384.1600036621094,388.04998779296875,380.4599914550781,386.57000732421875,1832200,375.26650085449216,395.1386016845703,504.7397003173828,-0.09910418937873522,48.975346932276736,-4.754809547749005,-7.740991345611764,2.986181797862759,395.197586111478,375.26650085449216,355.3354155975063,0.7231063359808778,-65660200,bear,hold
2022-07-12,375.5400085449219,391.5199890136719,372.9100036621094,383.8999938964844,2639600,374.35150146484375,394.4388018798828,503.46320022583006,-0.04646553921168661,44.88090799116064,-4.82967706411938,-7.1587284893132885,2.3290514251939083,392.3770188883741,374.35150146484375,356.3259840413134,0.5329673499004988,-68299800,bear,hold
2022-07-13,371.94000244140625,374.4100036621094,364.70001220703125,368.20001220703125,1994000,374.36600189208986,393.95860168457034,502.2093501281738,0.0007803270541761886,43.25450153325583,-5.120474869372401,-6.751077765325111,1.63060289595271,392.3832678949012,374.36600189208986,356.3487358892785,0.4326757053399484,-70293800,bear,hold
2022-07-14,372.9599914550781,374.19000244140625,361.4599914550781,368.8299865722656,2098400,374.47300109863284,393.2720013427734,501.0558999633789,0.005770951104556499,43.87508484576804,-5.208588272746454,-6.44257986680938,1.2339915940629265,392.4300787136008,374.47300109863284,356.5159234836649,0.45787149568553526,-68195400,bear,hold
2022-07-15,379.8599853515625,384.4700012207031,376.8599853515625,377.7900085449219,2488300,374.61999969482423,392.71760131835936,500.0613497924805,0.007799988907704503,48.016705994642145,-4.667838995639045,-6.087631692575314,1.4197926969362689,392.70249255729647,374.61999969482423,356.537506832352,0.6448911302382746,-65707100,bear,hold
2022-07-18,375.2300109863281,385.57000732421875,374.010009765625,383.8299865722656,1866400,375.1275009155273,391.7552014160156,499.04899978637695,0.027802193457277857,45.58584967667873,-4.560322970110519,-5.782169948082355,1.2218469779718362,392.6722542863995,375.1275009155273,357.58274754465515,0.5029213881960573,-67573500,bear,hold
2022-07-19,387.8299865722656,388.32000732421875,378.0,382.8900146484375,1977600,376.47949981689453,391.50160095214846,498.10954986572267,0.07494658218612238,52.61613863054452,-3.418991017668759,-5.309534161999636,1.8905431443308771,393.5576922740612,376.47949981689453,359.40130735972787,0.8323093700881674,-65595900,bear,hold
2022-07-20,401.489990234375,403.1300048828125,390.07000732421875,392.19000244140625,2746800,378.40449981689454,391.7112005615234,497.2296499633789,0.10606353077433717,58.82684834307415,-1.3961353096025846,-4.526854391520226,3.1307190819176416,397.5239587536222,378.40449981689454,359.2850408801669,1.103717147380521,-62849100,bear,hold
2022-07-21,408.9100036621094,409.6499938964844,399.239990234375,404.1199951171875,2009900,380.58350067138673,392.35120056152346,496.48175003051756,0.11928946073859503,61.75895078795126,0.7965434280987438,-3.4621748275964324,4.258718255695176,402.9103926358089,380.58350067138673,358.2566087069646,1.1343584014259769,-60839200,bear,hold
2022-07-22,401.8999938964844,414.6199951171875,398.6300048828125,410.0299987792969,2413200,381.84649963378905,392.5286004638672,495.65774993896486,0.06706663728129092,57.58656177719763,1.9461736438195203,-2.380505133313242,4.326678777132763,405.9271516090854,381.84649963378905,357.7658476584927,0.9163818795950298,-63252400,bear,hold
2022-07-25,391.9599914550781,400.7699890136719,388.57000732421875,400.1099853515625,2340500,382.0584991455078,392.78120056152346,494.76599990844727,0.010935701591421099,52.20116584893751,2.031767793074607,-1.4980505480356723,3.5298183411102793,406.4153249561307,382.0584991455078,357.70167333488496,0.7032590861090757,-65592900,bear,hold
2022-07-26,379.260009765625,393.5799865722656,378.1600036621094,393.5799865722656,2368500,381.96799926757814,392.59660095214844,493.7674998474121,-0.004749777006338274,46.24990944414473,1.0625707348642663,-0.9859262914556846,2.048497026319951,406.35227879359894,381.96799926757814,357.58371974155733,0.4444726365799858,-67961400,bear,hold
2022-07-27,392.7799987792969,394.9100036621094,383.4100036621094,385.0799865722656,2678000,383.3254989624023,392.34320068359375,492.84709991455077,0.07425537711322727,52.463132518009076,1.3696368842532252,-0.5148136563139026,1.8844505405671277,406.93091615639133,383.3254989624023,359.7200817684133,0.7002612311232967,-65283400,bear,hold
2022-07-28,403.5,406.1499938964844,390.05999755859375,392.760009765625,2421700,385.0754989624023,392.3560009765625,491.9992498779297,0.0949796472184532,56.73374559180184,2.4497641712179075,0.07810190919245935,2.371662262025448,409.20864495352066,385.0754989624023,360.942352971284,0.8817260510581256,-62861700,bear,hold
2022-07-29,410.1199951171875,411.3800048828125,400.8900146484375,404.69000244140625,2669800,387.278498840332,392.3654010009766,491.1463998413086,0.12036277619092006,59.172987033173946,3.7961909817924493,0.8217197237124574,2.974471258079992,412.10033197935996,387.278498840332,362.4566657013041,0.9601089723897399,-60191900,bear,hold
2022-08-01,411.0899963378906,417.1600036621094,405.07000732421875,406.510009765625,1910000,389.4089981079102,392.6296008300781,490.2462498474121,0.11563716913030464,59.53298985386472,4.885201361167162,1.6344160512033983,3.250785309963764,414.72081640215674,389.4089981079102,364.0971798136636,0.9282781659132838,-58281900,bear,hold
2022-08-02,409.9599914550781,412.4200134277344,402.25,405.3399963378906,2165500,391.08249816894534,392.94120056152343,489.25849975585936,0.088900109136679,58.88161537970413,5.592599971322841,2.4260528352272868,3.166547136095554,417.1703161721357,391.08249816894534,364.99468016575497,0.8618066732109255,-60447400,bear,hold
2022-08-03,424.5400085449219,426.0400085449219,412.0199890136719,412.80999755859375,2403500,393.1679992675781,393.45020080566405,488.33074966430667,0.10895181525907649,64.30795389355535,7.246174605007013,3.3900771891832324,3.856097415823781,422.7219702261317,393.1679992675781,363.61402830902455,1.0307579364096247,-58043900,bear,hold
2022-08-04,430.5899963378906,431.1499938964844,419.6300048828125,425.45001220703125,2745600,395.15299835205076,393.9268005371094,487.3695495605469,0.10156304894398205,66.295597947927,8.941752907133036,4.500412332773194,4.441340574359843,428.8682715100525,395.15299835205076,361.437725194049,1.0255333068157195,-55298300,bear,hold
2022-08-05,433.42999267578125,434.5400085449219,421.0,423.0,2481400,397.35249786376954,394.6272003173828,486.35634948730467,0.11295704077290725,67.21847590867299,10.39484954222445,5.679299774663445,4.715549767561004,434.8207036674537,397.35249786376954,359.8842920600854,0.9814414520012097,-52816900,bear,hold
2022-08-08,434.3399963378906,440.29998779296875,432.4800109863281,435.0,2202000,399.8614974975586,395.2640002441406,485.3661994934082,0.13062263691541776,67.52531636522534,11.487448627752315,6.840929545281219,4.646519082471095,440.07956256190823,399.8614974975586,359.643432433209,0.9286444261448904,-50614900,bear,hold
2022-08-09,426.57000732421875,434.5899963378906,424.6199951171875,434.3399963378906,1977300,402.4129974365234,395.6234002685547,484.30574966430663,0.13588432022734187,62.17407250510663,11.592734273411395,7.791290490907255,3.8014437825041396,442.6101874405972,402.4129974365234,362.21580743244965,0.8004813257499733,-52592200,bear,hold
2022-08-10,438.3999938964844,443.2200012207031,436.20001220703125,441.4200134277344,2634400,405.73599700927736,395.82700012207033,483.2798495483398,0.17868470995008923,66.5238952816837,12.48681472778759,8.730395338283323,3.7564193895042663,446.2938184205522,405.73599700927736,365.1781755980025,0.9026843127985001,-49957800,bear,hold
2022-08-11,434.8900146484375,445.6099853515625,434.3999938964844,445.260009765625,1756600,408.83249816894534,396.1952001953125,482.2194497680664,0.16605004454162375,64.16617065522826,12.765006884759032,9.537317647578465,3.2276892371805666,448.3511221427715,408.83249816894534,369.3138741951192,0.8296865358564925,-51714400,bear,hold
2022-08-12,445.6700134277344,446.0,436.5799865722656,439.6099853515625,2150400,412.1229995727539,396.745400390625,481.23529983520507,0.17324811934393236,67.92599416073442,13.697436461535233,10.36934141036982,3.3280950511654126,452.39620715705746,412.1229995727539,371.8497919884503,0.9164929473863834,-49564000,bear,hold
2022-08-15,451.0199890136719,451.1499938964844,442.1400146484375,445.07000732421875,2503400,415.9124984741211,396.9402001953125,480.28999969482425,0.2019827194208761,69.62912983046203,14.698654991944238,11.235204126684705,3.4634508652595333,455.84828039435257,415.9124984741211,375.9767165538896,0.9395493070559527,-47060600,bear,hold
2022-08-16,447.55999755859375,450.0899963378906,440.1000061035156,446.1199951171875,2139500,418.8989990234375,397.2961999511719,479.33139953613284,0.15401081157812535,67.14586397795694,15.039568710327444,11.996077043413253,3.043491666914191,458.92120885963686,418.8989990234375,378.87678918723816,0.8580636683039038,-49200100,bear,hold
2022-08-17,437.82000732421875,442.989990234375,436.1099853515625,440.8699951171875,1894400,420.7154998779297,397.46340026855466,478.2686996459961,0.0904879772186491,60.594474064622155,14.358295978565536,12.46852083044371,1.8897751481218261,460.71005916260486,420.7154998779297,380.7209405932545,0.7138354285209368,-51094500,bear,hold
2022-08-18,439.0299987792969,441.3900146484375,437.010009765625,438.6099853515625,1402300,422.22149963378905,397.57559997558593,477.2628495788574,0.07365922781893164,61.10222116201621,13.757431521566616,12.726302968668291,1.0311285528983252,462.5910779959429,422.22149963378905,381.8519212716352,0.708182743385619,-49692200,bear,hold
2022-08-19,425.05999755859375,432.5,424.6199951171875,431.5799865722656,2007700,423.3794998168945,397.5,476.18614944458005,0.05762628517997581,52.66480240235363,12.015472872163059,12.584136949367245,-0.5686640772041862,462.6650912525513,423.3794998168945,384.0939083812377,0.5213882199591117,-51699900,bear,hold
2022-08-22,411.3500061035156,419.7900085449219,410.0799865722656,419.4100036621094,2074600,424.34900054931643,397.19859985351565,474.96699951171877,0.049469372056203165,45.95768142104707,9.420087456730528,11.951327050839902,-2.5312395941093744,461.37740330219077,424.34900054931643,387.3205977964421,0.3244726550513747,-53774500,bear,hold
2022-08-23,410.4100036621094,415.70001220703125,409.20001220703125,410.3699951171875,1392200,425.9065002441406,397.53,473.6486494445801,0.08213361043716283,45.529541779270644,7.204328461202806,11.001927332912484,-3.7975988717096776,457.4287954984127,425.9065002441406,394.3842049898685,0.25419783906866594,-55166700,bear,hold
2022-08-24,405.6499938964844,413.239990234375,405.3299865722656,410.67999267578125,1883900,426.55,398.21,472.36329956054686,0.03276642180657263,43.32832518230173,5.0065184582043685,9.802845557970862,-4.7963270997664935,455.7833870835524,426.55,397.31661291644764,0.1425319097684264,-57050600,bear,hold
2022-08-25,403.92999267578125,406.6700134277344,392.9200134277344,405.7900085449219,3062400,426.5714996337891,398.87219970703126,471.0528494262695,0.0010656571890490518,42.52821056695071,3.090325128184247,8.460341472013539,-5.370016343829292,455.7376018366775,426.5714996337891,397.4053974309006,0.11185236888175049,-60113000,bear,hold
2022-08-26,381.0199890136719,405.5400085449219,380.5,403.989990234375,3600100,425.11649932861326,398.95419921875,469.6183494567871,-0.0709548582121694,33.62213013347073,-0.27376196243500317,6.713520785123831,-6.987282747558834,459.80152546295653,425.11649932861326,390.43147319427,-0.13567070908560389,-63713100,bear,hold
2022-08-29,375.260009765625,382.8599853515625,374.82000732421875,380.0899963378906,2410300,423.325,399.15779968261717,468.25714950561525,-0.08715849787503849,31.818019797130802,-3.3658084610556784,4.697654935887929,-8.063463396943607,463.9205479288249,423.325,382.7294520711751,-0.09199829398344471,-66123400,bear,hold
2022-08-30,375.07000732421875,380.6600036621094,371.05999755859375,379.9200134277344,1835000,421.580500793457,399.44339965820313,466.91664962768556,-0.08510582705161973,31.757484745920337,-5.7651521124397505,2.6050935262223933,-8.370245638662144,467.03167871726646,421.580500793457,376.1293228696476,-0.011653334344871974,-67958400,bear,hold
2022-08-31,373.44000244140625,381.1499938964844,372.5,378.5299987792969,3193900,419.02550048828124,399.65239990234375,465.4958497619629,-0.12036558410279619,31.208921216532843,-7.7093088999030215,0.5422130409973103,-8.251521940900332,469.0399708695076,419.02550048828124,369.01103010705486,0.04427690926838108,-71152300,bear,hold
2022-09-01,370.5299987792969,371.6400146484375,361.7200012207031,371.0,2574400,416.0225006103516,399.7564001464844,464.04984985351564,-0.13948303042196952,30.20578418915541,-9.37679033435279,-1.44158763407271,-7.9352027002800805,469.95755821481976,416.0225006103516,362.0874430058834,0.07826593822636475,-73726700,bear,hold
2022-09-02,368.1400146484375,382.0,365.42999267578125,374.5299987792969,2450500,412.75800170898435,399.5864001464844,462.53539978027345,-0.15063557928761662,29.370790290887328,-10.767017652872255,-3.306673637832619,-7.460344015039636,469.89209803391265,412.75800170898435,355.62390538405606,0.10953274900158447,-76177200,bear,hold
2022-09-06,368.29998779296875,374.29998779296875,365.3699951171875,367.2300109863281,2564400,409.4560012817383,399.1979998779297,461.0235498046875,-0.15204680458105146,29.51124934763729,-11.720764644138626,-4.989491839093821,-6.731272805044805,468.80950696943097,409.4560012817383,350.1024955940456,0.15329753472924615,-73612800,bear,hold
2022-09-07,379.7200012207031,381.5199890136719,367.19000244140625,368.20001220703125,2385500,407.1135009765625,399.1709997558594,459.5673497009277,-0.10982958318470526,38.85890731345816,-11.423434125748656,-6.276280296424789,-5.147153829323868,467.2729350335876,407.1135009765625,346.95406691953735,0.27232581900709824,-71227300,bear,hold
2022-09-08,383.6300048828125,386.6600036621094,375.20001220703125,377.20001220703125,2276800,404.37500152587893,399.5309997558594,458.04364974975584,-0.12493154602233925,41.70912985948954,-10.748392155380316,-7.170702668215894,-3.577689487164422,463.56694336771545,404.37500152587893,345.1830596840424,0.3247650271510101,-68950500,bear,hold
2022-09-09,394.7799987792969,396.0899963378906,389.6700134277344,390.19000244140625,2998900,402.3695007324219,400.0565997314453,456.64969970703123,-0.0922302525192843,49.00908996838796,-9.207566116706857,-7.578075357914086,-1.6294907587927714,459.9870107067738,402.3695007324219,344.75199075807,0.43413892793611314,-65951600,bear,hold
2022-09-12,396.3599853515625,396.3900146484375,389.2799987792969,391.0899963378906,2854800,399.9039993286133,400.6625994873047,455.3056997680664,-0.11064246323623816,49.965303031023446,-7.76939788558019,-7.616339863447307,-0.15305802213288278,454.012211663184,399.9039993286133,345.79578699404254,0.46725068317599505,-63096800,bear,hold
2022-09-13,368.3900146484375,383.5799865722656,367.3699951171875,382.54998779296875,4175100,395.7725006103516,400.6607995605469,453.8060498046875,-0.18320690075385904,36.806648571136506,-8.78531049123643,-7.8501339890051325,-0.9351765022312977,446.12603952466117,395.7725006103516,345.418961696042,0.22809770125082043,-67271900,bear,hold
2022-09-14,371.5199890136719,374.239990234375,365.6099853515625,369.57000732421875,3004400,391.97050018310546,400.5613995361328,452.3531498718262,-0.16989902797326484,38.75056893167446,-9.231451352672252,-8.126397461738556,-1.1050538909336964,437.34566903035454,391.97050018310546,346.5953313358564,0.27465085322020333,-64267500,bear,hold
2022-09-15,309.1300048828125,329.0,305.0,323.1499938964844,27840200,385.53600006103517,399.08739990234375,450.4613499450684,-0.29393358066916175,23.338973309619888,-14.452768979875145,-9.391671765365874,-5.061097214509271,438.8779990106028,385.53600006103517,332.1940011114675,-0.21618983805294714,-92107700,bear,hold
2022-09-16,299.5,300.20001220703125,292.1400146484375,298.32000732421875,14948100,378.5595001220703,397.259599609375,448.6096000671387,-0.31781427047639965,21.891716339709575,-19.147046496342455,-11.34274671156119,-7.804299784781264,438.21517653151864,378.5595001220703,318.90382371262194,-0.16263183053564992,-107055800,bear,hold
2022-09-19,296.05999755859375,299.2799987792969,293.4599914550781,294.8800048828125,6593400,372.1095001220703,395.3919995117187,446.802850189209,-0.30348656834549004,21.381655298488155,-22.881115440509234,-13.650420457350801,-9.230694983158433,437.84506173178227,372.1095001220703,306.37393851235834,-0.07845023835805165,-113649200,bear,hold
2022-09-20,291.05999755859375,294.0799865722656,287.80999755859375,292.82000732421875,6548800,366.0949996948242,393.5299993896484,444.89875015258787,-0.292427389716997,20.629300358329772,-25.94477497863977,-16.109291361608598,-9.835483617031173,438.0832494985826,366.0949996948242,294.1067498910658,-0.02116145579853368,-120198000,bear,hold
2022-09-21,286.29998779296875,297.94000244140625,286.2200012207031,292.8399963378906,4913100,359.8894989013672,391.74519897460937,443.2475999450684,-0.3024049481291894,19.91101442264838,-28.42912696299544,-18.57325848188597,-9.855868481109471,436.75925900881987,359.8894989013672,283.0197387939145,0.021336407154575198,-125111100,bear,hold
2022-09-22,287.05999755859375,289.54998779296875,280.05999755859375,282.0,5657600,353.95999908447266,390.04759887695315,441.5727000427246,-0.2923456135146719,20.387653124077687,-29.990950365868173,-20.85679685868241,-9.134153507185761,434.02464058988954,353.95999908447266,273.89535757905577,0.082212570568041,-119453500,bear,hold
2022-09-23,284.55999755859375,288.54998779296875,280.70001220703125,285.57000732421875,4739300,347.99149932861326,388.27959899902345,439.7456999206543,-0.2955214945204654,19.96670514034676,-31.072254167368214,-22.89988832041957,-8.172365846948644,430.0386007551932,347.99149932861326,265.9443979020333,0.11344459056374259,-124192800,bear,hold
2022-09-26,276.9599914550781,288.8999938964844,276.75,286.0299987792969,6746200,342.7884994506836,386.22159912109373,437.865,-0.2731090246156609,18.702494750987256,-32.171598040990716,-24.754230264533803,-7.4173677764569135,428.89518222018177,342.7884994506836,256.68181668118547,0.11775029603785794,-130939000,bear,hold
2022-09-27,277.57000732421875,284.5,274.7300109863281,281.70001220703125,6390900,337.9039993286133,384.2683990478516,436.09,-0.26032617358407095,19.145013458299545,-32.61761721120797,-26.326907653868638,-6.2907095573393335,427.11575863432523,337.9039993286133,248.69224002290133,0.16184955619112237,-124548100,bear,hold
2022-09-28,281.3999938964844,282.739990234375,275.3699951171875,280.3800048828125,4985100,333.2204986572266,382.1397991943359,434.2247499084473,-0.24974007944805876,22.015168492350398,-32.289825698220795,-27.51949126273907,-4.770334435481725,423.95789657106207,333.2204986572266,242.4831007433911,0.2144479236116561,-119563000,bear,hold
2022-09-29,278.25,279.5899963378906,275.010009765625,277.79998779296875,5155300,328.46099853515625,379.67499938964846,432.3244999694824,-0.2549003904752861,21.34408997805403,-31.916315328526196,-28.398856075896497,-3.517459252629699,420.2405902869258,328.46099853515625,236.6814067833867,0.22645880431153606,-124718300,bear,hold
2022-09-30,275.20001220703125,284.2900085449219,274.8500061035156,279.69000244140625,4578800,323.69449920654296,377.00079956054685,430.62620010375974,-0.2572800768799509,20.686564237493982,-31.50326417531545,-29.01973769578029,-2.4835264795351613,416.1390868001034,323.69449920654296,231.24991161298252,0.23771051252496597,-129297100,bear,hold
2022-10-03,285.239990234375,286.8999938964844,277.0,278.2699890136719,3738100,319.5494979858398,374.6675994873047,428.90074996948243,-0.22518612787373715,28.49543490699716,-30.01972711377738,-29.21973557937971,-0.7999915343976696,411.08062230070846,319.5494979858398,228.01837367097116,0.31258010317102897,-125559000,bear,hold
2022-10-04,294.9700012207031,296.7900085449219,290.17999267578125,290.95001220703125,4509200,315.88299865722655,372.72779968261716,427.5451498413086,-0.19910396145189768,35.15830126537354,-27.739123387295137,-28.923613140962793,1.1844897536676555,405.1560748336167,315.88299865722655,226.60992248083645,0.3828706350658147,-121049800,bear,hold
2022-10-05,297.3800048828125,298.80999755859375,289.17999267578125,291.4100036621094,3469600,311.76599884033203,371.09019958496094,426.2488497924805,-0.21684397996731408,36.73086510255791,-25.443959225269964,-28.22768235782423,2.7837231325542646,396.35514091241873,311.76599884033203,227.1768567682453,0.4149654813542157,-117580200,bear,hold
2022-10-06,298.4100036621094,305.5,297.1000061035156,297.1499938964844,4884000,307.5049987792969,369.2027996826172,424.99204971313475,-0.22214112591827972,37.42930425279069,-23.27362889114363,-27.23687166448811,3.9632427733444793,385.5145361382413,307.5049987792969,229.4954614203525,0.44170587709462483,-112696200,bear,hold
2022-10-07,288.7699890136719,293.7099914550781,286.8299865722656,291.3599853515625,3495900,302.2044982910156,366.90819946289065,423.6482995605469,-0.26852933302958504,33.68167960510178,-22.07700510968192,-26.204898353526872,4.127893243844952,369.4348611521151,302.2044982910156,234.97413542991617,0.400085997564077,-116192100,bear,hold
2022-10-10,285.7200012207031,290.2799987792969,283.04998779296875,289.75,2906300,296.67249908447263,364.4201995849609,422.25699966430665,-0.27914014587704705,32.570525763638486,-21.13119342268027,-25.190157367357553,4.058963944677284,348.4296841852954,296.67249908447263,244.91531398364987,0.39419345504943815,-119098400,bear,hold
2022-10-11,284.8299865722656,288.2799987792969,281.44000244140625,285.69000244140625,3209800,292.49449768066404,361.89499938964843,420.833049621582,-0.22682489957257668,32.2363232663801,-20.220359868663365,-24.196197867618718,3.9758379989553525,332.5987622846534,292.49449768066404,252.39023307667466,0.40444269226624874,-122308200,bear,hold
2022-10-12,286.1499938964844,289.7900085449219,283.0899963378906,284.69000244140625,3044100,288.2259979248047,359.4187994384766,419.37539962768557,-0.2297857386996367,33.32898530791583,-19.171012655251957,-23.191160825145367,4.02014816989341,305.38748295182285,288.2259979248047,271.0645128977865,0.4395156064567851,-119264100,bear,hold
2022-10-13,294.739990234375,298.1700134277344,276.6000061035156,279.7099914550781,4737200,287.5064971923828,356.82279907226564,418.0022996520996,-0.0465500417984096,40.09808516276008,-17.445159573285878,-22.04196057477347,4.5968010014875915,302.1193942664914,287.5064971923828,272.89360011827426,0.7475037292505342,-114526900,bear,hold
2022-10-14,287.94000244140625,297.5899963378906,287.45001220703125,295.1199951171875,3563300,286.9284973144531,353.96979919433596,416.5955497741699,-0.03859765461967868,36.903860263548786,-16.43663940909596,-20.920896341637967,4.4842569325420065,300.47357719254427,286.9284973144531,273.383417436362,0.5373384703544352,-118090200,bear,hold
2022-10-17,293.5,297.9599914550781,291.3999938964844,297.45001220703125,4600600,286.8004974365234,351.1711993408203,415.21039962768555,-0.008646887724462315,41.03960203392809,-15.015643584511224,-19.73984579021262,4.7242022057013955,300.0429943006481,286.8004974365234,273.5580005723987,0.752954659239008,-113489600,bear,hold
2022-10-18,292.9800109863281,303.489990234375,286.80999755859375,302.67999267578125,5472000,286.89649810791013,348.34399963378905,413.8399996948242,0.0065966242143866705,40.77044832906094,-13.772689927200474,-18.54641461761019,4.773724690409715,300.2881174261698,286.89649810791013,273.5048787896505,0.7271388072584711,-118961600,bear,hold
2022-10-19,299.8299865722656,303.7099914550781,292.70001220703125,295.3999938964844,5529100,287.572998046875,345.80919921875,412.5172996520996,0.04725811860348661,45.812166319532416,-12.095475306472622,-17.256226755382677,5.160751448910055,302.0950061434111,287.572998046875,273.0509899503389,0.9220142436194563,-113432500,bear,hold
2022-10-20,302.3800048828125,309.19000244140625,299.3399963378906,301.0299987792969,3621600,288.33899841308596,343.08879943847654,411.2591996765137,0.053368659703592725,47.600331374746816,-10.440157828918814,-15.893012970089906,5.452855141171092,304.224166001104,288.33899841308596,272.45383082506794,0.9419533628438863,-109810900,bear,hold
2022-10-21,306.3699951171875,307.42999267578125,298.2300109863281,300.989990234375,3659300,289.42949829101565,340.5183990478516,410.2188996887207,0.07664463644122299,50.36056511495491,-8.70599069443034,-14.455608514957992,5.749617820527652,307.02918545588784,289.42949829101565,271.82981112614345,0.981272668868341,-106151600,bear,hold
2022-10-24,316.2200012207031,317.3299865722656,306.20001220703125,308.42999267578125,4817400,291.3924987792969,337.9293988037109,409.2293997192383,0.14175336141282635,56.458343263380264,-6.4623436982465705,-12.856955551615709,6.394611853369138,311.56138555899315,291.3924987792969,271.2236119996006,1.1154901535368758,-101334200,bear,hold
2022-10-25,323.7900085449219,324.2300109863281,316.739990234375,319.1199951171875,3814600,293.70349884033203,335.3847991943359,408.2948497009277,0.16651655438663915,60.476649473148086,-4.026980439495446,-11.090960529191657,7.06398008969621,317.3070702353855,293.70349884033203,270.0999274452786,1.137329605783619,-97519600,bear,hold
2022-10-26,320.4800109863281,330.5799865722656,316.5400085449219,318.1600036621094,4207700,295.6574996948242,332.84319946289065,407.26809967041015,0.13887710709837364,57.95800113021262,-2.3370861766068174,-9.34018565867469,7.0030994820678725,321.25002163003467,295.6574996948242,270.0649777596137,0.9849563351815056,-101727300,bear,hold
2022-10-27,318.6499938964844,323.8500061035156,316.8699951171875,322.9599914550781,2870200,297.67749938964846,330.4597991943359,406.2118995666504,0.14519314967289976,56.5556147181168,-1.1324457535721422,-7.6986376776541805,6.566191924082038,323.8267313618015,297.67749938964846,271.52826741749544,0.9010154969210962,-104597500,bear,hold
2022-10-28,325.67999267578125,327.04998779296875,318.6700134277344,318.6700134277344,3008400,300.2014984130859,328.19279907226564,405.1784495544434,0.1834301534506264,60.508735829765904,0.38506383380428133,-6.081897375362488,6.46696120916677,326.9237829054575,300.2014984130859,273.47921392071436,0.9767274719713562,-101589100,bear,hold
2022-10-31,318.5,325.5799865722656,317.4200134277344,323.489990234375,3253200,301.8644989013672,326.06159912109376,404.186449432373,0.11660360014139681,55.00379617577855,0.9968447063724284,-4.666148959015505,5.662993665387933,328.79433166475565,301.8644989013672,274.93466613797875,0.8088675159032002,-104842300,bear,hold
2022-11-01,316.0199890136719,322.8399963378906,312.7900085449219,321.010009765625,2467700,302.9169982910156,324.1549987792969,403.1635494995117,0.07136314779759134,53.20331949965211,1.2669645169523847,-3.4795262638219273,4.746490780774312,330.32782887334923,302.9169982910156,275.50616770868197,0.7390111945586427,-107310000,bear,hold
2022-11-02,301.2200012207031,318.8399963378906,301.0899963378906,318.8399963378906,3480000,303.10899810791017,321.97119873046876,402.1029493713379,0.012912759011500574,43.95618342395241,0.28353269825885263,-2.7269144714057716,3.0104471696646242,330.4155994728819,303.10899810791017,275.8023967429384,0.4654113512340975,-110790000,bear,hold
2022-11-03,285.92999267578125,299.6099853515625,285.3699951171875,297.07000732421875,4897100,302.48499755859376,319.57679870605466,400.94969924926755,-0.04182169107326339,36.83351485279423,-1.7099092396088622,-2.52351342504639,0.8136041854375278,330.7462874642294,302.48499755859376,274.2237076529581,0.2071081161176715,-115687100,bear,hold
2022-11-04,285.75,291.010009765625,278.2300109863281,290.3800048828125,5738300,302.33399810791013,317.21319885253905,399.82419921875,-0.010458112437469747,36.75800450430491,-3.2665949686033855,-2.6721297337577896,-0.5944652348455959,330.91722816635047,302.33399810791013,273.7507680494698,0.20989985956795235,-121425400,bear,hold
2022-11-07,299.5400085449219,300.3599853515625,287.57000732421875,288.9700012207031,3980700,303.0249984741211,315.5835992431641,398.82234924316407,0.0483690580469498,45.90745679839045,-3.3489367245613835,-2.8074911319185087,-0.5414455926428747,330.6193350592123,303.0249984741211,275.4306618890299,0.43685316698133414,-117444700,bear,hold
2022-11-08,302.1700134277344,309.8999938964844,297.7699890136719,301.1499938964844,4230600,303.89199981689455,314.1217993164062,397.7348994445801,0.060878515861845006,47.46839917314423,-3.165484015933032,-2.8790897087214136,-0.2863943072116184,330.20502234419064,303.89199981689455,277.57897728959847,0.4672788181712333,-113214100,bear,hold
2022-11-09,298.8699951171875,303.2900085449219,297.3500061035156,299.6499938964844,2778200,304.5279998779297,312.5977990722656,396.7156494140625,0.04445221559328294,45.68689994546601,-3.2489286933084713,-2.9530575056388253,-0.29587118766964604,329.68442095955896,304.5279998779297,279.3715787963004,0.3875435273089382,-115992300,bear,hold
2022-11-10,329.95001220703125,330.3699951171875,317.8699951171875,318.54998779296875,5502900,306.2885009765625,311.7279992675781,395.86134948730466,0.1194612985657546,60.66133016219541,-0.7979631462697512,-2.5220386337650105,1.7240754874952593,333.317055891297,306.2885009765625,279.259946061828,0.9377132130280813,-110489400,bear,hold
2022-11-11,341.1499938964844,342.30999755859375,329.489990234375,330.3399963378906,4110100,308.9490005493164,311.14039916992186,395.10184951782225,0.18479541225226592,64.46357593102876,2.0248484358539827,-1.612661219841212,3.6375096556951947,338.57940734528427,308.9490005493164,279.3185937533485,1.0433775102869987,-106379300,bear,hold
2022-11-14,340.3699951171875,345.1099853515625,334.42999267578125,338.07000732421875,3464500,311.2925003051758,310.5849987792969,394.21289962768554,0.159693339411201,63.99963858952992,4.151155631068491,-0.4598978496592715,4.6110534807277626,343.00550235171744,311.2925003051758,279.57949825863415,0.9584475283881656,-109843800,bear,hold
2022-11-15,345.9599914550781,350.9700012207031,342.55999755859375,348.4100036621094,2948600,313.9414993286133,310.13819885253906,393.2711996459961,0.18083138262706355,65.89406268808091,6.2156848436629275,0.8752186890051683,5.34046615465776,347.86705387108736,313.9414993286133,280.01594478613924,0.9718934230887569,-106895200,bear,hold
2022-11-16,338.4100036621094,345.0199890136719,336.7200012207031,345.0,2123200,315.8705001831055,309.3119989013672,392.2833497619629,0.12867297741263495,61.209103850264654,7.160081242197691,2.132191199643673,5.027890042554018,350.7413139997774,315.8705001831055,280.9996863664336,0.8231857965446686,-109018400,bear,hold
2022-11-17,337.8299865722656,339.8699951171875,329.3500061035156,331.739990234375,2740400,317.64299926757815,308.39599853515625,391.3070495605469,0.11723652727365952,60.851166001953416,7.772127413458804,3.2601784424066995,4.511948971052105,353.1880658735765,317.64299926757815,282.0979326615798,0.7839632786238874,-111758800,bear,hold
2022-11-18,330.8599853515625,344.70001220703125,329.1400146484375,344.29998779296875,3421700,318.86749877929685,307.1175982666016,390.40719955444337,0.07993599446645394,56.57006909451355,7.607068021046473,4.129556358134654,3.4775116629118186,354.46210207139654,318.86749877929685,283.27289548719716,0.6684593374148857,-115180500,bear,hold
2022-11-21,321.489990234375,330.25,320.6000061035156,329.5299987792969,3219900,319.1309982299805,305.6201983642578,389.4469496154785,0.016665577741218573,51.340811050030695,6.643593752445838,4.632363836996891,2.011229915448947,354.7213297724339,319.1309982299805,283.5406666875271,0.5331409107777012,-118400400,bear,hold
2022-11-22,330.8800048828125,331.5400085449219,320.20001220703125,322.489990234375,2573800,319.485498046875,304.8699981689453,388.565849609375,0.021896896602067173,55.75479883110736,6.562085522478014,5.018308174093116,1.5437773483848982,355.3942097316981,319.485498046875,283.57678636205196,0.658659365670774,-115826600,bear,hold
2022-11-23,335.7799987792969,338.5,327.5899963378906,329.92999267578125,2240800,320.25049743652346,304.1551983642578,387.68819961547854,0.04774084894056463,57.900913324538585,6.814326900741548,5.377511919422803,1.4368149813187454,356.85649446194986,320.25049743652346,283.64450041109706,0.7121169016648649,-113585800,bear,hold
2022-11-25,334.29998779296875,335.510009765625,332.010009765625,332.8900146484375,1197800,321.03299713134766,304.6585980224609,386.75094955444337,0.04911342914247285,57.0015657203753,6.816232210719647,5.665255977682172,1.1509762330374755,358.134413663264,321.03299713134766,283.9315805994313,0.6787935866304217,-114783600,bear,hold
2022-11-28,328.9700012207031,338.19000244140625,328.07000732421875,335.8299865722656,2314800,321.19749755859374,305.247998046875,385.9206996154785,0.01010196701950039,53.762867722438436,6.31486300096941,5.79517738233962,0.51968561862979,358.40888238068,321.19749755859374,283.9861127365075,0.6044371729145664,-117098400,bear,hold
2022-11-29,326.7799987792969,329.70001220703125,323.6700134277344,326.69000244140625,2392600,321.6114974975586,305.8623980712891,385.1847496032715,0.025996856449911787,52.44435127137708,5.675387066369467,5.771219319145589,-0.0958322527761224,358.8778246836343,321.6114974975586,284.34517031148295,0.5693454610637004,-119491000,bear,hold
2022-11-30,344.92999267578125,345.0299987792969,326.3800048828125,327.1199951171875,4979800,323.05699768066404,306.93979797363284,384.53934951782225,0.09148156656906492,60.98436185981821,6.55755914278285,5.928487283873042,0.6290718589098079,361.56568123220194,323.05699768066404,284.54831412912614,0.7840008145934617,-114511200,bear,hold
2022-12-01,344.1099853515625,350.6700134277344,341.5,348.0299987792969,3365200,325.20149688720704,308.0959979248047,383.8623994445801,0.14238757040384575,60.45613243375583,7.108575893108878,6.164505005720209,0.9440708873886683,363.3826175698265,325.20149688720704,287.0203762045876,0.7476156818645039,-117876400,bear,hold
2022-12-02,341.5299987792969,343.5299987792969,334.2200012207031,337.20001220703125,2741800,327.9814971923828,309.1853979492187,383.1815493774414,0.19445321417036854,58.73241388446103,7.253463866737832,6.3822967779237345,0.8711670888140972,362.21245037800145,327.9814971923828,293.75054400676413,0.6978983978834421,-120618200,bear,hold
2022-12-05,334.0899963378906,340.510009765625,330.8299865722656,337.79998779296875,2542300,330.3984970092773,310.1759979248047,382.56344940185545,0.16916884107748253,53.95494805819689,6.690815060246791,6.444000434388347,0.24681462585844471,358.66779988141434,330.3984970092773,302.1291941371403,0.5652916583282948,-123160500,bear,hold
2022-12-06,331.1499938964844,334.2200012207031,327.3999938964844,334.0899963378906,2182200,331.97899627685547,311.2597979736328,382.00639938354493,0.10552842508456428,52.14972425499593,5.939214631798336,6.343043273870345,-0.40382864207200875,356.44990268815724,331.97899627685547,307.5080898655537,0.48306146968082425,-125342700,bear,hold
2022-12-07,326.67999267578125,331.0,325.489990234375,327.5299987792969,2055900,333.2044952392578,312.24199768066404,381.4477993774414,0.08111320832273305,49.441195975521815,4.926089245672415,6.05965246823076,-1.1335632225583447,353.7159229296037,333.2044952392578,312.6930675489119,0.3409544508072576,-127398600,bear,hold
2022-12-08,332.5799865722656,336.20001220703125,324.3500061035156,325.7099914550781,2065800,334.8899948120117,313.2655975341797,380.96344924926757,0.11279148795736549,52.91714017608516,4.546847054601869,5.757091385504983,-1.2102443309031132,348.06806193681433,334.8899948120117,321.7119276872091,0.41235405701499334,-125332800,bear,hold
2022-12-09,330.6400146484375,334.69000244140625,328.5,331.5,1969200,334.924494934082,314.31339782714844,380.2975492858887,0.0020912332652780474,51.65950462110646,4.043148465912452,5.414302801586477,-1.3711543356740252,348.05417401480463,334.924494934082,321.7948158533594,0.3368398702168158,-127302000,bear,hold
2022-12-12,338.1700134277344,338.2699890136719,332.6499938964844,334.760009765625,2914700,334.7754959106445,315.5727978515625,379.66069931030273,-0.00873510339166006,56.02788036487772,4.203120716815761,5.172066384632335,-0.9689456678165742,347.68498778752246,334.7754959106445,321.86600403376656,0.6314737074651927,-124387300,bear,hold
2022-12-13,342.4599914550781,355.6700134277344,338.7900085449219,353.6300048828125,3428000,334.87999572753904,316.7171978759766,379.0345993041992,0.006140365977826745,58.33779528611756,4.622776759256794,5.062208459557228,-0.43943170030043355,348.00104407560696,334.87999572753904,321.7589473794711,0.7888487080628449,-120959300,bear,hold
2022-12-14,339.9200134277344,345.95001220703125,335.0,343.8900146484375,3236500,334.5779968261719,317.6161981201172,378.40079940795897,-0.017458602660787803,56.44710736357381,4.696266559452283,4.989020079536239,-0.2927535200839557,346.91996551134645,334.5779968261719,322.23602814099735,0.7164167134850791,-124195800,bear,hold
2022-12-15,328.7099914550781,334.5,324.5899963378906,332.760009765625,5498700,334.09299621582034,318.2427978515625,377.68844940185545,-0.0286634913331828,48.912646413958626,3.806078563958181,4.752431776420628,-0.946353212462447,346.55626748730316,334.09299621582034,321.6297249443375,0.2840452701587645,-129694500,bear,hold
2022-12-16,338.5400085449219,354.4700012207031,337.239990234375,345.0,11940700,334.1284973144531,319.04539794921874,377.08574951171875,0.0021017138823595793,54.631364701471,3.849424619510671,4.571830345038637,-0.7224057255279659,346.63810377591926,334.1284973144531,321.61889085298697,0.6763249405190211,-117753800,bear,hold
2022-12-19,328.760009765625,340.739990234375,326.29998779296875,338.0,4086300,334.02349853515625,319.84519836425784,376.4688995361328,-0.006347021939525632,48.78073215802274,3.059346274720326,4.269333530974975,-1.2099872562546485,346.67552021029627,334.02349853515625,321.37147686001623,0.2919902089689947,-121840100,bear,hold
2022-12-20,338.2200012207031,342.5,325.5199890136719,327.0,3873600,334.85999908447263,320.8951983642578,375.9701495361328,0.05203897942244318,53.92115649006338,3.160117872515059,4.047490399282991,-0.8873725267679324,346.2344916307356,334.85999908447263,323.4855065382097,0.6476989906391212,-117966500,bear,hold
2022-12-21,341.3800048828125,345.2900085449219,336.44000244140625,340.2900085449219,2583000,335.38499908447267,322.02619873046876,375.5193995666504,0.03173355852590354,55.52678708653194,3.4551373039752775,3.9290197802214486,-0.4738824762461711,346.9440044499017,335.38499908447267,323.82599371904365,0.7593218710785383,-115383500,bear,hold
2022-12-22,336.5199890136719,339.8800048828125,330.94000244140625,336.010009765625,2319300,335.42199859619143,323.0335986328125,374.9476495361328,0.0022037948569455512,52.49699191894581,3.2592095264816408,3.7950577294734873,-0.5358482029918465,346.99055791265954,335.42199859619143,323.8534392797233,0.547455797539,-117702800,bear,hold
2022-12-23,338.45001220703125,338.9200134277344,333.2900085449219,335.0,1629800,335.6294998168945,323.9077990722656,374.4451495361328,0.012414072885436722,53.58022832521046,3.2225248327420104,3.6805511501271924,-0.45802631738518196,347.25883037670076,335.6294998168945,324.00016925708826,0.6212671862594183,-116073000,bear,hold
2022-12-27,335.0899963378906,338.1600036621094,332.4599914550781,338.0,1464300,335.9354995727539,324.8507989501953,374.0386994934082,0.01860350516605802,51.383437167688186,2.889023879906347,3.5222456960830235,-0.6332218161766767,347.16293090664027,335.9354995727539,324.7080682388675,0.46234654171024053,-117537300,bear,hold
2022-12-28,328.3299865722656,338.5,327.19000244140625,335.05999755859375,1672100,336.0129989624023,325.54739868164063,373.6228494262695,0.004743215003240042,47.19128806055513,2.0555505722512635,3.228906671316672,-1.1733560990654084,347.00551079454834,336.0129989624023,325.0204871302563,0.15053426789731397,-119209400,bear,hold
2022-12-29,337.5799865722656,339.5,329.760009765625,330.75,1793100,335.64549865722654,326.43939819335935,373.2024493408203,-0.02130868947202369,52.8588099243847,2.1170110796754216,3.006527552988422,-0.8895164733130003,345.8867693371598,335.64549865722654,325.40422797729326,0.5944456979752286,-117416300,bear,hold
2022-12-30,336.5299987792969,336.6400146484375,331.6400146484375,333.0,1740900,335.2664993286133,327.1733984375,372.673299407959,-0.022027801850973527,52.17431289370669,2.0572787065124203,2.8166777836932217,-0.7593990771808015,344.7604987107902,335.2664993286133,325.77249994643637,0.566542001943646,-119157200,bear,hold
2023-01-03,336.9200134277344,345.82000732421875,331.9200134277344,340.1600036621094,2229100,335.03600006103517,327.86419860839845,372.13609954833987,-0.013498039317306199,52.420776551244856,2.018147346712908,2.656971696297159,-0.6388243495842509,344.1257768086136,335.03600006103517,325.94622331345676,0.6036336435436175,-116928100,bear,hold
2023-01-04,341.4100036621094,345.6300048828125,336.7300109863281,342.8900146484375,2186800,335.4020004272461,328.5649987792969,371.57649963378907,0.021910285864457535,55.278110344788566,2.322665902925962,2.5901105376229197,-0.26744463469695745,344.89066819574816,335.4020004272461,325.913332658744,0.8165883441934303,-114741300,bear,hold
2023-01-05,328.44000244140625,337.54998779296875,328.1600036621094,337.5299987792969,2081600,335.26650085449216,328.80939880371096,370.9507496643066,-0.008183576944063797,46.576666281311674,1.5001357182171091,2.372115573741758,-0.871979855524649,345.066467526251,335.26650085449216,325.4665341827333,0.15170808015305595,-116822900,bear,hold
2023-01-06,332.75,334.8800048828125,322.44000244140625,332.2799987792969,2216600,335.57000122070315,328.9885986328125,370.2822496032715,0.018580897086780013,49.4256511005388,1.1824251426410797,2.1341774875216224,-0.9517523448805427,344.6359720814516,335.57000122070315,326.5040303599547,0.34447329116661535,-114606300,bear,hold
2023-01-09,341.9800109863281,349.4599914550781,338.4200134277344,338.8999938964844,3133800,336.0400024414063,329.4185986328125,369.8776496887207,0.028263950909806157,54.96455108412494,1.6563288428212672,2.038607758581551,-0.38227891576028394,345.4068498607675,336.0400024414063,326.673155022045,0.8170761879094918,-111472500,bear,hold
2023-01-10,338.70001220703125,344.6300048828125,336.79998779296875,337.6499938964844,1670200,336.44300231933596,329.8195989990234,369.4104496765137,0.024376957420485734,52.75349085068036,1.7470930489692478,1.9803048166590906,-0.23321176768984286,345.5353810910848,336.44300231933596,327.35062354758713,0.6241154787077341,-113142700,bear,hold
2023-01-11,342.92999267578125,343.19000244140625,333.4700012207031,337.3900146484375,2344400,336.6810012817383,330.16459899902344,368.9669996643066,0.01407569878771664,55.25341672343074,2.1357290535841003,2.011389664044093,0.12433938954000734,346.1817629884514,336.6810012817383,327.1802395750252,0.828867915381327,-110798300,bear,hold
2023-01-12,344.5400085449219,346.44000244140625,337.3699951171875,344.1700134277344,2121800,336.78500213623045,330.6853991699219,368.4396496582031,0.006073752092926155,56.203310768554886,2.5443114735006134,2.117974025935397,0.4263374475652162,346.577584116722,336.78500213623045,326.9924201557389,0.8959633130537324,-108676500,bear,hold
2023-01-13,344.3800048828125,344.6499938964844,335.5,340.25,2581900,337.00800170898435,331.2525994873047,367.82989974975584,0.013120708634080769,56.07590882420121,2.8226670776145397,2.258912636271226,0.5637544413433138,347.26796763443457,337.00800170898435,326.74803578353414,0.8592606070718826,-111258400,bear,hold
2023-01-17,344.3800048828125,350.7900085449219,341.9700012207031,344.3800048828125,2512700,337.79150238037107,332.11579956054686,367.25149978637694,0.04767124162660519,56.07590882420121,3.008584806448823,2.4088470703067455,0.5997377361420777,347.7869662969355,337.79150238037107,327.79603846380667,0.8295746229208538,-108745700,bear,hold
2023-01-18,341.30999755859375,349.239990234375,338.3999938964844,345.010009765625,2079800,337.9300018310547,333.2233996582031,366.679949798584,0.008182161469120208,53.38315146755092,2.87506010880071,2.5020896780055386,0.37297043079517156,348.03922929333606,337.9300018310547,327.82077436877336,0.6671737894982667,-110825500,bear,hold
2023-01-19,342.5299987792969,346.7300109863281,340.010009765625,340.55999755859375,2467000,338.6185012817383,334.35899963378904,366.1016497802734,0.04188462283928196,54.321868647457585,2.835004558633443,2.5686726541311193,0.2663319045023238,347.98410843763224,338.6185012817383,329.25289412584436,0.7088224197561499,-108358500,bear,hold
2023-01-20,356.3800048828125,357.4200134277344,342.760009765625,343.2699890136719,3149400,339.52650146484376,335.49579956054686,365.53949981689453,0.053692873267596086,63.34570331336341,3.876158052559049,2.8301697338167053,1.0459883187423435,351.6706021578928,339.52650146484376,327.3824007717947,1.1938967258240551,-105209100,bear,hold
2023-01-23,364.9800109863281,365.8699951171875,356.8500061035156,358.2799987792969,3187100,340.70650177001954,336.75199951171874,365.07149993896485,0.06913119036253135,67.6228565338914,5.333744233521315,3.3308846337576274,2.002859599763688,357.162464615445,340.70650177001954,324.2505389245941,1.2375292908812168,-102022000,bear,hold
2023-01-24,361.32000732421875,364.45001220703125,358.0,364.1000061035156,2466400,341.9465026855469,338.00099975585937,364.6564500427246,0.07369552811182145,64.18993184602756,6.122978194465645,3.889303345899231,2.233674848566414,360.5509711950951,341.9465026855469,323.34203417599866,1.0206680488810786,-104488400,bear,hold
2023-01-25,358.1700134277344,359.7300109863281,350.57000732421875,355.6700134277344,2239100,342.93250274658203,338.5653997802734,364.18370010375975,0.058265624196935484,61.30535539504814,6.4202647966886275,4.3954956360571105,2.024769160631517,362.74242034026287,342.93250274658203,323.1225851529012,0.8845929850312187,-106727500,bear,hold
2023-01-26,365.82000732421875,367.42999267578125,360.7200012207031,362.760009765625,2350500,344.46900329589846,339.0588000488281,363.7861001586914,0.09170673944960539,65.37487000054253,7.190272162859912,4.954450941417671,2.235821221442241,366.27395895098783,344.46900329589846,322.6640476408091,0.9895906317364345,-104377000,bear,hold
2023-01-27,370.7099914550781,373.4200134277344,362.8500061035156,363.489990234375,2615600,346.58800354003904,339.66559997558596,363.46745010375975,0.12907747271352155,67.71240684990889,8.101698068015878,5.583900366737313,2.517797701278565,369.8929335492588,346.58800354003904,323.28307353081925,1.0175297223698174,-101761400,bear,hold
2023-01-30,363.4200134277344,368.70001220703125,362.8299865722656,365.8999938964844,2663600,347.8800048828125,340.0148004150391,363.15070022583006,0.07654490160345206,61.09103484769683,8.141914440893856,6.095503181568622,2.046411259325234,371.8982714790777,347.8800048828125,323.8617382865473,0.8235039565123802,-104425000,bear,hold
2023-01-31,370.3399963378906,370.70001220703125,364.010009765625,364.7099914550781,2572400,349.5705047607422,340.65340026855466,362.8440501403809,0.10046651912528914,64.62705285559447,8.632659074119715,6.602934360078841,2.0297247140408743,374.8800224657995,349.5705047607422,324.2609870556849,0.9103099043447651,-101852600,bear,hold
2023-02-01,383.9200134277344,386.7200012207031,366.79998779296875,370.010009765625,3362000,351.9205047607422,341.57520080566405,362.6614501953125,0.13949898529871985,70.32628874056188,10.002073935533474,7.282762275169768,2.719311660363706,380.59893654147334,351.9205047607422,323.242072980011,1.0579019960305578,-98490600,bear,hold
2023-02-02,392.2300109863281,402.489990234375,388.8800048828125,393.2799987792969,4020000,354.4615051269531,342.8026013183594,362.4952502441406,0.14885330476289993,73.1745372139495,11.623899356579898,8.150989691451795,3.4729096651281033,387.6202573610005,354.4615051269531,321.30275289290574,1.0695103602329517,-94470600,bear,hold
2023-02-03,379.3299865722656,386.7200012207031,377.9200134277344,384.2900085449219,2695400,357.0060043334961,343.9594012451172,362.2099002075195,0.15494453706179767,63.0562206352459,11.733032432841128,8.867398239729662,2.8656341931114664,389.5923434704247,357.0060043334961,324.4196651965675,0.8425359035417206,-97166000,bear,hold
2023-02-06,375.2300109863281,379.2900085449219,373.3900146484375,376.2099914550781,2369600,359.1300048828125,344.8464013671875,361.94550033569334,0.12766344398595986,60.20672056075708,11.357762204448534,9.365471032673437,1.992291171775097,390.63518095697697,359.1300048828125,327.62482880864803,0.7555136664784154,-99535600,bear,hold
2023-02-07,383.82000732421875,384.94000244140625,372.760009765625,373.42999267578125,2476200,361.22200469970704,345.80720153808596,361.77720031738284,0.12234632140404056,63.88869146907042,11.619555753836607,9.816287976906072,1.8032677769305359,393.4425734797579,361.22200469970704,329.00143591965616,0.8506766559394676,-97059400,bear,hold
2023-02-08,378.3599853515625,387.2799987792969,375.70001220703125,382.489990234375,2668100,363.2050033569336,346.6884014892578,361.62565017700194,0.11709469062637345,60.08320808849809,11.256690761904963,10.10436853390585,1.1523222279991128,394.5056417658922,363.2050033569336,331.904364947975,0.7420874264067941,-99727500,bear,hold
2023-02-09,375.80999755859375,386.510009765625,374.0199890136719,384.9700012207031,2265200,364.84900360107423,347.6252014160156,361.4349501037598,0.09587964186585007,58.335584943582894,10.640695622212775,10.211633951567235,0.4290616706455399,395.15545475818004,364.84900360107423,334.5425524439684,0.6808359860529157,-101992700,bear,hold
2023-02-10,370.989990234375,374.5199890136719,367.0799865722656,371.6300048828125,1846300,366.1715026855469,348.5094012451172,361.2943000793457,0.07676897031830343,55.07466016734666,9.652314850183416,10.099770131290473,-0.44745528110705735,395.0944391504396,366.1715026855469,337.2485662206542,0.5832987265085772,-103839000,bear,hold
2023-02-13,375.0,376.30999755859375,371.0299987792969,373.4100036621094,1877300,367.70250244140624,349.11080139160157,361.17980010986327,0.08891339416644417,57.217340658925735,9.087831379324939,9.897382380897366,-0.8095510015724265,395.047977577366,367.70250244140624,340.3570273054465,0.6334315370698648,-101961700,bear,hold
2023-02-14,377.8999938964844,380.55999755859375,369.9599914550781,375.0,2479700,369.37850189208984,349.7866015625,361.0166500854492,0.09733430669146492,58.74959410847415,8.773345764219982,9.67257505756189,-0.8992292933419073,394.8451291068934,369.37850189208984,343.9118746772863,0.6673070393758512,-99482000,bear,hold
2023-02-15,375.94000244140625,381.6700134277344,374.8399963378906,375.6000061035156,2088200,371.1100021362305,350.4748016357422,360.9166000366211,0.10146202903671897,57.25702855449789,8.270620157516476,9.392184077552807,-1.1215639200363317,393.1916506277668,371.1100021362305,349.02835364469416,0.6093668415885491,-101570200,bear,hold
2023-02-16,365.1600036621094,373.489990234375,363.54998779296875,366.0400085449219,2917000,372.2415023803711,351.09620178222656,360.70595001220704,0.066067220282781,49.76796308275246,6.9225518147990215,8.898257625002051,-1.9757058102030296,390.30237741138063,372.2415023803711,354.1806273493616,0.30395471686440434,-104487200,bear,hold
2023-02-17,356.8500061035156,359.6099853515625,352.1199951171875,359.30999755859375,2985700,372.26500244140624,351.6102020263672,360.4523001098633,0.0013188204003131698,44.89327351785454,5.124577646288742,8.14352162925939,-3.0189439829706473,390.24430189464823,372.26500244140624,354.28570298816425,0.07131265381113024,-107472900,bear,hold
2023-02-21,346.70001220703125,353.25,345.69000244140625,350.7799987792969,3002700,371.3510025024414,352.0106024169922,360.06905014038085,-0.050084931308694736,39.7694281778801,2.8478225578925844,7.0843818149860285,-4.236559257093444,392.327492921772,371.3510025024414,350.37451208311086,-0.08758614531374204,-110475600,bear,hold
2023-02-22,348.7200012207031,353.1700134277344,344.45001220703125,346.69000244140625,2599300,370.72100219726565,352.3334027099609,359.81010009765623,-0.03487215168854296,41.207577571617165,1.1927249876426913,5.906050449517362,-4.71332546187467,393.54059508854846,370.72100219726565,347.90140930598284,0.0179361638619108,-107876300,bear,hold
2023-02-23,347.0199890136719,353.79998779296875,343.92999267578125,350.44000244140625,3154500,370.1635009765625,352.66100219726565,359.5901499938965,-0.0311305357680709,40.33469955028391,-0.2532096948820026,4.674198420637489,-4.9274081155194915,394.6651892989362,370.1635009765625,345.6618126541888,0.02771597494860924,-111030800,bear,hold
2023-02-24,320.5400085449219,329.760009765625,318.6000061035156,328.1199951171875,8444500,367.89950103759764,352.3084020996094,359.30830001831055,-0.12377671497657083,29.76014970029226,-3.4955420368755767,3.040250329134876,-6.535792366010453,400.58825997019176,367.89950103759764,335.21074210500353,-0.2244002837540186,-119475300,bear,hold
2023-02-27,322.32000732421875,325.1000061035156,320.70001220703125,322.0199890136719,3500600,365.48000183105466,351.90560241699217,358.95475006103516,-0.1305332611644031,31.068392036806074,-5.854001467304158,1.2613999698470695,-7.1154014371512275,403.6776108277923,365.48000183105466,327.282392834317,-0.06495675567706471,-115974700,bear,hold
2023-02-28,323.95001220703125,325.7300109863281,320.9700012207031,323.3699951171875,2714200,363.50650177001955,351.5862023925781,358.677850189209,-0.10860712058322486,32.31168144063972,-7.505056170380726,-0.49189125819848956,-7.013164912182237,405.7862583953122,363.50650177001955,321.2267451447269,0.032205330395341195,-113260500,bear,hold
2023-03-01,323.3800048828125,325.260009765625,321.0,323.79998779296875,2377700,361.15850219726565,351.4796026611328,358.3523002624512,-0.12680237597732436,32.09368489028259,-8.758560511528003,-2.1452251088643925,-6.61333540266361,406.7459262658107,361.15850219726565,315.5710781287206,0.08564781750280977,-115638200,bear,hold
2023-03-02,333.5,334.4599914550781,321.55999755859375,323.3800048828125,3845800,358.6375015258789,351.37880249023436,357.992550201416,-0.1313294740161416,39.85244921949629,-8.833545094115209,-3.482889105914556,-5.3506559882006535,404.4869587279562,358.6375015258789,312.7880443238016,0.2258691480785948,-111792400,bear,hold
2023-03-03,344.0400085449219,344.760009765625,334.4800109863281,334.69000244140625,3725500,356.2280014038086,351.6844024658203,357.6984503173828,-0.1228615890972351,46.68492030068101,-7.950828115702791,-4.3764769078722034,-3.5743512078305875,399.7696594368675,356.2280014038086,312.6863433707497,0.360042159514998,-108066900,bear,hold
2023-03-06,347.0199890136719,351.7799987792969,344.2799987792969,344.3299865722656,3060300,354.6125015258789,351.8604022216797,357.38530029296874,-0.0851764919788075,48.467298663778934,-6.9309137719670275,-4.887364280691169,-2.0435494912758587,396.9876567413604,354.6125015258789,312.23734631039736,0.4104131598622071,-105006600,bear,hold
2023-03-07,344.79998779296875,352.1700134277344,344.05999755859375,347.8599853515625,2252800,353.09100036621095,351.9288018798828,357.11990020751955,-0.08109698665458853,47.201314108357835,-6.229944924572408,-5.155880409467416,-1.0740645151049915,394.57153390065383,353.09100036621095,311.61046683176806,0.40006140390699346,-107259400,bear,hold
2023-03-08,345.8399963378906,348.69000244140625,343.4700012207031,346.739990234375,2518900,351.1919998168945,352.1152020263672,356.87720016479494,-0.09895266078259912,47.88804305301665,-5.526792639701739,-5.230062855514281,-0.2967297841874581,390.2799888687186,351.1919998168945,312.1040107650704,0.4315390276037477,-104740500,bear,hold
2023-03-09,338.3699951171875,350.1300048828125,336.989990234375,344.7200012207031,3798300,349.19250030517577,352.1136016845703,356.5736001586914,-0.10569296908397252,43.51055187458256,-5.508803993779907,-5.285811083167406,-0.2229929106125006,386.57083317633993,349.19250030517577,311.8141674340116,0.35523023157170575,-108538800,bear,hold
2023-03-10,329.29998779296875,338.5199890136719,328.45001220703125,338.3399963378906,4148200,346.8669998168945,351.9978015136719,356.1863000488281,-0.12375937326779995,38.86508411874433,-6.155465280032047,-5.459741922540335,-0.6957233574917119,383.10168122774866,346.8669998168945,310.6323184060404,0.2575939494991178,-112687000,bear,hold
2023-03-13,324.2699890136719,333.0,323.2900085449219,329.4200134277344,4203500,344.5309997558594,351.9166015625,355.81559997558594,-0.1259333201717585,36.535417090741944,-6.99321444931843,-5.766436427895954,-1.2267780214224757,380.2642587440528,344.5309997558594,308.79774076766597,0.21649646133757441,-116890500,bear,hold
2023-03-14,333.3299865722656,335.1700134277344,328.70001220703125,332.2099914550781,3850900,342.44749908447267,351.8316015625,355.4697499084473,-0.11112003580729168,43.14600537453106,-6.847141036543064,-5.982577349625377,-0.8645636869176876,375.5974982069306,342.44749908447267,309.29749996201474,0.3624809539432196,-113039600,bear,hold
2023-03-15,333.6099853515625,334.2799987792969,328.1700134277344,330.0,4627100,340.2329986572266,351.7732012939453,355.0947998046875,-0.11720034204883834,43.34242253183725,-6.632329872783146,-6.11252785425693,-0.5198020185262155,369.27694545112166,340.2329986572266,311.1890518633315,0.3859828976987349,-108412500,bear,hold
2023-03-16,353.2900085449219,355.489990234375,340.5299987792969,344.57000732421875,6946600,339.10049896240236,352.10060119628906,354.72014984130857,-0.060248959273799474,55.08715556445336,-4.818532041047661,-5.853728691615077,1.035196650567416,363.9504426388837,339.10049896240236,314.250555285921,0.7855038580217959,-101465900,bear,hold
2023-03-17,358.1400146484375,360.6300048828125,350.8399963378906,354.7799987792969,6725400,338.74949951171874,352.4352014160156,354.42844985961915,-0.01922441927722085,57.42921631416191,-2.955658243925427,-5.274114602077146,2.3184563581517192,362.280499761171,338.74949951171874,315.2184992622665,0.912020630894561,-94740500,bear,hold
2023-03-20,362.8800048828125,364.94000244140625,355.3500061035156,357.6099853515625,3946800,339.0509994506836,353.12400146484373,354.15204986572263,0.016897852532326008,59.64411717800573,-1.0843401420827377,-4.436159710078265,3.351819567995527,363.6330041289819,339.0509994506836,314.4689947723853,0.984683933307641,-90793700,bear,hold
2023-03-21,374.2200012207031,376.3999938964844,362.9200134277344,364.6300048828125,4479200,340.4269989013672,353.9534014892578,353.8167498779297,0.07937694849932209,64.41433183765602,1.2987645189884915,-3.2891748642649135,4.587939383253405,369.2778518163387,340.4269989013672,311.5761459863957,1.0856499705386495,-86314500,bull,golden_cross
2023-03-22,361.7099914550781,377.3299865722656,361.5199890136719,375.0,3878400,341.0764984130859,354.34800109863284,353.47649978637696,0.037250488038836904,56.48248557089923,2.153119078194038,-2.2007160757731232,4.353835153967161,371.20161571365395,341.0764984130859,310.9513811125179,0.8424632813231095,-90192900,bull,hold
2023-03-23,369.0,375.25,365.489990234375,368.989990234375,3138600,342.17549896240234,354.95400085449216,353.17419982910155,0.06333932246612495,59.604132579859886,3.3794873594662818,-1.0846753887252423,4.464162748191524,374.603432223935,342.17549896240234,309.7475657008697,0.9136017676682774,-87054300,bull,hold
2023-03-24,374.9599914550781,375.2300109863281,367.7200012207031,370.2300109863281,2993400,344.89649810791013,355.59460083007815,352.8818997192383,0.1697759451532852,62.00385770541349,4.7772454468002366,0.08770877837985347,4.689536668420383,378.7092355110615,344.89649810791013,311.0837607047588,0.9445587026675645,-84060900,bull,hold
2023-03-27,373.1499938964844,380.3500061035156,369.67999267578125,376.510009765625,2832200,347.43799743652346,356.1668005371094,352.60344970703125,0.1577003766977958,60.82216789257159,5.67352624619906,1.2048722719436948,4.468653974255365,381.7188485487532,347.43799743652346,313.1571463242937,0.8750198088108162,-86893100,bull,hold
2023-03-28,373.3999938964844,374.0,367.82000732421875,373.4200134277344,1780800,349.9104965209961,356.7472003173828,352.338349609375,0.15264695115322424,60.932917568099626,6.331027997908052,2.2301034171365663,4.100924580771485,384.1915657589475,349.9104965209961,315.6294272830447,0.8426015859138352,-85112300,bull,hold
2023-03-29,379.1600036621094,380.1199951171875,375.55999755859375,376.67999267578125,2497600,352.6994964599609,357.44280029296874,352.26494964599607,0.17249056199226231,63.49350767129127,7.23350418926384,3.2307835715620215,4.002720617701819,386.96917637889044,352.6994964599609,318.4298165410314,0.8860629463821237,-82614700,bull,hold
2023-03-30,381.8999938964844,382.5799865722656,378.0799865722656,381.6499938964844,2139000,355.11949615478517,358.25460021972657,352.3161996459961,0.1451274179804629,64.67945911429719,8.076714053731791,4.199969667995975,3.876744385735816,390.443638676564,355.11949615478517,319.79535363300636,0.8790679097898543,-80475700,bull,hold
2023-03-31,385.3699951171875,385.7300109863281,380.260009765625,382.2900085449219,3063400,357.1859954833984,359.11140014648436,352.3889495849609,0.12013133805880916,66.17797616436329,8.922115451718923,5.1443988247405645,3.777716626978359,394.4577125803304,357.1859954833984,319.91427838646644,0.8780882909216577,-77412300,bull,hold
2023-04-03,380.0799865722656,383.7300109863281,378.1499938964844,380.8800048828125,2712600,358.8389953613281,359.58539978027346,352.4047494506836,0.09526828022950351,61.8685846387543,9.060795461353564,5.927678152063165,3.133117309290399,397.080447857996,358.8389953613281,320.5975428646602,0.7777220767541234,-80124900,bull,hold
2023-04-04,385.1499938964844,385.70001220703125,381.04998779296875,382.239990234375,2569800,360.8564956665039,359.9887994384766,352.5050994873047,0.1170243837936078,64.27002642492249,9.470635990932635,6.636269719837059,2.8343662710955764,400.1650499672139,360.8564956665039,321.5479413657939,0.8090103243703072,-77555100,bull,hold
2023-04-05,382.0199890136719,386.0,377.260009765625,384.0899963378906,2277200,362.66549530029295,360.4027990722656,352.61124938964844,0.10461483072777056,61.687142425672846,9.434121646065819,7.195840105082811,2.2382815409830075,402.3713155565921,362.66549530029295,322.9596750439938,0.7437236353316291,-79832300,bull,hold
2023-04-06,380.6000061035156,382.4599914550781,375.989990234375,379.30999755859375,1835900,364.77699584960936,360.85139892578127,352.6992994689941,0.12480424268027268,60.49927122701512,9.184727193339313,7.593617522734112,1.591109670605201,403.57124147531005,364.77699584960936,325.9827502239087,0.7039350166332881,-81668200,bull,hold
2023-04-10,376.25,376.6700134277344,372.260009765625,375.4800109863281,1689700,367.12449645996094,361.05999877929685,352.7538995361328,0.14257520178393923,56.885444793596946,8.537654389431623,7.782424896073615,0.7552294933580077,402.58648740691103,367.12449645996094,331.66250551301084,0.6286659786486678,-83357900,bull,hold
2023-04-11,371.1099853515625,375.8999938964844,368.3500061035156,374.010009765625,2161100,369.4664962768555,361.06799865722655,352.72624938964844,0.144447521894836,52.86697436508904,7.523363652142223,7.730612647287337,-0.20724899514511463,398.98747207374316,369.4664962768555,339.9455204799678,0.5278359544415921,-85519000,bull,hold
2023-04-12,369.8900146484375,378.2300109863281,368.75,376.4200134277344,1978200,371.29449768066405,361.1973986816406,352.6370994567871,0.10968118545867966,51.929321691077675,6.5456354839067785,7.493617214611226,-0.9479817307044476,395.72783683656627,371.29449768066405,346.86115852476183,0.4712588806780575,-87497200,bull,hold
2023-04-13,378.79998779296875,379.0199890136719,372.7300109863281,373.20001220703125,2434800,373.5539978027344,361.36659851074216,352.62574935913085,0.1354575834826539,57.81417645649495,6.415782093155997,7.278050190320181,-0.8622680971641845,390.98410628115556,373.5539978027344,356.1238893243132,0.6504864412269438,-85062400,bull,hold
2023-04-14,379.3800048828125,380.57000732421875,375.1400146484375,376.3699951171875,1525500,374.8584976196289,361.27579833984373,352.6944993591309,0.07384866740315199,58.17314778230966,6.287199949812873,7.0798801422187205,-0.7926801924058475,389.74689652789596,374.8584976196289,359.97009871136186,0.6518466589672361,-83536900,bull,hold
2023-04-17,377.9200134277344,380.760009765625,374.6199951171875,379.6099853515625,1614300,375.8474975585938,360.9895983886719,352.74159942626954,0.055229792735429495,56.86153389670092,5.998343397217923,6.8635727932185615,-0.8652293960006388,388.64300379209794,375.8474975585938,363.0519913250896,0.5809860833686228,-85151200,bull,hold
2023-04-18,377.54998779296875,380.8999938964844,374.489990234375,380.8999938964844,1586700,376.58099670410155,360.9539984130859,352.7990493774414,0.04042653966259113,56.51375455252701,5.674156379195438,6.625689510413937,-0.9515331312184996,387.9177253824345,376.58099670410155,365.2442680257686,0.5427368033742908,-86737900,bull,hold
2023-04-19,380.1099853515625,382.8399963378906,375.6000061035156,377.8999938964844,1775200,376.87549591064453,361.0515979003906,352.8571992492676,0.015739362171039106,58.40904814812411,5.559717279957965,6.412495064322743,-0.8527777843647781,388.2575163919024,376.87549591064453,365.49347542938665,0.6420876656409121,-84962700,bull,hold
2023-04-20,380.260009765625,383.0,375.6700134277344,376.0400085449219,1947900,377.80299682617186,360.98039794921874,352.8760493469238,0.05128422976629521,58.523135518855,5.418666175067983,6.213729286471792,-0.7950631114038087,386.8805427594681,377.80299682617186,368.72545089287564,0.6353346464731658,-83014800,bull,hold
2023-04-21,377.6700134277344,380.44000244140625,375.44000244140625,379.9700012207031,1841600,378.2364974975586,360.9665985107422,352.85024948120116,0.0234959713488736,55.68334738168762,5.039795474196239,5.978942524016682,-0.9391470498204422,386.37007820566396,378.2364974975586,370.1029167894533,0.46517621880485405,-84856400,bull,hold
2023-04-24,377.3399963378906,378.95001220703125,373.57000732421875,376.5899963378906,1531100,378.3554977416992,360.9971984863281,352.7824993896484,0.006347356883534605,55.315028942300245,4.659199738720076,5.71499396695736,-1.0557942282372839,386.36250313694,378.3554977416992,370.3484923464584,0.43658669167300906,-86387500,bull,hold
2023-04-25,369.5899963378906,375.2300109863281,368.8800048828125,373.6300048828125,2413100,378.17749786376953,360.9691986083984,352.68324935913085,-0.009540392916585039,47.38790588859604,3.6896822851280717,5.309931630591502,-1.6202493454634306,386.7759133276076,378.17749786376953,369.57908239993145,0.0006346482096075743,-88800600,bull,hold
2023-04-26,363.05999755859375,369.45001220703125,357.25,368.6000061035156,2803200,377.660498046875,360.7303985595703,352.57774932861327,-0.027691474308800146,41.934809089022,2.3671295936789534,4.721371223208992,-2.354241629530039,388.33787822695706,377.660498046875,366.9831178667929,-0.18371174586053685,-91603800,bull,hold
2023-04-27,371.4200134277344,373.82000732421875,363.5,365.94000244140625,2338800,377.27349853515625,360.6007989501953,352.55714935302734,-0.020413519779561295,49.88570392690515,1.9708616045413692,4.171269299475467,-2.200407694934098,388.2619651825121,377.27349853515625,366.2850318878004,0.23365323410111982,-89265000,bull,hold
2023-04-28,377.55999755859375,377.69000244140625,368.55999755859375,371.4200134277344,2061700,377.0564987182617,360.63319885253907,352.58524932861326,-0.011364222066646557,54.78290197490924,2.1277345738662916,3.762562354353632,-1.6348277804873406,387.8404482753735,377.0564987182617,366.2725491611499,0.5233448254586834,-87203300,bull,hold
2023-05-01,374.1499938964844,378.7200012207031,373.7099914550781,376.510009765625,1868000,376.49549865722656,360.81299865722656,352.5911993408203,-0.029114880148599087,51.757838812029554,1.9543699748060135,3.4009238784441087,-1.4465539036380952,386.63953105845746,376.49549865722656,366.35146625599566,0.3843899216815604,-89071300,bull,hold
2023-05-02,368.6600036621094,375.8500061035156,367.8399963378906,374.3599853515625,2287600,375.92449951171875,361.04919860839846,352.535199432373,-0.03004626213852213,47.235535700506496,1.3583230483009174,2.9924037124154705,-1.634080664114553,386.47468997927103,375.92449951171875,365.37430904416647,0.15571731278445877,-91358900,bull,hold
2023-05-03,345.25,365.9599914550781,344.239990234375,363.489990234375,6700800,373.9294998168945,361.0201983642578,352.3852993774414,-0.10359598735241882,33.7099465513749,-0.9916094289673651,2.1956010841389033,-3.1872105131062685,390.255842288571,373.9294998168945,357.60315734521805,-0.3783198033071019,-98059700,bull,hold
2023-05-04,335.8299865722656,348.0,332.8399963378906,347.9700012207031,6614900,371.61999969482423,360.76239807128906,352.1252993774414,-0.12090990987320605,29.98876658885669,-3.572878287968763,1.04190520971737,-4.614783497686133,394.4768952419891,371.61999969482423,348.76310414765936,-0.2829150080488061,-104674600,bull,hold
2023-05-05,348.3999938964844,349.54998779296875,338.0299987792969,338.9800109863281,4260900,370.00999908447267,360.7899981689453,351.85984939575195,-0.08460328873004141,39.57423726888573,-4.55178774094702,-0.07683338041550802,-4.4749543605315125,394.5818304575642,370.00999908447267,345.43816771138114,0.06026873089212865,-100413700,bull,hold
2023-05-08,344.05999755859375,350.4800109863281,340.760009765625,348.0,3135900,368.40049896240237,361.26039794921877,351.53559936523436,-0.08555482376453494,37.657192864202756,-5.613077900679741,-1.1840822844683547,-4.428995616211386,395.2390147188548,368.40049896240237,341.56198320594996,0.04653786325801624,-103549600,bull,hold
2023-05-09,342.6499938964844,345.0,341.2300109863281,342.5,1879400,366.9774993896484,361.66699768066405,351.2393493652344,-0.07668883236358415,37.02959118397049,-6.493085264961394,-2.245882880566963,-4.247202384394431,396.0180857439989,366.9774993896484,337.93691303529795,0.08114644800345736,-105429000,bull,hold
2023-05-10,344.0199890136719,352.0,341.8299865722656,348.25,3386300,365.68399810791016,362.0683972167969,350.99964935302734,-0.0699397783402016,38.10890511502737,-6.999267090705928,-3.196559722594756,-3.8027073681111716,396.34954850321753,365.68399810791016,335.0184477126028,0.14676960277951778,-102042700,bull,hold
2023-05-11,341.5799865722656,344.6600036621094,339.3699951171875,341.8800048828125,2183400,363.822998046875,362.4323968505859,350.81124923706057,-0.09825766214397436,36.89594685889025,-7.510728635082899,-4.059393505092385,-3.4513351299905137,395.57701406810986,363.822998046875,332.06898202564014,0.1497606561051237,-104226100,bull,hold
2023-05-12,335.45001220703125,340.7900085449219,331.8900146484375,340.510009765625,4278700,361.6264984130859,362.47139709472657,350.5245993041992,-0.11579416972528866,33.970610456093425,-8.314854824227837,-4.910485768919475,-3.4043690553083614,394.81716372227834,361.6264984130859,328.4358331038935,0.10566493677960569,-108504800,bull,hold
2023-05-15,345.6700134277344,345.8900146484375,333.010009765625,337.3500061035156,3330500,360.0139984130859,362.5039971923828,350.2354493713379,-0.08533551771310688,42.19891104543229,-8.034841287299798,-5.53535687259554,-2.4994844147042583,393.0146922690925,360.0139984130859,327.0133045570793,0.2826714636980166,-105174300,bull,hold
2023-05-16,345.1099853515625,347.07000732421875,341.1700134277344,344.20001220703125,2558300,358.3919982910156,362.46579711914063,349.91039932250976,-0.08592240362935699,41.89085085192582,-7.768566923563071,-5.981998882789046,-1.786568040774025,390.9718385876659,358.3919982910156,325.81215799436535,0.2961620925929043,-107732600,bull,hold
2023-05-17,356.6300048828125,358.69000244140625,345.1199951171875,345.3599853515625,3560600,357.21799926757814,362.7023974609375,349.6380993652344,-0.06177154343112934,49.9800526326923,-6.552440813600526,-6.096087268951343,-0.45635354464918354,388.237664492864,357.21799926757814,326.1983340422923,0.4905222319374625,-104172000,bull,hold
2023-05-18,360.42999267578125,361.4800109863281,356.45001220703125,357.0,2896400,356.22649841308595,362.9941973876953,349.39044937133787,-0.052148573556462297,52.33703263961187,-5.2218308372551405,-5.921235982612103,0.6994051453569625,385.45258035513604,356.22649841308595,327.00041647103586,0.5719134071927611,-101275600,bull,hold
2023-05-19,371.25,372.0799865722656,361.3599853515625,363.0,3856900,355.9054977416992,363.65179748535155,349.1239993286133,-0.01699900230221174,58.35446419171947,-3.2566876124058126,-5.388326308570845,2.131638696165032,384.3119750436988,355.9054977416992,327.4990204396996,0.7700880875718558,-97418700,bull,hold
2023-05-22,372.04998779296875,374.3999938964844,369.6600036621094,371.25,2627100,355.6409973144531,364.50679748535157,348.8312992858887,-0.01401920972136994,58.76893611079594,-1.6161155454931873,-4.633884155955313,3.0177686104621255,383.33376670637284,355.6409973144531,327.94822792253336,0.7962684996630114,-94791600,bull,hold
2023-05-23,370.4200134277344,376.489990234375,369.9200134277344,371.80999755859375,2967700,355.6824981689453,365.4297979736328,348.51624938964846,0.0022457780190698884,57.51297953873572,-0.44237623393649983,-3.79558257155155,3.3532063376150503,383.46111469343236,355.6824981689453,327.90388164445824,0.7652672649445634,-97759300,bull,hold
2023-05-24,365.760009765625,369.05999755859375,361.7200012207031,368.4100036621094,2666600,355.8174987792969,366.0783984375,348.1733494567871,0.007436820980519787,53.96233117722984,0.1105232335129358,-3.014361410538653,3.1248846440515887,383.76395443833735,355.8174987792969,327.87104312025645,0.677885008167606,-100425900,bull,hold
2023-05-25,392.05999755859375,397.6499938964844,374.0899963378906,375.489990234375,7030000,356.84949798583983,367.2473986816406,348.000799407959,0.05557046843108582,66.523621188141,2.6404517771530323,-1.8833987730003159,4.523850550153348,388.32584379242945,356.84949798583983,325.3731521792502,1.0593168245943998,-93395900,bull,hold
2023-05-26,415.3900146484375,416.3599853515625,396.57000732421875,396.7200012207031,7833600,358.74099884033205,368.4893988037109,347.88574951171876,0.10019604125029935,73.44523764923072,6.4535828908511235,-0.21600244023002801,6.6695853310811515,398.4406550494227,358.74099884033205,319.04134263124143,1.2134698536146729,-85562300,bull,hold
2023-05-30,417.2099914550781,432.989990234375,416.0799865722656,429.94000244140625,5332300,360.89399871826174,369.67079833984377,347.79734939575195,0.11508752709082515,73.89862348516348,9.512717008485026,1.7297414495129828,7.782975558972043,407.73157191512,360.89399871826174,314.05642552140347,1.1011839309022302,-80230000,bull,hold
2023-05-31,417.7900085449219,421.3599853515625,410.70001220703125,413.8999938964844,5158500,363.35049896240236,370.7689984130859,347.6579493713379,0.13326643626858425,74.05068212285563,11.847336646180224,3.753260488846431,8.094076157333793,416.31265251996365,363.35049896240236,310.38834540484106,1.013947280517517,-75071500,bull,hold
2023-06-01,426.75,430.6000061035156,412.2900085449219,412.2900085449219,4443100,367.42549896240234,371.81959838867186,347.5365994262695,0.23606082548877616,76.3434042449334,14.25619936562083,5.853848264201311,8.40235110141952,426.39109014302534,367.42549896240234,308.45990778177935,1.003043383859879,-70628400,bull,hold
2023-06-02,436.3699951171875,438.5299987792969,430.3599853515625,432.0,4334800,372.45249938964844,373.31279846191404,347.4806494140625,0.2993776987311618,78.5361351596748,16.74842817948098,8.032764247257246,8.715663932223736,436.693229767397,372.45249938964844,308.2117690118999,0.9974841922849507,-66293600,bull,hold
2023-06-05,434.17999267578125,440.3800048828125,426.9599914550781,433.010009765625,3447400,376.74149932861326,374.6163983154297,347.4624493408203,0.2462112522446931,76.79112267417871,18.335462774165478,10.093303952638893,8.242158821526585,445.2954302074402,376.74149932861326,308.18756844978634,0.9189292474613446,-69741000,bull,hold
2023-06-06,432.8900146484375,437.1199951171875,431.239990234375,432.54998779296875,2342000,381.1830001831055,375.7749987792969,347.431749420166,0.25818176399514714,75.72382890010608,19.26701057381206,11.928045276873526,7.338965296938532,452.1593959954633,381.1830001831055,310.2066043707477,0.8642550024801994,-72083000,bull,hold
2023-06-07,418.32000732421875,436.80999755859375,417.739990234375,434.55999755859375,4773000,384.9665008544922,376.67839904785154,347.39804946899415,0.22083763249852706,64.7733856782464,18.61500885737172,13.265437992973165,5.3495708643985544,455.3885300667621,384.9665008544922,314.54447164222233,0.7368115974703782,-76856000,bull,hold
2023-06-08,439.0299987792969,440.6300048828125,423.5799865722656,424.1499938964844,6062800,389.7170013427734,377.9909991455078,347.53644943237305,0.2761758409388506,71.15793584408323,19.54412353911414,14.521175102201362,5.0229484369127775,461.2588923857428,389.7170013427734,318.17511029980403,0.8446442127655331,-70793200,bull,hold
2023-06-09,454.0,466.5899963378906,453.0899963378906,456.9100036621094,7928300,395.33800201416017,379.4877990722656,347.7543994140625,0.32911768208630243,74.72403736962248,21.243525469320502,15.86564517562519,5.377880293695313,468.5150880786034,395.33800201416017,322.1609159497169,0.9008221776840039,-62864900,bull,hold
2023-06-12,474.6300048828125,478.0400085449219,459.4200134277344,463.7099914550781,6913700,402.29700164794923,381.3423992919922,348.09929946899416,0.41490531408859477,78.64298984743358,23.97857266489939,17.488230673480032,6.490341991419356,477.8039900690703,402.29700164794923,326.79001322682814,0.9789821760036586,-55951200,bull,hold
2023-06-13,478.989990234375,491.510009765625,470.3599853515625,489.7099914550781,7412500,408.96300048828124,383.2147991943359,348.47459945678713,0.3856856875857195,79.37095695623614,26.195960921219466,19.22977672302792,6.966184198191545,486.80002817404977,408.96300048828124,331.1259728025127,0.9498308313415805,-48538700,bull,hold
2023-06-14,479.5299987792969,483.8500061035156,473.20001220703125,476.1499938964844,5150100,415.68400115966796,385.20379943847655,348.9671495056152,0.38949905575986477,79.46432121444987,27.677779058145234,20.919377190051385,6.7584018680938485,493.51981695167194,415.68400115966796,337.848185367664,0.9101325139974171,-43388600,bull,hold
2023-06-15,490.9100036621094,495.20001220703125,474.25,475.4700012207031,9682200,422.3980010986328,387.3189996337891,349.54539947509767,0.3765246808759708,81.37714247198085,29.431138055697375,22.621729363180584,6.80940869251679,501.8487307021496,422.3980010986328,342.94727149511596,0.931160310958579,-33706400,bull,hold
2023-06-16,495.17999267578125,518.739990234375,494.6199951171875,518.22998046875,13343800,429.1355010986328,389.58219970703124,350.1459494018555,0.3738590093450189,82.05265668337957,30.81008068956305,24.259399628457082,6.550681061105969,509.27462796896634,429.1355010986328,348.99637422829926,0.9120614620871123,-20362600,bull,hold
2023-06-20,485.8599853515625,492.69000244140625,480.0,485.6300048828125,5331200,434.8660003662109,391.68739929199216,350.70804931640623,0.308713765256734,75.60621790735794,30.79586045160488,25.566691793086644,5.229168658518237,514.0134093154668,434.8660003662109,355.71859141695506,0.8221456372503968,-25693800,bull,hold
2023-06-21,477.4800109863281,495.54998779296875,475.30999755859375,492.0,5258700,440.1375015258789,393.7119995117188,351.24279937744143,0.2833759619743008,70.26114586220515,29.765281279321357,26.40640969033359,3.3588715889877676,515.8156221327039,440.1375015258789,364.45938091905396,0.7467193236368604,-30952500,bull,hold
2023-06-22,477.5799865722656,481.0,473.0199890136719,474.1199951171875,3601400,445.4955001831055,395.8413995361328,351.78999923706056,0.28929315171961467,70.28813331767945,28.62661723063485,26.850451198393845,1.7761660322410044,515.6426857865532,445.4955001831055,375.34831457965777,0.7286940389208088,-27351100,bull,hold
2023-06-23,484.7200012207031,487.3299865722656,472.32000732421875,472.95001220703125,4481500,451.44349975585936,398.13799926757815,352.3720993041992,0.3252405628797592,72.22659267417893,27.977846084893827,27.075930175693845,0.9019159091999818,513.2114158800177,451.44349975585936,389.67558363170093,0.7693672018815997,-22869600,bull,hold
2023-06-26,479.510009765625,487.1600036621094,479.04998779296875,483.010009765625,3169500,455.8160003662109,400.15219970703123,352.8710493469238,0.22305262651531232,68.70423956795693,26.735101896402227,27.007764519835526,-0.2726626234332983,512.3055228120068,455.8160003662109,399.3264779204151,0.7097203903799109,-26039100,bull,hold
2023-06-27,489.2699890136719,490.79998779296875,479.95001220703125,480.0,2691700,459.50999908447267,402.3499993896484,353.3992492675781,0.1778568857216325,71.50749670861104,26.235342236927977,26.85328006325402,-0.6179378263260418,514.5869039273026,459.50999908447267,404.4330942416427,0.7701675957837838,-23347400,bull,hold
2023-06-28,482.42999267578125,489.75,480.3900146484375,482.0,3229200,462.7709991455078,404.44019897460936,353.83749923706057,0.15632415943165512,66.97945228826616,24.99917365355452,26.482458781314122,-1.4832851277596006,515.0982009972178,462.7709991455078,410.44379729379784,0.6878467874699765,-26576600,bull,hold
2023-06-29,483.7699890136719,485.8299865722656,479.6000061035156,484.4700012207031,1905400,466.0699981689453,406.5645989990234,354.2745492553711,0.15792618090256627,67.4147759177399,23.85266893110162,25.95650081127162,-2.103831880170002,514.836134856381,466.0699981689453,417.3038614815095,0.6814782966936038,-24671200,bull,hold
2023-06-30,488.989990234375,492.80999755859375,482.7200012207031,482.739990234375,3096600,469.18199768066404,408.7421990966797,354.87754913330076,0.14584649146895146,69.12251517559751,23.098995312243346,25.38499971146597,-2.286004399222623,515.3907704368042,469.18199768066404,422.97322492452383,0.7143315151242453,-21574600,bull,hold
2023-07-03,485.2099914550781,486.6099853515625,479.8399963378906,486.3900146484375,1491000,471.6239974975586,410.84119873046876,355.4459991455078,0.11192336064438768,66.40839200192391,21.943735505248128,24.696746870222405,-2.7530113649742773,515.7539311214284,471.6239974975586,427.49406387368884,0.6539317288953598,-23065600,bull,hold
2023-07-05,487.260009765625,489.4100036621094,479.7300109863281,480.989990234375,2190000,474.27799835205076,413.0329986572266,356.3366491699219,0.12225348469587494,67.16147768418494,20.952080587158775,23.947813613609682,-2.9957330264509068,515.360384310212,474.27799835205076,433.1956123938895,0.6579997255611598,-20875600,bull,hold
2023-07-06,481.2900085449219,482.5,475.0,479.989990234375,2100900,476.697998046875,415.1119989013672,357.2455992126465,0.1118066766584842,62.749576663875615,19.4601334105123,23.050277572990208,-3.590144162477909,513.1887840113125,476.697998046875,440.20721208243754,0.562920136915139,-22976500,bull,hold
2023-07-07,485.2699890136719,490.4200134277344,479.8599853515625,481.9800109863281,2325000,480.04549713134764,417.4255987548828,358.1916491699219,0.16004489509765074,64.42727493789084,18.38695234471504,22.117612527335176,-3.7306601826201344,504.94233037343395,480.04549713134764,455.14866388926134,0.6049228195313733,-20651500,bull,hold
2023-07-10,496.3500061035156,499.20001220703125,485.1099853515625,485.2699890136719,3352600,482.91149749755857,420.0913989257813,359.2180992126465,0.13056057099422458,68.65919078916548,18.220479057087005,21.338185833285543,-3.1177067761985384,500.33876505845404,482.91149749755857,465.4842299366631,0.8855598291298208,-17298900,bull,hold
2023-07-11,504.739990234375,506.0299987792969,491.760009765625,497.2799987792969,2842600,485.44849700927733,422.75779846191404,360.3102992248535,0.11176209302725781,71.43074975845884,18.55169696403283,20.780888059435004,-2.229191095402175,499.80418821768535,485.44849700927733,471.0928058008693,1.171910984467219,-14456300,bull,hold
2023-07-12,507.3599853515625,510.7900085449219,500.010009765625,509.4100036621094,3027400,487.08499603271486,425.35379821777343,361.4117991638184,0.06895893671288467,72.25585489514266,18.808785282651684,20.38646750407834,-1.577682221426656,503.4553370112361,487.08499603271486,470.7146550541936,1.119259835376963,-11428900,bull,hold
2023-07-13,517.280029296875,519.4099731445312,509.5,509.6199951171875,3049400,488.99949798583987,428.2163989257813,362.5753993225098,0.0799391215748877,75.17886238167677,19.58720516002586,20.226615035267844,-0.6394098752419843,509.5559805601686,488.99949798583987,468.4430154115111,1.1878737937966168,-8379500,bull,hold
2023-07-14,514.8300170898438,523.7899780273438,512.6699829101562,517.3400268554688,2303700,490.7644989013672,431.1397991943359,363.7647494506836,0.07361378516549011,73.12962962269248,19.77841970088315,20.136975968390907,-0.35855626750775826,513.6908357935387,490.7644989013672,467.8381620091957,1.0248443809768422,-10683200,bull,hold
2023-07-17,522.0,522.6900024414062,512.3800048828125,513.0,2645600,492.3189987182617,434.67479919433595,364.9868994140625,0.06333135626889708,75.25537377920934,20.274801015460355,20.164540977804798,0.11026003765555714,518.9850467197915,492.3189987182617,465.6529507167319,1.0565316855357705,-8037600,bull,hold
2023-07-18,532.22998046875,535.1300048828125,517.3800048828125,519.6400146484375,4093100,494.17149810791017,438.6027990722656,366.24104934692383,0.07482125356633129,77.93724792376723,21.248718709397394,20.38137652412332,0.8673421852740759,526.0194389461789,494.17149810791017,462.32355726964147,1.097503030951196,-3944500,bull,hold
2023-07-19,527.1699829101562,539.0,526.0599975585938,534.47998046875,3383200,496.2369979858398,442.1781988525391,367.48564926147463,0.08502449019073333,73.68335018653751,21.365962468242003,20.57829371294706,0.7876687552949448,530.895185007725,496.2369979858398,461.57881096395465,0.9462579780180591,-7327700,bull,hold
2023-07-20,516.8800048828125,528.3099975585938,514.0900268554688,522.030029296875,3264500,498.2069976806641,445.6345989990234,368.69404922485353,0.08251653051422192,65.81610023595128,20.3934804142354,20.54133105320473,-0.14785063896933082,532.8556364265551,498.2069976806641,463.55835893477314,0.76946234943159,-10592200,bull,hold
2023-07-21,520.22998046875,529.6900024414062,519.280029296875,521.75,8099500,500.3394973754883,449.18619873046873,369.8689991760254,0.08930439946321056,67.04956463637076,19.66639445952734,20.366343734469254,-0.6999492749419147,534.8973558721199,500.3394973754883,465.7816388788567,0.787785238416907,-2492700,bull,hold
2023-07-24,523.8599853515625,524.8400268554688,514.8599853515625,520.0,2260500,502.29649658203124,452.7829986572266,371.01344909667966,0.08074761518462314,68.38095089115893,19.162194805213744,20.125513948618156,-0.9633191434044122,537.5211348228453,502.29649658203124,467.07185834121714,0.8060853119641994,-232200,bull,hold
2023-07-25,525.3400268554688,526.8800048828125,517.9199829101562,519.4199829101562,2472100,504.58799743652344,456.4581994628906,372.15324920654297,0.09557676827694284,68.9321462253015,18.666859984565008,19.83378315580753,-1.166923171242523,539.5469347163861,504.58799743652344,469.6290601566608,0.7968057817778557,2239900,bull,hold
2023-07-26,514.5499877929688,521.0999755859375,510.44000244140625,520.489990234375,2918700,505.8519973754883,460.0401989746094,373.23394912719726,0.051668811386243574,60.63356856102794,17.205305541924986,19.308087633031022,-2.102782091106036,540.3288952393974,505.8519973754883,471.3750995115791,0.6261423004444037,-678800,bull,hold
2023-07-27,513.969970703125,527.9000244140625,511.239990234375,523.1599731445312,2477200,507.42899627685546,463.4061981201172,374.35994903564455,0.06537731589283724,60.213924335814426,15.817872002297236,18.610044506884265,-2.792172504587029,540.3253641848447,507.42899627685546,474.53262836886614,0.5994178817029983,-3156000,bull,hold
2023-07-28,528.8699951171875,530.3200073242188,514.6300048828125,515.4299926757812,2810000,509.6839965820312,467.0813983154297,375.575699005127,0.09322613458405549,66.60755091681784,15.73919670938244,18.0358749473839,-2.2966782380014585,541.9613025004433,509.6839965820312,477.4066906636192,0.7972056990080445,-346000,bull,hold
2023-07-31,546.1699829101562,552.9400024414062,541.8699951171875,541.8699951171875,4059800,512.5429962158203,470.87219787597655,376.8823989868164,0.11693489400135704,72.19466774361518,16.878248463838474,17.804349650674816,-0.9261011868363411,547.0354014907583,512.5429962158203,478.0505909408822,0.9874549400990763,3713800,bull,hold
2023-08-01,549.0999755859375,552.02001953125,541.6699829101562,545.780029296875,2274000,515.7374954223633,474.6455975341797,378.1971488952637,0.1316749144824123,73.01808078140824,17.812054827205714,17.805890685980994,0.0061641412247190885,551.3292169206475,515.7374954223633,480.14577392407904,0.9686831482031933,5987800,bull,hold
2023-08-02,530.2999877929688,539.989990234375,526.5,539.3200073242188,2971000,517.8894943237304,477.82659729003905,379.3749488830566,0.08833061848856882,60.61462295736969,16.840968993627428,17.612906347510283,-0.7719373538828549,551.482142940181,517.8894943237304,484.2968457072799,0.6847203775286834,3016800,bull,hold
2023-08-03,523.760009765625,530.9099731445312,522.219970703125,523.0,2183700,520.0129943847656,480.86079772949216,380.5540489196777,0.08824201721764835,56.98802531880734,15.366519235866292,17.163628925181484,-1.7971096893151923,549.1577563410333,520.0129943847656,490.868232428498,0.5642828269876047,833100,bull,hold
2023-08-04,526.8800048828125,535.6300048828125,522.1199951171875,526.739990234375,2462900,522.0934951782226,483.98999755859376,381.7209489440918,0.08574611414506483,58.27072536527157,14.285095027756597,16.587922145696506,-2.302827117939909,546.5908235524369,522.0934951782226,497.5961668040084,0.5976945247145423,3296000,bull,hold
2023-08-07,529.72998046875,532.5800170898438,523.52001953125,530.0,1777600,523.7624938964843,487.26939697265624,382.9046987915039,0.06725087932863416,59.46002454435207,13.502380723098668,15.97081386117694,-2.4684331380782716,545.3979880243847,523.7624938964843,502.12699976858397,0.637909643685239,5073600,bull,hold
2023-08-08,520.5999755859375,524.5800170898438,515.25,523.989990234375,2626100,524.5554931640625,489.84019653320314,384.00854873657227,0.03142208990454254,54.13699381766805,12.006950257594099,15.178041140460373,-3.171090882866274,544.4353420091318,524.5554931640625,504.6756443189931,0.40051439503007125,2447500,bull,hold
2023-08-09,513.780029296875,520.969970703125,509.5299987792969,520.5499877929688,1843800,524.8764953613281,491.80799682617186,385.06554885864256,0.012653823972467837,50.50017707420128,10.154444060620108,14.173321724492322,-4.018877663872214,543.8206566514161,524.8764953613281,505.9323340712401,0.2071270167484523,603700,bull,hold
2023-08-10,515.8300170898438,523.219970703125,512.97998046875,521.030029296875,1901700,524.8039947509766,493.7803973388672,386.1128489685059,-0.0028031474731436967,51.55369741010151,8.750861946069676,13.088829768807793,-4.337967822738117,543.8745667434595,524.8039947509766,505.73342275849365,0.2647166098460471,2505400,bull,hold
2023-08-11,508.45001220703125,514.9000244140625,506.3699951171875,510.8299865722656,1930600,524.484994506836,495.5935974121094,387.0739990234375,-0.012392449295937413,47.62403264704265,6.9627460885074015,11.863613032747717,-4.900866944240315,544.4066955996143,524.484994506836,504.56329341405757,0.09754987224415843,574800,bull,hold
2023-08-14,522.25,522.5499877929688,505.0299987792969,506.7799987792969,2052500,524.4974945068359,497.5035974121094,388.0662989807129,0.00047892720306519365,54.59379021652468,6.583306809360465,10.807551788070267,-4.224244978709802,544.4132558525471,524.4974945068359,504.5817331611247,0.44357497893697434,2627300,bull,hold
2023-08-15,518.7000122070312,522.0399780273438,516.0599975585938,518.3499755859375,1824300,523.82099609375,499.15019775390624,389.0573989868164,-0.025421281698190912,52.65272852909515,5.9278119740157535,9.831603825259364,-3.9037918512436107,543.5585451295539,523.82099609375,504.08344705794605,0.3702730547387307,803000,bull,hold
2023-08-16,514.489990234375,523.1500244140625,514.1699829101562,517.8099975585938,1541300,523.1869964599609,500.75639770507814,390.03659896850587,-0.024052948928888984,50.36569209480725,5.010852022875497,8.867453464782592,-3.8566014419070953,543.2651789307035,523.1869964599609,503.10881398921833,0.28342147656395233,-738300,bull,hold
2023-08-17,511.6700134277344,525.489990234375,510.55999755859375,525.0,2455800,522.926496887207,502.3319976806641,390.96654907226565,-0.010079692396418705,48.83554187225874,4.010376965208934,7.8960381648678615,-3.8856611996589274,543.455367345683,522.926496887207,502.397626428731,0.2258377297903155,-3194100,bull,hold
2023-08-18,508.1300048828125,510.04998779296875,503.8999938964844,504.6499938964844,2140100,522.3214981079102,504.1281976318359,391.91469909667967,-0.023258897103613507,46.90891288922038,2.898432839918428,6.8965170998779755,-3.9980842599595476,543.8227404714879,522.3214981079102,500.8202557443324,0.16998434357594375,-5334200,bull,hold
2023-08-21,520.469970703125,522.97998046875,510.2900085449219,510.2900085449219,2428300,522.1519973754882,505.7569970703125,392.93694900512696,-0.006471222737431392,53.75745507493452,2.978605709303565,6.112934821763093,-3.134329112459528,543.6555027485781,522.1519973754882,500.6484920023984,0.4608894772461562,-2905900,bull,hold
2023-08-22,519.47998046875,530.0,518.3499755859375,529.719970703125,1495500,521.8589950561524,507.0665966796875,394.0282489013672,-0.01115476850640007,53.164934497504426,2.928501406400983,5.476048138690672,-2.547546732289689,543.3404421761882,521.8589950561524,500.37754793611657,0.4446262960286448,-4401400,bull,hold
2023-08-23,530.7100219726562,535.25,519.239990234375,522.72998046875,2336900,522.6669967651367,508.18819702148437,395.25214904785156,0.031406150156570556,58.722823320796266,3.7517164297216823,5.1311817968968745,-1.3794653671751922,544.2035916999142,522.6669967651367,501.1304018303592,0.6867292678317403,-2064500,bull,hold
2023-08-24,512.4299926757812,539.6699829101562,511.04998779296875,539.0,2950200,522.5899978637696,508.8569970703125,396.38554901123047,-0.0029962412497310797,48.61053712283208,2.8956949065930075,4.684084418836101,-1.7883895122430937,544.2610108567487,522.5899978637696,500.9189848707904,0.26558536531541294,-5014700,bull,hold
2023-08-25,525.0599975585938,528.4299926757812,514.469970703125,514.9199829101562,2308300,522.3994979858398,509.7675970458984,397.51314895629883,-0.007204034249947422,54.44725011501216,3.1995451579660994,4.3871765666621005,-1.1876314086960011,543.9127532003769,522.3994979858398,500.88624277130276,0.5618339611142661,-2706400,bull,hold
2023-08-28,529.9199829101562,533.510009765625,523.97998046875,525.7000122070312,1684100,521.5869979858398,510.54779663085935,398.65189880371094,-0.029752642050035694,56.494876832400834,3.788833557793737,4.267507964888428,-0.4786744070946911,540.5206683357153,521.5869979858398,502.6533276359644,0.7200573045355472,-1022300,bull,hold
2023-08-29,540.5700073242188,541.969970703125,526.1500244140625,527.7000122070312,2167000,521.1604995727539,511.4555969238281,399.8603988647461,-0.015534453908173207,60.667316732102115,5.0569237552728055,4.425391122965304,0.6315326323075015,537.846853600995,521.1604995727539,504.47414554451285,1.0815982244717717,1144700,bull,hold
2023-08-30,545.3599853515625,546.0,536.0900268554688,540.0999755859375,1930300,521.9134994506836,512.6455969238282,400.93744873046876,0.02839901547286705,62.41334383043988,6.374919464820664,4.815296791336376,1.559622673484288,541.3192550117899,521.9134994506836,502.50774388957734,1.1041116468526273,3075000,bull,hold
2023-08-31,559.3400268554688,562.0999755859375,546.760009765625,547.0,3919300,523.6925003051758,514.2827972412109,402.02839889526365,0.06793190855820641,67.01555189897081,8.450105517173256,5.542258536503752,2.907846980669504,549.0576544222683,523.6925003051758,498.3273461880833,1.2026869694095716,6994300,bull,hold
2023-09-01,563.2100219726562,569.97998046875,558.52001953125,564.7999877929688,2234100,525.509001159668,515.9953979492187,403.14259902954103,0.068953114092694,68.17715613211246,10.288383595832897,6.491483548369581,3.796900047463316,556.176365060529,525.509001159668,494.84163725880694,1.114676581509665,9228400,bull,hold
2023-09-05,564.8800048828125,567.5900268554688,555.4199829101562,557.8800048828125,2349700,527.2665023803711,517.5985980224609,404.23719909667966,0.0663546065166234,68.68957396373555,11.74460142697933,7.542107124091531,4.202494302887798,562.4031473544259,527.2665023803711,492.1298574063163,1.0352460732977717,11578100,bull,hold
2023-09-06,561.9400024414062,564.0599975585938,555.8499755859375,560.4500122070312,2299900,529.3335037231445,519.2471978759766,405.3548490905762,0.07940843026152744,66.65470519677922,12.51714111215881,8.537113921704988,3.980027190453823,567.3999672734271,529.3335037231445,491.2670401728619,0.928283792046919,9278200,bull,hold
2023-09-07,560.4600219726562,561.8300170898438,551.0800170898438,554.0,2089400,531.6675033569336,520.6709985351563,406.46799926757814,0.09085598897190383,65.60116738466914,12.861700644497091,9.402031266263409,3.4596693782336825,571.3242221367897,531.6675033569336,492.0107845770775,0.8630219481288506,7188800,bull,hold
2023-09-08,560.3599853515625,570.239990234375,558.030029296875,568.9000244140625,2262000,533.8940017700195,522.2295983886719,407.6154992675781,0.08632682625362387,65.52577643661076,12.977102477614949,10.117045508533717,2.8600569690812314,574.7267419915752,533.8940017700195,493.06126154846373,0.8240779756384262,4926800,bull,hold
2023-09-11,564.5,565.4299926757812,556.7000122070312,562.0,2083300,536.696501159668,523.8441986083984,408.83054931640623,0.11023696813315498,67.20549405068103,13.249887390302206,10.743613884887415,2.506273505414791,577.8518503531757,536.696501159668,495.54115196616027,0.8377871818023361,7010100,bull,hold
2023-09-12,542.2100219726562,559.0900268554688,540.3699951171875,555.6300048828125,3961300,537.6945022583008,524.9085992431641,409.88719940185547,0.038219285730313635,52.401525364123195,11.534493990479405,10.901789906005813,0.6327040844735912,578.3653547901553,537.6945022583008,497.02364972644625,0.5555129710007777,3048800,bull,hold
2023-09-13,553.5599975585938,559.8499755859375,546.4299926757812,557.02001953125,3465200,539.4375015258789,526.2755993652344,410.97609939575193,0.06720644791049035,57.53144787457943,10.964488735473765,10.914329671899404,0.05015906357436073,579.6885973823138,539.4375015258789,499.18640566944407,0.6754299570263388,6514000,bull,hold
2023-09-14,552.1599731445312,555.1900024414062,544.3400268554688,551.0900268554688,4786900,541.3210006713867,527.5735986328125,412.0653993225098,0.07321810652330818,56.719412666314405,10.281269123900529,10.78771756229963,-0.5064484383991008,580.2293164201947,541.3210006713867,502.4126849225789,0.6392886361764011,1727100,bull,hold
2023-09-15,528.8900146484375,537.6900024414062,523.6199951171875,532.1099853515625,9774500,542.1820007324219,528.5255987548828,413.06499938964845,0.033654505381983224,45.279643995253394,7.772524657892404,10.184678981418186,-2.4121543235257814,579.1409160815555,542.1820007324219,505.2230853832883,0.3201788938011137,-8047400,bull,hold
2023-09-18,532.4199829101562,533.97998046875,522.1799926757812,524.22998046875,2650700,543.3964996337891,529.4685986328125,414.09319931030274,0.047802683946887914,47.02512580308185,6.000001252035759,9.347743435541702,-3.347742183505943,577.2670341377324,543.3964996337891,509.5259651298457,0.3379636329276874,-5396700,bull,hold
2023-09-19,541.6900024414062,542.4000244140625,529.469970703125,531.3499755859375,2385800,544.4575012207031,530.3753985595703,415.07699935913087,0.04077090501420133,51.40861760942887,5.28238474279442,8.534671696992246,-3.2522869541978263,576.6781078395252,544.4575012207031,512.236894601881,0.4570539001323433,-3010900,bull,hold
2023-09-20,535.780029296875,548.8499755859375,535.72998046875,541.6900024414062,2626000,545.2725036621093,530.9961993408203,416.03534957885745,0.031377626551492455,48.644999619944215,4.188500620117907,7.665437481617379,-3.476936861499472,575.6993827360762,545.2725036621093,514.8456245881424,0.3440116986339877,-5636900,bull,hold
2023-09-21,513.8800048828125,526.2899780273438,513.4000244140625,519.47998046875,3844600,544.4310028076172,531.1265997314454,416.897099609375,-0.031712265442597753,40.05256568645203,1.5367262047041095,6.439695226234725,-4.902969021530615,577.2585384562136,544.4310028076172,511.6034671590209,0.03467420990964535,-9481500,bull,hold
2023-09-22,512.9000244140625,518.1500244140625,508.8299865722656,513.0900268554688,2702100,544.4545043945312,531.0389996337891,417.79114974975585,0.000917260396540831,39.714512728615055,-0.6365624624827433,5.024443688491232,-5.661006150973975,577.1909134410486,544.4545043945312,511.7180953480139,0.018052210069362355,-12183600,bull,hold
2023-09-25,511.6000061035156,514.25,507.2200012207031,511.45001220703125,2219500,543.7815048217774,530.9743994140625,418.693399810791,-0.025635149349910402,39.241345108771455,-2.435732395023365,3.532408471788313,-5.968140866811678,578.5739608441713,543.7815048217774,508.9890487993834,0.037521888400918,-14403100,bull,hold
2023-09-26,506.29998779296875,510.1400146484375,502.010009765625,510.1400146484375,2375400,542.600505065918,530.6603991699219,419.59149978637697,-0.04457275792370352,37.29069728812692,-4.240374316857924,1.9778519140590656,-6.21822623091699,580.6462725071428,542.600505065918,504.5547376246932,0.02293619350656704,-16778500,bull,hold
2023-09-27,502.6000061035156,509.25,498.70001220703125,507.510009765625,3311100,540.7020050048828,530.0677996826172,420.4415998840332,-0.07024067318986449,35.9472890319913,-5.9010994409084105,0.40206164306557035,-6.303161083973981,582.561849838532,540.7020050048828,498.8421601712337,0.044886047084211796,-20089600,bull,hold
2023-09-28,504.6700134277344,508.67999267578125,499.25,500.0,2720000,538.6675064086915,529.6178002929687,421.3117498779297,-0.07461121647492641,37.308032932389885,-6.96985957273796,-1.0723226000951356,-5.897536972642824,583.2882571707158,538.6675064086915,494.04675564666707,0.11903943344346976,-17369600,bull,hold
2023-09-29,509.8999938964844,518.5800170898438,505.44000244140625,505.44000244140625,2796300,536.1955047607422,529.4782000732422,422.17039978027344,-0.08838994276331213,40.73380746534816,-7.310572236091616,-2.319972527294432,-4.990599708797184,581.4349959700867,536.1955047607422,490.9560135513977,0.20937437445332818,-14573300,bull,hold
2023-10-02,521.1300048828125,522.4099731445312,508.239990234375,508.239990234375,2411500,534.09150390625,529.4962005615234,423.0637498474121,-0.07471460991133916,47.38257662071323,-6.598359660196252,-3.175649953874796,-3.4227097063214558,578.0043871613195,534.09150390625,490.17862065118044,0.3524180370012354,-12161800,bull,hold
2023-10-03,507.0299987792969,520.489990234375,504.54998779296875,517.52001953125,2004100,531.1990036010742,529.1596008300781,423.89929977416995,-0.10241114148750396,41.14176655347134,-7.089950184089162,-3.9585099999176694,-3.1314401841714923,574.2310118877213,531.1990036010742,488.1669953144271,0.21917410104611615,-14165900,bull,hold
2023-10-04,518.4199829101562,519.760009765625,510.0,511.92999267578125,2027200,529.0230026245117,529.0211999511719,424.8478497314453,-0.07744602509551335,47.19247974983795,-6.485699579160837,-4.463947915766303,-2.021751663394534,569.9677542809278,529.0230026245117,488.07825096809563,0.3705204051140708,-12138700,bull,hold
2023-10-05,516.4400024414062,522.6099853515625,509.239990234375,519.8400268554688,1818800,526.8220016479493,529.0590002441406,425.7373497009277,-0.07854265746968414,46.30140128050427,-6.096319916633888,-4.7904223159398205,-1.3058976006940677,565.4368201588883,526.8220016479493,488.20718313701025,0.36556975266370934,-13957500,bull,hold
2023-10-06,526.6799926757812,531.3099975585938,509.5199890136719,513.219970703125,2526300,525.1380020141602,529.3132006835938,426.72694961547853,-0.060104207217171024,51.41118777691916,-4.90491133138039,-4.813320119027935,-0.09159121235245493,560.5612366588849,525.1380020141602,489.7147673694355,0.5217652435906313,-11431200,bull,hold
2023-10-09,529.2899780273438,530.0,518.75,522.0,1713500,523.3775009155273,529.3216003417969,427.6822994995117,-0.06237382103216338,52.64799325754966,-3.7073711715116815,-4.592130329524684,0.8847591580130025,553.9713319946425,523.3775009155273,492.7836698364121,0.5966285833331381,-9717700,bull,hold
2023-10-10,532.719970703125,537.0,530.4000244140625,530.9099731445312,2090900,522.9029983520508,529.0526000976563,428.6389993286133,-0.01750253754994191,54.29453613833322,-2.4532605630448643,-4.16435637622872,1.7110958131838556,552.594840124488,522.9029983520508,493.21115657961354,0.6653143046213335,-7626800,bull,hold
2023-10-11,549.9099731445312,551.3400268554688,536.1099853515625,538.5900268554688,3307500,522.7204971313477,529.0688000488282,429.7059492492676,-0.006593728647591002,61.516798774501794,-0.07145564013910644,-3.3457762290107973,3.274320588871691,551.6925053198656,522.7204971313477,493.7484889428297,0.9692369931049373,-4319300,bull,hold
2023-10-12,559.6300048828125,574.4000244140625,552.22998046875,553.7000122070312,4624000,523.0939987182617,529.655400390625,430.8118492126465,0.013528745475228199,64.89475198818656,2.5708322944235533,-2.1624545243239273,4.73328681874748,553.7198872382503,523.0939987182617,492.46811019827305,1.0964889172228398,304700,bull,hold
2023-10-13,548.760009765625,562.8900146484375,546.989990234375,560.0,2832600,524.087498474121,530.155400390625,431.88019927978513,0.03756923853137106,58.690407380300584,3.7445815523889223,-0.9810473089813574,4.7256288613702795,556.6301926628834,524.087498474121,491.54480428535874,0.8790791129399467,-2527900,bull,hold
2023-10-16,550.739990234375,555.5700073242188,545.6900024414062,553.1799926757812,2179700,525.003498840332,530.6326000976562,432.9922492980957,0.034408940145490785,59.450880733597195,4.7794595377333735,0.17105406036158877,4.608405477371785,559.4107033534923,525.003498840332,490.59629432717173,0.8739985819568563,-348200,bull,hold
2023-10-17,560.0900268554688,560.7999877929688,543.3400268554688,545.4099731445312,2355300,525.9235000610352,531.2398010253906,434.1047994995117,0.033967812459401614,62.922123820098875,6.2816664699539615,1.3931765422800633,4.8884899276738984,562.9504513610236,525.9235000610352,488.8965487610467,0.961373750671774,2007100,bull,hold
2023-10-18,557.8699951171875,568.1799926757812,554.239990234375,554.47998046875,2614500,527.0279983520508,531.9852014160156,435.21149948120114,0.04122954311922,61.57429844253871,7.209926731517953,2.5565265801276413,4.653400151390311,566.4082082579343,527.0279983520508,487.64778844616717,0.8915925897658662,-607400,bull,hold
2023-10-19,555.739990234375,567.0999755859375,553.469970703125,560.0,2809300,529.120997619629,532.8244006347657,436.3055993652344,0.08145867703318888,60.24099652775207,7.685116840592855,3.582244632220684,4.102872208372171,569.9080065515404,529.120997619629,488.33398868771746,0.8263170469202943,-3416700,bull,hold
2023-10-20,540.9600219726562,555.97998046875,535.9500122070312,555.739990234375,2729200,530.5239974975586,533.3270007324219,437.3033494567871,0.05470851281524025,51.850967212163546,6.790808297302419,4.223957365237031,2.566850932065388,570.9110618642728,530.5239974975586,490.1369331308444,0.6292000871905249,-6145900,bull,hold
2023-10-23,540.4099731445312,548.030029296875,531.0,535.8099975585938,2172600,531.9644958496094,533.9661999511719,438.3631993103027,0.05631346109715696,51.563145759128616,5.968872542938925,4.57294040077741,1.3959321421615147,571.5970309564408,531.9644958496094,492.33196074277805,0.6065472757692215,-8318500,bull,hold
2023-10-24,539.5599975585938,546.0,532.1199951171875,544.6400146484375,2358100,533.6274963378906,534.3123999023437,439.3972492980957,0.0656922981780228,51.091189010728385,5.189080124055863,4.696168345433101,0.49291177862276214,571.5679825100852,533.6274963378906,495.68701016569605,0.5781816710753017,-10676600,bull,hold
2023-10-25,521.1400146484375,534.4600219726562,517.6300048828125,533.5599975585938,2526000,534.5544967651367,534.3611999511719,440.29304931640627,0.036888198009896955,42.09837549224477,3.049596485385109,4.366853973423503,-1.3172574880383934,570.2572919155738,534.5544967651367,498.8517016146997,0.3121368080541581,-13202600,bull,hold
2023-10-26,514.280029296875,530.989990234375,511.67999267578125,530.0,2876700,535.0349975585938,534.3570007324219,441.17094940185547,0.019042177290996776,39.32244408751372,0.7913743303430465,3.6517580448074116,-2.860383714464365,569.3476831844616,535.0349975585938,500.72231193272586,0.19756129718287274,-16079300,bull,hold
2023-10-27,508.1199951171875,519.8599853515625,506.9200134277344,517.5,2985600,534.9459976196289,534.2860003662109,441.9968994140625,-0.0034908782125975257,36.96531982723437,-1.478305290708704,2.6257453777041886,-4.104050668412892,569.5271847069519,534.9459976196289,500.36481053230597,0.11213010943346842,-19064900,bull,hold
2023-10-30,526.9400024414062,530.75,512.239990234375,516.1099853515625,2806900,535.2364974975586,534.6622003173828,442.9088993835449,0.011148844825966675,47.349372358655295,-1.7383864005329315,1.7529190220567648,-3.4913054225896962,569.4441545402459,535.2364974975586,501.02884045487133,0.37873336303332206,-16258000,bull,hold
2023-10-31,532.0599975585938,532.6400146484375,522.8099975585938,530.6400146484375,2052300,536.4879974365234,534.8940008544922,443.8472993469238,0.049365912943135415,49.7734957238909,-1.5139103216674812,1.0995531533119156,-2.6134634749793966,568.2180385386869,536.4879974365234,504.7579563343599,0.4302238553099807,-14205700,bull,hold
2023-11-01,544.5,545.27001953125,534.0,535.0,2644500,537.7919982910156,535.3944012451171,444.84789932250976,0.05030673575397948,55.173805115980734,-0.3284213435078982,0.813958253947953,-1.142379597455851,568.5741626506142,537.7919982910156,507.00983393141695,0.6089592276654306,-11561200,bull,hold
2023-11-02,558.7100219726562,559.3599853515625,550.0,550.4400024414062,2634800,539.9054992675781,535.9544012451172,445.9348994445801,0.08184884852339813,60.4101528732881,1.7376862621965756,0.9987038555976775,0.7389824065988981,570.335834374941,539.9054992675781,509.4751641602151,0.8089765958661469,-8926400,bull,hold
2023-11-03,563.6599731445312,567.030029296875,557.6599731445312,560.0,2066300,541.7544982910156,536.9790008544921,447.04054931640627,0.07021337621137724,62.07220650232974,3.7314967446252467,1.5452624334031912,2.1862343112220555,573.2219784269265,541.7544982910156,510.28701815510465,0.848065284523958,-6860100,bull,hold
2023-11-06,565.4500122070312,567.8800048828125,558.1699829101562,566.0,2593400,543.5625,537.7868011474609,448.08589935302734,0.06831800275995303,62.6823358795994,5.393869933911219,2.314983933504797,3.0788860004064222,576.0947831700037,543.5625,511.0302168299963,0.8363968045626229,-4266700,bull,hold
2023-11-07,585.2000122070312,589.0,568.8099975585938,568.8099975585938,3993600,546.1865020751953,538.8924017333984,449.1869993591309,0.098513373610978,68.67065514907887,8.210329043079355,3.4940529554197086,4.716276087659646,582.9836799145107,546.1865020751953,509.38932423587994,1.0301155200298067,-273100,bull,hold
2023-11-08,585.3099975585938,595.6699829101562,581.0700073242188,589.0,3079200,547.9565032958984,539.7872015380859,450.30694931030274,0.06437421785903563,68.70077664160651,10.332165307160949,4.861675425767957,5.470489881392992,588.5133450375837,547.9565032958984,507.39966155421314,0.9605079273752045,2806100,bull,hold
2023-11-09,577.739990234375,590.0399780273438,576.3400268554688,587.510009765625,2336600,548.8620025634766,540.4348016357421,451.40479919433596,0.03236064041161413,64.13056437212728,11.27295193484099,6.143930727582564,5.129021207258425,591.1908908946,548.8620025634766,506.5331142323533,0.8411144115691921,469500,bull,hold
2023-11-10,597.219970703125,598.1400146484375,576.010009765625,580.489990234375,3062700,551.2850006103515,541.1924005126953,452.56179901123045,0.08830811297309582,69.71391349160534,13.435527342241585,7.602250050514369,5.8332772917272155,598.5708086844551,551.2850006103515,503.99919253624796,0.9857162430299053,3532200,bull,hold
2023-11-13,590.3400268554688,594.260009765625,583.3599853515625,589.97998046875,2505100,553.2650024414063,541.7350006103516,453.6599491882324,0.07190332520476939,65.8172658330426,14.427913951734013,8.967382830758298,5.460531120975714,603.517023534656,553.2650024414063,503.0129813481566,0.8688908784908822,1027100,bull,hold
2023-11-14,604.3300170898438,613.7100219726562,599.0399780273438,601.5599975585938,2884900,555.477001953125,542.5240008544922,454.864499206543,0.07898728438846336,69.54501946549459,16.157014773289575,10.405309219264554,5.751705554025021,610.4124623512645,555.477001953125,500.54154155498543,0.9446400811303046,3912000,bull,hold
2023-11-15,595.3099975585938,605.72998046875,591.7899780273438,605.0,3088900,557.3490020751954,543.191400756836,455.98934921264646,0.06711241466489248,64.64969340361202,16.608052152091886,11.64585780583002,4.962194346261866,614.969098359841,557.3490020751954,499.7289057905496,0.8294076019577397,823100,bull,hold
2023-11-16,602.0599975585938,605.27001953125,592.1400146484375,595.4500122070312,2040400,559.6650024414063,544.0234002685547,457.0800491333008,0.08334834299882576,66.54738916505704,17.31062500269661,12.77881124520334,4.531813757493271,620.4755023955195,559.6650024414063,498.854502487293,0.8485828528722686,2863500,bull,hold
2023-11-17,602.6599731445312,605.0499877929688,597.02001953125,602.0700073242188,1968500,562.75,544.8694000244141,458.1321989440918,0.11405639726736361,66.71841115011574,17.71166303777295,13.765381603717262,3.946281434055688,625.6752437993556,562.75,499.82475620064434,0.8171221177290057,4832000,bull,hold
2023-11-20,612.7000122070312,614.2000122070312,604.5,605.3099975585938,2393900,566.364501953125,545.8334002685547,459.29904907226563,0.13376888409712273,69.52602596420905,18.624939109695674,14.737293104912947,3.8876460047827273,631.9885310404012,566.364501953125,500.7404728658488,0.8530376822206595,7225900,bull,hold
2023-11-21,610.989990234375,615.5700073242188,607.030029296875,610.6300048828125,1906200,569.936001586914,547.2089996337891,460.47784896850584,0.13238563458927333,68.46661778822128,18.991806768116135,15.588195837553585,3.40361093056255,637.0931404837712,569.936001586914,502.7788626900568,0.8056561768549539,5319700,bull,hold
2023-11-22,619.719970703125,624.3800048828125,614.010009765625,616.6300048828125,2064400,574.8649993896485,548.5321990966797,461.6573487854004,0.18916213164170448,70.90411304539751,19.75921654623062,16.42239997928899,3.3368165669416285,641.4411233034594,574.8649993896485,508.2888754758375,0.8368698016389892,7384100,bull,hold
2023-11-24,619.4299926757812,619.4400024414062,613.5999755859375,616.260009765625,942700,580.1224975585938,549.8775994873047,462.86269882202146,0.2044605222619038,70.70859720537474,20.112155116119197,17.160351006655034,2.951804109464163,643.24868176524,580.1224975585938,516.9963133519475,0.8113406553175521,6441400,bull,hold
2023-11-27,619.27001953125,625.8300170898438,614.5700073242188,618.7999877929688,1854400,585.6799987792969,551.685199584961,464.07999893188475,0.21874759010109024,70.59294910091695,20.14671419933302,17.75762364519063,2.3890905541423884,641.6353870540105,585.6799987792969,529.7246105045832,0.8001500104604988,4587000,bull,hold
2023-11-28,623.3200073242188,625.5999755859375,612.260009765625,613.97998046875,2302900,590.4989990234375,553.5032000732422,465.34164901733396,0.1829050830004686,71.84829197871228,20.26727416881897,18.2595537499163,2.0077204189026716,641.7960850835553,590.4989990234375,539.2019129633196,0.8199110399986126,6889900,bull,hold
2023-11-29,617.3900146484375,628.5999755859375,616.77001953125,625.9400024414062,2595600,594.7654998779296,555.0172003173828,466.5535990905762,0.16037668210613165,67.31701249538608,19.657716049193596,18.53918620977176,1.1185298394218357,639.7119222708278,594.7654998779296,549.8190774850315,0.7516831548096994,4294300,bull,hold
2023-11-30,611.010009765625,621.47998046875,605.0700073242188,620.0,3960300,598.0910003662109,556.5217999267578,467.7191491699219,0.12214877826561055,62.73293898590723,18.447176209271788,18.520784209671767,-0.07360800039997883,637.1217292427417,598.0910003662109,559.0602714896801,0.6654979265219706,334000,bull,hold
2023-12-01,612.469970703125,615.2000122070312,603.1799926757812,609.239990234375,2490500,600.7789978027344,558.4935992431641,468.9017990112305,0.09622155790343023,63.3480154965922,17.40498744982574,18.297624857702562,-0.8926374078768227,635.7886413527833,600.7789978027344,565.7693542526854,0.6669678939129658,2824500,bull,hold
2023-12-04,604.5599975585938,608.2899780273438,596.2100219726562,604.9099731445312,2541500,602.8239990234375,560.3267987060547,470.0987989807129,0.07256151999917715,57.78351236966608,15.759115350982938,17.789922956358637,-2.030807605375699,633.4220678358034,602.8239990234375,572.2259302110716,0.5283677794471565,283000,bull,hold
2023-12-05,602.219970703125,602.739990234375,591.1699829101562,596.77001953125,2577700,604.6624969482422,562.1391979980468,471.3256488037109,0.06502777911804336,56.21046757335515,14.10335455172708,17.052609275432328,-2.9492547237052484,630.0284487044844,604.6624969482422,579.2965451919999,0.4518542361708133,-2294700,bull,hold
2023-12-06,595.7000122070312,608.530029296875,594.489990234375,608.0599975585938,2080400,605.1874969482421,563.9271984863282,472.5706488037109,0.017942583357782427,51.96562144881971,12.125273423827139,16.06714210511129,-3.941868681284152,629.3253628975534,605.1874969482421,581.0496309989309,0.30347300044804504,-4375100,bull,hold
2023-12-07,608.780029296875,609.22998046875,596.469970703125,598.9199829101562,2605200,606.3609985351562,566.0507989501953,473.8709489440918,0.04009846378188975,58.70327304277151,11.4807351749605,15.149860719081133,-3.6691255441206323,628.7370216408617,606.3609985351562,583.9849754294507,0.5540540816902795,-1769900,bull,hold
2023-12-08,610.010009765625,610.22998046875,601.2999877929688,605.0,2499700,607.9744995117187,568.1575988769531,475.18589904785154,0.05585560992265548,59.28166332748429,10.943038576632489,14.308496290591405,-3.365457713958916,626.1157095535802,607.9744995117187,589.8332894698572,0.5561018324910322,729800,bull,hold
2023-12-11,625.2000122070312,627.8200073242188,614.3400268554688,616.8800048828125,3270600,609.373501586914,570.463599243164,476.7091990661621,0.04685047867867609,65.67540506529758,11.608797407152792,13.768556513903683,-2.15975910675089,628.2808111285076,609.373501586914,590.4661920453204,0.9185288918368054,4000400,bull,hold
2023-12-12,633.6599731445312,633.8900146484375,623.0,625.8599853515625,2968900,611.5394989013672,572.7141986083984,478.26589889526366,0.0733813468820883,68.62985592976354,12.672978019729612,13.549440815068868,-0.8764627953392559,631.141337710776,611.5394989013672,591.9376600919584,1.0642448766731585,6969300,bull,hold
2023-12-13,624.260009765625,632.4500122070312,618.030029296875,630.4099731445312,6188500,612.5359985351563,575.058798828125,479.76744888305666,0.032978657541709255,62.221397128748954,12.612461728477001,13.362044997750496,-0.7495832692734954,632.5915960670396,612.5359985351563,592.480401003273,0.7922877568676397,780800,bull,hold
2023-12-14,584.6400146484375,593.1599731445312,578.2999877929688,593.0,11315300,612.0024993896484,576.3831994628906,481.0737489318848,-0.017923406215105686,43.699366740745376,9.260747511127647,12.541785500425927,-3.28103798929828,634.3044873835596,612.0024993896484,589.7005113957372,-0.11345393847134333,-10534500,bull,hold
2023-12-15,584.6799926757812,591.6599731445312,578.2000122070312,580.5999755859375,8666500,611.1334991455078,577.7479992675782,482.3296488952637,-0.028867562956001014,43.71757268796378,6.5324141349168485,11.339911227324112,-4.807497092407264,636.1113138793281,611.1334991455078,586.1556844116875,-0.02954004887201252,-1868000,bull,hold
2023-12-18,599.1300048828125,603.1300048828125,586.6199951171875,591.52001953125,5452000,610.9570007324219,579.1969995117188,483.60509887695315,-0.005857313276175002,50.00995451532166,5.4730950659688915,10.166547995053069,-4.693452929084177,636.2200818676047,610.9570007324219,585.6939195972391,0.26592332925815554,3584000,bull,hold
2023-12-19,604.6400146484375,612.7100219726562,598.0800170898438,600.0,4150700,610.5540008544922,580.7040002441406,484.893199005127,-0.013154883953014007,52.20427540210674,5.020317713299164,9.137301938702288,-4.116984225403124,635.9498051865725,610.5540008544922,585.1581965224119,0.38356371531450034,7734700,bull,hold
2023-12-20,596.0599975585938,610.6799926757812,595.0700073242188,600.7100219726562,2587300,609.8075012207031,581.97080078125,486.1494990539551,-0.02443574021573436,48.624987938062894,3.9239202165668985,8.094625594275211,-4.1707053777083125,635.9741792639845,609.8075012207031,583.6408231774217,0.23730896143235933,5147400,bull,hold
2023-12-21,600.1400146484375,607.4000244140625,594.8200073242188,603.0,3192800,608.8285034179687,582.9754016113282,487.42099914550784,-0.03159484441411886,50.367652643980804,3.345673738071241,7.144835223034417,-3.799161484963176,634.903432796717,608.8285034179687,582.7535740392204,0.33339381972377374,8340200,bull,hold
2023-12-22,598.75,601.8599853515625,596.0,600.7999877929688,1660600,607.7945037841797,583.7578015136719,488.7228991699219,-0.03338552043056375,49.74851938169883,2.743619929823808,6.264592164392296,-3.5209722345684877,633.7456550586126,607.7945037841797,581.8433525097469,0.32573983542128276,6679600,bull,hold
2023-12-26,598.260009765625,601.6900024414062,596.5,598.9199829101562,1595100,606.7440032958984,584.7478015136719,490.06769927978513,-0.03392705783097383,49.51744945679192,2.2015714866618055,5.451988028846198,-3.250416542184393,632.4518205947415,606.7440032958984,581.0361859970553,0.334991951443205,5084500,bull,hold
2023-12-27,596.0800170898438,599.7899780273438,593.7100219726562,598.5999755859375,1394900,605.3820037841797,585.6546020507812,491.426749420166,-0.04370145336953091,48.43945918293438,1.5778979745874722,4.677170017994453,-3.099272043406981,630.3071524907012,605.3820037841797,580.4568550776581,0.31340158079173036,3689600,bull,hold
2023-12-28,595.52001953125,599.0399780273438,593.6300048828125,597.4400024414062,1702600,604.2885040283203,586.3632019042968,492.7376995849609,-0.035423305525342896,48.14948189990439,1.0266109678655084,3.9470582079686647,-2.9204472401031563,628.9277684831641,604.2885040283203,579.6492395734765,0.3220627788394367,1987000,bull,hold
2023-12-29,596.5999755859375,600.75,592.9400024414062,596.0900268554688,1893900,603.568002319336,587.1378015136719,494.05264953613283,-0.023583957626512553,48.78621322037963,0.6691420186099322,3.2914749700969184,-2.622332951486986,628.2216800991657,603.568002319336,578.9143245395062,0.3586818000213481,3880900,bull,hold
2024-01-02,580.0700073242188,590.4400024414062,576.760009765625,589.510009765625,2840200,601.9480041503906,587.6244018554687,495.1865495300293,-0.05290049296900323,40.57334984901948,-0.9371817433496972,2.4457436274075954,-3.3829253707572926,628.2517756924915,601.9480041503906,575.6442326082897,0.08412813935912762,1040700,bull,hold
2024-01-03,571.7899780273438,577.2999877929688,570.1900024414062,574.5800170898438,2478000,600.3095031738281,588.2410009765625,496.25479934692385,-0.05420474338954906,37.19555642794873,-2.8455325350249723,1.387488394921082,-4.233020929946054,629.6639996190582,600.3095031738281,570.955006728598,0.014222204429627964,-1437300,bull,hold
2024-01-04,567.0499877929688,572.9099731445312,566.6599731445312,570.989990234375,2092100,598.5510040283203,588.7738012695313,497.2756492614746,-0.05840055896700558,35.37971942822743,-4.686370324577979,0.17271665102126976,-4.859086975599249,631.2592030006244,598.5510040283203,565.8428050560162,0.018453824650735258,-3529400,bull,hold
2024-01-05,564.5999755859375,569.52001953125,563.3400268554688,563.5,1923200,596.9960021972656,589.2746008300782,498.2275491333008,-0.052207547395995646,34.443728912077816,-6.270658793597022,-1.1159584379023888,-5.154700355694633,632.8995256012379,596.9960021972656,561.0924787932934,0.04884613625770325,-5452600,bull,hold
2024-01-08,580.5499877929688,581.510009765625,567.8699951171875,567.8699951171875,2830000,595.5845001220703,590.4628002929687,499.3217491149902,-0.046371497331328726,44.70060081234229,-6.168084297895916,-2.1263836099010947,-4.041700687994822,631.7426978012531,595.5845001220703,559.4263024428874,0.29210091633304447,-2622600,bull,hold
2024-01-09,586.2000122070312,588.2000122070312,577.280029296875,578.3300170898438,1926900,594.3940002441407,591.9011999511719,500.4077491760254,-0.03903214238687969,47.815311902642996,-5.566713907288772,-2.8144496693786305,-2.7522642379101416,630.1395000526438,594.3940002441407,558.6485004356375,0.3853843409519171,-695700,bull,hold
2024-01-10,591.030029296875,593.6500244140625,585.4299926757812,585.4299926757812,2135700,592.6855010986328,593.5594006347657,501.48809936523435,-0.0546544821544902,50.38788725678443,-4.646815925631358,-3.1809229206291763,-1.4658930050021821,625.5264216815604,592.6855010986328,559.8445805157053,0.47479559384491776,1440000,bull,hold
2024-01-11,597.489990234375,597.8400268554688,584.52001953125,592.0,2331800,590.877001953125,594.970400390625,502.6097993469238,-0.05708105994238999,53.67706249585959,-3.357818447260115,-3.2163020259553643,-0.14151642130475084,617.9745763718809,590.877001953125,563.7794275343692,0.6220217754374487,3771800,bull,hold
2024-01-12,596.5399780273438,599.3800048828125,593.02001953125,598.3900146484375,1477000,589.491000366211,596.26,503.72549926757813,-0.044404625163621425,53.11931740922052,-2.385438850267974,-3.050129390817886,0.6646905405499122,612.0769109138475,589.491000366211,566.9050898185744,0.6560481178357981,2294800,bull,hold
2024-01-16,597.6799926757812,597.760009765625,588.3400268554688,592.8300170898438,2126100,590.1429992675781,597.3235998535156,504.8180992126465,0.022304285886393105,53.74049237912123,-1.505477155880044,-2.7411989438303177,1.2357217879502738,612.8834577396217,590.1429992675781,567.4025407955346,0.6657177100775884,4420900,bull,hold
2024-01-17,596.0999755859375,596.75,582.4400024414062,591.989990234375,2588300,590.713998413086,598.0713989257813,505.88909912109375,0.019532022735877952,52.698288776289395,-0.924933292448145,-2.3779458135538833,1.4530125211057383,613.4505882319033,590.713998413086,567.9774085942686,0.6184429418785127,1832600,bull,hold
2024-01-18,593.7000122070312,596.8900146484375,584.2100219726562,586.9000244140625,2793600,590.4424987792969,598.6721997070313,506.93074920654294,-0.009063129256634883,51.07792802675298,-0.6510007539746994,-2.0325568016380466,1.3815560476633473,612.8985690294629,590.4424987792969,567.9864285291309,0.5725307988317829,-961000,bull,hold
2024-01-19,611.5499877929688,612.0700073242188,589.1300048828125,593.8099975585938,3760100,590.7879974365235,599.59419921875,508.0880992126465,0.011428243214351319,60.745588102613375,0.994967244607551,-1.4270519923889273,2.422019236996478,614.2952078391503,590.7879974365235,567.2807870338967,0.9416089787098945,2799100,bull,hold
2024-01-22,603.5900268554688,620.9600219726562,603.1500244140625,615.0,4488000,591.1644989013672,599.9619995117188,509.18029937744143,0.012633005616409898,55.480397616213146,1.6382220149256455,-0.8139971909260129,2.4522192058516583,615.2319358627999,591.1644989013672,567.0970619399345,0.7581398254831426,-1688900,bull,hold
2024-01-23,597.1799926757812,604.3200073242188,591.3400268554688,602.2100219726562,2723500,591.0164978027344,600.1993994140626,510.25609939575196,-0.004932218982915515,51.601604261942526,1.612185595400092,-0.32876063366079195,1.940946229060884,614.8970162451085,591.0164978027344,567.1359793603604,0.6290485985034187,-4412400,bull,hold
2024-01-24,606.47998046875,616.9500122070312,597.4600219726562,601.7100219726562,2999000,591.4029968261718,600.77419921875,511.3854992675781,0.01291019702505225,56.36779042145227,2.315293573895815,0.2000502078505294,2.1152433660452856,616.0108021545938,591.4029968261718,566.7951914977499,0.8063455566507653,-1413400,bull,hold
2024-01-25,622.5800170898438,627.0599975585938,612.239990234375,615.4199829101562,3806200,592.6189971923828,601.2814001464844,512.6171493530273,0.04065123345574517,63.13597185943997,4.1241099419338525,0.9848621546671941,3.139247787266658,620.6301922531604,592.6189971923828,564.6078021316052,1.0348043850405644,2392800,bull,hold
2024-01-26,613.9299926757812,622.5,613.0,620.7000122070312,2137800,593.5114959716797,601.7531994628906,513.8312493896484,0.029945603063635362,57.93613785841486,4.804244921560667,1.7487387080458887,3.0555062135147777,623.0051699781732,593.5114959716797,564.0178219651862,0.8461504439834475,255000,bull,hold
2024-01-29,630.22998046875,636.25,615.7100219726562,615.7100219726562,3212200,595.2469940185547,602.2711987304688,515.13294921875,0.05828512862560209,63.959726632587014,6.58264890422231,2.715520747281173,3.867128156941137,628.8129228734656,595.2469940185547,561.6810651636438,1.0211085711557344,3467200,bull,hold
2024-01-30,627.9600219726562,630.469970703125,620.8900146484375,630.0,2007400,596.8149963378906,602.92419921875,516.3787493896484,0.052564612252823384,62.61498220849497,7.719890105716445,3.7163946189682275,4.003495486748218,633.2910073939258,596.8149963378906,560.3389852818555,0.9269247751202836,1459800,bull,hold
2024-01-31,617.780029296875,625.9299926757812,612.1699829101562,620.0,2666800,598.7004974365234,603.2385998535157,517.5707495117188,0.06500943247627511,56.843007330646444,7.710835903625707,4.515282875899723,3.1955530277259836,635.4170674692605,598.7004974365234,561.9839274037863,0.7598218167347874,-1207000,bull,hold
2024-02-01,627.9099731445312,628.7999877929688,618.780029296875,619.0,1687600,601.5064971923828,603.7435998535157,518.8206993103028,0.09814791667178158,60.72298235733913,8.423956070420331,5.297017514803845,3.126938555616486,638.1454854385439,601.5064971923828,564.8675089462216,0.8603193922107676,480600,bull,hold
2024-02-02,634.760009765625,638.25,617.010009765625,624.7899780273438,2542800,604.8919982910156,604.1847998046875,520.106749420166,0.11940750097922104,63.136470708512526,9.43311062021371,6.124236135885819,3.308874484327892,640.6729708971417,604.8919982910156,569.1110256848896,0.9173728283380379,3023400,bull,hold
2024-02-05,630.5,634.5900268554688,624.5399780273438,633.030029296875,2131200,608.1869995117188,604.575,521.3586994934082,0.11671984991793871,60.6408732501898,9.776429096780134,6.854674728064682,2.921754368715453,640.487377219027,608.1869995117188,575.8866218044105,0.8453984453443819,892200,bull,hold
2024-02-06,607.1400146484375,626.4600219726562,604.6699829101562,625.5800170898438,3436200,609.5165008544922,604.3234008789062,522.4930995178223,0.045801442450380536,49.1647602971722,8.070523896851114,7.097844561821969,0.9726793350291452,639.2436341987176,609.5165008544922,579.7893675102667,0.4600283320538153,-2544000,bull,hold
2024-02-07,615.8499755859375,620.4199829101562,610.1500244140625,613.25,2313800,610.9989990234375,604.2518005371094,523.6839993286133,0.050579943298320273,52.754923939567874,7.336828400219019,7.1456413295013785,0.19118707071764085,638.823486537981,610.9989990234375,583.1745115088939,0.5871709956915554,-230200,bull,hold
2024-02-08,615.8599853515625,621.3400268554688,612.510009765625,615.8499755859375,1815700,612.2404968261719,604.1835998535156,524.8765992736817,0.04201132738420532,52.75905308660126,6.679183665924938,7.052349796786091,-0.37316613086115247,638.5655937015604,612.2404968261719,585.9153999507835,0.5687459678215746,1585500,bull,hold
2024-02-09,627.2100219726562,628.0700073242188,615.7999877929688,616.0,2091400,613.7264984130859,604.2614001464843,526.1646994018555,0.04974147219876124,57.31460630101793,6.993234916056053,7.040526820640084,-0.04729190458403032,639.9081670060664,613.7264984130859,587.5448298201054,0.7574993169683883,3676900,bull,hold
2024-02-12,611.8400268554688,626.3499755859375,611.5800170898438,626.0,2317200,614.4915008544922,604.150400390625,527.4085995483398,0.0256479857036902,50.248120339352525,5.933495003921053,6.819120457296278,-0.8856254533752255,639.4870067258456,614.4915008544922,589.4959949831388,0.44696098545334484,1359700,bull,hold
2024-02-13,601.8900146484375,608.3900146484375,590.0,596.7000122070312,2985200,614.702001953125,603.9680004882813,528.5609495544434,0.007043939941519861,46.270891149062564,4.241863101785157,6.3036689861940545,-2.061805884408898,639.1934739461774,614.702001953125,590.2105299600726,0.23843982696667027,-1625500,bull,hold
2024-02-14,604.6599731445312,610.3300170898438,602.5,605.8499755859375,1615100,615.1300018310546,603.8118005371093,529.696449432373,0.01436000320278441,47.51632136164819,3.089135501773967,5.660762289310037,-2.5716267875360703,638.5833780555954,615.1300018310546,591.6766256065139,0.27679058685870706,-10400,bull,hold
2024-02-15,590.4400024414062,607.3200073242188,589.77001953125,606.0,3677400,614.9670013427734,603.5294006347656,530.7778994750977,-0.0054910050506924435,42.1187834513537,1.0164408815528532,4.7318980077586,-3.715457126205747,639.0507075070695,614.9670013427734,590.8832951784773,-0.009203166947124825,-3687800,bull,hold
2024-02-16,546.6599731445312,590.1400146484375,546.3699951171875,589.9000244140625,10328400,611.7225006103515,602.4182006835938,531.6678993225098,-0.1061074580062048,30.595572660357448,-4.1114725212949,2.9632239019479005,-7.0746964232428,650.0468086475828,611.7225006103515,573.3981925731202,-0.3488415159722305,-14016200,bull,hold
2024-02-20,541.9099731445312,545.8800048828125,528.010009765625,531.5,6567600,608.6384979248047,601.3423999023438,532.6511991882325,-0.10218865615171435,29.64782489339602,-8.461131483397253,0.6783528248788699,-9.139484308276122,657.5490148780444,608.6384979248047,559.727980971565,-0.18214904418275132,-20583800,bull,hold
2024-02-21,538.52001953125,542.5700073242188,529.3699951171875,539.760009765625,4486600,605.7054992675781,599.9371997070313,533.6646493530274,-0.09822829609828998,28.95838974332443,-12.042984445837192,-1.8659146292643425,-10.17706981657285,663.2805761505236,605.7054992675781,548.1304223846327,-0.08345974832931037,-25070400,bull,hold
2024-02-22,537.5700073242188,555.5499877929688,534.5599975585938,553.9400024414062,5023400,602.2600006103515,598.4883996582031,534.610499420166,-0.11362283235016357,28.756572707795627,-14.787821963456963,-4.450296096102867,-10.337525867354096,667.0347852285639,602.2600006103515,537.4852159921392,0.0006545087921122114,-30093800,bull,hold
2024-02-23,553.4400024414062,557.1799926757812,541.47998046875,543.489990234375,4546500,598.8029998779297,597.0531994628906,535.65739944458,-0.11105402157239486,36.693688479240066,-15.50383098399925,-6.661003073682144,-8.842827910317107,666.1978597440777,598.8029998779297,531.4081400117816,0.1634535814258076,-25547300,bull,hold
2024-02-26,560.47998046875,570.5999755859375,556.5599975585938,556.5599975585938,4251200,596.1304992675781,595.589599609375,536.7465493774414,-0.08706206382599457,39.89275959454026,-15.326531188978038,-8.394108696741323,-6.932422492236714,665.1338591816752,596.1304992675781,527.127139353481,0.24167548621393412,-21296100,bull,hold
2024-02-27,552.489990234375,565.9099731445312,548.5399780273438,565.9099731445312,3247600,592.2434997558594,594.15419921875,537.788899383545,-0.12335178053026585,37.572147603187744,-15.650337907427343,-9.845354538878528,-5.804983368548815,661.8809358137415,592.2434997558594,522.6060636979772,0.21456796967336986,-24543700,bull,hold
2024-02-28,551.8200073242188,557.2000122070312,549.760009765625,552.0,2313200,588.4364990234375,593.4977990722656,538.8400994873047,-0.12124978021571076,37.375811016192635,-15.77912713086971,-11.032109057276765,-4.747018073592946,658.1722663070242,588.4364990234375,518.7007317398508,0.23746261692142498,-26856900,bull,hold
2024-02-29,560.280029296875,561.9400024414062,553.22998046875,554.8900146484375,3844400,585.5614990234375,593.0097998046875,539.9642495727539,-0.09307520035156125,41.5306654959686,-15.02533770833054,-11.83075478748752,-3.19458292084302,654.9615245446251,585.5614990234375,516.1614735022498,0.3178569133317962,-23012500,bull,hold
2024-03-01,570.9299926757812,572.8900146484375,560.6699829101562,561.1099853515625,2968100,582.7125,592.4457995605469,541.0905494689941,-0.0907454617791752,46.35568133664496,-13.413963301945955,-12.147396490379208,-1.2665668115667472,649.5558534775345,582.7125,515.8691465224655,0.4118647800324775,-20044400,bull,hold
2024-03-04,567.9400024414062,576.25,564.0999755859375,572.8499755859375,2556400,579.3714996337891,591.7117993164062,542.2046995544433,-0.10526814275664742,45.22724499269376,-12.237142537270756,-12.16534569975752,-0.07179683751323651,642.0232470363771,579.3714996337891,516.719752231201,0.40876952625976865,-22600800,bull,hold
2024-03-05,544.8400268554688,564.1900024414062,539.3499755859375,562.5999755859375,4286800,575.0885009765625,590.6873999023437,543.1457496643067,-0.1358603856376388,37.609913358539366,-13.018410446021335,-12.335958649010283,-0.6824517970110513,634.8172625166691,575.0885009765625,515.3597394364559,0.24678468679797963,-26887600,bull,hold
2024-03-06,543.0900268554688,550.6400146484375,538.1500244140625,548.0,3209800,571.8860015869141,589.5464001464844,544.0590498352051,-0.10549459144124551,37.1001256942078,-13.621758118734533,-12.593118542955134,-1.0286395757793994,631.2646299748797,571.8860015869141,512.5073731989485,0.25752239894041185,-30097400,bull,hold
2024-03-07,556.0399780273438,558.3800048828125,541.5900268554688,550.0,2660500,568.8955017089844,588.6921997070312,544.9829997253418,-0.09711780454596719,43.23215425153174,-12.906188160639658,-12.65573246649204,-0.25045569414761815,625.0533350159171,568.8955017089844,512.7376684020517,0.38554113536237855,-27436900,bull,hold
2024-03-08,551.6900024414062,560.4400024414062,550.510009765625,553.0,2833200,565.6870025634765,587.7607995605468,545.881199798584,-0.10419573350511635,41.7594598506902,-12.545483959179933,-12.633682765029619,0.08819880584968587,617.9421235652393,565.6870025634765,513.4318815617138,0.36607054147288143,-30270100,bull,hold
2024-03-11,560.4199829101562,562.6900024414062,551.02001953125,552.4500122070312,2857800,562.3475006103515,587.0475988769531,546.8311996459961,-0.10648751888950492,45.75329605940612,-11.423503775809081,-12.391646967185512,0.9681431913764307,606.3306848230753,562.3475006103515,518.3643163976277,0.478088015514374,-27412300,bull,hold
2024-03-12,579.1400146484375,579.7899780273438,562.5999755859375,568.5999755859375,3469200,560.7125,586.7199987792969,547.8980996704101,-0.05344536279375489,53.16935226491855,-8.920941228224706,-11.697505819393351,2.776564591168645,599.3172051565756,560.7125,522.1077948434244,0.7386692836235628,-23943100,bull,hold
2024-03-13,573.5499877929688,585.3499755859375,573.4099731445312,579.0599975585938,3466000,559.2954986572265,586.2589990234375,548.805549621582,-0.04708505900703819,50.93028193780579,-7.304508995901415,-10.818906454694964,3.5143974587935496,593.5903140824029,559.2954986572265,525.0006832320502,0.7078228000212212,-27409100,bull,hold
2024-03-14,570.4500122070312,579.5399780273438,568.760009765625,578.0,5908100,557.5850006103516,586.0665991210938,549.580849609375,-0.05657718793521471,49.680816766410395,-6.202122718219812,-9.895549707399935,3.6934269891801232,585.4727878330436,557.5850006103516,529.6972133876595,0.7306567296635768,-33317200,bull,hold
2024-03-15,492.4599914550781,503.1300048828125,485.0,499.6400146484375,19580800,552.6860000610352,584.4799993896485,549.957099609375,-0.16594405965244774,29.844039243942092,-11.48917646129496,-10.214275058178941,-1.2749014031160186,588.936392956568,552.6860000610352,516.4356071655023,-0.3306945634978034,-52898000,bull,hold
2024-03-18,513.8599853515625,515.72998046875,495.54998779296875,495.54998779296875,7052700,551.0460006713868,583.4161993408203,550.4374494934082,-0.06000071233365534,37.24807862755566,-13.793402228813193,-10.930100492305792,-2.8633017365074007,591.0155125104455,551.0460006713868,511.076488832328,0.034820246622507475,-45845300,bull,hold
2024-03-19,521.1900024414062,522.6799926757812,508.989990234375,509.8900146484375,7081800,550.0100021362305,582.5479998779297,550.9096495056152,-0.03823507912743074,39.59944912255728,-14.856786840313589,-11.715437761907351,-3.141349078406238,591.9009490228873,550.0100021362305,508.1190552495737,0.15601159872559403,-38763500,bull,hold
2024-03-20,519.1400146484375,523.8699951171875,512.5,523.2899780273438,4239600,549.0410018920899,581.319800415039,551.3234996032714,-0.03598752911671077,39.157532513043115,-15.684146609557047,-12.509179531437292,-3.1749670781197548,592.804946762438,549.0410018920899,505.27705702174177,0.15838331836589595,-43003100,bull,hold
2024-03-21,511.25,519.72998046875,506.20001220703125,517.5999755859375,5206600,547.725001525879,579.8208001708985,551.7088496398926,-0.048961078493251264,37.42636136693048,-16.783029117420256,-13.363949448633885,-3.4190796687863703,594.2832517538005,547.725001525879,501.16675129795743,0.10828637945671249,-48209700,bull,hold
2024-03-22,499.5199890136719,511.5899963378906,496.6700134277344,509.07000732421875,5413600,545.0290008544922,577.9905993652344,552.0419995117187,-0.0974270258562363,34.95232515295028,-18.388444732263224,-14.368848505359754,-4.01959622690347,595.9878998317345,545.0290008544922,494.0701018772499,0.053473360353172475,-53623300,bull,hold
2024-03-25,507.2300109863281,510.6300048828125,496.69000244140625,496.7900085449219,4277000,542.3665023803711,576.1853997802734,552.4865495300293,-0.09500779927569758,37.85997272401553,-18.82164957533564,-15.259408719354932,-3.5622408559807095,595.342534369155,542.3665023803711,489.39047039158714,0.16837369584907716,-49346300,bull,hold
2024-03-26,507.6000061035156,512.7899780273438,503.5899963378906,508.05999755859375,2813300,540.1220031738281,574.4066003417969,552.8293995666504,-0.08125031208586486,38.00319295567544,-18.91704806611142,-15.99093658870623,-2.9261114774051897,594.9631711950478,540.1220031738281,485.2808351526084,0.2034892012353863,-46533000,bull,hold
2024-03-27,504.3999938964844,516.8599853515625,499.70001220703125,515.469970703125,4228400,537.7510025024415,572.5410003662109,553.0813995361328,-0.08593384219190336,37.2045200270506,-19.031483207125007,-16.599045912389986,-2.4324372947350206,594.4335471025067,537.7510025024415,481.0684579023761,0.20580882667431782,-50761400,bull,hold
2024-03-28,504.6000061035156,509.0,500.260009765625,508.1199951171875,3897000,534.9670013427734,570.7110009765624,553.2312495422364,-0.09937891818709865,37.29322600464873,-18.88830197964171,-17.056897125840333,-1.8314048538013772,592.4143208215595,534.9670013427734,477.51968186398733,0.23569702194310743,-46864400,bull,hold
2024-04-01,502.0899963378906,506.9200134277344,499.30999755859375,504.989990234375,2056000,531.5250015258789,568.8788006591797,553.3467495727539,-0.12057519699614616,36.59459944448794,-18.76110034990097,-17.397737770652462,-1.3633625792485091,588.1846627217801,531.5250015258789,474.8653403299777,0.24024725380710865,-48920400,bull,hold
2024-04-02,499.2099914550781,500.75,491.3399963378906,494.3999938964844,3083300,528.0885009765625,566.6320007324218,553.4451495361328,-0.12101632336316881,35.766664754476935,-18.677383219247076,-17.653666860371388,-1.0237163588756886,583.8264645164346,528.0885009765625,472.3505374366904,0.24094398424849023,-52003700,bull,hold
2024-04-03,497.010009765625,498.8599853515625,494.7099914550781,497.3599853515625,2604400,525.6970001220703,564.500400390625,553.4756495666504,-0.08778726733036402,35.11314408799146,-18.574442317531577,-17.837821951803427,-0.7366203657281503,582.4499319719695,525.6970001220703,468.9440682721712,0.24726424326132573,-54608100,bull,hold
2024-04-04,487.1099853515625,504.1099853515625,486.70001220703125,503.55999755859375,3403300,522.897998046875,562.2990002441406,553.4352995300293,-0.10307690941782677,32.25683913417366,-19.07186159488731,-18.084629880420202,-0.9872317144671072,581.4372642626522,522.897998046875,464.3587318310979,0.1943247241655109,-58011400,bull,hold
2024-04-05,485.1199951171875,490.0899963378906,481.2799987792969,488.8399963378906,4972700,519.3519989013672,559.8718005371094,553.4315995788575,-0.12754475525619258,31.69865807597155,-19.402980060573327,-18.348299916450827,-1.0546801441225,578.0231722575205,519.3519989013672,460.6808255452139,0.20827237784746355,-62984100,bull,hold
2024-04-08,484.2799987792969,486.9800109863281,477.2300109863281,484.7799987792969,3439200,515.9814987182617,557.1058001708984,553.4655995178223,-0.12218819149123306,31.451256524932433,-19.50829503288753,-18.580298939738167,-0.927996093149364,574.5794956206466,515.9814987182617,457.3835018158768,0.22950013981045653,-66423300,bull,hold
2024-04-09,492.54998779296875,493.30999755859375,483.30999755859375,486.0,2547500,512.5879989624024,554.6782000732422,553.5404495239258,-0.1211055943522058,36.69021106210009,-18.708775787508728,-18.60599430929228,-0.10278147821644623,568.288207615455,512.5879989624024,456.8877903093497,0.32012624679516855,-63875800,bull,hold
2024-04-10,487.2200012207031,491.7699890136719,480.2799987792969,489.3900146484375,2487900,507.99199829101565,551.8180004882812,553.5529495239258,-0.1587181184217321,34.84198986398228,-18.29435051227864,-18.543665549889553,0.24931503761091278,555.5408495791147,507.99199829101565,460.44314700291665,0.2815720410945915,-66363700,bear,death_cross
2024-04-11,484.2799987792969,488.6700134277344,479.739990234375,487.3599853515625,2978500,503.528498840332,548.9444000244141,553.5767994689942,-0.15564465332339117,33.82969263401806,-17.99570582744093,-18.43407360539983,0.43836777795890214,541.3977969074185,503.528498840332,465.6592007732455,0.24585612826865846,-69342200,bear,hold
2024-04-12,474.0899963378906,478.7799987792969,468.6000061035156,477.95001220703125,5621900,498.710498046875,546.0705993652343,553.5008995056153,-0.1689192984611052,30.5199089384093,-18.369523367951672,-18.4211635579102,0.0516401899585297,523.5873649149153,498.710498046875,473.8336311788347,0.005152681815113825,-74964100,bear,hold
2024-04-15,470.1000061035156,478.5199890136719,468.3500061035156,477.0199890136719,3353200,497.5924987792969,542.914400024414,553.4392495727539,-0.0454046739624373,29.31067692334139,-18.771350880006196,-18.491201022329403,-0.28014985767679335,525.336995513575,497.5924987792969,469.84800204501886,0.004541514321026006,-78317300,bear,hold
2024-04-16,476.2200012207031,478.9800109863281,468.489990234375,470.0,2660100,495.7104995727539,539.7435998535157,553.4014996337891,-0.07324949442231354,33.652901345432085,-18.38404973759509,-18.469770765382542,0.08572102778745005,523.888858671312,495.7104995727539,467.5321404741958,0.15415838651427882,-75657200,bear,hold
2024-04-17,474.45001220703125,481.0199890136719,472.69000244140625,477.30999755859375,2034800,493.37350006103514,536.6226000976562,553.3287997436523,-0.08967936839814894,33.02113766798439,-18.01229953608339,-18.378276519522714,0.3659769834393245,520.4425655405648,493.37350006103514,466.3044345815054,0.1504591584753033,-77692000,bear,hold
2024-04-18,473.17999267578125,477.6099853515625,471.8299865722656,476.760009765625,2389700,491.0754989624023,533.9433996582031,553.2686497497558,-0.08853107191858534,32.54897250971409,-17.617085984274127,-18.226038412473,0.6089524281988723,516.7734359038162,491.0754989624023,465.37756202098836,0.15181044829748086,-80081700,bear,hold
2024-04-19,465.0199890136719,476.5799865722656,463.0899963378906,476.5400085449219,3282100,488.7639984130859,530.9267999267578,553.157449645996,-0.09042544936201102,29.618549423635017,-17.75762168756313,-18.132355067491027,0.37473337992789624,515.0962532576941,488.7639984130859,462.4317435684777,0.04914591364218342,-83363800,bear,hold
2024-04-22,466.8900146484375,471.5,462.2799987792969,470.2200012207031,2604300,487.1324996948242,527.9474005126954,553.0854496765137,-0.06532265991930364,31.148399847712113,-17.516186114573827,-18.00912127690759,0.49293516233376167,514.6151571230619,487.1324996948242,459.6498422665865,0.13172256723638204,-80759500,bear,hold
2024-04-23,472.8999938964844,474.80999755859375,467.8299865722656,469.7200012207031,2205800,485.415998840332,524.8611999511719,553.0235997009278,-0.0676813602237133,35.96580123406889,-16.64798398928707,-17.736893819383486,1.0889098300964157,511.93470564932824,485.415998840332,458.8972920313358,0.2640155488351021,-78553700,bear,hold
2024-04-24,477.1199951171875,478.57000732421875,471.7300109863281,472.94000244140625,2338000,483.8919982910156,522.1667993164062,552.9274496459961,-0.060047302245525014,39.18349381967414,-15.44140975968395,-17.277797007443578,1.8363872477596281,508.5758026985319,483.8919982910156,459.20819388349935,0.3628249709399327,-76215700,bear,hold
2024-04-25,473.44000244140625,474.5,465.7799987792969,468.4100036621094,2250900,482.34399871826173,519.5977990722656,552.7709497070313,-0.06137984105811056,37.41774376735026,-14.613678257525237,-16.74497325745991,2.131294999934674,505.52671331377,482.34399871826173,459.16128412275344,0.3079604474236021,-78466600,bear,hold
2024-04-26,477.55999755859375,482.7900085449219,471.69000244140625,472.30999755859375,2460300,480.99199829101565,517.0557995605469,552.6219497680664,-0.05358701588952175,40.64277616139069,-13.46997244725452,-16.089973095418834,2.6200006481643143,501.86394108195725,480.99199829101565,460.12005550007405,0.4177843489032707,-76006300,bear,hold
2024-04-29,473.07000732421875,481.67999267578125,471.07000732421875,478.0400085449219,2954700,479.540998840332,514.7083996582031,552.4008996582031,-0.05779838121718395,38.324864545316984,-12.778578541126478,-15.427694184560364,2.649115643433886,498.2691296093974,479.540998840332,460.8128680712666,0.32723872457143816,-78961000,bear,hold
2024-04-30,462.8299865722656,475.4200134277344,462.4599914550781,472.0,3222600,477.7219985961914,513.0317999267578,552.1408995056153,-0.07287515375398124,33.61615722725868,-12.908131084445358,-14.923781564537364,2.015650480092006,495.4979814567642,477.7219985961914,459.9460157356186,0.08111986997477671,-82183600,bear,hold
2024-05-01,469.3900146484375,477.760009765625,460.3599853515625,461.1199951171875,2490200,476.340998840332,511.58140075683593,551.8778495788574,-0.0555723115721799,38.80341467148775,-12.339224072884406,-14.406870066206775,2.067645993322369,492.08380169380524,476.340998840332,460.5981959868588,0.279232953096374,-79693400,bear,hold
2024-05-02,476.57000732421875,477.1600036621094,468.29998779296875,474.29998779296875,2516400,475.81399993896486,510.3424005126953,551.5995497131348,-0.021637778621468207,43.96450666323748,-11.180118319629003,-13.761519716891222,2.581401397262219,490.76529437110287,475.81399993896486,460.86270550682684,0.52528233888662,-77177000,bear,hold
2024-05-03,486.17999267578125,487.489990234375,477.57000732421875,482.2699890136719,2833200,475.8669998168945,509.3146002197266,551.3945997619629,0.0021850213746348324,50.03798844953491,-9.3779697576133,-12.884809725035637,3.506839967422337,490.956745377399,475.8669998168945,460.77725425639005,0.8417218937700217,-74343800,bear,hold
2024-05-06,493.5899963378906,495.44000244140625,488.0,490.1000061035156,2104000,476.3324996948242,508.11760009765624,551.2781497192383,0.01922441063446989,54.1634002562856,-7.2680471475738955,-11.76145720954329,4.493410061969394,492.9306583687171,476.3324996948242,459.7343410209313,1.0198617805181784,-72239800,bear,hold
2024-05-07,492.2699890136719,496.760009765625,489.1400146484375,492.510009765625,2518300,476.31849975585936,506.7534002685547,551.1383497619629,-0.0005684677418255069,53.31880162509717,-5.637446859046747,-10.536655139443981,4.899208280397234,492.8623027190703,476.31849975585936,459.7746967926484,0.9820986230700522,-74758100,bear,hold
2024-05-08,488.1000061035156,495.80999755859375,486.9200134277344,489.9700012207031,2165000,476.3625,505.4656005859375,550.9595498657227,0.0018061756098020076,50.6327251528728,-4.628314821164224,-9.354987075788031,4.726672254623807,493.0262902028916,476.3625,459.69870979710845,0.8521859661158864,-76923100,bear,hold
2024-05-09,482.6499938964844,490.44000244140625,481.6499938964844,489.4100036621094,2301600,476.2809997558594,504.0822003173828,550.7460997009277,-0.0033658315167283126,47.280249475028576,-4.219698787245477,-8.32792941807952,4.1082306308340435,492.8044525815383,476.2809997558594,459.75754693018047,0.6927258850743044,-79224700,bear,hold
2024-05-10,482.2900085449219,489.4800109863281,480.29998779296875,483.5,2741100,476.6910003662109,502.52239990234375,550.5847998046875,0.017296319834572138,47.05861083680704,-3.8801870646447014,-7.438380947392557,3.5581938827478554,493.3827237466884,476.6910003662109,459.99927698573345,0.6677180974991331,-81965800,bear,hold
2024-05-13,483.1099853515625,490.1600036621094,481.7099914550781,486.239990234375,2458200,477.3414993286133,500.76599975585935,550.4304998779297,0.02767491827086266,47.66047284699635,-3.5045579405428953,-6.651616346022625,3.14705840547973,493.9689906121561,477.3414993286133,460.71400804507044,0.6734623078304848,-79507600,bear,hold
2024-05-14,475.95001220703125,481.79998779296875,466.4800109863281,480.4100036621094,4287800,477.3279998779297,498.9261999511719,550.1658999633789,-0.0005669417768674467,43.05743772195243,-3.7414895848640413,-6.069590993790909,2.3281014089268677,493.9595492081729,477.3279998779297,460.6964505476865,0.45857308169141275,-83795400,bear,hold
2024-05-15,485.3500061035156,489.6099853515625,476.6099853515625,480.760009765625,3491600,477.8729995727539,497.7363995361328,549.8618000793457,0.022973956404342966,49.89869387488361,-3.1346246696141407,-5.482597728955556,2.347973059341415,494.8032768482382,477.8729995727539,460.94272229726954,0.7208176041389682,-80303800,bear,hold
2024-05-16,482.8800048828125,486.2300109863281,481.3900146484375,484.70001220703125,2562900,478.35800018310545,496.5321990966797,549.5307002258301,0.020499624576640896,48.25801867622383,-2.820475620632692,-4.950173307290983,2.1296976866582913,495.2784772433009,478.35800018310545,461.43752312290997,0.6336252129186366,-82866700,bear,hold
2024-05-17,483.42999267578125,485.8800048828125,481.5199890136719,483.32000732421875,2260900,479.27850036621095,495.07999938964844,549.2963502502441,0.039589703877370486,48.66278678802121,-2.498331605944429,-4.459804967021673,1.9614733610772435,495.1680495975196,479.27850036621095,463.3889511349023,0.6306359371539072,-80605800,bear,hold
2024-05-20,484.69000244140625,485.3699951171875,478.32000732421875,483.0,1881100,480.1684997558594,493.73999938964846,549.101000213623,0.03812458445137645,49.63485967145071,-2.1169549566551495,-3.9912349649483683,1.8742800082932187,495.15086720516325,480.1684997558594,465.1861323065555,0.650894132747924,-78724700,bear,hold
2024-05-21,481.8500061035156,487.5,477.1199951171875,481.19000244140625,1915800,480.6160003662109,492.1685998535156,548.8758502197265,0.018925803177300082,47.453807015233,-2.0205831591615606,-3.5971046037910073,1.5765214446294467,495.23344078629776,480.6160003662109,465.9985599461241,0.5422100484708994,-80640500,bear,hold
2024-05-22,483.92999267578125,485.6700134277344,479.1400146484375,483.9700012207031,1875800,480.9565002441406,490.2643994140625,548.6468502807617,0.014273133862103382,49.21396282397334,-1.75612674613933,-3.228909032260672,1.4727822861213422,495.54957744645293,480.9565002441406,466.3634230418283,0.6018802405557574,-78764700,bear,hold
2024-05-23,483.30999755859375,491.67999267578125,478.69000244140625,488.3800048828125,2219900,481.45,488.459599609375,548.460400390625,0.020847404246135737,48.69040379427745,-1.5783770102862604,-2.89880262786579,1.3204256175795295,495.65535026934015,481.45,467.24464973065983,0.5654682047020076,-80984600,bear,hold
2024-05-24,475.42999267578125,485.3800048828125,473.8999938964844,481.25,3085600,481.3434997558594,486.55919921875,548.2686502075195,-0.004460182791066303,42.501615133143325,-2.0497315724458076,-2.7289884167817937,0.6792568443359861,495.69509482067826,481.3434997558594,466.99190469104053,0.2939773574515641,-84070200,bear,hold
2024-05-28,478.42999267578125,478.6700134277344,469.6000061035156,473.010009765625,2575300,481.6114990234375,486.2785992431641,548.0816500854493,0.011330215969259427,45.349583765627976,-2.1563514536541106,-2.6144610241562574,0.45810957050214673,495.52870261369566,481.6114990234375,467.6942954331793,0.3856987926122154,-81494900,bear,hold
2024-05-29,477.6000061035156,482.7900085449219,472.6000061035156,472.7799987792969,2214800,482.35,485.55339965820315,547.9274000549317,0.031912408356764566,44.69006817231433,-2.2815214979307257,-2.547873118911151,0.26635162098042553,493.4934462399105,482.35,471.20655376008955,0.28687051589694934,-83709700,bear,hold
2024-05-30,445.8699951171875,466.82000732421875,444.8399963378906,464.8999938964844,5604400,481.1739990234375,484.04699951171875,547.5455000305176,-0.05010762648810496,27.953370208633558,-4.884757919017773,-3.0152500789324757,-1.869507840085297,499.91460702055775,481.1739990234375,462.4333910263172,-0.44191191426860066,-89314100,bear,hold
2024-05-31,444.760009765625,448.2300109863281,433.9700012207031,447.7200012207031,7487500,479.5834991455078,482.5593994140625,547.1758000183105,-0.06674779585311352,27.564468286703686,-6.957209696700431,-3.8036420024860673,-3.153567694214364,504.1201656565738,479.5834991455078,455.0468326344418,-0.2096214427533878,-96801600,bear,hold
2024-06-03,439.0199890136719,449.8399963378906,436.5799865722656,447.5799865722656,3967700,477.22549896240236,481.11479919433594,546.798450012207,-0.09700111969346081,25.582359828497545,-8.959534429266284,-4.83482048784211,-4.124713941424174,507.22856996330626,477.22549896240236,447.22242796149845,-0.13669332295316478,-100769300,bear,hold
2024-06-04,448.3699951171875,450.1199951171875,441.5899963378906,442.82000732421875,3183600,474.96449890136716,480.09179931640625,546.4819499206543,-0.09161450101542867,33.91808743819614,-9.68033497866827,-5.803923386007343,-3.8764115926609275,506.4717115667719,474.96449890136716,443.45728623596244,0.07796165489782071,-97585700,bear,hold
2024-06-05,455.79998779296875,458.6000061035156,448.3699951171875,449.19000244140625,3295000,473.14099884033203,479.0631988525391,546.2202998352051,-0.07408536379350605,39.69847661036872,-9.542041577668272,-6.551547024339529,-2.990494553328743,504.6523228311139,473.14099884033203,441.62967484955016,0.22484477243107728,-94290700,bear,hold
2024-06-06,458.1300048828125,467.8500061035156,456.8699951171875,457.70001220703125,3235000,471.6424987792969,478.073798828125,545.9086000061035,-0.0614013539150563,41.42874861836314,-9.139080523248595,-7.069053724121343,-2.070026799127252,503.0159451659926,471.6424987792969,440.26905239260117,0.28465078828230805,-91055700,bear,hold
2024-06-07,465.42999267578125,468.92999267578125,458.1300048828125,458.1300048828125,2684200,470.78149871826173,477.2943988037109,545.6383500671386,-0.03567803053654728,46.59869109526873,-8.136886021079022,-7.282620183512879,-0.8542658375661425,501.84295249017526,470.78149871826173,439.7200449463482,0.41385615622216254,-88371500,bear,hold
2024-06-10,459.94000244140625,462.2300109863281,451.510009765625,453.8399963378906,3209700,469.66399841308595,476.40119873046876,545.2844999694825,-0.04634142467712743,43.48968487946163,-7.696910791396817,-7.365478305089668,-0.3314324863071496,500.5967824991425,469.66399841308595,438.7312143270294,0.3428205501220475,-91581200,bear,hold
2024-06-11,462.69000244140625,462.739990234375,455.5,456.9100036621094,2723700,468.64299926757815,475.6131988525391,545.0358000183105,-0.042267772410658155,45.45288888868798,-7.045113551145619,-7.301405354300858,0.25629180315523925,499.0771213233685,468.64299926757815,438.2088772117878,0.4021986437581614,-88857500,bear,hold
2024-06-12,459.8699951171875,471.1199951171875,459.1600036621094,470.0,3647400,467.83899841308596,474.82639892578123,544.7098500061035,-0.033785096496329436,43.77350027369342,-6.679117852582749,-7.176947853957237,0.49783000137448763,498.3080769773572,467.83899841308596,437.36991984881473,0.36922802277908223,-92504900,bear,hold
2024-06-13,458.739990234375,462.3900146484375,453.5,457.8699951171875,8558000,466.5084976196289,474.0609985351563,544.3539500427246,-0.05482644593490582,43.08651745829189,-6.406396622393686,-7.022837607644528,0.6164409852508417,496.11449584651797,466.5084976196289,436.9024993927398,0.36880179945768077,-101062900,bear,hold
2024-06-14,525.3099975585938,534.4500122070312,521.8800048828125,530.25,14846600,468.62999725341797,474.8249987792969,544.2776499938965,0.08786860554741405,71.48158645478047,-0.8092908392891331,-5.780128253973449,4.970837414684316,507.31371627352536,468.62999725341797,429.9462782333106,1.2326079516257746,-86216300,bear,hold
2024-06-17,518.739990234375,525.9400024414062,505.3800048828125,525.510009765625,7163800,470.39549713134767,475.4973986816406,544.1445500183105,0.0730405603573605,67.88198646023179,3.061025538581987,-4.011897495462362,7.072923034044349,514.4676704877941,470.39549713134767,426.32332377490127,1.048469583199668,-93380100,bear,hold
2024-06-18,522.25,530.3699951171875,513.1300048828125,514.7100219726562,4225900,472.2734970092773,476.25679870605467,543.9590998840332,0.07749282504157762,68.78632718371479,6.338441992136836,-1.9418295979425224,8.280271590079359,521.5194130565376,472.2734970092773,423.027580962017,1.0074177414301857,-89154200,bear,hold
2024-06-20,522.9500122070312,533.22998046875,520.4000244140625,527.6699829101562,5752400,474.3284973144531,476.86479919433594,543.7577998352051,0.08529626560736436,68.97395267131556,8.889826888307482,0.22450169930747843,8.665325189000004,528.2130783701499,474.3284973144531,420.4439162587563,0.9511635234049739,-83401800,bear,hold
2024-06-21,533.4400024414062,535.0,524.719970703125,530.3099975585938,6568300,476.8039978027344,477.78919921875,543.600599822998,0.10230820679633967,71.71753716172957,11.624274938040287,2.50445634705404,9.119818590986247,536.4649727354162,476.8039978027344,417.1430228700526,0.9746486686026912,-76833500,bear,hold
2024-06-24,524.1699829101562,534.5800170898438,523.47998046875,532.0999755859375,3067800,478.8469970703125,478.58699890136717,543.4117497253418,0.0845419824914937,66.15060466220478,12.89468965897862,4.582503009438956,8.312186649539665,541.9578380436623,478.8469970703125,415.73615609696276,0.8590744881610957,-79901300,bear,hold
2024-06-25,526.8800048828125,529.6799926757812,522.239990234375,526.2000122070312,3128600,481.41949768066405,479.64279907226563,543.2438496398926,0.10821785120762772,66.95808624907632,13.959264886490018,6.457855384849169,7.5014095016408495,547.869523977868,481.41949768066405,414.96947138346013,0.8420653815757883,-76772700,bear,hold
2024-06-26,528.6599731445312,530.6599731445312,526.010009765625,528.5800170898438,2931700,483.9309967041016,480.8139984130859,543.0853495788574,0.10498919640848992,67.50636838377977,14.77624562537261,8.121533432953857,6.654712192418753,553.4645897501667,483.9309967041016,414.3974036580364,0.8216357337581942,-73841000,bear,hold
2024-06-27,546.760009765625,549.1599731445312,532.0999755859375,533.2100219726562,4734100,487.38899688720704,482.22479858398435,542.9966496276855,0.1448073760014139,72.50298794856916,16.691817551531756,9.835590256669438,6.856227294862318,562.0118498807134,487.38899688720704,412.76614389370076,0.8978071763323254,-69106900,bear,hold
2024-06-28,555.5399780273438,558.47998046875,548.010009765625,549.7000122070312,5084500,492.8724960327148,483.84659790039063,543.063299407959,0.24596852022153182,74.54757398817175,18.702797952716196,11.609031795878789,7.0937661568374075,570.5412856579703,492.8724960327148,415.20370640745926,0.9034276979015223,-64022400,bear,hold
2024-07-01,560.010009765625,561.2100219726562,549.72998046875,551.3699951171875,3070200,498.63499603271487,485.5831982421875,543.0955494689941,0.25912851306198426,75.54457907355781,20.421798827892076,13.371585202281445,7.050213625610631,578.247445686895,498.63499603271487,419.0225463785347,0.8854611558839751,-60952200,bear,hold
2024-07-02,567.7100219726562,570.1400146484375,560.0,560.0,3054500,505.0694976806641,487.6369989013672,543.1732997131347,0.29313023593323617,77.20128010639473,22.15011332122174,15.127290826069505,7.022822495152234,585.1695159294395,505.0694976806641,424.96947943188866,0.891014419606264,-57897700,bear,hold
2024-07-03,570.1500244140625,571.8300170898438,564.0,564.2899780273438,1664400,511.1584991455078,489.7021990966797,543.3795997619629,0.271606107953424,77.716434273733,23.446426998544098,16.791118060564425,6.655308937979672,591.6062302626057,511.1584991455078,430.7107680284099,0.8666450529393303,-56233300,bear,hold
2024-07-05,578.3400268554688,580.5499877929688,568.9199829101562,570.9099731445312,2808600,517.2855010986328,491.81099975585937,543.6091999816895,0.26884607798225635,79.39907690916559,24.84819515133279,18.402533478718098,6.4456616726146905,598.5962347529883,517.2855010986328,435.97476744427746,0.8754395207917639,-53424700,bear,hold
2024-07-08,575.4000244140625,576.75,563.9199829101562,573.1799926757812,3007400,523.1490020751953,493.7766003417969,543.7777500915528,0.25597541807209745,77.14704347793817,25.42874612868934,19.80777600871235,5.620970119976992,603.4577677868465,523.1490020751953,442.84023636354414,0.8253133196348367,-56432100,bear,hold
2024-07-09,566.02001953125,575.010009765625,562.4600219726562,573.0499877929688,2167600,528.1785034179687,495.6282006835938,543.9289500427246,0.2161227863231836,70.29638340131383,24.845544982078422,20.815329803385566,4.030215178692856,605.9576930089808,528.1785034179687,450.3993138269567,0.7432624736273553,-58599700,bear,hold
2024-07-10,564.5499877929688,566.9299926757812,558.2100219726562,564.7100219726562,2368400,533.4090026855469,497.36800048828127,544.1822999572754,0.22744267686281372,69.25839174057043,23.988213403963982,21.44990652350125,2.5383068804627307,606.0275142036479,533.4090026855469,460.7904911674458,0.7144149229749747,-60968100,bear,hold
2024-07-11,557.6300048828125,572.6199951171875,557.0900268554688,564.0,3189200,538.1560028076171,499.05920043945315,544.4059498596191,0.20519138503198842,64.43507053399469,22.49112349205018,21.65814991721104,0.8329735748391371,603.7335002045953,538.1560028076171,472.5785054106389,0.6484808268704437,-64157300,bear,hold
2024-07-12,559.0499877929688,562.489990234375,552.3200073242188,555.0999755859375,2014000,543.1150024414062,500.98360046386716,544.6431997680664,0.2156696321326801,64.97411632830614,21.175155690739302,21.561551071916693,-0.38639538117739036,598.4649200300661,543.1150024414062,487.7650848527464,0.643947688142785,-62143300,bear,hold
2024-07-15,565.7100219726562,568.22998046875,560.22998046875,560.22998046875,1887800,548.4635040283204,502.9100006103516,544.9402499389648,0.2331822688569818,67.4648886523175,20.43409924888124,21.336060707309603,-0.9019614584283637,588.8053674546265,548.4635040283204,508.12164060201417,0.713754602286043,-60255500,bear,hold
2024-07-16,566.5399780273438,570.0999755859375,562.0800170898438,564.5999755859375,1539900,550.5250030517578,504.70940002441404,545.259949798584,0.07848695181962762,67.77245265798847,19.686839565191008,21.006216478885886,-1.319376913694878,590.1305789457018,550.5250030517578,510.91942715781386,0.7021808118441567,-58715600,bear,hold
2024-07-17,563.0900268554688,565.0,556.4600219726562,563.9299926757812,2316300,552.7425048828125,506.24760070800784,545.5520498657227,0.08549569621778286,65.02089456989776,18.601818470923035,20.52533687729332,-1.9235184063702846,589.8700006384564,552.7425048828125,515.6150091271685,0.6393511973007674,-61031900,bear,hold
2024-07-18,556.8499755859375,564.260009765625,556.0700073242188,564.1799926757812,2184700,554.4725036621094,507.51280029296873,545.7867997741699,0.06625174836943515,60.25567078157084,17.04196231606761,19.82866196504818,-2.7866996489805693,588.8802796769818,554.4725036621094,520.064727647237,0.5345484683869205,-63216600,bear,hold
2024-07-19,551.0,561.0900268554688,548.9600219726562,557.0499877929688,2601900,555.8750030517579,508.6874005126953,545.9361497497558,0.05363799051191909,56.10442848573078,15.158977677162284,18.894725107471004,-3.73574743030872,587.1752457819247,555.8750030517579,524.574760321591,0.42212515580495186,-65818500,bear,hold
2024-07-22,554.8200073242188,560.1900024414062,552.7100219726562,558.6500244140625,2391700,556.9440032958985,510.02180053710936,546.1750997924805,0.040079493073189365,58.13280622182911,13.815682858559853,17.878916657688773,-4.06323379912892,586.519177033329,556.9440032958985,527.368829558468,0.46409157236848975,-63426800,bear,hold
2024-07-23,546.010009765625,557.25,544.4400024414062,556.489990234375,2363900,558.0360046386719,511.2890008544922,546.3130499267578,0.04166592435189509,52.1478520695094,11.903008390780542,16.683735004307128,-4.780726613526586,584.0937135618242,558.0360046386719,531.9782957155196,0.2692430499451586,-65790700,bear,hold
2024-07-24,531.0399780273438,544.7100219726562,530.3499755859375,543.7999877929688,2630100,558.2440032958984,512.2640002441407,546.3860498046874,0.00789548494150294,43.880879769499344,9.074636878318074,15.161915379109317,-6.087278500791243,583.3527461350089,558.2440032958984,533.1352604567879,-0.041724160442243974,-68420800,bear,hold
2024-07-25,532.1500244140625,542.280029296875,527.5900268554688,536.7999877929688,2136500,558.418505859375,513.2448010253906,546.4133999633789,0.006601693804757058,44.58243295782942,6.84381233526301,13.498294770340056,-6.654482435077046,582.7385252088675,558.418505859375,534.0984865098826,-0.04005881055889804,-66284300,bear,hold
2024-07-26,542.4400024414062,545.5,533.3300170898438,535.3499755859375,2090000,558.202505493164,514.5746008300781,546.4791500854492,-0.007901103312348279,50.73109549294361,5.838876113281344,11.966411038928316,-6.127534925646971,583.0048264448186,558.202505493164,533.4001845415095,0.18223733814100426,-64194300,bear,hold
2024-07-29,536.6099853515625,544.2999877929688,535.1900024414062,544.2999877929688,1590600,557.256005859375,515.5998004150391,546.4986001586914,-0.0340749422624802,47.514479323582464,4.519920432330537,10.477112917608759,-5.957192485278222,583.7777187202306,557.256005859375,530.7342929985194,0.11077135899686222,-65784900,bear,hold
2024-07-30,538.7100219726562,543.6699829101562,530.9500122070312,541.8499755859375,1566900,556.1910064697265,516.7164007568359,546.442600402832,-0.03803501262751219,48.77442994166748,3.6025658209340463,9.102203498273816,-5.49963767733977,583.8702072247343,556.1910064697265,528.5118057147188,0.18422165343940441,-64218000,bear,hold
2024-07-31,551.6500244140625,555.5499877929688,543.77001953125,547.0499877929688,2776000,555.3880065917969,518.0808013916015,546.4027005004883,-0.02828908586603618,55.81322741114366,3.8750367239015304,8.056770143399358,-4.181733419497828,582.6119937941672,555.3880065917969,528.1640193894265,0.4313476356356631,-61442000,bear,hold
2024-08-01,546.4099731445312,561.97998046875,540.239990234375,549.989990234375,2075400,554.2010040283203,519.3152008056641,546.3909503173828,-0.04163825353498607,52.65778596666869,3.626341327530099,7.170684380225507,-3.5443430526954076,580.8101596280586,554.2010040283203,527.591848428582,0.3536024404347185,-63517400,bear,hold
2024-08-02,526.1699829101562,536.8400268554688,519.6799926757812,535.780029296875,2729100,551.5925018310547,520.2016003417968,546.2681002807617,-0.09020652474802715,42.63200536297068,1.7755825643539538,6.091664017051197,-4.316081452697243,578.4521215464191,551.5925018310547,524.7328821156904,0.026752068899244946,-66246500,bear,hold
2024-08-05,509.32000732421875,515.9000244140625,500.0,504.2300109863281,3432200,548.2885009765625,520.7094006347656,546.0142501831054,-0.11484187397651557,36.415876244283936,-1.0388342633868888,4.66556436096358,-5.7043986243504685,578.6497693414719,548.2885009765625,517.9272326116532,-0.1417468002980792,-69678700,bear,hold
2024-08-06,514.2000122070312,519.1599731445312,509.010009765625,513.6900024414062,2076300,545.6975006103515,521.3272009277343,545.7959002685546,-0.09155154506219332,39.181698190924344,-2.8427349866245777,3.1639044914459484,-6.006639478070526,578.3238266125583,545.6975006103515,513.0711746081448,0.017299489970309317,-67602400,bear,hold
2024-08-07,513.6199951171875,531.010009765625,512.8599853515625,520.9500122070312,1663700,543.1510009765625,522.0910009765626,545.5853002929688,-0.09021343331329279,38.964751686246856,-4.269920848332617,1.6771394234902353,-5.947060271822853,577.4037165477599,543.1510009765625,508.898285405365,0.06892460397786522,-69266100,bear,hold
2024-08-08,530.239990234375,531.0700073242188,519.5599975585938,520.5900268554688,2155100,541.7815002441406,523.1272009277344,545.5317001342773,-0.04911861701953002,47.87150412831275,-4.013614766552337,0.5389885854817209,-4.552603352034057,575.7985095752159,541.7815002441406,507.76449091306523,0.330356779788661,-67111000,bear,hold
2024-08-09,536.2999877929688,537.280029296875,528.02001953125,528.02001953125,1272600,540.6440002441407,524.3012005615234,545.5111502075196,-0.04069403541141825,50.69665282288151,-3.2836473500383363,-0.2255386016222906,-3.058108748416046,573.7853726076402,540.6440002441407,507.50262788064117,0.43446239335646475,-65838400,bear,hold
2024-08-12,530.9299926757812,538.0800170898438,525.77001953125,536.0399780273438,1450300,538.9049987792969,526.0024005126953,545.4680001831055,-0.061480313139221865,48.203598715303166,-3.1026907527157164,-0.8009690318409758,-2.3017217208747405,570.2014100321219,538.9049987792969,507.6085875264718,0.3725891278860972,-67288700,bear,hold
2024-08-13,535.219970703125,537.719970703125,527.9000244140625,530.9299926757812,3063900,537.338998413086,527.8115997314453,545.5383999633789,-0.055282960671677595,50.30603074849427,-2.583336872259224,-1.1574425999246256,-1.4258942723345984,565.968238701548,537.338998413086,508.70975812462393,0.4629918976436312,-64224800,bear,hold
2024-08-14,539.7899780273438,542.9199829101562,533.2000122070312,536.6199951171875,1915600,536.1739959716797,529.8269995117188,545.6659497070312,-0.041378905178346415,52.51711838940145,-1.782436958604876,-1.2824414716606758,-0.49999548694420026,562.3041097063419,536.1739959716797,510.04388223701744,0.5691918545089869,-62309200,bear,hold
2024-08-15,554.1599731445312,557.219970703125,545.010009765625,545.1900024414062,2182400,536.0394958496094,531.9427990722656,545.896149597168,-0.004830748961739184,58.73457795040319,0.011685797436712164,-1.0236160178411982,1.0353018152779103,561.7671139093067,536.0394958496094,510.31187778991205,0.8521600261026087,-60126800,bear,hold
2024-08-16,553.4600219726562,554.760009765625,547.7999877929688,552.3499755859375,1541600,536.1624969482422,533.8959997558594,546.0287496948242,0.004464649678141974,58.333902493221096,1.3613677971781044,-0.5466192548373376,1.907987052015442,562.1967325455971,536.1624969482422,510.12826135088716,0.8322072768322705,-61668400,bear,hold
2024-08-19,563.1199951171875,563.77001953125,550.5900268554688,550.5900268554688,1423300,536.5774963378906,535.9957995605469,546.1840496826172,0.01495978458491054,62.169506414021654,3.173892944719455,0.1974831850740209,2.976409759645434,564.0149402418834,536.5774963378906,509.1400524338977,0.9836911716735082,-60245100,bear,hold
2024-08-20,562.25,568.1799926757812,559.6099853515625,564.47998046875,1219600,537.3894958496094,537.9321997070313,546.2727996826172,0.02974302658177641,61.61934065877008,4.488391464701635,1.055664840999544,3.4327266237020915,566.786723305612,537.3894958496094,507.9922683936067,0.922837564998232,-61464700,bear,hold
2024-08-21,565.7899780273438,566.5999755859375,557.9099731445312,562.1300048828125,1401700,539.1269958496093,540.04919921875,546.3081994628906,0.06543763452440232,63.05210343186471,5.749510871829557,1.9944340471655466,3.7550768246640103,570.834653589822,539.1269958496093,507.4193381093967,0.9204502015915162,-60063000,bear,hold
2024-08-22,557.4400024414062,572.0,555.6500244140625,567.0700073242188,1627700,540.3914947509766,541.94419921875,546.277099609375,0.047524150835452694,57.59093800158071,6.005950977432462,2.79673743321893,3.2092135442135326,572.8925308188927,540.3914947509766,507.89045868306044,0.7622763725870778,-61690700,bear,hold
2024-08-23,558.2999877929688,566.52001953125,552.5,565.4500122070312,2023500,541.1844940185547,543.9127990722657,546.2413494873047,0.029238229629415358,57.994474394759855,6.207024524369331,3.47879485144901,2.7282296729203206,574.6076222681655,541.1844940185547,507.76136576894385,0.756042666721559,-59667200,bear,hold
2024-08-26,559.4400024414062,560.260009765625,555.030029296875,555.030029296875,1387500,542.3259948730469,545.9267993164062,546.1125494384765,0.04254489799493122,58.557430811369144,6.384766796353347,4.059989240429878,2.324777555923469,576.5949443292703,542.3259948730469,508.0570454168234,0.7497013745668144,-58279700,bear,hold
2024-08-27,567.8200073242188,569.52001953125,554.3400268554688,554.4000244140625,1404400,543.781494140625,546.7769995117187,546.0250994873047,0.05403646519321681,62.53247432552745,7.119753104982806,4.671942013340463,2.4478110916423423,579.7434304974224,543.781494140625,507.8195577838276,0.8342216190070374,-56875300,bull,golden_cross
2024-08-28,560.5399780273438,569.5900268554688,557.6699829101562,568.219970703125,1289700,544.2259918212891,547.6129992675782,545.9390994262695,0.016115205691731305,57.38311852120361,7.033717213645787,5.144297053401528,1.8894201602442582,580.7808431611778,544.2259918212891,507.67114048140036,0.7231439276604691,-58165000,bull,hold
2024-08-29,569.6300048828125,578.4000244140625,567.0499877929688,567.0499877929688,1955600,545.3869934082031,548.5605993652343,545.801149597168,0.04249562211438507,61.63163496668378,7.611284202195179,5.637694483160259,1.97358971903492,583.5836461252156,545.3869934082031,507.19034069119067,0.8173447115146257,-56209400,bull,hold
2024-08-30,574.4099731445312,575.6500244140625,568.2899780273438,572.2000122070312,1983000,547.7989929199218,549.5897985839844,545.7214993286133,0.09168138016457705,63.681959353857934,8.358363679034028,6.181828322335013,2.1765353566990147,586.9183140319323,547.7989929199218,508.6796718079114,0.8401257929350838,-54226400,bull,hold
2024-09-03,571.0399780273438,586.7000122070312,566.7899780273438,576.2999877929688,2757900,550.8849914550781,550.3417980957031,545.5550491333008,0.12118112348929544,61.19892889344502,8.579598830410873,6.661382423950186,1.9182164064606875,586.9977308649658,550.8849914550781,514.7722520451904,0.7790564618139606,-56984300,bull,hold
2024-09-04,575.25,578.8599853515625,565.760009765625,568.8699951171875,1615800,553.9374908447265,551.3633984375,545.4547491455078,0.11872809479512103,63.132876304587924,8.991000216568636,7.127305982473876,1.8636942340947602,587.3505440632539,553.9374908447265,520.5244376261992,0.8189248976423351,-55368500,bull,hold
2024-09-05,567.9299926757812,573.3900146484375,562.530029296875,570.75,1573600,556.6529907226562,552.1843981933594,545.2840991210937,0.10573964813461445,57.74375675799071,8.626929490782231,7.427230684135548,1.1996988066466834,584.9548333514743,556.6529907226562,528.3511480938381,0.6992273453892064,-56942100,bull,hold
2024-09-06,563.4099731445312,573.3099975585938,558.0,570.9000244140625,2096800,558.311489868164,552.8793981933594,545.0878491210938,0.06255654707502267,54.64203669372449,7.882804948248349,7.518345536958108,0.36445941129024106,583.9940493561688,558.311489868164,532.6289303801592,0.5992596411340643,-59038900,bull,hold
2024-09-09,569.8800048828125,574.5700073242188,564.4400024414062,567.6900024414062,1997100,559.9904907226562,553.3417980957031,544.8737490844727,0.06261424175681096,58.11062110660712,7.726096742214281,7.559895778009343,0.16620096420493802,584.0359175141467,559.9904907226562,535.9450639311657,0.7056423087415549,-57041800,bull,hold
2024-09-10,574.47998046875,577.7999877929688,567.1400146484375,576.75,2030100,562.1679901123047,553.7205981445312,544.6911990356446,0.08202585725753697,60.42761428578503,7.8822225905847745,7.62436114052443,0.25786145006034467,582.9598897006348,562.1679901123047,541.3760905239745,0.7960766115702985,-55011700,bull,hold
2024-09-11,580.3800048828125,581.239990234375,559.3499755859375,573.010009765625,2681000,564.425991821289,554.127998046875,544.494499206543,0.08437658654694857,63.23641937312801,8.385374731705383,7.776563858760621,0.6088108729447619,582.6744204661022,564.425991821289,546.1775631764758,0.9371338862115707,-52330700,bull,hold
2024-09-12,586.5499877929688,587.75,572.97998046875,581.4500122070312,5506600,566.7639923095703,554.5047973632812,544.330099182129,0.0866263022083309,65.95764064471155,9.176214792576388,8.056494045523774,1.1197207470526145,583.7241741273432,566.7639923095703,549.8038104917974,1.0833072928105152,-46824100,bull,hold
2024-09-13,536.8699951171875,540.27001953125,526.5999755859375,532.5700073242188,10423500,565.8994934082032,553.8391967773438,543.9180990600586,-0.031200337204495887,40.1729464496081,5.728170241713997,7.590829284761819,-1.862659043047822,586.6748703649555,565.8994934082032,545.1241164514508,-0.19865154195386636,-57247600,bull,hold
2024-09-16,521.5,537.6900024414062,521.260009765625,537.4000244140625,5248200,564.3014923095703,552.7023962402344,543.4089990234374,-0.05774585463055404,35.5434538927268,1.7353360658300971,6.419730640975475,-4.684394575145378,592.3142888624332,564.3014923095703,536.2886957567075,-0.2639632163964749,-62495800,bull,hold
2024-09-17,515.030029296875,527.0999755859375,514.5800170898438,524.2899780273438,5164100,561.8969940185547,551.4949963378906,542.8971990966797,-0.08539914447595631,33.77880907105833,-1.9288517470441775,4.750014163371545,-6.678865910415722,597.2077083832521,561.8969940185547,526.5862796538572,-0.1636365981954729,-67659900,bull,hold
2024-09-18,508.1300048828125,517.5800170898438,506.489990234375,517.010009765625,3997300,559.1909942626953,550.3371960449218,542.3827990722656,-0.09625610514395289,31.956627637137345,-5.328102246035655,2.7343908814901052,-8.06249312752576,601.5668094375142,559.1909942626953,516.8151790878765,-0.10247796023785972,-71657200,bull,hold
2024-09-19,526.4400024414062,527.47998046875,518.02001953125,518.8099975585938,3582500,557.2234954833984,549.5749963378906,541.952649230957,-0.06954873206332368,41.04507537938925,-6.469986994177816,0.8935153063565209,-7.363502300534337,601.7885230459915,557.2234954833984,512.6584679208054,0.15462275324798408,-68074700,bull,hold
2024-09-20,522.2999877929688,528.6300048828125,515.719970703125,526.4400024414062,6100700,555.4664947509766,548.8683959960938,541.5413491821289,-0.06303820051402065,39.752180789749524,-7.621151575142562,-0.8094180699432958,-6.811733505199267,602.5580479021297,555.4664947509766,508.3749415998235,0.1478507849215446,-74175400,bull,hold
2024-09-23,527.8699951171875,532.0,524.9600219726562,525.7100219726562,2107000,553.9449951171875,548.2447961425781,541.1695993041992,-0.05450473462497263,42.381843171454086,-7.991879348323778,-2.245910325619392,-5.745969022704386,602.5151727521225,553.9449951171875,505.37481748225264,0.23157396915463235,-72068400,bull,hold
2024-09-24,524.0700073242188,530.2999877929688,521.7100219726562,527.719970703125,2842100,552.1764953613281,547.4119958496094,540.8114492797852,-0.06322392921999176,41.064977812424054,-8.494392962097663,-3.4956068529150466,-4.998786109182617,602.3662926110738,552.1764953613281,501.98669811158226,0.21999799185030922,-74910500,bull,hold
2024-09-25,517.9000244140625,526.1799926757812,516.239990234375,526.02001953125,3211600,549.6804962158203,546.4391967773438,540.3570492553711,-0.08791515315812481,38.94884667077984,-9.283490379259547,-4.653183558183947,-4.6303068210755995,601.4504401973064,549.6804962158203,497.9105522343342,0.19306059310086274,-78122100,bull,hold
2024-09-26,515.3800048828125,521.3599853515625,512.1099853515625,520.510009765625,3282400,547.4224975585937,545.4849963378906,539.883899230957,-0.08056512454911524,38.08559707538143,-9.996961533326498,-5.721939153212458,-4.275022380114041,601.0084279899695,547.4224975585937,493.8365671272179,0.20101766995707904,-81404500,bull,hold
2024-09-27,515.47998046875,516.6799926757812,512.2999877929688,516.52001953125,2718300,544.7149963378906,544.6575964355469,539.3352990722656,-0.09506174876655693,38.14417003306584,-10.434048156770587,-6.664360953924083,-3.7696872028465034,599.0064311324486,544.7149963378906,490.4235615433326,0.23075848907136434,-78686200,bull,hold
2024-09-30,517.780029296875,518.469970703125,511.739990234375,513.8300170898438,2587000,541.8834991455078,543.9931970214843,538.7558993530273,-0.09858802335489258,39.56078575083614,-10.474108731222259,-7.426310509383718,-3.0477982218385407,595.5885319361187,541.8834991455078,488.178466354897,0.27559393788465564,-76099200,bull,hold
2024-10-01,502.79998779296875,519.0,502.5,517.4500122070312,3730000,538.4714996337891,542.9527966308593,538.1485992431641,-0.1195012483541168,34.0855549505833,-11.581121224551794,-8.257272652417335,-3.323848572134459,592.9980775948176,538.4714996337891,483.94492167276064,0.17289794101588682,-79829200,bull,hold
2024-10-02,505.80999755859375,510.19000244140625,502.82000732421875,503.8699951171875,1981600,534.9994995117188,542.1487963867188,537.7544491577148,-0.12071273783816816,36.00220191330142,-12.076345376488803,-9.02108719723163,-3.055258179257173,588.550892495222,534.9994995117188,481.4481065282156,0.22746272013767196,-77847600,bull,hold
2024-10-03,503.79998779296875,509.80999755859375,498.5899963378906,501.0199890136719,1921600,531.7929992675781,541.6039965820313,537.3500491333008,-0.11291885568618476,35.264777320077854,-12.487061996757348,-9.714282157136774,-2.772779839620574,584.7498075692772,531.7929992675781,478.8361909658791,0.23569959772564994,-79769200,bull,hold
2024-10-04,507.2200012207031,508.55999755859375,503.5899963378906,507.2900085449219,1949300,528.9835006713868,541.1053961181641,536.8904991149902,-0.09973194405881369,37.60653516978229,-12.393724237812307,-10.25017057327188,-2.143553664540427,580.8842738374008,528.9835006713868,477.08272750537276,0.2903354986536602,-77819900,bull,hold
2024-10-07,487.29998779296875,504.8699951171875,486.3999938964844,503.9599914550781,4870500,524.8544998168945,540.0025958251953,536.3037989807129,-0.14490772861354406,30.651496873202717,-13.768418241559914,-10.953820106929488,-2.814598134630426,576.2207718330576,524.8544998168945,473.4882278007315,0.13444386218929014,-82690400,bull,hold
2024-10-08,496.239990234375,500.0,486.3999938964844,492.45001220703125,3551600,520.9425003051758,539.1951959228516,535.8046989440918,-0.13619271844866498,36.341653865844066,-13.975390064081125,-11.558134098359815,-2.41725596572131,568.3608438640115,520.9425003051758,473.52415674634017,0.23952580144274246,-79138800,bull,hold
2024-10-09,494.0799865722656,495.8800048828125,492.32000732421875,495.8800048828125,2869400,516.6274993896484,538.3025952148438,535.2743988037109,-0.14869571243752988,35.58199435869675,-14.150591754896254,-12.076625629667104,-2.07396612522915,556.7744533586183,516.6274993896484,476.4805454206785,0.2191877516434992,-82008200,bull,hold
2024-10-10,503.57000732421875,506.45001220703125,489.3500061035156,490.5400085449219,2775100,512.4785003662109,537.3409948730468,534.7984988403321,-0.14147128496410266,41.37974279469032,-13.36955903951133,-12.335212311635951,-1.0343467278753788,536.9568557910734,512.4785003662109,488.0001449413484,0.318033260662931,-79233100,bull,hold
2024-10-11,495.4200134277344,507.9800109863281,494.8999938964844,504.7799987792969,2992400,510.40600128173827,536.321195678711,534.2842988586426,-0.07720673918535059,38.20001170579848,-13.255421136983273,-12.519254076705417,-0.7361670602778556,533.2362064182232,510.40600128173827,487.5757961452534,0.17179471747157374,-82225500,bull,hold
2024-10-14,509.6499938964844,514.260009765625,500.4100036621094,501.79998779296875,3411500,509.8135009765625,535.9907958984375,533.8521487426758,-0.022722926372992558,46.00210501573707,-11.879782786931628,-12.39135981875066,0.5115770318190318,532.069129209632,509.8135009765625,487.557872743493,0.4963266127928217,-78814000,bull,hold
2024-10-15,508.0299987792969,517.77001953125,506.79998779296875,513.8200073242188,3605700,509.46349945068357,535.9649957275391,533.414698638916,-0.013591499756110625,45.30093394762149,-10.7958516925421,-12.072258193508949,1.2764065009668482,531.5998208761222,509.46349945068357,487.3271780252449,0.46762107299048983,-82419700,bull,hold
2024-10-16,502.5400085449219,506.8399963378906,500.25,506.3900146484375,1859100,509.1839996337891,535.7317956542969,532.9443988037109,-0.011001114447433236,42.91375305175815,-10.26153621913818,-11.710113798634795,1.4485775794966163,531.5208648877069,509.1839996337891,486.84713437987125,0.3512774506775997,-84278800,bull,hold
2024-10-17,496.8299865722656,507.5,495.2300109863281,506.510009765625,2769200,507.70349884033203,535.3959954833985,532.5281986999512,-0.05624575589207104,40.52198127463865,-10.181472729599022,-11.404385584827642,1.2229128552286195,529.1776325862955,507.70349884033203,486.2293650943685,0.24682302912194776,-87048000,bull,hold
2024-10-18,494.8999938964844,499.0,491.04998779296875,491.2900085449219,2011100,506.3334991455078,534.6891955566406,532.1437487792969,-0.05246026141464377,39.71624305639952,-10.156676274841743,-11.154843722830464,0.9981674479887204,527.4001854844836,506.3334991455078,485.266812806532,0.22863541363241996,-89059100,bull,hold
2024-10-21,497.7099914550781,500.6499938964844,492.9599914550781,494.6000061035156,1679700,504.8254989624023,533.9173956298828,531.7970487976074,-0.057135286985602995,41.538901244239234,-9.797343905046205,-10.883343759273611,1.0859998542274063,523.7151220482541,504.8254989624023,485.93587587655054,0.31165565149222935,-87379400,bull,hold
2024-10-22,493.1099853515625,497.3399963378906,488.3599853515625,496.42999267578125,2388700,503.27749786376955,533.1609954833984,531.4395988464355,-0.05907611872454033,39.436845455789985,-9.77111710614156,-10.6608984286472,0.889781322505641,520.6156944867064,503.27749786376955,485.9393012408327,0.20678863744236314,-89768100,bull,hold
2024-10-23,485.0299987792969,493.8299865722656,483.3900146484375,492.0,2021300,501.6339965820313,532.1571960449219,530.9619989013672,-0.06346789744208614,35.99154835887609,-10.28377461582852,-10.585473666083464,0.30169905025494437,519.3438600571706,501.6339965820313,483.924133106892,0.031221744706199414,-91789400,bull,hold
2024-10-24,482.8699951171875,488.4700012207031,480.05999755859375,486.6300048828125,2100300,500.00849609375,531.0187963867188,530.445348815918,-0.0630796877209413,35.10853802416186,-10.740543331611036,-10.616487599188979,-0.12405573242205747,518.3305390560389,500.00849609375,481.6864531314611,0.03229830833172886,-93889700,bull,hold
2024-10-25,483.7200012207031,488.3399963378906,482.5199890136719,483.4200134277344,2426800,498.42049713134764,529.6099969482422,529.9087986755371,-0.06161243976762398,35.77628650652015,-10.908204450173173,-10.674830969385818,-0.2333734807873551,516.6084036295204,498.42049713134764,480.23259063317494,0.09587168781295856,-91462900,bear,death_cross
2024-10-28,481.0400085449219,488.489990234375,480.4800109863281,487.6499938964844,2302300,496.58349609375,528.1615966796875,529.3265487670899,-0.07095681307339075,34.56846786432219,-11.129041443693893,-10.765673064247434,-0.3633683794464595,513.9834854933067,496.58349609375,479.1835066941933,0.05334778683186691,-93765200,bear,hold
2024-10-29,485.3900146484375,487.55999755859375,479.3299865722656,481.9200134277344,2089500,495.71299743652344,526.6069970703124,528.7707989501953,-0.0346260413031273,38.21460690055227,-10.828226163195154,-10.778183684036978,-0.05004247915817572,513.5191315205903,495.71299743652344,477.9068633524565,0.21012846642205635,-91675700,bear,hold
2024-10-30,486.67999267578125,492.20001220703125,482.239990234375,482.239990234375,2728600,494.7564971923828,525.0955969238281,528.2157989501953,-0.037820535329763705,39.294916722705594,-10.366241856769136,-10.69579531858341,0.3295534618142746,512.3442199801716,494.7564971923828,477.16877440459405,0.27039368273961195,-88947100,bear,hold
2024-10-31,478.0799865722656,486.04998779296875,477.3800048828125,486.0,2978700,493.47049713134766,523.3413970947265,527.625699005127,-0.051052008423772555,34.91222280532658,-10.572194902934996,-10.67107523545373,0.09888033251873374,511.9631190405354,493.47049713134766,474.9778752221599,0.08387429768854118,-91925800,bear,hold
2024-11-01,482.79998779296875,485.1600036621094,475.04998779296875,475.4100036621094,2851600,492.24949645996094,521.8485968017578,527.0711988830567,-0.0481448156006542,38.937600793122265,-10.23654895964205,-10.584169980291396,0.3476210206493455,510.165296076096,492.24949645996094,474.33369684382586,0.23628001904860824,-89074200,bear,hold
2024-11-04,481.3500061035156,483.760009765625,477.3699951171875,479.0299987792969,1954900,491.9519973754883,520.3095971679687,526.4201989746093,-0.012210100222660003,38.15689862456393,-9.972590717649325,-10.461854127762981,0.48926341011365615,510.3770375073735,491.9519973754883,473.52695724360314,0.21229394356581166,-91029100,bear,hold
2024-11-05,486.4200134277344,486.6600036621094,480.4700012207031,483.0899963378906,1588100,491.46099853515625,518.8491973876953,525.8343489074707,-0.019788765516464357,42.49827857250539,-9.247693041020511,-10.219021910414488,0.971328869393977,509.9261272145025,491.46099853515625,472.99586985581,0.363499865206454,-89441000,bear,hold
2024-11-06,504.8299865722656,506.2099914550781,492.92999267578125,492.92999267578125,2969900,491.9984985351563,517.5893969726562,525.3725988769531,0.021757610694938867,54.8834420981257,-7.105764604314231,-9.596370449194438,2.490605844880207,511.342218464487,491.9984985351563,472.6547786058255,0.831670642564801,-86471100,bear,hold
2024-11-07,500.9200134277344,510.6600036621094,495.29998779296875,510.6600036621094,2640300,491.86599884033205,516.3969976806641,524.844799041748,-0.005262414079356015,52.30662891941535,-5.658544859400877,-8.808805331235726,3.1502604718348497,510.9250648849341,491.86599884033205,472.80693279573,0.7375251380685209,-89111400,bear,hold
2024-11-08,494.67999267578125,505.0,493.69000244140625,503.8299865722656,2856900,491.82899780273436,514.8979974365234,524.2052989196777,-0.0014937239754063691,48.40098425908772,-4.957977827394927,-8.038639830467567,3.0806620030726393,510.8631783868589,491.82899780273436,472.7948172186098,0.5748914527853318,-91968300,bear,hold
2024-11-11,504.4800109863281,507.7200012207031,493.6000061035156,493.6000061035156,3536600,491.57049865722655,513.4993981933594,523.6580490112304,-0.010144183208224189,54.18665288469957,-3.5708315088577933,-7.145078166145612,3.5742466572878184,509.7508394085918,491.57049865722655,473.3901579058613,0.8550404391659201,-88431700,bear,hold
2024-11-12,526.4199829101562,528.9099731445312,504.2699890136719,504.3900146484375,4125300,492.48999786376953,512.6069982910157,523.1389990234375,0.03619861853639961,63.936077103268644,-0.6931455330733911,-5.8546916395311674,5.161546106457776,515.2024868589848,492.48999786376953,469.77750886855426,1.2469455473051543,-84306400,bear,hold
2024-11-13,532.5,539.9199829101562,520.5900268554688,523.7899780273438,3470200,493.9879974365234,511.75199829101564,522.6616989135742,0.05961712688672427,66.08971088032938,2.054366444102243,-4.272880022804485,6.327246466906728,522.3929381463344,493.9879974365234,465.58305672671247,1.1779102790060516,-80836200,bear,hold
2024-11-14,529.8699951171875,534.6400146484375,523.4600219726562,530.5499877929688,3098800,495.6399978637695,510.99079833984376,522.2221487426758,0.06650163926874031,64.30094828805169,3.973763000307713,-2.623551418182046,6.597314418489759,528.0716553320966,495.6399978637695,463.20834039544246,1.0277250675030587,-83935000,bear,hold
2024-11-15,503.3699951171875,524.5,498.80999755859375,520.2999877929688,4612400,496.06349792480466,509.78999877929687,521.599448852539,0.017114571277353274,49.70342514895029,3.318318558584849,-1.4351774228286667,4.753495981413516,528.6661979244881,496.06349792480466,463.4607979251212,0.612053559865499,-88547400,bear,hold
2024-11-18,499.510009765625,505.510009765625,497.69000244140625,505.0,2259000,496.153498840332,508.3825988769531,520.923198852539,0.0036166007141718026,47.99429218048951,2.459059055588,-0.6563301271453335,3.1153891827333333,528.7838090931463,496.153498840332,463.5231885875178,0.5514324089977584,-90806400,bear,hold
2024-11-19,499.6099853515625,502.4100036621094,495.4599914550781,496.0,1961700,496.478498840332,506.88519897460935,520.2687487792969,0.013181643432683243,48.04412519741232,1.7658018386643448,-0.17190373398339787,1.9377055726477428,529.110561480075,496.478498840332,463.846436200589,0.5479817433822987,-88844700,bear,hold
2024-11-20,499.5,506.3599853515625,494.6099853515625,505.4100036621094,1874900,497.2019989013672,505.2675988769531,519.7305487060547,0.02983320878527218,47.989644924063484,1.1937547393696946,0.10122796068722062,1.092526778682474,529.4257473781182,497.2019989013672,464.97825042461614,0.5356569487918328,-90719600,bear,hold
2024-11-21,504.44000244140625,508.57000732421875,493.1000061035156,502.1000061035156,2002100,498.28049926757814,503.6253991699219,519.1734988403321,0.04467042380420416,50.6940711107549,1.1260399162810018,0.30619035180597687,0.8198495644750249,529.9524708874256,498.28049926757814,466.6085276477307,0.59723902331941,-88717500,bear,hold
2024-11-22,512.1500244140625,513.3699951171875,502.5,502.5,2287200,499.7020004272461,503.13099975585936,518.6549490356446,0.05877371851818025,54.65693639748971,1.6751991163376374,0.579992104712309,1.0952070116253285,531.1837768857604,499.7020004272461,468.2202239687319,0.697702057938503,-86430300,bear,hold
2024-11-25,518.72998046875,523.2100219726562,513.1900024414062,519.0900268554688,3320000,501.5864990234375,503.0755993652344,518.112548828125,0.07835101291851987,57.77598239115079,2.6112582419258388,0.9862453321550151,1.6250129097708237,532.8859515080492,501.5864990234375,470.28704653882585,0.7738623216131506,-83110300,bear,hold
2024-11-26,525.2999877929688,525.760009765625,516.3599853515625,519.9500122070312,2415700,503.5819976806641,503.28099853515624,517.6798486328125,0.08222248488864681,60.6840670713145,3.8389831184135232,1.556792889406717,2.2821902290068063,535.5777529456225,503.5819976806641,471.58624241570567,0.8393886147155606,-80694600,bear,hold
2024-11-27,513.6799926757812,525.8800048828125,508.7200012207031,523.2100219726562,2324200,504.93199768066404,503.3919982910156,517.2387985229492,0.055477932946355946,53.64662726695416,3.8301755551063934,2.0114694225466523,1.8187061325597411,536.2321047239695,504.93199768066404,473.63189063735854,0.6397438510835419,-83018800,bear,hold
2024-11-29,515.9299926757812,517.6500244140625,513.5800170898438,517.6500244140625,1450200,506.82449798583986,503.18179809570313,516.7951486206055,0.07917086505731463,54.74110078096643,3.9591134977562774,2.4009982375885772,1.5581152601677002,535.8994966955809,506.82449798583986,477.74949927609885,0.6565863300776481,-81568600,bear,hold
2024-12-02,516.2000122070312,518.77001953125,511.5299987792969,512.8499755859375,2006900,508.49449920654297,503.0597985839844,516.4239486694336,0.0691798369066754,54.87879065169231,4.036555170442057,2.7281096241592735,1.3084455462827833,535.630168887679,508.49449920654297,481.3588295254069,0.6419812573456578,-79561700,bear,hold
2024-12-03,516.260009765625,516.780029296875,504.510009765625,511.0400085449219,2119300,510.23999938964846,502.8275988769531,516.271948852539,0.07252519625937603,54.911614218739004,4.056014346930567,2.9936905687135322,1.062323778217035,534.5063014394341,510.23999938964846,485.97369733986284,0.6240405390904982,-77442400,bear,hold
2024-12-04,536.489990234375,541.77001953125,521.010009765625,523.02001953125,3307000,512.7434982299804,503.07599853515626,516.2448489379883,0.10293568402707054,64.33305846672587,5.638825370496363,3.5227175290700985,2.1161078414262646,536.9946311318008,512.7434982299804,488.4923653281601,0.9895955191151516,-74135400,bear,hold
2024-12-05,538.219970703125,540.1099853515625,529.7899780273438,534.4199829101562,2629100,514.4129974365235,503.4823974609375,516.2433486938477,0.06614104751893457,65.00645542520148,6.952663499053642,4.208706723066808,2.7439567759868346,540.7616963266545,514.4129974365235,488.0642985463925,0.9517675306449098,-71506300,bear,hold
2024-12-06,552.9600219726562,554.3699951171875,542.9000244140625,544.1500244140625,2964100,517.0149978637695,504.2339978027344,516.3202987670899,0.10388885879966825,70.17357954385388,9.078635769435095,5.182692532340465,3.89594323709463,547.4770202019992,517.0149978637695,486.55297552553986,1.0899973368441787,-68542200,bear,hold
2024-12-09,547.9299926757812,557.9000244140625,546.1099853515625,556.0999755859375,3588700,519.6774978637695,504.882998046875,516.2927487182617,0.10764534808041182,66.56163444936328,10.23956742460507,6.194067510793387,4.045499913811684,551.156952583168,519.6774978637695,488.198043144371,0.9487449840514827,-72130900,bear,hold
2024-12-10,547.0499877929688,552.8300170898438,544.219970703125,547.3499755859375,2762900,521.8059967041015,505.46839721679686,516.2255987548829,0.08438387226366095,65.92234227233928,10.962239215928662,7.147701851820442,3.8145373641082196,554.6159336087088,521.8059967041015,488.99605979949416,0.8847003906508942,-74893800,bear,hold
2024-12-11,549.9299926757812,552.2999877929688,541.739990234375,547.0499877929688,6690600,522.9814971923828,506.41099731445314,516.2127987670898,0.044660177289731484,67.03812627169792,11.633253240056888,8.044812129467733,3.588441110589155,557.9800515944378,522.9814971923828,487.9829427903278,0.8849944082521325,-68203200,bear,hold
2024-12-12,474.6300048828125,494.0,470.8999938964844,487.5,17344900,520.0879974365234,505.7873974609375,515.8268487548828,-0.10867604716842727,34.88067429988452,6.019567158780319,7.63976313533025,-1.6201959765499314,560.5955575883978,520.0879974365234,479.5804372846491,-0.06110504290157251,-85548100,bear,hold
2024-12-13,465.69000244140625,474.9100036621094,456.79998779296875,473.9800109863281,11395500,516.8789978027344,505.02519775390624,515.3538986206055,-0.12112403658861082,32.86499800783521,0.8396184142061429,6.27973419110543,-5.440115776899287,563.4876084989558,516.8789978027344,470.270387106513,-0.049136678788390564,-96943600,bear,hold
2024-12-16,461.5299987792969,473.6199951171875,461.20001220703125,467.19000244140625,5807000,514.7869979858399,504.1113977050781,514.806898651123,-0.08311976626288586,31.94006046284906,-3.5601664318160715,4.3117540665211305,-7.871920498337202,567.0465468354429,514.7869979858399,462.52744913623695,-0.009543235436366154,-102750600,bear,hold
2024-12-17,455.2300109863281,465.8599853515625,452.4800109863281,460.5899963378906,7514500,512.572998046875,503.4699981689453,514.2433486938477,-0.08864686975957392,30.53836009120434,-7.469282742733412,1.955546704670222,-9.424829447403635,570.660715589579,512.572998046875,454.485280504171,0.006410395464494182,-110265100,bear,hold
2024-12-18,441.30999755859375,455.25,441.1000061035156,453.239990234375,6511100,509.6579986572266,502.3713983154297,513.7256985473633,-0.11669099798304583,27.65091586024778,-11.557289097456703,-0.7470204557551632,-10.81026864170154,575.4019653130737,509.6579986572266,443.9140320013795,-0.019804360576668602,-116776200,bear,hold
2024-12-19,437.3900146484375,449.0,437.1099853515625,443.4100036621094,6479500,506.55249938964846,501.23759887695314,513.1971984863281,-0.12434431501814314,26.880139106931892,-14.941141270230105,-3.5858446186501514,-11.355296651579954,579.4056939938405,506.55249938964846,433.6993047854564,0.025329773684136806,-123255700,bear,hold
2024-12-20,447.1700134277344,451.4200134277344,432.4700012207031,433.0199890136719,8220000,503.68899993896486,500.10959899902343,512.6528486633301,-0.11353181495617837,31.974941251792586,-16.641867243482068,-6.197049143616535,-10.444818099865532,581.0139819742174,503.68899993896486,426.36401790371235,0.13453605145706052,-115035700,bear,hold
2024-12-23,446.739990234375,451.42999267578125,443.4200134277344,447.0,3781200,500.41849822998046,499.13599853515626,512.1280986022949,-0.12771654995920656,31.869791331182142,-17.818997793580195,-8.521438873609267,-9.297558919970928,581.4782803372084,500.41849822998046,419.35871612275247,0.1688955570803403,-118816900,bear,hold
2024-12-24,447.94000244140625,448.8699951171875,442.57000732421875,446.5,1685000,496.8789993286133,497.9017987060547,511.56569869995116,-0.13646787479561995,32.536515851797574,-18.442458102143746,-10.505642719316164,-7.936815382827582,580.5707700893654,496.8789993286133,413.18722856786127,0.20762360240227212,-117131900,bear,hold
2024-12-26,450.1600036621094,452.3399963378906,444.67999267578125,445.8500061035156,2131200,493.1220001220703,496.74439880371096,510.92079864501954,-0.14304204431178014,33.8266709564691,-18.543659578687027,-12.113246091190337,-6.43041348749669,578.1092621974987,493.1220001220703,408.1347380466419,0.2472444963468111,-115000700,bear,hold
2024-12-27,446.4800109863281,449.9100036621094,441.1099853515625,446.8800048828125,2947200,489.76200103759766,495.6231988525391,510.28544876098636,-0.13082071065179224,32.70998282823882,-18.70518539822126,-13.431633952596522,-5.273551445624738,576.5274616669687,489.76200103759766,402.9965404082265,0.25058053206129094,-117947900,bear,hold
2024-12-30,445.79998779296875,447.6000061035156,438.57000732421875,442.94000244140625,3473200,486.25550079345703,494.60259887695315,509.66219863891604,-0.13592930412728177,32.49649622249841,-18.672819324697286,-14.479871027016674,-4.192948297680612,574.168195819871,486.25550079345703,398.34280576704305,0.26991085878818105,-121421100,bear,hold
2024-12-31,444.67999267578125,448.5,442.80999755859375,446.3500061035156,2285100,482.6794998168945,493.59819885253904,509.42329864501954,-0.13855098380463737,32.12461408143881,-18.524009967897825,-15.288698815192905,-3.23531115270492,571.2450723445918,482.6794998168945,394.11392728919725,0.28547246939983584,-123706200,bear,hold
2025-01-02,441.0,450.1199951171875,440.55999755859375,447.760009765625,2504700,478.91649932861327,492.4639990234375,509.0589987182617,-0.14577927467167562,30.874404333811412,-18.489882281089933,-15.928935508372312,-2.560946772717621,567.849766207625,478.91649932861327,389.9832324496016,0.28682611884596365,-126210900,bear,hold
2025-01-03,430.57000732421875,433.29998779296875,425.32000732421875,429.45001220703125,5617000,473.6205001831055,491.2131994628906,508.6058987426758,-0.19743142432887384,27.59633521986305,-19.084455363498307,-16.56003947939751,-2.5244158841007973,560.8069143586388,473.6205001831055,386.43408600757215,0.25311237842507944,-131827900,bear,hold
2025-01-06,431.17999267578125,436.4100036621094,427.7900085449219,431.8800048828125,3994400,468.2685012817383,490.1361993408203,508.1660986328125,-0.1988777523203159,28.077291541962467,-19.28414250413806,-17.10486008434562,-2.1792824197924396,552.0092695193723,468.2685012817383,384.5277330441042,0.27855165777372815,-127833500,bear,hold
2025-01-07,422.6300048828125,435.17999267578125,420.510009765625,431.3699951171875,4181400,461.7520004272461,488.9313995361328,507.7229986572266,-0.23569518936450085,25.518520899038222,-19.90288054363242,-17.66446417620298,-2.2384163674294406,538.0717283277414,461.7520004272461,385.43227252675086,0.24369670450449968,-132014900,bear,hold
2025-01-08,419.5799865722656,422.6600036621094,415.510009765625,417.3399963378906,3508800,455.3345001220703,487.6485992431641,507.3232986450195,-0.23424526457609396,24.6553266392075,-20.40413966437808,-18.212399273838003,-2.191740390540076,522.6422270711888,455.3345001220703,388.02677317295183,0.23439517890097933,-135523700,bear,hold
2025-01-10,405.9200134277344,413.1000061035156,405.32000732421875,410.0,5564300,448.2780014038086,486.1461993408203,506.8167486572266,-0.25798368981710873,21.197044379947286,-21.654022705957573,-18.900723960261917,-2.7532987456956555,504.2884073452454,448.2780014038086,392.26759546237184,0.12187394231383712,-141088000,bear,hold
2025-01-13,408.5,409.9599914550781,403.75,404.2699890136719,4558800,441.20650177001954,484.60839904785155,506.321248626709,-0.25717817642138174,23.382930324460787,-22.180695417031927,-19.55671825161592,-2.623977165416008,475.658984389805,441.20650177001954,406.75401915023406,0.02533897003932098,-136529200,bear,hold
2025-01-14,412.7099914550781,412.75,405.07000732421875,407.25,3577100,438.1105010986328,483.1289990234375,505.86279861450197,-0.1304595427822196,26.944069285916584,-22.004719500037993,-20.046318501300334,-1.958400998737659,471.0895366515024,438.1105010986328,405.13146554576326,0.11489914399051372,-132952100,bear,hold
2025-01-15,417.2799987792969,423.9700012207031,415.6600036621094,421.70001220703125,4345800,435.6900009155273,481.91299926757813,505.4261985778809,-0.1039532809558229,30.709029509883393,-21.2515216075833,-20.28735912255693,-0.964162485026371,467.29439440699826,435.6900009155273,404.0856074240564,0.20874299262856064,-128606300,bear,hold
2025-01-16,426.92999267578125,428.8900146484375,418.0,418.2099914550781,4185600,433.9600006103516,480.79559936523435,505.05039855957034,-0.07496805450356281,37.97758953331564,-19.64942663334699,-20.159772624714943,0.5103459913679522,463.4332517831057,433.9600006103516,404.4867494375975,0.380739184602256,-124420700,bear,hold
2025-01-17,429.989990234375,435.989990234375,425.70001220703125,434.3500061035156,4012700,432.69799957275393,479.7683990478516,504.7042985534668,-0.055444544829693077,40.12252361479251,-17.92619655901933,-19.71305741157582,1.7868608525564902,460.5363090834785,432.69799957275393,404.85969006202936,0.4513618214256925,-120408000,bear,hold
2025-01-21,436.3599853515625,439.9800109863281,431.5,433.260009765625,3833300,432.4504989624023,478.76719848632814,504.4010484313965,-0.011216632830472029,44.43078711072868,-15.863652627516728,-18.943176454764004,3.079523827247275,460.0652627005482,432.4504989624023,404.83573522425644,0.5707861639924113,-116574700,bear,hold
2025-01-22,437.32000732421875,439.7300109863281,433.42999267578125,438.0,3391600,432.4469985961914,477.4169989013672,504.15209854125976,-0.00016005697860987933,45.07222926786571,-13.990334089318253,-17.952607981674852,3.962273892356599,460.0592746088276,432.4469985961914,404.8347225835552,0.5882398960121453,-113183100,bear,hold
2025-01-23,437.2799987792969,437.7300109863281,432.489990234375,435.8800048828125,2716700,431.9524978637695,476.1441986083984,503.9128985595703,-0.022116900399082318,45.048891268278446,-12.366391938024663,-16.835364772944814,4.468972834920152,458.83702515566273,431.9524978637695,405.0679705718763,0.5990811714426875,-115899800,bear,hold
2025-01-24,435.3800048828125,441.8800048828125,434.7300109863281,437.2799987792969,2631800,431.3844985961914,474.95819885253906,503.6683985900879,-0.025428628732347525,43.886715539639376,-11.104711509944138,-15.689234120344679,4.5845226104005405,457.4632809640023,431.3844985961914,405.3057162283805,0.5766045406236595,-118531600,bear,hold
2025-01-27,438.6000061035156,445.45001220703125,430.1199951171875,430.2300109863281,5086300,430.91749877929686,473.64059875488283,503.3986486816406,-0.020850998542181642,46.409965333056626,-9.732799834896866,-14.497947263255117,4.765147428358251,456.1132583962561,430.91749877929686,405.72173916233766,0.6524563545813417,-113445300,bear,hold
2025-01-28,442.8399963378906,445.80999755859375,431.6400146484375,436.2699890136719,5376400,430.55149841308594,471.9689990234375,503.17674865722654,-0.016260901156632146,49.62233901616853,-8.208792323386604,-13.240116275281416,5.031323951894812,454.8139152007278,430.55149841308594,406.28908162544406,0.7532414233990049,-108068900,bear,hold
2025-01-29,441.67999267578125,444.3599853515625,438.8299865722656,439.9200134277344,2997600,430.3114974975586,470.1525988769531,502.963748626709,-0.010750802258634229,48.76115649593994,-7.013757758087934,-11.994844571842721,4.9810868137547875,454.0277290905249,430.3114974975586,406.59526590459234,0.7396775207237034,-111066500,bear,hold
2025-01-30,446.0,448.4200134277344,439.2300109863281,439.6700134277344,3290100,430.32149810791014,468.4751989746094,502.8232986450195,0.00044865906798574606,52.09545516448481,-5.6529322835364155,-10.72646211418146,5.073529830645045,454.06400001377506,430.32149810791014,406.57899620204523,0.8301779642737845,-107776400,bear,hold
2025-01-31,437.45001220703125,447.010009765625,435.8299865722656,446.9800109863281,4684300,429.95999908447266,467.15679931640625,502.6600486755371,-0.016258839137881842,45.75001034673018,-5.204387906235297,-9.622047272592228,4.417659366356931,453.02758543362,429.95999908447266,406.8924127353253,0.6623493028093823,-112460700,bear,hold
2025-02-03,438.6000061035156,442.739990234375,430.8800048828125,437.79998779296875,3348700,429.8399993896484,465.93859924316405,502.47194869995116,-0.005442163030576763,46.69055862018149,-4.701917580069164,-8.638021334087616,3.9361037540184522,452.7006546839131,429.8399993896484,406.97934409538374,0.6915957045217536,-109112000,bear,hold
2025-02-04,440.2300109863281,443.5799865722656,434.260009765625,435.42999267578125,2647700,430.32299957275393,464.75099975585937,502.3008486938477,0.02243538448518878,48.06497964608307,-4.124632261736679,-7.735343519617429,3.6107112578807508,453.62879905817374,430.32299957275393,407.0172000873341,0.7125439082184685,-106464300,bear,hold
2025-02-05,437.6300048828125,444.95001220703125,436.2699890136719,440.75,2937800,430.64550018310547,463.51359985351564,502.1230987548828,0.014958978423382563,46.02655674135787,-3.832746732705459,-6.954824162235036,3.1220774295295772,454.16731646000903,430.64550018310547,407.1236839062019,0.6484686517717007,-109402100,bear,hold
2025-02-06,435.3999938964844,439.9599914550781,434.3500061035156,437.6300048828125,2568100,431.28399963378905,462.1327996826172,501.97499877929687,0.030215528632929756,44.29154016329204,-3.738276078012518,-6.3115145453905335,2.5732384673780153,454.59315070976396,431.28399963378905,407.97484855781414,0.588291380695922,-111970200,bear,hold
2025-02-07,433.07000732421875,441.0,432.4100036621094,436.239990234375,2693500,431.95850067138673,460.5511993408203,501.80589874267577,0.032151249305666596,42.48932725429117,-3.8075270457356964,-5.810717045459567,2.0031899997238707,454.6463365670586,431.95850067138673,409.27066477571486,0.5244956517215479,-114663700,bear,hold
2025-02-10,451.1000061035156,453.3699951171875,439.0,439.25,3946700,434.2175003051758,459.19859985351565,501.69689880371095,0.11130269802236437,57.05235384666723,-2.3801023794126195,-5.124594112250177,2.7444917328375578,455.0022173516305,434.2175003051758,413.4327832587211,0.9061278717580497,-110717000,bear,hold
2025-02-11,458.82000732421875,461.54998779296875,448.2900085449219,449.0,3257000,436.7335006713867,457.86900024414064,501.6053988647461,0.12318239247054774,61.5427788682147,-0.6187854935546397,-4.223432388511069,3.6046468949564296,456.6197305117856,436.7335006713867,416.84727083098784,1.0553216177750122,-107460000,bear,hold
2025-02-12,462.760009765625,463.0,451.29998779296875,458.0,3308500,439.2360015869141,456.8506005859375,501.5519989013672,0.12127164194423101,63.632668373126386,1.0825175091363803,-3.1622424089815797,4.2447599181179605,458.99611621334276,439.2360015869141,419.4758869604854,1.0952396689857287,-104151500,bear,hold
2025-02-13,459.2200012207031,465.70001220703125,457.0299987792969,465.2099914550781,2794400,441.3330017089844,455.7164007568359,501.4602989196777,0.10050805829202636,60.45387657828691,2.1207169861895636,-2.105650529947351,4.226367516136914,460.20974211660763,441.3330017089844,422.45626130136117,0.9737841154104974,-106945900,bear,hold
2025-02-14,460.1600036621094,464.989990234375,458.0,463.3500061035156,2623000,442.99450225830077,454.5956005859375,501.3957489013672,0.07783480091913719,61.0108507565806,2.984939369677477,-1.0875325500223858,4.072471919699863,462.3514353516856,442.99450225830077,423.63756916491593,0.9433941399961456,-104322900,bear,hold
2025-02-18,464.1099853515625,464.3299865722656,453.07000732421875,462.6499938964844,2973800,444.7005020141602,453.55260009765624,501.4021488952637,0.07935067302052712,63.34695383694273,3.943118530033985,-0.08140233401111174,4.024520864045097,465.15529061659004,444.7005020141602,424.2457134117303,0.9744483972593253,-101349100,bear,hold
2025-02-19,456.989990234375,463.6099853515625,455.32000732421875,463.6099853515625,2965500,445.7320022583008,451.96260009765626,501.34014877319333,0.04727749008927007,56.746733861782594,4.08091605623531,0.7510613440381727,3.3298547121971374,466.4789506184475,445.7320022583008,424.98505389815404,0.7713167204315197,-104314600,bear,hold
2025-02-20,454.69000244140625,461.0,451.57000732421875,457.44000244140625,2337600,446.60050201416016,450.29200073242185,501.2307487487793,0.03971918692553622,54.76182263895255,3.9588961054583933,1.392628296322217,2.5662678091361766,467.32043253182326,446.60050201416016,425.88057149649705,0.6952106070131375,-106652200,bear,hold
2025-02-21,444.32000732421875,453.75,440.69000244140625,453.2799987792969,3376000,446.95250244140624,448.11920043945315,501.0214488220215,0.016099543918255188,46.81141040388473,2.9909447260660045,1.7122915822709746,1.27865314379503,467.2622458801997,446.95250244140624,426.64275900261276,0.43519132516073095,-110028200,bear,hold
2025-02-24,444.4200134277344,446.2799987792969,440.9100036621094,445.1099853515625,2807900,447.40450286865234,446.0490008544922,500.7755989074707,0.02076349038434855,46.89148753925293,2.206471115414331,1.811127488899646,0.395343626514685,467.0556255128382,447.40450286865234,427.75338022446647,0.4240631312786351,-107220300,bear,hold
2025-02-25,443.4100036621094,447.489990234375,439.1700134277344,443.4700012207031,2612700,447.645002746582,443.976201171875,500.5312989807129,0.010966706547328453,46.13602321348008,1.4861394891226496,1.746129888944247,-0.25999039982159733,466.9743232865403,447.645002746582,428.3156822066237,0.39045142389465054,-109833000,bear,hold
2025-02-26,441.5,447.6499938964844,438.3999938964844,443.79998779296875,1947600,447.5780029296875,441.8076013183594,500.2982989501953,-0.003025915339562535,44.6703648158607,0.7524760767985299,1.5473991265151037,-0.7949230497165738,466.9826227679679,447.5780029296875,428.1733830914071,0.34338773497388636,-111780600,bear,hold
2025-02-27,437.19000244140625,444.57000732421875,436.82000732421875,441.7900085449219,2340200,447.35350341796874,441.0588012695313,500.0709989929199,-0.010165708904253945,41.468941788359764,-0.17472413498762762,1.2029744742145576,-1.3776986092021852,467.12627451316445,447.35350341796874,427.58073232277303,0.24299249893627792,-114120800,bear,hold
2025-02-28,438.55999755859375,440.3699951171875,432.1000061035156,438.1600036621094,3936900,446.98150329589845,440.516201171875,499.85234893798827,-0.016681619823780802,42.87049850856345,-0.7898845293465797,0.8044026735023302,-1.59428720284891,467.11872493094546,446.98150329589845,426.84428166085144,0.29089702914507753,-110183900,bear,hold
2025-03-03,440.7200012207031,448.0899963378906,438.2099914550781,440.6499938964844,2607700,447.145002746582,440.1000012207031,499.640399017334,0.007475114692931495,45.102512546813486,-1.0905382837404431,0.4254144820537755,-1.5159527657942187,467.0214255653292,447.145002746582,427.2685799278348,0.3383763118628442,-107576200,bear,hold
2025-03-04,446.0299987792969,448.82000732421875,434.70001220703125,439.25,2942200,447.5165023803711,439.9160009765625,499.4907989501953,0.016940247543060227,50.248483471877904,-0.8900758839761806,0.1623164088477843,-1.0523922928239648,467.01433275714385,447.5165023803711,428.01867200359834,0.46188028174547435,-104634000,bear,hold
2025-03-05,451.239990234375,453.260009765625,443.1099853515625,443.6499938964844,2406200,448.06700134277344,440.11460083007813,499.3202488708496,0.02500960628145088,54.732138695167166,-0.30726327938003806,0.06840047120221984,-0.37566375058225787,467.3311513101006,448.06700134277344,428.80285137544627,0.5823547599292751,-102227800,bear,hold
2025-03-06,444.7799987792969,452.19000244140625,441.19000244140625,444.7300109863281,2732100,448.4245010375977,440.2624005126953,499.129748840332,0.01633798829309918,48.85320499223884,-0.3624690952224796,-0.017773442082720046,-0.3446956531397596,467.1587196758513,448.4245010375977,429.6902823993441,0.40273140479798136,-104959900,bear,hold
2025-03-07,449.3999938964844,452.510009765625,440.989990234375,442.0,3039500,449.12450103759767,440.3070001220703,498.95959884643554,0.0321543412867582,52.76116057912911,-0.0330441940673154,-0.02082759247963912,-0.012216601587676283,466.8804495618432,449.12450103759767,431.36855251335214,0.5077577623777892,-101920400,bear,hold
2025-03-10,435.0799865722656,444.5400085449219,433.2300109863281,443.1099853515625,4001600,449.225,440.0738000488281,498.7115487670898,0.00464123401310057,42.03924252544565,-0.916907956130558,-0.20004366520982292,-0.716864290920735,466.63573322593516,449.225,431.8142667740649,0.09378467166839645,-105922000,bear,hold
2025-03-11,433.6600036621094,441.3299865722656,431.0,432.8800048828125,3145200,448.3529998779297,439.7882000732422,498.4705987548828,-0.038661055653819276,41.14632015127624,-1.7122197060656958,-0.5024788733809975,-1.2097408326846983,467.00354376370365,448.3529998779297,429.7024559921557,0.10609737963117415,-109067200,bear,hold
2025-03-12,438.6000061035156,443.8999938964844,435.5,436.69000244140625,5515900,447.34199981689454,439.5570001220703,498.2439488220215,-0.04406957172295878,45.48449999508475,-1.9217404583407074,-0.7863311903729395,-1.1354092679677679,465.80457903211095,447.34199981689454,428.87942060167813,0.26325101678713503,-103551300,bear,hold
2025-03-13,377.8399963378906,405.7699890136719,374.5,405.2699890136719,14386600,443.0959991455078,438.18419982910154,497.71659881591796,-0.18350767489771636,23.014296945776422,-6.910947063696085,-2.0112543650375687,-4.899692698658516,477.5534429833162,443.0959991455078,408.6385553076994,-0.44690719246003785,-117937900,bear,hold
2025-03-14,394.739990234375,396.3599853515625,377.79998779296875,379.75,6134800,439.8719985961914,437.1629998779297,497.31314880371093,-0.14041202651218743,32.937994206957285,-9.392964724996432,-3.4875964370293415,-5.90536828796709,479.38658765702144,439.8719985961914,400.3574095353614,-0.07108032038924615,-111803100,bear,hold
2025-03-17,399.3399963378906,399.94000244140625,387.1300048828125,394.1199951171875,4258500,436.8309982299805,436.2561999511719,496.91769882202146,-0.13217143350180915,35.3796761984875,-10.863571069894363,-4.962791363602346,-5.900779706292017,478.9102095728694,436.8309982299805,394.75178688709155,0.05451871962869432,-107544600,bear,hold
2025-03-18,391.3699951171875,395.95001220703125,384.57000732421875,395.3599853515625,4297300,433.1939987182617,435.26359985351564,496.48654876708986,-0.15673006944522982,33.12903623317915,-12.527737721595258,-6.475780635200929,-6.05195708639433,477.71658735116705,433.1939987182617,388.67141008535634,0.03030579661575104,-111841900,bear,hold
2025-03-19,387.8900146484375,395.260009765625,387.0,394.1000061035156,4349900,429.73899993896487,434.41,496.19664886474607,-0.15120675958459928,32.166839954655,-13.966411030587778,-7.9739067142783,-5.992504316309478,476.98043497631227,429.73899993896487,382.49756490161747,0.05707330590780059,-116191800,bear,hold
2025-03-20,389.6099853515625,397.82000732421875,385.79998779296875,386.8999938964844,4009500,426.48499908447263,433.57859985351564,495.9208987426758,-0.1431305213231081,33.19951436914596,-14.797209709115066,-9.338567313245655,-5.458642395869411,475.3414843788487,426.48499908447263,377.6285137900966,0.12261904933678404,-112182300,bear,hold
2025-03-21,387.260009765625,389.8500061035156,382.45001220703125,384.1300048828125,7607300,423.63199920654296,432.8711999511719,495.6620988464355,-0.12842095025659572,32.47213792092012,-15.466953624114524,-10.56424457541943,-4.902709048695094,474.60748523400605,423.63199920654296,372.65651317907987,0.14324038596392671,-119789600,bear,hold
2025-03-24,394.4700012207031,396.8599853515625,391.3800048828125,392.4700012207031,5223000,421.1344985961914,432.36900024414064,495.3925988769531,-0.11239370572395124,37.03054906204409,-15.24026416937437,-11.49944849421042,-3.740815675163951,472.68259513519456,421.1344985961914,369.58640205718825,0.24136292932452938,-114566600,bear,hold
2025-03-25,403.6400146484375,404.32000732421875,392.989990234375,393.57000732421875,3648600,419.1459991455078,432.3234002685547,495.13179901123044,-0.08969123088160569,42.359909033131885,-14.157469204395397,-12.031052636247416,-2.126416568147981,470.1691459032706,419.1459991455078,368.122852387745,0.34804950809201923,-110918000,bear,hold
2025-03-26,397.80999755859375,404.5,397.010009765625,403.0,3425000,416.9614990234375,432.1096002197266,494.8301989746094,-0.09895810292504248,40.03973337787996,-13.612859478836526,-12.34741400476524,-1.2654454740712868,467.7096818858191,416.9614990234375,366.2133161610559,0.31130850027893014,-114343000,bear,hold
2025-03-27,396.1499938964844,401.4800109863281,392.510009765625,397.44000244140625,2729700,414.9094985961914,431.77840026855466,494.4837989807129,-0.0938722484863368,39.37835900535949,-13.163460590218392,-12.51062332185587,-0.6528372683625214,465.53874429315715,414.9094985961914,364.2802528992256,0.3147364784773865,-117072700,bear,hold
2025-03-28,385.7099914550781,396.9200134277344,384.760009765625,393.8900146484375,3830300,412.2669982910156,431.1470001220703,494.11264892578123,-0.12050804085581157,35.416179615073105,-13.494177204544542,-12.707334098393606,-0.7868431061509362,463.1987399813895,412.2669982910156,361.33525660064174,0.2392882517410868,-120903000,bear,hold
2025-03-31,383.5299987792969,384.79998779296875,374.6700134277344,380.0,3960700,409.4074981689453,430.2790002441406,493.7168489074707,-0.12976493529452215,34.63256893667105,-13.77340841549443,-12.92054896181377,-0.8528594536806597,460.04921714516513,409.4074981689453,358.7657791927255,0.24450413697647258,-124863700,bear,hold
2025-04-01,383.20001220703125,384.0,375.5299987792969,381.1300048828125,3847800,406.26599884033203,429.34320068359375,493.33349899291994,-0.14086493452059257,34.508104392154095,-13.861541103165962,-13.10874739008421,-0.7527937130817524,455.19689483291984,406.26599884033203,357.3351028477442,0.26430038562143965,-128711500,bear,hold
2025-04-02,385.7799987792969,388.0,376.5400085449219,378.2799987792969,2859100,402.9929992675781,428.33160095214845,492.96869903564453,-0.14506691089386392,36.431672607222836,-13.566813754657574,-13.200360662998882,-0.3664530916586912,448.0572393825773,402.9929992675781,357.92875915257895,0.3090170782381387,-125852400,bear,hold
2025-04-03,367.25,376.010009765625,366.2900085449219,371.8800048828125,5324400,399.11649932861326,426.9302008056641,492.17839904785154,-0.1743108930079561,29.68740370244869,-14.659470991016178,-13.49218272860234,-1.1672882624138374,442.44037800683236,399.11649932861326,355.79262065039416,0.13222938133844875,-131176800,bear,hold
2025-04-04,349.07000732421875,361.7300109863281,348.79998779296875,359.0,5867600,394.1,425.1660009765625,491.3300491333008,-0.223253199677114,24.830642774350025,-16.798737802857772,-14.153493743453428,-2.6452440594043445,436.18968649047986,394.1,352.0103135095202,-0.03492905781047453,-137044400,bear,hold
2025-04-07,340.70001220703125,358.3599853515625,332.010009765625,335.5400085449219,7690900,389.3810012817383,423.27240112304685,490.42229919433595,-0.2169255706491986,22.96766554275797,-18.9510548550694,-15.113005965776624,-3.838048889292777,433.16348399595023,389.3810012817383,345.59851856752636,-0.05594139547167609,-144735300,bear,hold
2025-04-08,340.0,350.739990234375,333.8299865722656,350.1000061035156,6650800,384.6980010986328,421.30040100097654,489.50754913330076,-0.21597565574685906,22.81350377976021,-20.47721813636508,-16.185848399894315,-4.291369736470767,428.5700249511702,384.6980010986328,340.8259772460954,-0.009413484648801406,-151386100,bear,hold
2025-04-09,364.6400146484375,365.7200012207031,333.42999267578125,338.739990234375,7186300,381.00000152587893,419.7364013671875,488.6635491943359,-0.16862742915152296,38.46920058820583,-19.4739862835292,-16.843475976621292,-2.630510306907908,418.0058525353504,381.00000152587893,343.99415051640744,0.2789540514383231,-144199800,bear,hold
2025-04-10,350.04998779296875,362.5,341.5199890136719,360.9700012207031,5695000,379.6105010986328,417.90380126953124,487.79294921875,-0.07354967397382184,34.06345348594593,-19.6299294381991,-17.400766668936853,-2.2291627692622455,418.99696713256094,379.6105010986328,340.2240350647047,0.12473767917893183,-149894800,bear,hold
2025-04-11,352.4700012207031,353.1000061035156,342.3500061035156,351.44000244140625,3941800,377.4970016479492,416.0332012939453,486.92089920043946,-0.10708311815221527,35.38530916499053,-19.335354719694465,-17.787684279088374,-1.5476704406060904,417.9317298571591,377.4970016479492,337.06227343873934,0.19052592244770356,-145953000,bear,hold
2025-04-14,350.9100036621094,362.04998779296875,348.5,359.510009765625,3286000,375.0755020141602,414.3024011230469,486.03214935302736,-0.12127508669280285,34.899607917885234,-19.008660888278712,-18.031879600926445,-0.9767812873522672,415.7874537288809,375.0755020141602,334.36355029943945,0.20321370833085134,-149239000,bear,hold
2025-04-15,350.3800048828125,356.489990234375,349.19000244140625,351.04998779296875,3030400,373.02600250244143,412.53800109863283,485.0502493286133,-0.10473462642965614,34.725215816155526,-18.578360371548968,-18.141175755050952,-0.43718461649801554,414.372497324174,373.02600250244143,331.67950768070887,0.2261436825870215,-152269400,bear,hold
2025-04-16,344.19000244140625,350.3800048828125,341.30999755859375,345.0,3687900,370.8410018920898,410.61720092773436,483.9934994506836,-0.11266083311435215,32.67178639938004,-18.52330049910603,-18.21760070386197,-0.30569979524405966,413.41506596710315,370.8410018920898,328.2669378170765,0.18700428265756033,-155957300,bear,hold
2025-04-17,348.79998779296875,351.8800048828125,345.0899963378906,349.75,5229700,368.80050201416014,408.8406005859375,482.9374493408203,-0.10474576908435518,35.72039341199293,-17.901322559613163,-18.15434507501221,0.25302251539904574,411.49245307450815,368.80050201416014,326.10855095381214,0.2657577866033893,-150727600,bear,hold
2025-04-21,343.2200012207031,346.67999267578125,338.6400146484375,344.57000732421875,3691200,366.59850158691404,406.9970007324219,481.81499923706053,-0.113722066400751,33.72956692782181,-17.655141364241217,-18.054504332858013,0.39936296861679565,409.7949039914697,366.59850158691404,323.40209918235837,0.22939296949709262,-154418800,bear,hold
2025-04-22,349.9100036621094,352.0799865722656,344.3699951171875,349.1400146484375,3250400,364.37050170898436,405.3338006591797,480.71379913330077,-0.11296168890080627,38.17829595561528,-16.727390758703848,-17.789081618027183,1.0616908593233347,406.1605763811126,364.37050170898436,322.5804270368561,0.32698645359780404,-151168400,bear,hold
2025-04-23,351.9599914550781,363.0,349.79998779296875,358.1199951171875,3168000,361.78650054931643,403.35100036621094,479.5818989562988,-0.1280349353826371,39.518130086586865,-15.646363300696066,-17.36053795456096,1.7141746538648945,399.761325325495,361.78650054931643,323.81167577313784,0.3706181114441584,-148000400,bear,hold
2025-04-24,360.9100036621094,361.1199951171875,353.25,353.5899963378906,3085100,359.9415008544922,401.39280029296873,478.50944885253904,-0.09275783445097896,45.11120688727186,-13.907137243853299,-16.66985781241943,2.762720568566131,394.133406377423,359.9415008544922,325.74959533156135,0.5141627498205339,-144915300,bear,hold
2025-04-25,367.7200012207031,369.30999755859375,359.989990234375,361.70001220703125,3499300,358.52000122070314,399.4920001220703,477.5179487609863,-0.0717657279156998,48.977504498058224,-11.842762183318314,-15.704438686599207,3.8616765032808935,388.70101807515323,358.52000122070314,328.33898436625304,0.6524136851380387,-141416000,bear,hold
2025-04-28,368.6199951171875,370.989990234375,364.5799865722656,368.04998779296875,3163400,357.6655014038086,397.68,476.5382987976074,-0.04430789120452694,49.48393332489309,-10.018619677671722,-14.567274884813711,4.548655207141989,385.60321713314175,357.6655014038086,329.72778567447546,0.696052064877252,-138252600,bear,hold
2025-04-29,370.9800109863281,373.8800048828125,366.8800048828125,367.2099914550781,2198300,357.03800201416016,395.8964001464844,475.605048828125,-0.032722310726443715,50.86127179214751,-8.287012520693281,-13.311222411989625,5.024209891296344,383.1263466612293,357.03800201416016,330.949657367091,0.7672076201226944,-136054300,bear,hold
2025-04-30,374.9800109863281,376.0,363.55999755859375,366.8699951171875,3305500,356.627001953125,394.1138006591797,474.6846989440918,-0.021450941959422765,53.19082118360147,-6.516813038494263,-11.952340537290555,5.435527498796292,381.27287430426463,356.627001953125,331.98112960198534,0.8723343359837389,-132748800,bear,hold
2025-05-01,374.6300048828125,380.44000244140625,374.07000732421875,378.29998779296875,2848800,356.06950225830076,392.46660095214844,473.72929885864255,-0.02890246755084691,52.954256887487276,-5.083559651427947,-10.578584360118034,5.495024708690087,378.45293314852984,356.06950225830076,333.6860713680717,0.9146036127243983,-135597600,bear,hold
2025-05-02,380.8699951171875,383.55999755859375,379.19000244140625,380.0899963378906,2340700,356.75050201416013,390.9902008056641,472.8009489440918,0.03708644007403006,56.6554361190854,-3.4049310286033005,-9.143853693815089,5.738922665211788,381.18766876904505,356.75050201416013,332.3133352592752,0.9935001947025213,-133256900,bear,hold
2025-05-05,381.05999755859375,384.5400085449219,378.3999938964844,379.2900085449219,2095600,358.3500015258789,389.7250006103516,471.89079879760743,0.09164347999873401,56.76696707951303,-2.0358066304535782,-7.722244281142787,5.686437650689209,384.6812346766948,358.3500015258789,332.01876837506296,0.9312368490803313,-131161300,bear,hold
2025-05-06,382.9800109863281,386.5199890136719,375.04998779296875,376.57000732421875,2970100,360.46400146484376,388.49620056152344,471.02144897460937,0.12409743840456589,57.944606337688256,-0.7867672800559831,-6.335148880925426,5.548381600869443,387.56530964153774,360.46400146484376,333.3626932881498,0.9154044774275365,-128191200,bear,hold
2025-05-07,384.9700012207031,387.8299865722656,380.95001220703125,384.70001220703125,2153000,362.7125015258789,387.3274005126953,470.1912989807129,0.13226470947265634,59.185521762445184,0.3595364722006593,-4.996211810300209,5.355748282500868,390.1097938812643,362.7125015258789,335.3152091704935,0.906198893783187,-126038200,bear,hold
2025-05-08,383.989990234375,388.7300109863281,383.3999938964844,388.29998779296875,3383900,363.6800003051758,386.1772003173828,469.3371488952637,0.053065968650186424,58.27360117538319,1.1753629062877167,-3.761896866982624,4.937259773270341,392.6052601421281,363.6800003051758,334.7547404682235,0.8510770524393527,-129422100,bear,hold
2025-05-09,383.2799987792969,388.7699890136719,382.3299865722656,386.17999267578125,2031300,365.3415008544922,385.0990002441406,468.523498840332,0.09492933051030827,57.58140269619923,1.7445112168479113,-2.660615250216517,4.405126467064428,394.7575655157317,365.3415008544922,335.9254361932527,0.8049098873589572,-131453400,bear,hold
2025-05-12,395.94000244140625,397.82000732421875,392.760009765625,394.3299865722656,3157700,367.51500091552737,384.24660034179686,467.84799896240236,0.1233296481123336,65.45996464193821,3.180459487718906,-1.4924003026294324,4.672859790348339,399.14610916992314,367.51500091552737,335.8838926611316,0.9493203541473869,-128295700,bear,hold
2025-05-13,397.3999938964844,399.6700134277344,394.7099914550781,395.8999938964844,2664100,369.8395004272461,383.3802001953125,467.17424880981446,0.13248408352342134,66.23873695413315,4.3857121865246995,-0.31677780479860607,4.702489991323306,403.04177733438837,369.8395004272461,336.6372235201038,0.9150392087012206,-125631600,bear,hold
2025-05-14,399.4700012207031,400.1199951171875,396.4200134277344,396.8500061035156,2409200,372.29400024414065,382.4490002441406,466.45939880371094,0.14010501642155404,67.36234020591542,5.445147652346975,0.8356072866305102,4.609540365716465,406.61821671734606,372.29400024414065,337.96978377093524,0.8958721242446559,-123222400,bear,hold
2025-05-15,404.69000244140625,404.8500061035156,399.3500061035156,399.3500061035156,2763800,375.3190002441406,381.51800048828125,465.7997988891602,0.17577500674296687,70.067658669535,6.629547073063236,1.9943952439170556,4.635151829146181,409.86581760367903,375.3190002441406,340.7721828846022,0.9250898410060958,-120458600,bear,hold
2025-05-16,417.1300048828125,421.7699890136719,412.05999755859375,414.6199951171875,5391500,378.7355010986328,380.9650006103516,465.19189880371096,0.19590028520987568,75.31826656609758,8.474309810282932,3.290378157190231,5.183931653092701,415.55632529935184,378.7355010986328,341.9146768979138,1.0213694236565993,-115067100,bear,hold
2025-05-19,420.67999267578125,421.2699890136719,413.20001220703125,413.5299987792969,3008000,382.6085006713867,380.3906005859375,464.5370486450195,0.22568612312680614,76.58077005410833,10.106253319392351,4.653553189630655,5.452700129761697,419.9631592894936,382.6085006713867,345.2538420532798,1.0095949663684007,-112059100,bear,hold
2025-05-20,417.6099853515625,419.1300048828125,414.2900085449219,417.8699951171875,2453000,385.9934997558594,380.04120056152345,463.8930487060547,0.19347826864312112,73.09849861130269,11.024769691612846,5.927796490027093,5.096973201585753,423.15154181808276,385.9934997558594,348.835457693636,0.9254326094840978,-114512100,bear,hold
2025-05-21,414.0299987792969,422.95001220703125,412.5899963378906,414.8599853515625,2495800,389.0970001220703,379.6486004638672,463.33234878540037,0.17635529273542727,69.14974406608908,11.333183650503884,7.0088739221224525,4.324309728381431,424.70242597055665,389.0970001220703,353.491574273584,0.8501292017026462,-117007900,bear,hold
2025-05-22,414.3299865722656,417.8999938964844,412.510009765625,412.510009765625,1889500,391.76799926757815,379.1632000732422,462.85739868164063,0.14801469166304693,69.2994039341321,11.469596078697975,7.901018353437557,3.5685777252604183,426.5192405585483,391.76799926757815,357.016757976608,0.824621315189539,-115118400,bear,hold
2025-05-23,407.69000244140625,411.45001220703125,407.1499938964844,409.1099853515625,2087700,393.7664993286133,379.7602001953125,462.3248486328125,0.10869683750684378,62.11647557450713,10.916078921360395,8.504030467022126,2.4120484543382688,427.3330534604926,393.7664993286133,360.199945196734,0.7074014368303796,-117206100,bear,hold
2025-05-27,413.1000061035156,414.95001220703125,411.6000061035156,412.760009765625,2680400,395.99049987792966,380.1274005126953,461.82224868774415,0.12066630018859281,65.27463504348904,10.789579116761502,8.961140196970002,1.8284389197915,428.4745945174134,395.99049987792966,363.50640523844595,0.7633520560673057,-114525700,bear,hold
2025-05-28,412.2300109863281,416.3699951171875,411.4200134277344,413.80999755859375,2246500,398.05299987792966,380.38520080566406,461.2321987915039,0.11119197471132813,64.34565402869922,10.498110096781602,9.268534176932322,1.22957591984928,429.1309697735891,398.05299987792966,366.97502998227026,0.72808779267108,-116772200,bear,hold
2025-05-29,413.3599853515625,415.4200134277344,410.4700012207031,414.0,1780400,399.9719985961914,380.82500061035154,460.61749877929685,0.1023520540849141,65.04156051348012,10.240255000898173,9.462878341725492,0.7773766591726812,429.8299654742687,399.9719985961914,370.11403171811406,0.7241945476401644,-114991800,bear,hold
2025-05-30,415.0899963378906,417.8599853515625,411.5299987792969,414.1400146484375,4231300,401.9949981689453,381.36900024414064,460.0382987976074,0.10799986901138459,66.13149255629872,10.059540289347353,9.582210731249864,0.4773295580974892,430.14451892999443,401.9949981689453,373.84547740789617,0.7325971777655457,-110760500,bear,hold
2025-06-02,403.3999938964844,410.0,396.7300109863281,408.8800048828125,4153700,403.12149810791016,381.6448004150391,459.3791989135742,0.05915403961492105,53.90213198527572,8.870780246061827,9.439924634212257,-0.5691443881504306,429.549913921922,403.12149810791016,376.6930822938983,0.5052688702670284,-114914200,bear,hold
2025-06-03,412.489990234375,412.6400146484375,402.4800109863281,403.4599914550781,2737500,404.69299774169923,382.14940002441404,458.74269897460937,0.0824804305808784,60.08346387093212,8.563451940002494,9.264630095370306,-0.7011781553678116,429.36675881879376,404.69299774169923,380.0192366646047,0.6580017020573725,-112176700,bear,hold
2025-06-04,413.9100036621094,415.94000244140625,410.0799865722656,411.5400085449219,1843400,406.23949737548827,382.5382000732422,458.04144912719727,0.08076137602096778,60.964064993086474,8.338355883165548,9.079375252929355,-0.7410193697638068,429.08523487901175,406.23949737548827,383.3937598719648,0.6678760925410723,-110333300,bear,hold
2025-06-05,415.20001220703125,421.4800109863281,413.9800109863281,415.0,2275500,407.75099792480466,382.76940002441404,457.35014907836916,0.0785256276864994,61.78877667904772,8.169881239561448,8.897476450255773,-0.7275952106943251,428.6882627488246,407.75099792480466,386.8137331007847,0.6778889063312801,-108057800,bear,hold
2025-06-06,416.9200134277344,419.6499938964844,415.2799987792969,417.5400085449219,2146900,409.39749908447266,383.1516003417969,456.61914916992185,0.08575750418197092,62.91382319255966,8.081989451043853,8.73437905041339,-0.6523895993695366,427.60250569808466,409.39749908447266,391.19249247086066,0.7066056470871339,-105910900,bear,hold
2025-06-09,416.260009765625,419.0,415.1499938964844,417.29998779296875,3034200,411.04649963378904,383.5538006591797,455.88919921875,0.08604678326906101,62.157555175795224,7.868376054503813,8.561178451231475,-0.6928023967276626,424.9583471274431,411.04649963378904,397.13465214013496,0.6873766275188868,-108945100,bear,hold
2025-06-10,416.05999755859375,419.82000732421875,414.4200134277344,416.6099853515625,2627400,412.05249938964846,384.16080078125,455.14054931640624,0.05081576752317418,61.914660501461164,7.595391638368767,8.368021088658935,-0.772629450290168,424.2540214035303,412.05249938964846,399.8509773757666,0.6642212407757777,-111572500,bear,hold
2025-06-11,412.8399963378906,416.0400085449219,410.4200134277344,415.20001220703125,3385400,412.8244995117187,384.7470007324219,454.4175492858887,0.0388525482600488,57.98611067087742,7.038091595148501,8.10203518995685,-1.0639435948083484,423.00674138394885,412.8244995117187,402.6422576394886,0.5007609731906959,-114957900,bear,hold
2025-06-12,413.67999267578125,416.3900146484375,410.7699890136719,411.42999267578125,6313300,413.53499908447264,385.3566003417969,453.69444931030273,0.03557211157697737,58.721918349743795,6.5882625900053995,7.79928066996656,-1.2110180799611605,421.66744396672465,413.53499908447264,405.40255420222064,0.5089145142332926,-108644600,bear,hold
2025-06-13,391.67999267578125,399.8500061035156,383.75,392.5,10629700,412.8844985961914,385.47460021972654,452.8556492614746,-0.03214808788736678,39.305930782466895,4.405766787229425,7.120577893419133,-2.7148111061897087,424.8980544446264,412.8844985961914,400.87094274775643,-0.38252413306808325,-119274300,bear,hold
2025-06-16,401.7300109863281,405.0,391.1099853515625,392.989990234375,6798300,412.1144989013672,386.1642004394531,452.02519927978517,-0.0369189310675716,47.79735628252926,3.44733687208128,6.3859296891515624,-2.9385928170702824,424.89078866190096,412.1144989013672,399.33820914083344,0.09360314654427344,-112476000,bear,hold
2025-06-17,382.67999267578125,399.6700134277344,381.79998779296875,397.2799987792969,6866300,410.21449890136716,386.8364001464844,451.13589935302736,-0.09032994357135182,37.179228464046936,1.1374847727952329,5.3362407058802965,-4.198755933085064,427.7472703501149,410.21449890136716,392.68172745261944,-0.2852297141406176,-119342300,bear,hold
2025-06-18,378.0400085449219,385.2699890136719,377.5400085449219,383.989990234375,4808900,408.23600006103516,387.5832000732422,450.1779493713379,-0.09475342591085045,35.13206050282892,-1.0553323840676399,4.057926087890709,-5.113258471958349,430.32312676419946,408.23600006103516,386.14887335787085,-0.18356540716967198,-124151200,bear,hold
2025-06-20,376.9200134277344,382.2900085449219,373.760009765625,380.4800109863281,8126900,406.38050079345703,388.32160034179685,449.1904995727539,-0.08963115103005947,34.63630338822824,-2.850669284017158,2.676207013509136,-5.526876297526294,432.1388737119407,406.38050079345703,380.6221278749734,-0.07186235052491331,-132278100,bear,hold
2025-06-23,380.1199951171875,380.2099914550781,374.239990234375,377.5899963378906,3841800,404.6700012207031,388.6311999511719,448.23589965820315,-0.08256701798992616,37.356242490565116,-3.96951681406091,1.3470622479951269,-5.316579062056037,432.5460573818477,404.6700012207031,376.79394505955855,0.059657830332990394,-128436300,bear,hold
2025-06-24,382.3399963378906,385.0,378.510009765625,384.9599914550781,4797100,403.40250091552736,389.2770001220703,447.2713496398926,-0.062179611841619686,39.245079296270646,-4.623775985930195,0.1528946012100626,-4.7766705871402575,432.8736736296132,403.40250091552736,373.9313282014415,0.14265920494623174,-123639200,bear,hold
2025-06-25,387.54998779296875,388.04998779296875,382.0,383.6000061035156,3718800,402.125,389.9785998535156,446.3694496154785,-0.06184947454138867,43.547089678919534,-4.668067745412088,-0.8112978681143675,-3.8567698772977206,432.0160371160446,402.125,372.2339628839554,0.25619761618763237,-119920400,bear,hold
2025-06-26,384.95001220703125,389.989990234375,382.8699951171875,387.20001220703125,3139700,400.76100006103513,390.6594000244141,445.477149810791,-0.06617664423321579,41.95067436675136,-4.856977372996482,-1.6204337690907906,-3.236543603905692,431.16833319417475,400.76100006103513,370.3536669278955,0.24001357197661996,-123060100,bear,hold
2025-06-27,385.8299865722656,390.30999755859375,384.4100036621094,385.44000244140625,5083800,399.38450012207034,391.36839965820315,444.5568997192383,-0.06660054130755455,42.71610305926052,-4.879435936720597,-2.272234202616752,-2.607201734103845,429.87822155176843,399.38450012207034,368.89077869237224,0.27774910843443573,-117976300,bear,hold
2025-06-30,386.8800048828125,390.9800109863281,384.6300048828125,387.29998779296875,4645500,397.97400054931643,392.2221997070312,443.6188998413086,-0.06796114506241846,43.670556082893704,-4.7576634255580075,-2.769320047205003,-1.9883433783530045,428.03808158323073,397.97400054931643,367.9099195154021,0.31549418300880117,-113330800,bear,hold
2025-07-01,392.1000061035156,392.5799865722656,381.5199890136719,385.1000061035156,4516400,397.409001159668,393.0882000732422,442.6774998474121,-0.028011869023152336,48.28380592322419,-4.191628871564717,-3.053781812076946,-1.137847059487771,427.4686843343409,397.409001159668,367.3493179849951,0.4116924315984557,-108814400,bear,hold
2025-07-02,378.4700012207031,386.8800048828125,372.7300109863281,384.6400146484375,6912200,395.7080017089844,393.7932000732422,441.6370999145508,-0.08247470197844531,39.24576335464592,-4.787680492317861,-3.400561548125129,-1.387118944192732,426.01082094218685,395.7080017089844,365.40518247578194,0.21557101080889216,-115726600,bear,hold
2025-07-03,379.30999755859375,383.20001220703125,377.79998779296875,378.0,2863700,393.9780014038086,394.3811999511719,440.8492999267578,-0.08359306563598046,39.99127316744092,-5.133103786554102,-3.747069995810924,-1.386033790743178,423.8745828515167,393.9780014038086,364.0814199561005,0.2546876074966874,-112862900,bear,hold
2025-07-07,376.92999267578125,382.2200012207031,375.5199890136719,378.8999938964844,3545100,392.0645004272461,394.88059997558594,440.1264498901367,-0.0921724913441655,38.54795115722243,-5.535095602757792,-4.104675117200298,-1.4304204855574945,421.1714035624472,392.0645004272461,362.957597292045,0.24001858457484598,-116408000,bear,hold
2025-07-08,382.239990234375,386.6000061035156,377.17999267578125,378.5,3708200,390.33049926757815,395.30719970703126,439.4624996948242,-0.08318147864439362,43.45160124488952,-5.36337889450806,-4.3564158726618505,-1.0069630218462091,417.36621018550187,390.33049926757815,363.2947883496544,0.35037365842228646,-112699800,bear,hold
2025-07-09,373.3800048828125,384.75,370.9100036621094,383.5,4726600,388.1864990234375,395.42039978027344,438.7887496948242,-0.10301254955275685,38.00256845630573,-5.8745013432176165,-4.660032966773004,-1.2144683764446125,413.39639124244485,388.1864990234375,362.9766068044301,0.20633563182270567,-117426400,bear,hold
2025-07-10,371.42999267578125,373.5,365.510009765625,371.989990234375,4022500,385.9549987792969,395.47659973144533,438.0136996459961,-0.10726819483896011,36.90559809584095,-6.36356404925499,-5.000739183269402,-1.362824865985588,408.67921514012016,385.9549987792969,363.2307824184736,0.18040688680123512,-121448900,bear,hold
2025-07-11,363.3500061035156,371.1499938964844,362.70001220703125,368.0,3548700,383.4804992675781,395.3239996337891,437.2189497375488,-0.11987692731658128,32.69433440338561,-7.318770921012003,-5.464345530817922,-1.8544253901940815,404.6827146685411,383.4804992675781,362.27828386661514,0.025273826735384638,-124997600,bear,hold
2025-07-14,366.989990234375,367.67999267578125,360.17999267578125,363.19000244140625,2898700,381.1459991455078,395.16419921875,436.41454971313476,-0.11286502433778378,36.22490451421814,-7.693378471966639,-5.910152119047666,-1.7832263529189731,398.4584187291899,381.1459991455078,363.83357956182573,0.09116029845777204,-122098900,bear,hold
2025-07-15,364.17999267578125,368.32000732421875,363.8800048828125,367.0,2551000,379.7709991455078,394.9551989746094,435.6150996398926,-0.0702103771298922,34.71115700192642,-8.12335993710991,-6.352793682660115,-1.770566254449795,397.86888418792233,379.7709991455078,361.67311410309327,0.06925888209624535,-124649900,bear,hold
2025-07-16,361.7699890136719,365.54998779296875,358.7099914550781,364.5899963378906,3592900,377.772998046875,394.57319885253906,434.83444946289063,-0.09946984511947798,33.42123019555551,-8.559917104360636,-6.79421836700022,-1.7656987373604158,394.504197716837,377.772998046875,361.041798376913,0.02176145916381069,-128242800,bear,hold
2025-07-17,366.45001220703125,366.9599914550781,359.2799987792969,360.6000061035156,3340500,376.9614990234375,394.2809991455078,434.08979949951174,-0.04241136401008705,38.22234799951148,-8.431064976618245,-7.121587688923826,-1.3094772876944187,394.2278015269909,376.9614990234375,359.6951965198841,0.1956068963160177,-124902300,bear,hold
2025-07-18,365.7900085449219,367.7900085449219,364.0,367.07000732421875,2459200,376.3489990234375,393.9371990966797,433.3413496398926,-0.03240397768254821,37.80827540546782,-8.286681807112416,-7.354606512561545,-0.932075294550871,394.2753031737341,376.3489990234375,358.4226948731409,0.2054889175708609,-127361500,bear,hold
2025-07-21,367.67999267578125,368.2799987792969,363.1300048828125,366.489990234375,2770400,375.88699798583986,393.5913989257813,432.5908494567871,-0.024514540015861175,39.81883168841261,-7.9283580050992555,-7.469356811069088,-0.4590011940301677,394.2026667799389,375.88699798583986,357.5713291917408,0.2759567121921658,-124591100,bear,hold
2025-07-22,372.8699951171875,374.5,368.0,368.0,2449000,375.52449798583984,393.3689990234375,431.9411994934082,-0.01907292458468246,45.07034636352161,-7.143251036628044,-7.404135656180879,0.2608846195528347,393.7775773615021,375.52449798583984,357.2714186101776,0.42728616322701896,-122142100,bear,hold
2025-07-23,372.4599914550781,373.989990234375,369.260009765625,373.489990234375,1994600,375.0304977416992,393.1525988769531,431.27444946289063,-0.025840887632590515,44.73821682965005,-6.4794410140154355,-7.21919672774779,0.7397557137323547,393.05233999568196,375.0304977416992,357.00865548771645,0.42868358710516924,-124136700,bear,hold
2025-07-24,371.69000244140625,376.0,370.6099853515625,371.8999938964844,2692100,374.2374984741211,392.66759887695315,430.6138995361328,-0.04092371526543559,44.081237278064414,-5.946945777856683,-6.964746537769569,1.0178007599128858,391.35928758669365,374.2374984741211,357.1157093615485,0.4256066052453537,-126828800,bear,hold
2025-07-25,370.739990234375,372.4100036621094,369.510009765625,372.30999755859375,2053200,373.5269973754883,392.13439880371095,429.9314994812012,-0.036913940828800174,43.23758410815808,-5.537761643217948,-6.679349558859245,1.1415879156412974,389.9778738826121,373.5269973754883,357.0761208683645,0.4152930501938172,-128882000,bear,hold
2025-07-28,369.4700012207031,372.5899963378906,368.7200012207031,371.0299987792969,2984200,372.70899810791013,391.5343988037109,429.3423495483398,-0.0424020576962032,42.0782118498418,-5.255377052859785,-6.394555057659353,1.139178004799568,388.2323347843592,372.70899810791013,357.1856614314611,0.3956733028885151,-131866200,bear,hold
2025-07-29,370.70001220703125,376.1600036621094,369.7099914550781,370.45001220703125,4234200,371.8999984741211,390.85459899902344,428.71464965820314,-0.04182173405596967,43.654072201017556,-4.8761246933808025,-6.0908689848036435,1.214744291422841,386.00672659256253,371.8999984741211,357.7932703556797,0.4574675907476682,-127632000,bear,hold
2025-07-30,364.0,370.7200012207031,363.4800109863281,370.67999267578125,3295200,370.4949981689453,389.7919989013672,428.0642497253418,-0.0716654059324272,37.645871755685235,-5.057895189581984,-5.884274225759311,0.8263790361773271,381.53934551544586,370.4949981689453,359.45065082244474,0.20595826239550202,-130927200,bear,hold
2025-07-31,357.69000244140625,362.5,354.2699890136719,362.260009765625,4513100,369.4559982299805,388.5321990966797,427.33484970092775,-0.05490527310559312,33.03454161150138,-5.6460297688915375,-5.836625334385757,0.19059556549421952,381.1919674357525,369.4559982299805,357.7200290242085,-0.0012792544985321041,-135440300,bear,hold
2025-08-01,347.79998779296875,356.2900085449219,347.4599914550781,355.95001220703125,4307900,367.88049774169923,387.1359991455078,426.5967495727539,-0.083071919982171,27.374631148138064,-6.831423787098913,-6.035585024928389,-0.7958387621705239,382.09951539765774,367.88049774169923,353.6614800857407,-0.20611453036334404,-139748200,bear,hold
2025-08-04,338.8500061035156,351.2099914550781,338.0400085449219,351.1600036621094,6449300,365.97649841308595,385.6323992919922,425.74274963378906,-0.10102668217495858,23.457772171898213,-8.396258964202445,-6.5077198127832006,-1.8885391514192449,384.4116503399228,365.97649841308595,347.5413464862491,-0.23572738692977924,-146197500,bear,hold
2025-08-05,338.739990234375,342.739990234375,337.3500061035156,339.30999755859375,3909000,363.80149841308594,384.1205993652344,424.89629959106446,-0.11380284928672024,23.41342433250641,-9.535361762443472,-7.113248202715256,-2.422113559728216,384.20732034887493,363.80149841308594,343.39567647729694,-0.1140774004980538,-150106500,bear,hold
2025-08-06,345.6199951171875,345.6600036621094,339.19000244140625,341.6499938964844,3347200,362.4134979248047,382.87919921875,424.1116995239258,-0.07434787455835412,32.063271380978605,-9.770323830100892,-7.644663328192384,-2.1256605019085084,383.7783111146008,362.4134979248047,341.0486847350086,0.10698222216055209,-146759300,bear,hold
2025-08-07,338.2699890136719,347.3800048828125,332.6499938964844,344.0400085449219,4661800,360.75549774169923,381.3825988769531,423.3188995361328,-0.08927659132539278,28.376109056708884,-10.429393471650144,-8.201609356883937,-2.227784114766207,384.11747011553115,360.75549774169923,337.3935253678673,0.01875834008746416,-151421100,bear,hold
2025-08-08,341.04998779296875,341.57000732421875,336.3699951171875,338.67999267578125,3507800,359.6404968261719,379.95899841308596,422.5496495056152,-0.0613733808613004,31.58092585564006,-10.605138804183355,-8.682315246343821,-1.9228235578395338,384.4824769157134,359.6404968261719,334.7985167366304,0.12582473365257674,-147913300,bear,hold
2025-08-11,333.6499938964844,343.3999938964844,332.4700012207031,334.5299987792969,4366200,357.97349700927737,378.3647985839844,421.72934951782224,-0.09084715448668867,27.99063605512613,-11.212287637036525,-9.188309724482362,-2.0239779125541624,384.99768356590187,357.97349700927737,330.94931045265287,0.04996789520699715,-152279500,bear,hold
2025-08-12,338.42999267578125,338.760009765625,330.0400085449219,333.5199890136719,3569400,356.68599700927734,376.8315985107422,420.95594955444335,-0.07070679476597297,33.268032097663166,-11.178888242923051,-9.5864254281705,-1.592462814752551,384.834915792816,356.68599700927734,328.5370782257387,0.17572459045616848,-148710100,bear,hold
2025-08-13,351.07000732421875,351.760009765625,337.54998779296875,339.5400085449219,4375100,356.1509979248047,375.78499877929687,420.286149597168,-0.029576753225510788,44.790576697824896,-10.017005631785821,-9.672541468893565,-0.34446416289225645,384.299802618594,356.1509979248047,328.0021932310154,0.409747666804001,-144335000,bear,hold
2025-08-14,348.5799865722656,351.55999755859375,346.1000061035156,349.5,3745600,355.2574966430664,374.50679870605467,419.61469955444335,-0.04876524775409119,43.20781039073844,-9.191178966443431,-9.57626896840354,0.38509000196010845,383.175446622787,355.2574966430664,327.33954666334586,0.3804083022633951,-148080600,bear,hold
2025-08-15,354.8500061035156,357.2900085449219,348.0,348.3299865722656,3718700,354.7104965209961,373.32559875488283,418.9703495788574,-0.029907876611842243,48.17405370775834,-7.939248494335345,-9.2488648735899,1.309616379254555,382.2070698138888,354.7104965209961,327.21392322810345,0.5025368539751018,-144361900,bear,hold
2025-08-18,357.239990234375,358.3900146484375,353.0,355.67999267578125,2923000,354.1884963989258,372.16639831542966,418.3513494873047,-0.028394263080320004,49.96994948353598,-6.677261515785176,-8.734544202028955,2.057282686243779,381.0698971795596,354.1884963989258,327.307095618292,0.5567584602519599,-141438900,bear,hold
2025-08-19,361.0299987792969,364.239990234375,358.1199951171875,359.2200012207031,2808000,353.59649658203125,371.04859802246096,417.729549407959,-0.03175368491146491,52.765230917835886,-5.31009426671892,-8.049654214966948,2.7395599482480275,379.30193190003916,353.59649658203125,327.89106126402334,0.6445900858185057,-138630900,bear,hold
2025-08-20,353.42999267578125,363.0,353.20001220703125,361.67999267578125,3727900,352.6449966430664,369.79199768066405,417.063299407959,-0.05109273268506764,47.08418742991708,-4.7847062334948305,-7.396664618672524,2.6119583851776937,376.85217023475104,352.6449966430664,328.43782305138177,0.5162141199537748,-142358800,bear,hold
2025-08-21,353.42999267578125,353.82000732421875,347.0,349.9100036621094,2363200,351.7319961547852,368.5393975830078,416.44004943847654,-0.049126986590131705,47.08418742991707,-4.318550865772295,-6.781041868092479,2.462491002320184,374.3203508605636,351.7319961547852,329.14364144900674,0.5375856617959364,-139995600,bear,hold
2025-08-22,362.0899963378906,362.6499938964844,354.0,355.79998779296875,3058600,351.29949645996095,367.52439758300784,415.83649948120114,-0.023331699099997327,53.67540175301685,-3.213288665983498,-6.067491227670683,2.8542025616871847,372.71636855050366,351.29949645996095,329.88262436941824,0.7519158687671894,-136937000,bear,hold
2025-08-25,363.2099914550781,364.6499938964844,361.3999938964844,362.55999755859375,2259500,350.9864959716797,366.51499755859373,415.245799407959,-0.016943215267660072,54.46536084224148,-2.221379483969031,-5.298268878930353,3.076889394961322,371.4957393139808,350.9864959716797,330.4772526293786,0.797999669694957,-134677500,bear,hold
2025-08-26,354.9100036621094,363.2300109863281,353.70001220703125,363.0299987792969,4067400,350.1969955444336,365.7795977783203,414.5882493591309,-0.04259511201770172,47.94089338229664,-2.081035082867288,-4.65482211971774,2.573787036850452,368.73048029022044,350.1969955444336,331.66351079864677,0.6271484608081371,-138744900,bear,hold
2025-08-27,356.3500061035156,360.3699951171875,355.1600036621094,355.9800109863281,2353800,349.8144958496094,364.87199768066404,413.8458494567871,-0.021016466748583484,49.080562396492695,-1.8324911541099027,-4.090355926596173,2.25786477248627,367.48854898249624,349.8144958496094,332.14044271672253,0.684889968496964,-136391100,bear,hold
2025-08-28,353.9599914550781,358.260009765625,349.1099853515625,357.6300048828125,3803100,349.627995300293,364.29759765625,413.11104934692383,-0.010428054910310625,47.23238389910815,-1.8075363539147702,-3.6337920120598923,1.8262556581451221,367.04251023100613,349.627995300293,332.2134803695798,0.6243788923211696,-140194200,bear,hold
2025-08-29,356.70001220703125,357.25,352.4599914550781,354.0,2639300,350.07299652099607,363.8707977294922,412.42114944458007,0.025589490300270912,49.57663526599878,-1.5488090133906098,-3.2167954123260363,1.6679863989354264,367.73107082888123,350.07299652099607,332.4149222131109,0.6876483123382232,-137554900,bear,hold
2025-09-02,345.6300048828125,352.7099914550781,341.2799987792969,350.239990234375,4229400,350.41199645996096,363.24499755859375,411.6268994140625,0.020008849512092475,41.54608122563858,-2.211529669745005,-3.0157422638098303,0.8042125940648255,367.44446065588824,350.41199645996096,333.3795322640337,0.3596212643649089,-141784300,bear,hold
2025-09-03,348.5,348.510009765625,343.3599853515625,345.7200012207031,3035300,350.8999969482422,362.61259765625,410.7372994995117,0.02881268833618389,44.07532039253607,-2.4766071584550673,-2.907915242738878,0.4313080842838106,367.10605318984057,350.8999969482422,334.6939407066438,0.42595370173769476,-138749000,bear,hold
2025-09-04,344.30999755859375,344.4100036621094,331.5,342.239990234375,4918300,350.8344970703125,361.85199768066406,409.79634948730467,-0.003790282903480713,41.26790612772077,-2.9903107172038403,-2.924394337631871,-0.0659163795719695,367.1356943421003,350.8344970703125,334.53329979852475,0.2998766776778224,-143667300,bear,hold
2025-09-05,348.9700012207031,354.6700134277344,345.1000061035156,345.80999755859375,4662600,351.36949768066404,361.08039794921876,408.89184951782227,0.03163157405192929,45.4309775659341,-2.9869692164860453,-2.936909313402706,-0.0500599030833393,366.6569443705138,351.36949768066404,336.08205099081425,0.42152069247920654,-139004700,bear,hold
2025-09-08,358.6600036621094,358.82000732421875,343.5899963378906,348.8599853515625,5043300,352.24999847412107,360.5545977783203,408.16829956054687,0.05163470605320941,52.90620454534237,-2.1773200486151154,-2.7849914604451884,0.607671411830073,367.0802627446772,352.24999847412107,337.41973420356493,0.7161123049140353,-133961400,bear,hold
2025-09-09,354.05999755859375,362.75,353.0299987792969,362.75,4324900,353.27049865722654,359.91919799804685,407.44104949951173,0.06117189880255669,49.44356568897274,-1.8851188222317319,-2.6050169328024975,0.7198981105707656,365.4045104059928,353.27049865722654,341.13648690846026,0.5325324763859521,-138286300,bear,hold
2025-09-10,350.1600036621094,359.19000244140625,348.1199951171875,356.2900085449219,4552500,353.856999206543,359.18479797363284,406.6937995910645,0.034660081080832406,46.655556696796545,-1.9458140260985033,-2.4731763514616985,0.5273623253631952,364.04253904533755,353.856999206543,343.6714593677484,0.31851744713851443,-142838800,bear,hold
2025-09-11,350.54998779296875,355.25,347.1600036621094,354.69000244140625,11804200,353.8309982299805,358.3537976074219,405.9490495300293,-0.0014812416908339676,46.977524230391744,-1.940082884488504,-2.3665576580670598,0.4264747735785557,364.0474710925694,353.8309982299805,343.61452536739154,0.33942548073385215,-131034600,bear,hold
2025-09-12,349.3599853515625,366.5,341.6099853515625,361.1000061035156,14146600,353.8699981689453,357.77159729003904,405.17364944458006,0.0022376464781208583,46.063896720695716,-2.008412436849426,-2.294928613823533,0.28651617697410714,364.0116745745975,353.8699981689453,343.7283217632931,0.27764954052028057,-145181200,bear,hold
2025-09-15,347.1000061035156,358.0,345.04998779296875,350.5,6768600,353.4824981689453,357.1273974609375,404.34839935302733,-0.021840213799345976,44.30175335234537,-2.219342340260198,-2.279811359110866,0.06046901885066802,364.0289407312407,353.4824981689453,342.9360556066499,0.19741019174333985,-151949800,bear,hold
2025-09-16,352.7300109863281,356.94000244140625,348.32000732421875,350.1600036621094,6697000,353.25699920654296,356.6433978271484,403.5183995056152,-0.012624508373455079,49.48595316599538,-1.9101919623631716,-2.2058874797613273,0.2956955173981557,363.6643787835193,353.25699920654296,342.84961962956663,0.4746819928918198,-145252800,bear,hold
2025-09-17,362.07000732421875,365.0,353.17999267578125,353.17999267578125,6449900,353.3089996337891,356.2399981689453,402.70224960327147,0.002880670715559086,56.68821503775237,-0.9011406255197016,-1.9449381089130022,1.0437974833933006,363.88031229714204,353.3089996337891,342.73768697043613,0.9143765286973781,-138802900,bear,hold
2025-09-18,367.4599914550781,370.8599853515625,365.8500061035156,366.8599853515625,4752400,354.01049957275393,356.1215979003906,401.971149597168,0.0396966841242794,60.21367685350679,0.3296663140760643,-1.490017224315189,1.8196835383912533,366.2510644621245,354.01049957275393,341.7699346833834,1.0493819935550301,-134050500,bear,hold
2025-09-19,365.8999938964844,370.30999755859375,362.5400085449219,368.94000244140625,7693000,354.6339996337891,356.0109979248047,401.2209996032715,0.035282804173732085,58.72381730944576,1.1657726146228242,-0.9588592565275864,2.1246318711504104,367.9186161848893,354.6339996337891,341.34938308268886,0.9240240664591206,-141743500,bear,hold
2025-09-22,364.0799865722656,365.3800048828125,359.3599853515625,364.1600036621094,4709600,354.73349914550784,356.02559753417967,400.46039947509763,0.0054958442776695815,56.95328894339177,1.6623707260579863,-0.4346132600104719,2.0969839860684583,368.2674709489547,354.73349914550784,341.19952734206095,0.845297284584906,-146453100,bear,hold
2025-09-23,361.7799987792969,368.7300109863281,361.29998779296875,364.17999267578125,3831100,354.66199951171876,355.9213977050781,399.687999420166,-0.003937096196204526,54.708475265153474,1.849024115053112,0.022114215002244864,1.826909900050867,368.03018529098307,354.66199951171876,341.29381373245445,0.7662290674707334,-150284200,bear,hold
2025-09-24,353.2699890136719,355.6000061035156,347.79998779296875,355.6000061035156,6140000,354.5799987792969,355.70319763183596,398.7718994140625,-0.004620931029035935,47.28253495203827,1.2953298474631652,0.27675734149442893,1.0185725059687363,367.9612069453059,354.5799987792969,341.1987906132879,0.4510503928579221,-156424200,bear,hold
2025-09-25,354.1600036621094,357.0,351.5,351.9100036621094,3336700,354.4704986572266,355.5509979248047,397.8515995788574,-0.00614565007407375,48.076340114794256,0.9177605231873258,0.40495797783300835,0.5128025453543175,367.82779871634284,354.4704986572266,341.11319859811033,0.4883773294848872,-153087500,bear,hold
2025-09-26,360.3699951171875,360.7200012207031,352.7799987792969,353.7099914550781,3073000,354.790998840332,355.4293975830078,396.8886494445801,0.018109401674914594,53.35411944134818,1.1068692253913355,0.5453402273446738,0.5615289980466617,368.38935431352485,354.790998840332,341.19264336713917,0.7051349623803284,-150014500,bear,hold
2025-09-29,359.4200134277344,363.1700134277344,358.79998779296875,362.0400085449219,4075900,354.9269989013672,355.30199768066404,395.9460995483398,0.007625458726153278,52.47539926563655,1.166635404593137,0.6695992627943665,0.49703614179877054,368.65281313266644,354.9269989013672,341.20118467006796,0.6636702366305406,-154090400,bear,hold
2025-09-30,352.75,362.0,349.8999938964844,360.5400085449219,5360700,355.2829986572266,355.00339782714843,394.974599609375,0.02060004923357739,46.66423741472073,0.668084925064818,0.6692963952484569,-0.0012114701836388742,368.38078771853577,355.2829986572266,342.1852095959174,0.4033043422302069,-159451100,bear,hold
2025-10-01,343.7200012207031,349.8299865722656,340.04998779296875,347.1600036621094,6505700,355.0439987182617,354.42039794921874,393.9435496520996,-0.013715921891813143,40.177378106482166,-0.45047258886927466,0.44534259842491064,-0.8958151872941853,368.78671905296517,355.0439987182617,341.30127838355827,0.08800014765042691,-165956800,bear,hold
2025-10-02,351.4800109863281,351.7300109863281,342.4200134277344,343.760009765625,3955400,355.4024993896484,354.00079833984375,393.3277996826172,0.02082429635669869,46.99630050937628,-0.7026696046495999,0.21574015781000858,-0.9184097624596085,368.35799694103014,355.4024993896484,342.4470018382667,0.3486168366840544,-162001400,bear,hold
2025-10-03,346.739990234375,352.5899963378906,346.30999755859375,352.0,3122100,355.290998840332,353.5017980957031,392.73304962158204,-0.006390265577349119,43.718249355096546,-1.270373541902245,-0.08148258213244217,-1.188890959769803,368.5018880514415,355.290998840332,342.08010962922253,0.176365138284326,-165123500,bear,hold
2025-10-06,350.1400146484375,357.3399963378906,342.0400085449219,346.92999267578125,5340200,354.86499938964846,353.08979858398436,392.17609970092775,-0.023755057510394972,46.595743215489854,-1.4294516187772501,-0.3510763894614038,-1.0783752293158464,368.16305114738634,354.86499938964846,341.5669476319106,0.3223429707114209,-159783300,bear,hold
2025-10-07,348.30999755859375,353.3299865722656,344.239990234375,352.5899963378906,3275500,354.57749938964844,352.6665985107422,391.64149963378907,-0.016240185391314776,45.25462346901711,-1.6837796620283711,-0.6176170439747972,-1.066162618053574,368.1779243742914,354.57749938964844,340.97707440500545,0.269584338793395,-163058800,bear,hold
2025-10-08,348.7699890136719,354.04998779296875,347.5199890136719,350.0,3285000,354.50799865722655,352.227998046875,391.17879959106443,-0.003969655682831252,45.67785452708504,-1.8271566777085582,-0.8595249707215494,-0.9676317069870087,368.2118236710146,354.50799865722655,340.8041736434385,0.29064204199260424,-159773800,bear,hold
2025-10-09,347.4700012207031,350.6000061035156,344.29998779296875,349.7699890136719,2895500,354.35399932861327,351.89739807128905,390.7291995239258,-0.008786155126283002,44.62780495384438,-2.022369529003015,-1.0920938823778426,-0.9302756466251725,368.2993737738784,354.35399932861327,340.4086248833481,0.2531798757025323,-162669300,bear,hold
2025-10-10,337.510009765625,348.7200012207031,336.94000244140625,347.9100036621094,4282400,353.7615005493164,351.4937982177734,390.18089950561523,-0.03391909801579829,37.51262434285335,-2.946796357299718,-1.4630343773622176,-1.4837619799375001,369.4083919646678,353.7615005493164,338.11460913396496,-0.019320111333640966,-166951700,bear,hold
2025-10-13,339.32000732421875,340.2799987792969,335.6099853515625,339.25,3020100,353.37250061035155,351.32419860839843,389.64379959106446,-0.022414285919017396,39.403367760431685,-3.493093396364543,-1.8690461811626826,-1.6240472152018604,370.0175049905721,353.37250061035155,336.727496230131,0.07787655187307888,-163931600,bear,hold
2025-10-14,335.94000244140625,338.82000732421875,332.7200012207031,335.2200012207031,3036900,352.53300018310546,351.26599853515626,389.08379959106446,-0.04760017016406537,37.14318540751281,-4.150926584045806,-2.325422261739307,-1.8255043223064984,370.8341741030166,352.53300018310546,334.2318262631943,0.04666848655958338,-166968500,bear,hold
2025-10-15,330.6300048828125,335.6000061035156,329.2099914550781,335.4200134277344,3929900,350.9610000610352,351.103798828125,388.486149597168,-0.08683404260340466,33.85749501444354,-5.042608498338666,-2.8688595090591793,-2.1737489892794866,371.0310167250712,350.9610000610352,330.89098339699916,-0.006501701482249268,-170898400,bear,hold
2025-10-16,329.2300109863281,336.6499938964844,327.5,333.8599853515625,4570900,349.0495010375977,350.7759991455078,387.899899597168,-0.10403848407377869,33.02793945940313,-5.795434485628562,-3.4541745043730563,-2.3412599812555053,369.7423521861742,349.0495010375977,328.3566498890212,0.021102966696955647,-175469300,bear,hold
2025-10-17,333.260009765625,335.1000061035156,327.70001220703125,327.75,4035000,347.41750183105466,350.67579956054686,387.33719970703123,-0.08920465885575679,37.75568203131732,-5.997729194294891,-3.9628854423574236,-2.0348437519374674,367.68111917901547,347.41750183105466,327.15388448309386,0.15066720757894736,-171434300,bear,hold
2025-10-20,343.3999938964844,344.20001220703125,334.25,334.6400146484375,3903200,346.3835021972656,350.72279968261716,386.83079971313475,-0.05680068511998948,47.75019967526362,-5.278984386437344,-4.226105231173408,-1.0528791552639358,365.19939870804944,346.3835021972656,327.5676056864818,0.4207184122459613,-167531100,bear,hold
2025-10-21,357.54998779296875,358.3699951171875,343.32000732421875,343.5899963378906,4389700,346.17200164794923,351.2007995605469,386.4135496520996,-0.011692219029799444,57.90735330080026,-3.5269314268700214,-4.086270470312731,0.5593390434427095,364.37603115481363,346.17200164794923,327.96797214108483,0.8125128461456594,-163141400,bear,hold
2025-10-22,354.0899963378906,360.19000244140625,352.8699951171875,355.4800109863281,3436000,346.21300201416017,351.51399963378907,386.031149597168,0.002321191580717752,55.08739257572268,-2.390058125313601,-3.747028001312905,1.356969875999304,364.4843623690946,346.21300201416017,327.94164165922575,0.7155557706354134,-166577400,bear,hold
2025-10-23,354.1199951171875,354.3500061035156,348.7099914550781,352.510009765625,2408100,346.21100158691405,351.57499938964844,385.645849609375,-0.00011296742858646347,55.10780494541617,-1.4697152300156517,-3.2915654470534546,1.8218502170378028,364.47888964658847,346.21100158691405,327.94311352723963,0.7164725748383639,-164169300,bear,hold
2025-10-24,353.5199890136719,358.1000061035156,353.2900085449219,357.2099914550781,2016900,345.8685012817383,351.6737994384766,385.3002995300293,-0.019008258723893223,54.57355538507643,-0.7797637022989647,-2.789205098102557,2.0094413958035924,363.2993747024092,345.8685012817383,328.4376278610674,0.7194809045787643,-166186200,bear,hold
2025-10-27,357.79998779296875,358.55999755859375,352.4100036621094,355.57000732421875,2828200,345.7875,351.7327990722656,384.9913995361328,-0.004507332853604051,57.72214909853608,0.11110721152323322,-2.209142636177399,2.3202498477006324,362.97913986249705,345.7875,328.595860137503,0.8493700394217063,-163358000,bear,hold
2025-10-28,359.9100036621094,363.70001220703125,357.79998779296875,360.0,3005600,346.14550018310547,351.7861993408203,384.7613494873047,0.02029767161476781,59.22270790058692,0.9761371738906632,-1.5720866741637867,2.54822384805445,364.1797333335513,346.14550018310547,328.1112670326596,0.8816215351153872,-160352400,bear,hold
2025-10-29,337.8599853515625,355.5199890136719,337.04998779296875,355.5199890136719,6746500,345.8524993896484,351.32279907226564,384.4081494140625,-0.017048806727362642,42.31895968693094,-0.1162326886160372,-1.2809158770542368,1.1646831884381996,364.22213492294617,345.8524993896484,327.48286385635066,0.28245311335659684,-167098900,bear,hold
2025-10-30,339.239990234375,344.70001220703125,333.1000061035156,338.20001220703125,4373200,345.2404983520508,351.0389990234375,384.04079940795896,-0.03482423002549995,43.40766100786765,-0.8606675738470813,-1.1968662164128059,0.3361986425657246,363.6349705287042,345.2404983520508,326.8460261753974,0.33689371295764187,-162725700,bear,hold
2025-10-31,340.30999755859375,341.260009765625,336.79998779296875,338.70001220703125,3763400,344.9189987182617,350.77659912109374,383.6559494018555,-0.018544133520436934,44.285738518640485,-1.3487493916962308,-1.2272428514694909,-0.1215065402267399,363.4218479862365,344.9189987182617,326.4161494502869,0.3754515833503182,-158962300,bear,hold
2025-11-03,337.4700012207031,342.4599914550781,332.8800048828125,340.30999755859375,3916600,344.285498046875,350.28419921875,383.2086494445801,-0.03618556262544248,42.40508470798438,-1.9423317273163434,-1.3702606266388615,-0.5720711006774819,362.8972107543585,344.285498046875,325.67378533939143,0.3169030187256377,-162878900,bear,hold
2025-11-04,335.3500061035156,340.54998779296875,332.80999755859375,335.0199890136719,3694300,343.6374984741211,349.72699951171876,382.7354495239258,-0.037208209772669365,41.0052205845203,-2.554370697878994,-1.6070826408868881,-0.947288056992106,362.5437281381962,343.6374984741211,324.73126881004606,0.2808264123027901,-166573200,bear,hold
2025-11-05,335.5299987792969,336.8399963378906,331.239990234375,332.6099853515625,2646700,342.97549896240236,349.3393994140625,382.23129959106444,-0.037961953870566556,41.1827528513287,-2.9904203821848796,-1.8837501891464865,-1.106670193038393,362.043020173333,342.97549896240236,323.9079777514717,0.3047596197549455,-163926500,bear,hold
2025-11-06,327.3500061035156,333.20001220703125,324.54998779296875,333.0,3888700,341.969499206543,348.7593994140625,381.68144958496094,-0.05790426525024772,35.89596254474483,-3.950510913743983,-2.297102334065986,-1.653408579677997,362.0770430247418,341.969499206543,321.8619553883442,0.13646745631369306,-167815200,bear,hold
2025-11-07,326.95001220703125,331.010009765625,323.0299987792969,325.8299865722656,4112600,341.4414993286133,348.21919982910157,381.1297996520996,-0.03128795369928983,35.65492683197458,-4.6896068727905345,-2.775603241810896,-1.9140036309796384,362.5208202770542,341.4414993286133,320.3621783801724,0.15626295180410238,-171927800,bear,hold
2025-11-10,328.8500061035156,329.9599914550781,325.0,328.0,3087000,340.9179992675781,347.6621997070313,380.59714965820314,-0.03085583223714561,37.791743891762025,-5.06366138032638,-3.2332148695139926,-1.8304465108123873,362.6907013749041,340.9179992675781,319.14529716025214,0.22286413729047636,-168840800,bear,hold
2025-11-11,333.2200012207031,334.0,329.1300048828125,329.5,2827200,340.781999206543,347.41399963378905,380.07024963378905,-0.008096687506506606,42.519811280262964,-4.950414886793055,-3.5766548729698053,-1.37376001382325,362.71080029765636,340.781999206543,318.8531981154296,0.32757839896444774,-166013600,bear,hold
2025-11-12,337.04998779296875,338.3999938964844,333.17999267578125,333.6099853515625,2990200,341.1029983520508,347.18499938964845,379.54129959106444,0.01941742375266786,46.3672084095167,-4.499748022712481,-3.761273502918341,-0.7384745197941402,362.6119067291941,341.1029983520508,319.5940899749075,0.4057829786613199,-163023400,bear,hold
2025-11-13,333.6000061035156,340.0,332.79998779296875,335.010009765625,3084600,341.32149810791014,346.9707995605469,379.00089965820314,0.013273380224650744,43.54009992009237,-4.370594483087643,-3.8831376989522015,-0.4874567841354418,362.42854867737856,341.32149810791014,320.21444753844173,0.31708737611204324,-166108000,bear,hold
2025-11-14,331.1099853515625,333.75,328.5899963378906,332.9100036621094,2761400,341.21399688720703,346.61359924316406,378.42644958496095,-0.006451492381502888,41.57002530982513,-4.418232601963723,-3.990156679554506,-0.4280759224092172,362.5052823671478,341.21399688720703,319.92271140726626,0.26271955149998205,-168869400,bear,hold
2025-11-17,325.07000732421875,332.3800048828125,324.42999267578125,331.1099853515625,3300000,340.29749755859376,345.9417993164063,377.8645495605469,-0.053377946703723866,37.175905595201236,-4.887027294410132,-4.169530802525632,-0.7174964918844999,362.6834064418177,340.29749755859376,317.91158867536984,0.15988671012177336,-172169400,bear,hold
2025-11-18,324.4700012207031,326.6400146484375,320.79998779296875,323.7799987792969,3286400,338.6434982299805,345.3499993896484,377.2938995361328,-0.09251849448088878,36.76021080468157,-5.246487699377553,-4.384922181896016,-0.8615655174815373,360.569699579497,338.6434982299805,316.71729688046395,0.17679086807278002,-175455800,bear,hold
2025-11-19,318.1099853515625,323.3599853515625,315.17999267578125,323.17999267578125,3738400,336.84449768066406,344.7089990234375,376.683299407959,-0.10161261644905151,32.5991291494788,-5.9756788814415245,-4.703073521805118,-1.2726053596364064,359.3037688883386,336.84449768066406,314.38522647298953,0.08292252326736646,-179194200,bear,hold
2025-11-20,312.3999938964844,323.17999267578125,312.0899963378906,318.8699951171875,3884800,334.7584976196289,343.9459991455078,376.05714935302734,-0.1178131757482288,29.383314755282782,-6.934381503333327,-5.14933511811076,-1.785046385222567,358.1429255338717,334.7584976196289,311.3740697053861,0.021936054943499865,-183079000,bear,hold
2025-11-21,324.19000244140625,327.75,311.5899963378906,313.57000732421875,4825400,333.2919982910156,343.4425994873047,375.50109939575196,-0.08296556767298191,42.086871877582766,-6.665963998344978,-5.452660894157604,-1.213303104187374,355.43175650906755,333.2919982910156,311.15224007296365,0.29444229336280836,-178253600,bear,hold
2025-11-24,318.7300109863281,325.7699890136719,318.3399963378906,325.0,5414400,331.33849945068357,342.8751995849609,374.9293994140625,-0.10919501995412983,38.62179409736398,-6.815254855544481,-5.725179686434979,-1.090075169109502,351.26803150850907,331.33849945068357,311.4089673928581,0.18367324361224482,-183668000,bear,hold
2025-11-25,319.54998779296875,321.5199890136719,315.57000732421875,317.7699890136719,3765000,329.32049865722655,342.21159912109374,374.27164932250975,-0.11213918884853058,39.42834186045899,-6.789142649623557,-5.937972279072695,-0.8511703705508618,344.98653102264814,329.32049865722655,313.65446629180497,0.1881625597230512,-179903000,bear,hold
2025-11-26,317.5199890136719,321.6700134277344,316.1000061035156,319.20001220703125,3025000,328.30349884033205,341.32059875488284,373.56514923095705,-0.06020244249026918,38.093749855899766,-6.8532524461864455,-6.121028312495445,-0.732224133691,344.25822398786005,328.30349884033205,312.34877369280406,0.16205905376154467,-182928000,bear,hold
2025-11-28,320.1300048828125,322.30999755859375,317.5199890136719,317.79998779296875,1802200,327.3479995727539,340.3739990234375,372.851999206543,-0.05633175893667408,40.86524950864233,-6.617174782181053,-6.220257606432567,-0.3969171757484853,342.8509402945692,327.3479995727539,311.8450588509386,0.2672056282913977,-181125800,bear,hold
2025-12-01,322.8500061035156,326.1400146484375,316.1099853515625,316.3900146484375,3651300,326.475,339.51299926757815,372.170149230957,-0.0513061372875826,43.69431630123196,-6.139824095828033,-6.204170904311661,0.06434680848362806,340.8880624331156,326.475,312.06193756688447,0.3742462293039269,-177474500,bear,hold
2025-12-02,322.80999755859375,325.9599914550781,318.0799865722656,321.6199951171875,3959500,325.7419998168945,338.6875994873047,371.48339920043946,-0.04344090914475629,43.66122874234844,-5.699053452316434,-6.103147413912616,0.4040939615961818,339.3101850248583,325.7419998168945,312.17381460893074,0.3919530426007214,-181434000,bear,hold
2025-12-03,326.7799987792969,326.989990234375,320.6300048828125,321.9800109863281,3082200,325.3134994506836,337.9875994873047,370.79674926757815,-0.025555411266560024,47.878928684733424,-4.972078594895777,-5.876933650109248,0.9048550552134715,338.16316602187044,325.3134994506836,312.46383287949675,0.5570637113612602,-178351800,bear,hold
2025-12-04,328.7300109863281,330.8900146484375,324.1199951171875,328.57000732421875,3592300,324.97350006103517,337.49679992675783,370.1554493713379,-0.020266407825553667,49.86432208404495,-4.190293005245792,-5.539605521136557,1.349312515890765,337.06112477224946,324.97350006103517,312.8858753498209,0.6553866460549465,-174759500,bear,hold
2025-12-05,346.260009765625,348.5899963378906,329.7099914550781,330.6000061035156,7650400,325.91900024414065,337.33880004882815,369.613299407959,0.0577669262548588,63.37188611455399,-2.1316258400177617,-4.858009584912798,2.7263837448950365,341.1514764598082,325.91900024414065,310.6865240284731,1.1676855828785861,-167109100,bear,hold
2025-12-08,339.1199951171875,348.4800109863281,338.05999755859375,347.45001220703125,4293600,326.5274993896484,336.91380004882814,369.0872993469238,0.03722276328422325,56.674301351724445,-1.0639917555689635,-4.099206019044032,3.0352142634750683,342.8120903521092,326.5274993896484,310.2429084271877,0.8866383796979396,-171402700,bear,hold
2025-12-09,344.32000732421875,347.7799987792969,338.4800109863281,341.3999938964844,4267700,327.3009994506836,336.61179992675784,368.58679931640626,0.04704272748541016,59.990740568322316,0.19941474597681008,-3.239481866039864,3.438896612016674,345.32960321442886,327.3009994506836,309.27239568693835,0.9720001641990612,-167135000,bear,hold
2025-12-10,343.1300048828125,347.9200134277344,340.57000732421875,342.1300048828125,6789900,327.79649963378904,336.4194000244141,368.0853993225098,0.029740122519072987,58.87997538173438,1.0920616422212674,-2.3731731643876377,3.465234806608905,346.9577375412853,327.79649963378904,308.63526172629275,0.9001178139702724,-173924900,bear,hold
2025-12-11,350.42999267578125,357.0,333.7900085449219,341.6499938964844,10158700,328.4654998779297,336.5535998535156,367.6300492858887,0.03969739020145324,63.36158183140888,2.3613189302596425,-1.4262747454581817,3.787593675717824,349.6950167277074,328.4654998779297,307.23598302815196,1.0173102372812959,-163766200,bear,hold
2025-12-12,356.42999267578125,362.7099914550781,349.0899963378906,351.5400085449219,5483900,329.606999206543,336.6525994873047,367.22624923706053,0.06843521029547439,66.5851283893173,3.807474139631438,-0.37952496844025774,4.186999108071696,354.03260551341276,329.606999206543,305.1813928996732,1.0490752846060205,-158282300,bear,hold
2025-12-15,351.1499938964844,355.0,343.8800048828125,352.6000061035156,5480100,330.60899963378904,336.74079956054686,366.78919921875,0.060523721517018014,61.46051962648861,4.475915222817775,0.591563069811349,3.8843521530064264,356.7807889231199,330.60899963378904,304.43721034445815,0.8924262501813167,-163762400,bear,hold
2025-12-16,347.8900146484375,355.8599853515625,345.42999267578125,350.0,4118200,331.75,336.6957995605469,366.32504928588867,0.07020028550791069,58.468456190523995,4.688559718657245,1.4109623995805283,3.277597319076717,358.8303551691732,331.75,304.6696448308268,0.7980022704209291,-167880600,bear,hold
2025-12-17,354.6600036621094,357.79998779296875,347.79998779296875,347.8900146484375,4371600,333.25950012207034,336.8227996826172,365.8681993103027,0.09304404822580548,62.546270542772476,5.341786755306998,2.1971272707258223,3.144659484581176,361.8707785054055,333.25950012207034,304.6482217387352,0.8739871957714395,-163509000,bear,hold
2025-12-18,355.80999755859375,358.3399963378906,351.3599853515625,355.8699951171875,3352700,335.1445007324219,336.96359985351563,365.3910493469238,0.11851250807284996,63.2071242995114,5.884436661742939,2.9345891489292457,2.949847512813693,364.4735949716778,335.1445007324219,305.81540649316594,0.8523036998277269,-160156300,bear,hold
2025-12-19,355.8599853515625,357.54998779296875,351.5899963378906,355.5299987792969,8706300,337.31750030517577,337.1313995361328,364.94644927978516,0.13911649265101733,63.23748896998292,6.246518245292918,3.5969749682019803,2.649543277090938,366.01718327697125,337.31750030517577,308.6178173333803,0.8230433775977473,-151450000,bear,hold
2025-12-22,357.5299987792969,359.57000732421875,354.70001220703125,355.5899963378906,2960800,338.9845001220703,337.53179931640625,364.4870993041992,0.10284091454645172,64.29758004283954,6.592235448915801,4.196027064344745,2.3962083845710564,368.30682997500105,338.9845001220703,309.66217026913955,0.8162350800608869,-148489200,bear,hold
2025-12-23,352.4200134277344,359.6700134277344,350.5799865722656,357.4700012207031,3052500,340.66900024414065,337.7937994384766,364.07379943847656,0.10570075386735822,58.7180923663695,6.380337156485268,4.6328890827728495,1.7474480737124187,368.99747713377246,340.66900024414065,312.34052335450883,0.7074063711468827,-151541700,bear,hold
2025-12-24,352.9800109863281,354.75,351.1099853515625,352.2099914550781,1166500,342.3405014038086,338.134599609375,363.67039947509767,0.10461594263936624,59.136582803430365,6.186281750776686,4.943567616373617,1.2427141344030694,369.4040672829683,342.3405014038086,315.27693552464893,0.6965651834282575,-150375200,bear,hold
2025-12-26,353.79998779296875,356.2300109863281,352.2799987792969,352.5,1455100,344.1545013427734,338.59799926757813,363.24639938354494,0.11426051913139457,59.77952669657821,6.029156357651175,5.160685364629129,0.8684709930220462,369.10097631580794,344.1545013427734,319.2080263697389,0.6933236351152109,-148920100,bear,hold
2025-12-29,353.1600036621094,356.67999267578125,351.1600036621094,353.3699951171875,2794000,345.8060012817383,339.07659912109375,363.122999420166,0.10317682902415815,58.999270269991165,5.786291217468431,5.285806535196989,0.5004846822714422,368.43786673203664,345.8060012817383,323.17413583143997,0.6624700888338423,-151714100,bear,hold
2025-12-30,352.510009765625,355.2699890136719,350.010009765625,352.0299987792969,2252600,347.28900146484375,339.46159912109374,362.91184951782225,0.0918692987498333,58.16884589911735,5.478220255868166,5.324289279331225,0.153930976536941,367.46317749792945,347.28900146484375,327.11482543175805,0.6293983033611579,-153966700,bear,hold
2025-12-31,349.989990234375,352.8800048828125,349.69000244140625,351.010009765625,2116200,348.6480010986328,339.59339904785156,362.6650994873047,0.0841981130737679,54.9401819043466,4.973397058322405,5.254110835129461,-0.28071377680705645,365.41775363746166,348.6480010986328,331.8782485598039,0.5400121925661978,-156082900,bear,hold
2026-01-02,333.29998779296875,351.1199951171875,331.6400146484375,350.67999267578125,5643500,348.97400054931643,339.10839904785155,362.37474945068357,0.019952227914889598,39.35865975106846,3.1898072124028545,4.841250110584141,-1.651442898181286,364.2144039247079,348.97400054931643,333.733597173925,-0.014225653031479877,-161726400,bear,hold
2026-01-05,331.55999755859375,334.4700012207031,327.44000244140625,330.1099853515625,5012100,349.11549987792966,338.6577990722656,362.09309936523437,0.008608847618671867,38.144090867044795,1.617254041348815,4.196450896737076,-2.579196855388261,363.6370522795001,349.11549987792966,334.59394747635923,-0.104463690722122,-166738500,bear,hold
2026-01-06,335.989990234375,336.3999938964844,329.5,330.0,3187400,348.6019989013672,338.2951989746094,361.82499938964844,-0.029659848788780252,42.969456641593396,0.7201561972365766,3.5011919568369763,-2.7810357596003996,364.1790906409747,348.6019989013672,333.0249071617597,0.09517447551124233,-163551100,bear,hold
2026-01-07,338.1000061035156,342.7799987792969,334.6199951171875,336.239990234375,3183100,348.5509994506836,337.98679931640623,361.5791993713379,-0.003007752501645977,45.16369899498237,0.17741520696915813,2.836436606863413,-2.6590213998942547,364.25807030049054,348.5509994506836,332.84392860087667,0.1673156488850868,-160368000,bear,hold
2026-01-08,339.0400085449219,343.95001220703125,334.67999267578125,337.3800048828125,3107700,348.28699951171876,337.6115997314453,361.302049407959,-0.015334568619258637,46.1575692336041,-0.174845091583677,2.2341802671739948,-2.4090253587576718,364.44078611229065,348.28699951171876,332.13321291114687,0.21378255775430646,-157260300,bear,hold
2026-01-09,333.95001220703125,335.8800048828125,328.0,335.8800048828125,3250100,347.8279998779297,337.09239990234374,360.95359939575195,-0.026753686780951913,41.7454811250456,-0.854879562229371,1.6163683012933217,-2.4712478635226924,365.02954112155044,347.8279998779297,330.62645863430896,0.09660627282322283,-160510400,bear,hold
2026-01-12,327.6499938964844,330.6700134277344,323.5,327.7699890136719,3541400,346.68899993896486,336.88820007324216,360.6027993774414,-0.06500584783099028,37.02770751631452,-1.880493447910169,0.9169959514526236,-2.7974893993627923,365.94464974585463,346.68899993896486,327.4333501320751,0.005625459711356551,-164051800,bear,hold
2026-01-13,309.92999267578125,323.0,307.9100036621094,322.489990234375,7217300,344.36399993896487,336.3020001220703,360.17169937133787,-0.13046040163712513,27.58482675480377,-4.076168316714302,-0.08163690218076147,-3.99453141453354,368.867572833153,344.36399993896487,319.8604270447767,-0.2026323755290152,-171269100,bear,hold
2026-01-14,304.44000244140625,309.7300109863281,302.4700012207031,308.57000732421875,5712600,342.02850036621095,335.58460021972655,359.76534942626955,-0.13302005486819912,25.42173300616369,-6.187922283143905,-1.3028939783733902,-4.885028304770515,371.83088322399897,342.02850036621095,312.22611750842293,-0.13062906922863715,-176981700,bear,hold
2026-01-15,304.0899963378906,305.82000732421875,301.3999938964844,304.9700012207031,4774300,339.83849945068357,334.9170001220703,359.3681494140625,-0.12590191286406782,25.285598865378347,-7.799833458454486,-2.6022818743896097,-5.197551584064877,373.7500337068532,339.83849945068357,305.92696519451397,-0.02708472053707124,-181756000,bear,hold
2026-01-16,296.1199951171875,304.8800048828125,295.4200134277344,304.55999755859375,8534400,336.9114990234375,334.13239990234376,358.9327493286133,-0.16505951598842805,22.35053665799157,-9.609623411606265,-4.003750181832941,-5.605873229773324,375.0434928923227,336.9114990234375,298.7795051545523,-0.034872422964681085,-190290400,bear,hold
2026-01-20,290.3699951171875,295.0,288.3299865722656,294.32000732421875,6962000,333.6394989013672,333.22919982910156,358.45569931030275,-0.18391839153038347,20.50158465515912,-11.376728093857821,-5.478345764237917,-5.898382329619904,375.74670357011513,333.6394989013672,291.5322942326192,-0.013801665588767787,-197252400,bear,hold
2026-01-21,294.2300109863281,294.510009765625,288.3299865722656,290.7699890136719,5645300,330.5580001831055,332.5667999267578,358.09059936523437,-0.173186019508062,24.987755136512774,-12.32364100242711,-6.847404811875756,-5.4762361905513535,374.68175446061116,330.5580001831055,286.4342459055998,0.08833977534752284,-191607100,bear,hold
2026-01-22,299.7300109863281,301.82000732421875,295.20001220703125,296.0,4974500,327.66800079345705,332.02239990234375,357.8438993835449,-0.1616647218144306,30.965555648525708,-12.48633754330126,-7.975191358160858,-4.511146185140403,371.91811432530875,327.66800079345705,283.41788726160536,0.18431730929889173,-186632600,bear,hold
2026-01-23,301.07000732421875,303.8399963378906,299.20001220703125,301.4599914550781,4368700,325.1005004882812,331.4667999267578,357.64574935913083,-0.1457068388485412,32.37943915761386,-12.36461760343309,-8.853076607215304,-3.5115409962177857,369.26680599080095,325.1005004882812,280.9341949857615,0.22795445656314267,-182263900,bear,hold
2026-01-26,304.7200012207031,306.29998779296875,301.3999938964844,301.3999938964844,4115300,322.6875,330.8967999267578,357.4693493652344,-0.13672165069849873,36.21175803588545,-11.837178050786179,-9.449896895929479,-2.3872811548566997,365.7571155691357,322.6875,279.6178844308643,0.2914132905312876,-178148600,bear,hold
2026-01-27,297.4200134277344,304.2200012207031,292.92999267578125,303.80999755859375,4166300,319.8685012817383,330.1042004394531,357.13324935913084,-0.15935550116023733,32.272372849207215,-11.871380526632606,-9.934193622070104,-1.9371869045625019,361.7886225408818,319.8685012817383,277.9483800225948,0.23224686403897843,-182314900,bear,hold
2026-01-28,299.5799865722656,303.8500061035156,297.69000244140625,299.6600036621094,3942800,317.1895004272461,329.4238000488281,356.88089935302736,-0.15171598293760113,34.541484625809815,-11.590585400434236,-10.26547197774293,-1.325113422691306,357.05487793383287,317.1895004272461,277.32412292065936,0.2791377511467067,-178372100,bear,hold
2026-01-29,291.6499938964844,293.6400146484375,284.6000061035156,291.67999267578125,7410800,314.14649963378906,328.63460021972656,356.57679931640627,-0.17264762470037354,30.501166214683295,-11.871094783954334,-10.586596538985212,-1.2844982449691216,352.0035268706076,314.14649963378906,276.28947239697055,0.20287543186400384,-185782900,bear,hold
2026-01-30,293.25,295.3399963378906,290.510009765625,291.6000061035156,5713000,311.3095001220703,327.9982000732422,356.2884992980957,-0.16211889430431536,32.223770540347786,-11.827948147013558,-10.834866860590882,-0.9930812864226759,346.3999806259532,311.3095001220703,276.21901961818736,0.24267237349354734,-180069900,bear,hold
2026-02-02,293.3800048828125,299.3800048828125,290.92999267578125,297.010009765625,4357000,309.3135009765625,327.3764001464844,356.0034992980957,-0.11977193030967881,32.370449299303445,-11.648981610074827,-10.997689810487671,-0.6512917995871561,343.7080183004624,309.3135009765625,274.91898365266263,0.26837157004267315,-175712900,bear,hold
2026-02-03,271.92999267578125,284.3399963378906,271.0199890136719,282.739990234375,8324900,306.3320007324219,326.45280029296873,355.6421992492676,-0.17984680094671135,23.379917827143956,-13.08712582004182,-11.4155770123985,-1.671548807643319,342.77304165691885,306.3320007324219,269.8909598079249,0.02797714906224918,-184037800,bear,hold
2026-02-04,279.7099914550781,282.8999938964844,264.0400085449219,267.2300109863281,8554200,303.518000793457,325.79900024414064,355.29674926757815,-0.16750498650283563,30.878613800245475,-13.444109263461883,-11.821283462611177,-1.6228258008507055,339.04407696811916,303.518000793457,267.9919246187949,0.16492205301075138,-175483600,bear,hold
2026-02-05,269.3900146484375,281.95001220703125,268.42999267578125,277.489990234375,6293600,300.08250122070314,324.70300048828125,354.9275993347168,-0.20322386931291947,27.0911044091133,-14.393833937173042,-12.335793557523552,-2.0580403796494906,334.84817867016875,300.08250122070314,265.3168237712375,0.05858063435008062,-181777200,bear,hold
2026-02-06,268.3800048828125,275.0,265.30999755859375,271.67999267578125,5448400,296.5495010375977,323.6960003662109,354.5199493408203,-0.208411992334961,26.745343699458743,-15.054458504008892,-12.879526546820621,-2.174931957188271,329.0486725158444,296.5495010375977,264.050329559351,0.06661208773213775,-187225600,bear,hold
2026-02-09,266.8999938964844,269.20001220703125,262.95001220703125,267.04998779296875,6576300,293.19700012207034,322.64300048828125,354.09464935302736,-0.20077860715567042,26.21731063232255,-15.518544627886342,-13.407330163033766,-2.1112144648525764,323.3183896121527,293.19700012207034,263.07561063198796,0.06348284938441529,-193801900,bear,hold
2026-02-10,264.6700134277344,270.7900085449219,263.9800109863281,266.69000244140625,5718600,290.0480010986328,321.5860009765625,353.61344940185546,-0.19221724902167248,25.403492851340687,-15.883185535805922,-13.902501237588197,-1.9806842982177244,318.2080679199778,290.0480010986328,261.88793427728785,0.04939759497192919,-199520500,bear,hold
2026-02-11,257.1600036621094,264.20001220703125,255.7100067138672,263.0799865722656,8759900,287.40950164794924,320.32660095214845,353.0606494140625,-0.17026422179435452,22.832948201307346,-16.586956991567035,-14.439392388383967,-2.147564603183069,317.4496082263185,287.40950164794924,257.36939506958,-0.0034851974796484197,-208280400,bear,hold
2026-02-12,262.5,262.6700134277344,251.10000610351562,258.3599853515625,8657000,285.31250152587893,319.1196008300781,352.53004943847657,-0.137761142113636,28.382240357792185,-16.523337119507516,-14.856181334608678,-1.6671557848988385,316.1492884565335,285.31250152587893,254.4757145952244,0.13010897378544237,-199623400,bear,hold
2026-02-13,263.9700012207031,265.2900085449219,257.5,262.1700134277344,6589700,283.3065017700195,317.9428009033203,351.99499938964846,-0.13193461014945074,29.877189490530625,-16.167927297643985,-15.11853052721574,-1.0493967704282454,314.21593220308995,283.3065017700195,252.39707133694907,0.18720710348923178,-193033700,bear,hold
2026-02-17,260.45001220703125,269.1300048828125,255.83999633789062,265.239990234375,5208300,281.5230026245117,316.616201171875,351.42234939575195,-0.12045786673757064,28.351087020280104,-15.986019269666087,-15.29202827570581,-0.6939909939602771,313.371332464014,281.5230026245117,249.67467278500942,0.1691664755471243,-198242000,bear,hold
2026-02-18,263.1700134277344,263.5,257.1400146484375,260.45001220703125,5033200,280.1630035400391,315.3050012207031,350.86504943847655,-0.09367352738520984,31.272461414992605,-15.444341722793581,-15.322490965123365,-0.12185075767021658,312.6996030978445,280.1630035400391,247.62640398223368,0.23886345925433136,-193208800,bear,hold
2026-02-19,259.2099914550781,265.54998779296875,257.4100036621094,263.3800048828125,3616200,278.41200256347656,313.5640008544922,350.256749420166,-0.11902259532892201,29.393401453133393,-15.159845776791428,-15.289961927456979,0.13011615066555038,311.4966802329508,278.41200256347656,245.32732489400232,0.20980507502245868,-196825000,bear,hold
2026-02-20,258.6099853515625,262.0799865722656,254.36000061035156,255.0,6590800,276.35600128173826,311.9538006591797,349.64449935913086,-0.13719021828828903,29.108014631947327,-14.812052052121032,-15.19437995238979,0.3823279002687574,308.9937066532837,276.35600128173826,243.7182959101928,0.22813628090338609,-203415800,bear,hold
2026-02-23,246.67999267578125,254.5,244.8000030517578,254.13999938964844,7602400,273.6365005493164,310.0010003662109,348.96299926757814,-0.1806557057338014,24.0980452137196,-15.322446104625385,-15.21999318283691,-0.10245292178847443,306.6457985334883,273.6365005493164,240.6272025651445,0.09168310870378232,-211018200,bear,hold
2026-02-24,255.1699981689453,258.25,244.27999877929688,245.57000732421875,5529100,271.1590003967285,308.2418002319336,348.3139992523193,-0.16260830550427063,32.943422315703714,-14.870447318903416,-15.150084010050211,0.2796366911467949,301.81886446392224,271.1590003967285,240.4991363295348,0.23925190612812353,-205489100,bear,hold
2026-02-25,257.80999755859375,257.989990234375,250.6999969482422,253.3300018310547,5108600,269.17849960327146,306.3894003295898,347.6830992889404,-0.133178717237752,35.462022784449886,-14.136255187110521,-14.947318245462274,0.8110630583517526,297.8498920584495,269.17849960327146,240.50710714809344,0.30174485661186345,-200380500,bear,hold
2026-02-26,259.0400085449219,263.6700134277344,256.6000061035156,261.5899963378906,6208100,267.1515007019043,304.44160064697263,347.0618993377686,-0.13532271795320538,36.655776561527425,-13.301815971701217,-14.618217790710064,1.3164018190088473,292.47582824158695,267.1515007019043,241.82717316222164,0.33984782726664914,-194172400,bear,hold
2026-02-27,262.4100036621094,262.75,253.05999755859375,254.02000427246094,5098200,265.6895011901855,302.66680084228517,346.39424934387205,-0.1002571261659384,39.933960879502955,-12.227633887924526,-14.140101010152957,1.9124671222284313,288.43225652287924,265.6895011901855,242.9467458574918,0.4279001712830783,-189074200,bear,hold
2026-03-02,260.8800048828125,264.2200012207031,257.05999755859375,257.6000061035156,3486900,264.07100143432615,300.92660064697264,345.71164939880373,-0.11038361506287298,38.94844644951466,-11.3687431677821,-13.585829441678786,2.2170862738966868,283.0305580299028,264.07100143432615,245.1114448387495,0.4158472790376827,-192561100,bear,hold
2026-03-03,270.989990234375,272.8299865722656,260.04998779296875,260.04998779296875,6206600,262.9515007019043,299.25320037841794,345.06924934387206,-0.07631745270909296,48.06846790991508,-9.759770203240691,-12.820617593991168,3.0608473907504763,276.8159373408618,262.9515007019043,249.0870640629468,0.7898960030544424,-186354500,bear,hold
2026-03-04,273.1199951171875,276.6700134277344,270.3399963378906,271.510009765625,4329200,263.0110008239746,297.59940032958986,344.411399307251,0.004376135304887452,49.770898090009744,-8.218041477370036,-11.900102370666943,3.6820608932969066,277.03831112806694,263.0110008239746,248.98369051988223,0.8603325967011545,-182025300,bear,hold
2026-03-05,281.739990234375,285.3599853515625,275.3999938964844,275.3999938964844,5822300,263.1125007629395,296.11700042724607,343.73444923400876,0.007257512571276603,56.05013443042983,-6.228846523509219,-10.765851201235398,4.537004677726179,277.64205604396227,263.1125007629395,248.58294548191668,1.1410206338443505,-176203000,bear,hold
2026-03-06,283.6199951171875,283.8500061035156,276.04998779296875,280.2799987792969,4802300,263.82399978637693,294.63880035400393,343.04914924621585,0.052822969282364074,57.30378761249789,-4.449404543097444,-9.502561869607808,5.053157326510364,280.71521294719713,263.82399978637693,246.93278662555676,1.0859850071849226,-171400700,bear,hold
2026-03-09,282.44000244140625,285.20001220703125,277.8999938964844,281.32000732421875,4728400,264.52699966430663,293.2392001342773,342.37329933166507,0.05238839445111787,56.21982485177085,-3.0986798483289704,-8.22178546535204,5.12310561702307,283.1950451220788,264.52699966430663,245.85895420653443,0.9797771362197376,-176129100,bear,hold
2026-03-10,275.1300048828125,282.3999938964844,268.3699951171875,281.82000732421875,4591600,264.93850021362306,291.68220001220703,341.67879936218264,0.030835560788810223,49.92000336374005,-2.5882408773488237,-7.095076547751397,4.506835670402573,284.152482466468,264.93850021362306,245.72451796077814,0.7652106298183042,-180720700,bear,hold
2026-03-11,273.7099914550781,280.3800048828125,269.25,277.92999267578125,4862400,265.39049911499023,290.08040008544924,340.97569938659666,0.03415565635965789,48.77657243159974,-2.2721061065444133,-6.1304824595100005,3.8583763529655872,284.9796108016961,265.39049911499023,245.8013874282844,0.7123499133892303,-185583100,bear,hold
2026-03-12,269.7799987792969,276.2799987792969,269.20001220703125,273.3500061035156,10895000,266.0214988708496,288.412799987793,340.28614936828615,0.04907448645773593,45.65947607369038,-2.312032911457493,-5.366792549899499,3.0547596384420057,285.32035853372264,266.0214988708496,246.72263920797658,0.5973762174061982,-196478100,bear,hold
2026-03-13,249.32000732421875,256.70001220703125,247.16000366210938,249.0,17406400,265.36249923706055,286.3489999389648,339.46724937438967,-0.050209495907738044,33.61535645613243,-3.949102713302011,-5.083254582580001,1.1341518692779902,285.95416345671237,265.36249923706055,244.77083501740873,0.11046150175828146,-213884500,bear,hold
2026-03-16,251.86000061035156,256.3699951171875,244.5500030517578,248.25,11679200,264.75699920654296,284.3864001464844,338.66539932250976,-0.04587642745141518,35.87672645248034,-4.984082692339939,-5.0634202045319885,0.07933751219204943,286.1725495817915,264.75699920654296,243.34144883129443,0.19888706173301596,-202205300,bear,hold
2026-03-17,254.1999969482422,258.9100036621094,252.13999938964844,252.99000549316406,6456200,264.4444984436035,282.80440032958984,337.8695993804932,-0.02399698585470189,37.9730192038369,-5.551499404605295,-5.16103604454665,-0.3904633600586447,286.28059706265674,264.4444984436035,242.60839982455028,0.26542280573823723,-195749100,bear,hold
2026-03-18,246.0,254.49000549316406,245.17999267578125,252.4600067138672,7305600,263.5859977722168,281.093200378418,337.02414939880373,-0.06524304651619894,33.80268686375854,-6.586922518010795,-5.446213339239479,-1.1407091787713153,286.85791542947095,263.5859977722168,240.31408011496262,0.1221626848457201,-203054700,bear,hold
2026-03-19,245.99000549316406,250.39999389648438,244.27000427246094,246.9600067138672,4459800,262.9249984741211,279.29320068359374,336.2370994567871,-0.051001066308067555,33.79781476009329,-7.323884091531852,-5.821747489697954,-1.5021366018338975,287.3775724440952,262.9249984741211,238.47242450414697,0.1537175799620952,-207514500,bear,hold
2026-03-20,248.14999389648438,249.08999633789062,241.0,242.8000030517578,10467300,262.40199890136716,277.49420043945315,335.4153994750977,-0.040446974392185586,35.94654833154544,-7.64550580395121,-6.186499152548606,-1.4590066514026034,287.63631173030944,262.40199890136716,237.1676860724249,0.2176066354274447,-197047200,bear,hold
2026-03-23,247.63999938964844,251.02000427246094,246.22000122070312,248.9499969482422,4080500,262.4499992370605,275.6662002563477,334.58404945373536,0.0038917088631866825,35.65231172617197,-7.851043678284299,-6.519408057695745,-1.3316356205885533,287.5678884355051,262.4499992370605,237.33211003861598,0.20519019869851923,-201127700,bear,hold
2026-03-24,238.8699951171875,246.1999969482422,237.3800048828125,245.91000366210938,6268300,261.63499908447267,273.7645999145508,333.70239936828614,-0.06387899505711392,30.959318862408608,-8.62220852260728,-6.939968150678053,-1.682240371929228,288.63231547960277,261.63499908447267,234.63768268934257,0.07838394686903724,-207396000,bear,hold
2026-03-25,237.25,243.5800018310547,233.7899932861328,241.1999969482422,5441600,260.606999206543,271.95660003662107,332.8040493011475,-0.0797486433935557,30.16932028666652,-9.257369096338465,-7.403448339810136,-1.8539207565283293,289.600575499888,260.606999206543,231.61342291319795,0.09720389492095577,-212837600,bear,hold
2026-03-26,240.8800048828125,243.9499969482422,234.27999877929688,234.9199981689453,4715300,259.6989990234375,270.5756002807617,331.9271492767334,-0.07010501491301535,34.21981604610852,-9.3599319016717,-7.794745052182449,-1.5651868494892511,289.942500441278,259.6989990234375,229.45549760559703,0.1888754069738137,-208122300,bear,hold
2026-03-27,234.83999633789062,239.7899932861328,233.16000366210938,239.7899932861328,4429400,258.32049865722655,269.18360015869143,331.0210492706299,-0.10506462002004735,30.99793364958063,-9.815445528787848,-8.19888514750353,-1.6165603812843177,290.40152760964907,258.32049865722655,226.23946970480404,0.13404380897261,-212551700,bear,hold
2026-03-30,241.1300048828125,243.27999877929688,236.72999572753906,236.77999877929688,4410200,257.33299865722654,267.92440032958984,330.1624993133545,-0.07570530370417505,37.58811929547332,-9.55870543216102,-8.470849204435028,-1.0878562277259913,290.2432431787132,257.33299865722654,224.42275413573986,0.25383054714413755,-208141500,bear,hold
2026-03-31,243.0800018310547,244.02999877929688,239.50999450683594,241.6699981689453,4575900,255.93749923706054,266.8636004638672,329.3094993591309,-0.10299269127683053,39.516702552984455,-9.093069355660134,-8.59529323468005,-0.4977761209800846,288.7798715608593,255.93749923706054,223.09512691326177,0.3042544357143037,-203565600,bear,hold
2026-04-01,241.3699951171875,243.47999572753906,235.0,241.9600067138672,3746700,254.34999923706056,265.8836004638672,328.5579493713379,-0.11624926979944128,38.39621232247071,-8.76104083579662,-8.628442754903364,-0.1325980808932563,286.78355589027717,254.34999923706056,221.91644258384392,0.29989853936377125,-207312300,bear,hold
2026-04-02,242.9199981689453,245.00999450683594,237.72000122070312,242.4600067138672,3588800,252.40899963378905,264.8574002075195,327.763899307251,-0.1377865883829128,40.05540501987699,-8.277416642762773,-8.558237532475246,0.2808208897124729,282.6241008723195,252.40899963378905,222.1938983952586,0.34297584525807717,-203723500,bear,hold
2026-04-06,244.36000061035156,246.6999969482422,240.22999572753906,242.83999633789062,2757700,250.44599990844728,263.75,327.07229934692384,-0.13842463571940444,41.62832604884735,-7.689307275199411,-8.38445148102008,0.695144205820668,277.19802600761955,250.44599990844728,223.69397380927498,0.38625161930662133,-200965800,bear,hold
2026-04-07,240.13999938964844,244.77000427246094,238.72000122070312,244.1699981689453,3331000,248.33099975585938,262.5313998413086,326.3827993011475,-0.14976633156110097,38.444663801969945,-7.477548668358878,-8.203070918487839,0.7255222501289609,271.00912771104805,248.33099975585938,225.6528718006707,0.319407484109885,-204296800,bear,hold
2026-04-08,239.30999755859375,247.44000244140625,237.99000549316406,244.3000030517578,4040100,246.53999938964844,261.2231997680664,325.69474922180177,-0.1301930239832465,37.8318246745236,-7.292637670395777,-8.020984268869427,0.7283465984736495,265.8817965986609,246.53999938964844,227.19820218063595,0.3130990167840816,-208336900,bear,hold
2026-04-09,229.94000244140625,236.3000030517578,227.6999969482422,235.60000610351562,6802400,244.35149993896485,259.8735995483398,324.94384925842286,-0.15991374220935406,31.690234076516873,-7.812121397346829,-7.979211694564907,0.16709029721807855,260.55079887012926,244.35149993896485,228.15220100780044,0.05518144461691528,-215139300,bear,hold
2026-04-10,225.35000610351562,231.0399932861328,224.1300048828125,229.89999389648438,5889200,242.13000030517577,258.38899993896484,324.158899307251,-0.16468972079775557,29.19034647762423,-8.496250846871277,-8.082619525026182,-0.4136313218450951,255.75228668855124,242.13000030517577,228.5077139218003,-0.1159022696123288,-221028500,bear,hold
2026-04-13,240.11000061035156,240.19000244140625,226.5,227.13999938964844,6115800,241.66949996948242,257.3582000732422,323.42169937133787,-0.03694050394395498,44.3837556457893,-7.757990872627204,-8.017693794546387,0.25970292191918354,254.90563549465148,241.66949996948242,228.43336444431336,0.4410893248952687,-214912700,bear,hold
2026-04-14,235.72000122070312,244.00999450683594,233.0,241.99000549316406,6307500,240.8625,256.20760009765627,322.67554931640626,-0.06408321825829888,41.52956428967975,-7.441371290013336,-7.902429293639777,0.4610580036264409,253.4680675892718,240.8625,228.2569324107282,0.2960227200053449,-221220200,bear,hold
2026-04-15,244.66000366210938,245.92999267578125,239.1999969482422,241.1699981689453,4749600,240.38550033569337,255.2332000732422,321.96969940185545,-0.03752947836610421,48.7565217696679,-6.395342974519792,-7.601012029815781,1.2056690552959886,251.5790994607549,240.38550033569337,229.19190121063184,0.6909351620805214,-216470600,bear,hold
2026-04-16,248.16000366210938,254.50999450683594,245.77999877929688,253.0500030517578,5229500,240.49350051879884,254.75780029296874,321.27609939575194,0.008780502691501546,51.294635383907185,-5.223721439879313,-7.125553911828487,1.9018324719491746,251.9405116707444,240.49350051879884,229.04648936685328,0.8348692091562923,-211241100,bear,hold
2026-04-17,244.4499969482422,254.0800018310547,243.5,254.0800018310547,6194200,240.41650009155273,254.05260040283204,320.5378493499756,-0.0062604516871912486,48.54959101510967,-4.542209702564861,-6.608885069975763,2.0666753674109017,251.73457446231814,240.41650009155273,229.09842572078733,0.6781882997300309,-217435300,bear,hold
2026-04-20,248.6300048828125,251.6300048828125,245.33999633789062,249.49000549316406,5250000,240.44050064086915,253.63740020751953,319.8886493682861,0.0019343582435402684,51.68671093012618,-3.623050760286503,-6.011718208037911,2.3886674477514074,251.82590578349507,240.44050064086915,229.05509549824322,0.8596492236926462,-212185300,bear,hold
2026-04-21,247.17999267578125,254.75,245.10000610351562,247.0,5779700,240.4175003051758,253.21339996337892,319.22799934387206,-0.0018575622476213471,50.53559540618935,-2.977294149543411,-5.4048333963390105,2.4275392467955994,251.74635410116764,240.4175003051758,229.08864650918395,0.7984632202155363,-217965000,bear,hold
2026-04-22,255.94000244140625,258.75,251.89999389648438,254.8000030517578,7111000,241.27100067138673,252.99420013427735,318.6230493927002,0.0714614965175695,56.79573793304448,-1.7386260071216952,-4.6715919184955474,2.932965911373852,254.4292580363631,241.27100067138673,228.11274330641035,1.0574067052778706,-210854000,bear,hold
2026-04-23,238.97999572753906,246.5399932861328,233.52000427246094,244.8800048828125,9617000,241.35750045776368,252.48039978027344,317.906749420166,0.0072918681877305325,44.937796060551996,-2.101281120494434,-4.1575297588953255,2.0562486384008913,254.43136214746616,241.35750045776368,228.2836387680612,0.40907412107253527,-220471000,bear,hold
2026-04-24,245.44000244140625,245.66000366210938,238.4199981689453,239.77000427246094,6492900,241.58550033569335,252.24599975585937,317.267049407959,0.01893057732547021,49.28142065583776,-1.8461382250734744,-3.6952514521309556,1.8491132270574813,254.77662188727476,241.58550033569335,228.39437878411195,0.6461021373596093,-213978100,bear,hold
2026-04-27,239.30999755859375,245.8800048828125,239.11000061035156,240.77000427246094,5067700,241.80900039672852,251.78219970703125,316.60644943237304,0.019034241570467625,45.60501182896308,-2.114204571448653,-3.3790420759944952,1.2648375045458424,254.68304779528611,241.80900039672852,228.93495299817093,0.40294416507994374,-219045800,bear,hold
2026-04-28,243.1999969482422,245.25999450683594,241.16000366210938,242.1300048828125,4641700,241.9125,251.36679962158203,316.0056993865967,0.008584547851834934,48.24363715298712,-1.989821221184343,-3.101197905032465,1.111376683848122,254.7963276551838,241.9125,229.0286723448162,0.5499656228995026,-214404100,bear,hold
2026-04-29,243.57000732421875,243.6199951171875,238.6699981689453,240.97000122070312,2664500,241.9370002746582,251.02919952392577,315.3885994720459,0.002015819851377998,48.49954227684207,-1.8401773558431387,-2.8489937951946,1.0088164393514614,254.83147459490522,241.9370002746582,229.0425259544112,0.5633219706753142,-211739600,bear,hold
2026-04-30,246.10000610351562,246.67999267578125,236.27999877929688,240.10000610351562,5129100,242.17350082397462,250.6877993774414,314.79819953918457,0.019596516062535763,50.308741211537814,-1.5001410646393936,-2.579223249083559,1.0790821844441654,255.1906265625047,242.17350082397462,229.15637508544455,0.6508207479289663,-206610500,bear,hold
2026-05-01,250.7100067138672,253.55999755859375,244.10000610351562,252.0,5068500,242.5630012512207,250.51779968261718,314.2428996276856,0.03206820600872917,53.513307340166655,-0.8488859038717465,-2.2331557800411965,1.38426987616945,256.10189541085674,242.5630012512207,229.02410709158468,0.8008741100486413,-201542000,bear,hold
2026-05-04,253.9600067138672,255.8800048828125,247.33999633789062,249.99000549316406,5536900,243.0430015563965,250.42480010986327,313.68044960021973,0.03928632378268593,55.683135430879034,-0.06971008385301047,-1.8004666408035594,1.730756556950549,257.4552379983137,243.0430015563965,228.63076511447932,0.8787408429450679,-196005100,bear,hold
2026-05-05,255.6199951171875,256.6199951171875,248.49000549316406,254.0,3952500,243.81700134277344,250.6036001586914,313.12959953308103,0.06446237930741971,56.79246987108362,0.6739704464419844,-1.3055792233544508,1.9795496697964352,259.155414744103,243.81700134277344,228.47858794144392,0.8847527598060099,-192052600,bear,hold
2026-05-06,250.1699981689453,254.39999389648438,248.27999877929688,252.02000427246094,4452100,244.36000137329103,250.5036001586914,312.5420495605469,0.04538047186136707,52.17472898204901,0.8141879663695875,-0.8816257854096432,1.6958137517792307,259.79039432519164,244.36000137329103,228.9296084213904,0.6882647063417348,-196504700,bear,hold
2026-05-07,256.510009765625,259.44000244140625,252.8800048828125,254.77000427246094,4479900,245.68850173950196,250.47760040283202,311.9602496337891,0.11555191372579632,56.595999055416996,1.4205224131548562,-0.4211961456967433,1.8417185588515994,260.48629349049025,245.68850173950196,230.89070998851366,0.8656460439578868,-192024800,bear,hold
2026-05-08,253.0399932861328,253.3699951171875,246.10000610351562,252.89999389648438,3667500,247.0730010986328,250.35760009765625,311.36314964294434,0.12287546675236238,53.67144877892215,1.602572047877203,-0.01644250698195404,1.619014554859157,258.8791559108022,247.0730010986328,235.26684628646345,0.7527068415767949,-195692300,bear,hold
2026-05-11,246.14999389648438,255.41000366210938,244.69000244140625,250.52999877929688,3225800,247.37500076293946,250.03239990234374,310.73544960021974,0.025155109203195858,48.3310695655657,1.1773110178116326,0.2223081979767633,0.9550028198348693,258.7545521406971,247.37500076293946,235.9954493851818,0.44617508081867535,-198918100,bear,hold
2026-05-12,240.8300018310547,247.5800018310547,240.39999389648438,247.0,3234000,247.63050079345703,249.6313998413086,310.0858996582031,0.021678264822199367,44.63782326800316,0.40632581789336086,0.2591117219600828,0.14721409593327806,258.1487072866961,247.63050079345703,237.11229430021794,0.17672725541309853,-202152100,bear,hold
2026-05-13,236.07000732421875,239.0800018310547,232.83999633789062,238.5399932861328,3870200,247.2010009765625,248.93300018310546,309.4188996887207,-0.035109933006270744,41.57649507875706,-0.5820675708260126,0.09087586340286374,-0.6729434342288763,258.81388256006966,247.2010009765625,235.5881193930554,0.020747991258592714,-206022300,bear,hold
2026-05-14,237.00999450683594,238.24000549316406,231.74000549316406,236.24000549316406,4991700,246.64350051879882,248.21080017089844,308.7504496002197,-0.044930726107076935,42.41635374350201,-1.274831874248349,-0.1822656841273788,-1.0925661901209702,259.0613577000502,246.64350051879882,234.2256433375474,0.1121107743730684,-201030600,bear,hold
2026-05-15,247.60000610351562,248.57000732421875,240.25999450683594,241.75999450683594,6421200,246.8010009765625,247.52800048828124,308.1684496307373,0.012886108384531525,50.96812856101864,-0.9582806811917521,-0.3374686835402535,-0.6208119976514986,259.1834337101203,246.8010009765625,234.4185682430047,0.5322636570755488,-194609400,bear,hold
2026-05-18,255.63999938964844,256.19000244140625,245.24000549316406,247.30999755859375,5591800,247.1515007019043,246.96840057373046,307.6581996154785,0.028194483244851964,56.27709563627072,-0.0579829238496643,-0.28157153160213566,0.22358860775247136,260.1048696730529,247.1515007019043,234.19813173075565,0.8276560216361782,-189017600,bear,hold
2026-05-19,254.99000549316406,265.0899963378906,251.80999755859375,263.3299865722656,5854400,247.54200134277343,246.41940063476562,307.1941497039795,0.0315964602670209,55.75153039912494,0.5961879760446607,-0.10601963007277641,0.702207606117437,260.9385708221082,247.54200134277343,234.14543186343863,0.7779817684624317,-194872000,bear,hold
2026-05-20,253.3699951171875,253.69000244140625,246.2100067138672,250.27999877929688,4789600,247.4135009765625,245.98420043945313,306.7667496490478,-0.01004144447801636,54.38822534515962,0.9726892724532377,0.10972215043242639,0.8629671220208113,260.53180278108636,247.4135009765625,234.29519917203865,0.7270299246572791,-199661600,bear,hold
2026-05-21,244.10000610351562,247.9499969482422,242.11000061035156,246.4499969482422,4131000,247.66950149536132,245.39200073242188,306.29354972839354,0.02142443077877476,47.2657791188934,0.5170978395180157,0.19119728824954424,0.32590055126847145,260.31065431738483,247.66950149536132,235.02834867333783,0.3588144830577909,-203792600,bear,hold
2026-05-22,244.75999450683594,249.77000427246094,242.7100067138672,245.88999938964844,3779300,247.6355010986328,244.89160064697265,305.7892497253418,-0.0027705668505795256,47.79000649695324,0.2069087793405231,0.19433958646774002,0.012569192872783075,260.304085610676,247.6355010986328,234.96691658658963,0.3865103441878876,-200013300,bear,hold
2026-05-26,240.49000549316406,243.57000732421875,238.57000732421875,242.57000732421875,3211800,247.69450149536132,244.71500061035155,305.3003498077393,0.004930876046168597,44.69433558455633,-0.37910067663946734,0.07965153384629856,-0.45875221048576587,260.2175973187605,247.69450149536132,235.17140567196216,0.21235163797374265,-203225100,bear,hold
2026-05-27,238.24000549316406,244.24000549316406,237.27999877929688,237.75999450683594,3402000,247.4465019226074,244.4426007080078,304.7862998962402,-0.02039470196265547,43.10968684739738,-1.0133918381435763,-0.1389571405516764,-0.8744346975918998,260.50097619605066,247.4465019226074,234.39202764916416,0.14738157061705087,-206627100,bear,hold
2026-05-28,241.44000244140625,244.75999450683594,236.66000366210938,239.57000732421875,3386500,247.3400016784668,244.1874008178711,304.3252499389648,-0.00874493910893237,46.039937022754295,-1.2435245660931002,-0.3598706256599612,-0.883653940433139,260.55302913159994,247.3400016784668,234.12697422533364,0.2767355264345001,-203240600,bear,hold
2026-05-29,259.2099914550781,260.6300048828125,244.66000366210938,245.22999572753906,10808900,247.99550094604493,244.45160064697265,303.9291499328613,0.05327096719391444,58.746977838113466,0.00789221584727784,-0.2863180573585134,0.29421027320579124,262.1636762333661,247.99550094604493,233.82732565872374,0.8957634021887354,-192431700,bear,hold
2026-06-01,274.0299987792969,275.44000244140625,262.29998779296875,270.0,8535300,249.1615005493164,245.0124005126953,303.54394989013673,0.09301580088921035,65.94890879096097,2.170479826241376,0.20504151936146447,1.9654383068799115,267.3104475668751,249.1615005493164,231.0125535317577,1.1851223436246952,-183896400,bear,hold
2026-06-02,262.1099853515625,272.0299987792969,260.04998779296875,267.9800109863281,5821800,249.56899948120116,245.29160034179688,303.1115998840332,0.03209158301400494,57.286156811410585,2.8891957737537837,0.7418723702399284,2.1473234035138553,268.48057201710515,249.56899948120116,230.6574269452972,0.831569092061277,-189718200,bear,hold
2026-06-03,256.239990234375,260.0,252.33999633789062,259.3900146484375,4871300,249.59999923706056,245.4636001586914,302.6185498046875,0.0024254562594105966,53.55539781582625,2.951105287114615,1.1837189536148656,1.7673863334997493,268.55313211080323,249.59999923706056,230.6468663633179,0.67516869220374,-194589500,bear,hold
2026-06-04,258.4200134277344,265.94000244140625,258.3299865722656,263.0199890136719,5161900,250.0125,245.85460052490234,302.1244499206543,0.032977636483882744,54.73442443867809,3.1398840462024395,1.5749519721323804,1.5649320740700592,269.35246299169955,250.0125,230.67253700830042,0.7173611560514043,-189427600,bear,hold
2026-06-05,251.44000244140625,262.5299987792969,249.0500030517578,259.2799987792969,4909200,249.75899963378907,246.13840057373048,301.57649993896484,-0.019765339094763745,50.3290132024193,2.6951954847983473,1.7990006746655738,0.8961948101327735,268.8833596176107,249.75899963378907,230.63463964996743,0.5439492565774549,-194336800,bear,hold
2026-06-08,244.99000549316406,250.74000549316406,244.25,249.05999755859375,4728000,249.35650024414062,246.2206005859375,301.0343000030518,-0.03181310467340226,46.596771086733206,1.8015486162054515,1.7995102629735495,0.002038353231901935,268.5264976074542,249.35650024414062,230.18650288082705,0.3861112323538213,-199064800,bear,hold
2026-06-09,237.8800048828125,245.25,233.3300018310547,242.97999572753906,6747400,248.94300079345703,246.28140075683595,300.4565500640869,-0.03359735615979631,42.826610014526395,0.5136879312547364,1.5423457966297869,-1.0286578653750504,268.7190095993509,248.94300079345703,229.16699198756316,0.22029250140333134,-205812200,bear,hold
2026-06-10,233.3800048828125,238.50999450683594,231.74000549316406,233.02000427246094,5176900,248.57050094604492,246.12640075683595,299.8130001068115,-0.03093467131004901,40.58824009254933,-0.8601480803876598,1.0618470212262978,-1.9219951016139576,269.2057309582271,248.57050094604492,227.93527093386274,0.1319281138551743,-210989100,bear,hold
2026-06-11,218.8000030517578,232.5,218.08999633789062,229.9199981689453,17786900,247.70700073242188,245.64080078125,299.09095016479495,-0.07315628303743937,34.32793388902408,-3.0897901377940116,0.23151958942223594,-3.3213097272162475,271.55724660110934,247.70700073242188,223.8567548637344,-0.10601047552753973,-228776000,bear,hold
2026-06-12,204.02000427246094,205.64999389648438,196.89999389648438,202.39999389648438,25030700,246.05750122070313,244.89380096435548,298.3365001678467,-0.13919240116021137,29.38073359668533,-5.980480653622749,-1.010880459186761,-4.969600194435988,276.3358165130157,246.05750122070313,215.7791859283906,-0.19418487360350664,-253806700,bear,hold
2026-06-15,206.36000061035156,211.99000549316406,205.72000122070312,206.8800048828125,9676900,243.99550094604493,244.1626010131836,297.58655014038084,-0.1665589841541547,31.07436183877165,-7.990446670082775,-2.406793701365964,-5.5836529687168115,278.8447684145155,243.99550094604493,209.14623347757436,-0.03997548685555014,-244129800,bear,hold
2026-06-16,207.32000732421875,210.8000030517578,203.83999633789062,205.3800048828125,7214600,241.57950134277343,243.42180114746094,296.85335021972656,-0.18901577288685556,31.797034984264428,-9.397565416116691,-3.8049480443161094,-5.592617371800582,279.4347879542532,241.57950134277343,203.7242147312937,0.04749392904919408,-236915200,bear,hold
2026-06-17,196.27999877929688,206.5,195.02000427246094,204.02000427246094,10731500,238.64400100708008,242.5446011352539,296.0512501525879,-0.23024434467664312,28.142712295587202,-11.273598557862186,-5.298678147025326,-5.9749204108368605,280.75094506313826,238.64400100708008,196.5370569510219,-0.003052443931608902,-247646700,bear,hold
2026-06-18,195.16000366210938,196.77999877929688,190.1199951171875,193.60000610351562,15852500,235.73350143432617,241.6616012573242,295.29890014648436,-0.2297430342063791,27.793733879113176,-12.704295375610968,-6.779801592742455,-5.924493782868513,281.2737180697498,235.73350143432617,190.19328479890254,0.054531129078374374,-263499200,bear,hold
2026-06-22,194.89999389648438,199.25,191.1999969482422,193.38999938964844,8282600,233.27350082397462,240.9608010864258,294.5309001159668,-0.2015567840099397,27.707833831394353,-13.701174910699166,-8.164076256333798,-5.5370986543653675,281.9477271319734,233.27350082397462,184.59927451597585,0.10581287225119979,-271781800,bear,hold
2026-06-23,197.42999267578125,200.5500030517578,195.35000610351562,197.9600067138672,6910500,230.90700073242186,240.4024008178711,293.79650009155273,-0.19337311200067375,29.975665600335958,-14.124243875616969,-9.356109780190433,-4.768134095426536,281.67453488366505,230.90700073242186,180.13946658117868,0.1702911750952076,-264871300,bear,hold
2026-06-24,196.57000732421875,202.41000366210938,195.10000610351562,195.88999938964844,6947400,228.71100082397462,239.53160095214844,293.0345001220703,-0.18262712447812612,29.635347501586082,-14.363350940271346,-10.357558012206617,-4.005792928064729,281.39393818153053,228.71100082397462,176.0280634664187,0.19495822450429365,-271818700,bear,hold
2026-06-25,193.41000366210938,199.3000030517578,191.8000030517578,193.0,6957500,226.46950073242186,238.68540100097655,292.2082501220703,-0.1881715950192967,28.361193480448947,-14.6390806882996,-11.213862547425215,-3.425218140874385,281.1180715472726,226.46950073242186,171.8209299175711,0.19752642587563732,-278776200,bear,hold
2026-06-26,202.72999572753906,203.47999572753906,195.2899932861328,195.47999572753906,9172100,224.53400039672852,237.84680084228515,291.45160011291506,-0.1603297147218241,36.968760148055075,-13.944805987794041,-11.760051235498981,-2.18475475229506,279.66449360329716,224.53400039672852,169.40350719015987,0.3022509558594737,-269604100,bear,hold
2026-06-29,206.42999267578125,209.5399932861328,204.33999633789062,206.6699981689453,7527300,221.89500045776367,237.0122006225586,290.7329500579834,-0.20361868955365403,40.04842297818297,-12.94678695320431,-11.997398379040046,-0.9493885741642636,275.15455496608047,221.89500045776367,168.6354459494469,0.35481470954129474,-262076800,bear,hold
2026-06-30,205.02000427246094,205.60000610351562,201.30999755859375,204.10000610351562,6269500,218.4445007324219,236.22360076904297,290.0053001403809,-0.2518337219072735,39.26117869874877,-12.129799183882312,-12.0238785400085,-0.10592064387381228,266.42676664660706,218.4445007324219,170.4622348182367,0.3601098113626996,-268346300,bear,hold
2026-07-01,210.97999572753906,213.66000366210938,207.05999755859375,209.42999267578125,5863800,215.88800125122071,235.4706005859375,289.31340019226076,-0.1950707431288582,44.24985025965261,-10.876036807696408,-11.794310193546083,0.918273385849675,259.5453481868598,215.88800125122071,172.2306543155816,0.44378946651388174,-262482500,bear,hold
2026-07-02,219.72000122070312,222.14999389648438,213.74000549316406,215.5500030517578,7903100,214.0620018005371,234.92140075683594,288.67650016784665,-0.14252259758622432,50.650865284019204,-9.072592492908626,-11.249966653418593,2.1773741605099666,253.68405484246153,214.0620018005371,174.43994875861267,0.5713996245244946,-254579400,bear,hold
2026-07-06,218.07000732421875,219.75999450683594,212.89999389648438,216.10000610351562,4800200,212.04450149536132,234.1640008544922,288.00320014953616,-0.15614118104981545,49.49548823448788,-7.6878696227185515,-10.537547247278585,2.8496776245600337,246.15186198959185,212.04450149536132,177.93714100113078,0.5883314589804843,-259379600,bear,hold
2026-07-07,221.5399932861328,230.74000549316406,220.2899932861328,221.16000366210938,8615000,210.54950103759765,233.81520080566406,287.3005500793457,-0.11891508457267497,51.97645608652034,-6.238553740306202,-9.677748545884109,3.439194805577907,239.90940070228152,210.54950103759765,181.18960137291378,0.6871684231563518,-250764600,bear,hold
2026-07-08,220.94000244140625,222.5,216.92999267578125,221.38999938964844,4508400,209.34700088500978,233.32520080566405,286.56795013427734,-0.0981672823891131,51.50532186146821,-5.079817731838176,-8.758162383074923,3.6783446512367473,234.65673253720516,209.34700088500978,184.0372692328144,0.7290226090838637,-255273000,bear,hold
2026-07-09,222.64999389648438,222.7100067138672,213.08999633789062,214.1199951171875,4552900,208.58550033569335,232.99200073242187,285.85170013427734,-0.06402392245548727,52.817970838198235,-3.9776768942363105,-7.802065285307201,3.8243883910708902,231.1870588028577,208.58550033569335,185.983941868529,0.8111399061534624,-250720100,bear,hold
2026-07-10,223.63999938964844,228.39999389648438,222.82000732421875,226.5,3206800,208.09850006103517,232.60080078125,285.14950019836425,-0.0417345329050568,53.60102403393143,-2.9898717896037112,-6.839626586166504,3.8497547965627925,228.88926400275375,208.09850006103517,187.3077361193166,0.8737596985897143,-247513300,bear,hold
2026-07-13,230.61000061035156,232.0800018310547,225.0,226.75,4624000,208.68899993896486,232.34160064697267,284.4936502075195,0.053976222092648074,58.78698211908008,-1.6258663049539166,-5.796874529923986,4.17100822497007,231.25690199035657,208.68899993896486,186.12109788757314,0.9856676668807788,-242889300,bear,hold
2026-07-14,220.77999877929688,224.1999969482422,218.0,221.16000366210938,5823400,209.52699966430663,231.83520050048827,283.83120025634764,0.08214878029535577,50.25574941682545,-1.3228323384896328,-4.902066091637116,3.5792337531474834,232.57867585774497,209.52699966430663,186.4753234708683,0.7440820142657004,-248712700,bear,hold
2026-07-15,224.55999755859375,231.52999877929688,222.91000366210938,223.16000366210938,4771400,210.43699951171874,231.3122003173828,283.1832002258301,0.08819537165347935,53.075759238684114,-0.7687991876293552,-4.075412710835564,3.3066135232062086,234.33803725015906,210.43699951171874,186.53596177327842,0.7954473818549064,-243941300,bear,hold
2026-07-16,235.30999755859375,235.47999572753906,222.0399932861328,228.7100067138672,5787300,211.8364990234375,230.93920013427734,282.5579002380371,0.13500863035665756,60.01764670228606,0.5315834711657601,-3.1540134744352994,3.6855969456010595,238.01311621798203,211.8364990234375,185.659881828893,0.9483676855703181,-238154000,bear,hold
2026-07-17,237.25,240.14999389648438,232.36000061035156,235.25999450683594,7269900,213.88499908447267,230.5718002319336,281.9470501708984,0.20873243058642488,61.13506744395063,1.6991018918021723,-2.1833904011878054,3.8824922929899777,241.25648322686865,213.88499908447267,186.51351494207668,0.9268128245069662,-230884100,bear,hold
2026-07-20,234.74000549316406,236.66000366210938,227.5,235.6699981689453,5123700,215.8639991760254,230.26320037841796,281.35700019836423,0.2028079580259774,58.84365536926541,2.3942338345839005,-1.2678655540334642,3.6620993886173645,243.25731125134362,215.8639991760254,188.47068710070718,0.8445367662230633,-236007800,bear,hold
2026-07-21,227.16000366210938,231.5,222.3000030517578,222.85000610351562,5060600,217.47699966430665,229.67620025634767,280.7742002105713,0.1655208351764188,52.45012736638263,2.306895651270821,-0.5529133129726072,2.8598089642434283,243.50791405763502,217.47699966430665,191.44608527097827,0.6859904698600301,-241068400,bear,hold
2026-07-22,218.36000061035156,229.66000366210938,218.0,229.66000366210938,4361300,218.52350006103515,228.98260040283202,280.1086001586914,0.10601230163109765,46.17724500883858,1.510184345101635,-0.14029378135775872,1.6504781264593937,242.87524111020704,218.52350006103515,194.17175901186326,0.496642961783442,-245429700,bear,hold
2026-07-23,212.1699981689453,222.75,210.8800048828125,222.17999267578125,4363200,219.3034996032715,228.30300048828124,279.43575019836425,0.07936099233590732,42.3412587607381,0.37498088374459826,-0.037238848337287314,0.41221973208188556,241.7145665919678,219.3034996032715,196.89243261457517,0.3408486878843348,-249792900,bear,hold
2026-07-24,225.11000061035156,226.92999267578125,216.14999389648438,216.5,4719900,220.88849945068358,227.9886004638672,278.8106001281738,0.16390050332465034,51.42544580023984,0.5135540830358138,0.07291973793733292,0.44063434509848093,239.98969024824106,220.88849945068358,201.7873086531261,0.6105036121676717,-245073000,bear,hold
2026-07-27,237.75,242.0500030517578,229.7899932861328,230.38999938964844,5541200,222.63949966430664,228.0222003173828,278.2578001403809,0.17274209544958707,58.33144779711377,1.624589400366574,0.38325367042318115,1.2413357299433927,241.17344882670827,222.63949966430664,204.10555050190501,0.9076438378914637,-239531800,bear,hold
2026-07-28,249.17999267578125,254.05999755859375,241.69000244140625,242.85000610351562,8098700,224.77699966430663,228.26560028076173,277.7598501586914,0.20709199979066573,63.39896083281085,3.3883391142878736,0.9842707591961197,2.404068355091754,245.1132131036542,224.77699966430663,204.44078622495906,1.099988613520805,-231433100,bear,hold
2026-07-29,263.42999267578125,266.2799987792969,248.5399932861328,249.99000549316406,9881800,227.69749908447267,228.58220001220704,277.3396501159668,0.28489897173983314,68.53641809115418,5.868332888849693,1.9610831851268344,3.907249703722859,252.19621966258194,227.69749908447267,203.1987785063634,1.2292726466548054,-221551300,bear,hold
2026-07-30,247.89999389648438,255.3000030517578,242.4199981689453,251.5,6869000,229.54349899291992,228.42739990234375,276.89160003662107,0.17499288518625256,58.84273347965764,6.505612064430295,2.8699889609875266,3.6356231034427684,254.28798571106336,229.54349899291992,204.7990122747765,0.8709209067995113,-228420300,bear,hold
2026-07-31,250.41000366210938,250.7100067138672,241.22999572753906,244.72999572753906,5589500,231.07799911499023,228.33579986572266,276.44705001831056,0.13967778204488046,59.83160670032291,7.130995535838991,3.7221902759578196,3.408805259881172,256.9749650023592,231.07799911499023,205.18103322762127,0.8732484459993853,-222830800,bear,hold
2026-08-03,251.33999633789062,262.1499938964844,251.1699981689453,258.25,4293800,232.74149856567382,228.29519989013673,276.024049987793,0.15256563441210536,60.21304438953177,7.613890884602256,4.500530397686707,3.113360486915549,259.34698778666467,232.74149856567382,206.13600934468298,0.8495236944852569,-218537000,bear,hold
2026-08-04,257.489990234375,258.5400085449219,245.4600067138672,248.6699981689453,4203000,234.53899841308595,228.5629995727539,275.6583499145508,0.16227316980104134,62.73327461081232,8.396057512730607,5.279635820695487,3.1164216920351198,262.68737061739125,234.53899841308595,206.39062620878062,0.9076788464836821,-214334000,bear,hold
2026-08-05,259.32000732421875,261.010009765625,255.55999755859375,260.07000732421875,4285500,236.45799865722657,228.85419982910156,275.30879989624026,0.17371234026753912,63.474684920411775,9.059168826690694,6.035542421894529,3.0236264047961656,265.84224192206557,236.45799865722657,207.07375539238757,0.8890181629136714,-210048500,bear,hold
2026-08-06,260.239990234375,260.6400146484375,250.83999633789062,252.22999572753906,4700600,238.3374984741211,229.24919952392577,274.94369979858396,0.168829990425992,63.86389849863922,9.548851041837821,6.738204145883187,2.8106468959546342,268.7396053021188,238.3374984741211,207.93539164612343,0.8602133872525509,-205347900,bear,hold
2026-08-07,265.2099914550781,270.1600036621094,261.2900085449219,262.82000732421875,4752600,240.41599807739257,229.78859924316407,274.552749786377,0.18587905642497438,65.97337323308314,10.22015371755802,7.434594060218155,2.7855596573398653,272.1686410715196,240.41599807739257,208.66335508326554,0.8904240881975002,-200595300,bear,hold
2026-08-10,272.9599914550781,273.1300048828125,262.1400146484375,263.05999755859375,4052600,242.53349761962892,230.4189990234375,274.1297998046875,0.1836433404129898,69.01122978681062,11.247867737366619,8.197248795647848,3.0506189417187706,276.9266059931918,242.53349761962892,208.140389246066,0.9423341662662467,-196542700,bear,hold
2026-08-11,263.7099914550781,272.2300109863281,262.67999267578125,270.4800109863281,4675200,244.67999725341798,230.5089990234375,273.67789978027344,0.19444692867625335,61.90706108180534,11.186984217417631,8.795195880001806,2.391788337415825,278.7314567927316,244.67999725341798,210.62853771410437,0.7794299342688872,-201217900,bear,hold
2026-08-12,258.75,263.260009765625,255.10000610351562,258.45001220703125,4191700,246.38949737548828,230.20339904785158,273.2010498046875,0.15225330786034208,58.43346724788797,10.616127620272806,9.159382228056007,1.4567453922167992,279.6527271044532,246.38949737548828,213.12626764652336,0.6857982932689852,-205409600,bear,hold
2026-08-13,270.489990234375,271.8800048828125,255.85000610351562,261.6099853515625,5201600,248.14849700927735,230.37099914550782,272.785899810791,0.14950487884400743,63.634608056394775,10.984417226730358,9.524389227790877,1.4600279989394807,282.5822278719787,248.14849700927735,213.714766146576,0.8244129036464353,-200208000,bear,hold
2026-08-14,264.0199890136719,273.3999938964844,261.6700134277344,273.2200012207031,2876300,249.48699645996095,230.52659912109374,272.3169998168945,0.1128345163906086,59.23556080775433,10.63165921729788,9.745843225692278,0.8858159916056021,284.2021358415607,249.48699645996095,214.77185707836125,0.7093177906324917,-203084300,bear,hold
2026-08-17,254.0399932861328,261.6499938964844,251.1999969482422,259.8999938964844,3871100,250.45199584960938,230.43899871826173,271.78764976501463,0.08221857093519924,53.13390552226776,9.437998334579333,9.68427424746969,-0.246275912890356,284.5411028267755,250.45199584960938,216.36288887244328,0.5526267443574684,-206955400,bear,hold
2026-08-18,263.1400146484375,267.3900146484375,258.19000244140625,259.8299865722656,4774100,252.2509963989258,230.67299896240235,271.41404991149903,0.15839060752898582,57.43891934518013,9.121166032752,9.571652604526152,-0.4504865717741513,285.0048570384028,252.2509963989258,219.4971357594488,0.6662249584769188,-202181300,bear,hold
2026-08-19,272.4700012207031,275.79998779296875,261.6700134277344,262.19000244140625,5541800,254.95649642944335,231.22259887695313,271.08019996643065,0.24780179730310192,61.35811856875921,9.513263117908508,9.559974707202624,-0.046711589294115896,284.88270863911225,254.95649642944335,225.03028421977447,0.7926114516023065,-196639500,bear,hold
2026-08-20,272.2200012207031,274.25,269.6600036621094,272.7300109863281,2631400,257.95899658203126,231.90939880371093,270.7397499847412,0.28302777758399933,61.19550832011513,9.692105414052065,9.586400848572513,0.10570456547955231,281.4746718096198,257.95899658203126,234.44332135444276,0.8032233712332633,-199270900,bear,hold
2026-08-21,275.29998779296875,277.1000061035156,269.9200134277344,272.3699951171875,4343100,260.46849594116213,232.74779846191407,270.42889991760256,0.22295760759866146,62.5135926518698,9.967469612931609,9.662614601444332,0.3048550114872768,279.759097830206,260.46849594116213,241.17789405211832,0.8844227343738353,-194927800,bear,hold
2026-08-24,276.2699890136719,279.0,273.25,275.0,3593200,262.3944953918457,233.89719818115233,270.13349983215335,0.16201888123521302,62.94053427202366,10.147000411848467,9.75949176352516,0.38750864832330656,279.83011556446473,262.3944953918457,244.95887521922666,0.8979065121989841,-191334600,bear,hold
2026-08-25,273.9200134277344,275.9100036621094,269.2799987792969,270.760009765625,3137600,263.63149642944336,235.2951983642578,269.8254499053955,0.09928574315412009,61.12424940008389,9.984560672955297,9.804505545411189,0.18005512754410802,280.64687363150125,263.63149642944336,246.61611922738547,0.8023299711817935,-194472200,bear,hold
2026-08-26,273.4700012207031,274.6000061035156,265.0400085449219,265.19000244140625,3630300,264.1334968566895,236.63739837646483,269.55604988098145,0.038112625077125095,60.76264323519049,9.707610494367486,9.78512653520245,-0.0775160408349631,281.6796120439744,264.1334968566895,246.58738166940458,0.7660561686834106,-198102500,bear,hold
2026-08-27,289.1499938964844,291.17999267578125,278.3699951171875,279.1600036621094,6521600,266.1959968566895,238.27399810791016,269.36704978942873,0.16639774512146532,67.89054177284405,10.630824322950843,9.954266092752128,0.6765582301987152,285.25669554068537,266.1959968566895,247.13529817269358,1.1021289518381603,-191580900,bear,hold
2026-08-28,291.5199890136719,294.0899963378906,286.5199890136719,288.2200012207031,3649300,268.2514961242676,240.17879791259764,269.1803997039795,0.16417069905495563,68.81274202697267,11.422050445030266,10.247822963207756,1.1742274818225091,288.8629328740805,268.2514961242676,247.64005937445467,1.0644558691333217,-187931600,bear,hold
2026-08-31,292.7900085449219,294.1300048828125,286.260009765625,287.6499938964844,5207600,270.32399673461913,242.13139801025392,268.9782497406006,0.1649161009428346,69.32122671742779,12.013103233254583,10.600879017217123,1.41222421603746,292.0237258373222,270.32399673461913,248.624267631916,1.017656504004564,-182724000,bear,hold
2026-09-01,286.0799865722656,294.5299987792969,285.4800109863281,288.260009765625,4449300,271.75349655151365,243.95499786376953,268.7233997344971,0.11103342818051742,63.43635332134624,11.804004910161382,10.841504195805976,0.9625007143554054,293.6489815383285,271.75349655151365,249.8580115646988,0.827156261425111,-187173300,bear,hold
2026-09-02,279.7900085449219,287.489990234375,279.42999267578125,283.5,3855000,272.7769966125488,245.60219818115235,268.4543497467041,0.078937222900469,58.428989687570464,11.00389823421574,10.87398300348793,0.12991523072780886,294.1597192511434,272.7769966125488,251.39427397395428,0.6639878150903706,-191028300,bear,hold
2026-09-03,285.75,292.8800048828125,283.8399963378906,285.4800109863281,3538800,274.05249710083007,247.38579803466797,268.22754981994626,0.0980249412961105,61.527827357422176,10.727074393532746,10.844601281496894,-0.11752688796414823,295.33482965742564,274.05249710083007,252.7701645442345,0.7748172191197336,-187489500,bear,hold
2026-09-04,266.510009765625,275.9100036621094,263.92999267578125,274.4700012207031,6637100,274.11749801635744,248.8477981567383,267.93474983215333,0.004901845150758977,48.86455172906743,8.853129720243771,10.44630696924627,-1.5931772490024994,295.2991084460383,274.11749801635744,252.93588758667659,0.3204223357806542,-194126600,bear,hold
2026-09-08,257.260009765625,262.80499267578125,254.25,262.80499267578125,5353562,273.33249893188474,249.9383984375,267.5986998748779,-0.05751751971327612,44.158953716267774,6.546157344074345,9.666277044211885,-3.12011970013754,295.7548704362799,273.33249893188474,250.9101274274896,0.14159702814866645,-199480162,bear,hold
