Date,Close,High,Low,Open,Volume,ma20,ma50,ma200,momentum20,rsi14,macd,macd_signal,macd_hist,bb_upper,bb_middle,bb_lower,bb_pct,obv,state,signal
2021-09-07,26.406719207763672,26.602946625054685,25.948853451819275,26.556226320632643,1055800,,,,,,,,,,,,,1055800,bear,hold
2021-09-08,25.54705238342285,26.257212059732137,25.313447297094744,26.257212059732137,852800,,,,,,,,,,,,,203000,bear,hold
2021-09-09,26.117046356201172,26.313273750627737,25.444262644418284,25.444262644418284,889500,,,,,,,,,,,,,1092500,bear,hold
2021-09-10,25.9488582611084,27.247702213231225,25.920825003900347,26.34131495069262,882000,,,,,,,,,,,,,210500,bear,hold
2021-09-13,27.070158004760742,27.098191258022535,26.16377086981486,26.350655660362577,1164700,,,,,,,,,,,,,1375200,bear,hold
2021-09-14,26.91130256652832,27.462610658236837,26.78048430146704,27.135564995583643,1376400,,,,,,,,,,,,,-1200,bear,hold
2021-09-15,26.967369079589844,27.219661193450193,26.36933890555909,27.219661193450193,1422800,,,,,,,,,,,,,1421600,bear,hold
2021-09-16,27.172941207885742,27.56539779008605,26.574912809205355,26.817862291735565,1487800,,,,,,,,,,,,,2909400,bear,hold
2021-09-17,25.472301483154297,27.238355549621094,25.294761099998016,27.238355549621094,4260000,,,,,,,,,,,,,-1350600,bear,hold
2021-09-20,24.201486587524414,24.650007925537835,23.743620832185872,24.31361781316045,2422800,,,,,,,,,,,,,-3773400,bear,hold
2021-09-21,23.9024715423584,24.49115555552675,23.687555298048153,24.416402001755127,2054900,,,,,,,,,,,,,-5828300,bear,hold
2021-09-22,24.864927291870117,24.9677123234234,24.098702852806095,24.126734324018145,1151500,,,,,,,,,,,,,-4676800,bear,hold
2021-09-23,25.201316833496094,25.25738333914124,24.72476222910489,24.949024687154626,978200,,,,,,,,,,,,,-3698600,bear,hold
2021-09-24,25.2667293548584,25.50967709895868,24.771485883928214,24.808861774456897,550300,,,,,43.31767222125226,,,,,,,,-3148300,bear,hold
2021-09-27,25.2667293548584,25.425579117437223,24.87427270184678,24.967713319301257,682700,,,,,43.31767222125226,,,,,,,,-2465600,bear,hold
2021-09-28,24.089357376098633,24.752794972181572,23.865096704932622,24.565911970675923,975300,,,,,34.14095396211762,,,,,,,,-3440900,bear,hold
2021-09-29,23.519359588623047,24.36033752242025,23.173623285101197,24.276239550813997,1181600,,,,,30.745146824882553,,,,,,,,-4622500,bear,hold
2021-09-30,23.313791275024414,23.939853056800775,23.313791275024414,23.74362383270624,964100,,,,,29.601609418563655,,,,,,,,-5586600,bear,hold
2021-10-01,23.453950881958008,23.762309522755704,23.164281075697225,23.453950881958008,808900,,,,,31.473094232859793,,,,,,,,-4777700,bear,hold
2021-10-04,23.19231605529785,23.31379171590729,22.846581475366186,23.20166047398055,962600,25.19430923461914,,,,29.876443794601897,,,,27.801650898432495,25.19430923461914,22.586967570805786,0.11608537785698479,-5740300,bear,hold
2021-10-05,23.407228469848633,23.71558710635479,23.13624750189611,23.313787862995213,580000,25.04433469772339,,,-0.11358816346383449,32.88820072666658,,,,27.700084130248058,25.04433469772339,22.38858526519872,0.19178074410460222,-5160300,bear,hold
2021-10-06,23.547395706176758,23.594116015082587,23.02411897865067,23.09887254225932,843800,24.944351863861083,,,-0.07827347935230466,34.853447599556375,,,,27.66660075671899,24.944351863861083,22.222102971003178,0.243418729758807,-4316500,bear,hold
2021-10-07,23.977224349975586,24.39771419077142,23.874437548388773,23.874437548388773,940900,24.837360763549803,,,-0.08193200628590647,40.59795935481678,,,,27.534929169287224,24.837360763549803,22.139792357812382,0.34057189954019235,-3375600,bear,hold
2021-10-08,23.51001739501953,24.182799449233546,23.38854352580267,24.051981162036082,500000,24.71541872024536,,,-0.09398644216050733,36.799541635190444,,,,27.421463546576245,24.71541872024536,22.009373893914475,0.27727617194349524,-3875600,bear,hold
2021-10-11,23.453950881958008,23.762309522755704,23.407228795615715,23.407228795615715,439300,24.534608364105225,,,-0.13358648007029594,36.359898684147,,,,27.06466960138007,24.534608364105225,22.004547126830378,0.2864364968274042,-4314900,bear,hold
2021-10-12,20.9497013092041,22.968048832719823,20.7160962552577,22.80919732474566,3622800,24.236528301239012,,,-0.2215277853082862,23.090528245970205,-0.8842309968183812,,,26.97265322911367,24.236528301239012,21.500403373364353,-0.10063540201507185,-7937700,bear,hold
2021-10-13,20.828227996826172,21.24871603530029,20.660032068530455,20.987077726588605,1504000,23.92957124710083,,,-0.22765072353350402,22.658563819961557,-1.0278304070261228,,,26.747601234568627,23.92957124710083,21.111541259633036,-0.05026796451187546,-9441700,bear,hold
2021-10-14,20.931015014648438,21.57576554073898,20.80019673890396,21.426258430669485,1335500,23.617474937438963,,,-0.22971109919546961,23.954928710494983,-1.1204243662284128,,,26.309324624843697,23.617474937438963,20.92562525003423,0.0010011265932541673,-8106200,bear,hold
2021-10-15,20.73478889465332,21.351506207732676,20.72544447690782,21.267408230288634,1107600,23.380599308013917,,,-0.1859868293265159,23.156935230357078,-1.1958544878112605,,,26.208233291689154,23.380599308013917,20.55296532433868,0.0321511856492676,-9213800,bear,hold
2021-10-18,20.987077713012695,21.05248862684718,20.44511404566884,20.557245258548505,938900,23.21987886428833,,,-0.13281865404783477,26.544999915657726,-1.2211985863012167,,,26.203703195834123,23.21987886428833,20.236054532742536,0.12584909445407702,-8274900,bear,hold
2021-10-19,20.977737426757812,21.25806281693209,20.865606201328884,21.11790012184495,764900,23.0736421585083,,,-0.12236115877881348,26.498418376392195,-1.2278833747760594,,,26.192924133162474,23.0736421585083,19.954360183854124,0.16404051496773497,-9039800,bear,hold
2021-10-20,21.557077407836914,21.706584522771067,20.837573303300434,21.07117839316822,878500,22.90824966430664,,,-0.13303275916333546,34.21008791786497,-1.1729126165460393,,,25.98050528056722,22.90824966430664,19.835994048046064,0.28010093800165,-8161300,bear,hold
2021-10-21,21.641178131103516,21.743964954023735,21.27675471495455,21.454293322569594,882100,22.73024272918701,,,-0.1412679633335927,35.27177452978012,-1.1097689435235196,,,25.659657575433574,22.73024272918701,19.80082788294045,0.3141156757843795,-7279200,bear,hold
2021-10-22,20.818885803222656,22.033631531523394,20.762819299628205,21.73461730808108,1049700,22.507850551605223,,,-0.17603558771568872,30.1488397281736,-1.1132464344790094,-1.1046946794199233,-0.008551755059086119,25.30562509542678,22.507850551605223,19.710076007783666,0.19815924730025536,-8328900,bear,hold
2021-10-25,21.407569885253906,21.529045527740603,20.856261741082857,20.856261741082857,1975800,22.314892578125,,,-0.1527368032246894,37.18295905774756,-1.0563238418236516,-1.095020511900669,0.03869667007701749,24.8444088043388,22.314892578125,19.7853763519112,0.32065292100751175,-6353100,bear,hold
2021-10-26,20.790851593017578,22.155104370150728,20.239543475610272,22.014941682156472,2256600,22.14996728897095,,,-0.13692792761478223,33.38950123609587,-1.0488853912113996,-1.0857934877628153,0.03690809655141569,24.62472910693983,22.14996728897095,19.675205471002066,0.2254047468154247,-8609700,bear,hold
2021-10-27,20.482492446899414,21.192652067954757,20.426427729577085,20.790851065570067,1271500,21.998123931884766,,,-0.12912201670629875,31.650778263070734,-1.0557028858213506,-1.0797753673745225,0.024072481553171876,24.49076667624884,21.998123931884766,19.505481187520694,0.19597899891345585,-9881200,bear,hold
2021-10-28,20.688068389892578,21.17396745626835,20.52921684058764,20.809544047619315,1197400,21.866837787628175,,,-0.11262530637583257,34.11405595478659,-1.032614205110928,-1.0703431349218036,0.03772892981087561,24.345017893551848,21.866837787628175,19.3886576817045,0.26217035337384353,-8683800,bear,hold
2021-10-29,20.482492446899414,20.744130764845664,20.258231795344866,20.454459197105635,1581800,21.718264865875245,,,-0.1266932999908511,32.83949403029493,-1.0191563201764566,-1.0601057719727343,0.040949451796277625,24.153953227452707,21.718264865875245,19.282576504297783,0.24631967733025406,-10265600,bear,hold
2021-11-01,21.35150718688965,21.388883077320216,20.44511822893015,20.501184737974295,948800,21.626224422454833,,,-0.0793714980435386,42.602049290408374,-0.9276749630328283,-1.033619610184753,0.10594464715192475,23.96951887237681,21.626224422454833,19.282929972532855,0.44138226299850386,-9316800,bear,hold
2021-11-02,20.977737426757812,21.585110293645656,20.921670922910668,21.342160790437447,832700,21.504749870300294,,,-0.1037923411659053,39.91458404888167,-0.8752461317424114,-1.0019449144962849,0.12669878275387347,23.71421057488446,21.504749870300294,19.295289165716127,0.38073731240183595,-10149500,bear,hold
2021-11-03,21.370197296142578,21.54773590522744,20.86560937828294,20.9590517833235,915800,21.395889949798583,,,-0.09246026342790314,43.9152555054715,-0.7928877571708739,-0.9601334830312027,0.16724572586032882,23.396753551549793,21.395889949798583,19.395026348047374,0.4935796089164903,-9233700,bear,hold
2021-11-04,21.865436553955078,21.986912201525993,21.40757078124146,21.491668758093496,930600,21.290300559997558,,,-0.08807473981126834,48.56890902055011,-0.67981994163069,-0.9040707747511002,0.22425083312041016,22.924404602415347,21.290300559997558,19.65619651757977,0.675979001039175,-8303100,bear,hold
2021-11-05,21.977569580078125,22.35133740648784,21.706586792015095,22.024289890029745,913100,21.21367816925049,,,-0.06518275972292764,49.5888592646686,-0.5745417257574168,-0.8381649649523636,0.2636232391949468,22.538763537839046,21.21367816925049,19.888592800661932,0.7882423385450673,-7390000,bear,hold
2021-11-08,22.229862213134766,22.556907927935104,22.089697727059793,22.127075398617244,893200,21.152473735809327,,,-0.05219115001067365,51.90014036739085,-0.46538540098885406,-0.7636090521596618,0.29822365117080774,22.12387938748358,21.152473735809327,20.181068084135074,1.0545512708663576,-6496800,bear,hold
2021-11-09,21.977569580078125,22.36068182493128,21.631833226733153,22.32330415115752,752500,21.203867149353027,,,0.04906362413971199,49.45812402440979,-0.394686434636359,-0.6898245286550013,0.2951380940186423,22.23391428775478,21.203867149353027,20.173820010951275,0.8755665162691463,-7249300,bear,hold
2021-11-10,21.201997756958008,21.912157420632493,21.10855536763617,21.575765531980018,685300,21.22255563735962,,,0.017945346103796833,42.792380268701216,-0.3966666328183557,-0.6311929494876722,0.23452631666931656,22.238124351596678,21.22255563735962,20.20698692312256,0.48987863641651497,-7934600,bear,hold
2021-11-11,21.585111618041992,21.734618739610287,21.360850935689548,21.585111618041992,461500,21.255260467529297,,,0.031250113906840626,46.61959940706631,-0.3631358631842403,-0.5775815322269858,0.21444566904274553,22.27329365488566,21.255260467529297,20.237227280172934,0.6620041245262621,-7473100,bear,hold
2021-11-12,21.771995544433594,21.902815618006255,21.510358961819378,21.669210507948957,476800,21.30712080001831,,,0.05002253242364718,48.43193675601436,-0.3178188972552256,-0.5256290052326338,0.20781010797740818,22.319473747621924,21.30712080001831,20.294767852414697,0.7296011215829961,-6996300,bear,hold
2021-11-15,21.856090545654297,21.996255018383895,21.603798415724693,21.996255018383895,506000,21.35057144165039,23.064484825134276,,0.04140704315888555,49.266643122193464,-0.2719838509484518,-0.4748999743757974,0.2029161234273456,22.378722548397587,21.35057144165039,20.322420334903196,0.7458389144778715,-6490300,bear,hold
2021-11-16,22.556907653808594,22.63166121374957,21.613142845637864,21.73461849445786,793400,21.42952995300293,22.987488594055176,,0.07527838655452412,55.70178762127845,-0.177068032810336,-0.41533358606270515,0.23826555325236914,22.56768867790298,21.42952995300293,20.291371228102882,0.995263831019996,-5696900,bear,hold
2021-11-17,22.846576690673828,22.949361710126276,21.99625437355081,22.61297161932651,1063200,21.494004917144775,22.933479080200197,,0.05981790845024881,58.069230968819966,-0.07757841699424262,-0.34778255224901267,0.27020413525477005,22.78904461528671,21.494004917144775,20.19896521900284,1.0222124755981083,-4633700,bear,hold
2021-11-18,23.201658248901367,23.248378555568667,22.818546030980038,23.061495546634006,1025400,21.57202892303467,22.8751713180542,,0.07210698550441075,60.83254042513543,0.029578966617648916,-0.27231024847568036,0.3018892150933293,23.065903357883066,21.57202892303467,20.07815448818627,1.0454371826210676,-3608300,bear,hold
2021-11-19,23.60346221923828,24.042639215885593,23.005433665120126,23.31379236112051,1106100,21.71125774383545,22.828263397216798,,0.133752422792222,63.74422719063876,0.14524983783198664,-0.18879823121414696,0.3340480690461336,23.404190555416644,21.71125774383545,20.018324932254256,1.0588539788639095,-2502200,bear,hold
2021-11-22,21.687894821166992,23.837062631426875,21.659863352152875,23.743620242760738,1460000,21.725273990631102,22.72061813354492,,0.013094664056483074,46.13566398718375,0.08141110018702591,-0.1347563649339124,0.21616746512093832,23.412549778987117,21.725273990631102,20.037998202275087,0.48892321879977607,-3962200,bear,hold
2021-11-23,21.856090545654297,22.155104760582198,21.566420747726053,21.762649940188304,1756900,21.77853593826294,22.61951389312744,,0.05123594615020344,47.506823904119194,0.043884556120165286,-0.09902818072309688,0.14291273684326217,23.410818326972546,21.77853593826294,20.146253549553336,0.5237564921142923,-2205300,bear,hold
2021-11-24,21.74396324157715,21.771994713063684,21.351506600376343,21.594456119430696,803200,21.841609477996826,22.515045776367188,,0.061587758323264685,46.65419777762274,0.005038680459119149,-0.07821480848665367,0.08325348894577282,23.3623744232804,21.841609477996826,20.320844532713252,0.4678956841020984,-3008500,bear,hold
2021-11-26,20.77216339111328,21.47297863466446,20.538558309929556,20.86560578003984,634100,21.84581422805786,22.38703022003174,,0.004064903481360682,39.960267854852276,-0.10297603846285242,-0.08316705448189343,-0.019808983980958983,23.35421300731758,21.84581422805786,20.337415448798144,0.14410908716344245,-3642600,bear,hold
2021-11-29,20.9497013092041,21.491664963069155,20.669375957374466,21.211339611239517,978900,21.869174671173095,22.296578216552735,,0.022810156699235806,41.608576278876164,-0.17226686992481177,-0.10098701757047711,-0.07127985235433466,23.305126777941688,21.869174671173095,20.433222564404502,0.17983842997447233,-2663700,bear,hold
2021-11-30,20.146106719970703,21.183314109084975,19.83774800729697,20.884299815857812,1533800,21.80890464782715,22.21547061920166,,-0.05645505286198671,36.69759877534223,-0.28869581485607654,-0.138528777027597,-0.15016703782847954,23.417514376167734,21.80890464782715,20.200294919486563,-0.016843177857614775,-4197500,bear,hold
2021-12-01,20.594619750976562,21.56641572307854,20.501177385015918,20.893633896238708,1032800,21.789748764038087,22.149313583374024,,-0.018263059928120273,40.89095517453286,-0.34084627562106107,-0.1789922767462898,-0.16185399887477125,23.44591519252433,21.789748764038087,20.133582335551846,0.13918812973588368,-3164700,bear,hold
2021-12-02,20.8469181060791,20.9683937531242,20.248889635289178,20.32364319413792,883200,21.76358480453491,22.068953399658202,,-0.024486399578441453,43.17146571012144,-0.3576942461766599,-0.21473267063236384,-0.14296157554429606,23.46144530257713,21.76358480453491,20.065724306492694,0.23005241022074338,-2281500,bear,hold
2021-12-03,21.295440673828125,21.32347214373336,20.753475158788522,21.024457916308325,1120400,21.735085010528564,21.990835876464843,,-0.026068351241029797,47.08032363283328,-0.3310383573479143,-0.23799380797547395,-0.09304454937244036,23.444248065192923,21.735085010528564,20.025921955864206,0.37138607533651147,-1161100,bear,hold
2021-12-06,21.538921356201172,21.707487113473928,20.883388252625792,21.351625673412777,817800,21.713152599334716,21.9162797164917,,-0.01995890502262687,49.1260329738173,-0.28695863665349464,-0.2477867737110781,-0.039171862942416535,23.420563067660478,21.713152599334716,20.005742131008954,0.4489779269936214,-343300,bear,hold
2021-12-07,22.93427276611328,23.16839151846583,21.969702863394435,21.988432792266877,800500,21.748373126983644,21.8696305847168,,0.03168758070674449,58.9255063195956,-0.13784297507196186,-0.22579801398325486,0.087955038911293,23.5246382233082,21.748373126983644,19.972108030659086,0.8338183139395964,457200,bear,hold
2021-12-08,22.86871910095215,22.89681399340048,22.260010720712422,22.71888324692958,667000,21.792930603027344,21.845217819213868,,0.04054813784695366,58.35678882984964,-0.024672957377664062,-0.18557300266213672,0.16090004528447266,23.633502534572163,21.792930603027344,19.952358671482525,0.7922429923784288,-209800,bear,hold
2021-12-09,22.072717666625977,22.718885981232248,22.072717666625977,22.53159024807016,712400,21.836466598510743,21.816284980773926,,0.04106782387439023,51.81695511554107,0.0007754942870334958,-0.14830330327230268,0.14907879755933617,23.66018240368939,21.836466598510743,20.012750793332096,0.5647718979690728,-922200,bear,hold
2021-12-10,21.904146194458008,22.784433054575626,21.744945398332312,22.587774193223662,588100,21.85241832733154,21.7880920791626,,0.014780307003339654,50.52561152602106,0.007257605426467251,-0.1171911215325487,0.12444872695901595,23.6726385743756,21.85241832733154,20.032198080287483,0.5142092329789402,-1510300,bear,hold
2021-12-13,20.97703742980957,21.941607221079508,20.85529647857362,21.913512331017,830800,21.81267042160034,21.73855381011963,,-0.03651287329182229,44.02700352803322,-0.061703919555068154,-0.1060936811370526,0.04438976158198445,23.672467975652,21.81267042160034,19.95287286754868,0.2753430232311298,-2341100,bear,hold
2021-12-14,20.845928192138672,20.967669123967717,20.368325854316097,20.60244454229674,917600,21.762162303924562,21.691626052856446,,-0.04621880346833018,43.18115937902884,-0.1254892823655709,-0.10997280138275627,-0.01551648098281462,23.66877807760899,21.762162303924562,19.855546530240133,0.2597224033200673,-3258700,bear,hold
2021-12-15,21.59511375427246,21.613843683611005,20.536897753225823,20.649273756888352,1018800,21.714072608947752,21.65538375854492,,-0.042638552868027535,49.18839819480773,-0.1142694017492758,-0.11083212145606018,-0.0034372802932156193,23.586287939182537,21.714072608947752,19.84185727871297,0.46823045598596463,-2239900,bear,hold
2021-12-16,20.330869674682617,21.85732479596109,20.18103383023842,21.744947019535864,839500,21.588287258148192,21.591053237915037,,-0.11011308390101804,41.26072716923575,-0.2050280611567885,-0.12967130939620586,-0.07535675176058265,23.47721271917353,21.588287258148192,19.699361797122855,0.16716061342541558,-3079400,bear,hold
2021-12-17,20.733552932739258,20.967671648912678,20.17166944287029,20.20912750864233,1860000,21.46488199234009,21.526179809570312,,-0.1063762464598399,44.33795348884769,-0.24167588983728194,-0.1520722254844211,-0.08960366435286085,23.234809934782604,21.46488199234009,19.694954049897575,0.2934014594425828,-1219400,bear,hold
2021-12-20,20.38705825805664,20.611812011516548,19.731525137493872,20.2278574594162,765300,21.304061794281004,21.463720626831055,,-0.13626831230547498,42.28519938471761,-0.2952750357600742,-0.18071278753955172,-0.11456224822052247,22.835997856943123,21.304061794281004,19.772125731618885,0.20070437057573975,-1984700,bear,hold
2021-12-21,21.16433334350586,21.22052133802811,20.6492710708021,20.99576757375496,509300,21.27788372039795,21.41792827606201,,-0.024140723752964055,48.091056479001416,-0.27189886081178116,-0.1989500021939976,-0.07294885861778355,22.800554460696496,21.27788372039795,19.7552129800994,0.462713417324278,-1475400,bear,hold
2021-12-22,21.426542282104492,21.445272206477462,20.70545805558417,20.96766985207014,543600,21.25640630722046,21.42746509552002,,-0.019653481149912833,49.921221693123066,-0.22956867894628274,-0.20507373754445465,-0.02449494140182809,22.757817747596903,21.25640630722046,19.754994866844015,0.5566586780640806,-931800,bear,hold
2021-12-23,21.660667419433594,21.819868251577482,21.417185474916522,21.48273844353146,478500,21.25224151611328,21.444113883972168,,-0.0038307562065907907,51.563351293133046,-0.17511119013143173,-0.19908122806185008,0.023970037930418353,22.74867393619616,21.25224151611328,19.7558090960304,0.6364665379602286,-453300,bear,hold
2021-12-27,22.20381736755371,22.23191225548706,21.68875692539689,21.70748685068579,639600,21.323824214935303,21.469569931030275,,0.06892175598103178,55.23099802294289,-0.08712129630815113,-0.17668924171111028,0.08956794540295915,22.858039967618325,21.323824214935303,19.789608462252282,0.7867892443026622,186300,bear,hold
2021-12-28,22.40984344482422,22.728245036698123,22.166359769498055,22.40047848198275,667500,21.39683132171631,21.50307102203369,,0.06969751568623139,56.57422115224353,-0.0007553813502916285,-0.14150246963894655,0.14074708828865493,22.990691977180816,21.39683132171631,19.802970666251802,0.8177856607586195,853800,bear,hold
2021-12-29,23.233938217163086,23.280763026715583,22.43793431660909,22.43793431660909,848700,21.55122289657593,21.5480082321167,,0.15327187233310124,61.544379452309414,0.13265858379017104,-0.08667025895312305,0.2193288427432941,23.226685429330534,21.55122289657593,19.875760363821325,1.002164413614379,1702500,bear,hold
2021-12-30,23.037282943725586,23.402507583883683,22.821894144975122,23.046647907086577,760800,21.67335605621338,21.589199142456053,,0.11860686054342895,59.78591101608561,0.21998581576229626,-0.02533904401003919,0.24532485977233545,23.407185817477476,21.67335605621338,19.93952629494928,0.8933277989523603,941700,bear,hold
2021-12-31,23.2152156829834,23.383779679507146,23.074743006603857,23.187120790470633,894600,21.791770935058594,21.622361907958986,,0.11360420590004061,60.875175965022635,0.3000916910571796,0.03974710300340457,0.26034458805377503,23.60531541798854,21.791770935058594,19.97822645212865,0.8924482584582378,1836300,bear,hold
2022-01-03,24.573101043701172,24.685478817082746,23.411872387617443,23.411872387617443,1097300,21.955653953552247,21.681000366210938,,0.15391371421119526,67.99896760614902,0.4677541954502331,0.1253485214927703,0.3424056739574628,24.11884689584126,21.955653953552247,19.792461011263235,1.1049962162365503,2933600,bear,hold
2022-01-04,24.19851303100586,24.947692282108363,23.599169630123857,24.685480437314602,1280400,22.08863353729248,21.7485929107666,,0.12347840594343307,64.50950938717614,0.5639015104668132,0.21305911928757887,0.3508423911792344,24.450840044676262,22.08863353729248,19.7264270299087,0.9465908224192764,1653200,bear,hold
2022-01-05,23.458696365356445,24.498184112927856,23.439968224189894,24.273430343271585,1250100,22.114854717254637,21.789615440368653,,0.02286637141675718,58.1613861335328,0.5737876613201145,0.285204827694086,0.2885828336260285,24.525178901242395,22.114854717254637,19.70453053326688,0.7787678224010703,403100,bear,hold
2022-01-06,23.599170684814453,23.833289434520214,23.074743399420846,23.41187497057612,846500,22.151377296447755,21.84578182220459,,0.03194107989335926,58.9866714874212,0.5862002589959019,0.3454039139544492,0.2407963450414527,24.627524213183847,22.151377296447755,19.675230379711664,0.7923480385152373,1249600,bear,hold
2022-01-07,22.20381736755371,23.8332851440082,22.15699434051545,23.59916643644892,1010700,22.15793228149414,21.880208320617676,,0.005939445378126518,48.708740724082496,0.4779346477182891,0.3719100607072172,0.10602458701107187,24.633905667192096,22.15793228149414,19.681958895796186,0.5092660701291496,238900,bear,hold
2022-01-10,22.1944522857666,22.222545385104254,21.286070635260668,21.726214910844806,1054300,22.17244758605957,21.910335998535157,,0.013253476703969591,48.647474070257125,0.38691754235573583,0.374911557036921,0.01200598531881486,24.645701858665984,22.17244758605957,19.699193313453154,0.5044485316270865,-815400,bear,hold
2022-01-11,22.775066375732422,22.91553723556917,21.80113353283823,22.016522303666843,781000,22.26234903335571,21.956187477111815,,0.08571415062489951,52.62596452194378,0.3575153212016531,0.3714323098698674,-0.013916988668214336,24.68546405515355,22.26234903335571,19.839234011557874,0.6057971532024712,-34400,bear,hold
2022-01-12,22.756338119506836,23.299493460557773,22.35365543477337,23.065374748274024,856500,22.35786952972412,21.98428409576416,,0.09164427267328934,52.48471603110456,0.32891115232275325,0.3629280783604446,-0.03401692603769135,24.699353074726506,22.35786952972412,20.016385984721733,0.5850889152377772,-890900,bear,hold
2022-01-13,22.447307586669922,23.318229718667936,22.334931574519246,23.168393845010698,798800,22.400479221343993,22.013675498962403,,0.039462345144112065,50.0954171655463,0.27810019514206274,0.34596250171676823,-0.06786230657470549,24.715759637804652,22.400479221343993,20.085198804883333,0.510112892804042,-1689700,bear,hold
2022-01-14,23.402507781982422,23.43060267230322,21.922877495919074,22.04462023445839,871300,22.554061126708984,22.0543217086792,,0.15108247489898652,56.662587727297286,0.31132011384146807,0.33903402414170825,-0.027713910300240174,24.70122886872746,22.554061126708984,20.40689338469051,0.6975734449316577,-818400,bear,hold
2022-01-18,21.773038864135742,22.94363235145487,21.744943977413875,22.915537464733003,1056200,22.606035423278808,22.05247375488281,,0.05013544638338785,45.631077911846546,0.20381318360575307,0.31198985603451723,-0.10817667242876416,24.620650309656305,22.606035423278808,20.59142053690131,0.29326158940459174,-1874600,bear,hold
2022-01-19,21.126880645751953,22.475405474344342,21.117515679128807,22.03526276016494,800000,22.643026542663574,22.03545997619629,,0.03628882491680452,42.12846859301053,0.06571606490492599,0.262735097808599,-0.197019032903673,24.515460148424022,22.643026542663574,20.770592936903125,0.09514027833957026,-2674600,bear,hold
2022-01-20,20.761648178100586,21.8666888231977,20.742918251801022,21.454639375527705,869400,22.62289228439331,22.006095695495606,,-0.019026593414001147,40.247899148340544,-0.0723639379343517,0.19571529066000887,-0.26807922859436056,24.565827241935324,22.62289228439331,20.679957326851294,0.021022538848299306,-3544000,bear,hold
2022-01-21,20.22785758972168,21.117507646291823,20.22785758972168,20.536894225992835,1071900,22.56295804977417,21.971101455688476,,-0.05594391650322217,37.6057679293613,-0.22230320147757965,0.11211159223249118,-0.3344147937100708,24.712752312363534,22.56295804977417,20.413163787184807,-0.043098588708654274,-4615900,bear,hold
2022-01-24,20.799108505249023,20.817838433584416,19.057266252296092,19.787715595533548,1305800,22.519880104064942,21.963043670654297,,-0.039775270886232894,41.99433046127062,-0.291673740035165,0.031354525778959946,-0.3230282658141249,24.772345398061784,22.519880104064942,20.2674148100681,0.11802483629780373,-3310100,bear,hold
2022-01-25,19.984376907348633,20.508802414156765,19.703435118104647,20.162307659834802,915700,22.408908081054687,21.93102897644043,,-0.0999576074449402,37.89994470601583,-0.40769279383689394,-0.056454938144210834,-0.3512378556926831,24.916918627788064,22.408908081054687,19.90089753432131,0.016642548241284947,-4225800,bear,hold
2022-01-26,20.106115341186523,21.03322527236705,19.85326847718028,20.611812641567234,710400,22.293721675872803,21.89771137237549,,-0.10279983032053552,38.85918443421334,-0.4842335131322386,-0.1420106531418164,-0.34222285999042223,24.995131673697607,22.293721675872803,19.592311678048,0.0950991636871566,-3515400,bear,hold
2022-01-27,19.06662940979004,20.358963977343066,18.832510686334597,20.227858063786933,978900,22.08535623550415,21.841922149658203,,-0.17936299771575637,34.02611411832483,-0.6216049371572865,-0.23792950994491044,-0.383675427212376,25.090347885949587,22.08535623550415,19.080364585058714,-0.002285393250034279,-4494300,bear,hold
2022-01-28,19.684701919555664,19.684701919555664,18.523473311410562,19.132181611122682,816500,21.917727184295654,21.784478034973144,,-0.14552849102732524,38.892737682482185,-0.6728433747208804,-0.32491228290010443,-0.347931091820776,25.062400801919893,21.917727184295654,18.773053566671415,0.14495118790308487,-3677800,bear,hold
2022-01-31,20.621177673339844,20.63990759997558,19.684702775762386,19.797078763208575,1013900,21.788025283813475,21.739970054626465,,-0.11173869952649063,45.457682367116185,-0.6306151004335554,-0.3860528464067946,-0.2445622540267608,24.921903819343168,21.788025283813475,18.654146748283782,0.31383330635748313,-2663900,bear,hold
2022-02-01,20.555622100830078,20.96766971728323,20.078019749492938,20.780375833309222,790400,21.587151336669923,21.68704933166504,,-0.16349092187129122,45.092474543138465,-0.5955732776401774,-0.42795693265347123,-0.1676163449867062,24.487535350608827,21.587151336669923,18.68676732273102,0.3221736792641188,-3454300,bear,hold
2022-02-02,20.686735153198242,21.01450179624801,20.424521481521527,20.836571026675077,882100,21.41156244277954,21.628714790344237,,-0.14512370546520492,46.026448520487214,-0.5508725373408971,-0.45254005359095645,-0.09833248374994069,24.07374377969938,21.41156244277954,18.7493811058597,0.3638659058402219,-2572200,bear,hold
2022-02-03,19.834537506103516,20.480705649389748,19.74088966435154,20.255950114711393,778400,21.230354499816894,21.59164764404297,,-0.15449105963982934,41.12940042928042,-0.5775544187853043,-0.47754292662982606,-0.10001149215547828,23.802340943610854,21.230354499816894,18.658368056022933,0.22865000959056458,-3350600,bear,hold
2022-02-04,19.628515243530273,19.787716065796005,19.225832491855137,19.57232724337305,1001300,21.031821727752686,21.547096138000487,,-0.1682540244449865,40.020809607448506,-0.6083120343810897,-0.5036967481800788,-0.1046152862010109,23.45016268751432,21.031821727752686,18.61348076799105,0.20986173836283015,-4351900,bear,hold
2022-02-07,19.600419998168945,20.068657449491916,19.38503119924457,19.806443833724767,1126700,20.901651859283447,21.504225273132324,,-0.11724999022866633,39.86301491094087,-0.627718766635887,-0.5285011518712405,-0.09921761476464652,23.333865592774032,20.901651859283447,18.469438125792863,0.23250051111934092,-5478600,bear,hold
2022-02-08,20.38705825805664,20.46197617587661,19.544231236035976,19.553594412852426,955900,20.81128215789795,21.496523170471193,,-0.08143449563155247,46.25284003783742,-0.5730182111563167,-0.5374045637282557,-0.035613647428060946,23.178071468336864,20.81128215789795,18.444492847459035,0.4103798766602851,-4522700,bear,hold
2022-02-09,21.61383819580078,21.72621595711468,20.724186426132857,20.780376199881765,950400,20.753220748901366,21.509805908203123,,-0.050986818689097935,54.3917622283007,-0.4257687414744282,-0.5150773992774902,0.08930865780306196,22.97712197852038,20.753220748901366,18.529319519282353,0.693492731475051,-3572300,bear,hold
2022-02-10,20.78038215637207,21.885423016941377,20.686734292797915,21.061323960910112,1056600,20.654422950744628,21.522491416931153,,-0.08683101616603983,48.96660773253861,-0.3720368040829385,-0.4864692802385799,0.1144324761556414,22.68034110500096,20.654422950744628,18.628504796488297,0.5310869433108167,-4628900,bear,hold
2022-02-11,19.572328567504883,20.874030126865854,19.375669660557826,20.75228736774054,1111500,20.510673999786377,21.50204559326172,,-0.12807678640588116,42.36993467217956,-0.4220683439384665,-0.4735890929785572,0.05152074904009074,22.41146012963882,20.510673999786377,18.609887869933935,0.25316911841251233,-5740400,bear,hold
2022-02-14,19.80644416809082,20.096750892680372,19.291383677414117,19.834539058670774,1709600,20.330870819091796,21.481236114501954,,-0.1536614642923101,43.945951198505036,-0.437781059802024,-0.4664274863432506,0.02864642654122662,21.7130135695658,20.330870819091796,18.948728068617793,0.3102849178128942,-4030800,bear,hold
2022-02-15,22.653331756591797,22.662696721349988,20.143578359296992,20.60245091534203,3941000,20.374885463714598,21.508393936157226,,0.04043041019441995,58.72692707470729,-0.21800049041524971,-0.41674208715765043,0.19874159674240072,21.976561040770154,20.374885463714598,18.773209886659043,1.2112695996357097,-89800,bear,hold
2022-02-16,23.374412536621094,23.449332243005244,22.156995886824454,22.31619669052255,1927600,20.487262058258057,21.545103759765624,,0.10638257150002217,61.49639178001259,0.014198712957526283,-0.3305539271346151,0.3447526400921414,22.53694101838567,20.487262058258057,18.437583098130446,1.2042933392318387,1837800,bear,hold
2022-02-17,22.653331756591797,23.149662385485207,22.12890444723942,22.953003484116362,1504700,20.581846237182617,21.539484939575196,,0.09111432590821766,57.351986854807144,0.13843724354118336,-0.23675569299945545,0.3751929365406388,22.83766387410142,20.581846237182617,18.326028600263815,0.9591429478844309,333100,bear,hold
2022-02-18,21.969696044921875,22.887442626813883,21.74494232675968,22.78442983617063,931500,20.668938159942627,21.521504478454588,,0.0861108719731778,53.65977272524127,0.17966244869668913,-0.15347206466022656,0.3331345133569157,22.996713283157046,20.668938159942627,18.341163036728208,0.7793993869955606,-598400,bear,hold
2022-02-22,21.28607177734375,22.100805639342298,20.948942063916704,21.538920402051982,950500,20.693286323547362,21.505771560668947,,0.023412699249673707,50.18078215514828,0.155379833684691,-0.09170168499124305,0.24708151867593403,23.03613664069485,20.693286323547362,18.350436006399875,0.6265094593234893,-1548900,bear,hold
2022-02-23,20.42452049255371,21.744950179997623,20.31214448597965,21.55765624031272,1240800,20.71529350280762,21.47617904663086,,0.022024383709618123,46.12229927042132,0.06585654468993596,-0.06019003905500725,0.1260465837449432,23.039287230662538,20.71529350280762,18.3912997749527,0.43744109401657133,-2789700,bear,hold
2022-02-24,21.782405853271484,21.819863919535607,19.45994858700532,19.675337380030246,1045900,20.799108028411865,21.492286415100097,,0.08337217227890625,52.62563730210443,0.10328805308817124,-0.02749442062637155,0.1307824737145428,23.14993203192281,20.799108028411865,18.44828402490092,0.7091389707164528,-1743800,bear,hold
2022-02-25,21.913515090942383,22.0352578436955,21.31417165026348,21.670031371620492,915100,20.941452312469483,21.513638153076172,,0.14931247783578194,53.21286775675082,0.14189651819343396,0.006383767137589549,0.13551275105584443,23.19831077105188,20.941452312469483,18.684593853887087,0.7153574972272481,-828700,bear,hold
2022-02-28,21.275348663330078,21.951053840984372,20.97503525103928,21.500583722548175,1155100,21.020984649658203,21.507242851257324,,0.08080623980362112,49.96627715575709,0.11962039813083791,0.029031093336239225,0.09058930479459869,23.206052514976324,21.020984649658203,18.835916784340082,0.5582050602887894,-1983800,bear,hold
2022-03-01,20.121017456054688,21.472427753768088,19.980245773794007,21.284732774090198,1329200,20.995976638793945,21.503045806884767,,-0.024254687351430437,44.65868044788481,0.008721000941523727,0.024969074857296127,-0.0162480739157724,23.210031525165622,20.995976638793945,18.781921752422267,0.3024079736855322,-3313000,bear,hold
2022-03-02,20.937498092651367,21.087654819688925,20.355641222883182,20.41194954801992,810200,21.01507043838501,21.50712471008301,,0.018577690811209635,48.801343617918455,-0.013133017309527872,0.017348656423931328,-0.0304816737334592,23.22017412560376,21.01507043838501,18.80996675116626,0.4824107260390365,-2502800,bear,hold
2022-03-03,20.59025764465332,21.172114410203555,20.383790839450477,21.172114410203555,623900,21.010246562957764,21.51118869781494,,-0.004663737792863221,47.18366989294727,-0.057805540083734286,0.002317817122398206,-0.06012335720613249,23.21862188484783,21.010246562957764,18.801871241067698,0.40490997745234014,-3126700,bear,hold
2022-03-04,19.811317443847656,20.440099244656917,19.614235672544705,20.23363245662441,818200,21.00908555984497,21.484128379821776,,-0.001170688363603789,43.68539515168091,-0.15428430710689867,-0.029002607723461173,-0.1252816993834375,23.219955076545663,21.00908555984497,18.798216043144276,0.22911831590478565,-3944900,bear,hold
2022-03-07,18.666372299194336,20.18671114877096,18.64760405389788,19.867627708613018,964900,20.960978412628172,21.428924980163575,,-0.04901761199961718,39.096904834044096,-0.3194495143810734,-0.08709198905498362,-0.23235752532608978,23.326385995707845,20.960978412628172,18.5955708295485,0.014966018996534934,-4909800,bear,hold
2022-03-08,19.238842010498047,20.055320483425465,18.544366952725017,18.732061898334393,972100,20.94289951324463,21.38048847198486,,-0.018447461212804495,42.35701680992406,-0.3995449047695949,-0.14958257219790588,-0.24996233257168904,23.354698129496892,20.94289951324463,18.531100896992367,0.14672475320627135,-3937700,bear,hold
2022-03-09,20.02717399597168,20.33687248910487,19.745630562217688,19.989633916799416,632700,20.92490530014038,21.33695560455322,,-0.017652584180100628,46.596421081395754,-0.3948576031869848,-0.1986375783957217,-0.19622002479126313,23.358297200952606,20.92490530014038,18.491513399328156,0.3155391032843798,-3305000,bear,hold
2022-03-10,19.895782470703125,19.952090785787473,19.32330893231689,19.567314017694482,569000,20.839002513885497,21.2866743850708,,-0.07948869189885244,45.98932378616488,-0.39716678939653605,-0.2383434205958846,-0.15882336880065145,23.29028218802762,20.839002513885497,18.387722839743372,0.3076066037808455,-3874000,bear,hold
2022-03-11,19.539155960083008,20.421327780771318,19.501617685803073,20.205477781137528,535500,20.776941204071044,21.2127787399292,,-0.05973067227295692,44.30214373413485,-0.42289870206720437,-0.2752544768901486,-0.14764422517705578,23.293009279378673,20.776941204071044,18.260873128763414,0.25402389622611926,-4409500,bear,hold
2022-03-14,19.63300895690918,19.933322381946464,19.32331051358833,19.586085655500558,1154100,20.77997522354126,21.14469326019287,,0.003100315284152888,44.8752958284712,-0.4307528253293995,-0.3063541465779988,-0.1243986787514007,23.29036555471887,20.77997522354126,18.26958489236365,0.2715561894125753,-3255400,bear,hold
2022-03-15,20.158552169799805,20.327478874631943,19.72685218190321,19.8300837759605,593800,20.797580623626708,21.0835599899292,,0.017777446507851735,48.09618411321945,-0.39007380149705995,-0.3230980775618111,-0.06697572393524887,23.285250335139942,20.797580623626708,18.309910912113473,0.3715608324390086,-2661600,bear,hold
2022-03-16,21.172117233276367,21.312888934679286,20.411948613693156,20.63718369393969,698200,20.72351989746094,21.015540313720702,,-0.06538616655735052,53.71330125751877,-0.2729032928439956,-0.313059120618248,0.04015582777425236,23.069975460609935,20.72351989746094,18.377064334311942,0.5955904179181217,-1963400,bear,hold
2022-03-17,21.73520278930664,21.78212608654246,20.796722524517897,20.89057090899858,646300,20.641559410095216,20.96627410888672,,-0.07012838268111654,56.527995943364935,-0.13307452184736945,-0.2770622008640723,0.14398767901670284,22.70994953812618,20.641559410095216,18.573169282064253,0.7643706727252021,-1317100,bear,hold
2022-03-18,22.091827392578125,22.166905745900017,21.13457704521717,21.341042069350085,1686700,20.613484191894532,20.938936729431152,,-0.024786833568103406,58.25923517921823,0.006443139130016817,-0.2203611328652545,0.2268042719952713,22.584852929499252,20.613484191894532,18.64211545428981,0.8749534961378738,369600,bear,hold
2022-03-21,21.885358810424805,22.307675632499233,21.54750535276526,21.988592209156106,493700,20.60926733016968,20.90466049194336,,-0.0038387984214539594,56.8477127691032,0.0992079935800696,-0.1564473075761897,0.2556553011562593,22.56934244681902,20.60926733016968,18.649192213520337,0.8255210653448182,-124100,bear,hold
2022-03-22,21.875972747802734,22.288904532984738,21.7821243707147,21.941666074761685,580300,20.638762378692626,20.89810359954834,,0.027713002973468237,56.780363122747254,0.17000768943769273,-0.09115630817341322,0.261163997611106,22.65561891856543,20.638762378692626,18.62190583881982,0.8067174944401685,-704400,bear,hold
2022-03-23,21.509965896606445,22.14813270835709,21.48181084667313,21.594429256397497,618400,20.693034648895264,20.884413871765137,,0.053144229478898186,54.08929851929897,0.1943429993225898,-0.03405644667421262,0.22839944599680242,22.7420704177255,20.693034648895264,18.643998880065027,0.6993452872171078,-1322800,bear,hold
2022-03-24,22.298288345336914,22.31705837774251,21.491194851984396,21.707044854622314,525800,20.718828773498537,20.874878311157225,,0.02368344872189354,58.636484932562446,0.27408051153202706,0.027570944967035316,0.24650956656499173,22.83399027945798,20.718828773498537,18.603667267539095,0.8733661867872191,-797000,bear,hold
2022-03-25,22.457828521728516,22.57044512852713,21.960433436676688,22.288901821521907,631800,20.746044445037843,20.86890811920166,,0.024839165625742732,59.5105062674626,0.3461563484278365,0.09128802565919555,0.2548683227686409,22.93472312648803,20.746044445037843,18.557365763587654,0.891054221708887,-165200,bear,hold
2022-03-28,22.119979858398438,22.30767662993707,21.63196968440526,22.232598279323433,756800,20.78827600479126,20.86236156463623,,0.03969999309690064,56.77463434555428,0.37173032899591263,0.147376486326539,0.22435384266937364,23.0476315467533,20.78827600479126,18.52892046282922,0.794708785065921,-922000,bear,hold
2022-03-29,22.476604461669922,22.70183952448719,22.09182767227261,22.457834425599525,781400,20.90605535507202,20.84384349822998,,0.11707096874002287,58.92143237978989,0.4159793666934597,0.20109706239992314,0.21488230429353655,23.25770230244171,20.90605535507202,18.55440840770233,0.8339253599173455,-140600,bear,hold
2022-03-30,21.265966415405273,22.392143648193098,21.20965809076869,22.392143648193098,838800,20.922478771209718,20.833702049255372,,0.01568804072484631,49.867137181096616,0.3493317957665134,0.23074400907324122,0.11858778669327219,23.279356773101924,20.922478771209718,18.565600769317513,0.5728692032255781,-979400,bear,hold
2022-03-31,20.3837890625,21.2659609414414,20.36502081912509,21.200267614606947,1066300,20.91215534210205,20.81884021759033,,-0.010027489005555723,44.50082773448309,0.2227609266231383,0.22914739258322064,-0.006386465960082355,23.27656029221468,20.91215534210205,18.54775039198942,0.3882665425867762,-2045700,bear,hold
2022-04-01,19.999013900756836,20.79672248220611,19.811318922186388,20.571487433916147,1026700,20.92154016494751,20.80358753204346,,0.00947420369398344,42.359665352138705,0.09036281480054953,0.20139047702668642,-0.11102766222613689,23.26982786266504,20.92154016494751,18.573252467229977,0.30357469293746636,-3072400,bear,hold
2022-04-04,20.0740909576416,20.421329420152706,19.923934268450026,20.09286099129278,1005700,20.99192609786987,20.800512199401854,,0.07541468882563884,42.93659662303261,-0.00840862228675121,0.1594306571639989,-0.1678392794507501,23.14160421430629,20.99192609786987,18.842247981433452,0.28651800629812646,-2066700,bear,hold
2022-04-05,18.98545265197754,20.03655118804257,18.89160428072032,19.94270281678535,1150700,20.979256629943848,20.764239082336427,,-0.013170717779284247,37.13275198670577,-0.1725407683507214,0.09303637206105483,-0.26557714041177627,23.172655890669187,20.979256629943848,18.78585736921851,0.04549907678299898,-3217400,bear,hold
2022-04-06,18.356674194335938,18.83529936285506,18.12205411898396,18.741450974712446,1429900,20.89573163986206,20.73168502807617,,-0.08341165867794187,34.252813957272636,-0.3493270188013007,0.004563693888583728,-0.3538907126898844,23.34060179572052,20.89573163986206,18.4508614840036,-0.019262227370637274,-4647300,bear,hold
2022-04-07,18.215906143188477,18.544374672248395,17.718510839754344,18.394217937251202,1316700,20.81173782348633,20.69388084411621,,-0.08443379042710664,33.62407910936359,-0.49508319039911797,-0.09536568296895662,-0.3997175074301613,23.4923130424634,20.81173782348633,18.131162604509257,0.01580696898174689,-5964000,bear,hold
2022-04-08,17.878049850463867,18.178365064374464,17.81235651273659,18.12205495488605,735400,20.72868251800537,20.670109252929688,,-0.08501422031804506,32.10106704861818,-0.6305891465931097,-0.20241037569378725,-0.42817877089932244,23.65362745326801,20.72868251800537,17.80373758274273,0.012703190891773831,-6699400,bear,hold
2022-04-11,17.64342498779297,18.056356728871496,17.605886714972403,17.73727335485746,863700,20.62920331954956,20.629283714294434,,-0.10133871855725118,31.049272126113095,-0.7482850939485566,-0.31158531934474115,-0.4366997746038154,23.819717561120406,20.62920331954956,17.438689077978715,0.03208509574203501,-7563100,bear,hold
2022-04-12,17.64342498779297,18.34728505576357,17.549578410737197,18.01881845605093,906100,20.503446960449217,20.569728660583497,,-0.12476725316487913,31.049272126113095,-0.831969553056684,-0.4156621660871297,-0.41630738696955427,23.946526167579805,20.503446960449217,17.06036775331863,0.08467090058033407,-6657000,bear,hold
2022-04-13,17.91558837890625,18.23467181179476,17.558964876261893,17.727891610145107,821100,20.340620517730713,20.51692798614502,,-0.15381214918136799,33.960270287894105,-0.8663421259664759,-0.505798158062999,-0.36054396790347687,23.945994707137707,20.340620517730713,16.73524632832372,0.16369203147491773,-5835900,bear,hold
2022-04-14,17.66219711303711,18.159592264438327,17.549580491216147,18.02820381896863,879500,20.136970233917236,20.456437225341798,,-0.1873921175593256,32.58110748426596,-0.9036129079911568,-0.5853611080486306,-0.31825179994252617,23.862375948436966,20.136970233917236,16.411564519397505,0.1678518649345059,-6715400,bear,hold
2022-04-18,17.756052017211914,18.093905586865944,17.577740212115668,17.784207078019612,697500,19.920181465148925,20.414867515563966,,-0.19626150876150872,33.65583201635363,-0.9150290792388134,-0.6512947022866672,-0.2637343769521462,23.669864020445345,19.920181465148925,16.170498909852505,0.21142497851182337,-6017900,bear,hold
2022-04-19,18.53498077392578,18.600674090267432,17.709119127045792,17.746657397808754,1017800,19.752662563323973,20.392996826171874,,-0.15308764482778847,41.92947457016526,-0.8514089242193315,-0.6913175466732,-0.16009137754613145,23.434949994654623,19.752662563323973,16.070375131993323,0.3346568794389084,-5000100,bear,hold
2022-04-20,18.553754806518555,19.2106899016503,18.4599064243543,18.88222324908893,800100,19.586551666259766,20.372063522338866,,-0.15186606692120097,42.11684055222159,-0.7903637639918912,-0.7111267901369384,-0.07923697385495287,23.169100499200525,19.586551666259766,16.004002833319007,0.3558572530477648,-4200000,bear,hold
2022-04-21,18.610063552856445,19.398387117365477,18.459906853903206,19.00422533511096,952300,19.441556549072267,20.336523628234865,,-0.1348166871899833,42.71385869920957,-0.7290374989891113,-0.714708931907373,-0.014328567081738353,22.934601517462443,19.441556549072267,15.94851158068209,0.3809787729988732,-3247700,bear,hold
2022-04-22,18.06574058532715,18.7696006081321,18.037585540011854,18.43174722438297,728300,19.229929161071777,20.265561676025392,,-0.18981491738108625,38.57219232407991,-0.7161035110093401,-0.7149878477277664,-0.0011156632815737533,22.511485064579993,19.229929161071777,15.94837325756356,0.3226163731509148,-3976000,bear,hold
2022-04-25,18.40359878540039,18.46929211831979,17.67158352570768,17.8311252442301,890100,19.027217674255372,20.218026008605957,,-0.18052634663255873,42.311231870263164,-0.6708576695833415,-0.7061618120988815,0.03530414251554004,21.969485317034696,19.027217674255372,16.084950031476048,0.39402410579720437,-3085900,bear,hold
2022-04-26,17.718503952026367,18.12205069171384,17.605887339560752,18.12205069171384,1075600,18.807143878936767,20.180949516296387,,-0.1989819129379059,37.34700385879073,-0.6824149865747628,-0.7014124469940578,0.018997460419294954,21.43254284214589,18.807143878936767,16.181744915727645,0.29267152494420984,-4161500,bear,hold
2022-04-27,17.30557632446289,18.046974791726296,17.258651237921523,17.530811369834392,1140600,18.548592472076415,20.13093215942383,,-0.23006269234418175,34.70408074994526,-0.7166331512417727,-0.7044565878436009,-0.012176563398171858,20.64222023902664,18.548592472076415,16.45496470512619,0.20314299245652948,-5302100,bear,hold
2022-04-28,18.375442504882812,18.581907507406367,17.4557323254475,17.718505639566757,901900,18.404066276550292,20.04537437438965,,-0.13592252776382352,45.47110436230639,-0.6499300447651386,-0.6935512792279084,0.043621234462769776,20.08599906189675,18.404066276550292,16.722133491203834,0.49149080988346877,-4400200,bear,hold
2022-04-29,17.65281105041504,18.45990454902281,17.59650274284042,17.95312441082477,1002600,18.267517375946046,19.930942344665528,,-0.13397793725746177,40.601198518049905,-0.6479089799929518,-0.6844228193809172,0.036513839387965374,19.710892554655942,18.267517375946046,16.82414219723615,0.28705940957068504,-5402800,bear,hold
2022-05-02,18.30975341796875,18.384831780825238,17.596508075827423,17.7185097442157,1437200,18.18305435180664,19.844070777893066,,-0.08446718879095128,46.23826822726353,-0.5865362876173776,-0.6648455130282094,0.07830922541083174,19.38951057989431,18.18305435180664,16.97659812371897,0.5525087704022793,-3965600,bear,hold
2022-05-03,17.230497360229492,18.018820885861494,17.033415583817014,18.018820885861494,1743900,18.040874671936034,19.74928680419922,,-0.14165491246464834,39.59085717194665,-0.6178625954890187,-0.6554489295203713,0.037586334031352586,18.957905456772654,18.040874671936034,17.123843887099415,0.05815152276980466,-5709500,bear,hold
2022-05-04,18.366058349609375,18.40359841910704,17.146034731079823,17.27742139430358,1338900,18.00990495681763,19.69088653564453,,-0.03262467920687939,48.05302929316122,-0.5447787680819225,-0.6333148972326815,0.08853612915075904,18.834412288555306,18.00990495681763,17.18539762507995,0.715979518363494,-4370600,bear,hold
2022-05-05,17.89681625366211,18.140821308547938,17.502654517309438,17.94374133537602,1542700,17.986912059783936,19.640332450866698,,-0.025051266684011808,45.233292525833676,-0.5187434720056956,-0.6104006121872844,0.09165714018158877,18.79697728985597,17.986912059783936,17.176846829711902,0.44438978320683187,-5913300,bear,hold
2022-05-06,18.244054794311523,18.74144813303445,17.493269593017775,17.690351357235592,1492500,17.98831949234009,19.5695654296875,,0.0015452786647989214,47.67994145766137,-0.4647339009311402,-0.5812672699360555,0.11653336900491529,18.800067342748864,17.98831949234009,17.176571641931314,0.657521391551978,-4420800,bear,hold
2022-05-09,17.43696403503418,18.065745912417384,17.333730628446016,17.74666246478954,1313800,17.966265201568604,19.480034408569335,,-0.024671919986745228,42.884441223973006,-0.4815059055195654,-0.5613149970527574,0.07980909153319204,18.81205222851678,17.966265201568604,17.120478174620427,0.18709548049922067,-5734600,bear,hold
2022-05-10,17.868663787841797,18.08451380328097,17.23988198503413,17.84050873756363,997200,17.977527141571045,19.41190071105957,,0.012766160776870983,46.0122319305712,-0.4547215310498416,-0.5399963038521743,0.08527477280233275,18.811738395540633,17.977527141571045,17.143315887601457,0.43475072818112764,-4737400,bear,hold
2022-05-11,17.249265670776367,18.037589199452572,17.18357234172151,17.690352520160058,861600,17.957819175720214,19.354465675354003,,-0.02234029488544942,42.42257423060996,-0.4779652865326298,-0.5275901003882655,0.04962481385563566,18.839920589796048,17.957819175720214,17.07571776164438,0.0983718574546276,-5599000,bear,hold
2022-05-12,17.455730438232422,17.784198835378298,16.93956530271497,17.17418533067506,1334500,17.934826278686522,19.284830322265623,,-0.02566803450425681,43.991120645178825,-0.4742591843185764,-0.5169239171743276,0.04266473285575123,18.84369928603193,17.934826278686522,17.025953271341113,0.2364341131367631,-4264500,bear,hold
2022-05-13,18.187747955322266,18.46929312751548,17.671584491315127,17.82174120048117,884200,17.96110382080078,19.236780128479005,,0.029755688882966203,49.26811176197805,-0.40755632014576904,-0.4950503977686159,0.08749407762284689,18.86731386770642,17.96110382080078,17.054893773895138,0.6250505527363045,-3380300,bear,hold
2022-05-16,17.91558837890625,18.253441846672686,17.699738347837272,17.943743431223137,676300,17.969080638885497,19.198865547180176,,0.008984900558958175,47.47709183219959,-0.37236246034959564,-0.4705128102848119,0.09815034993521626,18.870727583795123,17.969080638885497,17.06743369397587,0.4703363604339562,-4056600,bear,hold
2022-05-17,18.863452911376953,18.966684519089817,18.2722093662542,18.459906127565006,718500,17.985504245758058,19.202807159423827,,0.017721741471307784,53.77911625086347,-0.264932351533286,-0.4293967185345067,0.16446436700122075,18.93830014919521,17.985504245758058,17.032708342320905,0.9607223133788407,-3338100,bear,hold
2022-05-18,18.084516525268555,18.835300078934473,18.046976452580665,18.459908302101514,714200,17.962042331695557,19.17972064971924,,-0.02529074498091033,48.616655126869425,-0.23988166629230534,-0.3914937080860665,0.15161204179376114,18.880191085601247,17.962042331695557,17.043893577789866,0.5666962695598116,-4052300,bear,hold
2022-05-19,17.868663787841797,18.300363818720147,17.78420042701622,17.934357115148597,749700,17.924972343444825,19.13655044555664,,-0.039838647670864646,47.26270714397194,-0.2347403886327939,-0.360143044195412,0.1254026555626181,18.794028157566345,17.924972343444825,17.055916529323305,0.4676036022726876,-4802000,bear,hold
2022-05-20,18.00943374633789,18.384825430965332,17.26803360294104,18.347285367498213,760700,17.92215700149536,19.098823471069338,,-0.003116774467302519,48.27442482011319,-0.21680770558781504,-0.3314759764738926,0.11466827088607756,18.789734035301844,17.92215700149536,17.054579967688877,0.5502991327810998,-4041300,bear,hold
2022-05-23,17.96251106262207,18.328519570205177,17.812354368745048,18.112667756499093,828300,17.900102615356445,19.06729057312012,,-0.02396747114092901,47.9442563206585,-0.20403025967420518,-0.30598683311395514,0.10195657343974995,18.73957434066264,17.900102615356445,17.060630890050252,0.5371712622261707,-4869600,bear,hold
2022-05-24,17.549583435058594,17.78420352488553,17.164806630943154,17.69035513095291,824100,17.891656589508056,19.025622062683105,,-0.009533565442383485,45.0257839125286,-0.22463440470792762,-0.28971634743274965,0.06508194272482204,18.74160044672729,17.891656589508056,17.041712732288822,0.29876720589014855,-5693700,bear,hold
2022-05-25,17.89681625366211,18.075127984157298,17.446346209261584,17.47450125828993,647200,17.921218585968017,18.980387344360352,,0.03416470611056455,47.89792351535893,-0.21051783303996174,-0.2738766445541921,0.06335881151423034,18.72757844539659,17.921218585968017,17.114858726539445,0.48486883243220946,-5046500,bear,hold
2022-05-26,18.581911087036133,18.769607881858438,17.746664109096407,17.849897525249606,680300,17.931542015075685,18.928583221435545,,0.011236114836334243,53.1038529071954,-0.14240733766867208,-0.2475827831770881,0.10517544550841601,18.765705651680737,17.931542015075685,17.097378378470633,0.8898330276103702,-4366200,bear,hold
2022-05-27,19.285768508911133,19.304538543598376,18.675756701647998,18.86345346850236,735100,18.01318988800049,18.879594535827636,,0.09250410338798143,57.77217332757978,-0.0312733678957926,-0.204320900120829,0.1730475322250364,19.023343916458828,18.01318988800049,17.003035859542152,1.1298933553988832,-3631100,bear,hold
2022-05-31,19.182533264160156,19.332689933193965,18.844679863829743,19.332689933193965,862700,18.056828880310057,18.821408653259276,,0.04766748225756445,56.877849823490955,0.04791850762015315,-0.1538730185726326,0.20179152619278576,19.183184292879144,18.056828880310057,16.93047346774097,0.9997110020905823,-4493800,bear,hold
2022-06-01,19.041763305664062,19.501618369264445,18.60067648485701,19.313921621260317,712900,18.147392177581786,18.76453674316406,,0.1051197715055654,55.61362641189305,0.09818783211734328,-0.10346084843463743,0.2016486805519807,19.284636250068647,18.147392177581786,17.010148105094924,0.8932186369309958,-5206700,bear,hold
2022-06-02,19.698699951171875,19.70808496833883,18.882223147745734,18.882223147745734,725700,18.21402425765991,18.720991287231445,,0.07256002219936564,60.073662023976254,0.18885888334947154,-0.044996902077815634,0.2338557854272872,19.535883904803548,18.21402425765991,16.892164610516275,1.0615859810533408,-4481000,bear,hold
2022-06-03,19.02299690246582,19.313925306373644,18.938533528749165,19.26700200542403,488900,18.270333290100098,18.671251907348633,,0.06292631230279677,54.05697433019583,0.20384298076163176,0.00477107449007385,0.1990719062715579,19.62878581509245,18.270333290100098,16.911880765107746,0.7770297815044954,-4969900,bear,hold
2022-06-06,19.30523109436035,19.634511703359117,19.107662011187113,19.436942620185874,830400,18.32339210510254,18.6113907623291,,0.058165594875307036,56.037559780512375,0.2357740697597599,0.05097167354401106,0.18480239621574884,19.75454440043822,18.32339210510254,16.892239809766856,0.8430239368855986,-4139500,bear,hold
2022-06-07,19.389907836914062,19.43694716587134,18.928915594278312,19.00417959727118,628700,18.421039295196532,18.55003234863281,,0.11200021964580809,56.641491068541406,0.26485926060577114,0.09374919095636308,0.17111006964940806,19.863397508010127,18.421039295196532,16.978681082382938,0.8358626633489219,-3510800,bear,hold
2022-06-08,18.872461318969727,19.277005902350844,18.797197335626837,19.258189457906397,496100,18.47122917175293,18.48508197784424,,0.05617641828433384,51.94537686438106,0.24335067923195197,0.12366948861148086,0.11968119062047111,19.903030047475617,18.47122917175293,17.039428296030245,0.6401145068493822,-4006900,bear,hold
2022-06-09,18.166860580444336,18.90068575490548,18.148045930664473,18.684302029740554,714500,18.517108917236328,18.398887100219728,,0.05319617235779228,46.30729211831525,0.16743876107400624,0.13242334310398593,0.03501541797002031,19.84433272348342,18.517108917236328,17.189885110989238,0.3680522700303395,-4721400,bear,hold
2022-06-10,17.715282440185547,18.166866481413876,17.42363463786335,17.818771122547005,763500,18.530086517333984,18.32787342071533,,0.014869157316077741,43.084278849471275,0.07003215006267283,0.11994510449572332,-0.049912954433050494,19.820098007272442,18.530086517333984,17.240075027395527,0.1841872791430295,-5484900,bear,hold
2022-06-13,16.746253967285156,17.3483677155032,16.47342266114048,17.103759285670115,1248500,18.458011817932128,18.255122718811034,,-0.07925632088030377,37.114661161902056,-0.08438307463697825,0.079079468669183,-0.16346254330616125,19.960118062547494,18.458011817932128,16.955905573316763,-0.06978587792413124,-6733400,bear,hold
2022-06-14,17.019088745117188,17.075536297738516,16.614544063387754,16.896783620929742,1166200,18.413186836242676,18.195524215698242,,-0.05004020045719504,39.65009428679963,-0.18263743564711987,0.026736087805922425,-0.2093735234530423,20.026736134725233,18.413186836242676,16.79963753776012,0.06800263480125711,-5567200,bear,hold
2022-06-15,17.254289627075195,17.62120142464283,16.868561379777066,17.18843384745387,1116700,18.33272867202759,18.139128189086914,,-0.08530587119239641,41.82752428854852,-0.23877354630345948,-0.026365839015953955,-0.21240770728750552,20.007753422435172,18.33272867202759,16.657703921620005,0.178082653796615,-4450500,bear,hold
2022-06-16,15.560847282409668,16.708623700120263,15.41972571607778,16.65217615024866,1487800,18.206545209884645,18.070636081695557,,-0.13954861548732556,32.68391217934432,-0.4151231813345575,-0.10411730747967467,-0.3110058738548828,20.27206264715473,18.206545209884645,16.14102777261456,-0.14044434574507741,-5938300,bear,hold
2022-06-17,15.66433334350586,15.880717102123725,15.297421596768162,15.786638455375202,1567600,18.096328687667846,18.016789264678955,,-0.12336291456979609,33.6386128222389,-0.540302802979916,-0.1913544065797229,-0.34894839640019304,20.438871541113137,18.096328687667846,15.753785834222553,-0.01909303187028819,-4370700,bear,hold
2022-06-21,16.078290939331055,16.32289944061429,15.843090664378213,15.984210470462779,1174300,17.999771547317504,17.974036960601808,,-0.10722951283238003,37.45953452428192,-0.5991984498672309,-0.2729232152372245,-0.3262752346300064,20.50240995895307,17.999771547317504,15.497133135681938,0.11610902337052127,-3196400,bear,hold
2022-06-22,15.645519256591797,16.012432853115524,15.551440595651007,15.749007936949186,1305900,17.883921957015993,17.929386348724364,20.876475644111633,-0.12899041776245124,35.179063196335434,-0.6730363877909973,-0.35294584974797905,-0.32009053804301824,20.589053674702804,17.883921957015993,15.178790239329182,0.0862673366718203,-4502300,bear,hold
2022-06-23,15.551438331604004,15.86190253304199,15.3444610010219,15.739597420527987,884700,17.78401470184326,17.887546615600584,20.822199239730836,-0.11385712434991013,34.68472078862433,-0.7307217247640168,-0.42850102475118657,-0.3022207000128302,20.67253530841693,17.78401470184326,14.895494095269594,0.11354328489843868,-5387000,bear,hold
2022-06-24,16.266450881958008,16.35112132488043,15.720784554790608,15.720784554790608,1098400,17.702496433258055,17.860007133483887,20.77579623222351,-0.091098067309625,41.421865900925546,-0.7105514380364149,-0.4849111074082323,-0.22564033062818256,20.66476339179076,17.702496433258055,14.740229474725352,0.2576103755329056,-4288600,bear,hold
2022-06-27,16.68039894104004,16.877968056213934,16.266447851558517,16.511054497872486,758300,17.60742082595825,17.83530334472656,20.728612995147706,-0.10233135532128901,44.96139434055839,-0.6536295569636721,-0.5186547973193203,-0.1349747596443518,20.572742170983886,17.60742082595825,14.642099480932613,0.34368947290092167,-3530300,bear,hold
2022-06-28,16.209997177124023,17.113166868412335,16.14414140894953,16.83092555481938,629000,17.453632259368895,17.8062593460083,20.679918689727785,-0.15948399102508803,41.865580987656685,-0.6391087987493975,-0.5427455976053358,-0.09636320114406172,20.37351502556,17.453632259368895,14.533749493177789,0.2870402372580264,-4159300,bear,hold
2022-06-29,15.767826080322266,16.115921469832482,15.579665149361976,16.021842798787965,826200,17.282896900177,17.766494827270506,20.62340703010559,-0.17801127394460392,39.137635574779196,-0.6557217531839434,-0.5653408287210573,-0.09038092446288615,20.177664917579264,17.282896900177,14.388128882774737,0.23830876762029024,-4985500,bear,hold
2022-06-30,15.946573257446289,16.266445652534337,15.542028652221108,15.758412391711552,1065600,17.128137397766114,17.714726676940916,20.56858338356018,-0.16254744891703887,40.816489083537185,-0.6470059540309308,-0.581673853783032,-0.0653321002478987,19.96050563466315,17.128137397766114,14.295769160869078,0.29141763332046966,-3919900,bear,hold
2022-07-01,14.52596664428711,15.777232765190737,14.413070635069328,15.626704752900363,1230800,16.869500732421876,17.634170913696288,20.506376371383666,-0.2625926238638423,33.02056202654357,-0.7461287933051608,-0.6145648416874578,-0.13156395161770296,19.6600989278989,16.869500732421876,14.078902536944852,0.08010184125877641,-5150700,bear,hold
2022-07-05,14.563597679138184,14.563597679138184,14.008525895024306,14.177869448983765,1207800,16.64653077125549,17.553241596221923,20.44332965373993,-0.23442148711855149,33.38353203127616,-0.8122843393204366,-0.6541087412140536,-0.15817559810638304,19.42583005374008,16.64653077125549,13.867231488770905,0.1252772946684522,-3942900,bear,hold
2022-07-06,14.638859748840332,14.779979499407686,14.22490692533244,14.554187539612922,732800,16.41321220397949,17.48470397949219,20.389162445068358,-0.24171538391390768,34.15210623731606,-0.848854994150237,-0.6930579918012904,-0.15579700234894667,19.03983844147694,16.41321220397949,13.78658596648204,0.16223735417535196,-3210100,bear,hold
2022-07-07,15.41972827911377,15.494992289597887,15.052816452308136,15.052816452308136,791900,16.214703226089476,17.425026569366455,20.345253653526306,-0.2047549473258432,41.671325617208744,-0.8055421487198586,-0.7155548231850041,-0.08998732553485456,18.48776301805828,16.214703226089476,13.941643434120671,0.32513109646641963,-2418200,bear,hold
2022-07-08,15.645519256591797,15.70196860647879,15.165712343600383,15.306832129447,611100,16.05335612297058,17.383566875457763,20.303968892097473,-0.17098681554240924,43.67419051949242,-0.7444157998377587,-0.721327018515555,-0.02308878132220371,17.98071901804208,16.05335612297058,14.12599322789908,0.3941982157533302,-1807100,bear,hold
2022-07-11,15.391505241394043,15.664336603732592,15.25038365302922,15.419728123518578,514800,15.914588356018067,17.345285453796386,20.25660178184509,-0.15277022283298725,41.92986014775153,-0.7083046411016003,-0.7187225430327641,0.010417901931163764,17.597422529742534,15.914588356018067,14.231754182293601,0.34458269186846513,-2321900,bear,hold
2022-07-12,15.391505241394043,15.664336603732592,15.25038365302922,15.51380858428328,610000,15.798399496078492,17.28560670852661,20.207552723884582,-0.13117359018336738,41.92986014775153,-0.6719405749567269,-0.7093661494175567,0.037425574460829836,17.27628812637798,15.798399496078492,14.320510865779005,0.3623393379100581,-1711900,bear,hold
2022-07-13,15.485583305358887,15.59848021277213,14.939919704689459,15.024591936640524,626500,15.735365962982177,17.24226215362549,20.158646993637085,-0.07528075618517838,42.90928122971801,-0.6282879644704504,-0.6931505124281354,0.06486254795768498,17.152457023044324,15.735365962982177,14.31827490292003,0.41186781687397866,-1085400,bear,hold
2022-07-14,15.946573257446289,16.012429022122944,15.250379130888765,15.560845097681582,574900,15.681740188598633,17.19499855041504,20.112046213150023,-0.0630183850459447,47.575239026740526,-0.550153097233828,-0.664551029389274,0.11439793215544602,16.976335509835202,15.681740188598633,14.387144867362066,0.602284113229566,-510500,bear,hold
2022-07-15,16.322895050048828,16.35111792701288,15.833678179072901,16.313486826249076,544300,15.635170459747314,17.176846504211426,20.073213901519775,-0.05398046498331843,51.089469660622825,-0.45264679788374806,-0.622170183088169,0.1695233852044209,16.755409564210343,15.635170459747314,14.514931355284284,0.8069543758835154,33800,bear,hold
2022-07-18,16.200593948364258,16.74625850287774,16.0594741452796,16.708627392791804,1028300,15.667157793045044,17.133537216186525,20.03662007331848,0.041112585603084284,49.91832777600913,-0.3808508187793631,-0.5739063102264078,0.1930554914470447,16.813316093874455,15.667157793045044,14.520999492215633,0.7327061431798711,-994500,bear,hold
2022-07-19,17.263696670532227,17.31073599720401,16.464015556064876,16.57691245228656,772400,15.747125959396362,17.120874824523927,20.006369600296022,0.10210222752246478,58.76657206697341,-0.23545431237045733,-0.5062159106552178,0.27076159828476043,17.08797826371789,15.747125959396362,14.406273655074834,1.0655248927297964,-222100,bear,hold
2022-07-20,17.74350357055664,17.941070876207153,17.009678304350924,17.1696145113021,808900,15.830386590957641,17.11086380004883,19.977817363739014,0.1035690072725397,62.02737702492607,-0.08058123626614133,-0.42108897577740245,0.3405077395112611,17.42579444959874,15.830386590957641,14.234978732316542,1.0995698746364806,586800,bear,hold
2022-07-21,18.101009368896484,18.11982581783979,17.62120068745423,17.85640091593953,577400,15.953161096572876,17.124144706726074,19.952360830307008,0.15694526158153144,64.29320794930274,0.07019535412493028,-0.32283210979693594,0.3930274639218662,17.82648495863553,15.953161096572876,14.079837234510224,1.0732720102008113,1164200,bear,hold
2022-07-22,17.715282440185547,18.166866481413876,17.508306869898096,18.101010699705846,570400,16.061353302001955,17.12107707977295,19.92390110015869,0.13914109180397327,60.12460356377353,0.15675497502845914,-0.22691469283185695,0.3836696678603161,18.0741270520432,16.061353302001955,14.04857955196071,0.9108581846692161,593800,bear,hold
2022-07-25,17.611787796020508,17.715276443349804,17.442445183711012,17.63060423997763,587700,16.128620147705078,17.128327522277832,19.89422306060791,0.08270623529529031,59.018898533916044,0.21452997734109758,-0.13862575879726605,0.3531557361383636,18.251240056054062,16.128620147705078,14.006000239356096,0.8493719347683559,6100,bear,hold
2022-07-26,17.348369598388672,17.564753380959964,17.25428914679039,17.46126470475832,635400,16.16201868057251,17.126180305480958,19.861078786849976,0.040045244703660776,56.18664118803685,0.23633708900183947,-0.06363318923744496,0.29997027823928446,18.338648921211096,16.16201868057251,13.98538843993392,0.7725200853288035,-629300,bear,hold
2022-07-27,18.119823455810547,18.270351438864076,17.55534262214227,17.61179016717857,709300,16.257509994506837,17.124821815490723,19.83412781715393,0.11781780452014634,61.94619182528341,0.3122696113907537,0.011547370888194776,0.3007222405025589,18.59575385704074,16.257509994506837,13.919266131972934,0.898229092171242,80000,bear,hold
2022-07-28,18.571409225463867,18.618450346301316,17.69646411667538,18.101008783701047,854700,16.397689151763917,17.137938232421874,19.80971510887146,0.17780403784643362,64.85837611906645,0.4042262118513875,0.09008313908083333,0.3141430727705542,18.929813050628802,16.397689151763917,13.865565252899032,0.9292286160788573,934700,bear,hold
2022-07-29,18.975954055786133,19.060626279586906,18.307984489628407,18.430289610422985,879900,16.54915819168091,17.140188255310058,19.79984637260437,0.18997064444082157,67.27449437611997,0.5039367974020728,0.17285387074508124,0.3310829266569915,19.307539751949633,16.54915819168091,13.790776631412188,0.9398948823941534,1814600,bear,hold
2022-08-01,19.258195877075195,19.549845479872488,18.637267358918873,18.81602005185342,1039500,16.785769653320312,17.16366184234619,19.791996212005614,0.3257772338785603,68.88198215545796,0.5988297741340496,0.25804905142287493,0.34078072271117466,19.620173492860836,16.785769653320312,13.951365813779788,0.9361457230024922,2854100,bear,hold
2022-08-02,20.77288246154785,21.102163114214953,19.182928540567968,19.493392745783193,1824800,17.096233892440797,17.221746215820314,19.79120554924011,0.4263565170647525,75.76267408753046,0.7871815515414333,0.3638755514465866,0.4233060000948467,20.23312678239571,17.096233892440797,13.959341002485884,1.0860334888833099,4678900,bear,hold
2022-08-03,21.356178283691406,21.506706263949233,20.650577703319687,20.91400077155335,1145900,17.43209981918335,17.28868110656738,19.794312496185302,0.45886897272741556,77.79855426841776,0.972310598837403,0.4855625609247499,0.4867480379126531,20.868749499765496,17.43209981918335,13.995450138601202,1.070916274457649,5824800,bear,hold
2022-08-04,21.666645050048828,21.79835659986633,21.28091683035305,21.30913970849378,913800,17.744445657730104,17.362763786315917,19.797710332870484,0.40512495796677506,78.81840611098451,1.1310408411993684,0.6146582169796736,0.5163826242196948,21.5122922781498,17.744445657730104,13.976599037310407,1.020482889492173,6738600,bear,hold
2022-08-05,21.30914306640625,21.619607335924492,20.857559000640727,21.16802327015897,754700,18.027626848220827,17.43795497894287,19.799367361068725,0.361996538237505,74.57053705719375,1.2139941111217354,0.734525395808086,0.47946871531364943,21.969227655509982,18.027626848220827,14.08602604093167,0.9162669405939021,5983900,bear,hold
2022-08-08,21.03630256652832,21.30913381489672,20.584716902386308,21.139789415147817,751100,18.30986671447754,17.500744705200194,19.796763486862183,0.3667475816434842,71.40751335590237,1.243386244419689,0.8362975655304066,0.40708867888928246,22.264380343989373,18.30986671447754,14.355353084965705,0.8447245486403023,5232800,bear,hold
2022-08-09,19.54984474182129,20.547093264479173,19.07003603328064,20.51886858947016,1063700,18.517783689498902,17.5201033782959,19.786306819915772,0.27017107392743966,57.177933720794286,1.1336667931019164,0.8957714110447086,0.23789538205720784,22.26870391474099,18.517783689498902,14.766863464256817,0.6375743804649666,4169100,bear,hold
2022-08-10,20.453012466430664,20.603540475087517,19.982611990769144,20.208404003754424,777200,18.76615514755249,17.54344825744629,19.784477453231812,0.32077765900834776,62.11748467293231,1.1068325480998276,0.9379836384557324,0.16884890964409516,22.3344633266935,18.76615514755249,15.197846968411481,0.7363665404152743,4946300,bear,hold
2022-08-11,20.62234878540039,21.14919660775926,20.443596172758475,20.57530947417422,608300,18.999943923950195,17.572244567871095,19.780551347732544,0.2932150658619235,62.97972024396697,1.0867034009863765,0.9677275909618612,0.1189758100245153,22.407769777875373,18.999943923950195,15.592118070025018,0.7380410459621181,5554600,bear,hold
2022-08-12,21.39381217956543,21.487892628139814,20.7164361798134,20.81992305825345,706000,19.253489780426026,17.619285545349122,19.783566150665283,0.31066285202277477,66.69850275596401,1.1200898567598152,0.998200044121452,0.12188981263836318,22.580491126343055,19.253489780426026,15.926488434508999,0.8216593828202166,6260600,bear,hold
2022-08-15,21.139795303344727,21.38440374951046,20.876372203193387,21.28091687206613,604600,19.500449848175048,17.64810745239258,19.78685266494751,0.3048777946489529,64.40442200255913,1.1132193250688651,1.0212039003109348,0.09201542475793034,22.61052636947769,19.500449848175048,16.390373326872407,0.7635538778452702,5656000,bear,hold
2022-08-16,21.233871459960938,21.45966341207655,20.961040190734337,21.045712397082056,809500,19.698958587646484,17.69232494354248,19.78958168029785,0.22997245985012515,64.88611811256386,1.1026548204248954,1.0374940843337268,0.06516073609116857,22.718112480887765,19.698958587646484,16.679804694405203,0.7541958652307408,6465500,bear,hold
2022-08-17,20.51886749267578,20.93282039850382,20.255444384414126,20.801108844372994,623100,19.83772678375244,17.71659767150879,19.789763555526733,0.15641577837674325,58.41586231966796,1.0247745664568733,1.034950180758356,-0.010175614301482838,22.737373838103856,19.83772678375244,16.938079729401025,0.6174523478471583,5842400,bear,hold
2022-08-18,20.801109313964844,21.026901323758736,20.547092630033447,20.612948408585574,757100,19.97273178100586,17.744821701049805,19.78701156616211,0.14916847398068445,60.10694391439585,0.9745939479071914,1.0228789341881233,-0.04828498628093181,22.78652483429996,19.97273178100586,17.158938727711757,0.6471994416912085,6599500,bear,hold
2022-08-19,20.62234878540039,20.70702098115526,20.33070110804178,20.453004393890648,751000,20.1180850982666,17.77981945037842,19.785234622955322,0.16409935066123604,58.4847075482097,0.9099120655921027,1.0002855604689191,-0.09037349487681645,22.744509653554072,20.1180850982666,17.49166054297913,0.5959981291140869,5848500,bear,hold
2022-08-22,19.709779739379883,20.227219520979652,19.625107514109327,20.15195552012086,668400,20.22298469543457,17.81067783355713,19.776932535171508,0.11912430286228126,50.928116987814185,0.7760684781630651,0.9554421440077484,-0.17937366584468328,22.59598441360625,20.22298469543457,17.84998497726289,0.3918657781278428,5180100,bear,hold
2022-08-23,19.926162719726562,20.151954713262512,19.77563472403593,19.794451172106072,523100,20.351874351501465,17.85489543914795,19.767236166000366,0.14858993559702105,52.495448407866405,0.679622503787197,0.9002782159636382,-0.2206557121764412,22.334200196184543,20.351874351501465,18.369548506818386,0.39262319489080705,5703200,bear,hold
2022-08-24,19.9167537689209,20.076689982810464,19.756817555031333,19.879120874153852,415700,20.44172086715698,17.918305435180663,19.75693208694458,0.09916930578780692,52.417050679166195,0.5955638610775864,0.8393353449864279,-0.2437714839088415,22.156008448947983,20.44172086715698,18.72743328536598,0.34688476314819267,5287500,bear,hold
2022-08-25,20.631763458251953,20.641171682326156,19.91675457852993,19.91675457852993,420500,20.544738578796387,17.99055892944336,19.748941593170166,0.11094226656548312,57.599214583446354,0.5799567075500001,0.7874596174991424,-0.20750290994914233,22.0293063365335,20.544738578796387,19.060170821059273,0.5293098374937818,5708000,bear,hold
2022-08-26,19.634517669677734,20.641174453087217,19.625109444340623,20.631766227750106,366500,20.577666759490967,18.03816349029541,19.737226333618164,0.03470516486051434,49.50164984667872,0.48156731686519905,0.7262811573723538,-0.24471384050715472,21.9462747427094,20.577666759490967,19.209058776272535,0.15543490123617656,5341500,bear,hold
2022-08-29,19.512210845947266,19.841491526504917,19.371091066975517,19.465171517768464,615600,20.59036750793457,18.117190761566164,19.72877739906311,0.013189967040186046,48.599246773200626,0.3892369955824826,0.6588723250143795,-0.26963532943189694,21.913727305766418,20.59036750793457,19.26700771010272,0.09264416836837486,4725900,bear,hold
2022-08-30,19.107666015625,19.653330472674707,18.872465787682277,19.578066471510446,734600,20.507106685638426,18.186057415008545,19.716390171051025,-0.08016299370129742,45.63586356097509,0.28019129306367674,0.583136118624239,-0.30294482556056224,21.975633191289845,20.507106685638426,19.038580179987008,0.023522161626679815,3991300,bear,hold
2022-08-31,18.93832015991211,19.277009037251435,18.825425063755798,19.277009037251435,667400,20.386213779449463,18.243257999420166,19.70222179412842,-0.11321586154886565,44.414963301219515,0.1780544915682718,0.5021197932130456,-0.32406530164477376,21.950228944231945,20.386213779449463,18.82219861466698,0.037122896203272596,3323900,bear,hold
2022-09-01,18.420883178710938,18.47733073525927,17.90344335574107,18.458516079366802,663100,20.22392568588257,18.29876527786255,19.6850457572937,-0.14980454352025196,40.821368943247705,0.05472664583852449,0.41264116373814136,-0.35791451789961687,21.892876781843565,20.22392568588257,18.554974589921574,-0.040172360812473634,2660800,bear,hold
2022-09-02,18.090761184692383,18.7887361024724,17.96814292402463,18.722711715511124,651700,20.063006591796874,18.349551734924315,19.66271502494812,-0.15103290975541994,38.67159165241914,-0.06885591823997927,0.31634174734251724,-0.3851976655824965,21.89504282139864,20.063006591796874,18.23097036219511,-0.038265940170081544,2009100,bear,hold
2022-09-06,17.788930892944336,18.16621431505269,17.609720592806895,18.16621431505269,839300,19.900638008117674,18.380001335144044,19.637426795959474,-0.15436988811669805,36.765184314513945,-0.18897281173734015,0.21527883552654575,-0.4042516472638859,21.92442790942813,19.900638008117674,17.87684810680722,-0.02172093402728101,1169800,bear,hold
2022-09-07,17.760635375976562,17.920981068020023,17.326759855758613,17.685178685546074,860300,19.81117753982544,18.401606063842774,19.610221681594847,-0.09152038747485425,36.58311204993585,-0.2831851448995124,0.11558603944133412,-0.3987711843408465,22.037165844618695,19.81117753982544,17.585189235032185,0.03940859450307672,309500,bear,hold
2022-09-08,18.04360008239746,18.053032394921882,17.260736133167036,17.54370011181072,533400,19.69070692062378,18.438278121948244,19.582422370910646,-0.11780232315350847,39.79414733865694,-0.3311983621650789,0.026229159120051512,-0.35742752128513045,22.022969095361535,19.69070692062378,17.358444745886022,0.14688643153690023,842900,bear,hold
2022-09-09,18.486906051635742,18.769868174245907,18.354855501925606,18.354855501925606,452300,19.583934783935547,18.492659721374512,19.566417427062987,-0.1035499280894927,44.53257393966974,-0.32967777572832446,-0.044952227849623674,-0.2847255478787008,21.93129110299216,19.583934783935547,17.236578464878935,0.26632675589262605,1295200,bear,hold
2022-09-12,18.449176788330078,18.628387091930012,18.166214666039064,18.53406578482324,561100,19.43670301437378,18.542711791992186,19.549382858276367,-0.13763958318975789,44.21363241061173,-0.3277391631913922,-0.10150961491797739,-0.2262295482734148,21.67852745375738,19.43670301437378,17.19487857499018,0.27974942892601634,734100,bear,hold
2022-09-13,17.27959632873535,17.87381927224222,17.232436577231912,17.80779310149652,753500,19.24369306564331,18.59778438568115,19.527061023712157,-0.18260342256003848,35.68220943550455,-0.41578525369916974,-0.16436474267421586,-0.2514205110249539,21.530018203823925,19.24369306564331,16.957367927462695,0.07046863018115523,-19400,bear,hold
2022-09-14,17.449378967285156,17.63802162167849,17.147552159479567,17.534267981859188,604800,19.054468441009522,18.65550001144409,19.510447101593016,-0.17822903844039484,37.5655860582636,-0.4664850257659765,-0.224788799292568,-0.2416962264734085,21.27613660067628,19.054468441009522,16.832800281342763,0.13876480230847738,585400,bear,hold
2022-09-15,17.053224563598633,17.402212806230978,16.836286850112348,17.289026895395644,619000,18.881186294555665,18.70378730773926,19.49096471786499,-0.1689003026270437,34.9909398538089,-0.5324930614313068,-0.28632965172031577,-0.24616340971099104,21.158861665944045,18.881186294555665,16.603510923167285,0.09872206682316201,-33600,bear,hold
2022-09-16,17.081527709960938,17.317330127606873,16.77026859062949,16.958909445328434,2068200,18.69520721435547,18.737023296356202,19.475641822814943,-0.1788165019404403,35.33195372373706,-0.5758826610441155,-0.3442402535850757,-0.23164240745903975,20.92230971502095,18.69520721435547,16.46810471368999,0.13771772877262076,2034600,bear,hold
2022-09-19,17.317325592041016,17.515398707452196,16.817423949909763,16.88344832171349,690700,18.5299560546875,18.770459423065187,19.459255352020264,-0.1602641497218381,38.238682907484,-0.584504508768056,-0.39229310462167183,-0.1922114041463842,20.648373008791797,18.5299560546875,16.4115391005832,0.21378852961474615,2725300,bear,hold
2022-09-20,17.100385665893555,17.156979525311925,16.87401562530756,17.05322591540741,433400,18.399486351013184,18.804637031555174,19.440522689819336,-0.1323908287149852,36.60833935397738,-0.6019042467200251,-0.43421533304134247,-0.1676889136786826,20.53254484318825,18.399486351013184,16.266427858838117,0.19548404558870197,2291900,bear,hold
2022-09-21,16.987205505371094,17.656883473349172,16.968340881167027,17.05322989105574,511000,18.25253849029541,18.836551036834717,19.41898151397705,-0.14749238253715313,35.751911135033325,-0.6177058291831017,-0.47091343226969434,-0.14679239691340734,20.34927956310293,18.25253849029541,16.155797417487893,0.19826198348133484,1780900,bear,hold
2022-09-22,16.628786087036133,16.949477526405314,16.534466557010848,16.90231776139267,537500,18.088140106201173,18.85941509246826,19.394430837631226,-0.16508552146763367,33.11023759729649,-0.6516384661460428,-0.5070584390449641,-0.14458002710107876,20.152506276802413,18.088140106201173,16.023773935599934,0.14653702430610732,1243400,bear,hold
2022-09-23,16.1005859375,16.43070962354317,15.78932687329458,16.43070962354317,587100,17.861581230163573,18.862495346069338,19.36026240348816,-0.219621436137571,29.635057399725582,-0.7129334105541254,-0.5482334333467964,-0.16469997720732898,19.746352397271632,17.861581230163573,15.976810063055515,0.03283578309254469,656300,bear,hold
2022-09-26,15.79875659942627,16.402410007237435,15.770459671299221,16.081718684580487,559900,17.669793176651,18.852012577056886,19.32491259098053,-0.19535804926724343,27.837071850600083,-0.7769094719104501,-0.5939686410595272,-0.18294083085092294,19.574424398227826,17.669793176651,15.765161955074177,0.00881919921597206,96400,bear,hold
2022-09-27,15.77989387512207,16.166609610806695,15.581820751540361,16.025128551244148,674600,17.48317732810974,18.84359857559204,19.29344847202301,-0.19128109061000675,27.72386781924901,-0.8196842162576452,-0.6391117560991508,-0.18057246015849437,19.360345805059815,17.48317732810974,15.606008851159665,0.04631577455554894,-578200,bear,hold
2022-09-28,15.883648872375488,15.9968330102524,15.355452031214552,15.544092860685883,609200,17.321976470947266,18.815997619628906,19.2633459854126,-0.1687289876541238,29.424007585892568,-0.835579310010786,-0.678405266881478,-0.15717404312930805,19.16689494676758,17.321976470947266,15.477057995126952,0.11019209861502204,31000,bear,hold
2022-09-29,15.638409614562988,15.657274231717771,15.213964723724894,15.581817562127545,1303900,17.15698094367981,18.773895740509033,19.236652846336366,-0.17424515572052912,27.76173594881054,-0.858073705340761,-0.7143389545733346,-0.14373475076742637,18.984327701731484,17.15698094367981,15.329634185628134,0.08448736606074488,-1272900,bear,hold
2022-09-30,16.081724166870117,16.25150219545192,15.430910789346115,15.515799803637014,1982600,17.040022993087767,18.733510036468505,19.21283182621002,-0.12698408589573995,34.91920825866568,-0.8305547777902724,-0.7375821192167222,-0.0929726585735502,18.82782196965279,17.040022993087767,15.252224016522748,0.23198921165653813,709700,bear,hold
2022-10-03,16.977771759033203,17.3267600812085,16.223204844910168,16.24206766849117,1065500,16.98437352180481,18.71875982284546,19.189745116233826,-0.06152253154504872,46.46522384554302,-0.7280497727529216,-0.7356756499239622,0.007625877171040574,18.705943334435016,16.98437352180481,15.262803709174602,0.498082632861249,1775200,bear,hold
2022-10-04,17.741771697998047,17.892685086892072,17.46824185526369,17.477674166948255,717700,16.982015562057494,18.72135950088501,19.1767996263504,-0.002651041551068878,53.9644964346678,-0.5784968560369705,-0.7042398911465639,0.1257430351095934,18.699294883144226,16.982015562057494,15.264736240970763,0.721209248434833,2492900,bear,hold
2022-10-05,17.751201629638672,17.84552293480841,17.185275597649504,17.43051027147912,475600,16.981543874740602,18.72941614151001,19.1618878698349,-0.0005311604082954835,54.050055895717904,-0.4539809654188147,-0.6541881060010142,0.20020714058219946,18.697972450319305,16.981543874740602,15.265115299161899,0.7242032572309557,2968500,bear,hold
2022-10-06,17.798362731933594,18.02473277920253,17.68517680878452,17.68517680878452,624200,16.96928200721741,18.72298692703247,19.148944392204285,-0.013591375853154175,54.50545747319364,-0.34749006899167867,-0.5928484985991471,0.24535842960746845,18.658474587396245,16.96928200721741,15.280089427038574,0.7454074018690068,3592700,bear,hold
2022-10-07,16.902315139770508,17.524833296336666,16.76083406764719,17.411647359220346,606300,16.890052461624144,18.689605045318604,19.12763430118561,-0.08571422970611287,45.31594630386852,-0.3315766096957731,-0.5405941208184724,0.20901751112269928,18.429052998849322,16.890052461624144,15.351051924398964,0.5039839746152637,2986400,bear,hold
2022-10-10,16.364683151245117,16.817423223218235,16.025127197750717,16.817423223218235,672700,16.785827779769896,18.637379627227784,19.102325005531313,-0.11298572619259062,40.86416559266121,-0.35821817076002915,-0.5041189308067837,0.14590076004675456,18.16209096883706,16.785827779769896,15.409564590702733,0.3469970599118355,2313700,bear,hold
2022-10-11,16.364683151245117,16.572188567808848,15.959102828799944,16.091151566701487,1767900,16.740082120895387,18.579509372711183,19.07584508419037,-0.05294760132612397,40.864165592661216,-0.3750089303316244,-0.4782969307117519,0.10328800038012748,18.108453703469156,16.740082120895387,15.371710538321619,0.36283003300018024,4081600,bear,hold
2022-10-12,16.1005859375,16.43070962354317,16.081721315662254,16.41184500170542,779300,16.672642469406128,18.486063442230225,19.0453289270401,-0.07729748046127782,38.69834165371437,-0.4049580618009294,-0.4636291569295874,0.05867109512865798,18.027418846554493,16.672642469406128,15.317866092257765,0.2888741856016723,3302300,bear,hold
2022-10-13,16.80799102783203,16.996633625285178,15.628979291322723,15.845917019073443,1111500,16.660380792617797,18.395099697113036,19.01731966495514,-0.014380478885504755,46.82767949821014,-0.3673763990589265,-0.44437860535545526,0.07700220629652876,18.00556216982245,16.660380792617797,15.315199415413144,0.5548662945070555,4413800,bear,hold
2022-10-14,16.25149917602539,16.968338608503355,16.204339420861178,16.958906297664644,698200,16.61887936592102,18.286796779632567,18.98240746974945,-0.04859217208373723,42.09811735371765,-0.37813796316234516,-0.43113047691683326,0.0529925137544881,17.960739028473952,16.61887936592102,15.27701970336809,0.3631078196371601,3715600,bear,hold
2022-10-17,16.78912925720215,16.92117981743846,16.600488426767974,16.600488426767974,801100,16.59246954917908,18.196396503448486,18.951166701316833,-0.0305010338941496,47.603987561280306,-0.3393722537687296,-0.41277883228721257,0.07340657851848298,17.89862000729839,16.59246954917908,15.286319091059765,0.5752821800890516,4516700,bear,hold
2022-10-18,17.053224563598633,17.562558463814106,16.685373501684584,17.3456189512988,637800,16.59011149406433,18.116734943389893,18.92035674571991,-0.002757896998135223,50.11343823524372,-0.2840653373088422,-0.3870361332915385,0.10297079598269632,17.892751144116673,16.59011149406433,15.28747184401199,0.6777594707468383,5154500,bear,hold
2022-10-19,17.32676124572754,17.355056382515453,16.902316203613292,17.053229596580678,675900,16.607089281082153,18.072273273468017,18.88412504673004,0.019988911080700333,52.643325671964945,-0.21567590575524065,-0.352764087784279,0.13708818202903833,17.93852118600345,16.607089281082153,15.275657376160858,0.7702624001968496,5830400,bear,hold
2022-10-20,17.40221405029297,17.92097849772059,17.270163511706784,17.468238420071486,480900,16.645760679244994,18.011257305145264,18.850143551826477,0.046511390501306815,53.34615450180123,-0.1536175700626714,-0.31293478423995746,0.15931721417728606,18.02165294928057,16.645760679244994,15.269868409209417,0.7748955668703688,6311300,bear,hold
2022-10-21,18.28883171081543,18.345425576368775,17.458808138689314,17.458808138689314,552200,16.755172967910767,17.964586963653563,18.82429422855377,0.13591094024837758,60.7227378410591,-0.032518404563134595,-0.2568515083045929,0.22433310374145832,18.28019386161981,16.755172967910767,15.230152074201722,1.0028320429022486,6863500,bear,hold
2022-10-24,18.543498992919922,18.647252615661852,18.10019116680062,18.354856369576304,577500,16.89241008758545,17.907580699920654,18.799015870094298,0.17373154502508936,62.554177602574676,0.08304577785724021,-0.1888720510722263,0.2719178289294665,18.5377149707444,16.89241008758545,15.247105204426502,1.001757735674016,7441000,bear,hold
2022-10-25,18.939645767211914,19.118856067227103,18.5057702818406,18.552930034936,673200,17.050397682189942,17.863577709197997,18.78269501209259,0.20023910915341325,65.26723187865761,0.20424257767020038,-0.11024912532374097,0.31449170299394136,18.838660570956396,17.050397682189942,15.262134793423488,1.0282355566650432,8114200,bear,hold
2022-10-26,18.920778274536133,19.33579087509557,18.571791836929666,18.864186219605436,606500,17.202254152297975,17.817315845489503,18.76632664203644,0.19121106406744848,65.02558448071227,0.29536468548490546,-0.029126363162011684,0.32449104864691714,19.08189421472721,17.202254152297975,15.32261408986874,0.9571418104424598,7507700,bear,hold
2022-10-27,18.89249038696289,19.345230597975092,18.845328823922237,19.166020256479964,483700,17.364958190917967,17.784788303375244,18.74691376209259,0.20808258976472893,64.63916971868132,0.3611340873511537,0.04892572694062139,0.31220836041053235,19.23830122029354,17.364958190917967,15.491615161542395,0.9077022125931962,7024000,bear,hold
2022-10-28,19.618759155273438,19.684785339114132,19.015105580966427,19.015105580966427,606400,17.541809940338133,17.761141300201416,18.731225867271423,0.21994127941144193,69.62923977201034,0.4664833029537405,0.1324372421432452,0.3340460608104953,19.559455544974693,17.541809940338133,15.524164335701574,1.0146962405494961,7630400,bear,hold
2022-10-31,19.60932731628418,19.741376076976916,19.099993298133167,19.439549310233843,808600,17.673387718200683,17.74088087081909,18.717035965919493,0.1550000550484978,69.4920874264825,0.5429534157377809,0.21454047686215236,0.3284129388756285,19.86266630837006,17.673387718200683,15.484109128031307,0.9421409880808546,6821800,bear,hold
2022-11-01,19.326364517211914,20.694019158882707,18.571797555687745,20.269574118631898,1940300,17.752617359161377,17.733212566375734,18.696655249595644,0.08931423795700577,65.33422624267693,0.574105862970363,0.2864535540837945,0.2876523088865685,20.057690587330548,17.752617359161377,15.447544130992206,0.841365978923911,4881500,bear,hold
2022-11-02,19.307498931884766,20.137524347254846,19.005672162306354,19.420684869991394,2017500,17.830432224273682,17.720839290618898,18.684327549934387,0.0876727860297406,65.05475360785113,0.5904655870385085,0.3472559606747373,0.2432096263637712,20.233070964174747,17.830432224273682,15.427793484372618,0.8073842694453319,2864000,bear,hold
2022-11-03,19.1282901763916,19.33579562816522,18.81703109921646,18.89248779068227,1405700,17.896928596496583,17.70507001876831,18.674334597587585,0.07472189799075557,62.32734150497651,0.5822582269723426,0.39425641393425837,0.18800181303808428,20.365058902356765,17.896928596496583,15.428798290636399,0.7494523034240428,1458300,bear,hold
2022-11-04,19.863990783691406,19.930015158245553,19.46784273733725,19.78853409862534,902100,18.045012378692626,17.6897145652771,18.66984631061554,0.17522307562188266,68.21817941084791,0.6278809052581273,0.44098131219903214,0.1868995930590952,20.610157116228056,18.045012378692626,15.479867641157194,0.8545566802492479,2360400,bear,hold
2022-11-07,20.411054611206055,20.552537486568017,19.731944365392497,19.948882135704253,757500,18.247330951690675,17.705245304107667,18.670762295722962,0.24726243842081752,71.7550066694283,0.7001102502096046,0.4928070998011467,0.20730315040845793,20.887627565950208,18.247330951690675,15.607034337431141,0.9097501106181952,3117900,bear,hold
2022-11-08,21.222213745117188,21.33539967666406,20.495941998517242,20.722312062581636,1352100,18.490207481384278,17.739445362091065,18.672877821922302,0.2968301035209766,76.01682139442875,0.8134295795837616,0.5569315957576697,0.2564979838260919,21.28239715176607,18.490207481384278,15.698017811002487,0.989222901422622,4470000,bear,hold
2022-11-09,20.77890396118164,21.08073068470011,20.675150350336224,20.939249632929474,650300,18.724123382568358,17.772870121002196,18.676850457191467,0.2905681844028629,69.81672425036908,0.8575789337414896,0.6170610633544338,0.24051787038705585,21.459635153847703,18.724123382568358,15.988611611289013,0.8755751666263717,3819700,bear,hold
2022-11-10,22.693620681762695,22.74078223745941,21.505176463646475,21.703251399513878,984400,19.01840486526489,17.84797613143921,18.689787983894348,0.35016853853531704,78.11817818592107,1.035136839253397,0.7006762185342265,0.3344606207191706,22.109308844372663,19.01840486526489,15.92750088615712,1.0945211888398263,4804100,bear,hold
2022-11-11,23.806608200073242,23.882064890127776,22.655893226984233,22.797374295957813,1018500,19.396160316467284,17.955690631866457,18.713487877845765,0.46488689703121877,81.33221614842768,1.251238056266093,0.8107885860805998,0.4404494701854932,22.86561495673518,19.396160316467284,15.926705676199388,1.1356111177267625,5822600,bear,hold
2022-11-14,24.68379783630371,25.447797186955114,23.429329011567326,23.636834497204944,1731400,19.790893745422363,18.087551364898683,18.738483357429505,0.47022501632804636,83.40151771097933,1.4762642450634722,0.9438837178771743,0.5323805271862979,23.746441431973437,19.790893745422363,15.83534605887129,1.118486298056436,7554000,bear,hold
2022-11-15,26.853174209594727,27.117273521103,25.127100871343085,25.127100871343085,2213000,20.28089122772217,18.26883623123169,18.76964334011078,0.5746684217666851,87.18489255009844,1.8087989555796398,1.1168667654176674,0.6919321901619724,25.093599605656934,20.28089122772217,15.468182849787405,1.1828050305317754,9767000,bear,hold
2022-11-16,26.362707138061523,26.956928351627162,25.947694440268247,26.362707138061523,1411200,20.73268852233887,18.440877666473387,18.798678765296938,0.5215023029512849,82.600784987846,2.0095931765673782,1.2954120476476096,0.7141811289197686,26.024002056112778,20.73268852233887,15.44137498856496,1.0320057656559969,8355800,bear,hold
2022-11-17,27.145570755004883,27.145570755004883,25.721324157533275,25.730756468659106,1363500,21.219856357574464,18.622917079925536,18.83097294330597,0.559891785985007,84.04298700722406,2.206459898333115,1.4776216177847108,0.7288382805484044,26.969227503896906,21.219856357574464,15.470485211252022,1.0153358729694093,9719300,bear,hold
2022-11-18,26.749422073364258,27.447396889507512,26.277817321994814,27.305915823902552,1878000,21.642885875701904,18.78816740036011,18.865547366142273,0.46260966781959656,80.41080468096102,2.303953761029149,1.6428880464335986,0.6610657145955503,27.703949395448433,21.642885875701904,15.581822355955374,0.9212574394762247,7841300,bear,hold
2022-11-21,25.72132682800293,26.86260960727934,25.466659798253296,26.598512064454162,1665200,22.001777267456056,18.933610401153565,18.896011424064636,0.38708055247952755,71.74484467866708,2.27206866224617,1.768724169596113,0.503344492650057,28.13584404053166,22.001777267456056,15.867710494380452,0.8031878929711995,6176100,bull,golden_cross
2022-11-22,26.03258514404297,26.16463391146197,25.48552365169772,25.881671752984246,1020500,22.356424236297606,19.108670177459718,18.928172249794006,0.37450221952462615,72.70396722294048,2.2460246623453664,1.8641842681459637,0.38184039419940263,28.561086181089568,22.356424236297606,16.151762291505644,0.7962418372229804,7196600,bull,hold
2022-11-23,26.174062728881836,26.258951724897848,25.79677930160471,26.013717047410395,782600,22.71908845901489,19.28316385269165,18.957107272148132,0.38335021684109494,73.15010636428413,2.2113100576541562,1.9336094260476024,0.2777006316065538,28.9260094825572,22.71908845901489,16.512167435472584,0.7783162744267673,7979200,bull,hold
2022-11-25,25.749618530273438,26.11747145718318,25.73075570760908,25.985420904356634,517400,23.06194486618042,19.457091732025148,18.977786173820494,0.3629552273342658,69.48104652171273,2.1250530944583303,1.971898159729748,0.15315493472858233,29.14174078958999,23.06194486618042,16.98214894277085,0.72103321377486,7461800,bull,hold
2022-11-28,25.2968807220459,25.598707500687567,25.098807573198368,25.485523358211697,868300,23.345850944519043,19.621398792266845,19.000368666648864,0.289423073183821,65.69584849641338,1.997139886802902,1.9769465051443789,0.020193381658523135,29.28465468879658,23.345850944519043,17.407047200241507,0.6642611762854441,6593500,bull,hold
2022-11-29,25.466655731201172,26.126903080881068,25.259150295116005,25.36290211364394,1089100,23.638717365264892,19.784385395050048,19.029840302467345,0.2987011395364332,66.43431275295337,1.8877068628823679,1.9590985766919768,-0.07139171380960896,29.386199229108755,23.638717365264892,17.89123550142103,0.6590208033047861,7682600,bull,hold
2022-11-30,26.428733825683594,26.47589358678896,25.09880841338104,25.56098090852601,1234200,23.993835830688475,19.97095235824585,19.06295175075531,0.3674963960317712,70.33188360562553,1.8572033803063874,1.9387195374148591,-0.08151615710847171,29.504432189516994,23.993835830688475,18.483239471859957,0.7209287195472204,8916800,bull,hold
2022-12-01,26.296682357788086,26.749424324465622,26.004287891060756,26.673967629857618,777500,24.34329500198364,20.15714189529419,19.08116850376129,0.3619932053633965,69.14508405192373,1.8016059092787664,1.9112968117876405,-0.10969090250887414,29.495620214931858,24.34329500198364,19.190969789035424,0.689563670291563,8139300,bull,hold
2022-12-02,26.23065948486328,26.400437507262012,25.560981506545644,25.693030279953717,646000,24.698413467407228,20.349179363250734,19.095449738502502,0.37130183842764586,68.52250539556137,1.7322487337471308,1.8754871961795385,-0.14323846243240768,29.31525139764693,24.698413467407228,20.081575537167527,0.6659410662241397,7493300,bull,hold
2022-12-05,25.71521759033203,26.311045658836377,25.516607031567762,26.15026636989168,741100,24.990974807739256,20.541471996307372,19.110759167671205,0.2945645147723568,63.70031371151663,1.6170504680688857,1.823799850557408,-0.20674938248852226,29.0536430824802,24.990974807739256,20.928306532998313,0.5891338811853838,6752200,bull,hold
2022-12-06,24.958606719970703,25.86653729063407,24.778913612314774,25.86653729063407,969000,25.21835241317749,20.72466899871826,19.12570372104645,0.22279848814220293,57.3232654516606,1.4480110683426446,1.7486420941144556,-0.300631025771811,28.697367639655496,25.21835241317749,21.739337186699487,0.46266965271811367,5783200,bull,hold
2022-12-07,24.882946014404297,25.232878021048645,24.391152167190608,24.589760908660615,647000,25.401389026641844,20.906730041503906,19.143688092231752,0.1724953067221544,56.71185274264525,1.2930356297274166,1.657520801237048,-0.36448517150963133,28.367567035154817,25.401389026641844,22.43521101812887,0.4126075692777695,5136200,bull,hold
2022-12-08,25.478778839111328,25.57335521449309,24.674882354207824,25.081559505623378,723300,25.63638277053833,21.098632640838623,19.168959383964538,0.22618492711212368,60.3027477565307,1.2044115013903784,1.5668989412677141,-0.36248743987733567,27.711243715285768,25.63638277053833,23.56152182579089,0.4620206038804722,5859500,bull,hold
2022-12-09,24.457355499267578,25.346368648518713,24.39115258431208,25.346368648518713,945800,25.724569511413574,21.275011558532714,19.18233413219452,0.07771941032407725,52.294208008385475,1.0397700916642485,1.461473171347021,-0.42170307968277254,27.40385258880893,25.724569511413574,24.045286434018216,0.12269196027643521,4913700,bull,hold
2022-12-12,24.84511375427246,24.977519567014507,24.14525162365979,24.324944711268593,671200,25.776494789123536,21.450279350280763,19.19699212551117,0.04362257510484091,54.75098277646498,0.9298605848232029,1.3551506540422575,-0.42529006921905466,27.269203763960707,25.776494789123536,24.283785814286365,0.18802323475255034,5584900,bull,hold
2022-12-13,25.3369140625,26.046234140793135,25.09101621889107,25.875997033379704,945100,25.809150600433348,21.617462196350097,19.21729995250702,0.026459308673956183,57.72465963666367,0.8723843794379924,1.2585973991214046,-0.38621301968341215,27.231740981538763,25.809150600433348,24.386560219327933,0.3340223074029224,6530000,bull,hold
2022-12-14,25.024812698364258,25.60172696700056,24.75054319294155,25.33691527954337,660900,25.717732524871828,21.763123016357422,19.241818928718565,-0.06808735149743261,55.24348548709489,0.7925144871460077,1.1653808167263253,-0.3728663295803176,27.094458519354152,25.717732524871828,24.341006530389503,0.24834504858458745,5869100,bull,hold
2022-12-15,24.258745193481445,24.674880125233585,24.01284736125946,24.599219392541755,882700,25.61253442764282,21.893273887634276,19.258425164222718,-0.07980826603131563,49.607157391675514,0.659796058469091,1.0642638650748784,-0.4044678066057874,27.093628030876815,25.61253442764282,24.131440824408827,0.042976476569288734,4986400,bull,hold
2022-12-16,23.83315658569336,24.2871210263613,23.492682353245236,23.993935883916716,2266100,25.446913719177246,22.013969764709472,19.274639658927917,-0.12202411211784181,46.75328245118337,0.5143452518078533,0.9542801424214734,-0.4399348906136201,26.94595154722961,25.446913719177246,23.947875891124884,-0.038264313042911856,2720300,bull,hold
2022-12-19,23.142749786376953,23.83315605386782,22.84010683268499,23.83315605386782,659700,25.26658010482788,22.138778457641603,19.291296820640564,-0.13483178354640601,42.483456347713954,0.3394513964804098,0.8313143932332607,-0.49186299675285095,26.951680174073896,25.26658010482788,23.581480035581865,-0.13017928644475657,2060600,bull,hold
2022-12-20,23.03871726989746,23.35081803963721,22.7739037849478,22.92522526094924,537000,25.132449626922607,22.272259140014647,19.31315854549408,-0.10429514682675312,41.86304797016876,0.1902590139664646,0.7031033173799015,-0.5128443034134369,27.06089821290195,25.132449626922607,23.204001040943265,-0.042854077689052326,1523600,bull,hold
2022-12-21,23.78586769104004,23.8899018860079,23.04817591986965,23.208955219413465,523800,25.02011375427246,22.42068283081055,19.33589367389679,-0.08630404704609396,47.76313650176329,0.1308039442935076,0.5886434427626228,-0.4578394984691152,26.987102403909823,25.02011375427246,23.0531251046351,0.18625999355411352,2047400,bull,hold
2022-12-22,23.218408584594727,23.36027403569061,22.57529326368725,23.2656976695914,579200,24.872331047058104,22.563039283752442,19.351849846839905,-0.11292301752703016,44.10231258602579,0.03746430065331907,0.47840761434076207,-0.440943313687443,26.913064760721927,24.872331047058104,22.83159733339428,0.09477259296755214,1468200,bull,hold
2022-12-23,23.17112159729004,23.218408878992147,22.91576594675265,23.057629595753145,322000,24.743406200408934,22.6903018951416,19.36822654247284,-0.10013728669230182,43.801038230755346,-0.03986417469766934,0.3747532565330758,-0.4146174312307451,26.87014165140064,24.743406200408934,22.616670749417228,0.13035256632748288,1146200,bull,hold
2022-12-27,23.076549530029297,23.36027868479397,22.906312397949392,23.246786662109198,368000,24.632389640808107,22.82680290222168,19.38591351032257,-0.08777094758887061,43.165929879115765,-0.10753908041285953,0.2782947891438887,-0.38583386955674825,26.861317722909476,24.632389640808107,22.403461558706738,0.15098916307070598,778200,bull,hold
2022-12-28,22.301027297973633,23.1238395340966,22.2253665478389,22.934686756812482,680000,24.47410821914673,22.937040863037108,19.399253602027894,-0.12430483478633914,38.26597325258079,-0.2212002349643818,0.17839578432223463,-0.3995960192866164,26.885696586635866,24.47410821914673,22.06251985165759,0.04945028130243633,98200,bull,hold
2022-12-29,22.707700729370117,22.972514212741768,22.50909016586781,22.594208721098187,524000,24.288056564331054,23.05013038635254,19.411999344825745,-0.14079498173678506,41.9849868087931,-0.275289011268395,0.0876588252041087,-0.3629478364725037,26.64118733265062,24.288056564331054,21.934925796011488,0.16420144255529173,622200,bull,hold
2022-12-30,22.6793270111084,22.86847975471817,22.140244036883086,22.442886983543314,659400,24.10718879699707,23.157181701660157,19.419535393714906,-0.13755938096914966,41.79579996459627,-0.31679249146742094,0.006768561869802764,-0.32356105333722374,26.369280407702743,24.10718879699707,21.8450971862914,0.18439346595621636,-37200,bull,hold
2023-01-03,24.08850860595703,24.33440644340562,23.21840925955979,23.265698345931174,2158200,24.000081253051757,23.290907592773436,19.431301922798156,-0.08166591770757436,53.09927252638583,-0.23328594569278138,-0.041242339642714065,-0.19204360605006732,26.041995695139644,24.000081253051757,21.95816681096387,0.5216530504615208,2121000,bull,hold
2023-01-04,24.277660369873047,25.34636842448143,24.19254182171288,24.551929844249273,1331400,23.92820339202881,23.41068416595459,19.442231087684632,-0.05590297711497694,54.37995476965601,-0.15011303042085444,-0.06301647779834214,-0.0870965526225123,25.81918736428066,23.92820339202881,22.03721941977696,0.5924008301953221,3452400,bull,hold
2023-01-05,24.43844223022461,24.958609587120915,23.785867226710053,24.27766293381941,880000,23.902195167541503,23.528583030700684,19.45499650478363,-0.020841086827570465,55.492471684981304,-0.07041247226898406,-0.06449567669247053,-0.005916795576513534,25.749581754886826,23.902195167541503,22.05480858019618,0.6451366666718329,4332400,bull,hold
2023-01-06,25.904367446899414,25.942198715140492,24.826201556546934,24.968065204662658,865400,23.95326623916626,23.667877464294435,19.475138478279113,0.041049055521956035,64.09083301403601,0.10977330963339327,-0.029641879427297773,0.13941518906069103,25.956206205365252,23.95326623916626,21.95032627296727,0.987059332945407,5197800,bull,hold
2023-01-09,28.20256805419922,28.240399326967005,26.14081058960856,26.34887898204264,1628100,24.089455699920656,23.853513259887695,19.50860148906708,0.10690422929166155,72.92263643314529,0.43302577057076164,0.0628916505723141,0.37013411999844753,26.750931545357755,24.089455699920656,21.427979854483556,1.2727126964781939,6825900,bull,hold
2023-01-10,27.729684829711914,28.49574997761784,27.493244813355034,28.306599046868836,1472400,24.25307216644287,24.030257148742677,19.535758471488954,0.13379734904463936,69.1537713667511,0.6436286007412697,0.17903904060610523,0.4645895601351645,27.35138716888863,24.25307216644287,21.15475716399711,1.0610489347475425,5353500,bull,hold
2023-01-11,28.089075088500977,28.467378759600162,27.341923759672667,27.795888164991688,831000,24.415270233154295,24.199663467407227,19.563914704322816,0.13056737700267806,70.40562755241834,0.8299653276359074,0.3092242980120657,0.5207410296238417,27.93197380870121,24.415270233154295,20.898566657607383,1.0223364404228092,6184500,bull,hold
2023-01-12,28.429546356201172,28.732189281005034,27.606736129877437,28.221479796372048,893800,24.569901847839354,24.376067848205565,19.59546253681183,0.1220603379745615,71.58225982286946,0.9936574475250453,0.44611092791466167,0.5475465196103836,28.48456114106049,24.569901847839354,20.65524255461822,0.9929732346114278,7078300,bull,hold
2023-01-13,29.34693717956543,29.65903794707946,28.08907629183988,28.240397766762182,1326700,24.786008071899413,24.576479301452636,19.629814200401306,0.17271355966966695,74.52167602047956,1.1837647017518584,0.593641682682101,0.5901230190697574,29.22001013746268,24.786008071899413,20.352006006336147,1.0143129209488342,8405000,bull,hold
2023-01-17,28.9875431060791,29.432051452395843,28.63761292269572,29.29964382818315,876000,25.022447967529295,24.770080184936525,19.668422083854676,0.19493167824147517,71.4056207948834,1.2905493229705165,0.7330232107397842,0.5575261122307323,29.80906860431823,25.022447967529295,20.23582733074036,0.9141852299798879,7529000,bull,hold
2023-01-18,28.230941772460938,29.460429286587825,28.193110499339795,29.271278332665283,867800,25.242337226867676,24.95213321685791,19.70765784740448,0.18452382381473953,65.22258950465144,1.2991497110102337,0.8462485107938742,0.4529012002163595,30.19151247897981,25.242337226867676,20.29316197475554,0.8019295532440309,6661200,bull,hold
2023-01-19,27.351381301879883,28.07961698885624,26.98253545175422,28.01341407256642,878900,25.452768802642822,25.10188102722168,19.744419684410094,0.1818552918020293,58.84360429379543,1.2209184138324858,0.9211824914015966,0.2997359224308892,30.38482413300985,25.452768802642822,20.520713472275794,0.6924768045024925,5782300,bull,hold
2023-01-20,27.45541763305664,27.81480569410679,27.114943403929104,27.81480569410679,750800,25.673603820800782,25.24276828765869,19.78132631778717,0.1917077375193137,59.35003236541493,1.1540116813360193,0.9677483293884812,0.18626335194753807,30.548712934232395,25.673603820800782,20.79849470736917,0.682746044324086,6533100,bull,hold
2023-01-23,28.514665603637695,28.69436052110747,27.881006287828228,27.899921922065925,953600,25.910043716430664,25.388617324829102,19.828972382545473,0.19880703844909386,64.1825396857472,1.1729391600095127,1.0087864955126875,0.1641526644968252,30.854200918880892,25.910043716430664,20.965886513980436,0.7634040323309533,7486700,bull,hold
2023-01-24,27.975582122802734,28.34442796394856,27.644565745518314,28.136361402975503,623900,26.147902393341063,25.53255088806152,19.877066922187804,0.2048880103421198,60.256460960183276,1.1313977427211732,1.0333087449543847,0.09808899776678848,31.008220622311985,26.147902393341063,21.28758416437014,0.6880205825379305,6862800,bull,hold
2023-01-25,28.221479415893555,28.259308879036965,27.16222738946662,27.427040847046875,748700,26.40042028427124,25.64310806274414,19.92709478855133,0.21795914355713264,61.415861040650505,1.105573365175207,1.0477616689985494,0.05781169617665771,31.139125982882575,26.40042028427124,21.661714585659908,0.6921473127309816,7611500,bull,hold
2023-01-26,28.8078556060791,28.874060337142858,27.625655324072024,28.495754803785015,845400,26.686985588073732,25.74313301086426,19.981743817329406,0.24836061685009314,64.10496984438646,1.1195179122958727,1.0621129176580142,0.05740499463785853,31.27788730911225,26.686985588073732,22.096083867035215,0.7309862143515461,8456900,bull,hold
2023-01-27,28.089075088500977,28.514666042027237,27.814803799520195,28.372802390851817,596600,26.976387977600098,25.811238555908204,20.03397206783295,0.2595417562245337,58.703998217794165,1.0603464716030295,1.0617596284470172,-0.001413156843987684,31.134176886253606,26.976387977600098,22.81859906894659,0.6338075519641064,7860300,bull,hold
2023-01-30,27.33246612548828,28.003956724594573,27.304094477399676,27.606737416306203,626800,27.207626247406004,25.820824394226076,20.082417273521422,0.20366506724903677,53.58609387743206,0.9415470897189877,1.0377171207014113,-0.0961700309824236,30.875642635601558,27.207626247406004,23.53960985921045,0.5170173555499967,7233500,bull,hold
2023-01-31,27.672943115234375,27.833722418175878,27.17168956985336,27.389213978569988,721900,27.457307052612304,25.84702911376953,20.131204047203063,0.2201836104607553,55.46758302642685,0.8649013271432153,1.003153961989772,-0.1382526348465567,30.481738795754083,27.457307052612304,24.432875309470525,0.5356490211939894,7955400,bull,hold
2023-02-01,28.003957748413086,28.353887982856804,27.001450721766016,27.654025710075096,1060900,27.653079509735107,25.864196853637694,20.182912850379942,0.16254427397334892,57.28068403049618,0.8214005286021688,0.9668032753122515,-0.1454027467100827,30.257668680959323,27.653079509735107,25.04849033851089,0.5673576935960802,9016300,bull,hold
2023-02-02,28.968629837036133,29.677949881863494,28.476835976915385,28.49574980715122,1307300,27.88762798309326,25.90858100891113,20.238975739479066,0.19322164474235182,62.12087871710002,0.8549119154062979,0.9444250033310608,-0.08951308792476298,30.039668053403926,27.88762798309326,25.735587912782595,0.7511574642257522,10323600,bull,hold
2023-02-03,28.60924530029297,29.441513460769784,28.03233101616483,28.316060151066342,919400,28.09616813659668,25.966339378356935,20.289347062110902,0.1706656680805152,59.41981878486982,0.8427558375735416,0.924091170179557,-0.08133533260601544,29.573358144912408,28.09616813659668,26.618978128280954,0.6736666105267296,9404200,bull,hold
2023-02-06,27.824264526367188,28.401178812555234,27.701316496863605,28.117449676640646,706100,28.19216299057007,26.002172966003418,20.335699610710144,0.07411480258698888,53.90639660474045,0.7610082409233279,0.8914745843283112,-0.1304663434049833,29.28725135900888,28.19216299057007,27.097074622131256,0.33202338970718553,8698100,bull,hold
2023-02-07,28.684904098510742,28.798396105560183,27.710770534641732,27.89992327842605,1013500,28.216279792785645,26.052389793395996,20.386073813438415,0.017102557589244283,58.457621145851064,0.7569435286085628,0.8645683731843615,-0.10762484457579868,29.332267768041046,28.216279792785645,27.100291817530245,0.7099593885040963,9711600,bull,hold
2023-02-08,28.33497428894043,28.665990714611947,28.164738970838368,28.476839759867076,869000,28.24654426574707,26.104096908569336,20.43741998195648,0.02182821272385893,56.03496905458979,0.7172181591813178,0.8350983303837529,-0.1178801712024351,29.340723479900692,28.24654426574707,27.152365051593446,0.5404092958673885,8842600,bull,hold
2023-02-09,27.928295135498047,29.148324671129167,27.682397304185336,29.091579572793666,976200,28.238505268096922,26.15672519683838,20.48504346370697,-0.005723931902220203,53.271827331267886,0.6454792260599369,0.7971745095189897,-0.1516952834590528,29.33953516967876,28.238505268096922,27.137475366515083,0.3591272897524401,7866400,bull,hold
2023-02-10,26.102981567382812,27.758061897511684,25.771965140578157,27.65402769951452,1643400,28.122177028656004,26.16945171356201,20.526965851783753,-0.08183615593679283,43.01841001786004,0.4363085610461326,0.7250013198244183,-0.2886927587782857,29.558467654819523,28.122177028656004,26.685886402492486,-0.2029202253678534,6223000,bull,hold
2023-02-13,25.800336837768555,26.282674717581433,25.289625504827526,26.207012175906364,2123200,27.94484701156616,26.15688377380371,20.56943965435028,-0.12085078317019093,41.58908587138519,0.2433136335470394,0.6286637825689425,-0.3853501490219031,29.592672218289813,27.94484701156616,26.297021804842508,-0.15070923938028147,4099800,bull,hold
2023-02-14,26.102981567382812,26.415082357479907,24.249290659613383,24.674883466061427,2482200,27.80061893463135,26.153009757995605,20.608077349662782,-0.09951038375830323,43.60692632978487,0.11347657609051964,0.525626341273258,-0.4121497651827384,29.559360414497416,27.80061893463135,26.04187745476528,0.017371544742944483,6582000,bull,hold
2023-02-15,26.12189483642578,26.20701158610608,25.166676916007006,25.431488590332922,1421900,27.69516658782959,26.150834465026854,20.650422768592833,-0.0747069280590743,43.737732497568,0.011967956228119192,0.4228946642642303,-0.4109267080361111,29.58600718762779,27.69516658782959,25.80432598803139,0.08397557372850029,8003900,bull,hold
2023-02-16,25.478778839111328,25.989488379941932,25.42203193154568,25.620642500236812,1246000,27.60153646469116,26.146105690002443,20.68626789569855,-0.06846463957708226,40.31352098679428,-0.11900067685414939,0.3145155960405544,-0.4335162728947038,29.722632652980643,27.60153646469116,25.48044027640168,-0.0003916459092059556,6757900,bull,hold
2023-02-17,25.072097778320312,25.573351226959517,24.741081418045145,25.422027967607235,1603700,27.482370471954347,26.148375511169434,20.725475897789,-0.08680690589338491,38.27297735436395,-0.2526970902226857,0.20107305878790638,-0.4537701490105921,29.873518475676967,27.482370471954347,25.091222468231727,-0.003999060259264764,5154200,bull,hold
2023-02-21,23.502138137817383,24.68433822720564,23.303527584775182,24.495185491345847,1325100,27.23174409866333,26.120759353637695,20.75115629673004,-0.1757876994068922,31.619238083988776,-0.4798041991957298,0.06489760719117915,-0.5447018063869089,30.133753350666705,27.23174409866333,24.329734846659957,-0.1425902946848378,3829100,bull,hold
2023-02-22,24.079055786132812,24.183089993847272,23.644006924589757,23.644006924589757,1417300,27.036917781829835,26.092764892578124,20.782067494392393,-0.1392831190988475,36.0209473645644,-0.6062473445460768,-0.06933138315627203,-0.5369159613898047,30.222362529702856,27.036917781829835,23.851473033956815,0.035722288438366265,5246400,bull,hold
2023-02-23,24.145259857177734,24.63705381673272,23.804785589575076,24.63705381673272,1110200,26.833106803894044,26.08652297973633,20.811573519706727,-0.14443677805282618,36.525887176770304,-0.6931224488307031,-0.19408959629115824,-0.4990328525395448,30.205435738103287,26.833106803894044,23.4607778696848,0.10148505689191224,6356600,bull,hold
2023-02-24,23.899354934692383,24.1263371115936,23.61562586064537,23.672372757791166,940000,26.587681770324707,26.06760780334473,20.843885474205017,-0.17038757547614602,35.40806876427129,-0.7729045049917787,-0.30985257803128236,-0.4630519269604963,30.062321620979375,26.587681770324707,23.11304191967004,0.11315029021989031,5416600,bull,hold
2023-02-27,24.387874603271484,24.59656236578155,24.160216706294797,24.160216706294797,982300,26.402621746063232,26.048627014160157,20.876481528282167,-0.13176654886528028,39.37729034958041,-0.7876335554308511,-0.4054087735111961,-0.38222478191965503,29.931520607848565,26.402621746063232,22.8737228842779,0.21453600376457777,6398900,bull,hold
2023-02-28,24.435304641723633,24.729362534649457,24.25507479348851,24.26456076542343,1410200,26.257763671875,26.036836853027342,20.912411723136902,-0.10599707580220741,39.76431358991566,-0.7864139359788922,-0.48160980600473535,-0.30480412997415685,29.85919907097569,26.257763671875,22.65632827277431,0.2469815742625216,7809100,bull,hold
2023-03-01,24.824222564697266,25.165710346460376,24.406848810238387,24.406848810238387,1025300,26.115327644348145,26.04814640045166,20.949254183769227,-0.10294244954989429,42.9789094710935,-0.7454716199205826,-0.5343821687879049,-0.21108945113267774,29.706935403549778,26.115327644348145,22.523719885146512,0.32026084608723043,8834400,bull,hold
2023-03-02,24.776790618896484,24.85267657967392,24.05587308687885,24.20764500843372,1182900,25.953969287872315,26.067019081115724,20.982199397087097,-0.11523967999485629,42.679757321187786,-0.7086826486576356,-0.5692422647618511,-0.1394403838957845,29.481071747235248,25.953969287872315,22.426866828509382,0.33312383428911596,7651500,bull,hold
2023-03-03,25.23210906982422,25.251081014354376,24.68193534329917,24.68193534329917,1267600,25.76714324951172,26.10880626678467,21.018782000541687,-0.12898507068618092,46.52741898033743,-0.6354615252447644,-0.5824861168584338,-0.052975408386330636,29.020974325942888,25.76714324951172,22.51331217308055,0.4177839649447429,8919100,bull,hold
2023-03-06,25.013938903808594,25.42182488445601,24.795765144817054,25.412340720784687,1273800,25.5873779296875,26.14831069946289,21.049534430503844,-0.12566938969367214,44.96975362959196,-0.588256709315754,-0.5836402353498978,-0.004616473965856183,28.580053812065923,25.5873779296875,22.594702047309074,0.4041929282660632,7645300,bull,hold
2023-03-07,24.90010643005371,25.20365029514734,24.62501867152252,25.004450312153704,1001600,25.441170024871827,26.170595474243164,21.08361238002777,-0.10509381455680344,44.139429969712246,-0.5536497521858266,-0.5776421387170836,0.023992386531257015,28.263285902153964,25.441170024871827,22.61905414758969,0.40413866433096435,6643700,bull,hold
2023-03-08,25.213130950927734,25.7063905323337,24.938045059662258,25.080330990266038,988500,25.267581367492674,26.210489921569824,21.1203347158432,-0.12103136673074166,47.03549741623088,-0.4952560233996586,-0.5611649156535986,0.06590889225394003,27.665464632515608,25.267581367492674,22.86969810246974,0.48864614942704077,7632200,bull,hold
2023-03-09,24.64398765563965,25.31747710853552,24.59655961088898,25.080333266254314,753100,25.083032035827635,26.239947242736818,21.15350748538971,-0.13026257217185577,42.700723147586906,-0.48926375205570594,-0.54678468293402,0.057520930878314114,27.034852797574995,25.083032035827635,23.131211274080275,0.38752953427062276,6879100,bull,hold
2023-03-10,24.05587387084961,24.95701945829159,23.942044021341783,24.93804932442702,806600,24.889410972595215,26.259533729553223,21.183974299430847,-0.13865584153493227,38.728813539863914,-0.52590835703095,-0.542609417753406,0.01670106072245603,26.389928942959482,24.889410972595215,23.388893002230947,0.22225021019133312,6072500,bull,hold
2023-03-13,23.71438217163086,24.179183845083173,23.344438388717826,23.71438217163086,1160100,24.76998100280762,26.287800827026366,21.21479829311371,-0.09150676483397002,36.599948747524344,-0.5758667630656866,-0.5492608868158622,-0.026605876249824467,26.245137919059175,24.76998100280762,23.294824086556062,0.1422079510500192,4912400,bull,hold
2023-03-14,23.951526641845703,24.454272208831302,23.534152997730562,24.22661435093136,972700,24.677540493011474,26.31267734527588,21.245071845054625,-0.07165837436728417,39.10331876217144,-0.5895278725849877,-0.5573142839696873,-0.03221358861530044,26.11404799909255,24.677540493011474,23.2410329869304,0.24729897056145436,5885100,bull,hold
2023-03-15,23.14523696899414,23.439294805538083,22.62352127745516,23.439294805538083,1174400,24.52965326309204,26.321995544433594,21.267888474464417,-0.11331060364707701,34.164001250420654,-0.6578321588166496,-0.5774178589390798,-0.08041429987756976,25.95768885458707,24.52965326309204,23.101617671597012,0.015272482582686606,4710700,bull,hold
2023-03-16,23.82821273803711,23.951526733061936,22.66146372411873,22.860665481329704,1037600,24.414969158172607,26.316789627075195,21.290600695610046,-0.08780688050203145,40.96625099122746,-0.6493678526777202,-0.591807857686808,-0.057559994990912244,25.671166989471214,24.414969158172607,23.158771326874,0.26645540793167427,5748300,bull,hold
2023-03-17,23.467756271362305,23.97998787965449,23.410842251306754,23.942043993441406,1537200,24.314418029785156,26.30059154510498,21.312026810646056,-0.07892931527244129,38.693957109127,-0.6640904323585701,-0.6062643726211604,-0.05782605973740973,25.535358289099886,24.314418029785156,23.093477770470425,0.15327469875632918,4211100,bull,hold
2023-03-20,23.723873138427734,23.93255909415739,23.524671345412195,23.714387166449455,903800,24.247006797790526,26.286300163269043,21.335437359809877,-0.05377390642829971,41.190041108382644,-0.6476262597231504,-0.6145367500415584,-0.033089509681591966,25.44176658682472,24.247006797790526,23.052247008756332,0.28107161616743215,5114900,bull,hold
2023-03-21,24.008445739746094,24.41633350002751,23.600557979464682,24.188675593902484,759400,24.272322177886963,26.248381729125978,21.35698608875275,0.021543044252386956,43.922083103896924,-0.6046456746788564,-0.612558534969018,0.007912860290161583,25.423540615533064,24.272322177886963,23.121103740240862,0.38539254171414333,5874300,bull,hold
2023-03-22,23.99895668029785,24.881132083840292,23.837698791378653,24.008442651324152,907200,24.268317222595215,26.16430950164795,21.381865887641908,-0.003326505264425239,43.84893378282227,-0.5648378401451097,-0.6030143960042363,0.038176555859126604,25.42275002355284,24.268317222595215,23.11388442163759,0.38333641331313384,4967100,bull,hold
2023-03-23,24.691417694091797,25.270047443280657,24.160214180743928,24.378387892312922,893200,24.295625114440917,26.10354415893555,21.408796820640564,0.022619671113280893,50.3476030095187,-0.471973412100688,-0.5768061992235267,0.10483278712283872,25.462889603259992,24.295625114440917,23.12836062562184,0.669538516523922,5860300,bull,hold
2023-03-24,24.32147216796875,24.681931825611894,23.714384503640034,24.359416051621274,2328700,24.316730976104736,26.0281921005249,21.43345464229584,0.01766228563196992,47.204375495069236,-0.42334909121985476,-0.5461147776227924,0.12276568640293761,25.469749692446925,24.316730976104736,23.163712259762548,0.5020559908511523,3531600,bull,hold
2023-03-27,24.378387451171875,24.814731247886073,24.34044356836338,24.606045320231097,998300,24.316256618499757,25.947168922424318,21.46098427295685,-0.0003890110251073553,47.744882900499455,-0.37588837174180156,-0.5120694964465942,0.1361811247047926,25.469165670082358,24.316256618499757,23.163347566917157,0.5269452445476209,4529900,bull,hold
2023-03-28,23.249584197998047,24.23610171251006,22.95552631886882,24.23610171251006,915900,24.256970596313476,25.82522186279297,21.486397891044618,-0.048524888930623455,39.17804559772252,-0.4244674023555781,-0.49454907762839095,0.07008167527281284,25.497882952477084,24.256970596313476,23.016058240149867,0.09409446069589716,3614000,bull,hold
2023-03-29,24.16970443725586,24.35942026984288,23.666960556649514,23.704902637608356,785100,24.224244689941408,25.728865089416505,21.518670001029967,-0.02636610776976367,47.45443255480614,-0.384290755945738,-0.4724974132918604,0.08820665734612237,25.43781283935219,24.224244689941408,23.010676540530625,0.47752896995853555,4399100,bull,hold
2023-03-30,24.549129486083984,24.966503150488947,24.321471617116888,24.42581548553411,495500,24.212861633300783,25.655228843688963,21.55768437862396,-0.009188483541482939,50.44877138309529,-0.31816641932557843,-0.44163121449860404,0.12346479517302561,25.409639801042132,24.212861633300783,23.016083465559433,0.6404887981111118,4894600,bull,hold
2023-03-31,24.68193244934082,24.7578184092996,24.349930696047164,24.425816656005942,678800,24.18535280227661,25.601839866638183,21.59599859714508,-0.021804622790782435,51.49074309293788,-0.25213980616592835,-0.4037329328320689,0.15159312666614055,25.310289893124477,24.18535280227661,23.060415711428746,0.7207144075451974,5573400,bull,hold
2023-04-03,24.5017032623291,24.587075195692872,24.055873461968115,24.49221729092601,598600,24.159741020202638,25.542765579223634,21.63223566532135,-0.02047800801982047,49.95546673255613,-0.21191342266951807,-0.36536903079955874,0.15345560813004067,25.230051321949727,24.159741020202638,23.08943071845555,0.6597491127424784,4974800,bull,hold
2023-04-04,23.429813385009766,24.48273086135184,23.268555492703104,24.48273086135184,631400,24.086226367950438,25.441068534851073,21.671580495834352,-0.05904766106820103,41.945162453892884,-0.263488942363967,-0.34499301311244046,0.08150407074847343,25.14494125315126,24.086226367950438,23.027511482749617,0.18999539341691538,4343400,bull,hold
2023-04-05,22.84169578552246,23.192669483069572,22.604551933177227,23.14523962704212,845000,23.967654609680174,25.33839080810547,21.707467308044432,-0.0940555605736072,38.31494310477777,-0.3478097541365095,-0.3455563613172543,-0.0022533928192551844,25.026157631405333,23.967654609680174,22.909151587955016,-0.03186377414521442,3498400,bull,hold
2023-04-06,22.87015724182129,23.183187103036065,22.5381554352567,22.746841406311788,587000,23.87896308898926,25.231364364624024,21.741426639556884,-0.07197822197465786,38.5919267224574,-0.4076389947192318,-0.3579728879976498,-0.049666106721582004,24.991787747375085,23.87896308898926,22.766138430603434,0.0467363885379467,4085400,bull,hold
2023-04-10,23.22112464904785,23.278040473980806,22.547637004049992,22.58557907807469,588200,23.83722562789917,25.119629745483397,21.779304666519167,-0.03470043226379271,42.047654201291564,-0.4218708972235845,-0.37075248984283676,-0.051118407380747743,24.982520985151517,23.83722562789917,22.69193027064682,0.23102965320256266,4673600,bull,hold
2023-04-11,22.9460391998291,23.486726882862122,22.908095315767287,23.372897039940657,553600,23.79880847930908,25.016769027709962,21.81627767086029,-0.032399873049229755,40.14093385132308,-0.4501577410353441,-0.38663354008133827,-0.06352420095400585,25.007784282659294,23.79880847930908,22.589832675958867,0.14731747437919954,4120000,bull,hold
2023-04-12,22.765811920166016,23.211641752267496,22.623525957517813,23.20215578018906,457300,23.7395227432251,24.925435943603517,21.848774476051332,-0.04950476599717557,38.89644021936799,-0.48156690033636806,-0.4056202121323443,-0.07594668820402378,25.02650180672256,23.7395227432251,22.452543679727636,0.12170681300247783,3662700,bull,hold
2023-04-13,22.88912582397461,22.993469707050437,22.61403987213492,22.803755694224762,502300,23.72671718597412,24.82975959777832,21.879818110466005,-0.0110653930812038,40.26114374267611,-0.49085026757225236,-0.42266622322032593,-0.06818404435192643,25.041882213055615,23.72671718597412,22.411552158892626,0.1815641593442367,4165000,bull,hold
2023-04-14,22.908098220825195,23.154728070711073,22.56661226728369,22.927070165262002,410900,23.680711460113525,24.72784240722656,21.91330861568451,-0.03861449985055443,40.48139549770233,-0.49101635819265965,-0.4363362502147927,-0.05468010797786693,25.042019681572953,23.680711460113525,22.319403238654097,0.2162239869307378,4575900,bull,hold
2023-04-17,22.955524444580078,22.99346651817751,22.301006939333146,22.63300867731428,599300,23.655099868774414,24.607580299377442,21.949247107505798,-0.021827047326518523,41.06632966819463,-0.481767569653357,-0.44542251410250555,-0.036345055550851435,25.050322259071315,23.655099868774414,22.259877478477513,0.24929608746980206,5175200,bull,hold
2023-04-18,22.775297164916992,23.372898912660744,22.481239276932868,23.19267087671854,629500,23.607671070098878,24.49090133666992,21.98339072704315,-0.03998402655316202,39.47850826562303,-0.48340824402271565,-0.4530196600865476,-0.030388583936168057,25.053877197049598,23.607671070098878,22.161464943148157,0.2122215534596996,4545700,bull,hold
2023-04-19,22.19666290283203,22.5855786528995,22.16820680016518,22.51917866765831,620900,23.517081928253173,24.37834930419922,22.021744208335875,-0.07546439517801218,34.82315937612215,-0.5253436053157685,-0.46748444913239184,-0.05785915618337667,25.074243234477116,23.517081928253173,21.95992062202923,0.07601726290543787,3924800,bull,hold
2023-04-20,22.43381118774414,22.765812989020205,21.779293557715818,21.931067308832407,648900,23.43882465362549,24.253327445983885,22.061095275878905,-0.06521723062397256,38.047570200295745,-0.5332943117453617,-0.48064642165498583,-0.05264789009037585,25.047709041513396,23.43882465362549,21.82994026573758,0.1876675933189031,4573700,bull,hold
2023-04-21,22.225126266479492,22.376898215477976,21.969010424070422,22.376898215477976,493400,23.315510082244874,24.13113048553467,22.099026608467103,-0.09988456143619662,36.34367952942881,-0.5500932998267523,-0.49453579728933916,-0.055557502537413095,24.899333913836504,23.315510082244874,21.731686250653244,0.15577490563782476,4080300,bull,hold
2023-04-24,22.00695037841797,22.348436297932935,21.82672054275528,22.348436297932935,516700,23.199783992767333,24.012703590393066,22.131962718963624,-0.09516372091155711,34.599141325020625,-0.5743903750085089,-0.5105067128331731,-0.06388366217533581,24.810684850824,23.199783992767333,21.588883134710667,0.1297619408470747,3563600,bull,hold
2023-04-25,20.89711570739746,21.769805105758824,20.811743780765944,21.769805105758824,927600,23.025720405578614,23.90858627319336,22.15822070121765,-0.14280155940367867,27.395303523806447,-0.6754146056738151,-0.5434882914013015,-0.13192631427251356,24.830282421416467,23.025720405578614,21.22115838974076,-0.08978430209084515,2636000,bull,hold
2023-04-26,20.75482177734375,21.02042344881373,20.58407978418094,20.972995418923514,757300,22.900982284545897,23.807675971984864,22.1850372838974,-0.10730352850220493,26.629745023254046,-0.7582186941403926,-0.5864343719491197,-0.17178432219127282,24.95416975530502,22.900982284545897,20.847794813786773,-0.022641146453287242,1878700,bull,hold
2023-04-27,20.925573348999023,20.925573348999023,20.327971627893717,20.783287397237192,606300,22.738775730133057,23.704127807617187,22.212707624435424,-0.1342230351504109,29.187024133565103,-0.8008318153523568,-0.6293138606297672,-0.17151795472258957,24.876263001972738,22.738775730133057,20.601288458293375,0.0758565664876555,2485000,bull,hold
2023-04-28,21.219635009765625,21.24809111721028,20.716889336827677,20.859175301843564,747200,22.57230100631714,23.606082611083984,22.241377882957458,-0.1356257653944809,33.48660012909089,-0.801633965125621,-0.663777881528938,-0.137856083596683,24.63726542826657,22.57230100631714,20.50733658436771,0.17247232393608733,3232200,bull,hold
2023-05-01,21.219635009765625,21.60855082513234,21.124777096666964,21.26706306168285,765500,22.39918613433838,23.52089973449707,22.267743191719056,-0.14027659490120936,33.48660012909089,-0.7931270002456934,-0.6896477052722891,-0.10347929497340425,24.30182512344867,22.39918613433838,20.49654714522809,0.19002235018732214,3997700,bull,hold
2023-05-02,19.95802879333496,20.973004258587984,19.891626990533027,20.811746356025832,1605500,22.172002410888673,23.418618354797363,22.285918860435487,-0.1854432085943981,25.717148353717874,-0.878064466676161,-0.7273310575530636,-0.1507334091230974,24.10107460344367,22.172002410888673,20.242930218333676,-0.07384415837267648,2392200,bull,hold
2023-05-03,19.9959716796875,20.47025943471734,19.929571683465596,19.9864857074752,882800,22.000310325622557,23.348495025634765,22.3048957490921,-0.14655864512856998,26.27119678773218,-0.9315776991086508,-0.7681803858641811,-0.1633973132444697,24.05798160520523,22.000310325622557,19.942639046039883,0.012959463976781032,3275000,bull,hold
2023-05-04,19.43631362915039,19.891629478294725,19.369913627308218,19.891629478294725,804900,21.830041217803956,23.255640182495117,22.315758833885194,-0.14908622320985787,23.48835314464931,-1.0075328373922403,-0.816050876169793,-0.19148196122244732,24.130318316761368,21.830041217803956,19.529764118846543,-0.020312876596151976,2470100,bull,hold
2023-05-05,20.47974395751953,20.659973798269466,19.616540449197743,19.701912383802235,706000,21.710520553588868,23.182329864501952,22.329440035820006,-0.10452106905196756,36.907172913578336,-0.9723233857799336,-0.8473053780918212,-0.12501800768811244,24.030526209796008,21.710520553588868,19.390514897381728,0.23474706995295197,3176100,bull,hold
2023-05-08,20.290027618408203,20.622029376664955,20.14774166751646,20.422829407269322,545100,21.563965702056883,23.11014331817627,22.340385127067567,-0.12622545526707873,35.6818239732561,-0.9487910916449351,-0.867602520802444,-0.08118857084249109,23.853875751805365,21.563965702056883,19.2740556523084,0.22183665384834514,2631000,bull,hold
2023-05-09,20.365917205810547,20.460775126383236,19.796773300903094,20.052887334405707,765500,21.434959602355956,23.02970417022705,22.353638300895692,-0.11244302215075841,36.58876150556273,-0.9134878047475823,-0.8767795775914717,-0.03670822715611055,23.68932344834926,21.434959602355956,19.180595756362653,0.2628948853031364,3396500,bull,hold
2023-05-10,20.707401275634766,20.868659168855572,20.25208550981037,20.745345160752144,753500,21.332039070129394,22.955146102905275,22.369116368293763,-0.0904167464683262,40.64456659555459,-0.8481775224944741,-0.8710591665720723,0.022881644077598184,23.520970419372386,21.332039070129394,19.143107720886402,0.3573190075808797,4150000,bull,hold
2023-05-11,20.290027618408203,20.71688728034746,20.138255696221805,20.55562938686641,498100,21.202084159851076,22.864462203979492,22.38382465839386,-0.11355165879004647,37.48848649419608,-0.8206374219040526,-0.8609748176384684,0.04033739573441575,23.31303680692315,21.202084159851076,19.091131512779,0.28397039301002097,3651900,bull,hold
2023-05-12,20.100313186645508,20.55562894338132,20.00545528500955,20.375399111199396,491200,21.06169490814209,22.770932655334473,22.393727107048036,-0.12256735618617165,36.115704333184496,-0.8048423413894419,-0.8497483223886632,0.04490598099922127,23.07116438301112,21.06169490814209,19.052225433273062,0.26078717952178826,3160700,bull,hold
2023-05-15,20.726367950439453,20.792767923254814,19.83470677870737,20.081336541495546,862700,20.95023708343506,22.680817832946776,22.404501900672912,-0.09710762651153204,43.47207197584473,-0.7333535952546697,-0.8264693769618645,0.09311578170719481,22.765022733249438,20.95023708343506,19.13545143362068,0.4383207782642253,4023400,bull,hold
2023-05-16,20.697914123535156,20.991971979362678,20.59357025467923,20.603056225417397,663600,20.846367931365968,22.59449733734131,22.41311170101166,-0.09121211575591781,43.22843016262017,-0.6712564088878317,-0.7954267833470581,0.1241703744592264,22.457844355885047,20.846367931365968,19.23489150684689,0.45393857286025274,3359800,bull,hold
2023-05-17,21.608543395996094,21.72237140516842,20.7073962452745,20.802254125760495,861000,20.81696195602417,22.528666076660155,22.424863438606263,-0.026495852525692087,52.41932304232829,-0.5423123304965571,-0.7448038927769579,0.20249156228040077,22.34827525088617,20.81696195602417,19.285648661162167,0.7584648884809884,4220800,bull,hold
2023-05-18,21.788780212402344,22.006953968751873,21.513694237656715,21.684438129902293,924600,20.78471040725708,22.460179061889647,22.429942927360536,-0.028752625665949494,54.006445226710234,-0.42072970445962454,-0.6799890551134913,0.25925935065386674,22.201328074269927,20.78471040725708,19.368092740244233,0.8543898359189946,5145400,bull,hold
2023-05-19,21.646493911743164,21.96900974572255,21.46626404939838,21.96900974572255,717200,20.755778789520264,22.400229187011718,22.431394505500794,-0.026035053650472872,52.517135455721125,-0.33202849488829145,-0.6103969430684513,0.2783684481801598,22.073743907683273,20.755778789520264,19.437813671357254,0.8379130107268645,4428200,bear,death_cross
2023-05-22,21.997465133666992,22.006951105253485,21.580091430181625,21.618035316527603,784400,20.755304527282714,22.359061012268068,22.433048605918884,-0.0004310113208724209,55.758044646908054,-0.23075174039958313,-0.5344679025346777,0.30371616213509456,22.071473999452195,20.755304527282714,19.439135055113233,0.9718847506532682,5212600,bear,hold
2023-05-23,21.940549850463867,22.25357968355626,21.845693750765182,21.912093744259913,838000,20.807476234436034,22.323584365844727,22.436205639839173,0.04993196944863709,55.101244209026966,-0.15331445687734302,-0.4582372134032108,0.30492275652586776,22.221107637746368,20.807476234436034,19.3938448311257,0.9007669939188137,4374600,bear,hold
2023-05-24,21.399860382080078,21.637004230580455,21.143746400740298,21.561118271430896,699900,20.839728164672852,22.272551040649414,22.43802342891693,0.031078975847456336,49.17506800665418,-0.13402897060560548,-0.39339556484368976,0.2593665942380843,22.276329116125545,20.839728164672852,19.40312721322016,0.6949505243055907,3674700,bear,hold
2023-05-25,22.85118293762207,22.993468894529407,21.969007471826853,21.969007471826853,996300,20.936008644104003,22.26666996002197,22.454530119895935,0.09202183168449052,61.22883354648922,-0.0016168447870157365,-0.315039820832355,0.31342297604533925,22.619593733259407,20.936008644104003,19.2524235549486,1.0687785862010821,4671000,bear,hold
2023-05-26,23.9799861907959,24.084328252005143,22.908095001200223,23.107296771261417,1016500,21.07402620315552,22.26970542907715,22.47216498851776,0.13008476252112322,67.65426072475759,0.1921902579711805,-0.2135938050716479,0.40578406304282844,23.217699322801653,21.07402620315552,18.930353083509385,1.177799231843724,5687500,bear,hold
2023-05-30,24.065359115600586,25.013934532215657,23.57209946473738,24.862160801034346,1122700,21.216312408447266,22.281657485961915,22.48938004016876,0.1341080609786791,68.085058823819,0.34865360304568327,-0.1011443234481817,0.44979792649386496,23.72623812860931,21.216312408447266,18.70638668828522,1.067555980694397,6810200,bear,hold
2023-05-31,23.505699157714844,24.217130710571375,23.230611422163598,23.572099146499212,1816600,21.39369592666626,22.277294006347656,22.49993947505951,0.17775655106603705,62.23352332127025,0.42262034567390216,0.003608610376235083,0.4190117352976671,24.021522077103207,21.39369592666626,18.765869776229316,0.901853682500535,4993600,bear,hold
2023-06-01,23.818729400634766,24.02741534192287,23.306497804840284,23.647985535369937,1086800,21.584833812713622,22.27349967956543,22.513334145545958,0.1911763920345284,64.09240233293379,0.5007263845394938,0.10303216520888683,0.397694219330607,24.331607623358508,21.584833812713622,18.838060002068737,0.9066398877228029,6080400,bear,hold
2023-06-02,24.672447204589844,24.84319107184011,23.77129982044192,24.169701574271187,1965100,21.846640491485594,22.28696949005127,22.530527024269105,0.2693995206779516,68.62768120436569,0.624317135709358,0.20728915930898106,0.4170279764003769,24.719624813466663,21.846640491485594,18.973656169504526,0.9917894419896647,8045500,bear,hold
2023-06-05,23.89712142944336,24.496451283834652,23.725883809761267,24.37278067767316,989200,22.017509365081786,22.2710835647583,22.54741829395294,0.16686622054515832,61.08220089426301,0.6521834215349251,0.29626801175416995,0.3559154097807552,24.950846613842103,22.017509365081786,19.08417211632147,0.8203879924062487,7056300,bear,hold
2023-06-06,24.524993896484375,24.57255910017244,23.43097606669673,23.5641619031165,1212400,22.229257678985597,22.275153999328612,22.56603771686554,0.2087215630122643,64.48739588227576,0.7166703844780571,0.38034848629894735,0.33632189817910974,25.24351963164114,22.229257678985597,19.214995726330056,0.8808123271231042,8268700,bear,hold
2023-06-07,25.276535034179688,25.828299752273885,24.753310527442448,24.753310527442448,1170800,22.47478857040405,22.293116950988768,22.589308648109437,0.24111940448074232,68.08679598190557,0.8189791740134353,0.46807462384184495,0.3509045501715904,25.63823696681658,22.47478857040405,19.31134017399152,0.9428310679815296,9439500,bear,hold
2023-06-08,25.219453811645508,25.742678264143894,25.048216190247185,25.25750560834733,1141600,22.70039119720459,22.332514343261717,22.616857018470764,0.21789564397536543,67.52697382475742,0.8852490492134848,0.551509508916173,0.3337395402973118,25.969293989158047,22.70039119720459,19.43148840525113,0.8853070548077627,8297900,bear,hold
2023-06-09,24.620121002197266,25.35263665353577,24.50596380285639,25.343123251174703,1168800,22.916895866394043,22.341522674560547,22.640326809883117,0.21340993049514467,61.78296131974705,0.8792715586682114,0.6170619188665807,0.2622096398016307,26.09074689701213,22.916895866394043,19.743044835775954,0.7683215310630899,7129100,bear,hold
2023-06-12,25.3336124420166,25.44777146753901,24.572558320187728,24.59158512685749,998800,23.1785608291626,22.3572123336792,22.667411103248597,0.26035909026771065,65.540882270531,0.9214848469312251,0.6779465044795097,0.24353834245171546,26.241391604213447,23.1785608291626,20.11573005411175,0.8518071632309208,8127900,bear,hold
2023-06-13,25.7426815032959,25.87586734475092,25.438259833392333,25.685602893813048,1048500,23.42937650680542,22.3784273147583,22.692965693473816,0.24202569233796156,67.51325658102307,0.9766889739979625,0.7376949983832002,0.23899397561476232,26.469375079733407,23.42937650680542,20.38937793387743,0.8804779740837855,9176400,bear,hold
2023-06-14,25.571439743041992,25.856836373496506,25.286044927083463,25.542901350143733,865600,23.67305278778076,22.39982204437256,22.722650303840638,0.2354597468333901,65.81498286271541,0.9951494006653476,0.7891858788396298,0.20596352182571787,26.576428139871386,23.67305278778076,20.769677435690138,0.8269275799793274,8310800,bear,hold
2023-06-15,25.114810943603516,25.305075391420974,24.60109983769037,25.17188955215025,995000,23.84836616516113,22.433521995544435,22.750663304328917,0.162263021775781,61.381029711882086,0.9618457349861238,0.8237178500689286,0.1381278849171952,26.653708002477234,23.84836616516113,21.04302432784503,0.7257202244654084,7315800,bear,hold
2023-06-16,25.105297088623047,25.362153544212056,24.848442447530257,25.362153544212056,1434000,24.014192008972167,22.478794021606447,22.78065145969391,0.1522121405553909,61.28838462050254,0.9240329744699274,0.8437808749491285,0.08025209952079893,26.70260161173067,24.014192008972167,21.325782406213662,0.7029276116502722,5881800,bear,hold
2023-06-20,25.48582649230957,25.67608912605565,25.038705583288962,25.048218987150705,1968800,24.20615863800049,22.53110740661621,22.813388991355897,0.1773651010745707,63.65153161428099,0.9142329239382718,0.8578712847469572,0.05636163919131465,26.734415784761325,24.20615863800049,21.677901491239652,0.7530731211317987,7850600,bear,hold
2023-06-21,24.772335052490234,25.352638113976013,24.45839819997855,25.276532705199383,798200,24.344902133941652,22.562131614685057,22.84514625072479,0.1261449854318133,56.6666047316455,0.8392195167961063,0.854140931156787,-0.01492141436068073,26.669451749830966,24.344902133941652,22.020352518052338,0.5919388675610302,7052400,bear,hold
2023-06-22,25.03870391845703,25.057730724915416,24.505966039095174,24.591584853661775,514200,24.49980983734131,22.603984909057615,22.879885964393615,0.14120676505870078,58.49767419325671,0.7921333721117456,0.8417394193477788,-0.049606047236033235,26.56078910290107,24.49980983734131,22.43883057178155,0.6307373854072613,7566600,bear,hold
2023-06-23,24.639148712158203,24.800872929246143,24.30618687527173,24.534504911333794,1500000,24.661774253845216,22.64145164489746,22.914137053489686,0.1513696011208865,54.75982183350131,0.7143420072883515,0.8162599369358935,-0.10191792964754198,26.153300781797544,24.661774253845216,23.17024772589289,0.49241530698147384,6066600,bear,hold
2023-06-26,25.076757431030273,25.742679323943907,24.753308980516522,24.753308980516522,915200,24.773052978515626,22.685204277038576,22.950717663764955,0.09739427930201505,57.9304496795983,0.6801626647608039,0.7890404825008757,-0.10887781774007177,26.019613682982587,24.773052978515626,23.526492274048664,0.6218169526066177,6981800,bear,hold
2023-06-27,27.94022560119629,28.187566818492616,25.171887051498977,25.171887051498977,3789000,24.971064949035643,22.785846824645997,23.00020079135895,0.16514769353455372,71.83853365778815,0.8740576474118846,0.8060439154830774,0.06801373192880722,26.781447264034036,24.971064949035643,23.16068263403725,1.3200369136292858,10770800,bear,hold
2023-06-28,27.930715560913086,28.453940081679654,27.00793532842068,27.493108047520582,2226500,25.164332771301268,22.885350646972658,23.047419838905334,0.16061910511057986,71.75369020082398,1.0152502642536838,0.8478851852371987,0.16736507901648512,27.335949694126125,25.164332771301268,22.99271584847641,1.1369407883443101,8544300,bear,hold
2023-06-29,28.225624084472656,28.48248055241591,27.5121351054056,27.93071581451724,1228300,25.40032901763916,22.994357185363768,23.09630207538605,0.20079917194076224,72.82548667295515,1.137826923040425,0.905873532797844,0.231953390242581,27.812222662548244,25.40032901763916,22.988435372730073,1.0857005910681428,9772600,bear,hold
2023-06-30,28.301727294921875,28.777386577189468,28.273187084767198,28.53955693605567,1007500,25.624478912353517,23.116458473205565,23.15141273021698,0.1882131418046018,73.10905453811591,1.2269669896124213,0.9700922241607595,0.2568747654516619,28.232081101364145,25.624478912353517,23.01687672334289,1.0133544514288346,10780100,bear,hold
2023-07-03,28.101945877075195,28.625170261411075,27.91168147486443,28.406367469015766,438000,25.795953845977785,23.22982116699219,23.20467556476593,0.13900115558246529,71.01409053800799,1.2668865641114024,1.0294510921508881,0.2374354719605143,28.575930500992555,25.795953845977785,23.015977190963014,0.9147502510385574,10342100,bull,golden_cross
2023-07-05,27.074527740478516,27.883148950873256,27.026962534071426,27.854610552827527,1075200,25.95482416152954,23.32680919647217,23.25478208065033,0.13296188498754957,61.28762583483487,1.201765848744074,1.0639140434695253,0.13785180527454877,28.644275485739804,25.95482416152954,23.265372837319276,0.7081658011188895,9266900,bull,hold
2023-07-06,26.151742935180664,26.770099540247955,25.84732133357805,26.465677938645342,1150600,26.036161613464355,23.40970504760742,23.30013315677643,0.06633025254002134,54.1180929647872,1.0634375448428415,1.0638187437441886,-0.0003811989013471351,28.644908014374707,26.036161613464355,23.427415212554003,0.5221526557115662,8116300,bull,hold
2023-07-07,26.58935546875,27.160145174425683,26.208826578971248,26.218339982665338,664300,26.101802635192872,23.523549842834473,23.346493306159974,0.051938306923598354,56.70471327324266,0.9778509841241281,1.0466251918201765,-0.06877420769604847,28.696821130241116,26.101802635192872,23.506784140144628,0.5939401461853674,8780600,bull,hold
2023-07-10,26.551301956176758,26.998421044542784,26.503736752019435,26.589355571099603,646800,26.168395042419434,23.639479446411134,23.39374788761139,0.05281034849042787,56.40692108597648,0.8966167776107525,1.0166235089782918,-0.12000673136753925,28.73765268490518,26.168395042419434,23.59913739993369,0.574517033135467,8133800,bull,hold
2023-07-11,26.50373649597168,26.627407114283702,25.85683956450274,26.6178937106449,583400,26.262575817108154,23.751042709350585,23.44133054256439,0.07650715825508358,56.01096336255439,0.8189594933162674,0.977090705845887,-0.1581312125296196,28.734147187219975,26.262575817108154,23.791004446996332,0.5487869138192467,7550400,bull,hold
2023-07-12,27.359922409057617,27.721422668839967,26.86523631504288,27.06501415914337,913700,26.363891315460204,23.873848457336425,23.4949862241745,0.07998503852061445,61.27980363915037,0.817083750900764,0.9450893148568624,-0.1280055639560984,28.840955108512656,26.363891315460204,23.886827522407753,0.7010507554127254,8464100,bull,hold
2023-07-13,28.120973587036133,28.24464600478996,27.57872234710501,27.57872234710501,716100,26.482805919647216,24.011875228881834,23.55508816242218,0.09238711528306554,65.2626843976239,0.8670132916857547,0.9294741102226409,-0.06246081853688623,29.055658344130002,26.482805919647216,23.90995349516443,0.8183563215286693,9180200,bull,hold
2023-07-14,27.77850341796875,28.120976874836717,27.455054953790633,28.063898267774757,901600,26.593159103393553,24.168284721374512,23.614986896514893,0.08630971494388784,62.16389853910297,0.8689318267719166,0.9173656535324961,-0.0484338267605795,29.18940775045616,26.593159103393553,23.996910456330948,0.7282801988007379,8278600,bull,hold
2023-07-17,28.168542861938477,28.472964507789843,27.61677817520884,27.797527393373002,649500,26.7458456993103,24.33173614501953,23.676930141448974,0.12159087819503234,64.24608989771077,0.8916468531900357,0.9122218934640041,-0.020575040273968392,29.335540351602393,26.7458456993103,24.15615104701821,0.7746843457719951,8928100,bull,hold
2023-07-18,28.34929084777832,28.377831056272314,27.65482877155566,28.006817418330684,588400,26.908045387268068,24.50999568939209,23.73925835132599,0.12921550968721074,65.20178818315371,0.9137009513545316,0.9125177050421096,0.0011832463124219483,29.472652717258246,26.908045387268068,24.34343805727789,0.7809875499567749,9516500,bull,hold
2023-07-19,27.96876335144043,28.396857399397103,27.778500741401043,28.396857399397103,666500,27.03219223022461,24.659776077270507,23.800910120010375,0.09742422361229264,61.47614588042624,0.8902117869452937,0.9080565214227464,-0.017844734477452717,29.54934224670022,27.03219223022461,24.515042213749,0.6860380023212047,8850000,bull,hold
2023-07-20,26.74156951904297,27.692888229053786,26.45617281734186,27.588242590313737,1051000,27.130653953552248,24.788806915283203,23.854209346771242,0.07949329210912537,51.296333429404996,0.7637679274938698,0.8791988026369711,-0.11543087514310135,29.431255349035595,27.130653953552248,24.8300525580689,0.4154385380985276,7799000,bull,hold
2023-07-21,26.627405166625977,27.19819664173024,26.608378360740083,26.998418808920512,814200,27.210089015960694,24.914036674499513,23.902457513809203,0.06344981966090701,50.459236296563,0.6468911898106953,0.8327372800717161,-0.18584609026102084,29.317914422103748,27.210089015960694,25.10226360981764,0.36178080792732126,6984800,bull,hold
2023-07-24,26.484704971313477,26.988904387386217,26.294440561419187,26.627402371486248,605200,27.30236682891846,25.029582748413088,23.946172180175783,0.07490341004535539,49.374630007377355,0.5365656254492599,0.773502949147225,-0.23693732369796505,29.0890276129028,27.30236682891846,25.515706044934117,0.2711759655401526,6379600,bull,hold
2023-07-25,26.99842071533203,27.340895987476657,26.532274825188626,26.58935524687687,501000,27.398449993133546,25.163750610351563,23.992408275604248,0.07663125065459497,53.26885350570194,0.48499368280346644,0.7158010958784733,-0.23080741307500685,28.875960760892745,27.398449993133546,25.920939225374347,0.36462728850084736,6880600,bull,hold
2023-07-26,26.950851440429688,27.18868105138106,26.617889622198582,26.741562036011018,575000,27.348981285095213,25.300761375427246,24.038170719146727,-0.03541038554549969,52.8633490085942,0.43526662110525294,0.6596942009238292,-0.2244275798185763,28.81684169655219,27.348981285095213,25.88112087363824,0.364384296504615,6305600,bull,hold
2023-07-27,27.64531707763672,28.311240801025928,27.378949039877973,27.768989507592856,939300,27.334711360931397,25.43914035797119,24.09188572883606,-0.010218087060961722,57.9017764479098,0.44674533731712884,0.6171044282024891,-0.17035909088536028,28.785118094036307,27.334711360931397,25.884304627826488,0.6070753843097525,7244900,bull,hold
2023-07-28,28.178056716918945,28.39685955157033,27.911686865280632,28.187568305820168,729100,27.33233299255371,25.588743209838867,24.15095259666443,-0.0016852547674890417,61.31762314494491,0.49314526754191235,0.5923125960703738,-0.09916732852846144,28.777033046748734,27.33233299255371,25.887632938358685,0.7926987238318013,7974000,bull,hold
2023-07-31,27.673858642578125,28.38734760349472,27.56921301433822,28.244650174210655,1431600,27.300939559936523,25.710049514770507,24.207498474121095,-0.02218481740711309,56.63399254868585,0.48365767113195446,0.5705816110826899,-0.08692393995073544,28.686074552411014,27.300939559936523,25.915804567462033,0.6346147071107473,6542400,bull,hold
2023-08-01,28.19708251953125,28.472965782495145,25.97099686646339,27.131606711351207,2095600,27.305696392059325,25.838215560913085,24.26798095703125,0.0033854112050533125,60.0446877246905,0.5124512576203308,0.5589555403902181,-0.04650428276988727,28.7024070472621,27.305696392059325,25.90898573685655,0.8191019285746459,8638000,bull,hold
2023-08-02,27.321866989135742,27.892658458769375,27.283815192224733,27.759474447836748,1088000,27.31806335449219,25.95172302246094,24.32055033683777,0.009135496324371273,52.593316967917524,0.45935267187317663,0.5390349666868098,-0.0796822948136332,28.710741851441473,27.31806335449219,25.925384857542905,0.5013655824556369,7550000,bull,hold
2023-08-03,26.874746322631836,27.160141133002995,26.560811305425176,26.91279993174583,788400,27.354213523864747,26.049268646240236,24.3736665725708,0.027646470418556612,49.232043430079244,0.3768486820439243,0.5065977097582328,-0.12974902771430852,28.658656466629637,27.354213523864747,26.049770581099857,0.3162176414490637,6761600,bull,hold
2023-08-04,26.827184677124023,27.31235555608284,26.465682600669147,26.789131062972483,552200,27.366104984283446,26.147001342773436,24.42385684967041,0.008944527017721082,48.874219042604985,0.3041201407178846,0.4661021959501632,-0.1619820552322786,28.64655649674698,27.366104984283446,26.08565347181991,0.2895584870205034,6209400,bull,hold
2023-08-07,27.264789581298828,27.369435202757916,26.484708658230353,27.03647334633948,921600,27.40177936553955,26.26429992675781,24.47491467475891,0.02687203913012204,52.308774616746945,0.2785819865565209,0.42859815407143476,-0.15001616751491387,28.628049155231906,27.40177936553955,26.175509575847194,0.44414370092445576,7131000,bull,hold
2023-08-08,26.275419235229492,26.75107851178364,25.742679539051622,26.75107851178364,677500,27.390363502502442,26.33278465270996,24.519657964706422,-0.00861453104081722,44.95558684123436,0.17647460755212663,0.3781734447675732,-0.20169883721544657,28.653556891857647,27.390363502502442,26.127170113147237,0.05868029524676691,6453500,bull,hold
2023-08-09,25.780731201171875,26.18979843837158,25.7521909935198,26.18979843837158,595400,27.311403942108154,26.36879955291748,24.561550550460815,-0.05771914058363503,41.79219160710817,0.05500254883408928,0.31353926558087647,-0.2585367167467872,28.75664336423288,27.311403942108154,25.86616451998343,-0.029556804742411836,5858100,bull,hold
2023-08-10,25.419233322143555,26.227854526324922,25.20994387526568,25.95197306519028,656600,27.176316928863525,26.39587703704834,24.597202558517456,-0.09607563040200318,39.59930401960381,-0.0696321148570469,0.2369049894932918,-0.3065371043503387,28.788986861517984,27.176316928863525,25.563646996209066,-0.04477471525366812,5201500,bull,hold
2023-08-11,24.99113655090332,25.295558169869683,24.867464134138253,25.076755358049606,623300,27.036948585510252,26.42558578491211,24.629440746307374,-0.1003425859602789,37.11560669751084,-0.20063699705180937,0.1493965921842716,-0.35003358923608097,28.882344779958462,27.036948585510252,25.191552391062043,-0.05430157512020035,4578200,bull,hold
2023-08-14,25.03870391845703,25.33361216057747,24.601098256890968,24.781847474757228,650700,26.88045663833618,26.449985275268556,24.6599360370636,-0.11111114120533738,37.58405162268414,-0.2971951404245985,0.06007824566249757,-0.3572733860870961,28.842604294593215,26.88045663833618,24.918308982079147,0.030679377261431075,5228900,bull,hold
2023-08-15,24.4869384765625,24.876978924435598,24.41083306757497,24.791360112512617,620300,26.68733901977539,26.446275100708007,24.68776683807373,-0.1362415868514928,34.38436979919216,-0.4134747450937297,-0.034632352488747895,-0.3788423926049818,28.78856171567016,26.68733901977539,24.58611632388062,-0.023600032379216106,4608600,bull,hold
2023-08-16,24.14446258544922,24.71525404489281,24.12543759458139,24.439372625100958,422600,26.49612398147583,26.451221923828125,24.714026699066164,-0.13673471071770693,32.53302287766131,-0.5271850506629825,-0.1331428921235948,-0.3940421585393877,28.783856156086614,26.49612398147583,24.208391806865045,-0.013972182173532266,4186000,bull,hold
2023-08-17,23.678321838378906,24.25862682543001,23.545137801152656,24.230086611240203,633100,26.342961597442628,26.434288482666016,24.734324512481688,-0.11455003336594327,30.15326470774093,-0.6474515314232718,-0.23600461998353023,-0.4114469114397416,28.934454742400668,26.342961597442628,23.751468452484588,-0.014112831872234355,3552900,bull,hold
2023-08-18,23.9256591796875,24.15397539495875,23.34535614630907,23.4880535540416,495300,26.207874298095703,26.40727096557617,24.755906171798706,-0.10146486186062043,32.95565031667711,-0.7145684275108657,-0.3317173814889973,-0.38285104602186837,28.99988629190092,26.207874298095703,23.415862304290485,0.09129560985556792,4048200,bull,hold
2023-08-21,24.363269805908203,24.4013216061816,23.935175712231104,24.001767723581715,436400,26.10180253982544,26.390147285461424,24.78109069824219,-0.08010038879810344,37.71704157410595,-0.724100550530423,-0.4101940152972825,-0.3139065352331405,29.002752764171746,26.10180253982544,23.200852315479132,0.20035116091848965,4484600,bull,hold
2023-08-22,24.401317596435547,24.800871413378758,24.192028193082788,24.715252608712646,568100,25.971947383880615,26.385771217346193,24.80655979156494,-0.09619463102231107,38.12846483845488,-0.7202817285745553,-0.47221155795273706,-0.24807017062181824,28.932624288921506,25.971947383880615,23.011270478839723,0.23475157239027153,5052700,bull,hold
2023-08-23,25.276535034179688,25.324102053107953,24.258624417565926,24.382295037786935,494900,25.888231563568116,26.384629669189454,24.837301015853882,-0.06212480559105138,46.829338784792334,-0.639263520001915,-0.5056219503625727,-0.13364156963934226,28.828068875154905,25.888231563568116,22.948394251981327,0.3959642210510175,5547600,bull,hold
2023-08-24,25.17188835144043,25.790246870103086,25.17188835144043,25.666574440572088,1063100,25.7645601272583,26.373213806152343,24.86384050369263,-0.08947007984209865,45.99644345911677,-0.5768505447290195,-0.5198676692358621,-0.05698287549315739,28.60474049841864,25.7645601272583,22.92437975609796,0.39566300404087773,4484500,bull,hold
2023-08-25,25.105297088623047,25.267021322012845,24.37278315103041,25.247996329169975,724400,25.610922145843507,26.363890953063965,24.88731171607971,-0.10904796094227898,45.442568491356376,-0.5266898181761022,-0.5212320990239102,-0.005457719152191953,28.236591282759488,25.610922145843507,22.985253008927526,0.4037150092310661,3760100,bull,hold
2023-08-28,25.7426815032959,26.056616577195985,25.305075806433592,25.305075806433592,682700,25.514363288879395,26.37644836425781,24.909914054870605,-0.06978344307616646,51.46672141760318,-0.43054246009747743,-0.5030941712386237,0.07255171114114622,27.965725088545778,25.514363288879395,23.06300148921301,0.5465696688362315,4442800,bull,hold
2023-08-29,26.399089813232422,26.751078475787153,25.447771261404228,25.56193028600191,606800,25.42446365356445,26.40232421875,24.93801498413086,-0.06376520354733206,56.76174115205695,-0.2979438105526526,-0.4620640991014295,0.16412028854877686,27.591027431905978,25.42446365356445,23.257899875222925,0.724924410121458,5049600,bull,hold
2023-08-30,26.551301956176758,26.70351278687567,26.132721264506635,26.303958902666967,629500,25.385935401916505,26.423633728027344,24.95730339050293,-0.028203234913096953,57.908526139727186,-0.17851832944302615,-0.40535494516974885,0.2268366157267227,27.440682571132406,25.385935401916505,23.331188232700605,0.783579063088565,5679100,bull,hold
2023-08-31,26.59886932373047,26.941344627906073,26.47519869416504,26.47519869416504,817300,25.372141551971435,26.460164413452148,24.971264696121217,-0.01026528755246503,58.280911937446426,-0.07912241230791395,-0.3401084385973819,0.26098602628946793,27.390099677509397,25.372141551971435,23.354183426433472,0.8039527322778325,6496400,bull,hold
2023-09-01,26.861183166503906,27.004264389873217,26.536864756532683,26.851644175695757,521700,25.37384147644043,26.496613998413086,24.982151622772218,0.001267314844590306,60.36344384920059,0.020578882447196634,-0.2679709743884662,0.2885498568356628,27.396750847668667,25.37384147644043,23.35093210521219,0.8676244005831109,7018100,bull,hold
2023-09-05,26.94702911376953,27.233191527050213,26.393780447217633,26.727637808962594,697400,25.357953453063963,26.542771606445314,24.982620897293092,-0.011654609201431465,61.04871417825458,0.10530602504349673,-0.1933155745020736,0.2986215995455703,27.325439038386328,25.357953453063963,23.3904678677416,0.9038341303642141,7715500,bull,hold
2023-09-06,26.00269317626953,27.242732831693132,25.907305090611622,26.889799279948196,728700,25.344317150115966,26.561290321350096,24.98082082748413,-0.010379513130443052,50.67069876054633,0.09515597907144979,-0.1356212637873689,0.2307772428588187,27.289836336160107,25.344317150115966,23.398797964071825,0.6692031697441784,6986800,bull,hold
2023-09-07,21.7579402923584,22.29211288021388,21.433621870937756,22.168107814706648,8501300,25.143177604675294,26.43764461517334,24.9538826751709,-0.15603866614266626,27.7967140116327,-0.2524935004388382,-0.15899571111766278,-0.09349778932117545,27.624617667357775,25.143177604675294,22.661737541992814,-0.1821114406965354,-1514500,bull,hold
2023-09-08,21.748397827148438,22.044101047275586,21.595777631962402,22.044101047275586,3028800,24.95963582992554,26.313998260498046,24.92887755393982,-0.14441173140329644,27.76636833183713,-0.5227522522606414,-0.23174701934625852,-0.29100523291438285,27.84276937662854,24.95963582992554,22.07650228322254,-0.0569006691433534,-4543300,bull,hold
2023-09-11,20.88037109375,22.044102429218,20.82313897181142,21.996407478122222,3835100,24.754097557067873,26.167093200683595,24.904672775268555,-0.16448893585853075,25.083782440007028,-0.7977804467823226,-0.3449537048334714,-0.45282674194885125,28.141036709187922,24.754097557067873,21.367158404947823,-0.07186242346472609,-8378400,bull,hold
2023-09-12,21.27146339416504,21.52901070583413,20.72775361578135,20.842219694093142,1606000,24.56573553085327,26.02648792266846,24.880867166519167,-0.15045669043256704,28.438417932887276,-0.9729686157131248,-0.47055668700940206,-0.5024119287037228,28.272349051955793,24.56573553085327,20.85912200975075,0.05562238712867486,-6772400,bull,hold
2023-09-13,21.66254997253418,21.83424815673216,21.26192330190735,21.50992976866405,1946800,24.424516105651854,25.897700004577636,24.858309602737428,-0.11534265529893273,31.73052815766968,-1.06793855246179,-0.5900330600998797,-0.47790549236191027,28.341615488186942,24.424516105651854,20.507416723116766,0.1474475289761258,-4825600,bull,hold
2023-09-14,21.91056251525879,22.044106584121177,21.48131879075048,21.91056251525879,1337600,24.312821102142333,25.794420700073243,24.839114322662354,-0.09252225276435433,33.810089078271375,-1.1103904818058012,-0.6941045444410641,-0.4162859373647372,28.38001559140828,24.312821102142333,20.245626612876386,0.20467866815521935,-3488000,bull,hold
2023-09-15,21.223766326904297,21.79609297375225,21.109300269784207,21.719782875464272,2351700,24.190093326568604,25.695861167907715,24.818748750686645,-0.10366256224696435,30.994503672840892,-1.1857836781485496,-0.7924403711825613,-0.3933433069659883,28.46908346486843,24.190093326568604,19.91110318826878,0.15338468846729797,-5839700,bull,hold
2023-09-18,21.786558151245117,21.996410506832277,21.042533186092566,21.1856144203282,1457300,24.083138275146485,25.599805221557617,24.800348262786866,-0.08940614811810266,35.71853474031575,-1.1864441431061508,-0.8712411255672792,-0.3152030175388716,28.488295509089955,24.083138275146485,19.677981041203015,0.2393305162633794,-4382400,bull,hold
2023-09-19,21.643476486206055,21.87240682030164,21.471778280790225,21.748401752222843,1287100,23.947148609161378,25.501648712158204,24.776421976089477,-0.11163498747785428,35.061363199631316,-1.1848547924281192,-0.9339638589394472,-0.250890933488672,28.4755183702038,23.947148609161378,19.418778848118954,0.24564001566592242,-5669500,bull,hold
2023-09-20,21.395465850830078,21.958253543426135,21.395465850830078,21.7102452535214,1053500,23.796856021881105,25.399483299255373,24.75191589355469,-0.1231839933940515,33.89718425606894,-1.1898912801328372,-0.9851493431781252,-0.204741936954712,28.452685092153185,23.796856021881105,19.141026951609025,0.24210928549931787,-6723000,bull,hold
2023-09-21,21.214231491088867,21.557627910312274,21.061611264628823,21.109304403131357,1074600,23.59374084472656,25.276569480895997,24.726833753585815,-0.16071441507301742,33.03399319630073,-1.1947346734975675,-1.0270664092420136,-0.1676682642555538,28.327430856583184,23.59374084472656,18.860050832869938,0.2486623175918088,-7797600,bull,hold
2023-09-22,21.35731315612793,21.595782492196804,21.281003041360954,21.38593013143179,767200,23.403012084960938,25.14129627227783,24.705044231414796,-0.1515410819424764,34.453127234454925,-1.173500222956875,-1.056353171984986,-0.11714705097188904,28.17423028787526,23.403012084960938,18.631793882046615,0.28562089996392653,-7030400,bull,hold
2023-09-25,21.35731315612793,21.500396213270573,21.147460795362914,21.24284889366579,710100,23.21561288833618,25.012872467041017,24.68703776359558,-0.1492905628347887,34.453127234454925,-1.1434903232687859,-1.073780602241746,-0.06970972102703987,27.99907097626648,23.21561288833618,18.432154800405883,0.30575770728532725,-6320300,bull,hold
2023-09-26,21.166534423828125,21.252383512699375,20.994836246085626,21.080685334956875,901300,22.986805534362794,24.87283229827881,24.6684557056427,-0.17776497288683302,33.35990328563693,-1.1221658810952668,-1.0834576580124502,-0.03870822308281663,27.702162298368666,22.986805534362794,18.271448770356923,0.3069847944030982,-7221600,bull,hold
2023-09-27,21.586240768432617,21.710245826345037,21.300078329117895,21.366849443666236,995500,22.746163082122802,24.737571296691893,24.648993015289307,-0.18231117356127124,38.019375197428054,-1.0591896338843725,-1.0786040531868348,0.01941441930246235,27.22573156416709,22.746163082122802,18.266594600078513,0.3705319141408857,-6226100,bull,hold
2023-09-28,21.719783782958984,22.072717320021027,21.462236508210143,21.538546609686502,767900,22.504587173461914,24.612591705322266,24.635305156707762,-0.18196916223514203,39.46959875858905,-0.9871257281143642,-1.0603083881723407,0.07318266005797658,26.645598237166823,22.504587173461914,18.363576109757005,0.4052401239178559,-5458200,bear,death_cross
2023-09-29,21.55762481689453,22.03456341098788,21.46223673420059,21.99640745015976,716200,22.25252494812012,24.5089128112793,24.618867712020872,-0.18952852640011797,38.29778880913384,-0.9323518650106521,-1.034717083540003,0.10236521852935088,25.956650950795936,22.25252494812012,18.5483989454443,0.406199177522093,-6174400,bear,hold
2023-10-02,21.538545608520508,21.81517085062428,21.338232283722256,21.509928639530937,718800,21.98639307022095,24.407135620117188,24.599875869750978,-0.198153503700491,38.15425917984162,-0.8803347653551157,-1.0038406199030256,0.12350585454790997,25.034548565379033,21.98639307022095,18.938237575062864,0.42653795673943884,-6893200,bear,hold
2023-10-03,21.147457122802734,21.576702580932718,21.052069041065366,21.366848437235245,803600,21.696414470672607,24.300390663146974,24.58048909187317,-0.2152212018060018,35.238915500765245,-0.8607462643106913,-0.9752217487845589,0.11447548447386757,23.73947156320378,21.696414470672607,19.653357378141436,0.3656529595093786,-7696800,bear,hold
2023-10-04,21.366849899291992,21.49085495984869,20.994838356374814,21.309617774083918,740300,21.46462230682373,24.18775924682617,24.566029615402222,-0.17828319726543873,38.09646751490695,-0.8180886558031126,-0.9437951301882697,0.12570647438515703,21.986242051217484,21.46462230682373,20.943002562429978,0.4062799974669537,-6956500,bear,hold
2023-10-05,21.376386642456055,21.462235730929876,21.03299028856077,21.319154523265595,742500,21.445544624328612,24.0762699508667,24.553745765686035,-0.01753629455616945,38.22407077316182,-0.7745837390755064,-0.909952851965717,0.13536911289021059,21.95050139894356,21.445544624328612,20.940587849713665,0.43152088916393544,-6214000,bear,hold
2023-10-06,21.62439727783203,21.872405580555743,21.242846742632654,21.271461895662316,1533400,21.439344596862792,23.955851554870605,24.54615400314331,-0.005701594678464872,41.59574584669617,-0.711887201050093,-0.8703397217825922,0.15845252073249927,21.93217440999165,21.439344596862792,20.946514783733935,0.6877450146475356,-4680600,bear,hold
2023-10-09,21.633935928344727,21.643474918996727,21.023455081628235,21.128380340047357,1024700,21.47702283859253,23.82496913909912,24.539130096435546,0.036089628446320354,41.72747792962586,-0.6538923891539525,-0.8270502552568644,0.17315786610291184,21.903971906902058,21.47702283859253,21.050073770283,0.6837608996003702,-3655900,bear,hold
2023-10-10,22.12995147705078,22.39703592514147,21.557624800693606,21.662550054139373,1536000,21.519947242736816,23.714090995788574,24.5308505153656,0.040358675234409835,48.2624798871557,-0.5614349014279618,-0.7739271844910839,0.21249228306312207,22.021671981404253,21.519947242736816,21.018222504069378,1.1079072719576417,-2119900,bear,hold
2023-10-11,22.234880447387695,22.34934652954438,21.88194684787651,22.19672629958657,1078700,21.548563766479493,23.5948469543457,24.525932874679565,0.02642027257082713,49.55137056598015,-0.4742281780667241,-0.7139873832062119,0.23975920513948779,22.137300449029325,21.548563766479493,20.95982708392966,1.0828723614908353,-1041200,bear,hold
2023-10-12,22.349340438842773,22.91212806570606,22.12041015629475,22.28256933385495,1101100,21.57050266265869,23.495396423339844,24.52182396888733,0.02002586301827769,50.98578776214186,-0.39136880086629944,-0.6494636667382295,0.2580948658719301,22.238878049469285,21.57050266265869,20.902127275848095,1.0826349919171927,59900,bear,hold
2023-10-13,21.72932243347168,22.34934222569925,21.672088493726633,22.31118626586922,656100,21.595780467987062,23.392487945556642,24.51508783340454,0.023820282356129985,43.73205899741529,-0.37145056786575026,-0.5938610469637338,0.2224104790979835,22.2478305539,21.595780467987062,20.943730382074126,0.6024016163556251,-596200,bear,hold
2023-10-16,22.206262588500977,22.282572694191643,21.58624093296583,21.862866203204764,645200,21.616765689849853,23.30006950378418,24.514614009857176,0.01926437550815585,49.66446832292207,-0.31356555166223643,-0.5378019479034343,0.22423639624119784,22.317241424904328,21.616765689849853,20.916289954795378,0.9207832399828093,49000,bear,hold
2023-10-17,21.958250045776367,22.35887847805762,21.567160602284677,21.78655188631639,1038100,21.632504367828368,23.19393871307373,24.51086675643921,0.014543576664817426,46.89563419871618,-0.2844251229832473,-0.4871265829193969,0.20270145993614963,22.348643356574385,21.632504367828368,20.91636537908235,0.7274318833822961,-989100,bear,hold
2023-10-18,21.93917465209961,22.091794851955417,21.41454294251731,21.56716314237312,743900,21.659689807891844,23.107213821411133,24.507165994644165,0.025412337598082146,46.680074663600344,-0.2598746746763929,-0.44167620127079615,0.18180152659440324,22.379044198675157,21.659689807891844,20.940335417108532,0.6942608871153418,-1733000,bear,hold
2023-10-19,21.519472122192383,22.32072922743041,21.46223999164013,22.177647991361468,909500,21.674951839447022,23.021988639831545,24.494320812225343,0.014388484034018933,42.09526954431952,-0.271159001896649,-0.4075727613959667,0.13641375949931772,22.368338166529735,21.674951839447022,20.98156551236431,0.38788377331523843,-2642500,bear,hold
2023-10-20,21.099763870239258,21.605317607599183,21.032990939843803,21.54808548663654,778200,21.66207437515259,22.93559925079346,24.478431329727172,-0.012059067730379458,38.0685928027968,-0.3103908680865999,-0.3881363827340934,0.07774551464749352,22.387409232714788,21.66207437515259,20.93673951759039,0.11237868341029554,-3420700,bear,hold
2023-10-23,20.718212127685547,21.185611737330174,20.65144101479008,21.042530521214697,882500,21.63011932373047,22.8501407623291,24.459830179214478,-0.029924224258471854,34.80877842734773,-0.36802804336122463,-0.38411471485951965,0.016086671498295013,22.455725442084525,21.63011932373047,20.804513205376413,-0.05226528472373569,-4303200,bear,hold
2023-10-24,20.9471435546875,21.08068760697818,20.727752223649453,20.9089894107305,816600,21.61914978027344,22.768309555053712,24.43504405975342,-0.010364987708788354,38.22671054317145,-0.3907289865835111,-0.385437569204318,-0.005291417379193086,22.474400110565984,21.61914978027344,20.763899449980894,0.10712892951700242,-3486600,bear,hold
2023-10-25,20.222196578979492,20.76590627067176,19.907417188032586,20.680057180470214,920200,21.55094757080078,22.68301471710205,24.39514220237732,-0.06319044636284621,32.42858263808864,-0.4618924018530812,-0.40072853573407063,-0.06116386611901059,22.601150413430116,21.55094757080078,20.500744728171444,-0.13261635651954914,-4406800,bear,hold
2023-10-26,20.25081443786621,20.70867510059257,20.155426344954083,20.28897040278168,1078800,21.477499103546144,22.60514175415039,24.35774785041809,-0.06763277939466894,32.861503043708225,-0.5101005771889504,-0.4226029440250466,-0.0874976331639038,22.666496748902183,21.477499103546144,20.288501458190105,-0.015848231689562564,-3328000,bear,hold
2023-10-27,19.812030792236328,20.346201539389067,19.640332597235975,20.298508404945174,1038400,21.39021940231323,22.52781593322754,24.31636262893677,-0.08097339291711747,29.717681213418544,-0.577060087121275,-0.4534943726442923,-0.12356571447698267,22.78187932085674,21.39021940231323,19.998559483769725,-0.06701662131960202,-4366400,bear,hold
2023-10-30,19.497249603271484,19.926493232400638,19.316012433971817,19.85972212249452,1595000,21.28815460205078,22.43924774169922,24.27170114517212,-0.09477408745934546,27.672367891440572,-0.6480558084144938,-0.49240665979833265,-0.1556491486161612,22.902872916307903,21.28815460205078,19.67343628779366,-0.05455647680667851,-5961400,bear,hold
2023-10-31,19.897876739501953,20.30804418053693,16.769159219907685,17.646726218124602,3425600,21.225675582885742,22.349939880371092,24.224455842971803,-0.059088919109493876,33.907076550831604,-0.664335125529945,-0.5267923529446551,-0.1375427725852899,22.950296142295667,21.225675582885742,19.501055023475818,0.11504609343225826,-2535800,bear,hold
2023-11-01,20.985300064086914,20.9948390551685,19.8597245877311,19.8597245877311,1853000,21.20659809112549,22.28161952972412,24.18444462776184,-0.01785709344163644,47.20900798593441,-0.5827727854053073,-0.5379884394367855,-0.044784345968521766,22.932990373214633,21.20659809112549,19.480205809036345,0.435907374779625,-682800,bear,hold
2023-11-02,21.55762481689453,21.700706031247265,20.908988037827363,21.576702797308588,1291600,21.21565999984741,22.20724132537842,24.151078042984008,0.008478428907087388,52.61448378750214,-0.4665738459337696,-0.5237055207361824,0.05713167480241277,22.947416380204203,21.21565999984741,19.48390361949062,0.5987335230653708,608800,bear,hold
2023-11-03,22.730894088745117,22.95982440330979,21.815172830486443,21.862865963754594,1269200,21.270984840393066,22.158421440124513,24.127975606918334,0.05116890874213631,61.35122855028477,-0.2766235799787147,-0.47428913258468886,0.19766555260597418,23.118282987777377,21.270984840393066,19.423686693008754,0.8951471640945495,1878000,bear,hold
2023-11-06,22.454267501831055,22.84535696196055,22.24441337828517,22.84535696196055,765100,21.312001419067382,22.105400848388673,24.102969856262206,0.03791873916070587,58.60751815873672,-0.1467168192266861,-0.4087746699130883,0.2620578506864022,23.224974466276308,21.312001419067382,19.399028371858456,0.7985578088594261,1112900,bear,hold
2023-11-07,22.311189651489258,22.454272703187762,21.958256066386948,22.358884608514288,558100,21.321063327789307,22.03677101135254,24.071952476501465,0.008189723083054323,57.18307321508052,-0.05467964921487933,-0.33795566577344655,0.2832760165585672,23.251090366947082,21.321063327789307,19.391036288631533,0.7565058166573723,554800,bear,hold
2023-11-08,22.292110443115234,22.58781185877342,22.120412260031017,22.387496705383057,536600,21.323924827575684,21.954631423950197,24.043535118103026,0.0025738836717812408,56.98418031934506,0.01653038644219862,-0.2670584553303175,0.28358884177251614,23.25952441777464,21.323924827575684,19.38832523737673,0.7500996643215948,18200,bear,hold
2023-11-09,21.872404098510742,22.48288491346438,21.84378712804366,22.29211056847954,770600,21.300078010559083,21.861053466796875,24.011789741516115,-0.021340063329257086,52.64618987487202,0.038652496445052975,-0.20591626497524343,0.2445687614202964,23.195900142989792,21.300078010559083,19.404255878128374,0.6509440358779482,-752400,bear,hold
2023-11-10,22.81674575805664,22.90259486312497,22.025027648608308,22.149030900719996,620300,21.35444917678833,21.7854109954834,23.981834192276,0.0500440512084217,60.020765844160294,0.13087624781909568,-0.1385577624163756,0.2694340102354713,23.35582938036913,21.35444917678833,19.353068973207527,0.8653220359260126,-132100,bear,hold
2023-11-13,22.654582977294922,22.74043206886425,22.358881561542972,22.625966006979702,497000,21.376865196228028,21.70127899169922,23.95466173171997,0.020188916843039584,58.34057148673507,0.18870379418735084,-0.07310545109563032,0.26180924528298116,23.42539275761066,21.376865196228028,19.328337634845397,0.8118624823882068,-629100,bear,hold
2023-11-14,24.009092330932617,24.056785469407952,23.265067362831775,23.265067362831775,964300,21.47940731048584,21.64252025604248,23.93804486274719,0.09339734636780528,66.72065378806803,0.33991183400608804,0.009498005924713344,0.3304138280813747,23.818750786343234,21.47940731048584,19.140063834628446,1.0406826843842634,335200,bear,hold
2023-11-15,24.49556541442871,24.734034701065475,23.86600664325775,24.123553909475763,1133900,21.607226848602295,21.612377700805663,23.922157974243163,0.11652173807205868,69.12297931141555,0.49331300196056205,0.1062610051318831,0.38705199682867897,24.287589007089917,21.607226848602295,18.926864690114673,1.0387963258398156,1469100,bear,hold
2023-11-16,24.800806045532227,24.943887254996575,24.447870697435622,24.581414736395136,1407600,21.771293544769286,21.67323501586914,23.90614221572876,0.15248208249290207,70.55905404125892,0.6322269815917139,0.21145420042384927,0.4207727811678646,24.790385993916715,21.771293544769286,18.752201095621857,1.0017256927025295,2876700,bear,hold
2023-11-17,25.268205642700195,25.35405473228549,24.800806054611517,24.82942302426538,1118700,21.979715633392335,21.743631172180176,23.88764009475708,0.1975586929833102,72.65621137650089,0.7711432926826092,0.32339201887560126,0.4477512738070079,25.340764364334987,21.979715633392335,18.618666902449682,0.9892059402521007,3995400,bear,hold
2023-11-20,25.83099365234375,25.88822577303312,25.18235688660983,25.18235688660983,865400,22.235354709625245,21.84264362335205,23.873748836517333,0.2467771588179679,74.96833074240008,0.916087670600799,0.4419311492206408,0.4741565213801582,25.934467235549786,22.235354709625245,18.536242183700704,0.9860137286334411,4860800,bear,hold
2023-11-21,25.85007095336914,25.954996201980894,25.563906718686255,25.85007095336914,962600,22.480501079559325,21.93421577453613,23.863877868652345,0.23406186079172953,75.04536069665149,1.020730171095984,0.5576909535957095,0.46303921750027444,26.445899371950684,22.480501079559325,18.515102787167965,0.9248715545516835,5823400,bear,hold
2023-11-22,26.451017379760742,26.594098612440117,26.002695698864937,26.002695698864937,814700,22.79194211959839,22.029985122680664,23.852708435058595,0.30801900161805196,77.40421329038872,1.1390215297591126,0.6739570688283902,0.4650644609307224,26.971584882584594,22.79194211959839,18.612299356612183,0.9377258377876385,6638100,bear,hold
2023-11-24,26.403322219848633,26.784872750897453,26.307934132242316,26.365166257055527,568700,23.09956750869751,22.11984031677246,23.843050174713134,0.3038153255939222,76.78385491053389,1.214914900231431,0.7821486351089983,0.43276626512243266,27.390001912441832,23.09956750869751,18.80913310495319,0.8850140102675722,6069400,bear,hold
2023-11-27,26.613176345825195,26.794413542520996,26.1266987037743,26.36516802913004,768700,23.439624786376953,22.22762851715088,23.836474580764772,0.3432836151382326,77.63324825941461,1.277270834152528,0.8811730749177045,0.3960977592348236,27.711952190038105,23.439624786376953,19.1672973827158,0.8714078135407742,6838100,bear,hold
2023-11-28,26.470094680786133,26.784874112323124,26.2793184958767,26.517787817325225,1076100,23.788267040252684,22.3212992477417,23.838310146331786,0.35763224143905203,75.6022724400535,1.3001554833565123,0.9649695566054661,0.3351859267510462,27.849653613657708,23.788267040252684,19.72688046684766,0.8301615830040321,5762000,bear,hold
2023-11-29,27.051958084106445,27.290427385075294,26.908875048024033,26.91841403838795,853200,24.14597110748291,22.42946887969971,23.844568252563477,0.3595399367612908,78.11022871000593,1.3496849189423763,1.0419126290728482,0.3077722898695281,28.03008755878731,24.14597110748291,20.26185465617851,0.8740859746426525,6615200,bear,hold
2023-11-30,26.87071990966797,27.385812634587037,26.689482738225927,27.2236552625418,1202000,24.440242099761964,22.538973960876465,23.848406944274902,0.28045440511251196,75.50665931509809,1.358651261466779,1.1052603555516343,0.2533909059151447,28.212093350513403,24.440242099761964,20.668390849010525,0.8221863281885518,5413200,bear,hold
2023-12-01,27.1473445892334,27.204578531923406,26.575019717344478,26.784872049078654,774000,24.719728088378908,22.657636222839354,23.85353419303894,0.2592920054883898,76.77890190390004,1.372259894447339,1.1586602633307752,0.21359963111656377,28.423536464127526,24.719728088378908,21.01591971263029,0.8277189658014932,6187200,bear,hold
2023-12-04,27.184650421142578,27.270738481641636,26.668122058148214,27.06986573233025,738000,24.94241590499878,22.774182968139648,23.862063550949095,0.195934058511261,76.95276651622137,1.3702596032374252,1.2009801313121051,0.1692794719253201,28.676570871691165,24.94241590499878,21.208260938306392,0.8002331901251959,6925200,bear,hold
2023-12-05,26.92638397216797,27.15595150601995,26.754207865668842,27.04116865131425,656200,25.166021728515624,22.885564384460448,23.871334981918334,0.19916554703787281,72.88423230126685,1.3324744776905177,1.2272790005877878,0.10519547710272992,28.81197351386646,25.166021728515624,21.52006994316479,0.7414132642572716,6269000,bear,hold
2023-12-06,26.830734252929688,27.72987525873725,26.821170534023118,27.25160903801165,713900,25.391998958587646,22.99884838104248,23.887977962493895,0.2025685170552416,71.37906429943601,1.2800556754830126,1.2378343355668329,0.04222133991617971,28.857968073747685,25.391998958587646,21.926029843427607,0.7075516610994973,5555100,bear,hold
2023-12-07,27.25160789489746,27.26117343784363,26.84986421336213,26.974214447221584,837100,25.639973831176757,23.112155723571778,23.90384072303772,0.22247769965243158,73.9302441129868,1.2579732500303145,1.2418621184595293,0.016111131570785142,28.88600880865774,25.639973831176757,22.393938853695776,0.7482465646398209,6392200,bear,hold
2023-12-08,27.509872436523438,27.72030891073553,27.146389097636163,27.203782356054653,847200,25.92184724807739,23.227957496643068,23.920663785934448,0.257743424665263,75.38046711666287,1.2469386265713815,1.2428774200819,0.004061206489481606,28.764261785607797,25.92184724807739,23.079432710546985,0.7793444037592386,7239400,bear,hold
2023-12-11,28.533361434936523,28.686406473066622,27.567263491464804,27.672482639344533,967200,26.207678031921386,23.367472229003905,23.943833818435667,0.25054474189691733,80.10399764938265,1.3057289855402523,1.2554477331735705,0.050281252366681795,28.888758723015947,26.207678031921386,23.526597340826825,0.9337212622395317,8206600,bear,hold
2023-12-12,29.442068099975586,29.642939029411888,28.49510123740279,28.562058213881556,1419200,26.54705228805542,23.52554267883301,23.96910478591919,0.29960759504967616,83.18810091310357,1.4093991262678074,1.286238011792418,0.12316111447538947,29.056006862828987,26.54705228805542,24.03809771328185,1.0769366733515773,9625800,bear,hold
2023-12-13,30.331642150878906,30.341207694008148,29.212500971369693,29.489894424354485,1249900,26.863179779052736,23.709226379394533,23.998586473464965,0.26333981030180387,85.54959182156776,1.5455238146447314,1.3380951723628807,0.20742864228185076,29.59658107289629,26.863179779052736,24.129778485209183,1.1344590491777036,10875700,bear,hold
2023-12-14,31.842966079711914,32.015142212316846,30.522950279367997,30.59947280225454,1909000,27.230549812316895,23.91874870300293,24.033680191040037,0.29994819637661174,88.50403191817446,1.7551228575290594,1.4215007093961165,0.3336221481329429,30.512344204407178,27.230549812316895,23.94875542022661,1.2027277940555592,12784700,bear,hold
2023-12-15,31.94818878173828,32.20644936045226,31.613400198314253,31.996014679689683,4032100,27.587918949127197,24.130184745788576,24.069537181854248,0.2881915500280132,88.6776001096144,1.9077310655627073,1.5187467806294348,0.38898428493327253,31.266208791824727,27.587918949127197,23.909629106429666,1.092703405533346,16816800,bull,golden_cross
2023-12-18,32.244712829589844,32.34036827820524,31.54644447466768,31.948190061087796,1262900,27.93674430847168,24.342591056823732,24.104600200653078,0.2760982432048993,89.173667963506,2.0292097159525895,1.620839367694066,0.4083703482585235,31.974569406940468,27.93674430847168,23.898919210002894,1.0334516003122347,18079700,bull,hold
2023-12-19,32.32122802734375,32.48383677057665,31.948181005685946,32.30209694304319,1444400,28.26125602722168,24.55633689880371,24.141136646270752,0.25125763500821097,89.30389487074179,2.1073641761534887,1.7181443293859506,0.38921984676753807,32.60184382548752,28.26125602722168,23.92066822895584,0.9676753689608717,19524100,bull,hold
2023-12-20,31.24991226196289,32.445577781301196,31.230784824669275,32.0533996369135,877400,28.531248092651367,24.738736114501954,24.172885675430297,0.20889077319495586,75.59327688537975,2.0591196702274743,1.7863393975542556,0.2727802726732187,32.90992027708033,28.531248092651367,24.152575908222403,0.8104439034028843,18646700,bull,hold
2023-12-21,31.871658325195312,32.120358785148966,31.469916480644457,32.06296552926395,896700,28.802280139923095,24.931471672058105,24.206178312301635,0.2049312836481756,77.73017432559064,2.0474534934751816,1.838562216738441,0.20889127673674057,33.301739302607515,28.802280139923095,24.302820977238675,0.8410830140128438,19543400,bull,hold
2023-12-22,32.14905548095703,32.55079734915458,31.852529114752915,32.15861919972675,616400,29.089566802978517,25.127465972900392,24.243703651428223,0.21761402649508477,78.62919311297404,2.0371090711975377,1.8782715876302605,0.15883748356727723,33.67259849235179,29.089566802978517,24.506535113605246,0.8337843686606604,20159800,bull,hold
2023-12-26,32.69428253173828,32.9429793868023,32.32123542470123,32.34036651338032,612200,29.39362211227417,25.346765174865723,24.286895694732667,0.22849982681105363,80.31156934696213,2.049283444447486,1.9124739589937056,0.13680948545378024,34.08474927950527,29.39362211227417,24.702494945043075,0.8517982247976771,20772000,bull,hold
2023-12-27,32.56992721557617,32.87601728908453,32.48383915434685,32.81862768085265,586500,29.698613739013673,25.554038467407228,24.331173419952393,0.23044241467023263,78.78809739663161,2.025548031380268,1.935088773471018,0.0904592579092498,34.38294665021123,29.698613739013673,25.014280827816116,0.8064805097113008,20185500,bull,hold
2023-12-28,32.32122802734375,32.828188990224234,32.282965858742635,32.608186994089664,612100,29.96207723617554,25.761298027038574,24.373021926879883,0.19478331020825812,75.6955155897856,1.9640294900996018,1.9408769167967348,0.02315257330286702,34.61395714386035,29.96207723617554,25.31019732849073,0.7535696146487944,19573400,bull,hold
2023-12-29,31.823835372924805,32.4551466503882,31.785573198804173,32.273406796637836,679000,30.20973300933838,25.958991241455077,24.416414918899537,0.18433132718095613,69.79494217456735,1.8537710538138157,1.923455744200151,-0.06968469038633529,34.70156824624523,30.20973300933838,25.717897772431527,0.6796707001098644,18894400,bull,hold
2024-01-02,30.60903549194336,31.441217622693785,30.255117716313862,31.326434761285782,872600,30.382817554473878,26.140782508850098,24.450319032669068,0.1275148989740551,57.91974646548894,1.6493535299923678,1.8686353013585943,-0.2192817713662265,34.650486084697754,30.382817554473878,26.11514902425,0.5265036911685377,18021800,bull,hold
2024-01-03,29.413372039794922,30.063814380065146,29.250761454727368,30.063814380065146,965000,30.494253635406494,26.30705467224121,24.48004711151123,0.08198456055623882,49.07015623394043,1.3750207384509885,1.7699123887770731,-0.39489165032608464,34.532277038257305,30.494253635406494,26.456230232555683,0.3661620441763068,17056800,bull,hold
2024-01-04,28.944673538208008,29.394243154378838,28.762931853185354,29.14554448656914,966000,30.595168113708496,26.47158390045166,24.506151113510132,0.07495583395550676,46.096866648131574,1.1070288334022287,1.6373356777021044,-0.5303068442998757,34.363350564572855,30.595168113708496,26.826985662844137,0.2809959314573672,16090800,bull,hold
2024-01-05,28.963802337646484,29.19336989953933,28.73423477575364,28.8968435357087,820200,30.701821517944335,26.631917076110838,24.530927896499634,0.07950092101873363,46.24003846960741,0.8859738965425628,1.4870633214701963,-0.6010894249276335,34.144462595531046,30.701821517944335,27.25918044035762,0.24757473388480586,16911000,bull,hold
2024-01-08,29.642940521240234,29.920335808544944,29.021194791223195,29.17423983785998,1082600,30.821388149261473,26.820331954956053,24.559147815704346,0.08775014801201952,51.19627090160094,0.7568624034315867,1.3410231378624746,-0.5841607344308879,33.925908056734094,30.821388149261473,27.71686824178885,0.31020453030681217,17993600,bull,hold
2024-01-09,29.403806686401367,29.652505337194608,28.963802644226202,29.088151057402413,796600,30.916084861755373,27.003391799926757,24.582709760665892,0.06884562094019198,49.46695068440612,0.6280052592870469,1.198419562147389,-0.5704143028603421,33.71087540204492,30.916084861755373,28.121294321465825,0.22944695612191932,17197000,bull,hold
2024-01-10,29.07858657836914,29.422938849676168,28.51423227792302,29.36554741260529,664400,30.943346118927003,27.188722915649414,24.606495332717895,0.019108339011366438,47.13509063700699,0.49394856782893015,1.0575253632836974,-0.5635767954547672,33.654007894595225,30.943346118927003,28.23268434325878,0.15603242033060968,16532600,bull,hold
2024-01-11,29.04032325744629,29.11684577385898,28.361184327898062,28.93510411321358,805500,30.92325887680054,27.37958438873291,24.62980501174927,-0.013645265718600474,46.85523413074652,0.380237008261588,0.9220676922792755,-0.5418306840176875,33.683622138603255,30.92325887680054,28.162895614997822,0.158933364783924,15727100,bull,hold
2024-01-12,28.81075668334961,29.355979859298966,28.53336141168933,29.260326254435395,687900,30.84721460342407,27.557841987609862,24.657610874176026,-0.05014187692060801,45.12417841823372,0.26850056669813327,0.7913542671630471,-0.5228537004649139,33.74876685083333,30.84721460342407,27.945662356014818,0.14907440114290876,15039200,bull,hold
2024-01-16,29.26988983154297,29.279455373830963,28.40901109447066,28.63857863606057,1026500,30.718560791015626,27.723533782958985,24.68311180114746,-0.08080516876875765,49.16897322461211,0.2145239412071689,0.6759882019718715,-0.4614642607647026,33.66000341621655,30.718560791015626,27.777118165814706,0.2537482208455955,16065700,bull,hold
2024-01-17,29.27945899963379,29.37511078547741,28.581188921665614,28.849018665574015,935200,30.5851243019104,27.87797046661377,24.70676344871521,-0.08353305410633949,49.2529282436671,0.17055319742283714,0.5749012010620645,-0.4043480036392274,33.533457614975255,30.5851243019104,27.63679098884555,0.2785756962262607,17000900,bull,hold
2024-01-18,30.551647186279297,30.666431883868984,30.044684327289566,30.111641307366522,770900,30.50047101974487,28.034385528564453,24.7361120223999,-0.05250676761360018,58.95816999234007,0.23564465581512195,0.507049892012676,-0.2714052361975541,33.34887091080925,30.50047101974487,27.652071128680497,0.5089833184404634,17771800,bull,hold
2024-01-19,31.211652755737305,31.269042363574307,30.293380717089768,30.915126402680713,752400,30.44499225616455,28.209533233642578,24.769661769866943,-0.03432961367271514,62.92016635680822,0.336606844930337,0.47296128259620823,-0.13635443766587124,33.19075172173318,30.44499225616455,27.69923279059592,0.6396080955354158,18524200,bull,hold
2024-01-22,31.747312545776367,32.015144128571514,31.527310507364525,31.613398578819762,737900,30.469862270355225,28.39825569152832,24.811249265670778,0.01591685377046348,65.80533889088093,0.4546029952097044,0.4692896251189075,-0.014686629909203108,33.25308869961613,30.469862270355225,27.686635841094326,0.729490899840365,19262100,bull,hold
2024-01-23,31.91949462890625,32.32124025342288,31.661230366477547,31.9481930906534,744500,30.472254085540772,28.59080337524414,24.856638259887696,0.0015009041331597306,66.70221599718629,0.5556047834536457,0.48655265678585513,0.06905212666779059,33.26037295541261,30.472254085540772,27.684135215668928,0.7595370948857719,20006600,bull,hold
2024-01-24,31.795135498046875,32.5316621636035,31.63252310839847,32.263834285219275,708800,30.454558086395263,28.789258003234863,24.901263151168823,-0.011008721021984469,65.36863784075857,0.6184851736793036,0.5129391601645449,0.10554601351475867,33.20410799526567,30.454558086395263,27.705008177524853,0.7437812471282541,19297800,bull,hold
2024-01-25,32.349918365478516,32.876010340065584,31.967304030025705,32.56035661486564,853200,30.437339878082277,28.9799214553833,24.946907119750975,-0.010532855887737225,68.40355268988682,0.7049583557460437,0.5513429992808447,0.15361535646519897,33.13438341385828,30.437339878082277,27.740296342306273,0.8545694502194872,20151000,bull,hold
2024-01-26,31.20208740234375,31.929054105504854,31.13513042295808,31.852529758274542,590400,30.368947887420653,29.15087154388428,24.98818736076355,-0.04199701780660625,57.22894565686126,0.6731094232035844,0.5756962840653926,0.09741313913819172,32.91113513093547,30.368947887420653,27.826760643905835,0.6638627361238746,19560600,bull,hold
2024-01-29,31.622966766357422,31.680356382892814,31.163831589664138,31.249916014467228,557600,30.334034824371336,29.303149032592774,25.032473134994508,-0.02160379736795892,59.8208486369089,0.6740602153699449,0.595369070326303,0.07869114504364183,32.78557993184985,30.334034824371336,27.882489716892817,0.762881547244258,20118200,bull,hold
2024-01-30,31.776012420654297,31.85253312709596,31.450791208292507,31.489049737072293,744300,30.331643676757814,29.448757972717285,25.076907567977905,-0.0015027400597728002,60.75223896710696,0.6793323102547895,0.6121617183120004,0.06717059194278907,32.777458323536386,30.331643676757814,27.885829029979245,0.795273549407942,20862500,bull,hold
2024-01-31,30.2838191986084,31.307308695032745,30.13077414256967,31.307308695032745,927700,30.315382862091063,29.55841823577881,25.11378617286682,-0.010624846164151824,48.8597898100539,0.556685833431505,0.6010665413359013,-0.0443807079043963,32.75792658172798,30.315382862091063,27.872839142454147,0.49353877205371854,19934800,bull,hold
2024-02-01,30.56121063232422,30.656862411903226,29.949028661262236,30.427294856920263,802600,30.37277479171753,29.66427833557129,25.15181460380554,0.03902437948890469,50.78833465873597,0.47637938238852584,0.5761291095464263,-0.09974972715790043,32.78155166843493,30.37277479171753,27.96399791500013,0.5391144240938336,20737400,bull,hold
2024-02-02,30.57077407836914,30.848169345110993,30.14033560077622,30.159466686297876,918400,30.454079818725585,29.759073944091796,25.1907919883728,0.05617961239101987,50.85714182875103,0.40879529384973523,0.5426623464070881,-0.13386705255735287,32.772637585439426,30.454079818725585,28.13552205201174,0.5251652689699751,21655800,bull,hold
2024-02-05,30.905567169189453,31.163831388578345,30.408169818760694,30.675997757883103,1748500,30.551168060302736,29.860183868408203,25.23433650970459,0.0670410883525161,53.317866849676115,0.3778933024520228,0.509708537616075,-0.13181523516405225,32.77256140286555,30.551168060302736,28.329774717739927,0.5797695532115548,23404300,bull,hold
2024-02-06,29.355979919433594,30.03511704891868,27.586394611375294,30.03511704891868,2472000,30.536820030212404,29.91828311920166,25.268947353363036,-0.009680571385993986,42.66829410652731,0.22576206644819763,0.4529192433824996,-0.22715717693430199,32.78503808111072,30.536820030212404,28.288601979314087,0.2373830998494599,20932300,bull,hold
2024-02-07,28.29422950744629,29.61424347213603,28.217706985209794,29.61424347213603,1351300,30.48134117126465,29.956101264953613,25.29929286956787,-0.03773583436964423,37.187455988071356,0.019300101483839427,0.36619541500276764,-0.3468953135189282,32.887847226177826,30.48134117126465,28.074835116351476,0.045583594241720794,19581000,bull,hold
2024-02-08,28.85858154296875,29.46119613053948,28.380315360171416,28.514229307533643,1509200,30.470340919494628,30.001009368896483,25.333551025390626,-0.0075658778946308125,41.48961992312316,-0.09765825685378005,0.2734246806314581,-0.37108293748523813,32.90424992413003,30.470340919494628,28.03643191485923,0.16889489840082983,21090200,bull,hold
2024-02-09,29.843812942504883,29.99685798738412,28.772495803909376,29.097716980387965,990300,30.510515403747558,30.068483734130858,25.37828451156616,0.027668069598797196,48.16446226294428,-0.10958542588061349,0.19682265932904378,-0.30640808520965723,32.87419356384919,30.510515403747558,28.146837243645926,0.358969280907937,22080500,bull,hold
2024-02-12,30.092510223388672,30.455993578758516,29.729028692459703,29.996858437235332,858500,30.57460308074951,30.129294776916502,25.424972953796388,0.04448871489653783,49.72361830991691,-0.09784213788662655,0.1378896998859097,-0.23573183777253626,32.816846432354104,30.57460308074951,28.33235972914492,0.3924976503964557,22939000,bull,hold
2024-02-13,28.60988426208496,29.164672987390958,28.179443947433416,28.7342344971802,1337600,30.54160280227661,30.164078063964844,25.463394508361816,-0.02254895981011673,41.6755980218078,-0.20579870246386633,0.0691520194159545,-0.27495072187982084,32.877168654281164,30.54160280227661,28.206036950272058,0.08645598912706574,21601400,bull,hold
2024-02-14,29.231630325317383,29.432503082782944,28.78206074347093,29.193369977120632,634500,30.539211368560792,30.205763778686524,25.503454484939574,-0.001633523157548944,45.64846717718289,-0.23843679556465602,0.007634256419832397,-0.24607105198448842,32.88003369321448,30.539211368560792,28.198389043907106,0.22070049284136503,22235900,bull,hold
2024-02-15,29.212501525878906,29.528157157372412,28.954237329809445,29.489894984129155,716500,30.472254085540772,30.24632080078125,25.54341881752014,-0.043832191836838175,45.54567490586833,-0.262816666803225,-0.046455928224779085,-0.21636073857844593,32.88337766512369,30.472254085540772,28.061130505957856,0.23876234085857564,21519400,bull,hold
2024-02-16,28.705537796020508,29.336849039631318,28.55249275662642,29.250760976917046,718500,30.34694833755493,30.2819038772583,25.58715636253357,-0.0802942086832017,42.795226803324915,-0.31936419489276346,-0.10103758155837597,-0.2183266133343875,32.850071587604994,30.34694833755493,27.843825087504868,0.17212750281042002,20800900,bull,hold
2024-02-20,28.456836700439453,28.61944726884816,28.0742241349015,28.51422812915999,1035500,30.182424545288086,30.314425926208497,25.62946068763733,-0.10364580751811303,41.4721107317357,-0.3798677393979517,-0.15680361312629112,-0.22306412627166058,32.72794101725838,30.182424545288086,27.636908073317787,0.16105349074543984,19765400,bull,hold
2024-02-21,28.81075668334961,28.82988594476971,28.00726932160084,28.13161773081495,646700,30.026987648010255,30.34560890197754,25.676332902908324,-0.09739308161669236,44.119832702973135,-0.39470889113541574,-0.20438466872811606,-0.19032422240729968,32.50808088336951,30.026987648010255,27.545894412651002,0.2549001892940674,20412100,bull,hold
2024-02-22,29.5090274810791,29.68120362002091,29.05945604618862,29.68120362002091,932400,29.912682247161865,30.385592002868652,25.72147932052612,-0.07190118806407364,49.02001976014434,-0.3461359533201289,-0.23273492564651865,-0.11340102767361027,32.26469158534075,29.912682247161865,27.56067290898298,0.41418937851766674,21344500,bull,hold
2024-02-23,29.260326385498047,29.585547548826458,29.145541694259467,29.585547548826458,507400,29.758202648162843,30.40013130187988,25.766330814361574,-0.09550540267444563,47.424876576233316,-0.3239750671770736,-0.25098295395262965,-0.07299211322444393,31.83992832548373,29.758202648162843,27.676476970841957,0.3804174180851852,20837100,bull,hold
2024-02-26,29.384674072265625,29.69076596655692,29.17423760535354,29.604677906356358,569700,29.667331981658936,30.398983421325685,25.811424598693847,-0.058246530324814416,48.330208008939266,-0.2930010523977522,-0.2593865736416542,-0.03361447875609802,31.64508221013189,29.667331981658936,27.689581753185983,0.42854054437107686,21406800,bull,hold
2024-02-27,29.18380355834961,29.556850608169096,29.07858441119406,29.528155803992675,507500,29.545373821258544,30.376026649475097,25.853806610107423,-0.07713264938199138,46.9245157246288,-0.2814184772289323,-0.2637929543591098,-0.017625522869822496,31.315644777829014,29.545373821258544,27.775102864688073,0.39787714090689236,20899300,bull,hold
2024-02-28,29.03076171875,29.15511014090544,28.523798837320392,28.705540523031527,609000,29.40811128616333,30.31978256225586,25.89751028060913,-0.08639380755402437,45.83079200893989,-0.2813452277373294,-0.26730340903475375,-0.014041818702575648,30.86286578658624,29.40811128616333,27.953356785740418,0.37030472588205426,20290300,bull,hold
2024-02-29,29.67163848876953,29.77685582279828,29.174241152564893,29.355982837801385,804500,29.377502250671387,30.274251556396486,25.94536690711975,-0.02021477891622725,50.98310956795229,-0.22695755229092995,-0.259234237685989,0.03227668539505907,30.782165716418483,29.377502250671387,27.972838784924292,0.6046998961924671,21094800,bull,hold
2024-03-01,31.63252830505371,32.02470646949322,29.872508424643822,29.977727579546432,1036200,29.43106813430786,30.262007865905762,25.99989770889282,0.03505481787414455,62.6796861491854,-0.025335455957939956,-0.21245448134037923,0.18711902538243927,31.073748149123645,29.43106813430786,27.788388119492076,1.170081863445794,22131000,bull,hold
2024-03-04,32.0916633605957,32.5316674172507,31.814268070968165,32.10123072858659,935800,29.50711259841919,30.2574165725708,26.056866455078126,0.04974977991488583,64.79782513204779,0.16954545535425325,-0.13605449400145272,0.305599949355706,31.464466437874556,29.50711259841919,27.549758758963826,1.1602155190539452,23066800,bull,hold
2024-03-05,31.364702224731445,32.101232703424664,30.924698141007806,31.70905451595238,770100,29.53006935119629,30.259712371826172,26.105647249221803,0.014856063084961457,59.08030960875361,0.262306586366325,-0.056382277927897184,0.31868886429422216,31.561846605103153,29.53006935119629,27.498292097289426,0.951484745684444,22296700,bull,hold
2024-03-06,33.631675720214844,33.9282020485593,31.890787215867388,31.98643898687854,1260400,29.743854141235353,30.29491271972656,26.164861726760865,0.1456499088947376,68.43405676863964,0.5128346278375204,0.05746110322518634,0.4553735246123341,32.446422660053976,29.743854141235353,27.04128562241673,1.2192827030855409,23557100,bull,hold
2024-03-07,34.52125549316406,35.39169985721046,33.95690121435058,34.08125145175196,1072400,30.05520544052124,30.342356719970702,26.229235534667968,0.2200811294076408,71.21471119289464,0.7742366407600478,0.20081621073215866,0.5734204300278891,33.380945732899136,30.05520544052124,26.729465148143348,1.1714369824484414,24629500,bull,hold
2024-03-08,33.38298034667969,35.17169481264128,33.22993531722118,34.85603738688735,1008500,30.281425380706786,30.35613067626953,26.286163110733032,0.15677828090664714,63.505869115040824,0.8794130022674338,0.3365355690392137,0.54287743322822,33.856936821293765,30.281425380706786,26.705913940119807,0.9337218629432955,23621000,bull,hold
2024-03-11,32.16447448730469,32.81639260845402,31.713886710304806,32.538367950901396,999700,30.397458457946776,30.348021621704103,26.337282733917235,0.07776022283984418,56.460132902497676,0.8545915872901162,0.4401467726893943,0.4144448146007219,34.05823723029444,30.397458457946776,26.736679685599118,0.7413442793518934,22621300,bull,hold
2024-03-12,32.62464904785156,32.80680488656658,31.848102264816866,32.31786450146448,766300,30.52406539916992,30.354090042114258,26.393406677246094,0.08414515125743316,58.3399349858208,0.8621147560291185,0.5245403693573392,0.3375743866717793,34.30700880998216,30.52406539916992,26.74112198835768,0.7776387881824838,23387600,bull,hold
2024-03-13,31.71388816833496,32.586307509223175,31.378340017432915,32.30828283888851,775300,30.679265594482423,30.35189109802246,26.437720203399657,0.10849410916225066,53.423774611446134,0.785531017432664,0.5767384989724041,0.2087925184602598,34.3893370501552,30.679265594482423,26.96919413880965,0.6394343190170336,22612300,bull,hold
2024-03-14,30.160781860351562,31.570075803209942,29.89234631205856,31.272876691056933,1667500,30.72572317123413,30.342926025390625,26.468624181747437,0.03178582667794094,46.26420802713149,0.5926830721127416,0.5799274136004717,0.012755658512269896,34.38504448569298,30.72572317123413,27.06640185677528,0.42280791131263207,20944800,bull,hold
2024-03-15,29.959453582763672,30.333346978330983,29.614320092344656,29.825235815858466,2475300,30.76307077407837,30.35384765625,26.498094654083253,0.025569602665593383,45.414566724846196,0.4187767785973868,0.5476972865998547,-0.1289205080024679,34.374790444200706,30.76307077407837,27.151351103956028,0.38874867587834216,18469500,bull,hold
2024-03-18,29.758129119873047,30.61137383548508,29.729367384030592,30.3141765461,1045100,30.815700340270997,30.3701167678833,26.529356803894043,0.03666858051335531,44.533808364646525,0.26169295297901485,0.49049641987568676,-0.22880346689667191,34.33546349211948,30.815700340270997,27.295937188422513,0.34976670662590714,17424400,bull,hold
2024-03-19,29.748538970947266,30.00738725394385,29.26918772517449,29.537623252516116,743900,30.880285453796386,30.385811500549316,26.559005851745606,0.045391632390674896,44.489546158128,0.1348742976317503,0.41937199542689946,-0.28449769779514916,34.26952826612564,30.880285453796386,27.491042641467132,0.3330384475948289,16680500,bull,hold
2024-03-20,30.304590225219727,30.381286361225715,29.365060273421246,29.652672154878786,680700,30.954977130889894,30.399044494628907,26.587166566848754,0.051849854493180914,47.733261827026716,0.07833528825455005,0.35116465399242963,-0.2728293657378796,34.22213898597408,30.954977130889894,27.687815275805708,0.4004660720040441,17361200,bull,hold
2024-03-21,30.36210823059082,31.224940114376036,30.2949993482024,31.033198883054922,1121400,30.99763116836548,30.418210525512695,26.619491500854494,0.028909144839107448,48.07128714833025,0.03773396466093715,0.2884785161261311,-0.250744551465194,34.20998447214389,30.99763116836548,27.785277864587076,0.40108140704399603,18482600,bull,hold
2024-03-22,30.342933654785156,30.6593054055524,30.218303134789533,30.390869876768008,694900,31.051761531829833,30.443497467041016,26.648581199645996,0.03699915219755279,47.959932325985264,0.00396419836622286,0.23157565257414947,-0.2276114542079266,34.18059095326586,31.051761531829833,27.922932110393802,0.3867263468905653,17787700,bull,hold
2024-03-25,30.55385398864746,30.573026651756198,29.863586916488188,30.036153684528006,659500,31.110220527648927,30.47376808166504,26.674967794418336,0.03978876585482882,49.34982603242177,-0.005713218090662053,0.18411787844118718,-0.18983109653184924,34.15483051850479,31.110220527648927,28.065610536793066,0.4086309017127892,18447200,bull,hold
2024-03-26,30.256650924682617,30.994854130215764,30.218303774863976,30.822287384582033,784700,31.163862895965575,30.5026859664917,26.70015377998352,0.03676173889356038,47.42764276915324,-0.03693863815988152,0.13990657512097343,-0.17684521328085495,34.10692927768475,31.163862895965575,28.220796514246402,0.34587300223364037,17662500,bull,hold
2024-03-27,31.378337860107422,31.387926934789732,30.352526298726872,30.611376457742587,618000,31.281241703033448,30.54485492706299,26.73394486427307,0.08086512383315103,54.612933452257465,0.028497254220454238,0.1176247109408696,-0.08912745672041536,34.05715675314069,31.281241703033448,28.505326652926207,0.5174890361054498,18280500,bull,hold
2024-03-28,30.908571243286133,31.45503139399676,30.65930653693677,31.3783334359939,682800,31.343088340759277,30.577437171936037,26.761819658279418,0.041687376144892374,51.44191208908797,0.04196567620539682,0.10249290399377504,-0.06052722778837823,34.0263729868339,31.343088340759277,28.659803694684655,0.41903261211798776,17597700,bull,hold
2024-04-01,30.496326446533203,31.5796594823587,30.48673920196732,30.831872692019306,564500,31.286278247833252,30.576330757141115,26.785587882995607,-0.03591878105864166,48.76596103429467,0.019153992535756004,0.08582512170217124,-0.06667112916641524,33.990673372023366,31.286278247833252,28.581883123643134,0.3539503724448154,17033200,bull,hold
2024-04-02,29.700605392456055,29.997804507862217,29.480104238636038,29.853997658468245,669000,31.16672534942627,30.54610980987549,26.806233711242676,-0.0745071372983287,44.007385373101755,-0.06241301171910152,0.05617749501791669,-0.11859050673701821,33.92892086215838,31.16672534942627,28.40452983669416,0.234609670059151,16364200,bull,hold
2024-04-03,30.036149978637695,30.352521738149708,29.125381850167994,29.125381850167994,702700,31.100297737121583,30.511886558532716,26.830840406417845,-0.0423581973319731,46.383318393887016,-0.09884043539466703,0.025173908935399947,-0.12401434433006697,33.903844545189365,31.100297737121583,28.2967509290538,0.31021401971574303,17066900,bull,hold
2024-04-04,29.412992477416992,30.7072393668849,29.2979473748568,30.640130485633065,518500,30.88936357498169,30.46175651550293,26.852378883361816,-0.12543779494942464,42.75486722974818,-0.1759646228686904,-0.015053797425418125,-0.1609108254432723,33.52938757699833,30.88936357498169,28.24933957296505,0.2203868039766042,16548400,bull,hold
2024-04-05,29.547212600708008,29.70060486399088,29.269189809225313,29.595148825846415,670000,30.640661430358886,30.416798057556154,26.872685813903807,-0.14408638450131162,43.77508472187575,-0.22367724284513812,-0.056778486509362125,-0.166898756335776,32.748850646425886,30.640661430358886,28.53247221429189,0.24066634500417391,17218400,bull,hold
2024-04-08,30.045734405517578,30.46756398816643,29.863580431190613,29.997800015285115,478700,30.47379913330078,30.370714378356933,26.899052810668945,-0.09996848413488146,47.51643792781818,-0.2187417755729868,-0.08917114432208706,-0.12957063125089974,32.176683360498366,30.47379913330078,28.77091490610319,0.37431185251869414,17697100,bull,hold
2024-04-09,32.35620880126953,32.69175320745584,30.831871707012223,30.966089469486743,2572700,30.483385848999024,30.39379680633545,26.935640335083008,0.005961058497645277,60.60162407078045,-0.028070824908631664,-0.07695108043939598,0.04888025553076432,32.22593101967668,30.483385848999024,28.740840678321373,1.0373814647060737,20269800,bull,hold
2024-04-10,31.071548461914062,31.800160766439507,30.764763948728625,31.570074210130368,1261300,30.40573081970215,30.382768440246583,26.967802333831788,-0.047605127756608856,52.729655116177554,0.019155115918657373,-0.05772984116778531,0.07688495708644269,31.876964279097972,30.40573081970215,28.934497360306327,0.7262787180239014,19008500,bull,hold
2024-04-11,32.16447448730469,32.5287825331612,30.937336215569736,31.253706201243673,1058700,30.428260135650635,30.39053768157959,27.00324091911316,0.014207854823036659,57.75702397753589,0.14312218707184243,-0.017559435519859765,0.1606816225917022,31.989950994830956,30.428260135650635,28.866569276470315,1.055876453219856,20067200,bull,hold
2024-04-12,31.033205032348633,31.98232230401981,30.94692164401489,31.49338188440842,800100,30.471881294250487,30.405525398254394,27.01870581626892,0.028925747881354935,51.63549006464143,0.14837264598941857,0.015626980781995904,0.13274566520742268,32.04990216160103,30.471881294250487,28.893860426899938,0.6778568806382752,19267100,bull,hold
2024-04-15,30.007389068603516,31.5125517787801,29.882758541740866,31.5125517787801,750800,30.474278068542482,30.39444896697998,27.029089183807372,0.0016000120198260692,46.792437356676785,0.06896392414757457,0.02629436945511164,0.04266955469246293,32.049321259481424,30.474278068542482,28.89923487760354,0.3517853343245031,18516300,bull,hold
2024-04-16,29.92110824584961,30.30459076124264,29.48969315890268,29.79647770835298,733800,30.482427024841307,30.38145565032959,27.03756660461426,0.005476793427437787,46.398250620601125,-0.0009196007533027739,0.02085157541342876,-0.021771176166731535,32.0441955539709,30.482427024841307,28.92065849571171,0.32029386284773903,17782500,bull,hold
2024-04-17,28.85694694519043,29.969041750139592,28.578922329663147,29.959454505268305,892700,30.437847423553468,30.340483245849608,27.0403427028656,-0.02997095173741382,41.72904836487767,-0.14055153056294145,-0.011429045781845282,-0.12912248478109617,32.126601502131635,30.437847423553468,28.7490933449753,0.031932891112818516,16889800,bull,hold
2024-04-18,27.773611068725586,28.7131409186629,27.696914941034777,28.55016141874744,1035300,30.31129846572876,30.30883586883545,27.03870102882385,-0.08351801287145733,37.58266889133208,-0.3347679952820748,-0.07609683568189118,-0.2586711596001836,32.361642670418334,30.31129846572876,28.26095426103919,-0.11884423873780438,15854500,bull,hold
2024-04-19,27.323022842407227,28.415943170957913,26.987476582135347,27.687329009064122,1225400,30.15934419631958,30.289411735534667,27.039943504333497,-0.10009467607132816,35.981238484942935,-0.5190612321867647,-0.1646897149828659,-0.3543715172038988,32.587716670114304,30.15934419631958,27.730971722524856,-0.08399635651448142,14629100,bull,hold
2024-04-22,27.764022827148438,28.032460178716285,27.25591168516125,27.466825571591794,737600,30.030398654937745,30.267520561218262,27.048004903793334,-0.08499213876210077,38.732876866596456,-0.6223558066804671,-0.2562229333223861,-0.366132873358081,32.670712449808455,30.030398654937745,27.390084860067034,0.07081316770147655,15366700,bull,hold
2024-04-23,28.243377685546875,28.55975129861708,27.610634116566647,27.840724349450447,748000,29.914874839782716,30.2355118560791,27.05627501487732,-0.07561979918995043,41.66779329282156,-0.6579530964921219,-0.3365689659563333,-0.32138413053578857,32.65380923469681,29.914874839782716,27.175940444868626,0.1948636014539753,16114700,bull,hold
2024-04-24,28.62685775756836,29.19249238917724,28.329658660567127,28.789837258685832,804300,29.833385181427,30.206198806762696,27.066652793884277,-0.05386561689101932,43.979770175586054,-0.6477536671349569,-0.398805906192058,-0.24894776094289883,32.623301808199386,29.833385181427,27.043468554654616,0.28376998576218093,16919000,bull,hold
2024-04-25,28.84735870361328,29.202077608694964,28.39676918171117,28.569334097692032,969400,29.706836223602295,30.210948295593262,27.078370904922487,-0.08066007727298641,45.32173806018402,-0.6147910339981522,-0.4420029317532769,-0.17278810224487529,32.43385843043387,29.706836223602295,26.97981401677072,0.34241464593946047,17888400,bull,hold
2024-04-26,29.355470657348633,29.62390618068184,28.85694493033002,28.8857048343558,739900,29.62918119430542,30.213425102233888,27.08834864616394,-0.05024821670703594,48.3898152946906,-0.5414262962397345,-0.46188760465056844,-0.07953869158916604,32.30282796285489,29.62918119430542,26.95553442575595,0.4488132575745442,18628300,bull,hold
2024-04-29,30.17037010192871,30.342936862148147,29.43217049116126,29.43217049116126,1465000,29.612883377075196,30.23258247375488,27.098595628738405,-0.010688380621055038,52.94959868327943,-0.4127704771036491,-0.45206417914118463,0.039293702037535516,32.269105031351025,29.612883377075196,26.956661722799367,0.6049397974668466,20093300,bull,hold
2024-04-30,31.01403045654297,34.465362323478104,30.956510635915055,33.583353949858044,2916400,29.678554630279542,30.278752326965332,27.114773263931273,0.04422216472464635,57.16868587721351,-0.2399672802374475,-0.40964479936043724,0.16967751912298973,32.40424100620723,29.678554630279542,26.95286825435186,0.7449797302539799,23009700,bull,hold
2024-05-01,29.07744789123535,30.75517916055593,28.799425106202783,30.707241107949667,2153800,29.630619525909424,30.29116455078125,27.11931778907776,-0.031918274748401254,46.79549686211636,-0.256330709210264,-0.3789819813304026,0.1226512721201386,32.36317622224809,29.630619525909424,26.898062829570755,0.3987813070054022,20855900,bull,hold
2024-05-02,30.352521896362305,30.486739665164,29.25001435465423,29.623907755504632,1357800,29.677595996856688,30.321999855041504,27.129333944320678,0.03194266682204039,52.86040202444966,-0.16451460660949024,-0.3360885063862202,0.17157389977672993,32.42583092921976,29.677595996856688,26.92936106449362,0.6227926134621399,22213700,bull,hold
2024-05-03,31.004444122314453,32.07819007583432,30.803117441747055,31.282468770999188,1060700,29.750457572937012,30.35190818786621,27.14451234817505,0.049318747636165394,55.64440147602261,-0.03869891154307936,-0.27661058741759204,0.23791167587451267,32.55763858419954,29.750457572937012,26.943276561674487,0.7233533470671103,23274400,bull,hold
2024-05-06,31.033205032348633,31.608428840293765,30.755184031860374,31.23453537656772,1035700,29.799831104278564,30.387365760803224,27.165970525741578,0.03286558462853595,55.76851135337905,0.06260996956915221,-0.2087664760202432,0.27137644558939544,32.66027945636569,29.799831104278564,26.939382752191435,0.7155910151585392,24310100,bull,hold
2024-05-07,31.426267623901367,32.106949196627724,31.167417503088792,31.272875366067236,961200,29.753334045410156,30.42819763183594,27.189964838027954,-0.028740733597060864,57.517982596159335,0.17262494105366244,-0.13248819260546207,0.3051131336591245,32.47281242068037,29.753334045410156,27.033855670139946,0.8075835413335442,25271300,bull,hold
2024-05-08,31.196182250976562,31.31122553443306,30.803114346770162,31.148247854299694,689200,29.75956573486328,30.468445205688475,27.21352222442627,0.004011186929266497,56.11873331559702,0.23849738251272612,-0.05829107758182444,0.29678846009455057,32.49164033798707,29.75956573486328,27.027491131739485,0.7629167802501968,24582100,bull,hold
2024-05-09,31.28246307373047,31.407091763482725,30.841457151694094,31.196179703892888,551600,29.71546516418457,30.513479232788086,27.23494243621826,-0.027421912766594336,56.5456417531455,0.2942717269808206,0.012221483330704573,0.28205024365011605,32.31615319528888,29.71546516418457,27.114777133080263,0.8012660286056146,25133700,bull,hold
2024-05-10,31.28246307373047,31.73305075429583,30.994853059991787,31.483789717631574,420200,29.72792806625366,30.545695724487306,27.256600494384767,0.008031978686120711,56.545641753145496,0.33461605125661364,0.0767003969158864,0.2579156543407273,32.356000697877775,29.72792806625366,27.099855434629546,0.7957557163319581,25553900,bull,hold
2024-05-13,31.33998680114746,31.87686157584462,31.15783462300602,31.49337907146662,633900,29.794557952880858,30.53984489440918,27.275073843002318,0.04440898638323154,56.87008318696569,0.3670003513662756,0.13476038780596425,0.23223996356031137,32.51358987113898,29.794557952880858,27.075526034622733,0.7841873311396508,26187800,bull,hold
2024-05-14,31.924793243408203,31.972727638064573,31.3687476825065,31.598834239721036,582200,29.89474220275879,30.53650749206543,27.293807525634765,0.06696560104308724,60.12925415710643,0.4348415522437499,0.19477662069352136,0.2400649315502285,32.76830523844872,29.89474220275879,27.021179167068855,0.8532289035312581,26770000,bull,hold
2024-05-15,32.38496780395508,32.46166575589673,31.637181058322184,32.337033412571365,652300,30.071143245697023,30.5569128036499,27.31736307144165,0.1222589785906878,62.52875957171471,0.5197471127213618,0.25977071909908944,0.2599763936222723,33.097318408824414,30.071143245697023,27.04496808256963,0.8823018221897706,27422300,bull,hold
2024-05-16,31.58925437927246,32.327455889720106,31.570079886605708,32.14530003796621,612600,30.261925411224365,30.516064376831054,27.334323930740357,0.1373837669543616,56.22740161382998,0.5168698044289002,0.3111905361650516,0.20567926826384858,33.163191728046925,30.261925411224365,27.360659094401804,0.728749935907603,26809700,bull,hold
2024-05-17,31.33039665222168,31.9343802253873,30.966088693802455,31.809747881714472,532400,30.462294101715088,30.452247200012206,27.354366579055785,0.1466665614902145,54.30995657262965,0.4880756296267208,0.34656755485738544,0.14150807476933536,33.06184257969754,30.462294101715088,27.862745623732636,0.6669717948826903,26277300,bull,hold
2024-05-20,31.761817932128906,32.47125580298465,31.407095339540874,31.407095339540874,841800,30.662183856964113,30.41982395172119,27.378801937103272,0.1439919254450155,56.9452049214342,0.49436934828283796,0.37612791354247593,0.11824143474036203,33.00300582697788,30.662183856964113,28.321361886950346,0.7348820391407903,27119100,bull,hold
2024-05-21,31.445438385009766,31.685113988031425,31.15782839281567,31.234526341219144,832300,30.822286891937257,30.405443229675292,27.4018932056427,0.11337385829392121,54.46433657779626,0.46842823124000077,0.3945879770819809,0.07384025415801987,32.90302917300722,30.822286891937257,28.741544610867297,0.6497425939631672,26286800,bull,hold
2024-05-22,31.84810447692871,31.88644980502029,31.081139400528713,31.627603297469893,883600,30.983349227905272,30.389912338256835,27.42480978012085,0.11252533360943962,57.030187159967326,0.4748872923852723,0.4106478401426392,0.06423945224263305,32.84673396077464,30.983349227905272,29.1199644950359,0.7320388360410757,27170400,bull,hold
2024-05-23,31.244115829467773,32.69175505129635,31.01402561142008,32.56712635463213,825900,31.103187084197998,30.38051689147949,27.449653263092042,0.08308411007328331,52.272244116882014,0.4263545588140545,0.4137891838769223,0.012565374937132168,32.68933555001459,31.103187084197998,29.517038618381406,0.5444248279108039,26344500,bull,hold
2024-05-24,31.733051300048828,31.886443553824854,31.27287453872075,31.51255016381828,629000,31.222066116333007,30.41196228027344,27.479414863586427,0.08099276180758519,55.50819499080261,0.42247499530672883,0.41552634616288364,0.006948649143845187,32.61051175906913,31.222066116333007,29.833620473596888,0.6840133916617923,26973500,bull,hold
2024-05-28,32.07818603515625,32.49042841895846,31.47420606953344,32.01107715008705,657200,31.317456912994384,30.45433692932129,27.51270962715149,0.06323475405777601,57.688948269570965,0.4421530370083424,0.4208516843319754,0.021301352676367014,32.66532895744835,31.317456912994384,29.969584868540416,0.7821963424836971,27630700,bull,hold
2024-05-29,31.18659019470215,31.742639383022173,31.177004779147527,31.522138253668963,588900,31.326084899902344,30.482906150817872,27.543686895370485,0.005563924959736344,50.76638694321706,0.3814070705900967,0.4129627615835997,-0.03155569099350297,32.66827451999504,31.326084899902344,29.983895279809655,0.44803465057695635,27041800,bull,hold
2024-05-30,31.29204750061035,31.819333118662673,31.090720863071045,31.282462085224513,844300,31.436814880371095,30.513776321411132,27.57495361328125,0.07616210396657719,51.507596857011656,0.3378801062540546,0.3979462305176907,-0.060066124263636056,32.29785291178831,31.436814880371095,30.575776848953883,0.4159343870546186,27886100,bull,hold
2024-05-31,31.244115829467773,31.694707192182868,30.295000537195943,31.378333599512285,1120600,31.481394577026368,30.532566833496094,27.608739500045775,0.029374624492481516,51.13081256585704,0.29610368913320784,0.3775777222407941,-0.08147403310758627,32.192538320541686,31.481394577026368,30.77025083351105,0.33317103629030004,26765500,bull,hold
2024-06-03,30.985265731811523,31.637183750144878,30.36210944790345,31.58924935468271,810800,31.48043565750122,30.545029983520507,27.64294351577759,-0.0006185690808475641,49.0443023899492,0.2393494663436293,0.3499320710613612,-0.1105826047177319,32.194196236964125,31.48043565750122,30.76667507803832,0.15312603417920068,25954700,bull,hold
2024-06-04,30.330791473388672,30.801706591617094,30.119360756957747,30.792097687604446,903100,31.445314979553224,30.544787139892577,27.676205863952635,-0.022634257667803692,44.139778219410616,0.13994750518024546,0.30793515788513803,-0.16798765270489258,32.29904422253077,31.445314979553224,30.59158573657568,-0.15273827465335446,25051600,bull,hold
2024-06-05,31.91652488708496,32.06068410315833,30.772874726530993,30.936251749701068,979300,31.4698278427124,30.572040557861328,27.716160192489625,0.01560023827999002,55.69932807202923,0.18697088478949198,0.2837423032660088,-0.09677141847651682,32.347771629929845,31.4698278427124,30.59188405549496,0.7543995702665212,26030900,bull,hold
2024-06-06,31.685869216918945,31.99340540449079,31.26300420941725,31.83963731070487,676800,31.49431219100952,30.600624923706054,27.752773189544676,0.01569701580798566,53.95047946105668,0.20328195911637437,0.26765023443608194,-0.06436827531970757,32.36766535746973,31.49431219100952,30.620959024549308,0.609667562485532,25354100,bull,hold
2024-06-07,31.676259994506836,31.830028104533728,31.118851970454706,31.39755414942031,740800,31.51400203704834,30.606583366394045,27.789147901535035,0.012588424378483731,53.874587633193734,0.21297813967446189,0.25671581548375794,-0.04373767580929605,32.38511625697536,31.51400203704834,30.64288781712132,0.5931324238238761,24613300,bull,hold
2024-06-10,32.82952880859375,33.32927617641839,31.118857805513652,31.138079281136324,1160900,31.591355323791504,30.645002517700195,27.826912870407103,0.04945472903514547,60.970658090460574,0.31014641286309086,0.26740193495962455,0.042744477903466305,32.62591123784489,31.591355323791504,30.556799409738122,1.0984082000706412,25774200,bull,hold
2024-06-11,32.733421325683594,33.03134499820992,32.1567881217969,32.723808755918824,851700,31.661027050018312,30.689744415283204,27.86472053527832,0.044461873368916605,60.14032043574655,0.375074275979717,0.28893640316364305,0.08613787281607393,32.800814339498864,31.661027050018312,30.52123976053776,0.9704361443414659,24922500,bull,hold
2024-06-12,34.23265838623047,34.924616740107226,33.71369328694396,33.71369328694396,1160700,31.776420307159423,30.780385475158692,27.910357341766357,0.0722906840845019,67.56177067349489,0.5412665920722084,0.33940244094535615,0.20186415112685224,33.37473056333919,31.776420307159423,30.178110050979654,1.2683858842718903,26083200,bull,hold
2024-06-13,33.71369552612305,34.155778429963654,33.27160895616113,33.91551550403446,841100,31.842856693267823,30.853936386108398,27.950212411880493,0.04102915062974666,63.17683247346942,0.6239072202036589,0.3963033967970167,0.22760382340664215,33.63547532115377,31.842856693267823,30.050238065381876,1.0218173022840678,25242100,bull,hold
2024-06-14,33.502254486083984,33.550306325865506,32.579645964245344,33.031337657536135,929200,31.9385066986084,30.935721626281737,27.98572823524475,0.06055857108380347,61.42753670650573,0.6646770057712992,0.4499781185918732,0.21469888717942598,33.865873615203405,31.9385066986084,30.011139782013398,0.9056694586825712,24312900,bull,hold
2024-06-17,35.24176025390625,35.39553202869136,33.242774841271384,33.55991996146345,1729600,32.13407487869263,31.049612579345702,28.0291805267334,0.12484245396258675,69.02597459643684,0.8278084716033192,0.5255441891941625,0.3022642824091567,34.51527054964312,32.13407487869263,29.752879207742144,1.1525472503427536,26042500,bull,hold
2024-06-18,38.528564453125,38.9994814194281,35.24176559168667,35.251378162127125,3614700,32.47241220474243,31.21926918029785,28.088829002380372,0.21304657483572886,77.88908707986383,1.2083795166047864,0.6621112546762873,0.5462682619284991,36.12787230919044,32.47241220474243,28.81695210029443,1.3283707215151077,29657200,bull,hold
2024-06-20,37.84621810913086,38.95142539765023,37.586733702403336,38.64388913770385,2498900,32.79245119094848,31.329069366455077,28.143754177093506,0.2035519316268266,73.20580972288403,1.4383448205282932,0.8173579678466885,0.6209868526816047,37.095625797999475,32.79245119094848,28.489276583897492,1.0872137874560677,27158300,bull,hold
2024-06-21,36.86594009399414,37.64438954645167,36.11632101648069,37.28880147969797,2972600,33.043342971801756,31.44495719909668,28.19334873199463,0.1575552360015784,66.97538620904558,1.523926857203577,0.9586717457180662,0.5652551114855107,37.66998637510838,33.043342971801756,28.41669956849513,0.913106953462245,24185700,bull,hold
2024-06-24,35.77994918823242,37.4233464782309,35.73189734339027,36.519959330387934,1930800,33.27013463973999,31.517266693115236,28.242235012054444,0.1451740027953261,60.80163805920824,1.4869798694416332,1.0643333704627798,0.4226464989788534,37.9659253498968,33.27013463973999,28.574343929583183,0.7672408869355912,22254900,bull,hold
2024-06-25,37.64439392089844,37.66361539513509,35.43397570938274,36.039439316412455,1923500,33.56570177078247,31.64949047088623,28.321667280197143,0.186283460892414,66.50938617123396,1.5898177936648494,1.1694302551031939,0.42038753856165556,38.57123016356111,33.56570177078247,28.560173378003824,0.9074187408466409,24178400,bull,hold
2024-06-26,37.5675048828125,38.557386796843765,37.14464352459308,37.44256715597377,2080000,33.840167713165286,31.80069278717041,28.400762815475463,0.17112310657592067,66.08203990075921,1.6461376367426794,1.264771731431091,0.38136590531158854,39.08557840190495,33.840167713165286,28.594757024425626,0.8552950751452789,22098400,bull,hold
2024-06-27,37.34646987915039,37.98076385842157,37.24075360491831,37.75972240599145,1508800,34.14816169738769,31.949200019836425,28.483093309402467,0.19751693423331207,64.79317455136223,1.653871044711039,1.3425915940870807,0.31127945062395823,39.45715674003137,34.14816169738769,28.83916665474401,0.8012159698843928,20589600,bull,hold
2024-06-28,38.46128463745117,39.335841427831326,37.58672784707101,37.79816036764231,16915200,34.50662355422973,32.14128677368164,28.569042415618895,0.22910731989336863,68.16563339344643,1.730013541135186,1.4200759834967018,0.3099375576384842,39.96194911644747,34.50662355422973,29.051297992011996,0.8624587605376353,37504800,bull,hold
2024-07-01,38.6727180480957,40.22962061563513,38.04803304082349,38.82648615765366,1915000,34.87805366516113,32.35926891326904,28.654093255996703,0.23776003965590453,68.77651459542153,1.78682057204729,1.4934249012068195,0.2933956708404706,40.40536883765654,34.87805366516113,29.350738492665727,0.8432647012619511,39419800,bull,hold
2024-07-02,38.65349578857422,39.65298664727594,38.49972768214928,38.49972768214928,1256900,35.26146516799927,32.58587837219238,28.73780792236328,0.24747988683182354,68.6475409316991,1.8094314778764513,1.5566262165407458,0.25280526133570547,40.71886643240208,35.26146516799927,29.804063903596457,0.8107734300847795,38162900,bull,hold
2024-07-03,38.73038864135742,38.85532640778955,38.16336790585391,38.653506400098934,1120100,35.681445026397704,32.80520568847656,28.825341033935548,0.2769330030618655,68.8987899542454,1.8126601760799943,1.6078330084485957,0.20482716763139863,40.841103312672274,35.681445026397704,30.521786740123133,0.7954598391787248,39283000,bull,hold
2024-07-05,38.49972915649414,38.91298164573431,37.913487082636166,38.749600964208184,1312300,36.01060523986816,33.01033271789551,28.90890688896179,0.2062631910178001,67.16013126670643,1.7761325000842163,1.64149290677572,0.13463959330849629,41.00483272798925,36.01060523986816,31.016377751747076,0.749200093762892,37970700,bull,hold
2024-07-08,39.1628532409668,39.547275352725286,38.76882222616878,38.95142071288753,1165300,36.38445444107056,33.22105262756347,28.996503772735597,0.23597219230001265,69.53993800806958,1.7801719116684325,1.6692287077542625,0.11094320391417001,41.141546037896575,36.38445444107056,31.627362844244548,0.7920270446074672,39136000,bull,hold
2024-07-09,40.30650329589844,40.489105448534005,39.22051761371861,39.22051761371861,1796800,36.81596660614014,33.450235519409176,29.091058959960936,0.2724514605855686,73.15332018511995,1.8542811768452694,1.706239201572464,0.1480419752728055,41.34677049957683,36.81596660614014,32.285162712703446,0.885200592638172,40932800,bull,hold
2024-07-10,41.728858947753906,41.91146109910178,40.412219274837454,40.594821426185334,1655300,37.26093311309815,33.69770328521729,29.19363209724426,0.27107699873019775,76.83404284602061,2.004676850543852,1.7659267313667417,0.23875011917711042,41.88534314258726,37.26093311309815,32.636523083609035,0.9830806314929387,42588100,bull,hold
2024-07-11,40.30650329589844,42.372765728578564,40.27767292069112,42.28627093683565,1647400,37.639587211608884,33.90042594909668,29.288378047943116,0.2313562610784221,66.94914411459337,1.9861986300680243,1.8099811111069983,0.176217518961026,41.948540607295634,37.639587211608884,33.330633815922134,0.809462163939755,40940700,bull,hold
2024-07-12,40.4794921875,41.325218618295246,39.95091454304831,40.57559954674997,1135800,37.95192890167236,34.08973518371582,29.383988943099975,0.1824817030214112,67.49683918514472,1.9628863332410091,1.8405621555338008,0.12232417770720838,42.13145390948998,37.95192890167236,33.772403893854744,0.8023744661295176,42076500,bull,hold
2024-07-15,41.25795364379883,41.95952101066301,40.51794332546004,41.18106774084962,1622500,38.329141807556155,34.33334529876709,29.484446039199828,0.2237742851960598,69.91306567556566,1.9843521275885152,1.8693201499447438,0.11503197764377138,42.2652193570333,38.329141807556155,34.39306425807901,0.872047018818484,43699000,bull,hold
2024-07-16,42.939788818359375,43.112778411884356,40.96002106252971,41.50782021998509,1575600,38.80101852416992,34.58509063720703,29.59121377944946,0.2816984849839139,74.34954200780746,2.112719847881692,1.9180000895321336,0.19471975834955857,42.568495247598634,38.80101852416992,35.033541800741204,1.049276159883323,45274600,bull,hold
2024-07-17,39.61455535888672,40.844700458355945,39.42234427056425,39.81637535187059,2135100,39.01965827941895,34.757292861938474,29.6806876373291,0.1240799288536043,56.58403710595053,1.9239554798585061,1.919191167597408,0.00476431226109808,42.42573696915526,39.01965827941895,35.61357958968264,0.5873287339573804,43139500,bull,hold
2024-07-18,39.797149658203125,40.47949546660842,38.951423158898415,40.123907373880776,1457900,39.08308753967285,34.932571754455566,29.771885261535644,0.032925836274578124,57.18896655179553,1.768703677166343,1.8890936695111953,-0.12038999234485237,42.497460526916974,39.08308753967285,35.66871455242873,0.6045670934601993,44597400,bull,hold
2024-07-19,38.22102737426758,39.77793013537289,38.14414147686911,39.701047904095795,1323000,39.101828002929686,35.06846694946289,29.85529767036438,0.009903480026880018,50.63113403894795,1.5011809295902552,1.8115111215270074,-0.31033019193675226,42.4928748065412,39.101828002929686,35.71078119931817,0.3701285060819506,43274400,bull,hold
2024-07-22,39.58571243286133,39.71065016216335,38.6534949127114,39.06674737676207,958100,39.237816619873044,35.236257553100586,29.947488946914675,0.07377466387491549,55.39995065364177,1.3833396257123027,1.7258768223640666,-0.34253719665176385,42.4738970713718,39.237816619873044,36.001736168374286,0.5537526520434867,44232500,bull,hold
2024-07-23,39.4896125793457,39.91247398697915,38.999477849273326,39.162854870590415,917500,39.42329978942871,35.40040054321289,30.038102760314942,0.10367995134921393,54.997074067843165,1.2675831785108187,1.6342180935934172,-0.3666349150825985,42.24392232176087,39.42329978942871,36.60267725709655,0.5117549918780099,43315000,bull,hold
2024-07-24,37.44257354736328,38.816877778818856,37.38491279138026,38.79765630478408,1037600,39.41320877075195,35.52360275268555,30.118433694839478,-0.0053612331748317255,47.13411385671473,0.999148852043696,1.507204245283473,-0.5080553932397771,42.260533519819255,39.41320877075195,36.565884021684646,0.15394969013734944,42277400,bull,hold
2024-07-25,36.69295120239258,38.105698259165266,35.799172901102224,36.952435580133745,1930400,39.36948108673096,35.63066204071045,30.19377646446228,-0.023279525301134307,44.61839820627917,0.7176518125969338,1.3492937587461653,-0.6316419461492315,42.352473789454876,39.36948108673096,36.38648838400704,0.05136834865631652,40347000,bull,hold
2024-07-26,36.664127349853516,37.62517914234119,36.20281926327238,37.52907176341944,1128800,39.335363960266115,35.72544872283935,30.268927421569824,-0.018270603125405738,44.520002630068056,0.4866279921714636,1.176760605431225,-0.6901326132597614,42.42386884942516,39.335363960266115,36.24685907110707,0.06755182421939826,39218200,bull,hold
2024-07-29,36.13554382324219,37.942322114240724,35.8952808891352,37.058156276465304,2859800,39.21907691955566,35.800460243225096,30.33895538330078,-0.060469660234497846,42.66198866283032,0.25791459806659844,0.9929914039582998,-0.7350768058917013,42.59246373347973,39.21907691955566,35.84569010563159,0.04296182643718628,36358400,bull,hold
2024-07-30,29.321685791015625,34.453699868264245,28.254917882775693,33.60797706367205,6442300,38.75152530670166,35.75510887145996,30.37438941001892,-0.24179919925593474,27.011985242356346,-0.46777163177228687,0.7008387968121825,-1.1686104285844694,44.23215384552851,38.75152530670166,33.27089676787481,-0.36028814477039245,29916100,bull,hold
2024-07-31,31.38794708251953,31.435998932316068,30.20585398014322,30.580663541125816,2801300,38.388247871398924,35.75625988006592,30.419582443237303,-0.1879661478950203,34.82038395506153,-0.8661685278306734,0.3874373318836113,-1.2536058597142847,44.740565723651585,38.388247871398924,32.035930019146264,-0.05100366131686441,32717400,bull,hold
2024-08-01,28.841163635253906,31.253403780991587,28.274142948288514,30.551836433749923,2507300,37.89378662109375,35.69784679412842,30.455141649246215,-0.25533503156081205,30.490585718935534,-1.3715941940078054,0.03563102670532797,-1.4072252207131333,45.48193038653143,37.89378662109375,30.305642855656078,-0.09649785676653573,30210100,bull,hold
2024-08-02,27.514907836914062,28.120371400814633,26.928667578941475,27.678286690166217,2620300,37.34454555511475,35.61923618316651,30.48168487548828,-0.2853220414857687,28.502919699149686,-1.8577504440824342,-0.3430452674522245,-1.5147051766302098,46.16747332897855,37.34454555511475,28.521617781250946,-0.057050786889532544,27589800,bull,hold
2024-08-05,26.995941162109375,27.889719495426906,25.56397441472021,25.85228917827916,1910200,36.736199951171876,35.52219291687012,30.506873331069947,-0.3106748122767028,27.740850726235365,-2.2588701987511612,-0.7262102537120119,-1.5326599450391494,46.59120837409934,36.736199951171876,26.881191528244415,0.005821894256223961,25679600,bull,hold
2024-08-06,27.476465225219727,28.110759130756055,26.698013947163407,27.111264592904604,1820800,36.09469804763794,35.44683990478516,30.534559783935546,-0.31831186090469643,29.617276342152138,-2.5090632983859393,-1.0827808626467974,-1.426282435739142,46.586324065150585,36.09469804763794,25.603072030125297,0.08928040286450155,27500400,bull,hold
2024-08-07,27.418804168701172,28.658559841038997,27.072824988950828,28.45673987489166,2032200,35.379195308685304,35.360554962158204,30.56405644416809,-0.342929453138641,29.518220335135894,-2.6810899616011525,-1.4024426824376683,-1.2786472791634842,46.18344969867395,35.379195308685304,24.57494091869666,0.13160849177337353,25468200,bull,hold
2024-08-08,29.20635986328125,29.36973872161441,27.68789828768035,28.312581510815168,1423400,34.82418813705444,35.3031184387207,30.6045894241333,-0.2753933614912889,36.59771530420076,-2.6427179191211962,-1.650497729774374,-0.9922201893468223,45.699154241294885,34.82418813705444,23.949222032814,0.24170823982694303,26891600,bull,hold
2024-08-09,30.513389587402344,30.62871659081475,29.235190978795785,29.254412451541274,2840300,34.32588300704956,35.28965442657471,30.653565311431883,-0.2462012753009578,41.24481688547122,-2.4782734301358325,-1.8160528698466656,-0.6622205602891669,45.03063708197166,34.32588300704956,23.621128932127462,0.32192522159015774,29731900,bull,hold
2024-08-12,30.215463638305664,30.561440977225843,29.86948446632498,30.388453224296004,1799700,33.773758506774904,35.26812274932861,30.699906911849975,-0.26764512124931517,40.515846763461546,-2.3449588956150045,-1.9218340750003335,-0.42312482061467094,44.12464169441449,33.773758506774904,23.422875319135315,0.32811636437370173,27932200,bull,hold
2024-08-13,30.90742301940918,30.984308916376417,30.21546644425011,30.744044154475148,1324100,33.172140216827394,35.26138889312744,30.753333044052123,-0.2802148340749554,43.034171437102835,-2.158587968986552,-1.9691848537975774,-0.1894031151889748,42.68702108773754,33.172140216827394,23.657259345917247,0.38099077496902056,29256300,bull,hold
2024-08-14,30.590274810791016,31.368726156036463,30.148191919164905,31.368726156036463,1312800,32.720926189422606,35.25348907470703,30.805030345916748,-0.22780214156994927,42.15330827933921,-2.013271140332815,-1.978002111104625,-0.035269029228190085,41.81767532391868,32.720926189422606,23.624177054926534,0.38288940658196896,27943500,bull,hold
2024-08-15,31.58976936340332,31.791593013114145,30.9074235144364,31.23418124953796,1167000,32.310557174682614,35.278668632507326,30.863919038772583,-0.2062303548190937,45.9108839604828,-1.7967439041098743,-1.941750469705675,0.14500656559580083,40.814588532803675,32.310557174682614,23.806525816561553,0.4576208164736501,29110500,bull,hold
2024-08-16,31.291847229003906,31.57054945852754,30.7152139622081,30.85937319543745,910300,31.964098167419433,35.2661750793457,30.922892026901245,-0.18129235714707037,44.973129069743386,-1.6303902123304823,-1.8794784182306368,0.24908820590015446,40.03002876219272,31.964098167419433,23.898167572646145,0.4583277508703618,28200200,bull,hold
2024-08-19,31.781980514526367,31.839644938305554,30.60949806026023,31.695485711918298,852900,31.573911571502684,35.26809730529785,30.982312545776367,-0.19713506310061613,46.894918807439936,-1.4423772263382233,-1.792058179852154,0.3496809535139307,38.84296148238024,31.573911571502684,24.304861660625125,0.5143119765013806,29053100,bull,hold
2024-08-20,31.138072967529297,31.810806147310274,30.638323867973796,31.75314539825526,1077000,31.156334590911865,35.2573335647583,31.033076410293578,-0.2114869978791466,44.68688782135331,-1.3300021017305141,-1.699646964227826,0.3696448624973119,37.4529948990896,31.156334590911865,24.859674282734122,0.49854989609659833,27976100,bull,hold
2024-08-21,31.897296905517578,32.195224180423345,31.224563810763264,31.48404448095684,1014200,30.87907075881958,35.238688926696774,31.084774770736693,-0.14810084127446954,47.807355838457305,-1.1662373212811907,-1.592965035638499,0.4267277143573083,36.49573125176792,30.87907075881958,25.262410265871235,0.5906433767873608,28990300,bull,hold
2024-08-22,30.90742301940918,32.53159909856791,30.84014969262352,32.195232464639616,1184600,30.58979434967041,35.20216896057129,31.125657415390016,-0.15767410342851218,44.298426676119355,-1.103605426416074,-1.4950931137940142,0.39148768737794026,35.53469792175246,30.58979434967041,25.64489077758836,0.5321167708438279,27805700,bull,hold
2024-08-23,32.070289611816406,32.320165071076154,31.15728989428258,31.426386824725448,1009000,30.360102462768555,35.15892158508301,31.17373752593994,-0.12529516096761717,49.03123281851778,-0.9491938669261266,-1.3859132644204368,0.4367193974943102,34.51941813369092,30.360102462768555,26.200786791846188,0.7055851592370967,28814700,bull,hold
2024-08-26,31.676259994506836,32.24328058762867,31.551325925568126,32.02223915859757,957700,30.137138271331786,35.118172874450686,31.22056287765503,-0.12340436470385052,47.55672575917431,-0.8488316873170874,-1.278496948999767,0.4296652616826797,33.41987558579126,30.137138271331786,26.854400956872315,0.7344265738832771,27857000,bull,hold
2024-08-27,31.753150939941406,31.85886721982012,30.945867317193013,31.42639319582607,721200,30.258711528778075,35.083190803527835,31.26786808013916,0.08292378433680647,47.8860766408603,-0.7543933038016419,-1.173676219960142,0.4192829161585001,33.59136075837467,30.258711528778075,26.92606229918148,0.7242119269396119,28578200,bull,hold
2024-08-28,31.359115600585938,31.839641413857038,30.72481984065242,31.56093556229076,983000,30.257269954681398,35.00553791046143,31.315301637649537,-0.0009185526488175721,46.281997532022565,-0.7032390611235755,-1.0795887881928288,0.3763497270692533,33.58798846756578,30.257269954681398,26.926551441797013,0.6654065994532737,27595200,bull,hold
2024-08-29,31.455224990844727,32.37783383946768,31.263013897517858,31.32067832535242,1043300,30.387973022460937,34.86407112121582,31.358494033813475,0.0906364732245244,46.75053797379309,-0.6474799844620094,-0.993167027446665,0.3456870429846556,33.691198790783794,30.387973022460937,27.08474725413808,0.6615469306728108,28638500,bull,hold
2024-08-30,31.618606567382812,32.20484510217395,31.186132512109207,32.20484510217395,2291900,30.593157958984374,34.73951889038086,31.403314151763915,0.14914455664515147,47.58745882534575,-0.5833821207502012,-0.9112100461073722,0.327827925357171,33.658266132622735,30.593157958984374,27.528049785346013,0.667277719138572,30930400,bull,hold
2024-09-03,28.515602111816406,31.049251052908335,28.39999751247303,31.049251052908335,1900400,30.669141006469726,34.5725121307373,31.425846700668334,0.05629220113429412,36.01114898368204,-0.7740478864257305,-0.883777614171044,0.10972972774531342,33.43447070561239,30.669141006469726,27.90381130732706,0.11061805843242108,29030000,bull,hold
2024-09-04,28.60230255126953,29.372993686587723,28.03391714992014,28.294026097142254,1765600,30.725432872772217,34.42895919799805,31.44638038635254,0.0409746056059801,36.47613312171046,-0.9076925636632822,-0.8885606040694917,-0.01913195959379055,33.26513792636722,30.725432872772217,28.185727819177213,0.08201242335259532,30795600,bull,hold
2024-09-05,28.486703872680664,29.074357133707952,27.918318353402167,28.255496484114104,1084600,30.77882785797119,34.24580539703369,31.46480987548828,0.0389477125774329,36.09947188432621,-1.0112774040796957,-0.9131039640715325,-0.09817344000816319,33.07105832006074,30.77882785797119,28.486597395881642,2.322558764993064e-05,29711000,bull,hold
2024-09-06,27.465534210205078,28.322928404775716,27.359563480548836,28.245859284336476,1276300,30.691786575317384,34.043765983581544,31.475796518325804,-0.05960433485121741,32.870405887827644,-1.1623699170355728,-0.9629571546643406,-0.19941276237123218,33.32333889138253,30.691786575317384,28.06023425925224,-0.11299415280795062,28434700,bull,hold
2024-09-09,27.62930679321289,28.197692255222506,27.619672923309174,27.831612548772515,1218700,30.54758243560791,33.849422721862794,31.48478808403015,-0.09451859767753124,33.89172133377639,-1.2544363816239041,-1.0212530000562534,-0.23318338156765073,33.49907013550618,30.54758243560791,27.596094735709645,0.005626324904621876,29653400,bull,hold
2024-09-10,27.783447265625,27.81234887765475,27.137992630077534,27.735279749715037,928900,30.42598161697388,33.63586597442627,31.49445496559143,-0.0804891297314887,34.89568005301412,-1.299976549737174,-1.0769977099924377,-0.2229788397447363,33.613168570192016,30.42598161697388,27.23879466375574,0.08544409378297023,30582300,bull,hold
2024-09-11,29.016550064086914,29.08398530952994,27.59076869090498,27.90867901761682,953200,30.331437969207762,33.442742614746095,31.507282629013062,-0.06117860276267095,42.4281510030019,-1.2224744462479045,-1.106093057243531,-0.11638138900437345,33.56769336164686,30.331437969207762,27.095182576768668,0.29685041109659654,31535500,bull,hold
2024-09-12,28.727540969848633,29.06471905170755,28.477065875824092,28.92984855395307,997500,30.238301277160645,33.244223518371584,31.51890372276306,-0.06089300774392803,41.224286214051695,-1.1708769487952857,-1.119049835553882,-0.051827113241403655,33.54583041630178,30.238301277160645,26.930772138019506,0.27161798978068735,30538000,bull,hold
2024-09-13,29.53676986694336,29.69090811532161,29.064721251600858,29.141790375789984,958200,30.135651302337646,33.0603511428833,31.53352169036865,-0.06498937908797642,45.85675444009658,-1.0525543598684912,-1.1057507404168039,0.05319638054831266,33.396132402301404,30.135651302337646,26.875170202373887,0.40816057246874654,31496200,bull,hold
2024-09-16,29.21885871887207,29.305561710951114,28.505968879812112,28.90094836040651,1211900,30.032001876831053,32.87473373413086,31.547265510559082,-0.06624692032276114,44.37699379152563,-0.9732169887905862,-1.0792439900915602,0.10602700130097409,33.27059850402023,30.032001876831053,26.793405249641882,0.3744605686406948,30284300,bull,hold
2024-09-17,29.565670013427734,29.777609635084026,29.209224183284256,29.72944212390348,1187600,29.92118635177612,32.68279006958008,31.55983407020569,-0.06973481404299642,46.408671618111086,-0.872301429676213,-1.0378554780084908,0.16555404833227771,33.06290496205225,29.92118635177612,26.779467741499996,0.44342008587504556,31471900,bull,hold
2024-09-18,29.132156372070312,30.307460969936297,29.09362272888878,29.787244843412054,1247900,29.820890522003175,32.45930313110352,31.5711412525177,-0.06442006213906526,44.23372732029251,-0.8178780606814797,-0.9938599945430886,0.17598193386160887,32.92870484511372,29.820890522003175,26.71307619889263,0.3891931630517226,30224000,bull,hold
2024-09-19,30.49049949645996,30.933648317267103,29.979917262398434,30.008817034154205,1690100,29.75055065155029,32.234535942077635,31.587857027053833,-0.04410396947505202,51.84839830960039,-0.6575602652422035,-0.9266000486829117,0.2690397834407082,32.72815062791792,29.75055065155029,26.77295067518266,0.6242525609185983,31914100,bull,hold
2024-09-20,29.825777053833008,31.02035117211449,29.79687728220335,30.78914197424063,8056200,29.696468353271484,32.02492141723633,31.601062660217284,-0.03499631673908632,48.36781875921288,-0.5774878822985698,-0.8567776154060434,0.2792897331074735,32.626973959226376,29.696468353271484,26.765962747316593,0.5220625240058855,23857900,bull,hold
2024-09-23,29.88357925415039,30.14368821479414,29.4596981891168,29.88357925415039,2103800,29.587132835388182,31.813003158569337,31.6158486366272,-0.06818492705037238,48.69037376246393,-0.5035610491145803,-0.7861343021477508,0.2825732530331705,32.31110836923415,29.587132835388182,26.863157301542216,0.5544142954073559,25961700,bull,hold
2024-09-24,29.286293029785156,30.50013304240598,29.132154790481504,30.25929181380993,1688300,29.4676344871521,31.573569946289062,31.628126430511475,-0.07544978369088196,45.52546965426854,-0.4875493424484034,-0.7264173102078814,0.23886796775947794,32.018738904536946,29.4676344871521,26.91653006976726,0.46445824480347214,24273400,bear,death_cross
2024-09-25,29.61383819580078,29.93174855422699,29.17069120298302,29.17069120298302,1485500,29.360668849945068,31.30705093383789,31.639937582015992,-0.06737324268029232,47.539309054080945,-0.443319481048313,-0.6697977443759677,0.22647826332765475,31.689171624673598,29.360668849945068,27.032166075216537,0.5543631187824608,25758900,bear,hold
2024-09-26,30.7409725189209,31.078148749759812,29.777607659443657,30.895110749439443,1452400,29.329761695861816,31.129579277038573,31.65609308242798,-0.01971175110733958,53.8604293011941,-0.3137005327389666,-0.5985783020485674,0.28487776930960085,31.5659177556914,29.329761695861816,27.09360563603223,0.81554390331027,27211300,bear,hold
2024-09-27,29.75834083557129,31.280459124285418,29.681271717944107,30.96254694691649,1350200,29.244917488098146,30.928803100585938,31.66221797943115,-0.053946018690609554,48.38667163226226,-0.28695886384370795,-0.5362544144075956,0.24929555056388764,31.27095227005114,29.244917488098146,27.218882706145152,0.6267064494762102,25861100,bear,hold
2024-09-30,29.478967666625977,29.873947146838738,29.141789568585796,29.440432186862388,1142500,29.1379355430603,30.753961906433105,31.662402477264404,-0.06767024651124409,46.92647186930216,-0.28502340609127685,-0.48600821274433187,0.20098480665305501,30.853485693775152,29.1379355430603,27.42238539234545,0.5993943906051278,24718600,bear,hold
2024-10-01,28.053186416625977,29.478966013408773,27.985749330821648,29.40189689567653,1246500,29.11481475830078,30.5233113861084,31.65101019859314,-0.016216234655582196,40.25055017828056,-0.39399642744089647,-0.46760585568364477,0.0736094282427483,30.87516994700487,29.11481475830078,27.354459569596692,0.1984618932340758,23472100,bear,hold
2024-10-02,28.621570587158203,29.045451661947574,28.168789741058415,28.33256184921753,843400,29.115778160095214,30.305950546264647,31.634903221130372,0.000673653313544742,43.68972861677826,-0.4295429755505218,-0.4599932796570202,0.030450304106498405,30.875031094674934,29.115778160095214,27.356525225515494,0.35954050062304554,24315500,bear,hold
2024-10-03,28.0242862701416,28.708274496007252,27.956851018292628,28.2940291150103,1383200,29.09265727996826,30.117584800720216,31.615283708572388,-0.01623275211501496,41.017845450810455,-0.5001443707197843,-0.4680234978695731,-0.03212087285021126,30.895975500578718,29.09265727996826,27.289339059357804,0.203776350281373,22932300,bear,hold
2024-10-04,29.38262939453125,29.941380961977526,28.949114455360554,29.56566923967807,2238100,29.18851203918457,29.971378364562987,31.600973291397096,0.06980003263922896,48.70131554345782,-0.4414013470894602,-0.4626990677135505,0.0212977206240903,30.832444803607036,29.18851203918457,27.544579274762103,0.5590405397190548,25170400,bear,hold
2024-10-07,28.978015899658203,29.430796737748604,28.689007166829896,29.055085017577266,1125400,29.255947494506835,29.817656135559083,31.584257230758666,0.04881443883263192,46.74781452184174,-0.4226242558351849,-0.45468410533787745,0.03205984950269253,30.741532327675767,29.255947494506835,27.770362661337902,0.4064571781283706,24045000,bear,hold
2024-10-08,29.055084228515625,29.19958859100541,28.611937271883928,28.89131212770116,1125600,29.319529342651368,29.676046943664552,31.57328309059143,0.045769589019428736,47.18239668985415,-0.3969487278401047,-0.4431370298383229,0.04618830199821822,30.648141218407858,29.319529342651368,27.990917466894878,0.40048067499578377,25170600,bear,hold
2024-10-09,29.392263412475586,29.584935290601447,28.70827337582605,29.026183720332813,858100,29.3383150100708,29.67745849609375,31.56088611602783,0.012948243245970215,49.13807212451476,-0.34541145644156757,-0.4235919151589719,0.07818045871740431,30.65986586854517,29.3383150100708,28.01676415159643,0.5204110201506223,26028700,bear,hold
2024-10-10,29.112884521484375,29.16105386550164,28.573400730799143,28.910578789029636,1450300,29.35758218765259,29.631957244873046,31.54570526123047,0.01341373255859879,47.56649128803947,-0.3233835746392586,-0.40355024705502923,0.08016667241577063,30.653948868187644,29.35758218765259,28.061215507117534,0.40562173887899555,24578400,bear,hold
2024-10-11,29.78724479675293,29.931749174034817,29.045453332573622,29.045453332573622,752200,29.370105934143066,29.650878868103028,31.531170072555543,0.008480105676345273,51.59112768534297,-0.2486448581101648,-0.3725691692660563,0.12392431115589153,30.677943668782458,29.370105934143066,28.062268199503674,0.6594765357970349,25330600,bear,hold
2024-10-14,30.45196533203125,30.509766712022984,29.979916747574496,30.105153377135373,723800,29.431761264801025,29.70962001800537,31.520580263137816,0.04220242224460091,55.23829859774233,-0.13422918441861498,-0.32490117229656806,0.1906719878779531,30.819112276004343,29.431761264801025,28.044410253597707,0.8676805865969532,26054400,bear,hold
2024-10-15,28.88167953491211,30.557934256312503,28.862411795735927,30.297827127324993,1407500,29.397561740875243,29.747334785461426,31.503382520675657,-0.02313461789315041,46.353665076497734,-0.1683225613886563,-0.2935854501149857,0.1252628887263294,30.803618663570635,29.397561740875243,27.991504818179852,0.316550028083431,24646900,bear,hold
2024-10-16,29.36336326599121,29.652373853779874,28.92021627051055,29.594570633738446,1080800,29.40912208557129,29.785072746276857,31.491080160140992,0.007936484033930435,49.06026381779184,-0.15469077777324713,-0.265806515646638,0.11111573787339085,30.81005299348947,29.40912208557129,28.00819117765311,0.48366842385964687,25727700,bear,hold
2024-10-17,29.816144943237305,30.4134301633354,29.758341725184383,30.307459434377805,1351200,29.375404357910156,29.83301956176758,31.48711570739746,-0.022116874579275136,51.5355133377308,-0.10612841148202179,-0.23387089481371476,0.12774248333169297,30.701043060009034,29.375404357910156,28.049765655811278,0.6662370692064609,27078900,bear,hold
2024-10-18,29.41153335571289,30.06661999540212,29.247761236422363,30.056987962625797,970700,29.35469217300415,29.837123031616212,31.48710651397705,-0.013888781417913831,49.233250217437956,-0.09914824075458029,-0.20692636400188788,0.1077781232473076,30.664385243130873,29.35469217300415,28.044999102877426,0.5217001922073395,26108200,bear,hold
2024-10-21,29.189956665039062,29.8546789817103,29.093621641947887,29.31519513501404,1162400,29.320011043548583,29.810654373168944,31.488332929611207,-0.023210827030199055,47.96943553283724,-0.11022518498763745,-0.1875861281990378,0.07736094321140036,30.60840852242416,29.320011043548583,28.031613564673005,0.44952862736776605,24945800,bear,hold
2024-10-22,28.872045516967773,29.238125209543227,28.669739769075598,29.12252061255289,865300,29.299298667907713,29.783786010742187,31.487874145507813,-0.014144757494438776,46.13938508783173,-0.14300800854928042,-0.17867050426908634,0.035662495719805926,30.6024330797259,29.299298667907713,27.99616425608953,0.3360671212941805,24080500,bear,hold
2024-10-23,28.39999771118164,29.045452288139074,28.005018236660067,28.70827419495723,1108500,29.238606643676757,29.733637504577636,31.48165943145752,-0.0409889618695648,43.48650357669871,-0.2047190712480429,-0.18388021766487767,-0.02083885358316523,30.58967534188421,29.238606643676757,27.887537945469305,0.18964978109264483,22972000,bear,hold
2024-10-24,28.29402732849121,28.833511146692146,28.082085878950615,28.660105174330816,848500,29.116259384155274,29.68771255493164,31.476110534667967,-0.07959882170037424,42.89030844824573,-0.2591886913976147,-0.19894191241142506,-0.06024677898618963,30.33795353227173,29.116259384155274,27.89456523603882,0.16348694682227222,22123500,bear,hold
2024-10-25,28.78533935546875,29.10324966530672,28.621567266311462,28.756439587511455,1065100,29.067609310150146,29.631623954772948,31.474644298553468,-0.032696765101214,46.54916988568601,-0.2597176202300062,-0.2110970539751413,-0.04862056625486491,30.260302551417933,29.067609310150146,27.87491606888236,0.3816669932742494,23188600,bear,hold
2024-10-28,28.448165893554688,29.122520214790846,28.1784230625766,28.900946730847796,2422700,29.016069221496583,29.574750328063963,31.47168351173401,-0.0349673633326818,44.44472736720423,-0.284069306502321,-0.22569150448057726,-0.058377802021743724,30.222216200349653,29.016069221496583,27.809922242643513,0.26457955046162085,20765900,bear,hold
2024-10-29,26.9549503326416,27.137990184052878,23.217095208259575,24.07448940899363,5920500,28.961157417297365,29.478209724426268,31.462404479980467,-0.039148354403458985,36.561516647969626,-0.41902791677139106,-0.26435878693874004,-0.15466912983265102,30.412688631309177,28.961157417297365,27.509626203285553,-0.191065774297375,14845400,bear,hold
2024-10-30,25.75074577331543,26.714110764497956,25.500270655111223,26.068656146906747,2501800,28.817616176605224,29.370463180541993,31.44480875968933,-0.10030283995424216,31.681210180512053,-0.616051374942451,-0.33469730453948227,-0.2813540704029687,30.8332578252757,28.817616176605224,26.801974527934746,-0.26076776973543625,12343600,bear,hold
2024-10-31,24.51763916015625,25.702577629298542,24.508005289983608,25.702577629298542,2377700,28.642283821105956,29.222870025634766,31.420999660491944,-0.1251288641638485,27.616116638191258,-0.8617614338191686,-0.4401101303954196,-0.421651303423749,31.38307412987008,28.642283821105956,25.90149351234183,-0.2524553497873367,9965900,bear,hold
2024-11-01,25.047487258911133,25.577337215937476,24.74884465608571,24.74884465608571,1653500,28.425526714324953,29.105671310424803,31.3934788608551,-0.14754098679905692,31.67303570233166,-1.0021815867840793,-0.5525244216731515,-0.4496571651109278,31.55584412544328,28.425526714324953,25.295209303206626,-0.03956819896532357,11619400,bear,hold
2024-11-04,25.066755294799805,25.933783342694408,24.970418436706463,24.970418436706463,1608900,28.22996368408203,28.965600624084473,31.362754373550416,-0.13497337493366934,31.82268170781778,-1.099239452064225,-0.6618674277513663,-0.4373720243128587,31.6710576567746,28.22996368408203,24.78886971138946,0.040377505760603616,13228300,bear,hold
2024-11-05,25.365398406982422,25.37503227673114,24.854814335136922,24.970418934648784,1219900,28.045479393005373,28.839383392333986,31.330844802856447,-0.1269893348962321,34.22715186222098,-1.1389316116159947,-0.757280264524292,-0.3816513470917027,31.68003190701155,28.045479393005373,24.410926878999195,0.13130523280445913,14448200,bear,hold
2024-11-06,26.367298126220703,26.58887161226702,25.82781245914351,26.126456901177473,1514000,27.894231128692628,28.731666336059572,31.30308382034302,-0.10291705826816089,41.66071468649887,-1.0771265554667089,-0.8212495227127754,-0.2558770327539335,31.543746282936475,27.894231128692628,24.24471597444878,0.2908033070233553,15962200,bear,hold
2024-11-07,26.733375549316406,27.38846396488087,26.598505053455263,26.887513783864197,1416800,27.77525568008423,28.63915153503418,31.277775020599364,-0.08173387870281168,44.14469510980886,-0.9872260867783922,-0.8544448355258988,-0.1327812512524934,31.41322683836056,27.77525568008423,24.137284521807896,0.35680478411743866,17379000,bear,hold
2024-11-08,26.357666015625,26.579239516457385,26.12645864465127,26.502170392799474,1028100,27.603776741027833,28.537200355529784,31.247813758850096,-0.11513581751279611,42.16062044776289,-0.9355119377953685,-0.8706582559797927,-0.06485368181557571,31.16881616472689,27.603776741027833,24.038737317328774,0.32523184496654495,16350900,bear,hold
2024-11-11,26.107189178466797,26.1842582970298,25.61587285857539,26.12645691747573,887500,27.386537933349608,28.426972007751466,31.222339267730714,-0.14267637921531295,40.84268595958254,-0.9043151079347318,-0.8773896263707806,-0.026925481563951248,30.754958113609305,27.386537933349608,24.01811775308991,0.3100966200148795,15463400,bear,hold
2024-11-12,25.509904861450195,26.09755810180145,25.33649886675816,26.039756716061746,966100,27.217949199676514,28.36685806274414,31.191773958206177,-0.11674441125856694,37.8076442001315,-0.9172141741257569,-0.8853545359217758,-0.03185963820398108,30.607613861831098,27.217949199676514,23.82828453752193,0.24805113359788378,14497300,bear,hold
2024-11-13,25.028221130371094,25.635142081987123,24.7584801185176,25.375033102723112,1172200,27.001192092895508,28.295376434326172,31.15803500175476,-0.14763779259037058,35.51554004338655,-0.9552926099555101,-0.8993421507285227,-0.05595045922698738,30.36873028106976,27.001192092895508,23.633653904721257,0.20706034315321564,13325100,bear,hold
2024-11-14,25.066755294799805,25.6158729972173,24.864447709056513,25.346130162050486,1020800,26.763722610473632,28.226977462768556,31.131949682235717,-0.15928919239825212,35.85059497574947,-0.9711656663924231,-0.9137068538613029,-0.057458812531120174,29.96971132906279,26.763722610473632,23.557733891884475,0.23534415360940464,14345900,bear,hold
2024-11-15,24.267166137695312,24.8355516645141,24.103394005603914,24.575442659873705,1033600,26.506504249572753,28.16301010131836,31.100479459762575,-0.17490986123708296,32.12104641074541,-1.0363192967442956,-0.9382293424379016,-0.098089954306394,29.64626491223738,26.506504249572753,23.366743586908125,0.14339031657639528,13312300,bear,hold
2024-11-18,24.459835052490234,24.556171913251756,24.093757186563806,24.093757186563806,1131900,26.269998168945314,28.099620666503906,31.06992476463318,-0.1620462019463741,33.905297576499564,-1.0601860817742974,-0.9626206903051808,-0.09756539146911658,29.27531747001203,26.269998168945314,23.264678867878597,0.19884013392311173,14444200,bear,hold
2024-11-19,24.44057273864746,24.517641871077302,24.17082985640649,24.305700378790444,900600,26.048424530029298,28.032763175964355,31.037599792480467,-0.153486623443981,33.809612868649324,-1.0683398320413886,-0.9837645186524224,-0.08457531338896618,28.903384073043554,26.048424530029298,23.19346498701504,0.21841075728795228,13543600,bear,hold
2024-11-20,24.430936813354492,24.479104328021016,24.103392568698006,24.334599946548543,853000,25.84997148513794,27.941050910949706,31.01297457695007,-0.1397556766796657,33.75828833096848,-1.0633219628205595,-0.9996760074860498,-0.06364595533450967,28.57220100624695,25.84997148513794,23.127741964028928,0.23936167748167222,12690600,bear,hold
2024-11-21,25.384662628173828,25.500265374190413,24.51763468315936,24.633237429175946,891400,25.70450325012207,27.87419334411621,30.99842674255371,-0.10282610766363909,42.98393625080393,-0.971192262815002,-0.9939792585518403,0.02278699573683829,28.189359424911846,25.70450325012207,23.219647075332293,0.43564202524210466,13582000,bear,hold
2024-11-22,25.567703247070312,25.664038259251573,25.28832656682145,25.28832656682145,801600,25.543621444702147,27.79481201171875,30.98197235107422,-0.11178037780496541,44.57925086417045,-0.8733416249748558,-0.9698517318364435,0.09651010686158767,27.58724837119721,25.543621444702147,23.499994518207085,0.5058919272534413,14383600,bear,hold
2024-11-25,25.904882431030273,26.34803125519407,25.798913538001827,25.904882431030273,1247800,25.41645727157593,27.728532485961914,30.962277698516846,-0.08940061275094813,47.493712782549686,-0.7598279239582837,-0.9278469702608116,0.16801904630252795,26.98188191555107,25.41645727157593,23.851032627600787,0.6560040469958579,15631400,bear,hold
2024-11-26,25.317232131958008,26.107191115199168,25.191993656582,26.068655634322592,950500,25.334571361541748,27.64356372833252,30.938401308059692,-0.06075760409398223,43.22708432242533,-0.7091117669743312,-0.8840999296035156,0.17498816262918437,26.73182225268235,25.334571361541748,23.937320470401147,0.49379523402214975,14680900,bear,hold
2024-11-27,25.066755294799805,25.461734759257045,24.59470671136244,25.32686426041001,802400,25.300371837615966,27.56225570678711,30.920685663223267,-0.026561967740150627,41.51514428635845,-0.6812768986038016,-0.8435353234035728,0.16225842479977126,26.688657285196612,25.300371837615966,23.91208639003532,0.4158614882755981,13878500,bear,hold
2024-11-29,25.47136878967285,25.78927913715766,25.297962811504274,25.33649645250132,511300,25.3480583190918,27.461873092651366,30.901884355545043,0.038899733505602496,45.28477064538587,-0.6194282540090548,-0.7987139095246694,0.1792856555156146,26.690278265505913,25.3480583190918,24.005838372677683,0.5459352697411816,14389800,bear,hold
2024-12-02,26.280593872070312,26.37692888746823,25.4328317717766,25.538802493681473,961500,25.409713649749754,27.390969429016113,30.887224817276,0.049230751189242694,51.95467590912556,-0.4993587594599944,-0.7388428795117344,0.23948412005174002,26.803343724205632,25.409713649749754,24.016083575293877,0.8124502829994468,15351300,bear,hold
2024-12-03,25.991586685180664,26.136091064495805,25.615874931466724,26.136091064495805,1988200,25.455955219268798,27.31312957763672,30.873655061721802,0.03689473884849859,49.6278653436421,-0.42265122440038994,-0.6756045484894656,0.25295332408907567,26.862313215174492,25.455955219268798,24.049597223363104,0.6904321188030504,13363100,bear,hold
2024-12-04,26.038677215576172,26.78431965325992,25.862077001427902,26.637153431909706,1568100,25.489619159698485,27.248177261352538,30.861564264297485,0.026543198643724564,50.020633936738285,-0.35397968055404405,-0.6112795749023813,0.2572998943483372,26.917758735108624,25.489619159698485,24.061479584288346,0.6922284296757221,14931200,bear,hold
2024-12-05,25.51869010925293,26.24471181913026,25.342089879843815,26.126977709084116,1210000,25.447188758850096,27.16627429962158,30.845103931427,-0.032184109759956114,45.77611026273343,-0.33762368538905463,-0.556548396999716,0.2189247116106614,26.817767556860097,25.447188758850096,24.076609960840095,0.526084363229115,13721200,bear,hold
2024-12-06,25.783592224121094,25.9209471358413,25.528503194269053,25.646235441080563,810300,25.39969959259033,27.067126693725587,30.826476755142213,-0.03552799845433663,48.1881603162013,-0.2998298032573281,-0.5052046782512385,0.20537487499391038,26.64919690119152,25.39969959259033,24.15020228398914,0.6536188309042981,14531500,bear,hold
2024-12-09,26.283958435058594,26.764702487956082,25.76396905311464,25.783591717637872,1518800,25.39601421356201,26.99763904571533,30.811594915390014,-0.002796438065597817,52.487400170522555,-0.2268870946946393,-0.4495411615399187,0.22265406684527939,26.634574669370114,25.39601421356201,24.15745375775391,0.8584581670328076,16050300,bear,hold
2024-12-10,25.5677433013916,26.313387628301296,25.5284998480385,26.313387628301296,1241700,25.369041919708252,26.919414558410644,30.792510261535643,-0.02066273291190346,46.53511590176842,-0.22428661181474752,-0.4044902515948845,0.18020363978013698,26.56731826259771,25.369041919708252,24.170765576818795,0.5829113346276252,14808600,bear,hold
2024-12-11,26.18584442138672,26.333010648269667,25.68547775292862,25.793400525925495,1594600,25.402838897705077,26.88206771850586,30.77752046585083,0.02649714154590921,51.63287805414276,-0.1703860118173317,-0.35766940363937394,0.18728339182204223,26.652143521373805,25.402838897705077,24.15353427403635,0.8133765411762645,16403200,bear,hold
2024-12-12,25.88170051574707,26.077923412411085,25.57755671010606,25.871891055102076,1055900,25.44551286697388,26.827270317077637,30.761775159835814,0.03410068102444175,49.14954639950606,-0.15047666797503112,-0.3162308565065054,0.16575418853147428,26.69901666339164,25.44551286697388,24.192009070556118,0.6739873664602057,15347300,bear,hold
2024-12-13,26.038677215576172,26.431121096283416,25.79339955621914,26.185843436926383,1451900,25.494108963012696,26.787558135986327,30.743610353469847,0.038773343791248305,50.473541636762796,-0.12064098756549058,-0.2771128827183025,0.1564718951528119,26.760403863352895,25.494108963012696,24.227814062672497,0.7150242618908019,16799200,bear,hold
2024-12-16,26.470367431640625,26.774513109718953,25.970000727497826,26.048489512187665,1334500,25.60426902770996,26.729312896728516,30.717799549102782,0.09078939343160375,54.01914634987852,-0.06145380205925122,-0.23398106658649223,0.17252726452724101,26.80614264644246,25.60426902770996,24.402395408977462,0.8603117625811835,18133700,bear,hold
2024-12-17,26.11716651916504,26.70583141645423,25.911132308057766,26.421310298940465,1302600,25.6871356010437,26.672095909118653,30.68792706489563,0.06775726259470716,50.81384132166527,-0.0425573186600019,-0.19569631700119416,0.15313899834119227,26.786089495491314,25.6871356010437,24.588181706596085,0.6956546677226586,16831100,bear,hold
2024-12-18,25.06737518310547,26.951107617595696,24.802476742234635,26.42130886453405,1550800,25.7184757232666,26.59234172821045,30.6564404296875,0.02564598019697195,42.703314205878115,-0.11101143603958619,-0.17875934080887257,0.06774790476928638,26.70326384780166,25.7184757232666,24.73368759873154,0.16942100339170454,15280300,bear,hold
2024-12-19,24.655311584472656,25.450012615482617,24.60625679697237,25.13605748431235,1543400,25.72969446182251,26.49760269165039,30.61155860900879,0.00918404287286756,40.004215529981984,-0.19624966195681282,-0.18225740503846063,-0.01399225691835218,26.659111762146807,25.72969446182251,24.800277161498215,-0.07798734592899063,13736900,bear,hold
2024-12-20,24.79266929626465,25.35190212874396,24.3315460424994,24.58663506406054,4242200,25.700094795227052,26.411198387145998,30.562915678024293,-0.023320906036077838,41.33530568706557,-0.249837974062892,-0.1957735188433469,-0.05406445521954509,26.70612948450144,25.700094795227052,24.694060105952666,0.04900884202268698,17979100,bear,hold
2024-12-23,25.773778915405273,25.871890361105507,24.979077889421564,25.18511211252407,924800,25.710398578643797,26.330929069519044,30.52486967086792,0.008059999224160785,49.88757426344741,-0.21071080767253036,-0.19876097660918363,-0.011949831063346739,26.71501865097026,25.710398578643797,24.705778506317333,0.5315444308288118,18903900,bear,hold
2024-12-24,25.969999313354492,26.087733419638397,25.567744079808037,25.79340096090884,370700,25.71365442276001,26.24128974914551,30.49389729499817,0.0025136914825838463,51.413152696119575,-0.16200144832604124,-0.19140907095255516,0.02940762262651392,26.72119241319126,25.71365442276001,24.706116432328756,0.6272135110680847,19274600,bear,hold
2024-12-26,25.901321411132812,26.156410410850434,25.528500178511734,25.705100399187018,593200,25.74285888671875,26.181682586669922,30.460280656814575,0.023070818963559114,50.829887827942784,-0.12747125359275913,-0.17862150748059596,0.05115025388783684,26.736506134225536,25.74285888671875,24.749211639211964,0.5797378168216484,18681400,bear,hold
2024-12-27,25.5677433013916,25.82283229780703,25.400954414170748,25.734532188612455,615800,25.76790828704834,26.105770187377928,30.42954993247986,0.019986153002248708,47.98254310159206,-0.12557523794242087,-0.16801225357296096,0.04243701563054009,26.7163463940928,25.76790828704834,24.81947018000388,0.39447651661714894,18065600,bear,hold
2024-12-30,25.302845001220703,25.53831133675213,24.880967114981864,25.11643345051329,707400,25.75948209762573,26.015504188537598,30.405260248184206,-0.006616204643092205,45.78898941149011,-0.1437901870853615,-0.16316784027544107,0.019377653190079558,26.721209958034045,25.75948209762573,24.79775423721742,0.2625954725845429,17358200,bear,hold
2024-12-31,25.204734802246094,25.548123926895368,25.028134574065316,25.381335030426875,931700,25.70568914413452,25.93136821746826,30.381486654281616,-0.04093739567154864,44.96901917168548,-0.1642489786444976,-0.16338406794925237,-0.0008649106952452468,26.665159397012417,25.70568914413452,24.746218891256625,0.2389422233853354,16426500,bear,hold
2025-01-02,25.51869010925293,26.17603436798676,25.381335206965925,25.64623367975941,1291900,25.682044315338135,25.85794288635254,30.360289459228515,-0.018194217292527237,48.167734412041064,-0.15336129536242638,-0.16137951343188717,0.008018218069460792,26.635455612447846,25.682044315338135,24.728633018228425,0.4143317230557168,17718400,bear,hold
2025-01-03,26.028867721557617,26.205466076848783,25.47944437847343,25.76396738164062,857300,25.681553840637207,25.801079330444335,30.341691102981567,-0.00037672781675279765,52.95332471553039,-0.1023854229164094,-0.14958069532879162,0.04719527241238222,26.63424058301824,25.681553840637207,24.728867098256174,0.6822812607071527,18575700,bear,hold
2025-01-06,26.22509002685547,26.98054575717318,26.126978577110787,26.33301280870664,1605000,25.716873836517333,25.757581176757814,30.321293601989748,0.02768166839983688,54.686239044838935,-0.045627214475786104,-0.1287899991581905,0.0831627846824044,26.69483263872648,25.716873836517333,24.738915034308185,0.7598351736239332,20180700,bear,hold
2025-01-07,26.058300018310547,26.81375571658235,25.920945117286646,26.597912033356195,860500,25.730609226226807,25.7128666305542,30.299774560928345,0.010654364675084294,52.90250249277325,-0.013943750259780785,-0.10582074937850856,0.09187699911872778,26.719584895275524,25.730609226226807,24.74163355717809,0.6656718169815751,19320200,bear,hold
2025-01-08,25.528501510620117,25.813022647750216,25.214546378068203,25.79340185545587,774500,25.692836380004884,25.647729873657227,30.27570240020752,-0.02874212901778206,47.59225985306566,-0.031224748991668605,-0.09090154930114057,0.059676800309471964,26.65163571181636,25.692836380004884,24.734037048193407,0.4143017397215504,18545700,bear,hold
2025-01-10,25.096813201904297,25.29303610271354,24.792669389838213,25.224356777506113,860600,25.66928987503052,25.580702819824218,30.248417196273802,-0.018418915347201303,43.73962830105728,-0.07884482961658179,-0.08849020536422882,0.009645375747647025,26.661760266125054,25.66928987503052,24.676819483935983,0.21159004930370184,17685100,bear,hold
2025-01-13,24.939834594726562,24.99870071399815,24.47871322967875,24.714179578085304,982100,25.60698938369751,25.540400505065918,30.221833114624022,-0.047583335737017673,42.39563482548491,-0.12777800299083708,-0.09634776488955048,-0.0314302381012866,26.618190329918598,25.60698938369751,24.595788437476422,0.17011760053027022,16703000,bear,hold
2025-01-14,24.831911087036133,25.42057787641685,24.527767296528815,25.204734197882647,887900,25.554499912261964,25.522023811340333,30.189100980758667,-0.04056106854618069,41.45258645231256,-0.17326908242470296,-0.11173202839658097,-0.061537054028121985,26.611175267879194,25.554499912261964,24.497824556644733,0.15808380909775793,15815100,bear,hold
2025-01-15,24.802480697631836,25.55793456096825,24.792669365468992,25.45982498198033,1732300,25.492690086364746,25.527720642089843,30.158570528030396,-0.04747539622346297,41.183556080944285,-0.20928338845870442,-0.13124230040900567,-0.07804108804969875,26.573200167985778,25.492690086364746,24.412180004743714,0.180609463774079,14082800,bear,hold
2025-01-16,24.979076385498047,25.920943587664702,24.959455594595457,25.332276820225548,1354000,25.418125534057616,25.52635242462158,30.13098427772522,-0.05633813168607571,43.550973839690116,-0.2210273239152869,-0.14919930511026191,-0.07182801880502498,26.421545563303646,25.418125534057616,24.414705504811586,0.28122364724497745,15436800,bear,hold
2025-01-17,25.42057991027832,25.783591718691824,24.979079315088963,25.597180148354063,1580000,25.38329620361328,25.533428916931154,30.10958415031433,-0.02667159963067034,49.0702995471347,-0.1924899286476318,-0.1578574298177359,-0.034632498829895914,26.334226785241526,25.38329620361328,24.432365621985035,0.5196038004168507,17016800,bear,hold
2025-01-21,26.21527671813965,27.176766607557706,25.656043929476972,25.67566659221043,2620100,25.44069128036499,25.550426483154297,30.09047978401184,0.04579264987455978,57.18507856607162,-0.10454333596012688,-0.14719461104621412,0.04265127508608724,26.44546453279813,25.44069128036499,24.43591802793185,0.88545285510882,19636900,bear,hold
2025-01-22,26.028867721557617,26.79413287511317,25.96999973180706,26.362445511530098,1165300,25.509369087219238,25.543657875061037,30.073559160232545,0.05571035402975788,54.972488018909154,-0.049318166647854156,-0.12761932216654212,0.07830115551868796,26.477113255911895,25.509369087219238,24.54162491852658,0.7684070083523104,18471600,bear,hold
2025-01-23,25.4107666015625,25.881699285588397,25.40095527006361,25.548123371226826,1168900,25.54027395248413,25.517205696105957,30.052876930236817,0.02493064776171461,48.29925746167429,-0.054795765315653,-0.1130546107963643,0.058258845480711294,26.452371044473324,25.54027395248413,24.62817686049494,0.4290057209593833,17302700,bear,hold
2025-01-24,25.204734802246094,25.56774471899976,25.0379459057776,25.518689931758512,1383000,25.511821746826172,25.49414707183838,30.02867193222046,-0.022078412134553416,46.28244089603652,-0.07489846318813775,-0.105423381274719,0.03052491808658124,26.428498016789927,25.511821746826172,24.595145476862417,0.3324997850155867,15919700,bear,hold
2025-01-27,23.271944046020508,24.41003225528822,22.95798893605977,24.243243369206567,2650200,25.376918983459472,25.437442169189453,29.983250608444212,-0.10389123368003206,32.55079014953658,-0.24397763480208923,-0.13313423198019303,-0.1108434028218962,26.691805080457275,25.376918983459472,24.06203288646167,-0.3004400313628387,13269500,bear,hold
2025-01-28,23.61533546447754,23.664392124793345,22.91874772987532,23.30138032373737,1636900,25.26261968612671,25.39955078125,29.945969543457032,-0.08825750278797428,36.173999324447855,-0.34627365171898816,-0.17576211592795205,-0.17051153579103612,26.760052104713566,25.26261968612671,23.76518726753985,-0.05003624911624673,14906400,bear,hold
2025-01-29,24.056838989257812,24.096082450983793,23.419117297816705,23.93910486143892,1336800,25.18707447052002,25.380123138427734,29.9054313659668,-0.05909415994690281,40.592616599491116,-0.38725431083985384,-0.21806055491033244,-0.1691937559295214,26.765566429162988,25.18707447052002,23.608582511877053,0.14198883780381324,16243200,bear,hold
2025-01-30,24.400224685668945,24.665123160643624,24.096079011928797,24.380602021946316,1330600,25.14194345474243,25.366792526245117,29.872266464233398,-0.03567268089846076,43.848599074709426,-0.38755591914573984,-0.25195962775741393,-0.1355962913883259,26.755831797468886,25.14194345474243,23.528055112015977,0.27020753250486684,17573800,bear,hold
2025-01-31,24.1451358795166,24.9005897261525,24.007779103593524,24.586634589163,1419200,25.088963508605957,25.364351921081543,29.842955198287964,-0.04203967750674631,42.00674772452315,-0.4037245948716688,-0.2823126211802649,-0.12141197369140388,26.75969526498072,25.088963508605957,23.418231752231193,0.21754064484375418,16154600,bear,hold
2025-02-03,23.527036666870117,23.85080315783364,22.88931501755656,23.546659332097086,1234300,24.989380836486816,25.34569595336914,29.810984840393065,-0.07804685247777077,37.8572167711096,-0.4610985703680974,-0.31806981101783144,-0.143028759350266,26.778980755166913,24.989380836486816,23.19978091780672,0.09143265644110046,14920300,bear,hold
2025-02-04,23.80174446105957,23.92928802146874,23.419111908512015,23.566278130928765,998900,24.878024673461915,25.332919387817384,29.785708827972414,-0.08556358595089786,40.66268475655098,-0.4788809941365919,-0.35023204764158355,-0.12864894649500835,26.672197609375857,24.878024673461915,23.083851737547974,0.20006229866183603,15919200,bear,hold
2025-02-05,24.429658889770508,24.498336347326415,23.625148321852116,23.8311825658402,1132500,24.788253116607667,25.332893829345704,29.768989067077637,-0.06846234408523943,46.59729297257755,-0.4372657193670264,-0.36763878198667216,-0.06962693738035425,26.480621326017282,24.788253116607667,23.09588490719805,0.3940554942939235,17051700,bear,hold
2025-02-06,24.13532257080078,24.50814379761035,24.007777137270086,24.30211145758087,1097600,24.692104244232176,25.307907028198244,29.753050565719604,-0.07379519946268698,44.3577384905102,-0.42315789455806296,-0.3787426045009503,-0.044415290057112644,26.301387179768536,24.692104244232176,23.082821308695816,0.327009389978455,15954100,bear,hold
2025-02-07,23.870424270629883,24.47871375386279,23.71344670166402,24.253056861069155,1377600,24.609200382232665,25.273961448669432,29.73358257293701,-0.06495004179154262,42.3834211720952,-0.4284139316067517,-0.38867686992211065,-0.03973706168464103,26.20839357995155,24.609200382232665,23.01000718451378,0.2690159911083341,14576500,bear,hold
2025-02-10,23.899858474731445,24.488523427820788,23.7330695723374,24.05683604506464,2725700,24.549352645874023,25.233860969543457,29.711864976882936,-0.04769349468967754,42.68866430197302,-0.42530167162702526,-0.3960018302630936,-0.029299841363931656,26.160616687987304,24.549352645874023,22.938088603760743,0.29845197491941694,17302200,bear,hold
2025-02-11,21.191993713378906,22.73233737426442,21.182182380793098,21.849338026065375,5336000,24.36196060180664,25.151356201171875,29.674690656661987,-0.15027529020341313,27.99481925232216,-0.6340285523590481,-0.4436071746822845,-0.1904213776767636,26.525195510579437,24.36196060180664,22.198725693033843,-0.23269132158792133,11966200,bear,hold
2025-02-12,21.43726921081543,21.76103566759017,21.054634764576075,21.093880090885815,3511400,24.192228507995605,25.078766479492188,29.637640209197997,-0.13670481761643094,30.333957591763465,-0.7707694756172998,-0.5090396348692876,-0.2617298407480122,26.688414116208563,24.192228507995605,21.696042899782647,-0.0518338235978525,15477600,bear,hold
2025-02-13,21.770849227905273,21.81990401949416,21.388214742494643,21.49613752957461,1929400,24.040646934509276,25.004756088256837,29.599717102050782,-0.1222309778882733,33.49810514098084,-0.8425086081387647,-0.5757334295231831,-0.26677517861558164,26.73084556538881,24.040646934509276,21.35044830362974,0.07813566616419083,17407000,bear,hold
2025-02-14,22.08480453491211,22.143670659481778,21.42746021803633,21.770849375446726,2011400,23.89593334197998,24.92084030151367,29.559289274215697,-0.11586784899165636,36.42478945471859,-0.8640683757018905,-0.6334004187589246,-0.23066795694296593,26.678438420079747,23.89593334197998,21.113428263880213,0.17455067354185577,19418400,bear,hold
2025-02-18,22.457624435424805,22.712713454605527,21.918014272251895,22.290835533318955,1963000,23.747785568237305,24.850161056518555,29.51650724411011,-0.11655735177211679,39.8121884425387,-0.8413723795842145,-0.6749948109239827,-0.1663775686602318,26.505208373808074,23.747785568237305,20.990362762666535,0.2660567087850997,21381400,bear,hold
2025-02-19,22.290834426879883,22.742146321896616,22.27121363508623,22.369323208014947,1413500,23.551563453674316,24.77520420074463,29.48257417678833,-0.14970058616792126,38.81576860647598,-0.827307512884957,-0.7054573513161776,-0.12185016156877937,26.131526024410327,23.551563453674316,20.971600882938304,0.2556691246038557,19967900,bear,hold
2025-02-20,22.575355529785156,22.8598766357303,22.41837798071473,22.41837798071473,1509700,23.378887844085693,24.716337509155274,29.443688344955444,-0.13268007770127455,41.5052724662729,-0.7841631844656298,-0.721198517946068,-0.06296466651956178,25.724123119449295,23.378887844085693,21.03365256872209,0.32868833614658177,21477600,bear,hold
2025-02-21,21.819902420043945,22.712713035023047,21.682547516607222,22.712713035023047,1165800,23.199344635009766,24.63706371307373,29.397765636444092,-0.14131270566617826,36.87086985818565,-0.8016883811026005,-0.7372964905773746,-0.06439189052522598,25.442459945145764,23.199344635009766,20.956229324873767,0.19251642821648213,20311800,bear,hold
2025-02-24,21.535381317138672,22.094614134998874,21.535381317138672,21.947447899454644,1665800,23.015876960754394,24.542092170715332,29.350276517868043,-0.1455819120453682,35.27341127751275,-0.8289797384590223,-0.7556331401537042,-0.07334659830531809,25.171419023590172,23.015876960754394,20.860334897918616,0.15658391243174852,18646000,bear,hold
2025-02-25,21.309722900390625,21.7806574402528,21.16255667538623,21.53537977480545,1881400,22.9177659034729,24.456931762695312,29.299693794250487,-0.08431702747950798,34.01467629617996,-0.8589160347214886,-0.7762897190672611,-0.08262631565422751,25.193054177850144,22.9177659034729,20.64247762909566,0.1466287324575596,16764600,bear,hold
2025-02-26,21.721790313720703,22.045556770084662,21.505946633251444,21.76103563998065,1857500,22.82308864593506,24.367650680541992,29.25232183456421,-0.08018286056554769,38.34161183451111,-0.8397107064025384,-0.7889739165343166,-0.05073678986822183,25.131731637587862,22.82308864593506,20.514445654282255,0.26148362128829755,18622100,bear,hold
2025-02-27,20.58370018005371,22.428189177603986,20.554268059353642,22.428189177603986,1764900,22.649431705474854,24.261690673828124,29.198828020095824,-0.14437220163276543,32.08392727543311,-0.9058822609021213,-0.8123555854078777,-0.09352667549424365,25.080017990576106,22.649431705474854,20.2188454203736,0.07505488735712815,16857200,bear,hold
2025-02-28,20.701438903808594,20.936905278638328,20.171638156951385,20.485593323391033,2395600,22.464492416381837,24.154945907592772,29.145922899246216,-0.15158818533473462,33.296805731184705,-0.9380103639751738,-0.837486541121337,-0.10052382285383676,24.896943753179908,22.464492416381837,20.032041079583767,0.13759737226767735,19252800,bear,hold
2025-03-03,19.887115478515625,21.044826470314167,19.73013790721958,20.90746969193993,2729300,22.251591396331786,24.023280868530275,29.088658542633056,-0.17635106392643018,29.387738249143254,-1.0174526511472273,-0.8734797631265152,-0.14397288802071206,24.800939158891993,22.251591396331786,19.70224363377158,0.0362586555390908,16523500,bear,hold
2025-03-04,20.014657974243164,20.573890775746108,19.553536617340068,19.916546529643313,3460200,22.075972461700438,23.901230697631835,29.02910786628723,-0.149291164134281,30.75886449155591,-1.0579245271795799,-0.9103687159371282,-0.14755581124245165,24.731387320627427,22.075972461700438,19.42055760277345,0.11186582945268696,19983700,bear,hold
2025-03-05,20.32861328125,20.37766993964762,19.66145956892395,20.299181157531603,2299000,21.90231590270996,23.806455459594726,28.968826093673705,-0.1459191861122502,34.14855636336854,-1.0525322741994891,-0.9388014275896004,-0.11373084660988875,24.53776590099016,21.90231590270996,19.266865904429764,0.20143568982775145,22282700,bear,hold
2025-03-06,19.57316017150879,20.083336338275327,19.367125941338255,19.73013774148622,2679600,21.659490966796874,23.704812431335448,28.90874562263489,-0.19879519154052916,30.304203196233075,-1.0965769705141035,-0.9703565361745011,-0.1262204343396024,24.21237985286672,21.659490966796874,19.106602080727026,0.09137845625158131,19603100,bear,hold
2025-03-07,20.348234176635742,20.41691162110514,19.278823443646555,19.77919008790645,2833700,21.47013654708862,23.61592372894287,28.85383481025696,-0.15691061857804656,38.01434658148805,-1.0567590544483174,-0.9876370398292644,-0.06912201461905298,23.813585229530503,21.47013654708862,19.12668786464674,0.26063005371983367,22436800,bear,hold
2025-03-10,19.445615768432617,20.132394077379054,19.386749644366457,19.88711637722966,1897100,21.24889612197876,23.48936046600342,28.792253799438477,-0.1853678196931564,33.38281601824568,-1.0855235908978962,-1.0072143500429909,-0.07830924085490532,23.476770236445923,21.24889612197876,19.021022007511597,0.09529123709545179,20539700,bear,hold
2025-03-11,18.86676025390625,19.425993111058865,18.65091655136394,19.347504321832538,2408800,20.9972412109375,23.347295684814455,28.72936040878296,-0.2105911307444155,30.791840415157893,-1.1418657776978414,-1.034144635573961,-0.1077211421238804,23.104252428885147,20.9972412109375,18.890229992989852,-0.005569438568642919,18130900,bear,hold
2025-03-12,19.053173065185547,19.25920544851557,18.82751801544682,19.200339320609913,1911300,20.89030017852783,23.210332717895508,28.665385751724244,-0.10092588159098415,32.6059038612613,-1.1581252635764017,-1.058940761174449,-0.09918450240195265,23.1579079970295,20.89030017852783,18.62269236002616,0.09491956714186757,20042200,bear,hold
2025-03-13,18.711261749267578,19.3418671333338,18.593024179431307,19.006859432562834,1878900,20.75399980545044,23.073203086853027,28.602721481323243,-0.12716206690041187,31.000844502203975,-1.1849411450806784,-1.084140837955695,-0.10080030712498345,23.19480719697236,20.75399980545044,18.313192413928522,0.08154460215126749,18163300,bear,hold
2025-03-14,19.32216453552246,19.351722991993547,18.829503547910793,18.829503547910793,1856600,20.6315655708313,22.95358947753906,28.54066704750061,-0.11247538700714332,36.97091138801695,-1.1437141502607808,-1.096055500416712,-0.04765864984406876,23.10154817274038,20.6315655708313,18.161582968922218,0.23493719463918789,20019900,bear,hold
2025-03-17,19.30245590209961,19.5093725961242,18.849206857158713,19.006860087963805,2441200,20.492448139190675,22.835543899536134,28.476788396835328,-0.12598475247603425,36.86010594616384,-1.0999522173813645,-1.0968348438096427,-0.0031173735717218154,22.932596745228246,20.492448139190675,18.052299533153104,0.25616398236019094,17578700,bear,hold
2025-03-18,19.263042449951172,19.35172157156035,18.89847439831556,19.13495142948924,1353000,20.33271903991699,22.710430946350098,28.417170658111573,-0.14224932804711432,36.623712221724205,-1.0562748277767824,-1.0887228406030707,0.032448012826288286,22.652670714762564,20.33271903991699,18.01276736507142,0.26946145008882083,16225700,bear,hold
2025-03-19,19.282751083374023,19.647321047341066,19.016713694480714,19.332018310587166,1727500,20.1823148727417,22.575508613586425,28.35712417602539,-0.13494709466230193,36.84183728552761,-1.0084451320838816,-1.072667298899233,0.06422216681535131,22.360693510128975,20.1823148727417,18.003936235354423,0.2935244649555958,17953200,bear,hold
2025-03-20,19.13495445251465,19.400991859371956,18.96744962738442,19.08568910132745,1606500,20.010294818878172,22.43370590209961,28.296578369140626,-0.1523963187526044,35.845500581463625,-0.9712695161869611,-1.0523877423567787,0.08111822616981756,21.934101967430088,20.010294818878172,18.086487670326257,0.2724978912199156,16346700,bear,hold
2025-03-21,19.13495445251465,19.233487034241726,18.652146869339912,18.79994480225419,14880300,19.87604742050171,22.29523899078369,28.23732681274414,-0.1230504113099462,35.845500581463625,-0.9310747229208616,-1.0281251384695953,0.09705041554873373,21.644451420240955,19.87604742050171,18.107643420762464,0.2904627652684746,31227000,bear,hold
2025-03-24,19.588199615478516,19.864090439121377,19.42069480815115,19.568494604709546,2564000,19.7786883354187,22.17643295288086,28.183613853454588,-0.0904177953937837,41.474698516568154,-0.852816228325846,-0.9930633564408455,0.1402471281149995,21.37719733325594,19.7786883354187,18.18017933758146,0.44041675079780196,33791000,bear,hold
2025-03-25,19.400989532470703,19.745852587477213,19.29260351763517,19.50937366795378,1719000,19.683251667022706,22.06251647949219,28.121036176681518,-0.08957100835341847,39.91674236199123,-0.7967180271785139,-0.9537942905883793,0.15707626340986536,21.124957703214005,19.683251667022706,18.241545630831407,0.40210829133459025,32072000,bear,hold
2025-03-26,19.075834274291992,19.59805372474172,18.93788791811915,19.292604434917113,1727000,19.55095386505127,21.945236473083497,28.057986001968384,-0.12181113992972192,37.29624722869724,-0.7696253485596358,-0.9169605021826307,0.14733515362299487,20.66951037955853,19.55095386505127,18.432397350544008,0.2876193180240993,30345000,bear,hold
2025-03-27,18.051097869873047,19.046273267462762,17.932860288005394,18.937887251290352,3872300,19.424323749542236,21.809620208740235,27.989860191345215,-0.12303921491408232,30.500447845147647,-0.8213735859080735,-0.8978431189277193,0.07646953301964576,20.61748280958222,19.424323749542236,18.23116468950225,-0.075458011282741,26472700,bear,hold
2025-03-28,18.031389236450195,18.267868136026987,17.95256356304203,18.031389236450195,2932500,19.290821266174316,21.6741983795166,27.915869493484497,-0.12897894101782315,30.38577127131643,-0.8541288926403432,-0.8891002736702441,0.03497138102990094,20.480016615305455,19.290821266174316,18.101625917043176,-0.029531178642893927,23540200,bear,hold
2025-03-31,17.79491424560547,17.89344681844067,17.35152048687584,17.735795453645355,2144800,19.18621120452881,21.53051513671875,27.841176958084105,-0.10520385599260962,28.977943762338185,-0.8889223214849729,-0.8890646832331899,0.00014236174821702363,20.507894496285317,19.18621120452881,17.864527912772303,-0.026335230081602268,21395400,bear,hold
2025-04-01,17.844181060791016,18.10036499252223,17.479611113501697,17.725941600241043,3336300,19.077687358856203,21.378987159729004,27.759234571456908,-0.10844436693573944,29.708637023122733,-0.9021218451919211,-0.8916761156249362,-0.010445729566984863,20.46429516017573,19.077687358856203,17.691079557536675,0.05520721256170847,24731700,bear,hold
2025-04-02,18.35654640197754,18.395960180564582,17.558436179113926,17.61755496764209,4663900,18.979084014892578,21.221812553405762,27.682448825836182,-0.0970094148572046,36.97121389194485,-0.8613103126717512,-0.8856029550342993,0.024292642362548134,20.273238735237545,18.979084014892578,17.68492929454761,0.2594809943786717,29395600,bear,hold
2025-04-03,15.617353439331055,17.6865299308651,15.60749999421036,17.440199440905154,5379300,18.781293678283692,21.01358226776123,27.593024320602417,-0.2021036305591527,23.18144778652973,-1.0380310826443093,-0.9160885805563014,-0.12194250208800794,20.706913985542837,18.781293678283692,16.855673371024547,-0.3215379291092102,24016300,bear,hold
2025-04-04,14.661590576171875,15.213370336210582,13.863479391520606,15.164104990964296,3751500,18.496961498260497,20.79859874725342,27.490123472213746,-0.27946619599028344,20.331857309640625,-1.2409013036708991,-0.981051125179221,-0.25985017849167813,21.004542930273548,18.496961498260497,15.989380066247445,-0.2647550091742464,20264800,bear,hold
2025-04-07,15.14439868927002,16.119868161655006,13.824067088386895,14.247755839628088,3652700,18.281900644302368,20.597392024993898,27.37320264339447,-0.221192125278185,25.32556299442365,-1.3471892763229825,-1.0542787554079733,-0.29291052091500913,21.140380388386255,18.281900644302368,15.42342090021848,-0.048806050056143316,23917500,bear,hold
2025-04-08,14.701003074645996,15.932655470714352,14.375846917258047,15.676471546809845,4693500,18.073612785339357,20.425973205566407,27.257476568222046,-0.22079875522867043,23.84721256940989,-1.4504813349654455,-1.133519271319468,-0.31696206364597757,21.312983780896566,18.073612785339357,14.83424178978215,-0.020565522646046105,19224000,bear,hold
2025-04-09,17.71608543395996,17.71608543395996,14.64188154442888,14.85865260257161,4083800,18.006758403778075,20.307988204956054,27.161727294921874,-0.0701766381195974,46.65210541221209,-1.2743590692276214,-1.1616872309010988,-0.11267183832652261,21.217568878805828,18.006758403778075,14.795947928750325,0.45473526511782,23307800,bear,hold
2025-04-10,15.755297660827637,16.898270965649292,15.31190297391251,16.750473049902993,2689900,17.85896019935608,20.141957378387453,27.06160403728485,-0.15797780652369142,38.56409857890258,-1.2782650472700503,-1.1850027941748893,-0.09326225309516101,21.196096212807536,17.85896019935608,14.521824185904624,0.1848101890290178,20617900,bear,hold
2025-04-11,16.29722785949707,16.34649321101297,15.380877098544532,15.77500648840615,2409800,17.70771336555481,19.979897441864015,26.954868206977846,-0.15655268179008897,41.578759566682,-1.2235272643921142,-1.1927076882183343,-0.03081957617377995,21.0400672704893,17.70771336555481,14.375359460620322,0.2883649896895526,23027700,bear,hold
2025-04-14,16.73076629638672,17.233280717503245,16.326784446355244,17.00665711955436,2529200,17.579128885269164,19.831610050201416,26.850684514045714,-0.13323121258539738,43.948351560269536,-1.1321139436459262,-1.1805889393038527,0.048474995657926456,20.853375521835957,17.579128885269164,14.304882248702368,0.3704491928909801,25556900,bear,hold
2025-04-15,16.82929801940918,17.055921605938035,16.661793220811244,16.927830585528973,1529100,17.457441663742067,19.697655277252196,26.74809865474701,-0.12634268116603575,44.4993294651179,-1.039732156681783,-1.1524175827794387,0.11268542609765575,20.6522493581663,17.457441663742067,14.262633969317832,0.40169304314792403,27086000,bear,hold
2025-04-16,15.91295051574707,16.35634618397283,15.410436991218411,16.08045533714873,2037300,17.288951635360718,19.539879398345946,26.63535698413849,-0.17475725082259985,40.51102894659692,-1.02860341041589,-1.127654748306729,0.09905133789083886,20.436010632498213,17.288951635360718,14.141892638223222,0.28138301174759806,25048700,bear,hold
2025-04-17,15.735591888427734,15.981921437563615,15.637059317032389,15.804565064274973,1690200,17.118983507156372,19.365998058319093,26.52067135334015,-0.17765198096095713,39.768102063122804,-1.0223105975958298,-1.1065859181645492,0.08427532056871945,20.215669428190857,17.118983507156372,14.022297586121885,0.27663352790610135,23358500,bear,hold
2025-04-21,15.656765937805176,15.686325332844708,15.01630611410711,15.01630611410711,2671400,16.9450740814209,19.19642692565918,26.405687704086304,-0.18177145513154758,39.42207200300701,-1.0120181779420712,-1.0876723701200537,0.07565419217798253,19.958921126911555,16.9450740814209,13.931227035930242,0.28626849269884147,20687100,bear,hold
2025-04-22,15.725738525390625,16.011481856316294,15.489261480419637,15.843977047876118,1789800,16.751951026916505,19.033533210754396,26.29066445350647,-0.19718305744831133,39.91472260719783,-0.9869192589422333,-1.0675217478844896,0.0806024889422563,19.550918922189833,16.751951026916505,13.952983131643176,0.3166801942853892,22476900,bear,hold
2025-04-23,16.159278869628906,16.9278306322622,16.011480959717378,16.671646711384437,2524400,16.589865493774415,18.878721618652342,26.178962202072142,-0.16708996504617812,43.049863457678455,-0.9214235056675975,-1.0383020994411112,0.11687859377351373,19.118878236917084,16.589865493774415,14.060852750631746,0.414870610021039,25001300,bear,hold
2025-04-24,17.134748458862305,17.134748458862305,16.336638189289943,16.632234028582666,2304500,16.49281120300293,18.797576713562012,26.068821678161623,-0.10175627380269492,49.44202258443266,-0.7817933783977082,-0.9870003552324307,0.20520697683472244,18.769123713871412,16.49281120300293,14.216498692134447,0.641003762179925,27305800,bear,hold
2025-04-25,17.292402267456055,17.4007883008781,16.799741212778073,16.799741212778073,2113800,16.45487642288208,18.714679374694825,25.95375117301941,-0.04203044091203123,50.41078100880095,-0.6509108565930504,-0.9197824555045547,0.26887159891150436,18.64988443284622,16.45487642288208,14.25986841291794,0.69077967842761,29419600,bear,hold
2025-04-28,17.223426818847656,17.538729534533733,17.085482350573105,17.15445458471038,2937200,16.414478302001953,18.623730926513673,25.83122401237488,-0.04480866155167096,49.9597351721407,-0.5464520977280429,-0.8451163839492524,0.29866428622120944,18.519849419663405,16.414478302001953,14.309107184340501,0.6921154209012437,26482400,bear,hold
2025-04-29,16.770179748535156,17.400785184180798,16.4351701410103,17.400785184180798,3911700,16.363241577148436,18.517438430786132,25.71354239463806,-0.05758580698546356,46.984785286591695,-0.49454027690172,-0.7750011625397459,0.28046088563802596,18.379741207726838,16.363241577148436,14.346741946570035,0.6009021190026195,22570700,bear,hold
2025-04-30,17.19386863708496,17.233280537495823,16.29722582034645,16.50414252604651,2876000,16.330725955963135,18.412163314819335,25.597114276885986,-0.036443948954036576,49.98307286587788,-0.4144342919608661,-0.70288778842397,0.2884534964631039,18.270157215207973,16.330725955963135,14.391294696718298,0.7225246904233951,25446700,bear,hold
2025-05-01,17.223426818847656,17.587996758454953,17.115042684925836,17.440198845396157,2797200,16.27406997680664,18.31081516265869,25.47694164276123,-0.06172836427487327,50.194696261309026,-0.3445923771006534,-0.6312287061593067,0.2866363290586533,18.03109794461485,16.27406997680664,14.517042008998429,0.7701598550036982,28243900,bear,hold
2025-05-02,17.87373924255371,18.100364715189443,17.499317735361856,17.56828996989569,1866900,16.386889266967774,18.216782836914064,25.3516113948822,0.1444793967164839,54.732656622919144,-0.23406917493903023,-0.5517967999152514,0.3177276249762212,18.247471847926427,16.386889266967774,14.526306686009121,0.8995657034529064,30110800,bear,hold
2025-05-05,17.509170532226562,17.893445470038138,17.49931708775032,17.637261551712964,1648900,16.529268264770508,18.130568199157715,25.241084470748902,0.19422039793435486,51.87889404504729,-0.17389187179075805,-0.4762158142903528,0.30232394249959477,18.272039723592137,16.529268264770508,14.78649680594888,0.7811333243082295,28461900,bear,hold
2025-05-06,17.223426818847656,17.400785066259182,16.996803226867343,17.164308029494624,1572400,16.63321967124939,18.044329109191896,25.128215856552124,0.1372803352734402,49.691942021781664,-0.14755710860463722,-0.4104840731532097,0.2629269645485725,18.278463497999034,16.63321967124939,14.987975844499745,0.6793676833798805,26889500,bear,hold
2025-05-07,17.36137580871582,17.49932029798425,16.92783356899012,17.23328288637852,1592800,16.766238307952882,17.9653621673584,25.023917598724367,0.18096538859025357,50.770881610509704,-0.11423841906928445,-0.35123494233642466,0.2369965232671402,18.178825117846017,16.766238307952882,15.35365149805975,0.7106551953461752,28482300,bear,hold
2025-05-08,17.735795974731445,17.972273028872223,17.331814105655212,17.55843771428772,1481600,16.767223834991455,17.88564228057861,24.914668016433716,0.0011125787829913136,53.674912391815475,-0.056963895003935505,-0.29238073286992683,0.23541683786599132,18.182484981110758,16.767223834991455,15.351962688872153,0.8421884866958477,29963900,bear,hold
2025-05-09,17.89344596862793,17.942711313029516,17.62740859841355,17.804766845223135,1728700,16.87413125038147,17.831837196350097,24.806687183380127,0.13570980084472573,54.88175535343946,0.0011345366971724502,-0.23367767895650698,0.23481221565367943,18.290508203145244,16.87413125038147,15.457754297617697,0.859831722853677,31692600,bear,hold
2025-05-12,19.34187126159668,19.59805522339068,18.740826081380643,18.770384540472424,2676700,17.02636342048645,17.80464584350586,24.716183671951296,0.18681971120170404,64.12819548369345,0.1621842198143817,-0.15450529920232925,0.31668951901671094,18.777023234947443,17.02636342048645,15.27570360602546,1.1613243252582306,34369300,bear,hold
2025-05-13,19.755704879760742,19.864090898583235,19.292604227309905,19.351723019689206,1926300,17.17761034965515,17.802017631530763,24.631497440338133,0.18080095853274258,66.25600716516419,0.31952686165645616,-0.05969886703057217,0.3792257286870283,19.286091480693376,17.17761034965515,15.069129218616926,1.1113629598468655,36295600,bear,hold
2025-05-14,19.79511833190918,19.982330030576687,19.598053188116804,19.824678667283784,1536600,17.325901365280153,17.79762683868408,24.547152395248414,0.1762295913400267,66.46006140294355,0.4423037725399368,0.040701660883529625,0.4016021116564072,19.714151161728648,17.325901365280153,14.937651568831658,1.0169511519065,37832200,bear,hold
2025-05-15,19.627613067626953,19.745852527026685,19.351722248595873,19.440401373307562,1848200,17.511634492874144,17.78360683441162,24.464612741470336,0.23343644211071624,64.6701895017832,0.5200937668501808,0.13658008207685987,0.38351368477332093,20.006837739705485,17.511634492874144,15.016431246042803,0.9240092620590908,35984000,bear,hold
2025-05-16,19.440401077270508,19.58819898975518,19.23348437566245,19.5586405348697,1799100,17.696874952316286,17.780951652526856,24.41520631790161,0.23544136217509326,62.639699926712176,0.5601790592659484,0.22129987751467756,0.3388791817512708,20.187245561803024,17.696874952316286,15.206504342829545,0.8500535459084864,34184900,bear,hold
2025-05-19,18.9773006439209,19.15465889245279,18.829502729928468,18.947740309381434,1243800,17.86290168762207,17.75353298187256,24.35315308570862,0.21208305210068223,57.80480766174356,0.5482586234923978,0.28669162671022164,0.2615669967821762,20.226622334690266,17.86290168762207,15.499181040553875,0.7357298350126644,32941100,bear,hold
2025-05-20,19.095535278320312,19.184214388909513,18.750674158642468,18.878765163186788,1061800,18.031391525268553,17.74653137207031,24.30442494392395,0.21428543705523562,58.68167530668012,0.5421031119011914,0.33777392374841564,0.2043291881527758,20.2368401946326,18.031391525268553,15.82594285590451,0.7412533485439521,34002900,bear,hold
2025-05-21,18.474788665771484,19.095540738026223,18.356549191395363,18.809798317259023,1320000,18.147167015075684,17.738691940307618,24.259224348068237,0.14329289164595949,52.51172471585363,0.4815843560990487,0.36653601021854226,0.11504834588050644,20.184014339447177,18.147167015075684,16.11031969070419,0.5804237133475122,32682900,bear,hold
2025-05-22,18.43537139892578,18.583171183816106,18.19889437419453,18.43537139892578,1207500,18.212198162078856,17.72633590698242,24.21642149925232,0.07590557533926212,52.13685458195906,0.4255368383165248,0.3783361758381388,0.047200662478386,20.198009056715645,18.212198162078856,16.226387267442067,0.5561919660753358,31475400,bear,hold
2025-05-23,18.0018310546875,18.09051017352654,17.70623336543993,17.79491248427897,1474200,18.24766960144043,17.71214729309082,24.169048328399658,0.04102546171774968,48.07200491767481,0.34219112782611916,0.37110716623573486,-0.028916038409615707,20.19139231408184,18.24766960144043,16.303946888799018,0.43676090083372865,30001200,bear,hold
2025-05-27,18.622583389282227,18.632436833727873,18.208748119326962,18.435371703519703,2507700,18.317627429962158,17.698155670166017,24.125067224502562,0.08123566727751697,53.64478366166977,0.3225108727619812,0.36138790754098415,-0.03887703477900295,20.20886485732982,18.317627429962158,16.426390002594495,0.5806233936858273,32508900,bear,hold
2025-05-28,18.208749771118164,18.661998859972115,18.15948442377324,18.573319731269223,1798500,18.38955593109131,17.676281547546388,24.070079174041748,0.08578143133550276,49.80722783846923,0.2704041635247165,0.34319115873773065,-0.07278699521301413,20.14441665865513,18.38955593109131,16.63469520352749,0.44848418534496803,30710400,bear,hold
2025-05-29,18.44522476196289,18.642289888047085,18.139775507949476,18.642289888047085,1675100,18.452123737335206,17.65992519378662,24.00973834991455,0.07277920701213891,51.923652465311264,0.24536239158541306,0.32362540530726713,-0.07826301372185407,20.119026084315855,18.452123737335206,16.785221390354558,0.49793060001840767,32385500,bear,hold
2025-05-30,17.755504608154297,18.326991348247866,17.528880977282462,18.238312209323627,3249200,18.478727626800538,17.629380264282226,23.947438554763792,0.030892678611690982,45.85094578436342,0.16792620595495933,0.2924855654368056,-0.12455935948184627,20.0821142880145,18.478727626800538,16.875340965586577,0.2744701773623736,29136300,bear,hold
2025-06-02,17.844181060791016,17.883592961406027,17.5879971290598,17.745648490224784,1756700,18.477249717712404,17.603564796447753,23.882122344970703,-0.0016537212142114788,46.71382829904289,0.11241704584564971,0.25647186151857443,-0.14405481567292472,20.08291709558677,18.477249717712404,16.87158233983804,0.3028643212022327,30893000,bear,hold
2025-06-03,18.59302520751953,18.59302520751953,17.548582633217777,17.883592231865148,2576000,18.53144245147705,17.592726211547852,23.822136096954345,0.06190211428337378,53.45861076204823,0.12738271221304842,0.23065403165746926,-0.10327131944442083,20.07470705929135,18.53144245147705,16.988177843662754,0.5199521053391156,33469000,bear,hold
2025-06-04,18.790090560913086,18.967448824645146,18.573320393769794,18.819650897985962,1287700,18.609775638580324,17.576764030456545,23.758137702941895,0.09096120989993839,55.07033281792211,0.1533766076466705,0.21519854685530954,-0.06182193920863904,20.03396666747623,18.609775638580324,17.18558460968442,0.5633043316080113,34756700,bear,hold
2025-06-05,18.634716033935547,19.020670782153967,18.456582492429284,18.951397046583246,1269500,18.67344264984131,17.56143856048584,23.694852046966552,0.07334327873834057,53.49730311972331,0.15959976450788815,0.20407879038582527,-0.04447902587793712,19.97748640337065,18.67344264984131,17.369398896311967,0.4851513356814331,33487200,bear,hold
2025-06-06,19.060258865356445,19.31756268719692,18.872228786402264,18.931606010652242,1531800,18.73966579437256,17.56112705230713,23.631243438720702,0.07467738648504918,57.11070503800647,0.19660309316483549,0.20258365094162734,-0.0059805577767918505,19.979454966401676,18.73966579437256,17.499876622343443,0.6292933823817736,35019000,bear,hold
2025-06-09,19.66393280029297,19.90144357895559,19.22849542896089,19.416525503240084,2468100,18.82819013595581,17.593383750915528,23.57387273788452,0.09894610768485745,61.66177921262897,0.27151013927943524,0.21636894860918893,0.05514119067024631,20.066482208053344,18.82819013595581,17.58989806385828,0.837457811112971,37487100,bear,hold
2025-06-10,20.237916946411133,20.45563468068156,19.743102369604678,19.7925830722582,1764600,18.872992420196532,17.637514305114745,23.51557583808899,0.046326731922446074,65.41914041750564,0.37289177237261484,0.24767351336187415,0.12521825901074068,20.240483024691578,18.872992420196532,17.505501815701486,0.9990617565224909,39251700,bear,hold
2025-06-11,20.109264373779297,20.43584192342475,19.812376378671736,20.4061542564547,1611600,18.890670394897462,17.683801307678223,23.46158504486084,0.017896577022709526,63.9073041752356,0.43780946461603776,0.2857007036127069,0.15210876100333087,20.311451138577922,18.890670394897462,17.469889651217002,0.9288465987106248,37640100,bear,hold
2025-06-12,20.178537368774414,20.307190212789486,19.990509193010492,20.010300341070852,1271300,18.909841346740723,17.73048843383789,23.40212628364563,0.019369373319035654,64.38457861745809,0.48920767364265316,0.32640209761869615,0.162805576023957,20.38810481255544,18.909841346740723,17.431577880926007,0.9291170185060594,38911400,bear,hold
2025-06-13,19.68372344970703,20.03999055243876,19.614449710302047,19.7332060404019,1570000,18.912646865844728,17.75703197479248,23.34216360092163,0.0028587471072896165,58.43999234549342,0.48442957408100185,0.35800759291115736,0.1264219811698445,20.3965507858511,18.912646865844728,17.428742945838355,0.759813514024207,37341400,bear,hold
2025-06-16,20.237916946411133,20.386360941939508,19.812376108346733,19.86185681100025,1261900,18.952522659301756,17.849443244934083,23.28458743095398,0.04102363248426344,62.60449704035576,0.5193746516648687,0.39028100466189963,0.1290936470029691,20.5308679269629,18.952522659301756,17.37417739164061,0.9071968008033263,38603300,bear,hold
2025-06-17,20.109264373779297,20.534805217649883,19.980613412584113,20.0993678556,1308100,19.009120845794676,17.95839672088623,23.228338174819946,0.059648300414158584,61.074504124331824,0.5305715909674689,0.4183391219230135,0.11223246904445539,20.666180848989885,19.009120845794676,17.352060842599467,0.8319564547642452,37295200,bear,hold
2025-06-18,20.14885139465332,20.326984955127532,19.92123524095409,20.21812513760042,1934000,19.061786651611328,18.058485774993898,23.171806306838988,0.055160334653141074,61.38720861366977,0.536455660850141,0.441962429708439,0.09449323114170194,20.791831957304392,19.061786651611328,17.331741345918264,0.8141723339454712,39229200,bear,hold
2025-06-20,19.950925827026367,20.46553349773002,19.58476405609463,20.366570193738085,2423200,19.135593509674074,18.163484230041504,23.113467903137206,0.07990008372814272,58.84201254864475,0.5191632981173164,0.4574026033902145,0.06176069472710194,20.885012647027317,19.135593509674074,17.38617437232083,0.7330294381556378,36806000,bear,hold
2025-06-23,20.04988670349121,20.346774691953474,19.63424238710336,19.891546191302297,1645100,19.216319274902343,18.21016025543213,23.07113932609558,0.087577042503169,59.7407955771032,0.5075930747470032,0.46744069766157226,0.04015237708543096,20.97800168936498,19.216319274902343,17.454636860439706,0.7365827750069043,38451100,bear,hold
2025-06-24,20.742624282836914,20.970240402189848,20.287395819266333,20.38635910321531,1851300,19.353358936309814,18.309906787872315,23.03184093475342,0.15225080270019187,65.4315577968058,0.5480046659032887,0.48355349130991554,0.06445117459337313,21.14202618380816,19.353358936309814,17.564691688811468,0.8883520952458166,40302400,bear,hold
2025-06-25,20.792110443115234,20.980140526187114,20.673354104446688,20.910864894215813,1700500,19.461835289001463,18.399804439544678,22.99336796760559,0.11649978998518673,65.80342472706636,0.5773687154535949,0.5023165361386515,0.07505217931494346,21.32179675245721,19.461835289001463,17.601873825545717,0.8576082570125307,42002900,bear,hold
2025-06-26,20.960346221923828,21.009826925631135,20.712938928251578,20.950449703668795,1656200,19.59941511154175,18.48439603805542,22.960842027664185,0.1511139691298362,67.09921093354296,0.6072155546876701,0.5232963398484551,0.08391921483921494,21.475263227848444,19.59941511154175,17.723566995235053,0.8627508801356419,43659100,bear,hold
2025-06-27,20.9306583404541,21.088998870057402,20.792110848943217,21.059311200486786,2357300,19.72368679046631,18.56642324447632,22.92734878540039,0.13474672228535733,66.61948023978108,0.6213117310109446,0.5428994180809531,0.07841231292999151,21.60651524494995,19.72368679046631,17.84085833598267,0.8205208491282334,41301800,bear,hold
2025-06-30,20.77231788635254,21.07910242762801,20.663458064016595,21.03951823886731,1549800,19.87452745437622,18.66361059188843,22.89229313850403,0.1699086195957933,63.991629904170296,0.6126441208970164,0.5568483586441658,0.055795762252850545,21.577233706187123,19.87452745437622,18.17182120256532,0.7636363233592052,39752000,bear,hold
2025-07-01,21.257234573364258,21.682775427579198,20.49521964314531,20.564495272084393,1991100,20.045180130004884,18.774043445587157,22.853496561050417,0.1912698319382522,68.13685360537825,0.6375543715278162,0.572989561220896,0.0645648103069203,21.575093113461843,20.045180130004884,18.515267146547924,0.8961187520026926,41743100,bear,hold
2025-07-02,22.0687313079834,22.16769460954637,21.207754925791907,21.277028670615593,1822000,20.218965435028075,18.902282752990722,22.82020251274109,0.18693601830100226,73.61157799163757,0.714540155022668,0.6012996799812504,0.11324047504141754,21.836688989342008,20.218965435028075,18.60124188071414,1.0717187797700696,43565100,bear,hold
2025-07-03,21.99945640563965,22.217176035136276,21.7817386637109,22.14790040638961,824800,20.379433727264406,19.027757110595704,22.78251594543457,0.17080097801139105,72.4668901892264,0.7611875412772804,0.6332772522404565,0.1279102890368239,22.034644331701063,20.379433727264406,18.72422312282775,0.9893705592608287,42740300,bear,hold
2025-07-07,21.217649459838867,21.940078284801302,21.197856423864273,21.75204821817827,1545800,20.50858039855957,19.128924522399902,22.742509899139403,0.13860868183875508,60.948043860513465,0.726693770828529,0.6519605559580711,0.07473321487045792,21.99341030504623,20.50858039855957,19.02375049207291,0.7387711407824032,41194500,bear,hold
2025-07-08,21.870807647705078,22.236969427317224,21.415577193577462,21.43537023235868,1616500,20.649107837677,19.223645706176757,22.70403558731079,0.14745596070875155,65.83417192257093,0.74349111357364,0.6702666674811849,0.07322444609245504,22.09040363298499,20.649107837677,19.20781204236901,0.9238199452205481,42811000,bear,hold
2025-07-09,21.831218719482422,22.147899748358263,21.534330726803276,21.900492458603033,1179500,20.757472133636476,19.314422035217284,22.66753089904785,0.11021630012675598,65.30086034965683,0.7450205004977875,0.6852174340845054,0.059803066413282036,22.212025516478423,20.757472133636476,19.30291875079453,0.8690983770386033,41631500,bear,hold
2025-07-10,21.662982940673828,21.99945702521953,21.554125010427583,21.94007980076086,1319400,20.82872543334961,19.40321315765381,22.62339331626892,0.07041564594005356,62.9664969501481,0.7243079580348493,0.6930355388745743,0.03127241916027501,22.31379104081436,20.82872543334961,19.343659825884863,0.7808823741963942,40312100,bear,hold
2025-07-11,21.63329315185547,21.77184062453538,21.28692258258795,21.395782389732304,1286500,20.90492687225342,19.500475425720214,22.582430896759032,0.0757873957867583,62.54159187136352,0.6974575446549025,0.69391994003064,0.003537604624262558,22.390906085027048,20.90492687225342,19.41894765947979,0.745079565494907,39025600,bear,hold
2025-07-14,21.098894119262695,21.405678640959202,20.742627005313274,21.405678640959202,1405900,20.950944709777833,19.57857593536377,22.538507471084596,0.04561067701133292,55.30712236618627,0.625842539610165,0.680304459946545,-0.054461920336379976,22.400655015922894,20.950944709777833,19.501234403632772,0.5510272324262757,37619700,bear,hold
2025-07-15,21.33640480041504,21.682775394307416,21.286924095959506,21.6233981714472,2259800,21.03357877731323,19.660835494995116,22.498758029937743,0.08396182535944985,57.651757741854404,0.5815485297142153,0.6605532739000791,-0.07900474418586378,22.368828704170802,21.03357877731323,19.69832885045566,0.6133967570455108,39879500,bear,hold
2025-07-16,21.00982666015625,21.24733743257234,20.376464600380007,21.24733743257234,2125000,21.072174263000488,19.72355724334717,22.45573797225952,0.03814175716745405,53.49602901511868,0.5141660944792044,0.6312758380159041,-0.11710974353669978,22.356865355790656,21.072174263000488,19.78748317021032,0.4757343990340793,37754500,bear,hold
2025-07-17,21.41557502746582,21.494745287014815,20.83169365545403,20.95044998856146,1430700,21.137489795684814,19.801685333251953,22.409110984802247,0.06496063850997147,57.58666996907833,0.4878815366932301,0.6025969777513693,-0.11471544105813924,22.35054892644066,21.137489795684814,19.92443066492897,0.6146214659823441,39185200,bear,hold
2025-07-18,21.286924362182617,21.583812367764583,21.138480359391636,21.55412469974713,1094000,21.19439344406128,19.88295528411865,22.366753902435303,0.0564832677177467,55.90743740313539,0.4514655875027884,0.5723706997016531,-0.12090511219886468,22.32024659356612,21.19439344406128,20.06854029455644,0.5410936888891917,38091200,bear,hold
2025-07-21,21.722360610961914,21.811427385522425,21.405677697209097,21.405677697209097,1737700,21.282965183258057,19.970174980163574,22.32797086715698,0.08878960301360483,60.143701898688285,0.4525253213729812,0.5484016240359187,-0.09587630266293756,22.27426383919113,21.282965183258057,20.291666527324985,0.7216261593183898,39828900,bear,hold
2025-07-22,21.286924362182617,21.870805742386,21.128583840863183,21.791635481726285,1627500,21.344817066192626,20.0411975479126,22.294139556884765,0.061697987474213845,54.50429845491827,0.41346295830458146,0.5214138908896513,-0.10795093258506983,22.159235282547854,21.344817066192626,20.530398849837397,0.464457631934428,38201400,bear,hold
2025-07-23,21.29681968688965,21.534330455554823,20.999929810382334,21.534330455554823,1312400,21.372526836395263,20.10926502227783,22.257515802383423,0.02671770922020178,54.60846015949915,0.3789360848423833,0.4929183296801977,-0.11398224483781444,22.139429193733765,21.372526836395263,20.60562447905676,0.4506409461509855,39513800,bear,hold
2025-07-24,20.920761108398438,21.27702823164777,20.80200665902729,21.25723519422993,1699000,21.378959369659423,20.140842819213866,22.221998176574708,0.00618747508268469,49.92993620979924,0.3175677807420172,0.45784821989256164,-0.14028043915054444,22.128236042481575,21.378959369659423,20.62968269683727,0.19423960608890897,37814800,bear,hold
2025-07-25,20.940553665161133,20.999930888483803,20.69314636582079,20.81190270003403,1233500,21.37796974182129,20.164539794921875,22.179787797927858,-0.0009442857743443556,50.17190219420115,0.2674470879750288,0.4197679935090551,-0.15232090553402627,22.12950426121365,21.37796974182129,20.626435222428928,0.20898470704058913,39048300,bear,hold
2025-07-28,21.00982666015625,21.306716541352234,20.65356144531603,21.28692350509227,4102000,21.381928157806396,20.188833961486818,22.139946851730347,0.0037824094404681485,51.06327186053444,0.23065695976147182,0.38194578675953844,-0.15128882699806662,22.124780650140384,21.381928157806396,20.639075665472408,0.2495455009641078,43150300,bear,hold
2025-07-29,24.819900512695312,26.037143988047575,24.127159310629125,24.265708683583114,9435100,21.584307289123537,20.292679710388185,22.118770933151247,0.19485464494080573,76.23957220283305,0.5031417311954272,0.40618497564671624,0.09695675554871092,23.220646624402065,21.584307289123537,19.94796795384501,1.4886681673581574,52585400,bear,hold
2025-07-30,23.691722869873047,25.116787516319178,22.93960447379811,24.978240036473323,4966500,21.706031703948973,20.377706146240236,22.090268230438234,0.11452516497885634,65.49489845611174,0.6208960651570585,0.4491271935487847,0.1717688716082738,23.572896418179685,21.706031703948973,19.83916698971826,1.0318251372977307,47618900,bear,hold
2025-07-31,22.32603645324707,23.632346825701216,22.296348782325534,23.543281925368515,3300800,21.71889696121216,20.444680862426758,22.056333990097045,0.011659263129937703,55.32943463471822,0.5971343498103181,0.47872862480109146,0.11840572500922664,23.59908120195534,21.71889696121216,19.83871272046898,0.6614574462646615,44318100,bear,hold
2025-08-01,21.52443504333496,22.078626865356988,21.34630148579305,21.801531898129923,2120400,21.695145893096925,20.49325885772705,22.015019941329957,-0.021592413628134688,50.38607278588797,0.5077672597899934,0.4845363517988719,0.023230907991121486,23.572552799796153,21.695145893096925,19.817738986397696,0.4545354688019925,42197700,bear,hold
2025-08-04,22.11821174621582,22.12810826416409,21.643190210105598,21.761944650349257,2516400,21.74017400741577,20.566127319335937,21.97335117340088,0.04244401756573235,53.68687583757166,0.4793305899492921,0.48349519942895597,-0.00416460947966385,23.612803961108096,21.74017400741577,19.867544053723446,0.6009376513642378,44714100,bear,hold
2025-08-05,21.940078735351562,22.38541261608605,21.73225562848619,22.217175581982783,1855000,21.743637561798096,20.636221466064452,21.938643169403075,0.0031672853038764437,52.55719917177609,0.43737865014818667,0.47427188957280214,-0.036893239424615476,23.617477018391178,21.743637561798096,19.869798105205014,0.5524167566389668,42859100,bear,hold
2025-08-06,21.979665756225586,22.197385409370323,21.791637549050876,22.177592370435693,2636900,21.751059913635252,20.715778160095216,21.901724681854247,0.006799759493531621,52.79492034002531,0.4026838881498236,0.4599542892882065,-0.05727040113838289,23.627402556580446,21.751059913635252,19.87471727069006,0.5609179361375871,45496000,bear,hold
2025-08-07,22.6328182220459,23.117736251849227,22.21717392684766,23.097943216942713,3108000,21.799551677703857,20.795982856750488,21.86580804824829,0.044769239953152296,56.65407550003367,0.42301572273905563,0.45256657597837635,-0.029550853239320718,23.714023913402677,21.799551677703857,19.885079442005036,0.7176230422160922,48604000,bear,hold
2025-08-08,22.890121459960938,22.929707532081668,22.444789474009585,22.67240372600035,2284900,21.86239309310913,20.889610290527344,21.83320098876953,0.05809694803667331,58.10705588559678,0.4546501451969007,0.45298328982208125,0.0016668553748194759,23.83260827877086,21.86239309310913,19.8921779074474,0.7608162738596058,50888900,bear,hold
2025-08-11,22.909914016723633,23.493795355314365,22.870329832998852,23.09794408022771,2370100,21.95294408798218,20.97890407562256,21.801800775527955,0.08583482561806544,58.22306427422916,0.4758326442979701,0.45755316071725904,0.018279483580711076,23.940863560091454,21.95294408798218,19.965024615872903,0.7406963516801977,53259000,bear,hold
2025-08-12,24.10736846923828,24.127159619140844,22.81095282843921,23.038568984214155,2002400,22.09149227142334,21.105941352844237,21.77797739028931,0.1298702239080758,64.60848419974778,0.5825294572495707,0.4825484200237214,0.09998103722584933,24.265733788674638,22.09149227142334,19.917250754172045,0.9635814792929344,55261400,bear,hold
2025-08-13,24.701143264770508,24.71103978301375,24.117263788962187,24.127158419637574,1800000,22.27605810165405,21.24308059692383,21.75948311805725,0.17569476723073563,67.2791804287892,0.7068519643937172,0.5274091288977206,0.1794428354959966,24.667527013239614,22.27605810165405,19.88458919006849,1.0070283689175383,57061400,bear,hold
2025-08-14,24.265710830688477,24.433947886786804,23.879754121069904,24.394361808849276,1655400,22.418564891815187,21.356534309387207,21.739341535568236,0.1330870546117633,63.49519142053027,0.7614649941736822,0.574220301952913,0.18724469222076923,24.924866586813227,22.418564891815187,19.912263196817147,0.8685003171325577,55406000,bear,hold
2025-08-15,23.51358985900879,24.01830097409334,23.40473004372549,24.00840445565232,1816000,22.529898166656494,21.451004295349122,21.712982788085938,0.10460249958805523,57.48140305424504,0.735577062566172,0.6064916540755647,0.12908540849060723,25.02302104210739,22.529898166656494,20.036775291205597,0.697281028953374,53590000,bear,hold
2025-08-18,23.800580978393555,23.89954427371761,23.523486016567638,23.54327905314602,1544700,22.633809185028078,21.55432159423828,21.689744863510132,0.09567193937397822,59.07423357295587,0.7298057289492021,0.6311544690502922,0.09865125989891,25.156699443041262,22.633809185028078,20.110918927014893,0.7312371276672827,55134700,bear,hold
2025-08-19,23.49379539489746,24.05788369879231,23.375040955955267,23.85006248685959,1557400,22.744152736663818,21.642992324829102,21.67243908882141,0.10367261118451987,56.63191095072355,0.6924942303783936,0.6434224213159125,0.0490718090624811,25.21424746510204,22.744152736663818,20.274058008225595,0.6517437063451454,53577300,bear,hold
2025-08-20,22.761470794677734,23.483899632101224,22.504166985273237,23.39483285624706,1969100,22.817385292053224,21.704943084716795,21.65749271392822,0.06877323137077251,51.19122319111802,0.596950846234126,0.6341281062995553,-0.03717726006542932,25.19667538164209,22.817385292053224,20.438095202464357,0.48824975197010306,51608200,bull,golden_cross
2025-08-21,22.96929168701172,22.98908472304656,22.57344040415399,22.652610660725536,1369500,22.919811820983888,21.75957057952881,21.6497509765625,0.09791854932997235,52.583396469555375,0.5318703646407954,0.6136765579678034,-0.081806193327008,25.134362567040903,22.919811820983888,20.705261074926874,0.5111715358331547,52977700,bull,hold
2025-08-22,23.840166091918945,24.275603441276527,22.97918791109461,22.98908442898544,2201700,23.064792442321778,21.8341886138916,21.64371437072754,0.13846875651534973,57.990822121932474,0.5442916450985571,0.5997995753939542,-0.055507930295397134,25.11566428423075,23.064792442321778,21.013920600412806,0.6890351297805722,55179400,bull,hold
2025-08-25,23.899545669555664,24.028198527261182,23.63234532284541,23.78079121828531,1279300,23.20927839279175,21.908608779907226,21.637878322601317,0.1375413065582105,58.33968035233447,0.5525574961507438,0.5903511595453121,-0.037793663394568355,25.057887672575742,23.20927839279175,21.360669113007756,0.686699072733361,56458700,bull,hold
2025-08-26,24.10736846923828,24.275605512601704,23.88964883219859,23.91933838840435,1768500,23.173651790618898,21.997081680297853,21.631588172912597,-0.028708094260594397,59.60407632629953,0.5693150957116018,0.5861439467785701,-0.016828851066968298,24.921442305706957,23.173651790618898,21.42586127553084,0.7671134413875509,58227200,bull,hold
2025-08-27,24.325084686279297,24.354774240614677,24.01830017508501,24.216224874617396,1557700,23.20531988143921,22.078825035095214,21.62137710571289,0.026733463829751614,60.94146823730183,0.5933240232715384,0.5875799620771638,0.00574406119437465,25.011487156842247,23.20531988143921,21.39915260603617,0.8099836931189603,59784900,bull,hold
2025-08-28,24.404254913330078,24.542802391587653,24.1865371778442,24.334981174201292,1460100,23.30923080444336,22.16472484588623,21.60973150253296,0.09308497119204318,61.44138576141248,0.6116884829391118,0.5924016662495534,0.01928681668955845,25.140053428232704,23.30923080444336,21.478408180654014,0.7990524845657339,61245000,bull,hold
2025-08-29,23.939128875732422,24.35477318049638,23.711512744204537,24.285499444297013,1501000,23.429965496063232,22.24053039550781,21.597638816833495,0.11218384257407821,56.838614677133215,0.58200171206758,0.5903216754131587,-0.008319963345578718,25.084008769682562,23.429965496063232,21.775922222443903,0.6539147698823662,59744000,bull,hold
2025-09-02,23.652137756347656,23.69172383080513,23.127635482761566,23.196909225494224,1412000,23.506661796569823,22.31455463409424,21.5853635597229,0.06935126707945871,54.14344123456333,0.5292164693874817,0.5781006342080234,-0.0488841648205417,25.048758545661784,23.506661796569823,21.964565047477862,0.5471682337257681,58332000,bull,hold
2025-09-03,23.63525390625,24.18144790261773,23.446570463894552,23.724631071216614,2376900,23.591420555114745,22.386261978149413,21.5759903049469,0.07726385995903651,53.981269917346296,0.48048269326978144,0.558577046020375,-0.07809435275059351,24.955897335259753,23.591420555114745,22.226943774969737,0.5160623294485807,55955100,bull,hold
2025-09-04,24.121864318847656,24.171517458697867,23.218161641577694,23.456502016467137,1352200,23.69853048324585,22.45384677886963,21.571458520889284,0.09746274517460796,57.89554079194308,0.47564329824781026,0.541990296465862,-0.06634699821805179,24.86155677172177,23.69853048324585,22.53550419476993,0.6819966753101347,57307300,bull,hold
2025-09-05,24.469440460205078,24.64819479703221,24.0126255053321,24.429718326546773,2369600,23.790361595153808,22.527393379211425,21.568471946716308,0.08114863205016976,60.48121092053309,0.4941581846693879,0.5324238741065672,-0.03826568943717934,24.890638946102076,23.790361595153808,22.69008424420554,0.8085944032502396,59676900,bull,hold
2025-09-08,24.658124923706055,24.956047545018386,24.429717454423546,24.469439586663803,2371900,23.878761768341064,22.60134895324707,21.57042674064636,0.07723871045584807,61.85083361664591,0.5180844695847284,0.5295559932021995,-0.011471523617471058,24.959441214432825,23.878761768341064,22.798082322249304,0.8605894227856048,62048800,bull,hold
2025-09-09,24.69784927368164,25.204317357719148,24.608472107287763,24.817017566109577,3273200,23.968158531188966,22.676692771911622,21.57161681175232,0.07804198896830705,62.1482661258856,0.5340949319001034,0.5304637809417803,0.003631150958323115,25.008518380228058,23.968158531188966,22.927798682149874,0.850691514655549,65322000,bull,hold
2025-09-10,24.618404388427734,25.194389549368545,24.429719039145724,25.194389549368545,2847400,23.993710327148438,22.753614501953123,21.57250597000122,0.021198328628923235,61.12191918791675,0.5342147057520101,0.5312139659038263,0.003000739848183831,25.07094061449953,23.993710327148438,22.916480039797346,0.7899538142468209,62474600,bull,hold
2025-09-11,25.204317092895508,25.234110112762384,24.68791800755721,24.72764013990054,2527500,24.01886901855469,22.83255615234375,21.576372871398927,0.020370467177632356,65.63004285478257,0.5749601037900796,0.539963193481077,0.03499691030900254,25.18115759243874,24.01886901855469,22.856580444670637,1.0099628874348194,65002100,bull,hold
2025-09-12,25.283763885498047,25.42279608754931,24.79715591368333,25.164595591335114,1630100,24.069771671295165,22.896856803894043,21.57586837768555,0.04195438831002862,66.2023195175787,0.6066685204230744,0.5533042588694765,0.05336426155359786,25.35365485819255,24.069771671295165,22.78588848439778,0.9727814129012003,66632200,bull,hold
2025-09-15,25.502241134643555,25.820025764060976,25.343348819934842,25.690926468664824,1539300,24.169204235076904,22.96691249847412,21.575541067123414,0.08457454976288314,67.79058959506699,0.6420260801622604,0.5710486231280334,0.07097745703422698,25.568252057582782,24.169204235076904,22.770156412571026,0.9764086252530692,68171500,bull,hold
2025-09-16,26.85283088684082,28.024661373185225,26.296705825293685,27.726738721328278,3734600,24.32181673049927,23.07961612701416,21.580280809402467,0.12824266395925932,75.46608248146669,0.770150688906277,0.6108690362836822,0.15928165262259486,26.13216650188607,24.32181673049927,22.511466959112468,1.1990400961032779,71906100,bull,hold
2025-09-17,26.43573570251465,27.001789827527254,25.978918863322075,26.664143175038006,2250400,24.468913745880126,23.17091468811035,21.58587332725525,0.12522201109558218,69.92431703430384,0.8284840207804898,0.6543920331830437,0.17409198759744604,26.455726012963098,24.468913745880126,22.482101478797155,0.9949692502961544,69655700,bull,hold
2025-09-18,28.958152770996094,28.98794579128627,27.35929667086154,27.687012317469993,4287700,24.778747844696046,23.313453369140625,21.60533031463623,0.27224435679997083,79.65465306812018,1.0659638159365201,0.736706389733739,0.3292574262027811,27.42658005767288,24.778747844696046,22.130915631719212,1.2892125690247833,73943400,bull,hold
2025-09-19,28.114036560058594,29.186560682726277,28.04452140581606,29.107114521571113,5206800,25.03598508834839,23.44247444152832,21.61854365348816,0.2239836100804118,71.33706161064005,1.1725388429960972,0.8238728803862108,0.34866596260988647,27.919790781462783,25.03598508834839,22.152179395233997,1.0336787216731709,68736600,bull,hold
2025-09-22,29.325590133666992,29.782405043908685,28.223273093694452,28.29278824141421,3021800,25.31025629043579,23.59632038116455,21.63376863479614,0.23009168730613117,75.32041906962135,1.3393236781255382,0.9269630399340762,0.41236063819146196,28.688063594143536,25.31025629043579,21.932448986728048,1.094369879954913,71758400,bull,hold
2025-09-23,29.375246047973633,30.139916533511155,29.246146746303637,29.464623216108976,2542700,25.58404130935669,23.76184741973877,21.650686931610107,0.22911315780337893,75.47087994455617,1.45869376515882,1.033309184979025,0.4253845801797951,29.327910523050463,25.58404130935669,21.840172095662915,1.0063217385839807,74301100,bull,hold
2025-09-24,29.156770706176758,29.504346491099,28.75953799058682,29.186561833943824,1725400,25.836511421203614,23.918254737854003,21.66627739906311,0.20945472515516017,73.35196424884246,1.518165814455699,1.1302805108743599,0.3878853035813392,29.821277235272472,25.836511421203614,21.851745607134756,0.9166191239207124,72575700,bull,hold
2025-09-25,28.958152770996094,29.136907104445406,28.12396714432988,28.58078398471655,1729800,26.068164825439453,24.0772212600708,21.683474712371826,0.19046462302061817,71.38964261949677,1.531615524181511,1.2105475135357902,0.3210680106457209,30.2101151127478,26.068164825439453,21.926214538131106,0.8488680144728032,70845900,bull,hold
2025-09-26,28.829051971435547,29.266004881415633,28.550989478965324,28.987944283091174,1642600,26.289404678344727,24.225490798950194,21.6987020111084,0.1813125241405571,70.07734828080903,1.514400098797399,1.271318030588112,0.2430820682092869,30.523875627582857,26.289404678344727,22.054933729106597,0.799877756104072,69203300,bull,hold
2025-09-29,28.32258415222168,29.246146967164155,28.30272213823141,29.107114763378185,2412000,26.50857744216919,24.366203994750975,21.708895139694214,0.18310838707806343,65.02725849784923,1.4432521178463773,1.305704848039765,0.13754726980661225,30.6871659482633,26.50857744216919,22.329988936075083,0.7170597448644342,66791300,bull,hold
2025-09-30,28.203413009643555,28.61057481195956,27.835975233966114,28.27292816211519,2088600,26.736141204833984,24.495825042724608,21.722073488235473,0.19242553464641676,63.861088966561276,1.3615555502534917,1.3168749884825104,0.04468056177098134,30.760579653034824,26.736141204833984,22.711702756633144,0.682295222513035,64702700,bull,hold
2025-10-01,29.266006469726562,29.34545262986604,27.9750058939236,28.04452104727741,2005900,27.017678833007814,24.655406684875487,21.737474298477174,0.238235332093792,69.1701568610734,1.366797255647409,1.3268594419154902,0.03993781373191885,30.921010015862315,27.017678833007814,23.114347650153313,0.7880011369000144,66708600,bull,hold
2025-10-02,29.434831619262695,29.961163646615994,29.136908973830103,29.961163646615994,1395000,27.283327198028566,24.81816692352295,21.75523995399475,0.22025525184070216,69.92609749866172,1.3687955010825945,1.3352466537489112,0.03354884733368335,31.083997571268974,27.283327198028566,23.482656824788158,0.7830427542970244,68103600,bull,hold
2025-10-03,29.17662811279297,29.832061274893253,28.958151654856735,29.553998778673307,2045400,27.51868658065796,24.98328426361084,21.770929708480836,0.19237005685696995,67.21171509397693,1.3341648381458242,1.335030290628294,-0.0008654524824698306,31.173388358665356,27.51868658065796,23.863984802650563,0.7268230943098928,66058200,bull,hold
2025-10-06,30.3583927154541,30.457700889567928,29.941299899492737,30.229293415008243,2468900,27.80369997024536,25.1716410446167,21.790369834899902,0.23117198932948346,72.4776020841342,1.3861002148247863,1.3452442754675924,0.04085593935719389,31.410379626792242,27.80369997024536,24.19702031369848,0.8541613046464269,68527100,bull,hold
2025-10-07,29.544069290161133,33.30783566522379,29.126976471475377,33.30783566522379,5731200,28.046010971069336,25.342325897216796,21.807504348754883,0.19622032521040977,64.7595565773108,1.3460340376715472,1.3454022279083835,0.0006318097631636821,31.42976554617369,28.046010971069336,24.66225639596498,0.7213603684666753,62795900,bull,hold
2025-10-08,30.398117065429688,30.477563226734883,29.49441627027839,29.55400041772081,2907600,28.334996604919432,25.453890228271483,21.834158058166505,0.23477202607488223,68.54302720161076,1.3674329061607011,1.3498083635588471,0.017624542601853976,31.477054446049113,28.334996604919432,25.19293876378975,0.8283072057910447,65703500,bull,hold
2025-10-09,30.41797637939453,30.73576291034325,29.822131132462065,30.408047266872057,2209100,28.595679569244385,25.588415298461914,21.86297138214111,0.20685580439585194,68.62737361865767,1.3701993392116663,1.353886558689411,0.016312780522255155,31.51256749170914,28.595679569244385,25.67879164677963,0.8123700427629584,67912600,bull,hold
2025-10-10,28.06438446044922,31.172717761836203,27.994869303628615,30.87479511999192,5046100,28.734710597991942,25.703182258605956,21.879329957962035,0.10997652831847748,51.129872569075495,1.1690010429202147,1.3169094555355718,-0.14790841261535714,31.24341832183689,28.734710597991942,26.226002874146992,0.3664001128606258,62866500,bull,hold
2025-10-13,30.249155044555664,30.308741088486027,29.504346542739864,29.841993215094703,2394900,28.972056293487547,25.87767665863037,21.901706838607787,0.18613712751165457,61.0559766630987,1.1723287942112428,1.287993323270706,-0.11566452905946312,31.078527075873986,28.972056293487547,26.86558551110111,0.8031370673988844,65261400,bull,hold
2025-10-14,29.70296287536621,30.219363890776588,29.186561859955837,29.206423874582228,2393200,29.114562892913817,26.02937168121338,21.920371656417846,0.10613897657703175,57.890307518043194,1.1180052491710235,1.2539957084507696,-0.13599045927974607,31.002579909515866,29.114562892913817,27.226545876311768,0.6558248620850262,62868200,bull,hold
2025-10-15,31.0634765625,31.123060704544454,30.02074365892056,30.358390287415343,2395700,29.345949935913087,26.21183963775635,21.946182432174684,0.1750562538550855,63.031993004355535,1.1712342729801435,1.2374434213566445,-0.06620914837650105,30.98145544657416,29.345949935913087,27.710444425252014,1.0250751573110528,65263900,bull,hold
2025-10-16,31.28195571899414,32.69212460286716,30.874793907199223,32.69212460286716,3730000,29.46214008331299,26.39788543701172,21.974753494262696,0.08024693309600606,63.79647295318398,1.217019061690749,1.2333585494234656,-0.01633948773271654,31.289822775738735,29.46214008331299,27.634457390887242,0.9978478056455871,68993900,bull,hold
2025-10-17,31.073408126831055,31.27202256859634,30.378252845288163,30.82513865401513,1919100,29.610108661651612,26.566697235107423,22.003606309890746,0.1052631328998419,62.46852466496724,1.2223848966425663,1.2311638188672858,-0.008778922224719432,31.456349583963963,29.610108661651612,27.76386773933926,0.8962915802306863,67074800,bull,hold
2025-10-20,32.056556701660156,32.523304574989766,31.72884293081634,31.927459288932685,2009300,29.74665699005127,26.750025939941406,22.037865419387817,0.09312571564784644,66.05568060822256,1.2910863927120673,1.243148333636242,0.04793805907582516,31.871475853673495,29.74665699005127,27.621838126429047,1.0435521472336589,69084100,bull,hold
2025-10-21,31.927457809448242,32.265104466112255,31.46070995774723,31.9075957957278,2078000,29.874267578125,26.9303768157959,22.069909257888796,0.08688307690449681,65.17478934701494,1.3199006287984822,1.2584987926686901,0.06140183612979211,32.19230696080344,29.874267578125,27.556228195446558,0.9428721631447924,67006100,bull,hold
2025-10-22,30.557008743286133,31.69904799825595,30.05053876534734,31.45077851264747,2310600,29.94427947998047,27.059369621276854,22.09254996299744,0.04802445549337664,56.55307859585785,1.2181107101546935,1.250421176165891,-0.03231046601119747,32.25598159347014,29.94427947998047,27.632577366490803,0.632527729184948,64695500,bull,hold
2025-10-23,31.75863265991211,31.967178122018097,30.22929358869721,30.288877735849507,1613100,30.08430347442627,27.200519409179687,22.12021767616272,0.0967078221826676,61.37749315288585,1.2203352092939177,1.2444039827914963,-0.024068773497578633,32.47792543716423,30.08430347442627,27.69068151168831,0.8497480411590655,66308600,bull,hold
2025-10-24,32.54316329956055,33.09928828840442,32.19558376092379,32.721917624964235,3169500,30.27000904083252,27.36606845855713,22.15264199256897,0.12883223949941258,64.17456195562316,1.2707547373174712,1.2496741336966914,0.021080603620779792,32.816682740328446,30.27000904083252,27.723335341336597,0.9462986874168375,69478100,bull,hold
2025-10-27,32.95032501220703,33.5858942618324,32.74177956247837,33.36741591166435,4820300,30.501396083831786,27.554803161621095,22.189751110076905,0.1633940192432033,65.56824358074897,1.3282558176915664,1.2653904704956664,0.06286534719589998,33.13762693088547,30.501396083831786,27.865165236778104,0.9644754330054651,74298400,bull,hold
2025-10-28,31.93738555908203,32.75170914540624,29.29579845967363,30.398115550215127,9760000,30.688094711303712,27.717539253234865,22.223953971862795,0.13239435057600035,59.37940514579244,1.2773654163941615,1.2677854596753655,0.009579956718795968,33.17134972875813,30.688094711303712,28.20483969384929,0.7515430028324208,64538400,bull,hold
2025-10-29,32.46371841430664,33.51638245673283,32.07641860093332,32.07641860093332,4759300,30.847980308532716,27.896937713623046,22.26157339096069,0.10926369294313742,61.417247032695975,1.2649238150378217,1.2672131307478567,-0.0022893157100349892,33.35604784719156,30.847980308532716,28.33991276987387,0.8221081730992615,69297700,bull,hold
2025-10-30,31.69904899597168,32.414064455136426,31.520294657644012,32.18565697578259,2582500,30.961191177368164,28.075689277648927,22.29590908050537,0.07692306196945387,56.947367842512435,1.1797617656175277,1.249722857721791,-0.06996109210426327,33.407535738899725,30.961191177368164,28.514846615836603,0.6508082365432554,66715200,bull,hold
2025-10-31,32.056556701660156,32.523304574989766,31.699049908855102,31.93738840210713,2409800,31.105187606811523,28.257434577941893,22.332179460525513,0.09870669694022793,58.46921807932818,1.128113916917318,1.2254010695608963,-0.09728715264357835,33.45139601337681,31.105187606811523,28.758979200246237,0.7027460757932803,69125000,bull,hold
2025-11-03,37.578067779541016,37.955438441178174,33.575965066295424,33.705062465354516,10475800,31.46617136001587,28.532192611694335,22.395174417495728,0.2378147990822881,73.84604673944182,1.5152555013060294,1.283371955909923,0.23188354539610634,35.106439458779896,31.46617136001587,27.82590326125184,1.3394843805048737,79600800,bull,hold
2025-11-04,35.0059928894043,36.545262741067376,34.94640685687153,35.41315464098345,5389300,31.739267539978027,28.75432155609131,22.443101482391356,0.18487377434706032,62.27841254283855,1.596123925174524,1.3459223497628432,0.25020157541168087,35.57598459436656,31.739267539978027,27.902550485589497,0.9257188245989768,74211500,bull,hold
2025-11-05,36.2969970703125,37.031876394963774,35.135097727031024,35.44294945646888,3113100,32.03421154022217,28.998114128112793,22.49351008415222,0.19405412487181062,65.22308548610138,1.7442790189881094,1.4255936836078966,0.3186853353802128,36.29651991451609,32.03421154022217,27.771903165928244,1.0000559738707888,77324600,bull,hold
2025-11-06,34.90669250488281,36.4558917288461,34.221466274321955,36.40623858751504,3538500,32.25864734649658,29.209746284484865,22.537899208068847,0.14756787465089194,59.80836527783438,1.7295696369104796,1.4863888742684133,0.24318076264206634,36.6282666791699,32.25864734649658,27.889028013823264,0.8030063898914243,73786100,bull,hold
2025-11-07,34.53925323486328,34.549186136768945,32.910605845208785,33.91361679332252,3550400,32.582390785217285,29.412446250915526,22.583541641235353,0.23071479738096556,58.4278075394213,1.6690236022109488,1.5229158198569204,0.14610778235402844,36.60684084307231,32.582390785217285,28.557940727362258,0.7431217211686527,70235700,bull,hold
2025-11-10,34.966270446777344,36.01893433931332,34.65841873551701,35.65149659282934,3665500,32.81824655532837,29.632989082336426,22.632349319458008,0.15594205508463221,59.59507777629919,1.6366310893402343,1.5456588737535832,0.09097221558665103,36.82092879788153,32.81824655532837,28.815564312775216,0.7683230595490426,73901200,bull,hold
2025-11-11,34.02284622192383,34.56904208206149,33.88381592599477,34.54918007003,1647800,33.03424072265625,29.84040325164795,22.686103830337526,0.1454361090064944,55.863093615571614,1.517342360870984,1.5399955711770636,-0.022653210306079696,36.80041448439327,33.03424072265625,29.268066960919228,0.631247993561988,72253400,bull,hold
2025-11-12,34.23139572143555,35.015924367203596,34.05264140004752,34.50945631546516,2074700,33.19263668060303,30.05232608795166,22.739184131622313,0.10198211885787045,56.511416681183015,1.4232273073490447,1.5166419184114601,-0.09341461106241544,36.879581408809585,33.19263668060303,29.50569195239648,0.6408698959989292,74328100,bull,hold
2025-11-13,31.728839874267578,33.86395510053238,31.15285476419199,33.48658822358552,3383700,33.214980888366696,30.204465599060057,22.777544136047364,0.014285684670351184,47.49564887929922,1.1336372427660493,1.440040983282378,-0.3064037405163287,36.860521211145254,33.214980888366696,29.56944056558814,0.29616999367511987,70944400,bull,hold
2025-11-14,31.460708618164062,32.265103092278316,30.239223238555333,30.308738389471078,3138100,33.23434591293335,30.344290962219237,22.81284655570984,0.01246404931677203,46.637136137689424,0.8724421091413035,1.326521208454163,-0.4540790993128596,36.83805118519253,33.23434591293335,29.63064064067417,0.25391476816618436,67806300,bull,hold
2025-11-17,30.676177978515625,31.857943190841247,30.388186351313966,30.874794330765397,2270100,33.16532697677612,30.46465202331543,22.845501766204833,-0.04306072969693109,44.124005854071285,0.5952760461967799,1.1802721760026864,-0.5849961298059065,36.90685666208049,33.16532697677612,29.423797291471754,0.1673621208944105,65536200,bull,hold
2025-11-18,30.477563858032227,30.874794672786244,29.554001029887928,30.14984819909192,3073500,33.092832279205325,30.58024631500244,22.880254402160645,-0.045412132718783194,43.48514112929927,0.3554955138091245,1.0153168435639741,-0.6598213297548496,36.98081023216777,33.092832279205325,29.20485432624288,0.1636724213957547,62462700,bull,hold
2025-11-19,31.212440490722656,31.758632609399417,30.41797698865678,30.904586854421893,2333900,33.12560386657715,30.71212703704834,22.91730788230896,0.0214494734397237,46.56780378152416,0.22220467977348335,0.856694410805876,-0.6344897310323927,36.93784351139762,33.12560386657715,29.31336422175669,0.24907619219927127,64796600,bull,hold
2025-11-20,29.98102569580078,33.61568917200155,29.931370658741077,33.25818427004762,4138200,33.03672351837158,30.807661209106445,22.94506471633911,-0.055972402311738834,42.39478444360479,0.017009772831301007,0.6887574832109611,-0.6717477103796601,37.049892411254945,33.03672351837158,29.02355462548822,0.11929115069271877,60658400,bull,hold
2025-11-21,31.82814598083496,32.19558374361543,29.822130059644522,30.04060651605059,3650800,33.0009726524353,30.938548851013184,22.983528833389283,-0.021971352696842472,49.67909683064208,0.003399315510876022,0.551685849670944,-0.548286534160068,37.043722169790406,33.0009726524353,28.958223135080196,0.3549469035163424,64309200,bull,hold
2025-11-24,32.91060256958008,33.119148029336905,32.12607008197098,32.225380149682614,3213400,32.99898653030395,31.086716079711913,23.028729724884034,-0.0012055250627189817,53.39813033527692,0.07904692650718204,0.4571580650381916,-0.3781111385310096,37.041872652251165,32.99898653030395,28.95610040835674,0.48906919981692376,67522600,bull,hold
2025-11-25,33.566036224365234,33.74479057052813,32.175729273232946,32.77157456824793,2622400,33.080419063568115,31.220980186462402,23.077060613632202,0.050995115497801446,55.54075772779759,0.1896994839201227,0.40366634881457786,-0.21396686489445516,37.100035079038406,33.080419063568115,29.060803048097828,0.5604059142624722,70145000,bull,hold
2025-11-26,34.67828369140625,35.02586328191948,33.70506765689504,33.76465370368671,2461600,33.191147327423096,31.385831146240236,23.14449206352234,0.06821662413519647,58.986827365043986,0.36295755921933903,0.3955245908955301,-0.03256703167619107,37.258436382036656,33.191147327423096,29.123858272809535,0.6828166555185305,72606600,bull,hold
2025-11-28,36.13811111450195,36.17783514732016,35.075517860514694,35.075517860514694,1901600,33.41310043334961,31.529430313110353,23.21799627304077,0.14003770646540192,63.03649947807426,0.6110182666754298,0.4386233260515101,0.1723949406239197,37.61279508358127,33.41310043334961,29.213405783117956,0.8244296202584668,74508200,bull,hold
2025-12-01,37.478763580322266,37.75682419466596,35.492607676057624,35.61177596959181,3329600,33.684210777282715,31.716724853515625,23.296535844802857,0.16914501857216946,66.32503836634609,0.9053512881189931,0.5319689184650067,0.3733823696539864,38.18768866293592,33.684210777282715,29.180732891629507,0.9212913773961136,77837800,bull,hold
2025-12-02,40.36861801147461,40.64667861026496,37.6575120201025,38.1739129809214,5122400,33.8237382888794,31.937585411071776,23.38795491218567,0.07426007766830622,72.08931509005562,1.3561663873120722,0.6968084122344198,0.6593579750776524,38.93326633991251,33.8237382888794,28.714210237846284,1.1404583414775347,82960200,bull,hold
2025-12-03,43.716251373291016,43.85556957195848,40.143718980610956,40.561673576613366,5742900,34.25925121307373,32.22440551757813,23.494248046875,0.24882192347479903,77.00065305631418,1.9609618883368825,0.9496391074549124,1.01132278088197,40.940673869416585,34.25925121307373,27.577828556730875,1.2077085709612683,88703100,bull,hold
2025-12-04,42.96990203857422,43.69634966702269,42.392722286687416,43.14902652735728,4590100,34.592896461486816,32.500668144226076,23.597643384933473,0.18384179152163305,73.87931275698314,2.352919534651427,1.2302951928942154,1.1226243417572117,42.24408839677094,34.592896461486816,26.941704526202688,1.0474314098994253,84113000,bull,hold
2025-12-05,43.019657135009766,43.726201606525265,42.69126477624835,43.68639911792187,4110600,34.998544692993164,32.78189823150635,23.699864892959596,0.2324186007881468,73.95510929259162,2.637164028378173,1.511668959991007,1.125495068387166,43.48764956795239,34.998544692993164,26.509439818033943,0.9724357020065163,88223600,bull,hold
2025-12-08,44.492454528808594,44.960168873895235,42.80072542585964,43.34805233867854,3638000,35.49620475769043,33.09516628265381,23.813227653503418,0.28817071481727163,76.16034418671127,2.94729766566509,1.7987947011258236,1.1485029645392664,44.93330783456179,35.49620475769043,26.05910168081907,0.9766425511005784,91861600,bull,hold
2025-12-09,44.3929443359375,44.512359396028224,42.92014594103085,43.845621198040675,3421700,35.96753845214844,33.416573486328126,23.927515468597413,0.2695933472089518,75.69400378929981,3.148754287291453,2.0687866183589496,1.0799676689325035,46.16285706547398,35.96753845214844,25.7722198388229,0.9131997342769084,88439900,bull,hold
2025-12-10,46.62204360961914,46.74146246696471,44.98007418054915,45.258710588749466,5540500,36.5974983215332,33.78494609832764,24.054077072143556,0.37031579620098243,78.82224721473581,3.4485273170953548,2.344734758106231,1.1037925589891238,47.74668906952635,36.5974983215332,25.448307573540056,0.9495638075745703,93980400,bull,hold
2025-12-11,46.811119079589844,47.04994918930726,45.378123236740755,46.0946211581653,2662300,37.22648448944092,34.1358483505249,24.179523715972902,0.36749081049818044,79.06833012418912,3.6591757133542515,2.6076229491558354,1.0515527641984161,49.16239172066983,37.22648448944092,25.29057725821201,0.9015042344276873,96642700,bull,hold
2025-12-12,44.09440231323242,46.6618468398575,43.59683516195028,46.01501182087238,4626200,37.84476261138916,34.429039764404294,24.297077226638795,0.3897262707355853,67.0182832797575,3.565795475917696,2.799257454508208,0.7665380214094881,49.858323693437434,37.84476261138916,25.83120152934088,0.7601077090781195,92016500,bull,hold
2025-12-15,43.69635009765625,45.009927164253256,43.348054586110216,44.65167818315655,2521100,38.45654468536377,34.71943420410156,24.41205178260803,0.3889181781629627,65.44451853778789,3.4202450222571343,2.9234549680579933,0.496790054199141,50.352994861452565,38.45654468536377,26.56009450927497,0.7202255855626665,89495400,bull,hold
2025-12-16,40.08401107788086,43.43761662704272,38.92965536429762,43.43761662704272,5390900,38.926936340332034,34.913946571350095,24.51303626060486,0.30668204839449387,53.228632755247936,2.9790688188400622,2.9345777382144074,0.04449108062565488,50.28754203321023,38.926936340332034,27.566330647453835,0.5509248700654306,84104500,bull,hold
2025-12-17,38.680870056152344,40.9796317079441,38.48184243240712,40.78060408419888,3795800,39.33710165023804,35.09668258666992,24.606367321014403,0.2691588552264872,49.37346899234463,2.487536967491188,2.8451695840697635,-0.3576326165785755,50.019992178440994,39.33710165023804,28.654211122035086,0.4692858598357234,80308700,bull,hold
2025-12-18,39.1087760925293,40.750749158194836,38.949554761008805,40.58157435812783,3146300,39.73191843032837,35.27089576721191,24.7002681350708,0.25298680518601824,50.54971481866397,2.108220619991613,2.697779791254134,-0.589559171262521,49.747358091116006,39.73191843032837,29.716478769540736,0.46889091448282616,83455000,bull,hold
2025-12-19,40.19347381591797,40.621381869101775,39.188389842060076,39.20829298361933,4884800,40.24254083633423,35.466405715942386,24.803369703292848,0.34063037815105734,53.499066722086184,1.8735387345572363,2.5329315799147545,-0.6593928453575182,49.20316109854588,40.24254083633423,31.28192057412258,0.49726207455620103,88339800,bull,hold
2025-12-22,40.59152603149414,41.59660993049141,40.332789006631124,41.59660993049141,2024400,40.68070983886719,35.71694854736328,24.90458616256714,0.2753342923567075,54.56988946617291,1.7000737448234773,2.366360012896499,-0.6662862680730219,48.76703763094146,40.68070983886719,32.594382046792916,0.4944855186639565,90364200,bull,hold
2025-12-23,40.661190032958984,40.79055856100991,40.30294106059412,40.31289073376591,1554400,41.06823921203613,35.92518924713135,25.01066403388977,0.2355042709106434,54.76621280098824,1.5503513085982306,2.2031582720368457,-0.6528069634386151,48.328621013974434,41.06823921203613,33.80785741009783,0.47196778418949825,91918600,bull,hold
2025-12-24,40.56167221069336,40.82040925333668,40.273086150087295,40.82040925333668,718400,41.418021011352536,36.14236343383789,25.119138593673707,0.2084141225245435,54.40451968732555,1.4074408407356316,2.044014785776603,-0.6365739450409715,47.82258709916138,41.418021011352536,35.01345492354369,0.4331454474106181,91200200,bull,hold
2025-12-26,40.39250183105469,40.74079732141332,39.695907054201285,40.69104136509582,1661700,41.70373191833496,36.32894393920898,25.225835237503052,0.16477799739162124,53.7546123968753,1.2659396650802393,1.8883997616373305,-0.6224600965570912,47.34442956783654,41.70373191833496,36.06303426883338,0.3837705751347855,89538500,bull,hold
2025-12-29,39.89493179321289,40.48206114606623,39.66605137378001,39.99444369865819,1670100,41.89157295227051,36.50120346069336,25.33175358772278,0.10395730609183262,51.79478839803054,1.1009580610200587,1.7309114215138761,-0.6299533604938174,47.00385791587429,41.89157295227051,36.779287988666724,0.3047212573954277,87868400,bull,hold
2025-12-30,40.203426361083984,41.01943616558509,40.03425155978517,40.09396098309111,2398700,42.02780609130859,36.68380382537842,25.436159896850587,0.07269884383785463,52.940374632043095,0.9837616921874712,1.5814814756485953,-0.5977197834611241,46.79609825396356,42.02780609130859,37.259513928653625,0.3086967337579416,90267100,bull,hold
2025-12-31,39.28790283203125,40.35269625979166,39.27795315904659,40.21337806118917,1547100,41.97377033233643,36.82843074798584,25.536087131500246,-0.026771171089784884,49.20327660487938,0.8076969998479058,1.4267245804884574,-0.6190275806405516,46.83954505509467,41.97377033233643,37.10799560957819,0.2240041254126688,88720000,bull,hold
2026-01-02,42.71116638183594,42.99975626725991,40.85026612738589,40.85026612738589,4218800,41.92351608276367,37.04410491943359,25.65332775115967,-0.02299110650802849,60.446440896681736,0.9336309058358268,1.3281058455579313,-0.39447493972210457,46.73674413110906,41.92351608276367,37.110288034418275,0.5818214191350265,92938800,bull,hold
2026-01-05,47.895816802978516,48.17445320315814,45.22885647054542,45.68661735545086,7952900,42.16981182098389,37.390881080627445,25.796393079757692,0.11463639735511344,70.93803818111125,1.4352477500390322,1.3495342264541517,0.08571352358488049,47.63233947286349,42.16981182098389,36.707284169104284,1.0241167960059994,100891700,bull,hold
2026-01-06,51.040443420410156,52.81178140756931,48.94070926468164,49.12978343086204,8804000,42.5708511352539,37.7765172958374,25.95592052459717,0.18644468179345397,75.22966722171985,2.0627497057193978,1.492177322307201,0.5705723834121967,49.26331344775012,42.5708511352539,35.878388822757685,1.1327710108536408,109695700,bull,hold
2026-01-07,52.46348190307617,53.26953826257662,49.63730031809705,49.73681223038674,6625000,42.96940250396729,38.17492366790771,26.122563161849975,0.179154588315787,76.89262099583712,2.6443939122831424,1.7226206403023894,0.921773271980753,50.90590020833523,42.96940250396729,35.03290479959934,1.0981277732798755,116320700,bull,hold
2026-01-08,50.751853942871094,52.085334178705715,48.87105055119358,51.63752294351192,4461900,43.28734798431397,38.530954246521,26.27838143348694,0.14324144753304524,70.74090394377185,2.9334223973833033,1.9647809917185723,0.968641405664731,51.90660864331782,43.28734798431397,34.66808732531012,0.933013123391248,111858800,bull,hold
2026-01-09,52.03557586669922,52.145041252147934,50.07515999019179,51.28922510715208,2860200,43.55802459716797,38.93291805267334,26.44155436515808,0.11611529306628565,72.51682962211672,3.2288450688368613,2.2175938071422303,1.011251261694631,52.88973667087715,43.55802459716797,34.226312523458795,0.9542334355458517,114719000,bull,hold
2026-01-12,51.32903289794922,52.45353200877248,49.63730370078347,50.811562567278735,4675500,43.78392028808594,39.31022434234619,26.602820358276368,0.0965136896359573,69.99854284329243,3.3671432205444987,2.447503689822684,0.9196395307218146,53.624546489388266,43.78392028808594,33.94329408678361,0.8833654716437022,110043500,bull,hold
2026-01-13,51.69723129272461,52.06542994679187,50.154773778093926,51.329032638657345,2439200,44.16406173706055,39.71018798828125,26.771051025390626,0.17242163586852,70.57207012892312,3.4664964225135364,2.6513022363608547,0.8151941861526817,54.593093923341456,44.16406173706055,33.73502955077964,0.8611634052474078,112482700,bull,hold
2026-01-14,48.43318557739258,51.66737212040672,47.438051256465144,51.59771302163269,5650300,44.40090351104736,40.0377205657959,26.923060007095337,0.1084034586218312,59.68023019056254,3.2444533023486812,2.76993244955842,0.4745208527902611,54.990599874784785,44.40090351104736,33.811207147309936,0.690387048308253,106832400,bull,hold
2026-01-15,48.96060562133789,53.936276847162155,48.86108991913988,51.97586116942391,5760600,44.844733238220215,40.265371322631836,27.078888463974,0.22144975776526787,60.73476678694605,3.075587461823716,2.8310634520114797,0.2445240098122361,55.41756608378605,44.844733238220215,34.27190039265438,0.6946437838958099,112593000,bull,hold
2026-01-16,47.76644515991211,49.92588471270452,46.54243045822568,49.279049712178974,3872800,45.2990119934082,40.52058036804199,27.228499784469605,0.234885489663764,57.09374810727876,2.8129750717622315,2.82744577596163,-0.014470704199398554,55.54927813023782,45.2990119934082,35.04874585657858,0.6203594684063042,108720200,bull,hold
2026-01-20,48.811336517333984,49.289000524442905,46.253841677278444,46.41306301298142,4458700,45.784140014648436,40.77086715698242,27.380773735046386,0.24809164065500133,59.387959750657394,2.65852108445128,2.79366083765956,-0.13513975320827987,55.730498126964434,45.784140014648436,35.83778190233244,0.6521761266034222,113178900,bull,hold
2026-01-21,53.19987869262695,53.73725212494911,49.44822193133029,49.44822193133029,5093500,46.43446025848389,41.1367308807373,27.568686361312867,0.32359494320587956,67.29715446257262,2.8572967256475366,2.8063880152571556,0.05090871039038092,56.53326713549433,46.43446025848389,36.33565338147345,0.8349612739671401,118272400,bull,hold
2026-01-22,52.19479751586914,54.901560371637856,51.5877649538343,54.87170755584476,4508700,47.01462383270264,41.48984176635742,27.75635239601135,0.2858545272570501,64.21279775647645,2.90029342501267,2.8251690972082586,0.07512432780441136,57.03699192788507,47.01462383270264,36.99225573752021,0.7584306240785806,113763700,bull,hold
2026-01-23,49.46812438964844,52.59284543674794,48.76157995846577,52.19479400048291,3108800,47.45497055053711,41.779878845214846,27.927971024513244,0.2165931284733862,56.62997524675368,2.6834161346741467,2.7968185047014362,-0.11340237002728948,57.08839933237496,47.45497055053711,37.82154176869926,0.6044879183052028,110654900,bull,hold
2026-01-26,50.14481735229492,51.19966108916107,49.119830226148245,49.76666525098273,2331000,47.93412780761719,42.10231826782226,28.105190095901488,0.23626109623446778,57.95690295777477,2.5368989938545283,2.744834602532055,-0.20793560867752658,57.08989790901546,47.93412780761719,38.77835770621891,0.6207265757109889,112985900,bull,hold
2026-01-27,50.49311828613281,51.239469044151626,50.055256745234566,51.00063513128565,2508100,48.4391586303711,42.427552719116214,28.269075260162353,0.2500616697951732,58.65802953246957,2.4209805221925507,2.6800637864641543,-0.25908326427160366,56.96807201964214,48.4391586303711,39.91024524110005,0.6204115672194243,115494000,bull,hold
2026-01-28,50.7120475769043,52.30426487775655,50.264236342410335,51.737038579443016,2925400,48.980014419555665,42.80721687316895,28.443859009742738,0.271140099693858,59.11950833104629,2.3200361300153105,2.608058255174386,-0.2880221251590753,56.596096486248534,48.980014419555665,41.3639323528628,0.6137089347371445,118419400,bull,hold
2026-01-29,49.7567138671875,52.125134510183706,48.164500541891904,50.980728572783995,3378700,49.45767879486084,43.173136978149415,28.61115643978119,0.2376237144640707,56.17289400698011,2.138300528189461,2.514106709777401,-0.37580618158793966,55.92351252622347,49.45767879486084,42.99184506349821,0.5231242469842818,115040700,bull,hold
2026-01-30,48.094844818115234,50.741902029590285,47.55747135960153,48.49289627927866,3383100,49.89802589416504,43.52151031494141,28.76797683238983,0.2241642172588485,51.37580776991415,1.8389762376228234,2.379080615346486,-0.5401043777236625,54.44972648108521,49.89802589416504,45.34632530724487,0.30192226601729366,111657600,bull,hold
2026-02-02,47.96547317504883,49.1894878869702,47.020094847459994,47.020094847459994,2820800,50.16074123382568,43.87126850128174,28.92365770816803,0.1230195107817853,51.0106015633959,1.5731856653659122,2.2179016253503714,-0.6447159599844592,53.455989768707234,50.16074123382568,46.86549269894413,0.16690402324148768,108836800,bull,hold
2026-02-03,46.0150146484375,49.74676851236517,45.17910163107224,49.089979984159356,4746100,50.066701126098636,44.167319984436034,29.074168028831483,-0.03926861008087146,45.73240197878214,1.1914250135789288,2.012606302996083,-0.821181289417154,53.70465686907613,50.066701126098636,46.42874538312114,-0.056863079695551794,104090700,bull,hold
2026-02-04,43.65654373168945,47.4181542301722,41.93496172780773,45.90554953283498,5640000,49.6975061416626,44.440830345153806,29.21377278804779,-0.14466762421911117,40.30201684645298,0.690607164676706,1.7482064753322075,-1.0575993106555015,54.24919714554298,49.6975061416626,45.14581513778222,-0.16359539837207146,98450700,bull,hold
2026-02-05,44.05459976196289,45.06963729209956,42.8106817783841,43.40776089204735,4595900,49.277062034606935,44.685359420776365,29.35576195716858,-0.16028067211871866,41.56323766589273,0.3221120984112886,1.462987599948024,-1.1408755015367353,54.261954421172554,49.277062034606935,44.292169648041316,-0.02382898843701028,103046600,bull,hold
2026-02-06,49.11982727050781,49.18948636443483,45.23880217048555,45.23880217048555,4223900,49.19546070098877,45.009543914794925,29.522732400894164,-0.03215698630833019,54.683142637918664,0.4337980773931207,1.2571496954370434,-0.8233516180439227,54.13433297254214,49.19546070098877,44.256588429435396,0.4923430465172602,107270500,bull,hold
2026-02-09,52.26445388793945,52.96104865711873,47.736593582478285,48.39338206858764,8482800,49.206904602050784,45.383512268066404,29.703258275985718,0.004398491175086727,60.597684385042676,0.7672111748247801,1.1591619913145907,-0.39195081648981067,54.17303271846532,49.206904602050784,44.240776485636246,0.807840355123195,115753300,bull,hold
2026-02-10,53.19987869262695,54.483602848906735,49.38851630294077,54.005938841110186,8312100,49.30044689178467,45.75394416809082,29.88358392715454,0.03644810137758281,62.17900085295402,1.0943098974050187,1.1461915725326763,-0.05188167512765762,54.48846294279302,49.30044689178467,44.11243084077631,0.8758114626577133,124065400,bull,hold
2026-02-11,55.89669418334961,56.812219752231954,53.229737638502336,54.05569716859838,5648400,49.51042003631592,46.149115829467775,30.07660538673401,0.08123187229982265,66.36942837153214,1.5532436377474,1.227601985575621,0.3256416521717789,55.366385903122236,49.51042003631592,43.654454169509606,1.0452793179032471,129713800,bull,hold
2026-02-12,51.33898162841797,55.51854668695914,49.38851919981086,55.51854668695914,6198600,49.65570983886719,46.426320190429685,30.24718316078186,0.059995972108465745,55.231753248162306,1.5315281178188513,1.2883872120242672,0.24314090579458414,55.54167113755264,49.65570983886719,43.76974854018174,0.6429903888364603,123515200,bull,hold
2026-02-13,47.24897766113281,48.90090050157192,46.85092620573393,47.656982585695,12757900,49.570128440856934,46.56392738342285,30.39957715034485,-0.034959288972910896,47.52441026478509,1.1707930991988817,1.2648683894591901,-0.09407529026030836,55.54315796424825,49.570128440856934,43.597098917465615,0.3056973625666731,110757300,bull,hold
2026-02-17,46.612091064453125,46.86087464105756,44.07449934231507,46.691699834975765,6660400,49.512410736083986,46.621844177246096,30.54666826248169,-0.024166631860387477,46.43771014193988,0.8240178079615035,1.176698273159653,-0.35268046519814944,55.57566882905477,49.512410736083986,43.4491526431132,0.2608282851266681,104096900,bull,hold
2026-02-18,46.51258087158203,48.86109473278533,45.91549798797881,47.278830975248,5824500,49.39747295379639,46.69269775390625,30.69311403274536,-0.0470947081101869,46.25972401228117,0.5349991135953687,1.0483584412467961,-0.5133593276514274,55.59519437040906,49.39747295379639,43.199751537183715,0.26726187833470927,98272400,bull,hold
2026-02-19,48.104793548583984,48.2441117470678,45.05968113948385,45.07958428157242,5160200,49.14271869659424,46.794400482177736,30.844269304275514,-0.09577249552542877,49.58906522226565,0.42947722627624074,0.9245821982526851,-0.4951049719764443,55.108847924165715,49.14271869659424,43.17658946902276,0.41301519725606567,103432600,bull,hold
2026-02-20,47.70673751831055,48.71182529858501,47.16936787525852,47.41815145308976,3957000,48.918315696716306,46.85868614196777,30.995257139205933,-0.08598673069272966,48.77550814008737,0.3101552981693416,0.8016968182360165,-0.49154152006667484,54.74434715043586,48.918315696716306,43.092284242996755,0.3960202851606437,99475600,bull,hold
2026-02-23,46.840972900390625,47.67688589462886,45.686617222265085,47.358443210741555,3107600,48.78695812225342,46.90764671325684,31.143344869613646,-0.05310796642630666,46.970546284122605,0.14407107958292187,0.6701716705053976,-0.5261005909224757,54.67561127464565,48.78695812225342,42.89830496986119,0.33476822530528505,96368000,bull,hold
2026-02-24,48.29386901855469,48.77153305327163,47.129563645707684,47.76644902533028,4240800,48.694410705566405,46.94108322143555,31.29800733566284,-0.036912056548861316,50.2947519476791,0.12820682567693353,0.5617787015397049,-0.43357187586277135,54.55289573899891,48.694410705566405,42.8359256721339,0.4658152504678297,100608800,bull,hold
2026-02-25,50.692142486572266,50.771755056818485,49.01036679955203,49.21934410224391,5294200,48.70436191558838,47.0187036895752,31.462789068222047,0.0039416104054343926,55.27829182799971,0.30563178287818005,0.5105493178074,-0.20491753492921994,54.57569629904159,48.70436191558838,42.83302753213517,0.6692784332455938,105903000,bull,hold
2026-02-26,48.28391647338867,50.79165535359499,46.81111817157913,50.39360011693897,4593800,48.5829553604126,47.10249397277832,31.61474142074585,-0.047880754564946115,49.87114395673846,0.24904775931604206,0.4582490061091284,-0.20920124679308633,54.383197059411344,48.5829553604126,42.78271366141385,0.4742218598342594,101309200,bull,hold
2026-02-27,47.58732223510742,47.7266404306414,45.82593405699323,46.69169984076593,4293800,48.47448577880859,47.180313415527344,31.755968675613403,-0.043599978042575316,48.39647452910707,0.14630862487522478,0.3958609298623477,-0.24955230498712294,54.263998402844074,48.47448577880859,42.68497315477311,0.4233818456481067,97015400,bull,hold
2026-03-02,47.57737350463867,48.03513438364115,46.144377645310996,46.144377645310996,2611700,48.448612213134766,47.3301806640625,31.895077018737794,-0.010759392517712296,48.37447395204635,0.0633540353485813,0.32935955095959446,-0.26600551561101315,54.24929452584157,48.448612213134766,42.64792990042796,0.4249020493168895,94403700,bull,hold
2026-03-03,44.373043060302734,45.835891843477086,43.686401690719094,45.835891843477086,4294000,48.268990707397464,47.44402412414551,32.01796664237976,-0.07489616753358419,41.78572969418951,-0.25797696380421087,0.21189224800683337,-0.46986921181104424,54.33481529021676,48.268990707397464,42.20316612457817,0.17886083797003272,90109700,bull,hold
2026-03-04,45.547298431396484,45.676666956339126,44.12425604543598,44.91041307188838,3989400,48.24560489654541,47.57279457092285,32.147565069198606,-0.010164426125134352,44.75525682180541,-0.41311931856539275,0.08688993469238815,-0.5000092532577809,54.349495495099234,48.24560489654541,42.141714297991584,0.27896831360409496,94099100,bull,hold
2026-03-05,44.34318923950195,45.51744810894721,42.830584529773546,44.940268347702144,4055100,48.279937171936034,47.65578887939453,32.27207901000977,0.015728352478670438,42.368600123607145,-0.6260159785600123,-0.05569124795809195,-0.5703247306019203,54.28715272788952,48.279937171936034,42.27272161598255,0.17233172376072442,90044000,bull,hold
2026-03-06,41.40754318237305,43.63664212281828,41.099050150341,42.79077939737135,3743600,48.14758434295654,47.67210922241211,32.38423022270203,-0.060085816098489064,37.16501443882536,-1.0198638622747964,-0.24852577082143285,-0.7713380914533636,54.61997449144626,48.14758434295654,41.675194194466826,-0.020676365759273146,86300400,bull,hold
2026-03-09,43.009708404541016,43.01965807787587,40.02430531408909,40.74079947442485,5627400,47.842078399658206,47.71907958984375,32.50380108833313,-0.12439210814642654,41.39538765556306,-1.189003709430807,-0.4366213585433077,-0.7523823508874994,54.66915693138607,47.842078399658206,41.01499986793034,0.1460880028946901,91927800,bull,hold
2026-03-10,43.726200103759766,44.59196968447938,42.46237907773257,42.69126330905117,4072000,47.415165710449216,47.78237014770508,32.63005814552307,-0.1633663637333055,43.23590300645369,-1.2508147508896599,-0.5994600370125782,-0.6513547138770817,54.14989609399155,47.415165710449216,40.68043532690688,0.22612373498245913,95999800,bull,hold
2026-03-11,43.706298828125,45.07958529398881,43.377906466628865,43.666496339190154,2464000,46.94048671722412,47.848646087646486,32.75641278266907,-0.17845115623952879,43.195324241979364,-1.2865754720161462,-0.7368831240132918,-0.5496923480028544,53.30553743230069,46.94048671722412,40.57543600214755,0.24594170306935162,93535800,bull,hold
2026-03-12,41.14789581298828,43.17188847944069,41.01827937618069,42.533782641943034,3957500,46.203046798706055,47.87370536804199,32.87214310646057,-0.2638581509307695,38.228140897202564,-1.5040204316900727,-0.8903105855486481,-0.6137098461414247,51.588832861418894,46.203046798706055,40.817260735993216,0.030695155093899463,89578300,bull,hold
2026-03-13,42.8628044128418,43.51087893425147,41.945524497869144,41.945524497869144,2954400,45.77923793792725,47.92689292907715,32.99334421157837,-0.1651021688923472,42.96279635672936,-1.5204416322247525,-1.016336794883869,-0.5041048373408834,50.80359005891445,45.77923793792725,40.754885816940046,0.20977018978195933,92532700,bull,hold
2026-03-16,44.49795150756836,45.255701174788925,44.2486911981206,44.358366342823295,3198500,45.641686630249026,48.03109390258789,33.12479022026062,-0.05822403551870836,47.12433634638486,-1.3855411905318604,-1.0901776740134674,-0.295363516518393,50.64815692370163,45.641686630249026,40.635216336796425,0.3857743024884788,95731200,bull,hold
2026-03-17,46.2028923034668,46.36241875349293,44.41818752895466,44.687389126513246,3015400,45.621226692199706,48.100928421020505,33.26357855796814,-0.00877881149808335,51.12830277595251,-1.1280536449112617,-1.0977528681930264,-0.03030077671823528,50.61499518616388,45.621226692199706,40.62745819823553,0.558239144642982,98746600,bull,hold
2026-03-18,46.7313232421875,48.04741741381454,45.40526033136491,46.153041283580755,3522700,45.63216381072998,48.07763854980469,33.408457651138306,0.004702864612252,52.333103150119705,-0.871309041180524,-1.052464102790526,0.18115506161000194,50.63464376616216,45.63216381072998,40.6296838552978,0.6098614528443985,102269300,bull,hold
2026-03-19,47.98759841918945,48.57585293324149,44.268634858742416,44.8170068083206,3388800,45.62630405426025,48.01658164978027,33.5591747379303,-0.002436246385220775,55.16302965449191,-0.5600107302211796,-0.9539734282766568,0.3939626980554771,50.61744653192595,45.62630405426025,40.635161576594555,0.7365484831875159,105658100,bull,hold
2026-03-20,45.674461364746094,48.506058687528046,44.338425927868464,48.10724066325601,5408800,45.52469024658203,47.88080123901367,33.69458191871643,-0.04259935303235596,49.35306277418918,-0.49425790711494244,-0.8620303240443139,0.36777241692937146,50.42418255848109,45.52469024658203,40.62519793468297,0.5152843507683768,100249300,bull,hold
2026-03-23,45.983543395996094,47.6087217695233,45.32549629435482,46.591739193639384,4573300,45.481818771362306,47.78543502807617,33.83054918289184,-0.018305117321493092,50.10920423631068,-0.41245347732099447,-0.77211495469965,0.3596614773786555,50.34939129762321,45.481818771362306,40.614246245101405,0.5515374575239452,104822600,bull,hold
2026-03-24,50.111289978027344,50.310698982448095,45.16596644612681,45.33546543107809,3519800,45.572689819335935,47.74694931030273,33.98793205261231,0.03763254003886907,58.92817358738963,-0.014382433447785559,-0.6205684504492771,0.6061860170014916,50.707386258376104,45.572689819335935,40.437993380295765,0.9419540875078305,108342400,bull,hold
2026-03-25,49.78226852416992,51.347622938608055,49.114248927583546,50.450284317345876,2703200,45.52719612121582,47.716014022827146,34.14154210090637,-0.017949013747906917,58.0473764948255,0.2714137662414373,-0.44217200711113425,0.7135857733525716,50.49299719121862,45.52719612121582,40.561395051213026,0.9284376622190891,105639200,bull,hold
2026-03-26,45.00644302368164,48.2966785054973,44.78709272375704,48.19697589830103,3797000,45.36332244873047,47.58219825744629,34.268254652023316,-0.06787919640929263,47.05344074914919,0.1112576005317436,-0.3314860855825587,0.4427436861143023,50.168121849580324,45.36332244873047,40.55852304788062,0.4628621930620342,101842200,bull,hold
2026-03-27,44.318485260009766,46.03339365994125,44.08916622407156,44.7272720290145,3324300,45.199880599975586,47.499904251098634,34.38865749359131,-0.06869134091949558,45.710416704848974,-0.07036859136314177,-0.2792625867386754,0.2088939953755336,49.91245381117722,45.199880599975586,40.48730738877395,0.40648470586400953,98517900,bull,hold
2026-03-30,41.127952575683594,45.405260556373236,40.56960809270103,45.21582028002365,2889200,44.87740955352783,47.34325119018555,34.49375093460083,-0.13555647262298487,40.007236890466196,-0.466381820898107,-0.3166864335705617,-0.14969538732754528,49.77414530629264,44.87740955352783,39.98067380076303,0.11714730310623625,95628700,bull,hold
2026-03-31,44.896766662597656,45.24573338519232,41.875732865799236,42.35431221357053,3439400,44.903595733642575,47.285857620239256,34.61734208106995,0.011802742525077292,48.22491138968196,-0.47068756564149794,-0.347486659984749,-0.12320090565674896,49.794861009205306,44.903595733642575,40.012330458079845,0.49930191160567006,99068100,bull,hold
2026-04-01,46.35245132446289,47.389371377234944,45.67446294183653,45.744255527982425,2611800,44.9438533782959,47.23667991638184,34.75068572044373,0.017677291975486398,51.01586603544381,-0.35257405854645896,-0.348504139697091,-0.0040699188493679705,49.86878577946698,44.9438533782959,40.018920977124814,0.643006830492947,101679900,bull,hold
2026-04-02,46.56182861328125,47.29963703178506,43.38126449066607,43.47099835815012,1774100,45.054785346984865,47.103918914794924,34.88230527877808,0.05003337404976005,51.42148950168799,-0.23931458626088897,-0.3266662290098506,0.08735164274896162,50.020381468305494,45.054785346984865,40.089189225664235,0.651748473846437,103454000,bull,hold
2026-04-06,46.89085006713867,48.735378712694,46.67150357239198,48.16706548875058,1823300,45.32895069122314,46.99783996582031,35.016213207244874,0.13242289842252308,52.09283706811733,-0.12160457505979139,-0.2856538982198388,0.1640493231600474,50.058668436078904,45.32895069122314,40.59923294636738,0.6651154952760465,105277300,bull,hold
2026-04-07,47.479103088378906,47.74830468131484,45.75422218852467,46.4720931030205,1824400,45.552420425415036,46.958059539794924,35.1528644657135,0.10391594943633709,53.33455587984488,0.018930342248665966,-0.22473705012613784,0.2436673923748038,50.24489622896866,45.552420425415036,40.85994462186141,0.7052948958740274,107101700,bull,hold
2026-04-08,52.2649040222168,53.13233270664038,50.96875107053325,51.7663833636146,3178900,45.97935562133789,47.00046127319336,35.31443435668945,0.19527660528916702,61.97064174726075,0.5105936101640154,-0.07767091806810719,0.5882645282321226,51.423132398143366,45.97935562133789,40.53557884453241,1.0773150386749877,110280600,bull,hold
2026-04-09,54.97685241699219,55.35572914661349,51.886026147656914,52.01563876816622,3760700,46.54288330078125,47.090135955810545,35.48906918525696,0.25787023589411295,65.82970383418474,1.106318907285889,0.15912704700269206,0.9471918602831969,53.14001025834534,46.54288330078125,39.945756343217155,1.139215310730133,114041300,bull,hold
2026-04-10,57.78851318359375,58.74567192454598,55.22611733141769,56.03372215851467,3904900,47.37491416931152,47.23166526794434,35.67429862976074,0.4044099228362701,69.30719138216166,1.7847396552751036,0.4842495686571744,1.3004900866179292,55.13536795263001,47.37491416931152,39.614460385993034,1.17094008321181,117946200,bull,hold
2026-04-13,60.261173248291016,60.32099709397567,57.110522973700775,57.49936846212451,3771800,48.244832611083986,47.441754455566404,35.87164394378662,0.40590831780098435,72.00540996886564,2.4931762048120234,0.8860348958881442,1.6071413089238793,57.536598765099555,48.244832611083986,38.95306645706842,1.1466123037337739,121718000,bull,hold
2026-04-14,61.138572692871094,62.41478434982311,60.52040814696131,61.94617752145459,3358500,49.07686367034912,47.702629013061525,36.07253507614136,0.3739637583647517,72.91528630706262,3.0897987995460596,1.3267876766197273,1.7630111229263323,59.75439609058282,49.07686367034912,38.39933125011542,1.0648172512061533,125076500,bull,hold
2026-04-15,59.543304443359375,60.7098408758391,58.02780129264456,60.281112835677185,3479900,49.74388427734375,47.934185638427735,36.26559830665588,0.28873543353673536,68.55260705233056,3.394768906005737,1.7403839224969293,1.6543849835088078,61.254199947731514,49.74388427734375,38.23356860695599,0.9256799051665582,121596600,bull,hold
2026-04-16,62.713897705078125,64.60827764852594,59.21428070068748,59.254163264497265,5219900,50.54301300048828,48.26816329956055,36.47530620574951,0.34200988446357705,72.12268090036329,3.8479435925599077,2.161895856509525,1.6860477360503827,63.26158543737636,50.54301300048828,37.8244405636002,0.978468977748251,126816500,bull,hold
2026-04-17,67.1706771850586,69.16475984637974,62.87342768068362,64.14963556342684,6153000,51.50216693878174,48.73844596862793,36.704873418807985,0.3997507563995564,76.21091364258675,4.514670344330874,2.632450754073795,1.8822195902570789,66.06485879961225,51.50216693878174,36.93947507795123,1.0379675130125041,132969500,bull,hold
2026-04-20,69.23455047607422,69.48381080168586,66.80176726392166,67.4996931329057,3991600,52.68017139434814,49.24204498291016,36.940702514648436,0.5158263153490195,77.83217926832086,5.150224838656037,3.1360055709902435,2.0142192676657933,68.88561094331936,52.68017139434814,36.47473184537692,1.0107661236741032,136961100,bull,hold
2026-04-21,70.00226593017578,72.69428189543758,69.43395271642403,69.62339298994833,4161300,53.88110752105713,49.659693756103515,37.180716562271115,0.5223330078619182,78.42129910026777,5.650716631532504,3.6389477830986956,2.011768848433808,71.42788235763575,53.88110752105713,36.33433268447851,0.9593766820188494,141122400,bull,hold
2026-04-22,72.0362319946289,72.75410292848339,70.28143722374253,71.78697167630838,3577700,54.97735462188721,50.055129318237306,37.43480947494507,0.4375249973851232,79.94217111061039,6.140697903098271,4.139297807098611,2.00140009599966,74.11270621024076,54.97735462188721,35.84200303353366,0.9457424598125579,144700100,bull,hold
2026-04-23,72.69428253173828,74.59862739887245,71.3083881703597,72.16584426974615,3570300,56.122955322265625,50.44501739501953,37.68892684936523,0.46024447432411164,80.42291700345594,6.507100960383902,4.612858437755669,1.8942425226282325,76.5751483477362,56.122955322265625,35.67076229679505,0.9051234796394498,148270400,bull,hold
2026-04-24,77.8689193725586,78.9756357582138,74.35933755250979,77.52992900201534,5317100,57.766079139709475,50.884461898803714,37.96911535263062,0.7301727073073796,83.7260745886729,7.132805428916612,5.1168478359878575,2.0159575929287543,79.6145298260102,57.766079139709475,35.917628453408746,0.960051848103213,153587500,bull,hold
2026-04-27,75.3962631225586,78.99558269416448,74.98747255304214,78.99558269416448,6576100,59.31996803283691,51.365607528686525,38.23778175354004,0.7012373658580673,77.0372382714419,7.344495264047183,5.5623773215997225,1.78211794244746,81.53918574737695,59.31996803283691,37.100750318296875,0.8617655512507426,147011400,bull,hold
2026-04-28,71.14886474609375,73.08312721989034,64.80768173963878,65.86454303844091,7531200,60.821013641357425,51.843605270385744,38.48535961151123,0.7299393791890252,67.11811028518957,7.087827369641779,5.867467331208134,1.220360038433645,81.95098662720416,60.821013641357425,39.69104065551069,0.7443886490449875,139480200,bull,hold
2026-04-29,70.40108489990234,72.85380551883196,68.30729974782305,72.76407545552999,3577900,62.096229553222656,52.31938514709473,38.731870565414425,0.5680658126000793,65.51865103973496,6.746309374959679,6.043235739958444,0.7030736350012354,82.28559013226942,62.096229553222656,41.9068689741759,0.7056740557523837,135902300,bull,hold
2026-04-30,69.54362487792969,69.83276774364568,66.18359323856204,68.1776756723378,10521100,63.255788230895995,52.78000602722168,38.972906665802,0.5003224832950197,63.64569619227252,6.333455908712821,6.1012797737093205,0.23217613500350076,82.32805616431483,63.255788230895995,44.18352029747716,0.6648423949627934,125381200,bull,hold
2026-05-01,70.8796615600586,71.45794733312255,68.39703088118789,68.78587637522229,10940700,64.47167987823487,53.235503387451175,39.222255840301514,0.5222697147216626,65.3097193237657,6.044397504857756,6.089903319939007,-0.04550581508125173,82.18395995440675,64.47167987823487,46.75939980206299,0.680890931440394,136321900,bull,hold
2026-05-04,70.75004577636719,73.01333366054506,69.17471878487736,72.31540022550502,5723400,65.66463966369629,53.6963695526123,39.46892819404602,0.5088241240042939,64.99888168400217,5.738705501943414,6.019663756339889,-0.2809582543964746,81.60511373439641,65.66463966369629,49.72416559299618,0.6595123862099648,130598500,bull,hold
2026-05-05,76.48303985595703,77.32055853247644,72.37522681939986,72.60454967333425,6148700,67.11483650207519,54.289210891723634,39.74490877151489,0.6108779416828789,71.46740737880663,5.891137728209216,5.993958550713755,-0.10282082250453861,81.36093205685881,67.11483650207519,52.86874094729156,0.828798979266152,136747200,bull,hold
2026-05-06,76.99153137207031,78.72638112599431,74.19981265420648,78.11818531679413,5292200,68.35116786956787,54.86316413879395,40.02125462532044,0.47310193737929196,71.96234669018844,5.983992639210442,5.9919653684130925,-0.007972729202650797,81.4753020861464,68.35116786956787,55.22703365298935,0.8291784189309742,142039400,bull,hold
2026-05-07,72.05616760253906,76.93170630059652,71.53770950089273,76.76220350735466,4569700,69.20513362884522,55.29044464111328,40.27510084152222,0.3106637509183414,60.917215075847956,5.594844332719333,5.912541161274341,-0.31769682855500747,80.87975613674486,69.20513362884522,57.530511120945576,0.6221039040776133,137469700,bull,hold
2026-05-08,76.38333129882812,76.53288900872573,72.10602339395487,74.15992594896389,5324300,70.13487453460694,55.85243293762207,40.55053339958191,0.3217736032792322,65.86423896215146,5.571383996195564,5.844309728258585,-0.27292573206302073,80.95506852428443,70.13487453460694,59.314680544929445,0.7887405147348671,142794000,bull,hold
2026-05-11,76.46309661865234,78.40732403178144,75.94463090393717,77.15104991500972,3708600,70.944970703125,56.42994842529297,40.828245077133175,0.2688617313108952,65.94979952782877,5.49587488060088,5.774622758727045,-0.27874787812616475,81.09203226280732,70.944970703125,60.79790914344266,0.7719075804887551,146502600,bull,hold
2026-05-12,73.23268127441406,75.17691639559926,69.90256694584828,74.37928030380715,3416700,71.54967613220215,56.943054580688475,41.08970571517944,0.19781470271309054,59.45074344762433,5.116387313792856,5.642975669740207,-0.526588355947351,80.67731652918627,71.54967613220215,62.42203573521803,0.592192783075021,143085900,bull,hold
2026-05-13,74.38925170898438,76.14404651999304,72.86377974307526,75.15697015996362,3325600,72.2919734954834,57.54337875366211,41.356602840423584,0.24933025475177018,60.93504630588788,4.853023615902799,5.484985258972726,-0.6319616430699266,79.63307990934513,72.2919734954834,64.95086708162168,0.6428448312328521,146411500,bull,hold
2026-05-14,71.87670135498047,76.29359447625579,71.78697129213947,74.10010672950223,4833400,72.75011367797852,58.06996681213379,41.59188684463501,0.14610483457736678,56.12832358646935,4.390948056656413,5.266177818509464,-0.8752297618530509,78.64408150052057,72.75011367797852,66.85614585543647,0.42590625285927086,141578100,bull,hold
2026-05-15,70.14185333251953,71.55765014074899,68.2773909858637,69.26445973449452,3138300,72.89867248535157,58.58594009399414,41.82413749694824,0.04423323199906415,53.01846650129337,3.840491316917692,4.98104051819111,-1.1405492012734175,78.35625069426457,72.89867248535157,67.44109427643856,0.24743200671593155,138439800,bull,hold
2026-05-18,65.8446044921875,71.66732169045181,65.03700352086918,71.0790710093239,4091200,72.72917518615722,59.07468132019043,42.041730337142944,-0.048963212161797776,46.19141228092963,3.022655031376061,4.5893634208281,-1.5667083894520388,78.80676184529484,72.72917518615722,66.6515885270196,-0.06639017097508608,134348600,bull,hold
2026-05-19,65.34608459472656,66.77185388992294,62.26522697269243,64.3689808203791,4169100,72.49636611938476,59.52140884399414,42.2608385848999,-0.06651472311044271,45.46008278532391,2.3076859265944165,4.1330279219813635,-1.825341995386947,79.28864540333832,72.49636611938476,65.7040868354312,-0.026353616049799296,130179500,bull,hold
2026-05-20,68.287353515625,68.7260541025897,65.7050203130236,66.96129442589998,3045500,72.30892219543458,60.01263191223145,42.49168429374695,-0.05204156818312522,50.44519084739643,1.955857670935785,3.697593871772248,-1.741736200836463,79.34421392427498,72.30892219543458,65.27363046659417,0.2141860753745579,133225000,bull,hold
2026-05-21,65.70501708984375,69.0650410904584,64.75782337870949,68.0380898639149,5068000,71.95945892333984,60.45260627746582,42.71050898551941,-0.09614601311792326,46.43242142260088,1.4519214290219935,3.2484593832221975,-1.796537954200204,79.55547389216974,71.95945892333984,64.36344395450993,0.08830769428700021,128157000,bull,hold
2026-05-22,65.55545806884766,67.45981038797703,64.37894916349133,67.06099239166936,5895300,71.34378585815429,60.940757522583006,42.92838794708252,-0.15813063033272634,46.20318646846865,1.0286228397619652,2.804492074530151,-1.775869234768186,78.9201392648137,71.34378585815429,63.76743245149489,0.11800041005090528,122261700,bull,hold
2026-05-26,73.24264526367188,76.07424621270121,69.19466044660821,71.78696603195351,8622500,71.23610496520996,61.54835433959961,43.18143708229065,-0.028563986724195578,57.74923985797352,1.2984793584215595,2.503289531308433,-1.2048101728868734,78.63822420610714,71.23610496520996,63.83398572431279,0.635538231225434,130884200,bull,hold
2026-05-27,71.9764175415039,74.82795641306306,69.88262461956806,74.76812875938198,5473300,71.27748260498046,62.09792366027832,43.42686856269837,0.011631286013675801,55.631245325231156,1.3940983013759904,2.2814512853219444,-0.887352983945954,78.68643740246208,71.27748260498046,63.86852780749886,0.5471682548772612,125410900,bull,hold
2026-05-28,70.37117767333984,72.33535027637595,69.35419127460428,71.78697451168308,3825600,71.27598724365234,62.58128936767578,43.66417488098145,-0.00042481201255661905,52.97852637453282,1.3250729446761937,2.0901756171927945,-0.7651026725166008,78.6856610141387,71.27598724365234,63.86631347316597,0.43894403462697257,121585300,bull,hold
2026-05-29,69.35418701171875,72.96347908016519,67.37007705138507,71.68726749549184,5169400,71.26651535034179,63.03374664306641,43.890408973693845,-0.0027240148402309927,51.30924408568347,1.1747652426917483,1.9070935422925854,-0.7323282996008371,78.68550139097023,71.26651535034179,63.847529309713345,0.3711192925724221,116415900,bull,hold
2026-06-01,72.53475189208984,73.40218052946118,66.76188206579776,67.51963555568004,5275700,71.34926986694336,63.52468971252441,44.129577016830446,0.023350708730865533,55.98062965774081,1.2973354353809157,1.7851419209102515,-0.4878064855293358,78.78605104196266,71.34926986694336,63.91248869192405,0.5797039738864852,121691600,bull,hold
2026-06-02,74.51885986328125,78.17800698129969,72.98341544672292,75.59566622400855,6364200,71.53771057128907,64.10157768249512,44.38084276199341,0.0532694225926984,58.64602817467583,1.5368581830770864,1.7354851733436185,-0.19862699026653208,79.09423893395244,71.53771057128907,63.9811822086257,0.6972565408952853,128055800,bull,hold
2026-06-03,75.06185913085938,79.35396333872869,73.65445317503792,78.18611438520837,4991500,71.46665153503417,64.68314399719239,44.63858410835266,-0.018581645391896218,59.37108521388153,1.750320583009639,1.7384522552768227,0.01186832773281643,78.86081082574651,71.46665153503417,64.07249224432184,0.7431113162750681,133047300,bull,hold
2026-06-04,73.68440246582031,75.6208413884457,69.57196760000548,71.13908342041849,6486700,71.30129508972168,65.15460624694825,44.888003215789794,-0.0429544502793161,56.65730755760716,1.787733947762689,1.748308593773996,0.03942535398869307,78.3328699485897,71.30129508972168,64.26972023085365,0.6694575841067187,126560600,bull,hold
2026-06-05,64.8306884765625,70.70986836107788,64.201848482775,70.17086700376282,5688700,70.94002113342285,65.4555746459961,45.09468768119812,-0.10027565115358639,43.039701823199884,1.09039419795306,1.6167257146098089,-0.5263315166567488,78.50181675326051,70.94002113342285,63.37822551358517,0.09603955435974271,120871900,bull,hold
2026-06-08,68.16455841064453,69.10283415327694,66.64734624743552,68.27435695990492,4401100,70.52908248901367,65.91873695373535,45.321703119277956,-0.10759903696828799,48.09834320811766,0.797568984747457,1.4528943686373386,-0.6553253838898816,77.74849965884577,70.52908248901367,63.309665319181576,0.3362385755840637,125273000,bull,hold
2026-06-09,70.77974700927734,75.65078005348319,65.08022917319587,70.17086692682912,7977200,70.24491500854492,66.44796218872071,45.56075539588928,-0.07432800737484924,51.72047053249836,0.7676774496796384,1.3158509848457984,-0.5481735351661601,76.93573270494319,70.24491500854492,63.554097312146645,0.5399676112099371,133250200,bull,hold
2026-06-10,69.48213195800781,76.63895934696274,68.89321178631974,69.3823171740176,5619200,70.05738754272461,67.01504577636719,45.78896522521973,-0.051214147169518,49.86107545829038,0.631996243474731,1.179080036571585,-0.547083793096854,76.61157653826271,70.05738754272461,63.50319854718652,0.4561154259429793,127631000,bull,hold
2026-06-11,76.01012420654297,76.15985019977688,69.34239416423165,71.34870419665329,5290600,70.13843116760253,67.6373129272461,46.04951811790466,0.02178906845171058,58.034751914995546,1.0392425861492,1.1511125464871081,-0.11186996033790808,76.94027844900099,70.13843116760253,63.336583886204075,0.9316248804202218,132921600,bull,hold
2026-06-12,82.62793731689453,83.1469863753993,75.09181074403578,76.19976474023285,7539300,70.67599296569824,68.36282264709473,46.34212096214294,0.14957887269779513,64.37513139032656,1.87438372854443,1.2957667828985726,0.5786169456458574,79.37670970710265,70.67599296569824,61.975276224293836,1.1868367691089259,140460900,bull,hold
2026-06-15,85.2830581665039,88.47717705778939,82.45825475039135,87.3492554901686,6110100,71.43305320739746,69.13724723815918,46.64691082954407,0.21586547994682848,66.55821035714558,2.7191406032839467,1.5804415469756474,1.1386990563082993,82.20459537658006,71.43305320739746,60.66151103821487,1.1428979593438038,146571000,bull,hold
2026-06-16,86.39102172851562,96.5024114682305,86.02169862981552,86.04165854159756,14843400,72.46037406921387,69.92725067138672,46.95684466362,0.3120440527327637,67.45446909490131,3.438384357918025,1.952030109164123,1.486354248753902,84.72033250051498,72.46037406921387,60.200415637912755,1.06813600704123,161414400,bull,hold
2026-06-17,86.271240234375,94.01698830969823,85.88195722018061,90.83284546578896,8460100,73.50663185119629,70.70309341430664,47.26850522041321,0.32022049629178695,67.24464732609076,3.953155335857531,2.3522551545028048,1.6009001813547261,86.69576909564233,73.50663185119629,60.31749460675024,0.9839061170795648,152954300,bull,hold
2026-06-18,90.29383087158203,92.82916599651523,88.85647360632731,91.62138958933089,5317600,74.60695571899414,71.46367195129395,47.60171368598938,0.32226285282708567,70.55690470051421,4.632306149053335,2.808265353412911,1.8240407956404239,89.44017275771593,74.60695571899414,59.773738680272366,1.0287752182024186,158271900,bull,hold
2026-06-22,93.37815856933594,96.11312325833929,89.74484559113299,93.94711121659904,7234400,75.99061279296875,72.23169807434083,47.95042820930481,0.4211724264777601,72.8259131533884,5.357657786004154,3.3181438399311594,2.0395139460729945,92.33041111310384,75.99061279296875,59.65081447283366,1.0320612113963792,165506300,bull,hold
2026-06-23,86.56070709228516,87.90822578288142,83.44643541248337,85.18323711113231,6581200,77.04087524414062,72.80714195251466,48.262622423172,0.3204195293910901,61.53737202231515,5.321055015804845,3.718726075105897,1.602328940698948,93.2625795982873,77.04087524414062,60.81917088999394,0.7934288420103964,158925100,bull,hold
2026-06-24,82.60797882080078,87.49897944698967,80.07264367799463,87.32928593531534,4419300,77.50914192199707,73.25407806396484,48.55331511497498,0.12786722166319797,56.107012159297064,4.916421473156419,3.9582651547160013,0.9581563184404174,93.80576168428901,77.50914192199707,61.21252215970513,0.6564384815126415,154505800,bull,hold
2026-06-25,85.46273040771484,88.17772773950362,80.17246274312375,88.12782415195413,6612600,78.18345756530762,73.74056121826172,48.85733814239502,0.18737127140892085,58.92611849359575,4.771102767494455,4.120832677271692,0.6502700902227625,94.6239781007225,78.18345756530762,61.742937029892744,0.7213820671531289,161118400,bull,hold
2026-06-26,78.57540130615234,81.57987440217768,77.21789886613864,81.53994696389726,6198900,78.59366874694824,74.12120315551758,49.126725902557375,0.11658499834827518,50.49921307986628,4.053460972705963,4.107358336358547,-0.053897363652583685,94.63866806693373,78.59366874694824,62.548669426962746,0.4994307434848831,154919500,bull,hold
2026-06-29,82.1887435913086,82.54808290601395,74.61268953959372,78.12622019791515,6259400,79.23539657592774,74.51070007324219,49.414577598571775,0.1850581361067818,54.19980000561249,3.73325654685614,4.032537978458065,-0.29928143160192544,94.76942544266318,79.23539657592774,63.70136770919229,0.5950605615811991,161178900,bull,hold
2026-06-30,86.07160949707031,87.07974876881231,82.64790967857572,83.00724901229493,4513500,79.91223945617676,74.88871871948243,49.71891406059265,0.1866258207530549,57.84665521017935,3.7495841880675442,3.9759472203799615,-0.22636303231241728,95.39902806063652,79.91223945617676,64.425450851717,0.698858853123359,165692400,bull,hold
2026-07-01,79.84306335449219,83.31667425487883,79.35396557320274,81.96915560784385,4657000,80.1784496307373,75.10088897705079,49.99171055793762,0.07144773150017558,50.85183222610857,3.2227821156706113,3.8253141994380915,-0.6025320837674801,95.46702046751152,80.1784496307373,64.88987879396309,0.48903147063823654,161035400,bull,hold
2026-07-02,69.52206420898438,80.12255187963979,68.27436028425522,79.35396961277401,6962100,79.90145988464356,75.09128494262696,50.211809673309325,-0.07380306038273288,41.82638816410029,1.9499910203827113,3.4502495636270156,-1.5002585432443043,95.74157716122963,79.90145988464356,64.06134260805749,0.17236998645832646,154073300,bull,hold
2026-07-06,69.75163269042969,73.10546121968594,69.52205944861207,72.32689524242643,5288700,79.70482139587402,75.04559295654298,50.42630368232727,-0.05337316506318823,42.072663396184396,0.948881055125625,2.9499758619267378,-2.0010948068011127,95.94144932101999,79.70482139587402,63.46819347072805,0.1934958184873583,159362000,bull,hold
2026-07-07,65.20999908447266,67.67546323304602,61.78629924532874,66.01850878252712,5201400,79.72378692626953,74.89590728759765,50.62017499923706,0.005850787903436849,38.59189351216621,-0.20857337687722577,2.3182660141659452,-2.526839391043171,95.89161474455753,79.72378692626953,63.55595910798152,0.051152201615488224,154160600,bull,hold
2026-07-08,66.78709411621094,67.55567632298138,63.453225530011565,64.40147739250988,4553200,79.65491371154785,74.6742707824707,50.809319705963134,-0.02020792515276515,40.434779685256686,-0.9872258395683957,1.657167643419077,-2.6443934829874727,96.02953229275639,79.65491371154785,63.28029513033931,0.10708032582499412,158713800,bull,hold
2026-07-09,72.02745056152344,73.53467130944043,70.63002074481392,71.2987881719331,5663700,79.71729888916016,74.60689453125,51.028886775970456,0.017627974172930383,46.211122199535204,-1.167996618522949,1.0921347910306718,-2.2601314095536207,95.96520607934606,79.71729888916016,63.46939169897426,0.2633588056103138,164377500,bull,hold
2026-07-10,70.3405532836914,71.4884423457913,69.4821324278866,69.99119772967315,2450100,79.76021995544434,74.59072830200195,51.23396159172058,0.012354562266488678,44.70812177792115,-1.4308829476332363,0.5875312432978902,-2.0184141909311264,95.90395132081943,79.76021995544434,63.61648859006925,0.2082562123166847,161927400,bull,hold
2026-07-13,65.93865203857422,68.01483311708336,65.30981202625756,67.21629958984751,3244900,79.2566463470459,74.50147964477539,51.416778621673586,-0.13250171964725976,40.963989572661966,-1.9716904791947059,0.07568689879937096,-2.047377377994077,96.43221682351157,79.2566463470459,62.081075870580236,0.11229834180121459,158682500,bull,hold
2026-07-14,70.071044921875,70.79970731846352,67.85512928903601,69.68176193128302,5395200,78.62880172729493,74.51202804565429,51.62134999275207,-0.15196908942385134,45.57219238162143,-2.0432811017878834,-0.3481067013180799,-1.6951744004698035,96.1794541332194,78.62880172729493,61.07814932137046,0.256198327917111,164077700,bull,hold
2026-07-15,67.51575469970703,72.26701341496067,64.21183711781472,71.8677466328134,4172800,77.74043655395508,74.44474990844726,51.81413800239563,-0.20833332960584694,43.320390104691626,-2.2799261816359433,-0.7344705973816525,-1.5454555842542907,95.64889171470234,77.74043655395508,59.83198139320781,0.21452920527005967,159904900,bull,hold
2026-07-16,62.904239654541016,66.3778468207174,62.085746208885716,65.00038447033562,4075600,76.56609745025635,74.28783378601074,51.984513940811155,-0.2718660064906048,39.52472993034943,-2.807219952280761,-1.1490204683614742,-1.6581994839192866,95.12014013204848,76.56609745025635,58.012054768464225,0.13183609011737643,155829300,bull,hold
2026-07-17,62.82438278198242,63.47319030600038,57.7636962792502,60.08941807954878,4207000,75.39375457763671,74.01466064453125,52.15702293395996,-0.2717806929481248,39.46025243262605,-3.194721090599387,-1.558160592809057,-1.63656049779033,94.3062883504198,75.39375457763671,56.48122080485362,0.16769730733428234,151622300,bull,hold
2026-07-20,62.44508361816406,65.08022973086526,61.83620353049839,64.21183272562858,4037700,74.00131721496582,73.72373168945313,52.328231287002566,-0.3084235875762664,39.13370632156136,-3.4921692537393625,-1.9449623249951182,-1.5472069287442443,92.41488741960225,74.00131721496582,55.587747010329394,0.18620334165581945,147584600,bull,hold
2026-07-21,66.60742950439453,67.26621321503053,64.62107937804599,66.93681755202235,2429800,72.66278076171875,73.61475692749023,52.5149384021759,-0.28669155051995787,44.555967480954955,-3.353376897711115,-2.2266452395383176,-1.1267316581727975,89.02537124291126,72.66278076171875,56.30019028052623,0.3149635516367547,150014400,bull,hold
2026-07-22,66.84698486328125,68.19450354209422,64.14196374222374,64.16192365370665,3165400,71.67709465026856,73.4240299987793,52.70199916839599,-0.22774446849176577,44.86041990464868,-3.187311497291077,-2.4187784910888697,-0.7685330062022073,86.9080592928142,71.67709465026856,56.446130007722914,0.3414378241843249,153179800,bull,hold
2026-07-23,65.20999908447266,67.39597115983848,63.70277062646986,66.69726001527047,2977600,70.80719566345215,73.19896804809571,52.88216602325439,-0.21060895066890672,43.11802271273739,-3.151466399575881,-2.5653160727862723,-0.5861503267896087,85.4162067940841,70.80719566345215,56.19818453282019,0.3084334206836432,150202200,bull,hold
2026-07-24,64.8406753540039,71.36866307190951,62.93418394732763,70.96939630087871,9285400,69.77609291076661,73.0311279296875,53.05457743644715,-0.2412988089115552,42.71492487782084,-3.1169302086446464,-2.675638899957947,-0.4412913086866994,82.9417090323577,69.77609291076661,56.61047678917551,0.3125641249455539,140916800,bull,hold
2026-07-27,60.598480224609375,64.8606408796225,58.44244810448965,64.8606408796225,11533900,68.87724685668945,72.7553125,53.209849491119385,-0.2287856095255526,38.28726654003464,-3.392760095489024,-2.8190631390641627,-0.5736969564248611,81.9715929732919,68.87724685668945,55.78290074008701,0.1838801052622493,129382900,bull,hold
2026-07-28,45.60607147216797,52.00429690364724,44.97723144961971,51.70484872990662,20255400,67.04811325073243,72.22989990234375,53.285889263153074,-0.4451056254254411,27.455679262165674,-4.766177826453735,-3.2084860765420773,-1.5576917499116574,82.24512983030796,67.04811325073243,51.85109667115689,-0.2054687894261463,109127500,bull,hold
2026-07-29,42.65150833129883,48.2611838247011,42.58163721969181,46.03528059340171,12166900,64.87710819244384,71.68009300231934,53.3470569229126,-0.504464845254804,25.90059465806175,-6.023593589000207,-3.7715075790337034,-2.2520860099665034,80.96301648198525,64.87710819244384,48.79119990290244,-0.1908406868014865,96960600,bull,hold
2026-07-30,48.171348571777344,48.75028498594498,46.26485724103319,47.06339075129061,8646000,63.29352245330811,71.32662788391113,53.44759174346924,-0.39667459453674514,33.48089075257036,-6.4997743115383315,-4.31716092553463,-2.182613386003702,79.41015946122546,63.29352245330811,47.17688544539075,0.0308520669013659,105606600,bull,hold
2026-07-31,49.77839279174805,52.20392943233077,49.10962534162107,50.8264632864923,6949900,62.30633888244629,71.01527404785156,53.5452379322052,-0.2839914441821888,35.54814028636483,-6.670581614366398,-4.787845063300984,-1.8827365510654142,79.17704314480504,62.30633888244629,45.43563462008754,0.1287070801587666,112556500,bull,hold
2026-08-03,50.746612548828125,50.89633853806226,47.302949065653685,47.76210318135959,5832300,61.356087875366214,70.66445922851562,53.65045618057251,-0.2724670292084669,36.82206194697459,-6.651150071978968,-5.16050606503658,-1.4906440069423876,78.57955236443848,61.356087875366214,44.13262338629395,0.19200519055648002,118388800,bull,hold
2026-08-04,55.767372131347656,56.316361082689994,52.91262501513939,53.22205695134948,5772400,60.88395652770996,70.4657063293457,53.773975658416745,-0.14480335969477742,43.102378696487406,-6.159612913132797,-5.360327434655824,-0.799285478476973,78.17650750726551,60.88395652770996,43.59140554815441,0.35205813756421805,124161200,bull,hold
2026-08-05,53.76106643676758,56.575886140203885,53.69119532274321,54.22022055969631,4340800,60.232655143737794,70.2298184967041,53.88637121200561,-0.19503809608451894,41.33415374630801,-5.86435761146047,-5.461133470016753,-0.403224141443717,77.5679731789296,60.232655143737794,42.89733710854599,0.3133409293722654,119820400,bull,hold
2026-08-06,54.06051254272461,55.60766456326379,51.095966961186896,52.09413004639798,3155600,59.33430824279785,69.84617584228516,54.001306734085084,-0.24944570269708588,41.71845656320179,-5.54231450783503,-5.477369677580409,-0.06494483025462117,75.98005159752665,59.33430824279785,42.68856488806905,0.34158725784465976,122976000,bull,hold
2026-08-07,55.16847610473633,56.91526156490774,53.23204102251476,55.90711468130234,2910200,58.575704383850095,69.5100170135498,54.11686633110046,-0.21569459537465363,43.20104319141833,-5.138456697964195,-5.4095870816571665,0.27113038369297193,74.51377823462389,58.575704383850095,42.637630533076305,0.39311041249352896,125886200,bull,hold
2026-08-10,52.77288055419922,55.88715208059506,52.71299320679657,55.66755498627883,3048300,57.91741580963135,69.158051071167,54.22109344482422,-0.19966697949289292,40.78522314628314,-4.9545876122340005,-5.3185871877725335,0.363999575538533,73.6711701536372,57.91741580963135,42.1636614656255,0.33672034160575887,122837900,bull,hold
2026-08-11,54.20025634765625,54.359962293644614,53.00245984889847,54.14036899771693,2654200,57.12387638092041,68.85497245788574,54.33930968284607,-0.22649567438181817,42.83638323939638,-4.640203363682616,-5.18291042295455,0.5427070592719341,71.91858054846506,57.12387638092041,42.329172213375756,0.40119369741512834,125492100,bull,hold
2026-08-12,55.48788833618164,57.07496785910194,55.418017221964845,56.89529819177586,4235200,56.52248306274414,68.51403518676757,54.45795596122742,-0.17814903228175838,44.69741177330421,-4.238294026118311,-4.993987143587303,0.7556931174689918,70.5358209981037,56.52248306274414,42.509145127384585,0.4630853572740891,129727300,bull,hold
2026-08-13,57.6439208984375,58.47239812605438,54.94887967931018,55.29823906027845,3106200,56.259467124938965,68.1765364074707,54.5834597492218,-0.08362423240456063,47.763973481635105,-3.7031169444151075,-4.735813103752864,1.0326961593377568,69.97818031827111,56.259467124938965,42.54075393160681,0.5504585872591694,132833500,bull,hold
2026-08-14,58.88164138793945,60.259103687991555,57.2646144671462,57.43430416965954,3233900,56.062330055236814,67.8529320526123,54.713116331100466,-0.06275813974528566,49.49534245245419,-3.1428823605060145,-4.417226955103494,1.2743445945974798,69.50863719289333,56.062330055236814,42.6160229175803,0.6048358967201904,136067400,bull,hold
2026-08-17,61.18739700317383,62.11568898676427,59.3907041925017,59.67018864082913,3571000,55.9994457244873,67.60299194335937,54.85936638832092,-0.020140682694584466,52.64430223693694,-2.4842008868775523,-4.030621741458306,1.546420854580754,69.33708837673782,55.9994457244873,42.66180307223678,0.6944853155070525,139638400,bull,hold
2026-08-18,54.73926544189453,59.091257237532666,53.72113860650019,57.38439922276425,5206400,55.40603752136231,67.40116348266602,54.970744123458864,-0.17818078479844324,44.32172818934075,-2.45421078693591,-3.7153395505538276,1.2611287636179176,67.82762861232005,55.40603752136231,42.98444643040456,0.4731607619915475,134432000,bull,hold
2026-08-19,50.7965202331543,55.388072839540214,50.636814287313314,54.93889867695929,7149900,54.60351428985596,67.0538027191162,55.06623147964478,-0.2401075330914948,40.14281260495498,-2.717267041104094,-3.515725048663881,0.7984580075597871,65.99606561923241,54.60351428985596,43.210962960479506,0.33291740600347025,127282100,bull,hold
2026-08-20,50.76657485961914,52.14404097621544,50.06785994205928,50.82646220749943,3961800,53.881343078613284,66.65353927612304,55.15978157043457,-0.2214909435306629,40.111878637774296,-2.8947880444967424,-3.3915376478304537,0.4967496033337113,64.28081506798182,53.881343078613284,43.48187108924474,0.350243924779143,123320300,bull,hold
2026-08-21,50.16767501831055,51.674903410216594,49.409072748465185,51.505213705627106,2885300,53.14769306182861,66.2672501373291,55.22272960662842,-0.22629314478272633,39.456999693127976,-3.0486579000854235,-3.3229616982814476,0.27430379819602413,62.35274176224773,53.14769306182861,43.94264436140949,0.3381313265956768,120435000,bull,hold
2026-08-24,47.812015533447266,48.90999345528578,46.95359463091999,48.700380111465904,4920200,52.508369827270506,65.70328796386718,55.28675971984863,-0.2110030588847912,36.90480425059752,-3.3223845219165327,-3.322846263008465,0.0004617410919323106,61.32250789360846,52.508369827270506,43.69423176093255,0.23358970222175937,115514800,bull,hold
2026-08-25,48.61054229736328,49.49890682092313,48.31109413773602,48.98984533032578,4517600,52.658593368530276,65.02294006347657,55.348327445983884,0.06587874658374937,38.36030357810676,-3.435280628828906,-3.3453331361725533,-0.0899474926563526,61.09121032752251,52.658593368530276,44.22597640953804,0.25997658313826877,120032400,bull,hold
2026-08-26,48.31109619140625,48.76026654609609,47.54251013748728,48.61054436376284,5261300,52.941572761535646,64.2835008239746,55.4153494644165,0.13269373303626564,38.00623737809149,-3.508470936100643,-3.3779606961581714,-0.1305102399424718,60.32672784333078,52.941572761535646,45.55641767974051,0.18650106065180616,114771100,bull,hold
2026-08-27,51.644962310791016,52.78286767613276,50.59688797226976,52.28378610833795,4983700,53.11525344848633,63.588579635620114,55.50087800979614,0.07210953901026551,44.1832840688897,-3.259881760637832,-3.3543449090541038,0.0944631484162719,60.200808305106285,53.11525344848633,46.02969859186637,0.39624728285593364,119754800,bull,hold
2026-08-28,47.792049407958984,51.39541874137315,47.572452311570096,51.195785363536885,5316200,53.015936279296874,62.818995819091796,55.56500690460205,-0.039903726745439405,39.308602896946105,-3.335323387374224,-3.350540604718128,0.015217217343904021,60.337548428865254,53.015936279296874,45.69432412972849,0.1432556952879671,114438600,bull,hold
2026-08-31,47.21311569213867,48.66045300458223,47.10331713766713,47.94177432636138,4430900,52.8392614364624,61.95738151550293,55.630958251953125,-0.06963020148959775,38.619133362265664,-3.4026034382174757,-3.360953171417998,-0.04165026679947781,60.5324875336833,52.8392614364624,45.1460353392415,0.13434418323178382,110007700,bull,hold
2026-09-01,45.645999908447266,46.62419932814947,45.25671689330651,46.51440077358358,3647300,52.33319282531738,61.002738342285156,55.68803127288818,-0.1814927230040847,36.740551729846004,-3.541551706514859,-3.3970728784373705,-0.14447882807748869,60.506022314545724,52.33319282531738,44.16036333608904,0.09088875366335916,106360400,bull,hold
2026-09-02,47.16999816894531,47.2599983215332,45.470001220703125,45.81999969482422,4056400,52.00363941192627,60.21492416381836,55.76523706436157,-0.122599284290138,39.80704007084504,-3.4884822354657814,-3.4153547498430528,-0.07312748562272864,60.446664417974304,52.00363941192627,43.56061440587824,0.21374944172743449,110416800,bull,hold
2026-09-03,46.939998626708984,47.439998626708984,45.29999923706055,46.970001220703125,3885600,51.64761371612549,59.501564559936526,55.8426335144043,-0.13171377001629803,39.495872155623296,-3.4254963485776315,-3.417383069589969,-0.008113278987662564,60.31130809286651,51.64761371612549,42.98391933938447,0.22831364515495828,106531200,bull,hold
2026-09-04,47.77000045776367,48.29999923706055,46.83000183105469,47.61000061035156,4140000,51.277689933776855,58.7477099609375,55.92810262680054,-0.13410694239454413,41.27972795781607,-3.270900463796764,-3.3880865484313283,0.11718608463456448,59.94025931929774,51.277689933776855,42.61512054825597,0.297537582678637,110671200,bull,hold
