Date,Close,High,Low,Open,Volume,ma20,ma50,ma200,momentum20,rsi14,macd,macd_signal,macd_hist,bb_upper,bb_middle,bb_lower,bb_pct,obv,state,signal
2021-08-26,55.012001037597656,55.2599983215332,54.59000015258789,54.61600112915039,15955000,,,,,,,,,,,,,15955000,bear,hold
2021-08-27,55.891998291015625,56.41699981689453,54.92499923706055,55.15999984741211,32526000,,,,,,,,,,,,,48481000,bear,hold
2021-08-30,56.61800003051758,56.715999603271484,55.64500045776367,55.724998474121094,24348000,,,,,,,,,,,,,72829000,bear,hold
2021-08-31,56.91899871826172,56.948001861572266,56.1609992980957,56.61199951171875,24319000,,,,,,,,,,,,,97148000,bear,hold
2021-09-01,58.207000732421875,59.099998474121094,56.900001525878906,56.900001525878906,56262000,,,,,,,,,,,,,153410000,bear,hold
2021-09-02,58.85499954223633,59.875999450683594,58.36800003051758,58.36800003051758,61799000,,,,,,,,,,,,,215209000,bear,hold
2021-09-03,59.053001403808594,59.1879997253418,58.31399917602539,58.58000183105469,26812000,,,,,,,,,,,,,242021000,bear,hold
2021-09-07,60.67100143432617,61.3849983215332,59.39899826049805,59.46900177001953,58214000,,,,,,,,,,,,,300235000,bear,hold
2021-09-08,60.60499954223633,61.560001373291016,59.57099914550781,60.38399887084961,54245000,,,,,,,,,,,,,245990000,bear,hold
2021-09-09,59.75400161743164,60.944000244140625,59.654998779296875,60.64699935913086,29542000,,,,,,,,,,,,,216448000,bear,hold
2021-09-10,59.87200164794922,60.94499969482422,59.367000579833984,59.816001892089844,39508000,,,,,,,,,,,,,255956000,bear,hold
2021-09-13,58.92900085449219,59.856998443603516,58.27799987792969,59.856998443603516,30629000,,,,,,,,,,,,,225327000,bear,hold
2021-09-14,57.7760009765625,58.72800064086914,57.555999755859375,58.48899841308594,34570000,,,,,,,,,,,,,190757000,bear,hold
2021-09-15,58.2869987487793,58.46200180053711,57.5369987487793,57.81700134277344,27556000,,,,,58.46441700582669,,,,,,,,218313000,bear,hold
2021-09-16,58.650001525878906,58.74800109863281,57.77199935913086,58.43000030517578,18320000,,,,,60.9399550711673,,,,,,,,236633000,bear,hold
2021-09-17,58.935001373291016,59.02799987792969,58.084999084472656,58.78499984741211,41451000,,,,,62.81386906964967,,,,,,,,278084000,bear,hold
2021-09-20,57.542999267578125,59.15299987792969,56.80799865722656,58.67900085449219,37322000,,,,,50.156950430616156,,,,,,,,240762000,bear,hold
2021-09-21,57.31399917602539,58.1879997253418,56.9370002746582,57.83100128173828,22509000,,,,,48.42812729470809,,,,,,,,218253000,bear,hold
2021-09-22,59.064998626708984,59.564998626708984,57.96900177001953,57.96900177001953,40218000,,,,,59.829593541569714,,,,,,,,258471000,bear,hold
2021-09-23,59.32600021362305,59.93199920654297,58.91299819946289,59.07899856567383,25262000,58.36415023803711,,,,61.206329017212894,,,,61.264023297220504,58.36415023803711,55.46427717885372,0.6658434621025778,283733000,bear,hold
2021-09-24,59.23899841308594,59.29800033569336,58.36399841308594,59.25,21262000,58.575500106811525,,,0.07683773169056995,60.46245425366593,,,,61.052651637245155,58.575500106811525,56.098348576377894,0.6339236413523451,262471000,bear,hold
2021-09-27,59.263999938964844,59.358001708984375,57.69300079345703,58.79499816894531,25047000,58.744100189208986,,,0.06033066898757222,60.610605651576606,,,,60.90677116702577,58.744100189208986,56.581429211392205,0.620198531142425,287518000,bear,hold
2021-09-28,58.3849983215332,59.95399856567383,58.01599884033203,58.900001525878906,44311000,58.83245010375977,,,0.031209125897474266,53.07992563536218,,,,60.773494508713604,58.83245010375977,56.89140569880593,0.38473942659822685,243207000,bear,hold
2021-09-29,59.90599822998047,60.987998962402344,58.80099868774414,58.9010009765625,62210000,58.9818000793457,,,0.052478075492927045,61.901030697141195,,,,60.76412260798692,58.9818000793457,57.199477550704486,0.7592679315284601,305417000,bear,hold
2021-09-30,61.034000396728516,61.900001525878906,60.80500030517578,60.80500030517578,66126000,59.12315006256104,,,0.04856803526610798,66.8748259262547,,,,61.077375420091904,59.12315006256104,57.16892470503017,0.9889022463053615,371543000,bear,hold
2021-10-01,61.314998626708984,61.499000549316406,59.750999450683594,60.42399978637695,40908000,59.24615001678467,,,0.041797623032980846,67.99571126412397,0.9164791550644935,,,61.41523735444122,59.24615001678467,57.07706267912812,0.9768938009106334,412451000,bear,hold
2021-10-04,60.334999084472656,62.612998962402344,59.46799850463867,61.3390007019043,49959000,59.31024990081787,,,0.021709272182419248,60.32857693744347,0.9142399611928269,,,61.52794281890906,59.31024990081787,57.092556982726684,0.7310394679297632,362492000,bear,hold
2021-10-05,63.48099899291992,64.03900146484375,60.68899917602539,60.694000244140625,95343000,59.45074977874756,,,0.04631533174271829,71.4558027402441,1.153029873663037,,,62.26995208912256,59.45074977874756,56.63154746837255,1.2147853843870235,457835000,bear,hold
2021-10-06,63.90999984741211,63.98699951171875,62.63600158691406,62.81800079345703,45804000,59.61599979400635,,,0.0545334597828433,72.58502919621876,1.3611983362283837,,,63.0144104708266,59.61599979400635,56.2175891171861,1.1317659137981932,503639000,bear,hold
2021-10-07,63.185001373291016,64.68399810791016,63.04499816894531,64.2229995727539,35569000,59.787549781799314,,,0.05741874456920848,67.70997463942703,1.450946417667602,,,63.525894748360365,59.787549781799314,56.04920481523826,0.9544058429440581,468070000,bear,hold
2021-10-08,63.26599884033203,64.37999725341797,63.08599853515625,63.41699981689453,32721000,59.95724964141846,,,0.05668755175983109,67.96881054379242,1.5111882005800368,,,63.99191518723704,59.95724964141846,55.92258409559987,0.9100400840340621,500791000,bear,hold
2021-10-11,62.70399856567383,63.94200134277344,62.678001403808594,63.31999969482422,28625000,60.14599952697754,,,0.06406010039951093,64.12774368928731,1.496332729948037,,,64.32134224422099,60.14599952697754,55.970656809734095,0.8063220449104923,472166000,bear,hold
2021-10-12,62.49399948120117,63.76599884033203,62.19900131225586,63.301998138427734,32273000,60.381899452209474,,,0.08166017766706601,62.70184691453433,1.4508895398943906,,,64.5279980808908,60.381899452209474,56.23580082352815,0.7547093325736268,439893000,bear,hold
2021-10-13,62.97600173950195,63.21799850463867,62.209999084472656,63.21799850463867,24203000,60.616349601745604,,,0.08044680788819747,64.64500978471398,1.4372018698319877,1.3264856495629969,0.11071622026899086,64.79228277796189,60.616349601745604,56.440416425529314,0.782529920640921,464096000,bear,hold
2021-10-14,63.380001068115234,63.6879997253418,62.67900085449219,63.222999572753906,26717000,60.85284957885742,,,0.08064790143524969,66.23293988456405,1.4423274095889127,1.3496540015681802,0.09267340802073254,65.09182797818299,60.85284957885742,56.61387117953185,0.7980849689703406,490813000,bear,hold
2021-10-15,62.82899856567383,63.94200134277344,62.51599884033203,63.79999923706055,41169000,61.047549438476565,,,0.06607274288021903,62.134035106198404,1.3859517506898769,1.3569135513925195,0.029038199297357403,65.27397941474568,61.047549438476565,56.82111946220744,0.7107510519752939,449644000,bear,hold
2021-10-18,63.797000885009766,63.840999603271484,62.058998107910156,63.209999084472656,46691000,61.360249519348145,,,0.10868397019679477,66.10287984484448,1.403208023457438,1.3661724458055033,0.03703557765193466,65.42560402459091,61.360249519348145,57.29489501410537,0.7996972788620448,496335000,bear,hold
2021-10-19,63.900001525878906,64.0999984741211,63.22999954223633,63.696998596191406,76331000,61.68954963684082,,,0.11491088467978439,66.50517152615254,1.4089534959975722,1.3747286558439171,0.03422484015365512,65.44574354378206,61.68954963684082,57.93335572989958,0.7942409183073981,572666000,bear,hold
2021-10-20,62.513999938964844,63.7400016784668,61.71500015258789,62.55699920654297,106220000,61.861999702453616,,,0.058393319096704976,56.745826745179826,1.2868342553450134,1.3571497757441366,-0.07031552039912325,65.43247958969577,61.861999702453616,58.29151981521146,0.5913042864127199,466446000,bear,hold
2021-10-21,65.31600189208984,65.4010009765625,62.8650016784668,62.888999938964844,84371000,62.16149978637695,,,0.10096756324204903,67.21897336340439,1.4000135330848025,1.36572252721227,0.03429100587253253,65.83427706901377,62.16149978637695,58.48872250374014,0.9294436965489187,550817000,bear,hold
2021-10-22,66.47799682617188,66.5459976196289,65.18099975585938,65.18099975585938,61860000,62.52344970703125,,,0.12219987857672554,70.41786259739652,1.5654269387839506,1.405663409526606,0.1597635292573445,66.39430083709819,62.52344970703125,58.6525985769643,1.0108110576022387,612677000,bear,hold
2021-10-25,67.16600036621094,67.58799743652344,65.70700073242188,66.3740005493164,38335000,62.91854972839356,,,0.1333355904998692,72.1507159388289,1.7320681864569423,1.4709443649126732,0.26112382154426905,66.98609507296182,62.91854972839356,58.8510043838253,1.0221147249764977,651012000,bear,hold
2021-10-26,66.85199737548828,67.64900207519531,66.2770004272461,67.3759994506836,29048000,63.341899681091306,,,0.1450201129976283,70.13154331527542,1.8178402281207937,1.5403235375542974,0.2775166905664963,67.19051096401923,63.341899681091306,59.493288398163386,0.956021332937343,621964000,bear,hold
2021-10-27,66.29199981689453,67.14099884033203,66.18499755859375,66.9000015258789,22769000,63.661199760437015,,,0.10660037017325141,66.55431972843164,1.819652247791602,1.5961892796017585,0.22346296818984346,67.37381784614196,63.661199760437015,59.94858167473206,0.8543052363219291,599195000,bear,hold
2021-10-28,67.40499877929688,67.68000030517578,66.8030014038086,67.09500122070312,28594000,63.97974967956543,,,0.10438441427984535,69.84636413476112,1.8891213855852413,1.6547757007984552,0.2343456847867862,67.8268794883691,63.97974967956543,60.132619870761765,0.945169421095851,627789000,bear,hold
2021-10-29,69.03099822998047,69.09700012207031,67.1240005493164,67.30599975585938,38253000,64.365549659729,,,0.12584195997862047,73.88976460012952,2.0517296817962247,1.7341664969980093,0.31756318479821544,68.59495671224629,64.365549659729,60.13614260721171,1.0515487764974827,666042000,bear,hold
2021-11-01,68.11699676513672,68.99700164794922,67.65399932861328,68.90599822998047,31109000,64.75464954376221,,,0.12897982595091761,68.34214283801289,2.0828360114691833,1.8039003998922443,0.278935611576939,68.85926799446611,64.75464954376221,60.65003109305832,0.9095809710154548,634933000,bear,hold
2021-11-02,67.77200317382812,68.76799774169922,67.38200378417969,68.31099700927734,38886000,64.96919975280761,,,0.06759509536683228,66.31817346816717,2.0559501882713107,1.8543103575680575,0.2016398307032532,69.23067988272672,64.96919975280761,60.707719622888504,0.8288532781535833,596047000,bear,hold
2021-11-03,68.8290023803711,68.93900299072266,67.72699737548828,67.72699737548828,23349000,65.21514987945557,,,0.07696765051953247,69.31643478264756,2.095775190125167,1.9026033240794793,0.1931718660456876,69.76195990576346,65.21514987945557,60.66833985314767,0.8974052665501456,619396000,bear,hold
2021-11-04,66.83999633789062,68.59400177001953,66.55000305175781,68.58899688720703,48650000,65.39789962768555,61.70589981079102,,0.05784592680478462,58.72317754490726,1.9444264880164894,1.9109679568668814,0.03345853114960806,69.89719025451805,65.39789962768555,60.898609000853035,0.6602582306647209,570746000,bear,hold
2021-11-05,64.5719985961914,66.56400299072266,64.5009994506836,66.39700317382812,52835000,65.46319961547852,61.89709976196289,,0.020642995918793705,49.44420484442281,1.6227668418639922,1.8533277338663035,-0.23056089200231122,69.87386646986921,65.46319961547852,61.05253276108782,0.3989720773855383,517911000,bear,hold
2021-11-08,65.1449966430664,65.5999984741211,64.37899780273438,65.02899932861328,28875000,65.58524951934814,62.082159729003905,,0.0389289061818916,51.528098781785836,1.3979704750637154,1.7622562821057859,-0.3642858070420705,69.81514430810638,65.58524951934814,61.355354730589895,0.4479593585339535,546786000,bear,hold
2021-11-09,65.5989990234375,66.05000305175781,65.052001953125,65.37000274658203,24156000,65.74049949645996,62.261779708862306,,0.04968476282543488,53.17501675079394,1.242133392100925,1.6582317041048138,-0.4160983120038888,69.72603235324274,65.74049949645996,61.754966639677185,0.4822482365461306,570942000,bear,hold
2021-11-10,64.69100189208984,66.03299713134766,64.21099853515625,65.3010025024414,24058000,65.82624950408936,62.41721977233887,,0.02723259821545887,49.54901531518256,1.0334506255456404,1.5332754883929791,-0.49982486284733874,69.64028403092992,65.82624950408936,62.0122149772488,0.35117496918152896,546884000,bear,hold
2021-11-11,65.75800323486328,66.58200073242188,64.97100067138672,65.02400207519531,28683000,65.94514961242676,62.568239822387696,,0.037519755864194204,53.55682772365339,0.9432924326475529,1.415278877243894,-0.4719864445963411,69.59130041257653,65.94514961242676,62.298998812277,0.4743364457723751,575567000,bear,hold
2021-11-12,68.26100158691406,68.33399963378906,65.38200378417969,66.0009994506836,41984000,66.21674976348876,62.75635986328125,,0.08645694098660939,61.31948284051018,1.0615752847269135,1.3445381587404979,-0.28296287401358433,69.69955089096024,66.21674976348876,62.73394863601728,0.7934781155462404,617551000,bear,hold
2021-11-15,67.93299865722656,68.5260009765625,67.14900207519531,68.1240005493164,28722000,66.42354965209961,62.93395980834961,,0.06483059885011966,59.906413169428916,1.1159838350165643,1.298827293995711,-0.18284345897914678,69.79651630533975,66.42354965209961,63.05058299885947,0.7237568823393118,588829000,bear,hold
2021-11-16,68.73999786376953,68.83599853515625,67.69000244140625,67.8270034790039,20774000,66.66554946899414,63.09533973693848,,0.07574328986409284,62.213589553668584,1.210269857161265,1.2811158066288217,-0.07084594946755685,69.9734454517544,66.66554946899414,63.35765348623389,0.813560100678313,609603000,bear,hold
2021-11-17,69.16899871826172,70.0989990234375,68.60900115966797,69.0,27328000,66.99829940795898,63.26661972045898,,0.10645613439860568,63.41872123315822,1.3045707135342894,1.2858067880099153,0.018763925524374114,69.88025441696092,66.99829940795898,64.11634439895704,0.8766018732982369,636931000,bear,hold
2021-11-18,68.2020034790039,69.17400360107422,67.9739990234375,69.16100311279297,20129000,67.1425994873047,63.43557975769043,,0.04418521500569028,58.86168562382862,1.286447026779939,1.28593483576392,0.0005121910160190701,69.96148762521737,67.1425994873047,64.32371134939201,0.6879116764959103,616802000,bear,hold
2021-11-19,67.87999725341797,69.41600036621094,67.5,69.23500061035156,26137000,67.21269950866699,63.595739669799805,,0.021089691238923347,57.38301010308073,1.231900085808519,1.2751278857728399,-0.04322779996432091,70.03172168590179,67.21269950866699,64.39367733143219,0.6183562424836153,590665000,bear,hold
2021-11-22,65.91999816894531,67.947998046875,65.64700317382812,67.60199737548828,27644000,67.15039939880371,63.735559616088864,,-0.01855108522871718,49.269727041225316,1.018771927758337,1.2238566941699394,-0.20508476641160245,70.02531505143565,67.15039939880371,64.27548374617177,0.2860108993576928,563021000,bear,hold
2021-11-23,65.40599822998047,66.64299774169922,64.6050033569336,65.81800079345703,23202000,67.07809944152832,63.888159561157224,,-0.021629857031586597,47.377901832235295,0.7991783965166235,1.1389210346392762,-0.3397426381226527,70.05047378008575,67.07809944152832,64.1057251029709,0.21872634111769237,539819000,bear,hold
2021-11-24,65.8290023803711,66.14399719238281,65.11000061035156,65.8010025024414,18673000,67.05494956970215,64.03899963378906,,-0.006984212843213156,49.10971863310498,0.6517686572955199,1.041490559170525,-0.3897219018750051,70.05850141908329,67.05494956970215,64.051397720321,0.295917092361224,558492000,bear,hold
2021-11-26,66.56400299072266,67.64099884033203,66.06700134277344,67.5,28725000,67.01289978027344,64.19727966308594,,-0.012476756973587078,52.0618956768479,0.5874816606427089,0.9506887794649619,-0.363207118822253,70.01921809203147,67.01289978027344,64.00658146851542,0.4253411077936915,587217000,bear,hold
2021-11-29,66.38400268554688,66.79900360107422,65.8290023803711,66.31999969482422,25294000,66.88055000305175,64.34625968933105,,-0.03834502777455118,51.27737649082088,0.5160604091697252,0.8637631054059146,-0.34770269623618943,69.74977323906847,66.88055000305175,64.01132676703503,0.4134700794152527,561923000,bear,hold
2021-11-30,64.19000244140625,67.53800201416016,64.0009994506836,66.81999969482422,56089000,66.68420028686523,64.47919975280762,,-0.05765072610688504,42.80954320997749,0.27920259541562586,0.7468510034078569,-0.46764840799223106,69.72069139521932,66.68420028686523,63.64770917851116,0.08929603999220029,505834000,bear,hold
2021-12-01,61.777000427246094,65.4520034790039,61.707000732421875,64.947998046875,38828000,66.38445014953614,64.56845977783203,,-0.0884583967690239,35.80613228070359,-0.10204175091064371,0.5770724525441568,-0.6791142034548006,70.05055663190547,66.38445014953614,62.71834366716681,-0.12838460154495426,467006000,bear,hold
2021-12-02,61.64699935913086,62.5359992980957,61.28799819946289,61.709999084472656,33311000,66.02534999847413,64.62009979248047,,-0.10434559230642615,35.469467563280205,-0.4099450504642306,0.3796689519424794,-0.78961400240671,70.0525135092526,66.02534999847413,61.99818648769565,-0.04360229323006822,433695000,bear,hold
2021-12-03,60.2130012512207,62.54999923706055,59.400001525878906,62.275001525878906,48293000,65.69400024414062,64.63783981323242,,-0.09914714915855216,31.90580746749832,-0.7609011023071446,0.15155494109255463,-0.9124560433996992,70.42716252363547,65.69400024414062,60.960837964645776,-0.07899969082666723,385402000,bear,hold
2021-12-06,61.26900100708008,61.729000091552734,60.099998474121094,60.60100173950195,30757000,65.52885036468506,64.67843986511231,,-0.05115216596851857,36.93105108757312,-0.942956135593505,-0.06734727424465731,-0.8756088613488477,70.62375697259195,65.52885036468506,60.43394375677817,0.08195020189437484,416159000,bear,hold
2021-12-07,62.55799865722656,62.888999938964844,61.13999938964844,61.983001708984375,31252000,65.39950046539306,64.74431983947754,,-0.03971138412999187,42.50836041700387,-0.9720198831925657,-0.248281796034239,-0.7237380871583268,70.6556274611122,65.39950046539306,60.14337346967391,0.22969623731687264,447411000,bear,hold
2021-12-08,62.80799865722656,63.24599838256836,62.31999969482422,63.0,22203000,65.25995044708252,64.8327798461914,,-0.042546386496137845,43.55100883830111,-0.963770456004454,-0.391379528028282,-0.572390927976172,70.63435186064471,65.25995044708252,59.88554903352031,0.27188605751809897,469614000,bear,hold
2021-12-09,61.099998474121094,63.02399826049805,61.04399871826172,62.757999420166016,23763000,65.08040027618408,64.85665985107421,,-0.05551009124822104,38.4239553084499,-1.0825748173326701,-0.5296185858891597,-0.5529562314435105,70.75063281907367,65.08040027618408,59.410167733294486,0.14900894522797273,445851000,bear,hold
2021-12-10,61.16600036621094,61.77399826049805,60.5880012512207,61.678001403808594,27488000,64.85080013275146,64.85929985046387,,-0.06983184772584117,38.724156276367886,-1.1580530142483738,-0.6553054715610025,-0.5027475426873713,70.75955197760875,64.85080013275146,58.94204828789417,0.18819135891215308,473339000,bear,hold
2021-12-13,60.45600128173828,61.263999938964844,59.95199966430664,61.20000076293945,25179000,64.46055011749267,64.84211990356445,,-0.11434054765865076,36.6539791114933,-1.26062927196935,-0.7763702316426719,-0.484259040326678,70.4472958664823,64.46055011749267,58.473804368503046,0.16554878028432776,448160000,bear,hold
2021-12-14,59.79899978637695,60.229000091552734,58.8129997253418,59.87099838256836,29845000,64.0538501739502,64.83139991760254,,-0.11973560760789903,34.80002752136687,-1.3790395160021305,-0.8969040885145636,-0.4821354274875669,70.14597097153953,64.0538501739502,57.96172937636086,0.15079070746127587,418315000,bear,hold
2021-12-15,60.50400161743164,60.569000244140625,58.45100021362305,59.81800079345703,28662000,63.6420503616333,64.77185997009278,,-0.11981374021366964,38.40052759811489,-1.3998560623710006,-0.997494483285851,-0.4023615790851496,69.52115815035492,63.6420503616333,57.76294257291168,0.2331186247153317,446977000,bear,hold
2021-12-16,59.10599899291992,60.28300094604492,58.79999923706055,59.70899963378906,31432000,63.13890037536621,64.67577995300293,,-0.14548424744921173,34.349724817443956,-1.5117341235911823,-1.1003424113469173,-0.41139171224426496,68.75646119241472,63.13890037536621,57.521339558317706,0.14104515164241724,415545000,bear,hold
2021-12-17,58.67300033569336,59.32500076293945,58.17399978637695,59.1609992980957,43869000,62.66245021820068,64.58553993225098,,-0.13971734930402835,33.18218387272374,-1.6167013393847185,-1.2036141969544776,-0.4130871424302409,68.09483648479139,62.66245021820068,57.23006395160998,0.13280870627310434,371676000,bear,hold
2021-12-20,59.374000549316406,60.28799819946289,58.42599868774414,58.643001556396484,33584000,62.23715038299561,64.50769996643066,,-0.12530932599107114,36.9203160247251,-1.624596419168867,-1.2878106413973556,-0.33678577777151153,67.28744954068493,62.23715038299561,57.18685122530628,0.2165366105768296,405260000,bear,hold
2021-12-21,60.492000579833984,60.78200149536133,59.38600158691406,59.75400161743164,23194000,61.965750503540036,64.46346000671387,,-0.08234219872397452,42.4501828242702,-1.5230829160619592,-1.3348650963302764,-0.18821781973168283,66.77275851352749,61.965750503540036,57.15874249355257,0.3467081893098517,428454000,bear,hold
2021-12-22,61.42399978637695,61.481998443603516,60.26300048828125,60.33599853515625,23357000,61.76665058135986,64.44206001281738,,-0.06088124256741745,46.648992571524566,-1.3518449593615287,-1.3382610689365269,-0.013583890425001854,66.30982136574478,61.76665058135986,57.22347979697495,0.46228946574486934,451811000,bear,hold
2021-12-23,61.409000396728516,61.6879997253418,60.75699996948242,61.63999938964844,16211000,61.545650482177734,64.41071998596192,,-0.06714368779437152,46.59007858387677,-1.2034750590199152,-1.3113038669532044,0.1078288079332892,65.68932987419903,61.545650482177734,57.40197109015644,0.48351102094043036,435600000,bear,hold
2021-12-27,61.3120002746582,61.5,60.92499923706055,61.5,20615000,61.28305034637451,64.36935997009277,,-0.07890154558157281,46.18386930219407,-1.0812539210938326,-1.26529387778133,0.1840399566874975,64.72810327520702,61.28305034637451,57.83799741754199,0.5042016666915925,414985000,bear,hold
2021-12-28,61.07099914550781,61.840999603271484,60.96900177001953,61.494998931884766,18828000,61.01740016937256,64.33419998168945,,-0.0800343957143731,45.1310275453213,-0.9923997985928636,-1.2107150619436369,0.21831526335077323,63.54547449686948,61.01740016937256,58.48932584187563,0.5106007516377741,396157000,bear,hold
2021-12-29,61.05400085449219,61.39799880981445,60.46799850463867,61.07099914550781,12872000,60.86060009002686,64.2793399810791,,-0.0488549846960461,45.053014450585984,-0.9128313349640962,-1.1511383165477287,0.2383069815836325,62.92941657114482,60.86060009002686,58.791783608908894,0.5467418850899765,383285000,bear,hold
2021-12-30,61.20899963378906,62.06100082397461,61.124000549316406,61.29899978637695,16251000,60.832200050354004,64.2255199432373,,-0.009194373140954948,45.97015045691354,-0.8277241593000468,-1.0864554850981925,0.2587313257981456,62.86520125948775,60.832200050354004,58.79919884122026,0.5926707720935424,399536000,bear,hold
2021-12-31,60.24399948120117,61.40800094604492,60.20500183105469,61.000999450683594,19959000,60.76205005645752,64.18011993408203,,-0.02275860775893357,41.34336385266612,-0.8285920633674166,-1.0348828007520374,0.20629073738462078,62.77446806198178,60.76205005645752,58.74963205093326,0.37128653842435994,379577000,bear,hold
2022-01-03,59.73699951171875,60.999000549316406,59.055999755859375,60.56100082397461,30675000,60.738249969482425,64.06853988647461,,-0.00790529835103182,39.11584448056798,-0.8602738425997956,-0.9999610091215891,0.13968716652179358,62.78700941318137,60.738249969482425,58.68949052578348,0.25564469981015453,348902000,bear,hold
2022-01-04,59.1150016784668,60.04100036621094,58.15999984741211,59.99100112915039,43931000,60.63055000305176,63.921279983520506,,-0.03515642973131505,36.51646307500287,-0.9249101196640694,-0.9849508312300853,0.06004071156601587,62.78035599363412,60.63055000305176,58.4807440124694,0.14751509410055708,304971000,bear,hold
2022-01-05,56.75199890136719,59.284000396728516,56.6879997253418,59.20000076293945,41487000,60.34025001525879,63.71299995422363,,-0.09280987052786216,28.710618648007852,-1.1535124372504129,-1.0186631524341507,-0.13484928481626213,62.89958382159845,60.34025001525879,57.78091620891913,-0.20101272155340558,263484000,bear,hold
2022-01-06,55.32899856567383,56.33599853515625,54.20100021362305,55.433998107910156,57118000,59.96630001068115,63.48253997802735,,-0.11907719162282548,25.215059630405378,-1.432987072540044,-1.1015279364553294,-0.33145913608471456,63.096061448041084,59.96630001068115,56.83653857332122,-0.24083944380742606,206366000,bear,hold
2022-01-07,54.10599899291992,55.34299850463867,53.821998596191406,54.94599914550781,33829000,59.616600036621094,63.238819961547854,,-0.11446807947406878,22.661379917894635,-1.7331795638551313,-1.2278582619352898,-0.5053213019198415,63.60631400254751,59.616600036621094,55.62688607069468,-0.1906010168603163,172537000,bear,hold
2022-01-10,53.98500061035156,54.36899948120117,52.63199996948242,53.8489990234375,44861000,59.25755004882812,62.97041999816894,,-0.11740181984869935,22.419461162139882,-1.9582740697472758,-1.373941423497687,-0.5843326462495888,63.86894941326155,59.25755004882812,54.6461506843947,-0.0716864905631923,127676000,bear,hold
2022-01-11,54.08399963378906,54.39099884033203,53.00699996948242,53.69900131225586,30778000,58.93894996643066,62.67148002624512,,-0.10539899286845467,23.142407387268605,-2.1044162924968575,-1.5200363972975213,-0.5843798951993362,64.03059486333183,58.93894996643066,53.8473050695295,0.023243428111377164,158454000,bear,hold
2022-01-12,53.72200012207031,54.426998138427734,53.20199966430664,54.426998138427734,37874000,58.63509998321533,62.38358009338379,,-0.10162376772213277,22.32324084629802,-2.2238106868395136,-1.6607912552059199,-0.5630194316335937,64.18946083790385,58.63509998321533,53.08073912852681,0.05772590315249378,120580000,bear,hold
2022-01-13,51.91999816894531,54.07899856567383,51.82600021362305,53.70600128173828,44751000,58.20589981079102,62.066539993286135,,-0.14187497056414888,18.7628723424492,-2.435760175114069,-1.8157850391875499,-0.6199751359265193,64.40541859563128,58.20589981079102,52.00638102595076,-0.006966900174307027,75829000,bear,hold
2022-01-14,52.569000244140625,53.83700180053711,51.1879997253418,51.7599983215332,78611000,57.87904987335205,61.741339950561525,,-0.11059788955707084,23.49547804629718,-2.5222872704689934,-1.9570854854438386,-0.5652017850251547,64.52732794173477,57.87904987335205,51.230771804969336,0.10064474029264174,154440000,bear,hold
2022-01-18,51.08000183105469,52.17499923706055,50.86800003051758,52.007999420166016,48391000,57.499399948120114,61.42614006042481,,-0.12941213950532404,20.539099779999617,-2.680115640004992,-2.1016915163560697,-0.5784241236489223,64.76179654983413,57.499399948120114,50.2370033464061,0.05803858773353353,106049000,bear,hold
2022-01-19,51.58599853515625,52.32099914550781,51.05099868774414,51.5,43535000,57.10999984741211,61.1664200592041,,-0.13116855765330138,24.037065777525413,-2.7328633076617876,-2.2279258746172133,-0.5049374330445744,64.75373665726038,57.10999984741211,49.466263037563856,0.13865832578519108,149584000,bear,hold
2022-01-20,50.82500076293945,52.66400146484375,50.69300079345703,51.775001525878906,126590000,56.62664985656738,60.88002014160156,,-0.15980625081388344,22.437311428937974,-2.8037524614995135,-2.3430911919936737,-0.46066126950583985,64.5705066321629,56.62664985656738,48.68279308097186,0.1348342337029986,22994000,bear,hold
2022-01-21,39.75,40.915000915527344,37.999000549316406,40.042999267578125,589043000,55.54294986724854,60.363040161132815,,-0.35285881514970907,10.982110394893866,-3.7108166461766743,-2.6166362828302736,-1.0941803633464007,66.06761549662616,55.54294986724854,45.018284237870915,-0.250282736924463,-566049000,bear,hold
2022-01-24,38.71500015258789,38.72600173950195,35.145999908447266,38.39099884033203,323460000,54.408249855041504,59.843520126342774,,-0.3695549528168125,10.445402147960209,-4.461755050532936,-2.985660036370806,-1.47609501416213,66.87309155866289,54.408249855041504,41.943408151420115,-0.12950056148303435,-889509000,bear,hold
2022-01-25,36.641998291015625,38.770999908447266,36.51300048828125,37.91400146484375,151458000,53.174749755859374,59.26120002746582,,-0.4023682455820857,9.449315947382686,-5.164618563694944,-3.421451741835634,-1.74316682185931,67.41840706968115,53.174749755859374,38.931092442037595,-0.0803548590291019,-1040967000,bear,hold
2022-01-26,35.970001220703125,38.26599884033203,35.6619987487793,37.82699966430664,126840000,51.91969985961914,58.6153800201416,,-0.4110133823911908,9.14487578807487,-5.7100456572377425,-3.8791705249160557,-1.8308751323216867,67.51815158574459,51.91969985961914,36.321248133493704,-0.011259031311494989,-1167807000,bear,hold
2022-01-27,38.66999816894531,39.47999954223633,37.810001373291016,38.20600128173828,243247000,50.800499725341794,58.030120010375974,,-0.3666263041286003,20.260989692534324,-5.85691845935893,-4.274720111804631,-1.5821983475542991,66.8231427200347,50.800499725341794,34.7778567306489,0.121457534802017,-924560000,bear,hold
2022-01-28,38.43600082397461,38.70000076293945,37.20800018310547,38.67599868774414,119666000,49.66184978485107,57.42404006958008,,-0.37205311222311055,20.032237449601865,-5.92391068843321,-4.6045582271303465,-1.3193524613028638,65.80024457290283,49.66184978485107,33.523454996799316,0.15220057173258497,-1044226000,bear,hold
2022-01-31,42.7140007019043,42.77000045776367,39.81999969482422,40.196998596191406,200475000,48.78534984588623,56.89494010925293,,-0.29098331668313326,34.575439579742124,-5.567623576352474,-4.797171296974772,-0.770452279377702,64.4260953747823,48.78534984588623,33.14460431699015,0.30591241214284864,-843751000,bear,hold
2022-02-01,45.7130012512207,45.847999572753906,42.55400085449219,43.29600143432617,225681000,48.08414993286133,56.44516006469726,,-0.2347623478769958,42.47370877672313,-4.985796039291301,-4.834896245438078,-0.15089979385322305,62.93562576943667,48.08414993286133,33.23267409628599,0.42017127766517653,-618070000,bear,hold
2022-02-02,42.948001861572266,45.198001861572266,42.64799880981445,44.82500076293945,143460000,47.275799942016604,55.94652015686035,,-0.2734838764756986,37.92750806532826,-4.693699817243349,-4.806656959799133,0.11295714255578382,61.378731589334556,47.275799942016604,33.17286829469865,0.3465638851313803,-761530000,bear,hold
2022-02-03,40.560001373291016,42.92599868774414,40.428001403808594,42.14400100708008,99052000,46.466200065612796,55.439320220947266,,-0.28531149283776325,34.49358321238161,-4.601855809664194,-4.765696729772145,0.16384092010795115,60.15311330231924,46.466200065612796,32.77928682890635,0.28423920024267574,-860582000,bear,hold
2022-02-04,41.016998291015625,41.277000427246094,39.66400146484375,40.73099899291992,77898000,45.750600051879886,54.95154022216797,,-0.2586708714358944,35.693510209460854,-4.4409998580425025,-4.700757355426217,0.25975749738371423,58.998701084708316,45.750600051879886,32.502499019051456,0.32134791434883664,-782684000,bear,hold
2022-02-07,40.209999084472656,41.23500061035156,39.35499954223633,41.016998291015625,82329000,45.05580005645752,54.43916015625,,-0.2568291902394342,34.49198285594471,-4.328739435407364,-4.626353771422447,0.2976143360150827,57.930515834473525,45.05580005645752,32.18108427844152,0.3118094000855837,-865013000,bear,hold
2022-02-08,40.35300064086914,40.6609992980957,39.58300018310547,39.81800079345703,68185000,44.3742000579834,53.91494010925293,,-0.2525145839651709,34.910111834585166,-4.180048217329322,-4.537092660603822,0.3570444432744999,56.718313314727844,44.3742000579834,32.03008680123896,0.3371207662519946,-796828000,bear,hold
2022-02-09,41.28900146484375,41.29800033569336,39.87900161743164,40.8650016784668,77382000,43.73445014953613,53.41304008483887,,-0.23657640440023264,37.71255294213399,-3.941249639232261,-4.41792405632951,0.4766744170972492,55.301111760617346,43.73445014953613,32.167788538454914,0.39428891555236795,-719446000,bear,hold
2022-02-10,40.62699890136719,40.79999923706055,39.63600158691406,40.209999084472656,84529000,43.07970008850098,52.94178001403809,,-0.24375490843505243,36.5150862994288,-3.7620515316645182,-4.286749551396512,0.5246980197319937,53.7593016736133,43.07970008850098,32.400098503388655,0.38516888164850044,-803975000,bear,hold
2022-02-11,39.13100051879883,41.1609992980957,38.76499938964844,40.53300094604492,75589000,42.44025020599365,52.48886001586914,,-0.24632122691013336,33.89581934385902,-3.6981206741264145,-4.169023775942493,0.4709031018160781,52.435577966298,42.44025020599365,32.4449224456893,0.3344601714644494,-879564000,bear,hold
2022-02-14,39.65700149536133,40.93600082397461,38.68899917602539,38.75899887084961,72022000,41.79465026855469,52.04906005859375,,-0.24562001728801142,35.64380514429622,-3.563928378219771,-4.048004696397949,0.484076318178178,50.69804058511505,41.79465026855469,32.89125995199433,0.37995310229085866,-807542000,bear,hold
2022-02-15,40.74599838256836,40.91600036621094,40.10100173950195,40.37900161743164,53923000,41.27795009613037,51.659720001220705,,-0.20231016206040242,39.22679739028784,-3.33130584907731,-3.904664926933821,0.573359077856511,49.099639573733015,41.27795009613037,33.45626061852772,0.46599508871547196,-753619000,bear,hold
2022-02-16,39.80799865722656,40.15599822998047,39.03799819946289,40.15299987792969,52777000,40.689050102233885,51.23049995422363,,-0.2283177647497293,37.3004680142847,-3.185914320299773,-3.760914805607012,0.575000485307239,46.9318533503814,40.689050102233885,34.44624685408637,0.42943462976598173,-806396000,bear,hold
2022-02-17,38.66699981689453,39.9109992980957,38.56999969482422,39.42399978637695,46692000,40.08115005493164,50.75267997741699,,-0.239213000758286,35.045954888857224,-3.1267167129900173,-3.6340751870836128,0.5073584740935955,44.29596450364437,40.08115005493164,35.86633560621891,0.33224051079294686,-853088000,bear,hold
2022-02-18,39.12900161743164,40.2869987487793,38.904998779296875,39.25299835205078,68017000,40.05010013580322,50.279100036621095,,-0.015622600819329757,36.71393073644667,-3.0078498774424887,-3.508830125155388,0.5009802477128993,44.28332464022022,40.05010013580322,35.81687563138622,0.39120603957922706,-785071000,bear,hold
2022-02-22,37.737998962402344,39.242000579833984,37.301998138427734,38.89500045776367,66975000,40.00125007629394,49.81186004638672,,-0.025235727401133445,33.89197974269479,-2.9914062736119504,-3.405345354846701,0.41393908123475054,44.316723209765215,40.00125007629394,35.68577694282267,0.2377748576004818,-852046000,bear,hold
2022-02-23,36.74599838256836,38.599998474121094,36.66600036621094,38.27199935913086,46143000,40.00645008087158,49.323460006713866,,0.0028382756509826024,32.002792068264455,-3.023566957621931,-3.328989675401747,0.3054227177798161,44.305940563712944,40.00645008087158,35.70695959803022,0.1208327810800831,-898189000,bear,hold
2022-02-24,39.00299835205078,39.073001861572266,35.47200012207031,35.50899887084961,70687000,40.15809993743896,48.89439994812012,,0.08432018427627863,40.17377123484659,-2.834261889606978,-3.2300441182427937,0.3957822286358157,44.07427497059561,40.15809993743896,36.241924904282314,0.3525217111584123,-827502000,bear,hold
2022-02-25,39.08000183105469,39.12900161743164,37.55799865722656,38.6609992980957,48416000,40.17860012054443,48.48001998901367,,0.010602629467891589,40.436752534941455,-2.6475039446649618,-3.1135360835272277,0.4660321388622659,44.06759942512256,40.17860012054443,36.2896008159663,0.35875565878907795,-779086000,bear,hold
2022-02-28,39.45199966430664,39.775001525878906,38.2130012512207,38.733001708984375,50350000,40.229400062561034,48.05897994995117,,0.02643352114037567,41.76845229225246,-2.441337591477584,-2.979096385117299,0.537758793639715,44.05199763979741,40.229400062561034,36.406802485324654,0.39831516625189334,-728736000,bear,hold
2022-03-01,38.624000549316406,39.5,38.37099838256836,39.15999984741211,32904000,40.02490005493164,47.6493399810791,,-0.09575315084933145,39.64384871485386,-2.318040946825974,-2.846885297459034,0.5288443506330602,43.729732666134474,40.02490005493164,36.32006744372881,0.3109361943399095,-761640000,bear,hold
2022-03-02,38.00299835205078,38.922000885009766,37.520999908447266,38.893001556396484,53568000,39.63939990997314,47.23593994140625,,-0.1686610523951113,38.07937841236522,-2.244563227330083,-2.726420883433244,0.4818576561031609,42.3740043576689,39.63939990997314,36.904795462277384,0.20079739333028002,-815208000,bear,hold
2022-03-03,36.80699920654297,38.61199951171875,36.46500015258789,38.599998474121094,60768000,39.33234977722168,46.78459991455078,,-0.14298692346206587,35.198419329529074,-2.2568234846050927,-2.632501403667614,0.37567791906252124,41.88500951236069,39.33234977722168,36.77969004208267,0.0053491587782676705,-875976000,bear,hold
2022-03-04,36.17300033569336,37.481998443603516,35.71699905395508,36.79999923706055,53255000,39.112999725341794,46.29821990966797,,-0.1081607714265641,33.74111913995921,-2.2912857216307216,-2.564258267260236,0.27297254562951423,41.944692864230944,39.112999725341794,36.281306586452644,-0.019123938479042236,-929231000,bear,hold
2022-03-07,35.0260009765625,36.20000076293945,35.02000045776367,36.04100036621094,57084000,38.81344985961914,45.77025993347168,,-0.1460613297917852,31.222551465776647,-2.383673055964593,-2.5281412250011073,0.14446816903651438,42.01895063040382,38.81344985961914,35.60794908883446,-0.09077335397575075,-986315000,bear,hold
2022-03-08,34.17599868774414,35.88600158691406,34.06700134277344,34.97999954223633,64287000,38.511749839782716,45.22559989929199,,-0.15006218687178685,29.467159834344898,-2.4966983801949922,-2.5218526560398846,0.025154275844892382,42.22958043173297,38.511749839782716,34.79391924783246,-0.08310230184051784,-1050602000,bear,hold
2022-03-09,35.87900161743164,36.41400146484375,35.05099868774414,35.76900100708008,65202000,38.28804988861084,44.71693992614746,,-0.11087153253496285,37.09765079220226,-2.420946495896793,-2.501671424011266,0.0807249281144733,42.073592039450304,38.28804988861084,34.50250773777138,0.1818093452420039,-985400000,bear,hold
2022-03-10,35.676998138427734,36.70199966430664,35.33000183105469,35.619998931884766,48078000,38.00744972229004,44.20905990600586,,-0.13592005442888844,36.591971629784474,-2.350121832781454,-2.4713615057653042,0.12123967298385008,41.69225090258092,38.00744972229004,34.32264854199916,0.18377512519164774,-1033478000,bear,hold
2022-03-11,34.03200149536133,36.33599853515625,34.0,36.11899948120117,48199000,37.67769985198974,43.66861991882324,,-0.1623304104252683,32.684777158258825,-2.3990752126048633,-2.4569042471332163,0.057829034528352974,41.541797414305975,37.67769985198974,33.81360228967351,0.028260053242147323,-1081677000,bear,hold
2022-03-14,33.10100173950195,34.13199996948242,32.981998443603516,33.87200164794922,59078000,37.376199913024905,43.1064599609375,,-0.15409774090493844,30.687622512422195,-2.484356898545265,-2.4623947774156263,-0.02196212112963858,41.65807539875022,37.376199913024905,33.09432442729959,0.0007797181660961185,-1140755000,bear,hold
2022-03-15,34.375,34.5359992980957,33.236000061035156,33.5099983215332,54606000,37.11209983825684,42.589079971313474,,-0.13319215513505633,36.413415178456724,-2.42123178386003,-2.454162178704507,0.03293039484447702,41.44989781525806,37.11209983825684,32.774301861255616,0.1845058422765654,-1086149000,bear,hold
2022-03-16,35.75299835205078,35.999000549316406,34.305999755859375,34.81999969482422,69825000,36.86244983673096,42.109399948120114,,-0.12253964140571028,41.99496800310228,-2.2342566057081683,-2.4101810641052395,0.17592445839707116,40.899228062014096,36.86244983673096,32.825671611447824,0.36258206139100413,-1016324000,bear,hold
2022-03-17,37.13999938964844,37.33100128173828,35.487998962402344,35.970001220703125,58183000,36.729049873352054,41.66989990234375,,-0.06702168804192798,47.03455488519824,-1.951660510359659,-2.3184769533561234,0.36681644299646443,40.537534010024075,36.729049873352054,32.92056573668003,0.5539518482352778,-958141000,bear,hold
2022-03-18,38.060001373291016,38.18000030517578,36.84700012207031,37.20000076293945,83248000,36.698699951171875,41.296059951782226,,-0.015698100356322575,50.12961204475301,-1.634621696102478,-2.1817059019053944,0.5470842058029164,40.45423231429694,36.698699951171875,32.94316758804681,0.6812394742600981,-874893000,bear,hold
2022-03-21,37.45899963378906,38.18199920654297,36.89400100708008,37.801998138427734,48665000,36.61519985198974,40.93865997314453,,-0.04267939161776635,48.15015804722665,-1.4155444539398516,-2.0284736123122857,0.6129291583724341,40.222203060735005,36.61519985198974,33.00819664324448,0.6169668742951916,-923558000,bear,hold
2022-03-22,38.29199981689453,38.66600036621094,36.67599868774414,37.11399841308594,42428000,36.642899894714354,40.62237998962402,,0.014680186277076457,51.03605940941885,-1.1613210222092718,-1.8550430942916831,0.6937220720824113,40.292228467811476,36.642899894714354,32.99357132161723,0.7259456622154216,-881130000,bear,hold
2022-03-23,37.44900131225586,38.24599838256836,37.44900131225586,37.97700119018555,37290000,36.67805004119873,40.29166000366211,,0.01913141459291512,48.11727852698894,-1.016156436212512,-1.687265762675849,0.671109326463337,40.34417755434725,36.67805004119873,33.01192252805021,0.6051451795241877,-918420000,bear,hold
2022-03-24,37.57099914550781,37.97600173950195,36.88999938964844,37.97600173950195,38885000,36.60645008087158,39.961399993896485,,-0.036715105685398486,48.57563492047302,-0.8811113472523573,-1.5260348795911507,0.6449235323387934,40.14175479423642,36.60645008087158,33.071145367506745,0.6364166801506327,-879535000,bear,hold
2022-03-25,37.3849983215332,37.763999938964844,36.643001556396484,37.707000732421875,35745000,36.52169990539551,39.634659957885745,,-0.043372656860383274,47.881103134319154,-0.7801033079880781,-1.3768485652705362,0.5967452572824581,39.89322550485452,36.52169990539551,33.150174305936496,0.6280278601883104,-915280000,bear,hold
2022-03-28,37.85100173950195,38.02799987792969,36.67300033569336,37.52299880981445,43234000,36.441650009155275,39.353280029296876,,-0.04058090688501037,49.81702988013469,-0.6549018272679774,-1.2324592176700244,0.577557390402047,39.60038872295735,36.441650009155275,33.2829112953532,0.7230877350172289,-872046000,bear,hold
2022-03-29,39.18199920654297,39.650001525878906,38.03300094604492,38.43899917602539,58807000,36.4695499420166,39.085540008544925,,0.01444694100276056,54.96266725762381,-0.4431697942644135,-1.0746013329889021,0.6314315387244887,39.713604288934,36.4695499420166,33.2254955950992,0.9180647076865129,-813239000,bear,hold
2022-03-30,38.14699935913086,39.27000045776367,37.862998962402344,38.95500183105469,40233000,36.47674999237061,38.82687995910644,,0.0037892012031810474,50.616350405733314,-0.35479659618607684,-0.9306403856283371,0.5758437894422602,39.73499426605565,36.47674999237061,33.21850571868556,0.7563112563796845,-853472000,bear,hold
2022-03-31,37.45899963378906,38.400001525878906,37.361000061035156,38.35900115966797,41347000,36.50935001373291,38.544339981079105,,0.01771403377893921,47.9045187409359,-0.3363982385031221,-0.8117919562032941,0.475393717700172,39.793106195965564,36.50935001373291,33.22559383150026,0.6445980711348788,-894819000,bear,hold
2022-04-01,37.34700012207031,38.08700180053711,36.849998474121094,37.68000030517578,46442000,36.56805000305176,38.27477996826172,,0.0324551398966626,47.45875901768088,-0.32708440662648286,-0.7148504462879319,0.38776603966144907,39.86759197565691,36.56805000305176,33.26850803044661,0.6180391286860241,-941261000,bear,hold
2022-04-04,39.150001525878906,39.60200119018555,37.3129997253418,37.35499954223633,70018000,36.77425003051758,38.262779998779294,,0.11774111900687623,54.75732064257569,-0.17223061546060592,-0.6063264801224667,0.4340958646618608,40.17639863351863,36.77425003051758,33.372101427516526,0.8491545744453469,-871243000,bear,hold
2022-04-05,38.01499938964844,39.0,37.73099899291992,38.93000030517578,42345000,36.966200065612796,38.24877998352051,,0.11233031511324931,50.04452287974731,-0.139485158999058,-0.512958215897785,0.373473056898727,40.18876824012854,36.966200065612796,33.74363189109705,0.6627272515643902,-913588000,bear,hold
2022-04-06,36.834999084472656,37.64699935913086,36.27299880981445,37.415000915527344,43549000,37.013999938964844,38.25263999938965,,0.02664504094162279,45.6459758996936,-0.20637139085660294,-0.45164085088954864,0.2452694600329457,40.198783915026134,37.013999938964844,33.829215962903554,0.47189748883477445,-957137000,bear,hold
2022-04-07,36.21500015258789,36.854000091552734,35.36899948120117,36.5,49489000,37.04090003967285,38.257539978027346,,0.015079800494220308,43.483407956462884,-0.30588192729584307,-0.4224890661708075,0.11660713887496443,40.1889343281301,37.04090003967285,33.892865751215595,0.36882292068525974,-1006626000,bear,hold
2022-04-08,35.5880012512207,36.25,35.48699951171875,36.19599914550781,40252000,37.11870002746582,38.19590003967285,,0.04572166453599458,41.34986270654637,-0.43037719524424034,-0.42406669198549407,-0.0063105032587462695,40.0337296013819,37.11870002746582,34.20367045354974,0.2374471274765214,-1046878000,bear,hold
2022-04-11,34.79999923706055,35.47800064086914,34.52000045776367,35.0,37771000,37.20364990234375,38.12318000793457,,0.05132767615099243,38.77488188502397,-0.585872198951698,-0.45642779337873485,-0.1294444055729631,39.71670108692036,37.20364990234375,34.69059871776714,0.021766472558305747,-1084649000,bear,hold
2022-04-12,34.40999984741211,35.941001892089844,34.224998474121094,35.590999603271484,38243000,37.205399894714354,37.957099990844725,,0.0010181773792614646,37.52924617225302,-0.7321332249742056,-0.511568879697829,-0.22056434527637658,39.71060608947892,37.205399894714354,34.700193699949786,-0.057918157224768466,-1122892000,bear,hold
2022-04-13,35.042999267578125,35.20000076293945,34.11600112915039,34.391998291015625,32310000,37.16989994049072,37.74369995117188,,-0.019858448723138467,40.850598808007746,-0.7878861181127945,-0.5668323273808221,-0.2210537907319724,39.774572345517655,37.16989994049072,34.56522753546379,0.0917143613132021,-1090582000,bear,hold
2022-04-14,34.112998962402344,35.20000076293945,33.986000061035156,35.095001220703125,43438000,37.01854991912842,37.56699989318847,,-0.08150243610638752,37.68085977811446,-0.8967764590973601,-0.6328211537241297,-0.2639553053732304,39.944543926474076,37.01854991912842,34.09255591178276,0.0034933514163497047,-1134020000,bear,hold
2022-04-18,33.7859992980957,34.236000061035156,33.1619987487793,34.0,51050000,36.804849815368655,37.43151985168457,,-0.11229642461848766,36.605339943609934,-0.9979551728721532,-0.7058479575537344,-0.29210721531841877,40.006680927539826,36.804849815368655,33.603018703197485,0.028574367055565705,-1185070000,bear,hold
2022-04-19,34.861000061035156,35.167999267578125,33.321998596191406,33.321998596191406,209069000,36.67494983673096,37.30839988708496,,-0.06935581831209492,42.423540955500314,-0.9800984897789178,-0.7606980639987712,-0.21940042578014662,39.96954456591444,36.67494983673096,33.38035510754748,0.22470820771552588,-976001000,bear,hold
2022-04-20,22.618999481201172,24.8700008392334,21.250999450683594,24.520000457763672,1333875000,35.89129981994629,36.95657989501953,,-0.4093022148396227,19.95886419664221,-1.9315088442677961,-0.9948602200525762,-0.9366486242152199,42.775259653217496,35.89129981994629,29.007339986675085,-0.4640018724831971,-2309876000,bear,hold
2022-04-21,21.82200050354004,22.76799964904785,21.152000427246094,22.0,535016000,35.1099497795105,36.585959892272946,,-0.41728751798787234,19.24438855356283,-2.7184825863814233,-1.3395846933183457,-1.3788978930630775,44.277862372158424,35.1099497795105,25.942037186862574,-0.22469873276423574,-2844892000,bear,hold
2022-04-22,21.552000045776367,22.62700080871582,21.0049991607666,22.01799964904785,375151000,34.30899982452392,36.191219863891604,,-0.4263660659566665,18.99629700187141,-3.3256160950797273,-1.7367909736706222,-1.5888251214091051,45.12735392230505,34.30899982452392,23.4906457267428,-0.08959984409107373,-3220043000,bear,hold
2022-04-25,20.990999221801758,21.666000366210938,20.451000213623047,21.381000518798828,281520000,33.489299869537355,35.79849987030029,,-0.4385181178485902,18.463686222800547,-3.80814394004555,-2.1510615669456077,-1.6570823730999424,45.65197342349985,33.489299869537355,21.326626315574863,-0.013797422593150215,-3501563000,bear,hold
2022-04-26,19.84000015258789,20.915000915527344,19.827999114990234,20.8799991607666,203181000,32.58874979019165,35.41267986297608,,-0.4758394958968146,17.38659684924707,-4.2346127592575336,-2.567771805407993,-1.6668409538495403,45.935751480112614,32.58874979019165,19.241748100270684,0.022411477357082345,-3704744000,bear,hold
2022-04-27,18.854000091552734,20.018999099731445,18.777000427246094,19.400999069213867,222984000,31.57234983444214,34.9966198348999,,-0.5188096454148179,16.498686043513302,-4.5991383317796135,-2.9740451106823174,-1.6250932210972961,45.82172388785837,31.57234983444214,17.322975781025907,0.05372251106566224,-3927728000,bear,hold
2022-04-28,19.95199966430664,20.148000717163086,18.559999465942383,19.1560001373291,213632000,30.66259984970093,34.58073986053467,,-0.47697066612053374,21.317527820335968,-4.74473374796008,-3.3281828381378697,-1.41655090982221,45.430652704293536,30.66259984970093,15.894546995108318,0.13737263500978483,-3714096000,bear,hold
2022-04-29,19.035999298095703,20.47100067138672,19.0,19.868000030517578,163919000,29.74144983291626,34.16529987335205,,-0.49181773447775945,20.266748320920797,-4.877804445144392,-3.638107159539174,-1.2396972856052177,44.98935702618833,29.74144983291626,14.493542639644188,0.14895344655743353,-3878015000,bear,hold
2022-05-02,19.945999145507812,20.020999908447266,19.000999450683594,19.17099952697754,145916000,28.871399784088133,33.79087985992432,,-0.46592767611017116,24.260906072842488,-4.853882018413824,-3.8812621313141045,-0.9726198870997194,44.26919239272184,28.871399784088133,13.473607175454426,0.2101727219791312,-3732099000,bear,hold
2022-05-03,19.98699951171875,20.31999969482422,19.476999282836914,19.82900047302246,118394000,27.913249683380126,33.40803981781006,,-0.48947640529446834,24.44455255739767,-4.776553797107649,-4.060320464472814,-0.7162333326348351,43.01544798836919,27.913249683380126,12.811051378391067,0.2375795890243702,-3613705000,bear,hold
2022-05-04,20.400999069213867,20.437999725341797,19.10099983215332,19.764999389648438,122188000,27.0325496673584,33.06129981994629,,-0.4633434329406013,26.385538882811787,-4.628509741103393,-4.17395831979893,-0.4545514213044628,41.72443776939354,27.0325496673584,12.34066156532326,0.27431251340575075,-3491517000,bear,hold
2022-05-05,18.832000732421875,20.070999145507812,18.600000381469727,20.045000076293945,139713000,26.13239974975586,32.70301986694336,,-0.4887470829241781,23.881580800081508,-4.584936519065195,-4.256153959652184,-0.3287825594130114,40.514426524794324,26.13239974975586,11.750372974717394,0.24619714135129406,-3631230000,bear,hold
2022-05-06,18.097000122070312,18.72100067138672,17.58099937438965,18.674999237060547,171855000,25.22649974822998,32.28489990234375,,-0.5002899338445228,22.790480998010338,-4.557180493290492,-4.316359266379846,-0.24082122691064622,39.23156448087399,25.22649974822998,11.221435015585966,0.24546709485955767,-3803085000,bear,hold
2022-05-09,17.309999465942383,18.31999969482422,17.229999542236328,17.766000747680664,140313000,24.312599658966064,31.849499855041504,,-0.5136001220257169,21.64989189921141,-4.546281317536579,-4.362343676611192,-0.18393764092538678,37.87221017466743,24.312599658966064,10.752989143264703,0.24178461155226338,-3943398000,bear,hold
2022-05-10,17.766000747680664,18.187000274658203,17.05699920654297,17.60099983215332,138839000,23.46089973449707,31.415779876708985,,-0.48948272594326336,24.022554927167633,-4.4495564329464266,-4.379786227878239,-0.06977020506818743,36.4044675490945,23.46089973449707,10.517331919899641,0.28001046278778546,-3804559000,bear,hold
2022-05-11,16.636999130249023,18.091999053955078,16.55500030517578,17.608999252319336,126655000,22.572249698638917,30.976039848327638,,-0.5165068525421614,22.227796278750276,-4.41313043948206,-4.386455070199004,-0.026675369283056583,34.80800539499719,22.572249698638917,10.336494002280647,0.25746285249237183,-3931214000,bear,hold
2022-05-12,17.430999755859375,17.757999420166016,16.270999908447266,16.395999908447266,176621000,21.69164972305298,30.564599876403808,,-0.5025825380196101,26.392824755726977,-4.2709603896879855,-4.363356134096801,0.09239574440881526,32.68230318067518,21.69164972305298,10.700996265430781,0.30616939731464404,-3754593000,bear,hold
2022-05-13,18.763999938964844,18.777000427246094,17.60099983215332,17.715999603271484,131363000,20.924199771881103,30.203739891052248,,-0.449945753533848,32.89068578266405,-4.004565488323099,-4.291598004942061,0.2870325166189618,30.373791772692844,20.924199771881103,11.474607771069362,0.385698777644014,-3623230000,bear,hold
2022-05-16,18.650999069213867,19.589000701904297,18.56999969482422,19.329999923706055,161450000,20.167449760437012,29.853299865722658,,-0.4479666294711282,32.62773560895546,-3.7592297747173795,-4.1851243588971245,0.425894584179745,27.580439544521255,20.167449760437012,12.75445997635277,0.39771666119930593,-3784680000,bear,hold
2022-05-17,19.055999755859375,19.139999389648438,18.517000198364258,18.91699981689453,98767000,19.377199745178224,29.533899841308592,,-0.4533719708988312,34.644437686161936,-3.491867211849808,-4.046472929487662,0.5546057176378536,22.46287914002224,19.377199745178224,16.29152035033421,0.44795311692855144,-3685913000,bear,hold
2022-05-18,17.7189998626709,18.770000457763672,17.62700080871582,18.672000885009766,96656000,19.13219976425171,29.20475986480713,,-0.21663202311856022,31.312210344826397,-3.349257022030141,-3.9070297479961575,0.5577727259660166,21.91237774947545,19.13219976425171,16.352021779027968,0.24584362780157037,-3782569000,bear,hold
2022-05-19,18.347999572753906,18.6299991607666,17.570999145507812,17.80500030517578,104485000,18.958499717712403,28.854139823913574,,-0.15919717948052325,34.50389752885691,-3.1491806055889597,-3.7554599195147182,0.6062793139257585,21.465428354412214,18.958499717712403,16.45157108101259,0.3782374304515154,-3678084000,bear,hold
2022-05-20,18.635000228881836,19.018999099731445,17.976999282836914,18.586999893188477,104294000,18.812649726867676,28.513299865722658,,-0.1353470587740736,35.96596947791457,-2.9336428411580115,-3.591096503843377,0.6574536626853655,21.02065423404358,18.812649726867676,16.604645219691772,0.45977148203083645,-3573790000,bear,hold
2022-05-23,18.743999481201172,18.766000747680664,17.788999557495117,18.614999771118164,96020000,18.700299739837646,28.207539825439454,,-0.10704586841520136,36.545321132108974,-2.7226472980010783,-3.4174066626749173,0.694759364673839,20.669232215113688,18.700299739837646,16.731367264561605,0.5110973184485158,-3477770000,bear,hold
2022-05-24,18.034000396728516,18.399999618530273,17.716999053955078,18.200000762939453,77064000,18.60999975204468,27.906199798583984,,-0.09102821280088569,34.3643094725315,-2.5829481834856196,-3.2505149668370583,0.6675667833514387,20.526529505994752,18.60999975204468,16.693469998094606,0.34972856431552984,-3554834000,bear,hold
2022-05-25,18.783000946044922,18.886999130249023,18.017000198364258,18.027999877929688,85221000,18.606449794769286,27.594359817504884,,-0.0037657338051898526,38.53189984346592,-2.384312671786038,-3.0772745078268544,0.6929618360408165,20.521420953423743,18.606449794769286,16.69147863611483,0.546097600602948,-3469613000,bear,hold
2022-05-26,19.139999389648438,19.233999252319336,18.30900001525879,18.64900016784668,80499000,18.565849781036377,27.262099838256837,,-0.0406976888692937,40.47204749414604,-2.173036395930122,-2.896426885447508,0.7233904895173859,20.397612658096257,18.565849781036377,16.734086903976497,0.656720505640341,-3389114000,bear,hold
2022-05-27,19.518999099731445,19.524999618530273,19.03700065612793,19.319000244140625,85860000,18.589999771118165,26.909679832458497,,0.025372968031368792,42.545371845819105,-1.952509007535756,-2.707643309865158,0.7551343023294019,20.45829122610008,18.589999771118165,16.72170831613625,0.7486226991340258,-3303254000,bear,hold
2022-05-31,19.743999481201172,19.9950008392334,19.079999923706055,19.618000030517578,113985000,18.579899787902832,26.5433597946167,,-0.010127327432084776,43.79688593450316,-1.7395315758555654,-2.5140209630632397,0.7744893872076744,20.420742292741295,18.579899787902832,16.73905728306437,0.8161866618786303,-3189269000,bear,hold
2022-06-01,19.291000366210938,20.27400016784668,19.166000366210938,19.8700008392334,84162000,18.545099830627443,26.179999809265137,,-0.03482259281087863,41.82168607957772,-1.5889818755827783,-2.3290131455671474,0.7400312699843692,20.302656048634688,18.545099830627443,16.787543612620198,0.7121982010991411,-3273431000,bear,hold
2022-06-02,20.509000778198242,20.547000885009766,19.172000885009766,19.20199966430664,96231000,18.55049991607666,25.824339828491212,,0.005293942155379705,48.54153357470666,-1.355759349619845,-2.134362386377687,0.778603036757842,20.331341347923207,18.55049991607666,16.769658484230114,1.0498807549897413,-3177200000,bear,hold
2022-06-03,19.898000717163086,20.295000076293945,19.80500030517578,20.013999938964844,71918000,18.603799915313722,25.473319816589356,,0.05660577438837633,45.690497732230874,-1.2063256449779551,-1.9487550380977408,0.7424293931197856,20.476588153628903,18.603799915313722,16.73101167699854,0.8455278005733493,-3249118000,bear,hold
2022-06-06,19.714000701904297,20.386999130249023,19.538000106811523,20.208999633789062,53720000,18.68464994430542,25.116179847717284,,0.08935185770717657,44.83645087124364,-1.0901787192537853,-1.7770397743289497,0.6868610550751644,20.602025449531975,18.68464994430542,16.767274439078864,0.7684270125473543,-3302838000,bear,hold
2022-06-07,19.861000061035156,19.959999084472656,19.299999237060547,19.48699951171875,48395000,18.812199974060057,24.765699882507324,,0.14737150050824077,45.70954597164307,-0.9750302819123959,-1.616637875845639,0.6416075939332431,20.68572070241467,18.812199974060057,16.938679245705444,0.7799008495348192,-3254443000,bear,hold
2022-06-08,20.283000946044922,20.738000869750977,19.763999938964844,19.795000076293945,72441000,18.93804998397827,24.414339866638183,,0.14167511496321694,48.24215494211288,-0.84003892528332,-1.4613180857331751,0.6212791604498551,20.851285869898163,18.93804998397827,17.02481409805838,0.8514859228714479,-3182002000,bear,hold
2022-06-09,19.277000427246094,20.16900062561035,19.253999710083008,20.065000534057617,69490000,19.070050048828126,24.016239891052248,,0.15868254102370405,43.082559080943085,-0.8049541268566465,-1.3300452939578693,0.5250911671012228,20.668419831137236,19.070050048828126,17.471680266519016,0.5647379538541432,-3251492000,bear,hold
2022-06-10,18.29400062561035,18.586000442504883,18.084999084472656,18.263999938964844,130656000,19.113200092315672,23.619179916381835,46.39452493667603,0.04950954516885253,38.724305162712824,-0.8467087091103238,-1.2333779769883604,0.38666926787803657,20.572820462434592,19.113200092315672,17.653579722196753,0.21937927029663945,-3382148000,bear,hold
2022-06-13,16.9689998626709,17.909000396728516,16.895999908447266,17.707000732421875,102224000,19.023450088500976,23.209379920959474,46.204309930801394,-0.09566191015416148,33.765952390264076,-0.9754713776163761,-1.1817966571139635,0.2063252794975874,20.753595211798107,19.023450088500976,17.293304965203845,-0.09372193643355171,-3484372000,bear,hold
2022-06-14,16.753999710083008,17.20599937438965,16.42799949645996,16.975000381469727,115553000,18.928600120544434,22.797519912719725,46.008619937896725,-0.1017103347703302,33.02697706643724,-1.0823883365940397,-1.1619149930099788,0.07952665641593915,20.91851296628671,18.928600120544434,16.93868727480216,-0.04640594313321792,-3599925000,bear,hold
2022-06-15,18.01099967956543,18.385000228881836,16.85300064086914,16.926000595092773,123960000,18.876350116729736,22.374739875793455,45.81558493614197,-0.05483837582295448,41.13786047999604,-1.0535467731381232,-1.1402413490356076,0.08669457589748442,20.904646165756326,18.876350116729736,16.848054067703146,0.2866804410580002,-3475965000,bear,hold
2022-06-16,17.334999084472656,17.62700080871582,17.1560001373291,17.399999618530273,82013000,18.857150077819824,21.96113986968994,45.617664937973025,-0.02167169598591323,38.44157470181626,-1.0728698489776356,-1.1267670490240134,0.05389720004637777,20.935555951400417,18.857150077819824,16.77874420423923,0.13381767423393864,-3557978000,bear,hold
2022-06-17,17.551000595092773,17.96500015258789,17.333999633789062,17.363000869750977,121334000,18.81730012893677,21.575459899902345,45.41438493728638,-0.0434379221833342,39.79932520660309,-1.0585516841986937,-1.1131239760589495,0.054572291860255806,20.962708562898523,18.81730012893677,16.671891694975013,0.20488147762484082,-3436644000,bear,hold
2022-06-21,17.090999603271484,17.86199951171875,16.979999542236328,17.760000228881836,121776000,18.74010009765625,21.192979888916014,45.205564937591554,-0.08285487559143412,37.88302399899424,-1.0719657175889878,-1.104892324364957,0.03292660677596926,21.01349272091028,18.74010009765625,16.46670747440222,0.1373040720031196,-3558420000,bear,hold
2022-06-22,17.888999938964844,18.281999588012695,17.020000457763672,17.075000762939453,119924000,18.697350120544435,20.8389998626709,44.99974493026733,-0.045614573511583156,43.00950641688408,-1.006601007938162,-1.085234061079598,0.0786330531414361,21.00079862925482,18.697350120544435,16.39390161183405,0.32453478371171485,-3438496000,bear,hold
2022-06-23,18.17099952697754,18.275999069213867,17.586999893188477,18.049999237060547,95382000,18.704200077056885,20.506419868469237,44.78724492073059,0.007596713276876388,44.74495281510434,-0.9214224106444675,-1.052471730992572,0.13104932034810446,21.00052099603043,18.704200077056885,16.40787915808334,0.3839011251272129,-3343114000,bear,hold
2022-06-24,19.084999084472656,19.118999481201172,18.18400001525879,18.350000381469727,124240000,18.71929998397827,20.19991985321045,44.57964491844177,0.016078268818451313,50.05372495831879,-0.7712748564900345,-0.9962323560920645,0.22495749960203004,21.021459273770898,18.71929998397827,16.417140694185644,0.5794252383220899,-3218874000,bear,hold
2022-06-27,18.913999557495117,19.17799949645996,18.23900032043457,19.177000045776367,83639000,18.707999992370606,19.87733985900879,44.37544490814209,-0.011807724104502815,49.10319568641028,-0.6584894147149392,-0.9286837678166395,0.27019435310170037,21.003998821450544,18.707999992370606,16.412001163290668,0.5448605553529529,-3302513000,bear,hold
2022-06-28,17.959999084472656,19.219999313354492,17.937000274658203,18.920000076293945,71854000,18.630049991607667,19.554279861450194,44.16588489532471,-0.07987089949096005,44.074505233531326,-0.6387232013178377,-0.8706916545168792,0.23196845319904158,20.916458304633995,18.630049991607667,16.34364167858134,0.353470855726526,-3374367000,bear,hold
2022-06-29,17.836000442504883,18.066999435424805,17.510000228881836,17.954999923706055,57668000,18.53465003967285,19.23527988433838,43.96041989326477,-0.09663690684924042,43.45162550722975,-0.6258495844677654,-0.8217232405070565,0.19587365603929108,20.786135019585487,18.53465003967285,16.283165059760215,0.34484693360133417,-3432035000,bear,hold
2022-06-30,17.48699951171875,17.94499969482422,17.030000686645508,17.707000732421875,78947000,18.444449996948244,18.88779987335205,43.75897488594055,-0.0935151531929872,41.66677842844756,-0.6364717585144071,-0.7846729441085266,0.14820118559411954,20.71199086458344,18.444449996948244,16.176909129313046,0.288879111531072,-3510982000,bear,hold
2022-07-01,17.9950008392334,18.010000228881836,17.427000045776367,17.64900016784668,52016000,18.31875,18.795319900512695,43.557514896392824,-0.1225803229593374,45.195627925506415,-0.5970164128117226,-0.7471416378491659,0.1501252250374433,20.384292677570905,18.31875,16.2532073224291,0.4216309679092821,-3458966000,bear,hold
2022-07-05,18.58799934387207,18.591999053955078,17.26799964904785,17.628000259399414,73343000,18.25324993133545,18.730639877319337,43.35720488548279,-0.06583582903186191,49.06886403176578,-0.5119957750642357,-0.7001124652921799,0.1881166902279442,20.19361020540561,18.25324993133545,16.31288965726529,0.586259602665035,-3385623000,bear,hold
2022-07-06,18.4060001373291,18.621999740600586,18.082000732421875,18.520000457763672,57534000,18.187849903106688,18.66771987915039,43.15455987930298,-0.0663488139395697,47.94881452393857,-0.454067909828872,-0.6509035541995183,0.19683564437064627,20.011526766140012,18.187849903106688,16.364173040073364,0.5598105504994904,-3443157000,bear,hold
2022-07-07,18.927000045776367,19.020999908447266,18.350000381469727,18.427000045776367,63345000,18.14114990234375,18.626439895629883,42.96147988319397,-0.04702683713753075,51.370822190510346,-0.36194702089564146,-0.5931122475387429,0.23116522664310146,19.83421104623801,18.14114990234375,16.448088758449487,0.7320796700894867,-3379812000,bear,hold
2022-07-08,18.697999954223633,18.990999221801758,18.274999618530273,18.601999282836914,58357000,18.061899852752685,18.603599891662597,42.76839988708496,-0.07814430399316019,49.82043365283264,-0.30391559646047384,-0.5352729173230891,0.2313573208626153,19.471099970868913,18.061899852752685,16.652699734636457,0.7256954471169309,-3438169000,bear,hold
2022-07-11,17.733999252319336,18.499000549316406,17.68899917602539,18.472999572753906,60388000,17.984749794006348,18.581199874877928,42.56174489021301,-0.08004363442073081,43.824371739582745,-0.33188629602687314,-0.49459559306384593,0.1627092970369728,19.284075129003945,17.984749794006348,16.68542445900875,0.4035074069084186,-3498557000,bear,hold
2022-07-12,17.44499969482422,17.97800064086914,17.341999053955078,17.732999801635742,68453000,17.94229974746704,18.531059875488282,42.35233988761902,-0.046408707868829335,42.18520446637958,-0.37307257752691925,-0.4702909899564606,0.09721841242954138,19.2538549765389,17.94229974746704,16.63074451839518,0.31041589342953485,-3567010000,bear,hold
2022-07-13,17.6560001373291,17.917999267578125,16.969999313354492,17.049999237060547,127344000,17.97664976119995,18.50345989227295,42.14442489624023,0.04048560788603073,43.836898242497114,-0.38425754821714264,-0.45308430160859703,0.06882675339145439,19.21857906085276,17.97664976119995,16.73472046154714,0.3709066514653896,-3439666000,bear,hold
2022-07-14,17.47800064086914,17.75200080871582,17.18199920654297,17.555999755859375,90395000,18.012849807739258,18.454099922180177,41.935494899749756,0.04321361724450856,42.727921604251215,-0.4028410885243261,-0.44303565899174285,0.04019457046741676,19.14770758358626,18.012849807739258,16.877992031892255,0.26435409870151716,-3530061000,bear,hold
2022-07-15,18.910999298095703,18.922000885009766,17.45599937438965,17.558000564575195,163191000,18.05784978866577,18.432579917907717,41.73812490463257,0.04996944281506921,53.029805125447204,-0.2984967774930851,-0.41412788269201134,0.11563110519892622,19.258323026633825,18.05784978866577,16.857376550697715,0.8553388290746036,-3366870000,bear,hold
2022-07-18,19.091999053955078,19.966999053955078,18.979999542236328,19.25,163228000,18.145699787139893,18.40639991760254,41.53405490875244,0.1013556424733939,54.15160331137266,-0.19890513701551882,-0.37108333355671286,0.17217819654119404,19.37844299584926,18.145699787139893,16.912956578430528,0.8838184871470205,-3203642000,bear,hold
2022-07-19,20.163000106811523,20.19700050354004,18.84000015258789,19.302000045776367,281787000,18.27629976272583,18.433019905090333,41.32969990730285,0.14882339599766525,60.20764197100511,-0.033174791832120576,-0.3035016252117944,0.27032683337967384,19.75771702139133,18.27629976272583,16.794882504060332,1.13678897118604,-2921855000,bear,hold
2022-07-20,21.643999099731445,21.69700050354004,20.010000228881836,20.816999435424805,539203000,18.50394973754883,18.503959884643553,41.131344909667966,0.266397495883649,66.74838111170683,0.2151913503175109,-0.19976303010593335,0.41495438042344424,20.49758749838138,18.50394973754883,16.510311976716277,1.2875175279764255,-2382652000,bear,hold
2022-07-21,22.38800048828125,22.43199920654297,21.149999618530273,21.43000030517578,234301000,18.72889976501465,18.605519905090333,40.941609916687014,0.25149536389213845,69.46385154204984,0.46667842316444563,-0.06647473945185756,0.5331531626163032,21.319984259562677,18.72889976501465,16.13781527046662,1.2060944424942173,-2148351000,bear,hold
2022-07-22,22.04400062561035,22.934999465942383,21.8439998626709,22.238000869750977,178055000,18.92254981994629,18.691079902648926,40.734424924850465,0.21314188539176215,66.74959961247569,0.630952597482004,0.07301072793491475,0.5579418695470892,21.87203209499918,18.92254981994629,15.973067544893402,1.0291523248106462,-2326406000,bear,hold
2022-07-25,21.85099983215332,22.523000717163086,21.635000228881836,22.131000518798828,109352000,19.06084985733032,18.795359916687012,40.52412992477417,0.14493061987784173,65.21005814364324,0.7370710172273185,0.20582278579339552,0.531248231433923,22.275320891820986,19.06084985733032,15.846378822839657,0.9339983071686164,-2435758000,bear,hold
2022-07-26,21.391000747680664,21.93899917602539,21.163999557495117,21.666000366210938,95085000,19.184699916839598,18.874559936523436,40.31515992164612,0.13096125875735143,61.56535888716174,0.7751174759048567,0.3196817238156878,0.45543575208916887,22.55413255674582,19.184699916839598,15.815267276933376,0.8273994566192711,-2530843000,bear,hold
2022-07-27,22.674999237060547,22.777999877929688,21.45800018310547,21.648000717163086,105084000,19.420449924468993,18.95277992248535,40.11220492362976,0.2625278615222342,67.09395677442843,0.8985199372591062,0.43544936650437155,0.4630705707547346,23.062869929584167,19.420449924468993,15.77802991935382,0.9467564569738086,-2425759000,bear,hold
2022-07-28,22.601999282836914,22.809999465942383,21.966999053955078,22.459999084472656,89727000,19.658749866485596,19.031799926757813,39.91169492721558,0.26721230780944616,66.50820961850032,0.9791398757352319,0.5441874683505437,0.4349524073846882,23.474825242571573,19.658749866485596,15.842674490399622,0.8856382705115894,-2515486000,bear,hold
2022-07-29,22.489999771118164,23.075000762939453,22.239999771118164,22.32900047302246,90649000,19.908899879455568,19.100479927062988,39.71167492866516,0.28609826723256315,65.56249418628715,1.022210922031153,0.6397921590866655,0.3824187629444875,23.778270169803154,19.908899879455568,16.039529589107982,0.8335297087101394,-2606135000,bear,hold
2022-08-01,22.621000289916992,22.839000701904297,22.100000381469727,22.309999465942383,55250000,20.140199851989745,19.19851993560791,39.50989992141724,0.2570713662095425,66.16846059248459,1.054757100292182,0.7227851473277689,0.3319719529644132,24.076762255242055,20.140199851989745,16.203637448737435,0.8150973087429858,-2550885000,bear,hold
2022-08-02,22.142000198364258,22.81999969482422,22.08799934387207,22.275999069213867,63613000,20.317899894714355,19.274399948120116,39.30370991706848,0.1911986754864956,61.8808032968187,1.0300253853552555,0.7842331949332663,0.2457921904219892,24.27893384758968,20.317899894714355,16.35686594183903,0.7302555753562505,-2614498000,bear,hold
2022-08-03,22.67300033569336,22.809999465942383,22.242000579833984,22.479000091552734,64007000,20.531249904632567,19.355159950256347,39.10292992591858,0.23182658733715744,64.61793638184318,1.0412694899026569,0.8356404539271445,0.2056290359755124,24.516967474890727,20.531249904632567,16.545532334374407,0.7686781480758643,-2550491000,bear,hold
2022-08-04,22.990999221801758,23.207000732421875,22.5049991607666,22.76799964904785,71427000,20.734449863433838,19.440099945068358,38.89889991760254,0.21471966852624846,66.18393333881909,1.0635800870592398,0.8812283805535636,0.18235170650567623,24.786132658961158,20.734449863433838,16.682767067906518,0.7784706345791605,-2479064000,bear,hold
2022-08-05,22.67799949645996,22.86199951171875,22.28700065612793,22.530000686645508,55397000,20.933449840545656,19.53297992706299,38.69278990745544,0.21285696609156846,63.21806417374606,1.0439706897950032,0.9137768424018515,0.13019384739315165,24.95635686167761,20.933449840545656,16.910542819413703,0.7168269918681129,-2534461000,bear,hold
2022-08-08,23.349000930786133,24.195999145507812,22.641000747680664,22.749000549316406,109821000,21.214199924468993,19.624299926757814,38.49696491241455,0.3166235432051483,66.66666089439323,1.070237279978155,0.9450689299171123,0.12516835006104265,25.085656893465664,21.214199924468993,17.34274295547232,0.775710284708446,-2424640000,bear,hold
2022-08-09,22.993999481201172,23.219999313354492,22.46500015258789,23.16200065612793,61812000,21.491649913787843,19.701379928588867,38.285354900360105,0.3180854046115744,63.28596137650811,1.0503008771065758,0.966115319355005,0.08418555775157077,25.023282439221187,21.491649913787843,17.960017388354498,0.7126990218537793,-2486452000,bear,hold
2022-08-10,24.410999298095703,24.45400047302246,23.65999984741211,23.698999404907227,92548000,21.829399871826173,19.799219932556152,38.075019912719725,0.3825894374844776,69.8566853854272,1.1357489699126617,1.0000420494665365,0.1357069204461252,25.112417764266176,21.829399871826173,18.54638197938617,0.8931747420893333,-2393904000,bear,hold
2022-08-11,24.270000457763672,25.16200065612793,24.150999069213867,24.468000411987305,87801000,22.168999862670898,19.889739952087403,37.86053991317749,0.38860279024207545,68.54215909597518,1.1785047024275492,1.0357345800587392,0.14277012236881004,24.947716303320284,22.168999862670898,19.39028342202151,0.8780523561810016,-2481705000,bear,hold
2022-08-12,24.93000030517578,24.94099998474121,24.375999450683594,24.481000900268555,60985000,22.4699499130249,20.0025199508667,37.65092992782593,0.3182804309916176,71.26765395459552,1.2512220909159382,1.078832082230179,0.17239000868575927,25.070083078701387,22.4699499130249,19.869816747348416,0.9730623847703662,-2420720000,bear,hold
2022-08-15,24.910999298095703,25.198999404907227,24.750999450683594,24.81100082397461,65274000,22.760899925231932,20.09055992126465,37.444024925231936,0.30478737337540185,71.07672958729012,1.2924197127746275,1.1215496083390686,0.17087010443555894,25.06995143172772,22.760899925231932,20.451848418736144,0.9655806435705624,-2485994000,bear,hold
2022-08-16,24.569000244140625,24.929000854492188,24.402999877929688,24.715999603271484,51368000,22.981199932098388,20.1839799118042,37.229844932556155,0.2185190752362618,67.56805352508181,1.2826866462484148,1.1537770159209377,0.12890963032747704,25.088714854201378,22.981199932098388,20.8736850099954,0.8766996606737774,-2537362000,bear,hold
2022-08-17,24.114999771118164,24.423999786376953,23.756000518798828,24.118000030517578,56272000,23.104749965667725,20.271999893188475,37.00526494026184,0.11416562438396038,63.11397897175875,1.2242269507375028,1.1678670028842508,0.056359947853251935,25.173575696724477,23.104749965667725,21.035924234610974,0.7441601992581572,-2593634000,bear,hold
2022-08-18,24.517000198364258,24.648000717163086,23.92799949645996,24.195999145507812,52804000,23.211199951171874,20.36511989593506,36.78726495742798,0.09509557189787499,65.29548749853211,1.1965423008641096,1.1736020624802226,0.022940238383887035,25.339781095763424,23.211199951171874,21.082618806580324,0.8067302015970247,-2540830000,bear,hold
2022-08-19,24.115999221801758,24.32900047302246,23.56800079345703,24.094999313354492,75047000,23.314799880981447,20.441779861450197,36.56898493766785,0.09399376417110927,61.39489175663561,1.1292275565268177,1.1647271612895418,-0.03549960476272407,25.4074506875406,23.314799880981447,21.222149074422294,0.6914316851882435,-2615877000,bear,hold
2022-08-22,22.65399932861328,23.347999572753906,22.458999633789062,23.2549991607666,86301000,23.354949855804442,20.509319839477538,36.33810992240906,0.03674886744900174,49.73060668677003,0.9469926222586125,1.121180253483356,-0.17418763122474346,25.362816552996186,23.354949855804442,21.347083158612698,0.3254489383753591,-2702178000,bear,hold
2022-08-23,22.454999923706055,22.989999771118164,22.43000030517578,22.645999908447266,52769000,23.408149814605714,20.592539825439452,36.11618494033814,0.04974050483078751,48.38316710578811,0.7775494292381175,1.0524540886343083,-0.2749046593961908,25.25497695525061,23.408149814605714,21.56132267396082,0.24194934925885134,-2754947000,bear,hold
2022-08-24,22.961000442504883,23.40999984741211,22.393999099731445,22.56599998474121,54263000,23.42244987487793,20.71237983703613,35.908129949569705,0.012613063509033795,51.948318682263036,0.6762985424255206,0.9772229793925509,-0.3009244369670303,25.250683743629548,23.42244987487793,21.594216006126313,0.37379912377180124,-2700684000,bear,hold
2022-08-25,23.398000717163086,23.416000366210938,22.899999618530273,23.02400016784668,37669000,23.462249946594238,20.845259857177734,35.69939496994019,0.03521818686768241,54.84880816707212,0.6241242394262727,0.9066032313992953,-0.2824789919730226,25.25154998110005,23.462249946594238,21.672949912088423,0.48204626720166116,-2663015000,bear,hold
2022-08-26,22.327999114990234,23.69499969482422,22.315000534057617,23.363000869750977,53498000,23.45414991378784,20.93159984588623,35.48303997039795,-0.007203230670369876,47.3174778445166,0.4907781563968179,0.8234382163987999,-0.332660060001982,25.262348763586413,23.45414991378784,21.64595106398927,0.18859874041976726,-2716513000,bear,hold
2022-08-29,22.457000732421875,22.98699951171875,22.152000427246094,22.19300079345703,71094000,23.445949935913085,21.034039878845213,35.27186996459961,-0.007249880880299431,48.2402449914223,0.39100254337516205,0.7369510817940723,-0.34594853841891027,25.270599973781394,23.445949935913085,21.621299898044775,0.22900304634674692,-2645419000,bear,hold
2022-08-30,22.065000534057617,22.979000091552734,21.874000549316406,22.666000366210938,57404000,23.442099952697752,21.12431987762451,35.05340495109558,-0.003477538777744593,45.625046253945094,0.2771042262564869,0.6449817106865553,-0.3678774844300684,25.278029073795857,23.442099952697752,21.60617083159965,0.12495844670287,-2702823000,bear,hold
2022-08-31,22.356000900268555,23.38800048828125,22.343000411987305,22.700000762939453,86159000,23.426249980926514,21.229619903564455,34.823879947662356,-0.013981362445699919,47.88375504396103,0.20792347452213988,0.5575700634536722,-0.34964658893153233,25.293668048054954,23.426249980926514,21.558831913798073,0.21344148921518719,-2616664000,bear,hold
2022-09-01,23.003999710083008,23.03700065612793,21.94700050354004,22.07200050354004,72929000,23.426900005340578,21.331919898986815,34.599234952926636,0.0005654599069762067,52.60502660623393,0.20304474531920746,0.4866649998267793,-0.28362025450757183,25.29372055399878,23.426900005340578,21.560079456682374,0.3867324726092356,-2543735000,bear,hold
2022-09-02,22.611000061035156,23.38800048828125,22.503999710083008,23.10300064086914,81649000,23.423550033569335,21.42071990966797,34.36858996391297,-0.002954380320683181,49.666356699672406,0.16555807954877366,0.4224436157711782,-0.25688553622240456,25.295966178829847,23.423550033569335,21.551133888308822,0.2830209981389776,-2625384000,bear,hold
2022-09-06,21.839000701904297,22.684999465942383,21.4689998626709,22.55900001525879,74690000,23.348050022125243,21.4757999420166,34.13193997383118,-0.06467087107315461,44.41725770244346,0.07271748849256454,0.35249839031545555,-0.279780901822891,25.344093362654423,23.348050022125243,21.352006681596063,0.121989841207337,-2700074000,bear,hold
2022-09-07,22.895999908447266,22.933000564575195,21.82699966430664,22.020999908447266,81493000,23.343150043487547,21.555439949035645,33.90540995597839,-0.0042619629018443295,51.91117701383901,0.08346946937226818,0.2986926061268181,-0.2152231367545499,25.343123163821375,23.343150043487547,21.34317692315372,0.3882109638139423,-2618581000,bear,hold
2022-09-08,22.743999481201172,22.874000549316406,22.1299991607666,22.416000366210938,67374000,23.259800052642824,21.651119956970216,33.67972996711731,-0.06828888062049032,50.84945654711521,0.07881677678405552,0.2547174402582656,-0.17590066347421007,25.213217435412506,23.259800052642824,21.30638266987314,0.3679748178778065,-2685955000,bear,hold
2022-09-09,23.35700035095215,23.47800064086914,22.961999893188477,22.961999893188477,66996000,23.214150047302248,21.76153995513916,33.46691497802735,-0.037618462694320454,54.859224957796286,0.12317366220893788,0.22840868464840006,-0.10523502243946217,25.112910797700625,23.214150047302248,21.31538929690387,0.5376167201739159,-2618959000,bear,hold
2022-09-12,23.652999877929688,23.948999404907227,23.336999893188477,23.361000061035156,60474000,23.15030002593994,21.88485996246338,33.25814998626709,-0.05122344210244445,56.69631494920516,0.18013501719007152,0.21875395115673435,-0.03861893396666283,24.893479448610186,23.15030002593994,21.407120603269696,0.6441905077159809,-2558485000,bear,hold
2022-09-13,21.812999725341797,22.768999099731445,21.77199935913086,22.649999618530273,80001000,22.995400047302248,21.961219940185547,33.03806997299194,-0.12436271767671436,44.55711624358722,0.07592939975015867,0.1901890408754192,-0.11425964112526055,24.6325807091399,22.995400047302248,21.358219385464594,0.13889131189918127,-2638486000,bear,hold
2022-09-14,22.41200065612793,22.799999237060547,21.579999923706055,21.98200035095215,82303000,22.88755006790161,22.037699966430665,32.81730996131897,-0.08779354335051182,48.42827654031868,0.0412050797132224,0.16039224864297985,-0.11918716892975745,24.37303365963021,22.88755006790161,21.40206647617301,0.3399344784346279,-2556183000,bear,hold
2022-09-15,23.538000106811523,24.229000091552734,22.90999984741211,23.047000885009766,194541000,22.85870008468628,22.140339965820313,32.60307994842529,-0.023927002686423227,54.81508868874562,0.10335316031188313,0.1489844309767605,-0.04563127066487738,24.268176125989253,22.85870008468628,21.449224043383307,0.7409760798407303,-2361642000,bear,hold
2022-09-16,24.01300048828125,24.13599967956543,22.783000946044922,23.121999740600586,189142000,22.833500099182128,22.24205997467041,32.40219493865967,-0.020557152425060288,57.22186016801513,0.18875863098007528,0.15693927097742347,0.031819360002651814,24.13756013801182,22.833500099182128,21.529440060352435,0.9522415970040937,-2172500000,bear,hold
2022-09-19,24.363000869750977,24.524999618530273,23.575000762939453,24.5049991607666,179124000,22.84585018157959,22.355359992980958,32.215124940872194,0.010242231544190794,58.95663696174283,0.2814409118660741,0.18183959915515363,0.09960131271092049,24.201901879805625,22.84585018157959,21.489798483353553,1.0594000177707452,-1993376000,bear,hold
2022-09-20,24.28499984741211,25.048999786376953,23.965999603271484,24.03700065612793,160374000,22.927400207519533,22.48638000488281,32.028314943313596,0.07199614051099501,58.38835430330234,0.3446256268823049,0.21439680470058392,0.130228822181721,24.417079227817148,22.927400207519533,21.437721187221918,0.9556685102611397,-2153750000,bear,hold
2022-09-21,23.687000274658203,24.829999923706055,23.667999267578125,24.267000198364258,91668000,22.989000225067137,22.611220016479493,31.845684938430786,0.05486530194335515,54.084204212758756,0.3424982937906371,0.2400171025185946,0.10248119127204253,24.497221489218187,22.989000225067137,21.480778960916087,0.7313984248140001,-2245418000,bear,hold
2022-09-22,23.704999923706055,24.049999237060547,23.166000366210938,23.53499984741211,100180000,23.026200199127196,22.73220001220703,31.657864933013915,0.032402746694952134,54.19365896489414,0.33836433481049255,0.2596865489769742,0.07867778583351837,24.566190571007034,23.026200199127196,21.486209827247357,0.7203908988568092,-2145238000,bear,hold
2022-09-23,22.641000747680664,23.645000457763672,22.14299964904785,23.513999938964844,112072000,22.988350200653077,22.835460014343262,31.458279943466188,-0.03235319028463579,47.05323596797639,0.24639204709683682,0.25702764860094673,-0.010635601504109915,24.52713818292394,22.988350200653077,21.449562218382212,0.38713537635645806,-2257310000,bear,hold
2022-09-26,22.406999588012695,23.270000457763672,22.301000595092773,22.559999465942383,82343000,22.9923002243042,22.905380020141603,31.25627494812012,0.003538179691588317,45.62933111596292,0.1528593411699255,0.23619398711474252,-0.08333464594481702,24.524679759318325,22.9923002243042,21.459920689290072,0.30902230063842906,-2339653000,bear,hold
2022-09-27,22.43600082397461,23.06399917602539,22.07200050354004,22.863000869750977,77622000,22.991250228881835,22.97226005554199,31.062954959869383,-0.0009351163451202238,45.848051240385395,0.08015023322791492,0.20498523633737703,-0.1248350031094621,24.525123536794872,22.991250228881835,21.457376920968798,0.31900415045924196,-2262031000,bear,hold
2022-09-28,24.520000457763672,24.665000915527344,22.738000869750977,22.9689998626709,175797000,23.114000225067137,23.059400062561036,30.87972496032715,0.11126217377229297,58.7038586329308,0.18851599997756807,0.20169138906541526,-0.013175389087847184,24.722827385300004,23.114000225067137,21.50517306483427,0.9369643512523202,-2086234000,bear,hold
2022-09-29,23.97100067138672,24.697999954223633,23.56800079345703,24.160999298095703,189949000,23.194750213623045,23.10594009399414,30.69729995727539,0.07224010136351189,54.9995782895406,0.227474768745914,0.206848065001515,0.020626703744398983,24.805408447580575,23.194750213623045,21.584091979665516,0.7409730510787373,-2276183000,bear,hold
2022-09-30,23.54400062561035,24.243999481201172,23.326000213623047,23.700000762939453,118486000,23.221750259399414,23.129060096740723,30.516024961471558,0.023474218498214183,52.238562770244805,0.2213430338586555,0.20974705877294314,0.011595975085712362,24.836811235295364,23.221750259399414,21.606689283503464,0.5997641485431131,-2394669000,bear,hold
2022-10-03,23.90399932861328,24.15399932861328,23.28499984741211,23.78499984741211,86574000,23.28640022277832,23.16626007080078,30.333024950027465,0.05718452364282256,54.32059580863438,0.24273438558131488,0.21634452413461752,0.02638986144669736,24.902009421294665,23.28640022277832,21.670791024261973,0.6911350549384465,-2308095000,bear,hold
2022-10-04,24.073999404907227,24.579999923706055,23.325000762939453,24.483999252319336,139259000,23.398150157928466,23.21072006225586,30.1578649520874,0.10233978804753852,55.311292889967795,0.27028904745492,0.22713342879867804,0.043155618656241956,24.90324494233213,23.398150157928466,21.893055373524803,0.7245204933211365,-2168836000,bear,hold
2022-10-05,23.67300033569336,24.159000396728516,22.738000869750977,23.875999450683594,108256000,23.43700017929077,23.256360054016113,29.982864952087404,0.033936077496201644,52.42312591153678,0.2568087109518835,0.23306848522931914,0.023740225722564373,24.928291754681837,23.43700017929077,21.945708603899703,0.5791260945535424,-2277092000,bear,hold
2022-10-06,24.00200080871582,24.42799949645996,23.391000747680664,23.667999267578125,91889000,23.499900245666502,23.282900085449217,29.8060049533844,0.055311350519262836,54.52135935277976,0.269565650731046,0.24036791832966453,0.02919773240138146,24.975000255215576,23.499900245666502,22.02480023611743,0.6701920411494018,-2185203000,bear,hold
2022-10-07,22.475000381469727,23.732999801635742,22.42799949645996,23.57699966430664,98061000,23.455800247192382,23.280360107421874,29.615919952392577,-0.03776169697434917,44.67362334468327,0.15467643099729855,0.22322962086319134,-0.06855318986589279,24.99662491893614,23.455800247192382,21.914975575448626,0.18172891967887525,-2283264000,bear,hold
2022-10-10,22.99799919128418,23.382999420166016,22.42300033569336,22.56399917602539,99911000,23.423050212860108,23.290520095825194,29.423789949417113,-0.027692076693268897,48.12933698333458,0.10462151796036068,0.19950800028262522,-0.09488648232226454,24.973530536032495,23.423050212860108,21.87256988968772,0.36292924353072553,-2183353000,bear,hold
2022-10-11,21.429000854492188,23.04400062561035,21.3700008392334,22.604999542236328,152824000,23.403850269317626,23.2666801071167,29.22388995170593,-0.017604129449627637,40.04785136447529,-0.06094982274384364,0.14741643567733145,-0.2083662584211751,25.040709681566135,23.403850269317626,21.766990857069118,-0.10324344291506463,-2336177000,bear,hold
2022-10-12,22.086999893188477,22.367000579833984,21.263999938964844,21.43000030517578,129526000,23.387600231170655,23.265580101013185,29.027764949798584,-0.014501193709834714,44.27383617821989,-0.13748642194379812,0.09043586415310553,-0.22792228609690365,25.06936071711769,23.387600231170655,21.70583974522362,0.11332176940470112,-2206651000,bear,hold
2022-10-13,23.250999450683594,23.44700050354004,21.17300033569336,21.268999099731445,175050000,23.373250198364257,23.27714008331299,28.838664951324464,-0.012193077356851378,50.87121527867046,-0.10302953158011974,0.051742785006460484,-0.15477231658658022,25.054530237041337,23.373250198364257,21.691970159687177,0.46364354989402695,-2031601000,bear,hold
2022-10-14,23.0,23.8799991607666,22.951000213623047,23.780000686645508,152934000,23.322600173950196,23.277320098876952,28.648394947052,-0.04218550233968521,49.51005172415622,-0.09488201489296344,0.022417825026575702,-0.11729983991953914,24.98466152179132,23.322600173950196,21.66053882610907,0.40295178503211504,-2184535000,bear,hold
2022-10-17,24.510000228881836,24.992000579833984,23.440000534057617,23.44099998474121,210578000,23.32995014190674,23.31396011352539,28.464899950027466,0.006033713166811561,56.96945331156772,0.03303850236410355,0.024541960494081274,0.008496541870022276,25.011535373882026,23.32995014190674,21.648364909931452,0.8508743013843378,-1973957000,bear,hold
2022-10-18,24.086000442504883,25.03700065612793,23.773000717163086,24.979999542236328,257767000,23.320000171661377,23.328700103759765,28.284109954833983,-0.00819433420455351,54.533141408521324,0.09906127791305508,0.039445823977876035,0.059615453935179044,24.981093579081797,23.320000171661377,21.658906764240957,0.7305711007646039,-2231724000,bear,hold
2022-10-19,27.238000869750977,27.93000030517578,26.266000747680664,26.5,466853000,23.497550201416015,23.41358013153076,28.121614961624147,0.14991347802245136,66.12942281614464,0.40110124978542316,0.11177690913938547,0.2893243406460377,25.88005798416054,23.497550201416015,21.11504241867149,1.2849818362452852,-1764871000,bear,hold
2022-10-20,26.81599998474121,27.83799934387207,26.63800048828125,27.277999877929688,172071000,23.653100204467773,23.46168014526367,27.960119953155516,0.13123813841163612,63.783863625205335,0.5995074107127358,0.20932300945405555,0.39018440125868026,26.441177469622946,23.653100204467773,20.8650229393126,1.0672188177499098,-1936942000,bear,hold
2022-10-21,28.957000732421875,29.075000762939453,26.56800079345703,26.895000457763672,248891000,23.968900203704834,23.555420150756834,27.82114496231079,0.27896293344666834,69.66298755577205,0.9189139222432701,0.3512411920118985,0.5676727302313715,27.546030251439078,23.968900203704834,20.39177015597059,1.1972210210635907,-1688051000,bear,hold
2022-10-24,28.2450008392334,29.048999786376953,28.035999298095703,29.023000717163086,133264000,24.260800266265868,23.621720161437988,27.68572497367859,0.26054364076232317,65.83546133680161,1.1018915233049391,0.5013712582705067,0.6005202650344325,28.213538230599482,24.260800266265868,20.308062301932253,1.0039798500327886,-1821315000,bear,hold
2022-10-25,29.101999282836914,29.759000778198242,28.55500030517578,28.69499969482422,151007000,24.594100189208984,23.705540161132813,27.560704975128175,0.29711170502985396,68.10688333908854,1.3010574225061866,0.6613084911176427,0.6397489313885439,28.976022717374107,24.594100189208984,20.21217766104386,1.0143745769868229,-1670308000,bear,hold
2022-10-26,29.86199951171875,30.562999725341797,28.804000854492188,29.003999710083008,157141000,24.86120014190674,23.811400146484374,27.44008996963501,0.21786292635503046,70.01103740078476,1.5028990150959558,0.8296265959133053,0.6732724191826505,29.80740373701846,24.86120014190674,19.914996546795017,1.0055189574843062,-1513167000,bear,hold
2022-10-27,29.694000244140625,30.520999908447266,29.47800064086914,29.83300018310547,146126000,25.147350120544434,23.922980155944824,27.31813997268677,0.23874679456269998,69.02992030643719,1.630508309710244,0.9898029386726931,0.6407053710375509,30.49992922872828,25.147350120544434,19.794771012360588,0.9247158268660217,-1659293000,bear,hold
2022-10-28,29.57200050354004,30.118999481201172,29.229000091552734,29.770000457763672,99605000,25.44875011444092,24.02408016204834,27.197389974594117,0.2560312486303895,68.28158859632985,1.702173637468853,1.1322770784319252,0.5698965590369278,31.077968138807222,25.44875011444092,19.819532090074617,0.8662365155561093,-1758898000,bear,hold
2022-10-31,29.187999725341797,29.761999130249023,28.950000762939453,29.51300048828125,75051000,25.712950134277342,24.125520172119142,27.0837299823761,0.22105089295260827,65.86141932323412,1.7082911554010245,1.2474798938257452,0.4608112615752793,31.520534442437285,25.712950134277342,19.9053658261174,0.7991820184325037,-1833949000,bear,hold
2022-11-01,28.674999237060547,29.969999313354492,28.642000198364258,29.617000579833984,69164000,25.94300012588501,24.245940170288087,26.9642599773407,0.1911190473492932,62.66588378007386,1.6526932612069132,1.328522567301979,0.32417069390493425,31.83654393081511,25.94300012588501,20.04945632095491,0.7317789772674761,-1903113000,bear,hold
2022-11-02,27.299999237060547,28.732999801635742,27.284000396728516,28.639999389648438,103676000,26.12435007095337,24.342840156555177,26.84535996437073,0.15321247201177624,54.967677294410734,1.4806129365681464,1.3589406411552125,0.1216722954129339,31.950156184992608,26.12435007095337,20.29854395691413,0.6009001280761864,-2006789000,bear,hold
2022-11-03,26.9060001373291,27.628999710083008,26.8799991607666,27.125,70574000,26.269550037384032,24.42174015045166,26.72195997238159,0.12098988545816369,52.96004600669432,1.2974889598889057,1.3466503049019514,-0.0491613450130457,32.02081136377497,26.269550037384032,20.518288710993094,0.5553313494054407,-2077363000,bear,hold
2022-11-04,26.07900047302246,27.496999740600586,25.531999588012695,27.20199966430664,111247000,26.44975004196167,24.475360145568846,26.598229970932007,0.16035595240853362,48.92110410006767,1.0732580766212898,1.2919718592458191,-0.21871378262452934,31.933786793014374,26.44975004196167,20.96571329090897,0.4661973847213877,-2188610000,bear,hold
2022-11-07,25.860000610351562,26.114999771118164,25.208999633789062,26.106000900268555,79270000,26.592850112915038,24.546000175476074,26.528779973983763,0.12444567004559381,47.879759649054925,0.8678776738866283,1.2071530221739812,-0.33927534828735295,31.853970968498526,26.592850112915038,21.33172925733155,0.4303523410048905,-2267880000,bear,hold
2022-11-08,26.34600067138672,26.607999801635742,25.687999725341797,25.992000579833984,76838000,26.838700103759766,24.623780174255373,26.466934976577758,0.2294553931973815,50.4028458005967,0.7358459937196962,1.1128916164831242,-0.377045622763428,31.541544230634035,26.838700103759766,22.135855976885498,0.44761686555189756,-2191042000,bear,hold
2022-11-09,25.465999603271484,26.09000015258789,25.422000885009766,25.965999603271484,72660000,27.007650089263915,24.691800155639648,26.41105498313904,0.15298590693275083,46.05536696882255,0.5538171449219433,1.001076722170888,-0.4472595772489447,31.234196770166406,27.007650089263915,22.781103408361425,0.317622919799002,-2263702000,bear,hold
2022-11-10,27.496999740600586,27.535999298095703,26.009000778198242,26.599000930786133,96673000,27.219950103759764,24.79462013244629,26.368689975738526,0.1826158182543054,55.57863043139241,0.5669077484722145,0.9142429274311534,-0.34733517895893895,31.08114415138435,27.219950103759764,23.358756056135178,0.535876160770949,-2167029000,bear,hold
2022-11-11,29.01300048828125,29.06599998474121,27.1560001373291,27.44700050354004,95738000,27.52060012817383,24.914800148010254,26.320404987335206,0.2614348038383152,61.099048029914904,0.6916379647613695,0.8697219348971967,-0.17808397013582722,30.93068339480133,27.52060012817383,24.110516861546326,0.7188216890057603,-2071291000,bear,hold
2022-11-14,29.927000045776367,31.100000381469727,28.819000244140625,29.0,179782000,27.791450119018556,25.06112014770508,26.277859983444213,0.22101182237082573,64.00354528294812,0.8543908001754339,0.8666557079528443,-0.012264907777410405,31.059574776545347,27.791450119018556,24.523325461491766,0.8267240620457124,-1891509000,bear,hold
2022-11-15,31.020000457763672,31.270999908447266,30.2549991607666,30.920000076293945,146269000,28.138150119781493,25.244740142822266,26.21938998222351,0.2878850738133454,67.16114961554237,1.0593579741748904,0.9051961611972535,0.15416181297763687,31.226591670458085,28.138150119781493,25.0497085691049,0.9665541326742683,-1745240000,bear,hold
2022-11-16,30.601999282836914,31.048999786376953,30.361000061035156,30.993999481201172,80386000,28.30635004043579,25.39886013031006,26.14383497238159,0.12350386613071196,64.81937715778217,1.174527512793702,0.9590624315165434,0.2154650812771587,31.543225565367948,28.30635004043579,25.069474515503636,0.8546088233419539,-1825626000,bear,hold
2022-11-17,29.527999877929688,29.98200035095215,29.100000381469727,29.472000122070312,98382000,28.441950035095214,25.53454013824463,26.07673496246338,0.10113364762573296,59.11587133580318,1.165699962171466,1.000389937647528,0.16531002452393806,31.64477234316762,28.441950035095214,25.239127727022808,0.6695457534589397,-1924008000,bear,hold
2022-11-18,28.79800033569336,29.799999237060547,28.700000762939453,29.732999801635742,84001000,28.43400001525879,25.643360137939453,26.01792495727539,-0.005490913862169822,55.53872914314362,1.0872658782614444,1.0177651257703113,0.06950075249113308,31.632455399498582,28.43400001525879,25.235544631018996,0.5569025164815744,-2008009000,bear,hold
2022-11-21,28.5049991607666,29.187000274658203,28.266000747680664,29.100000381469727,72565000,28.446999931335448,25.740400123596192,25.955364961624145,0.009205109357690588,54.1231103714005,0.9900508654801037,1.0122222737122697,-0.022171408232166012,31.644390256542152,28.446999931335448,25.249609606128743,0.5090697762131066,-2080574000,bear,hold
2022-11-22,28.66900062561035,28.697999954223633,27.733999252319336,28.499000549316406,62451000,28.425349998474122,25.87752014160156,25.897659969329833,-0.014878656721084016,54.81731177938854,0.9156853641662472,0.9929148918030652,-0.07722952763681801,31.610547330651844,28.425349998474122,25.2401526662964,0.5382473363070485,-2018123000,bear,hold
2022-11-23,29.149999618530273,29.246999740600586,28.375999450683594,28.590999603271484,59190000,28.389750003814697,26.01228012084961,25.84164496421814,-0.023843007997808918,56.87826835012265,0.8853569239491037,0.971403298232273,-0.0860463742831693,31.52545465445088,28.389750003814697,25.254045353178515,0.6212246846273188,-1958933000,bull,golden_cross
2022-11-25,28.554000854492188,28.92099952697754,28.41699981689453,28.899999618530273,32360000,28.332750034332275,26.112600135803223,25.77796996116638,-0.03839157339110577,53.61488546325156,0.8039617269446069,0.9379149839747398,-0.13395325703013294,31.41249508878873,28.332750034332275,25.25300497987582,0.5359203142220746,-1991293000,bull,hold
2022-11-28,28.117000579833984,28.954999923706055,28.05299949645996,28.399999618530273,47034000,28.260000038146973,26.19468013763428,25.715419969558717,-0.04920194437071912,51.29115793081278,0.6961681834276732,0.8895656238653266,-0.1933974404376534,31.28751066125073,28.260000038146973,25.232489415043215,0.4763833267467798,-2038327000,bull,hold
2022-11-29,28.09600067138672,28.29599952697754,27.5939998626709,28.25,57869000,28.20540008544922,26.269340133666994,25.660244970321656,-0.03741260326952023,51.176371728311636,0.602105805543367,0.8320736602009347,-0.22996785465756764,31.20323904514011,28.20540008544922,25.207561125758332,0.48175362060245863,-2096196000,bull,hold
2022-11-30,30.55299949645996,30.826000213623047,28.041000366210938,28.136999130249023,160701000,28.299300098419188,26.394700126647948,25.61472496032715,0.06549260015226865,61.91547384260358,0.7175485119869336,0.8091686305581345,-0.09162011857120089,31.46314420089552,28.299300098419188,25.135455995942856,0.8561647358472575,-1935495000,bull,hold
2022-12-01,31.69499969482422,31.979999542236328,30.30299949645996,30.39900016784668,146649000,28.519050121307373,26.55486011505127,25.569469966888427,0.16098903225599104,65.69267952929195,0.890917616768224,0.8255184278001525,0.06539918896807151,31.9720464899761,28.519050121307373,25.066053752638645,0.959883132564849,-1788846000,bull,hold
2022-12-02,32.04100036621094,32.19900131225586,31.0,31.048999786376953,126906000,28.775800132751463,26.72158012390137,25.53063497543335,0.1908496321516624,66.76808656093566,1.0441963978126978,0.8692540218026616,0.17494237601003615,32.46632073341013,28.775800132751463,25.085279532092798,0.9423766436741632,-1661940000,bull,hold
2022-12-05,31.259000778198242,32.277000427246094,31.091999053955078,31.645999908447266,84230000,29.034800148010255,26.89394012451172,25.49359498023987,0.19862725607656073,62.035074140171226,1.0900052033159007,0.9134042581053096,0.1766009452105911,32.65837982568208,29.034800148010255,25.411220470338424,0.8069065438098839,-1746170000,bull,hold
2022-12-06,30.555999755859375,31.32200050354004,30.312999725341797,31.100000381469727,71954000,29.269600105285644,27.05692012786865,25.450729970932006,0.18159315679319965,58.05112770805824,1.0573937277450405,0.9422021520332559,0.11519157571178462,32.63957708283469,29.269600105285644,25.899623127736596,0.6908617861700227,-1818124000,bull,hold
2022-12-07,30.841999053955078,30.961000442504883,30.209999084472656,30.649999618530273,78216000,29.494400024414062,27.225040092468262,25.41624997138977,0.1706520256583488,59.199121123067705,1.0426081142228583,0.9622833444711764,0.0803247697516819,32.647114057660104,29.494400024414062,26.34168599116802,0.7137204667677272,-1739908000,bull,hold
2022-12-08,31.025999069213867,31.238000869750977,30.481000900268555,30.910999298095703,72053000,29.772399997711183,27.355160064697266,25.387649974823,0.21833030521323482,59.95834301571631,1.0338204340284243,0.976590762382626,0.057229671645798286,32.390419663605165,29.772399997711183,27.154380331817197,0.7394174283397935,-1667855000,bull,hold
2022-12-09,32.000999450683594,32.900001525878906,31.95199966430664,32.14500045776367,143640000,29.99759998321533,27.515760040283205,25.352639980316162,0.16379967824026442,63.80208614410717,1.0929318781639523,0.9998589855388913,0.09307289262506102,32.56839921214576,29.99759998321533,27.426800754284898,0.88964525991043,-1524215000,bull,hold
2022-12-12,31.51799964904785,32.31800079345703,30.885000228881836,32.0,101486000,30.122849941253662,27.675240020751954,25.314829969406127,0.08634057555606511,60.693851044346516,1.088259300325813,1.0175390484962756,0.07072025182953734,32.733346879233615,30.122849941253662,27.51235300327371,0.7672191810486819,-1625701000,bull,hold
2022-12-13,32.034000396728516,33.27199935913086,31.719999313354492,32.79999923706055,107564000,30.22819995880127,27.83784004211426,25.277739973068236,0.07040466293745706,62.77999134489377,1.113359086161335,1.0367030560292876,0.07665603013204736,32.96555772401834,30.22819995880127,27.490842193584196,0.8298437019948777,-1518137000,bull,hold
2022-12-14,31.783000946044922,32.47100067138672,31.441999435424805,31.89699935913086,75433000,30.26634998321533,27.992020072937013,25.24353497505188,0.024597049549375027,61.08174162202342,1.1003135594974651,1.0494251567229231,0.050888402774541985,33.06731364833103,30.26634998321533,27.465386318099632,0.7707373504552303,-1593570000,bull,hold
2022-12-15,29.041000366210938,30.339000701904297,28.655000686645508,30.211999893188477,177246000,30.188300037384032,28.099380073547362,25.19872498512268,-0.05100970371898084,46.33569926607929,0.8588184304208113,1.0113038114625008,-0.15248538104168952,33.03413814300996,30.188300037384032,27.342461931758102,0.2984249931672149,-1770816000,bull,hold
2022-12-16,29.070999145507812,29.472000122070312,28.8700008392334,28.875999450683594,140800000,30.165450000762938,28.200760040283203,25.160044984817503,-0.015476860414221805,46.487907002411944,0.6622188053568472,0.9414868102413702,-0.27926800488452297,33.03932874267615,30.165450000762938,27.29157125884973,0.3095864590086143,-1630016000,bull,hold
2022-12-19,28.829999923706055,29.225000381469727,28.613000869750977,28.972999572753906,61637000,30.167049980163576,28.32786003112793,25.123329982757568,0.0011111739579026114,45.37448524337752,0.4814160978797375,0.8494726677690437,-0.36805656988930624,33.03791578124986,30.167049980163576,27.296184179077294,0.267134699234007,-1691653000,bull,hold
2022-12-20,28.819000244140625,28.92799949645996,28.08099937438965,28.124000549316406,69181000,30.182750034332276,28.444280052185057,25.09229497909546,0.01101564962703816,45.321130931123335,0.3333978643311397,0.746257707081463,-0.4128598427503233,33.020328141442256,30.182750034332276,27.345171927222296,0.2596982816482531,-1760834000,bull,hold
2022-12-21,29.79599952697754,30.06599998474121,28.649999618530273,28.999000549316406,63762000,30.239099979400635,28.611620025634764,25.070394983291624,0.03931071459674196,50.84935835769453,0.29156702169935755,0.6553195700050419,-0.3637525483056844,32.99786346785332,30.239099979400635,27.48033649094795,0.41969220009656966,-1697072000,bull,hold
2022-12-22,29.774999618530273,29.88800048828125,29.08099937438965,29.80900001525879,78562000,30.270349979400635,28.765380020141603,25.03987497329712,0.021440823608199766,50.73063272391679,0.2537956620211226,0.575014788408258,-0.32121912638713546,32.99298099461405,30.270349979400635,27.54771896418722,0.4090309413757389,-1775634000,bull,hold
2022-12-23,29.496000289916992,29.84600067138672,29.19099998474121,29.618000030517578,42511000,30.317449951171874,28.89028003692627,25.008969984054566,0.03299010321618745,49.09069030775683,0.1990541014491285,0.49982265101643214,-0.30076854956730364,32.95081256202601,30.317449951171874,27.68408734031774,0.34403027940986014,-1818145000,bull,hold
2022-12-27,28.41699981689453,29.35700035095215,28.21299934387207,29.319000244140625,57781000,30.332449913024902,28.99862003326416,24.98089497566223,0.010669674249525363,43.26558169868293,0.06782287977469892,0.4134226967680855,-0.3455998169933866,32.91849811447685,30.332449913024902,27.74640171157296,0.12965692305059534,-1875926000,bull,hold
2022-12-28,27.687999725341797,28.518999099731445,27.340999603271484,28.191999435424805,59644000,30.312049865722656,29.06218002319336,24.95382996559143,-0.0145216734159761,39.82704543619227,-0.09392036821117955,0.31195408377223255,-0.4058744519834121,32.973677745321105,30.312049865722656,27.650421986124208,0.007059164713749983,-1935570000,bull,hold
2022-12-29,29.11199951171875,29.549999237060547,28.10099983215332,28.31800079345703,95885000,30.239999866485597,29.162700004577637,24.927514963150024,-0.047163944898705346,48.44609967721237,-0.10597654400809375,0.2283679582161673,-0.33434450222426104,32.94922687532299,30.239999866485597,27.530772857648206,0.29182247351599633,-1839685000,bull,hold
2022-12-30,29.488000869750977,29.500999450683594,28.32200050354004,28.55299949645996,75669000,30.129649925231934,29.207700004577635,24.896189975738526,-0.06963239773855068,50.46374855091622,-0.08422014555571877,0.1658503374617901,-0.2500704830175089,32.7717888590127,30.129649925231934,27.487510991451167,0.37857393733591627,-1764016000,bull,hold
2023-01-03,29.4950008392334,29.839000701904297,28.8700008392334,29.805999755859375,67640000,30.002349948883058,29.26128002166748,24.85796498298645,-0.07946067531844103,50.5025866515161,-0.06565635837015193,0.11954899829540169,-0.18520535666555363,32.505544068465504,30.002349948883058,27.499155829300612,0.3986596553418139,-1696376000,bull,hold
2023-01-04,30.94099998474121,31.11400032043457,29.551000595092773,29.823999404907227,93451000,29.986449909210204,29.30096000671387,24.822369976043703,-0.010173095285848754,57.8536675870663,0.06498649913335086,0.10863649846299153,-0.04364999932964067,32.461393963500186,29.986449909210204,27.51150585492022,0.6928427581779928,-1602925000,bull,hold
2023-01-05,30.969999313354492,31.417999267578125,30.454999923706055,30.700000762939453,83284000,30.00714988708496,29.35545997619629,24.78992497444153,0.013548879460759,57.988421780020964,0.16891476414219042,0.12069215159883132,0.048222612543359106,32.507595966496424,30.00714988708496,27.506703807673492,0.6925355307994007,-1519641000,bull,hold
2023-01-06,31.55500030517578,31.677000045776367,30.368999481201172,31.156999588012695,89598000,30.042799949645996,29.404519996643067,24.756239976882934,0.023117867618547505,60.71702397173884,0.295081834204467,0.15557008811995846,0.13951174608450853,32.6092995980531,30.042799949645996,27.476300301238894,0.7946036553070116,-1430043000,bull,hold
2023-01-09,31.517000198364258,32.16999816894531,31.32200050354004,31.683000564575195,67666000,30.067350006103517,29.437620010375976,24.726579971313477,0.015825473598933826,60.44240794267188,0.38753657477308323,0.20196338545058343,0.1855731893224998,32.679978337325906,30.067350006103517,27.454721674881124,0.7774313848886579,-1497709000,bull,hold
2023-01-10,32.75400161743164,32.935001373291016,31.10700035095215,31.10700035095215,130723000,30.10500011444092,29.498820037841796,24.702494983673095,0.0235305827840937,65.85615430938034,0.5542344297336612,0.27241759430719903,0.2818168354264622,32.8465281583792,30.10500011444092,27.363472070502638,0.9831250055690397,-1366986000,bull,hold
2023-01-11,32.72600173950195,32.88800048828125,32.1349983215332,32.650001525878906,95797000,30.165400218963622,29.561900062561037,24.67920000076294,0.038327371784541375,65.63718229654283,0.676288491879518,0.35319177382166284,0.32309671805785517,33.076757237941074,30.165400218963622,27.254043199986175,0.9397608235347384,-1462783000,bull,hold
2023-01-12,33.01300048828125,33.29499816894531,32.31399917602539,33.25,108562000,30.21435022354126,29.638400077819824,24.655009994506838,0.030561281120940365,66.85374705906636,0.7871023895672984,0.43997389697079,0.3471284925965084,33.278636015377856,30.21435022354126,27.150064431704667,0.9566562087967982,-1354221000,bull,hold
2023-01-13,33.28200149536133,33.665000915527344,32.888999938964844,32.99700164794922,82868000,30.28930025100708,29.73054012298584,24.62551000595093,0.047163593892883826,67.9973899903301,0.8864113368724631,0.5292613849511246,0.35714995192133847,33.56913884990805,30.28930025100708,27.009461652106108,0.9562269078358097,-1271353000,bull,hold
2023-01-17,32.62200164794922,33.25,32.36000061035156,33.108001708984375,92470000,30.468350315093993,29.836980171203614,24.59788501739502,0.12330846859892475,62.31629264951369,0.9014663779946623,0.6037023835598322,0.29776399443483015,33.84559093045223,30.468350315093993,27.091109699735753,0.8188477781330333,-1363823000,bull,hold
2023-01-18,32.632999420166016,33.007999420166016,32.125,32.67499923706055,78141000,30.646450328826905,29.95152015686035,24.573755016326903,0.12252761787888611,62.37270686239375,0.9038658321789796,0.6637350732836618,0.24013075889531788,34.085272628081064,30.646450328826905,27.207628029572746,0.7888414867744068,-1285682000,bull,hold
2023-01-19,31.577999114990234,32.48899841308594,31.339000701904297,32.25699996948242,180082000,30.783850288391115,30.061500129699706,24.544910011291503,0.09531734993258123,54.01842079294966,0.8112857125979218,0.6932452011465138,0.11804051145140804,34.13998527132049,30.783850288391115,27.42771530546174,0.618313004488567,-1465764000,bull,hold
2023-01-20,34.25,34.400001525878906,33.26300048828125,33.67900085449219,284303000,31.05540027618408,30.229300117492677,24.52041000366211,0.1884520528071958,66.32196408747484,0.9426570773987493,0.7431275763969609,0.19952950100178835,34.60496307539469,31.05540027618408,27.505837476973465,0.9499990427731504,-1181461000,bull,hold
2023-01-23,35.742000579833984,36.224998474121094,34.0629997253418,34.172000885009766,156469000,31.352700328826906,30.41722011566162,24.509045009613036,0.19955702601864012,70.98978647005386,1.1538608188403074,0.8252742248856303,0.32858659395467715,35.39268463723059,31.352700328826906,27.31271602042322,1.0432323390312155,-1024992000,bull,hold
2023-01-24,36.382999420166016,36.564998626708984,35.513999938964844,35.75299835205078,117965000,31.683100318908693,30.63556011199951,24.506785011291505,0.22193114647508838,72.73801414073247,1.357318235223108,0.931683026953126,0.4256352082699819,36.205021424122165,31.683100318908693,27.161179213695217,1.0196794671891394,-907027000,bull,hold
2023-01-25,36.79600143432617,36.88999938964844,35.849998474121094,36.05699920654297,77669000,32.04810037612915,30.821540145874025,24.509690017700194,0.24749122161165138,73.83220674146783,1.5342002094705691,1.0521864634566147,0.4820137460139544,36.96608172730725,32.04810037612915,27.130119024951046,0.9827083227002952,-829358000,bull,hold
2023-01-26,36.48699951171875,36.902000427246094,36.16999816894531,36.87699890136719,82568000,32.45160036087036,30.971020126342772,24.514185009002684,0.2839849296837602,71.51932520644328,1.630649463735999,1.1678790635124916,0.46277040022350735,37.43548222872434,32.45160036087036,27.467718493016378,0.9048449840752347,-911926000,bull,hold
2023-01-27,36.07699966430664,36.59199905395508,36.058998107910156,36.31999969482422,67035000,32.8710503578186,31.094020118713377,24.520570011138915,0.3029832426387489,68.45510091069164,1.6549256783813249,1.2652883864862583,0.3896372918950666,37.58545923824823,32.8710503578186,28.15664147738898,0.8400160431349645,-978961000,bull,hold
2023-01-30,35.31100082397461,36.095001220703125,35.2859992980957,35.84400177001953,51276000,33.1810004234314,31.179840126037597,24.525075016021727,0.21293629486908006,63.02233797737887,1.5939806321837224,1.331026835625751,0.26295379655797135,37.676103750600454,33.1810004234314,28.685897096262345,0.7369245204742213,-1030237000,bull,hold
2023-01-31,35.38600158691406,35.595001220703125,34.87099838256836,34.99800109863281,56607000,33.47590045928955,31.27552017211914,24.526790027618407,0.20001358326102392,63.32921011359411,1.534049609759876,1.3716313904525763,0.1624182193072996,37.730644480123814,33.47590045928955,29.22115643845528,0.7244672203863846,-973630000,bull,hold
2023-02-01,36.19900131225586,36.53900146484375,34.99100112915039,35.38600158691406,80052000,33.811100482940674,31.408940200805663,24.537220039367675,0.22729277105512047,66.56804754246559,1.5344677371216306,1.4041986597863874,0.1302690773352433,37.80696756700322,33.811100482940674,29.815233398878124,0.7987963286916239,-893578000,bull,hold
2023-02-02,36.68899917602539,36.832000732421875,35.84299850463867,36.51599884033203,78570000,34.098500442504886,31.566760177612306,24.551735038757325,0.1857728966135177,68.38068051065962,1.5563966666416889,1.4346382611574477,0.1217584054842411,38.053942719930156,34.098500442504886,30.143058165079612,0.8274600603205804,-815008000,bull,hold
2023-02-03,36.59000015258789,37.94300079345703,35.900001525878906,35.90800094604492,94020000,34.379500484466554,31.72846019744873,24.560380039215087,0.18146596589719688,67.58340284857577,1.5479433797334181,1.457299284872642,0.09064409486077607,38.20228609364777,34.379500484466554,30.556714875285333,0.7891215849003357,-909028000,bull,hold
2023-02-06,36.14799880981445,36.845001220703125,36.06800079345703,36.36399841308594,49949000,34.609150409698486,31.878040161132812,24.628025035858155,0.14555533069937288,63.99579490283234,1.4884206873791115,1.463523565373936,0.024897122005175465,38.27421391172895,34.609150409698486,30.944086907668023,0.7099347527353124,-958977000,bull,hold
2023-02-07,36.29499816894531,36.417999267578125,35.417999267578125,35.85100173950195,62894000,34.84805030822754,32.020940132141114,24.700390024185182,0.15160065807370326,64.66755643741344,1.4365504848398274,1.4581289492671146,-0.02157846442728717,38.291963166507735,34.84805030822754,31.40413744994735,0.7100732394025123,-896083000,bull,hold
2023-02-08,36.68299865722656,36.819000244140625,35.83100128173828,36.00199890136719,62532000,35.04450016021728,32.1835200881958,24.77604501724243,0.11995471837871308,66.44704108111054,1.4104920974729112,1.4486015789082738,-0.038109481435362635,38.43604327550485,35.04450016021728,31.652957044929718,0.7415564893784863,-833551000,bull,hold
2023-02-09,36.25,37.382999420166016,36.17399978637695,37.24100112915039,69011000,35.220700073242185,32.34618007659912,24.852340021133422,0.10768190653257848,62.6546522793448,1.3394607945722399,1.426773422041067,-0.08731262746882718,38.47553310318794,35.220700073242185,31.96586704329643,0.6581186987608652,-902562000,bull,hold
2023-02-10,34.736000061035156,36.2140007019043,34.7140007019043,35.91600036621094,72911000,35.306850051879884,32.47898006439209,24.92682002067566,0.052191547186555276,51.57133901917309,1.1477700544953464,1.370972748531923,-0.22320269403657655,38.41111326662636,35.306850051879884,32.20258683713341,0.40805386796245796,-975473000,bull,hold
2023-02-13,35.856998443603516,35.970001220703125,34.42499923706055,34.95000076293945,71344000,35.435599899291994,32.58506004333496,25.011835012435913,0.07736905331853539,57.55789455834994,1.0739293735061253,1.3115640735267635,-0.23763470002063825,38.403877906623805,35.435599899291994,32.46732189196018,0.5709836718916901,-904129000,bull,hold
2023-02-14,35.99599838256836,36.375,35.34000015258789,35.755001068115234,46248000,35.60429973602295,32.67108001708984,25.092055006027223,0.10342702973995,58.24711063047124,1.014926790956146,1.25223661701264,-0.2373098260564941,38.283176003635425,35.60429973602295,32.92542346841048,0.5731087604308253,-857881000,bull,hold
2023-02-15,36.141998291015625,36.28799819946289,35.42399978637695,35.66299819946289,39660000,35.77974967956543,32.75309997558594,25.177585000991822,0.10752915555415288,59.000227848827556,0.968780295433227,1.1955453526967574,-0.22676505726353047,38.0917501467425,35.77974967956543,33.467749212388355,0.5783409468538083,-818221000,bull,hold
2023-02-16,35.07099914550781,36.150001525878906,35.03099822998047,35.5,52157000,35.95439968109131,32.82933994293213,25.25321000099182,0.11061498918275148,51.64159827778711,0.8361495731404816,1.1236661967855022,-0.2875166236450206,37.29337674236563,35.95439968109131,34.61542261981699,0.17012110919108853,-870378000,bull,hold
2023-02-17,34.79600143432617,34.900001525878906,34.24399948120117,34.79100036621094,52947000,35.981699752807614,32.91413997650147,25.32725501060486,0.015941647717552465,49.91995919704095,0.7007707046614087,1.0390870983606835,-0.3383163936992748,37.19712562055802,35.981699752807614,34.76627388505721,0.012229272906616667,-923325000,bull,hold
2023-02-21,33.75,34.41299819946289,33.641998291015625,34.28499984741211,57103000,35.88209972381592,32.97229999542236,25.39400001525879,-0.05573276670354854,43.92189158015713,0.5032769388166187,0.9319250664518706,-0.42864812763525184,37.43843676813753,35.88209972381592,34.32576267949431,-0.18497364744835196,-980428000,bull,hold
2023-02-22,33.487998962402344,34.191001892089844,33.28200149536133,33.75,45462000,35.73734970092774,33.02153999328613,25.467280006408693,-0.07957014275626373,42.543029085595684,0.32190963848807286,0.809921980859111,-0.4880123423710382,37.59060044192927,35.73734970092774,33.884098959926206,-0.10686627253412086,-1025890000,bull,hold
2023-02-23,32.3650016784668,33.12799835205078,31.43000030517578,33.12300109863281,132387000,35.51579971313477,33.0288200378418,25.538620014190673,-0.12042068657291094,37.15838360450397,0.08656043593964569,0.665249671875218,-0.5786892359355723,37.81549496665256,35.51579971313477,33.21610445961698,-0.18504686215451155,-1158277000,bull,hold
2023-02-24,31.71500015258789,32.150001525878906,31.45199966430664,31.93000030517578,68307000,35.27719974517822,33.032760047912596,25.610645017623902,-0.1307862916378807,34.44115158086679,-0.1506683822061845,0.5020660610589376,-0.6527344432651221,38.06313731274028,35.27719974517822,32.491262177616164,-0.1393179147419968,-1226584000,bull,hold
2023-02-27,32.303001403808594,33.0,32.21200180053711,32.387001037597656,61426000,35.08849983215332,33.0381400680542,25.683330020904542,-0.10460953781120308,38.800919439562385,-0.28790831504691994,0.3440711858377661,-0.631979500884686,38.131566159771694,35.08849983215332,32.04543350453494,0.042320454361445936,-1165158000,bull,hold
2023-02-28,32.2130012512207,32.762001037597656,32.117000579833984,32.369998931884766,36761000,34.933599853515624,33.04674007415772,25.7612100315094,-0.08773468608826573,38.38020346674967,-0.39933097186593614,0.19539075429702565,-0.5947217261629618,38.22116334952202,34.933599853515624,31.646036357509228,0.08622873663127749,-1201919000,bull,hold
2023-03-01,31.347999572753906,32.65999984741211,31.236000061035156,32.154998779296875,49113000,34.731699752807614,33.09288005828857,25.830795030593872,-0.114112977818139,34.50746292778109,-0.5510801278056334,0.04609657787649385,-0.5971767056821273,38.361491970912326,34.731699752807614,31.1019075347029,0.033898915318561006,-1251032000,bull,hold
2023-03-02,31.187999725341797,31.55699920654297,31.038000106811523,31.09600067138672,49110000,34.481149673461914,33.13522006988526,25.892915029525756,-0.13842927719714448,33.82752594095601,-0.6764553218219689,-0.09841380206319869,-0.5780415197587702,38.35481168520654,34.481149673461914,30.607487661717286,0.0749306550060957,-1300142000,bull,hold
2023-03-03,31.51799964904785,31.749000549316406,31.082000732421875,31.545000076293945,59533000,34.22259969711304,33.18898006439209,25.957250032424927,-0.14094141685817785,36.602180438367995,-0.7406500773873148,-0.2268610571280219,-0.513789020259293,38.162015484815136,34.22259969711304,30.283183909410948,0.15672574388970326,-1240609000,bull,hold
2023-03-06,31.202999114990234,32.33000183105469,31.18400001525879,31.700000762939453,56607000,33.95324964523316,33.23666004180908,26.017985029220583,-0.14722604578116272,35.089688105806886,-0.8076329048076403,-0.3430154266639456,-0.4646174781436947,37.94467539280764,33.95324964523316,29.961823897658675,0.155480183752109,-1297216000,bull,hold
2023-03-07,30.847000122070312,31.43000030517578,30.66200065612793,31.26799964904785,45531000,33.68819971084595,33.257680053710935,26.083625030517577,-0.14664708593231668,33.40942464482839,-0.8793073142752093,-0.45027380418619833,-0.4290335100890109,37.7645762965492,33.68819971084595,29.611823125142696,0.15150427971493774,-1342747000,bull,hold
2023-03-08,31.179000854492188,31.183000564575195,30.575000762939453,30.929000854492188,34795000,33.43239984512329,33.28576007843017,26.14778003692627,-0.14095598767189,36.46495211584487,-0.8989574933027527,-0.5400105420095093,-0.3589469512932434,37.46417959148474,33.43239984512329,29.40062009876184,0.2205453754431001,-1307952000,bull,hold
2023-03-09,29.777999877929688,31.250999450683594,29.488000869750977,31.20800018310547,74434000,33.087149906158444,33.29140007019043,26.20349503517151,-0.1882343055925879,30.173112819036433,-1.0158691645366922,-0.6351822665149459,-0.38068689802174627,37.128944945289575,33.087149906158444,29.045354867027314,0.0906336174656535,-1382386000,bull,hold
2023-03-10,29.275999069213867,29.878999710083008,28.899999618530273,29.790000915527344,57593000,32.73844985961914,33.30858005523682,26.256155033111572,-0.1923862325734106,28.289555829876278,-1.135935419736775,-0.7353328971593117,-0.4006025225774633,36.831613702624324,32.73844985961914,28.64528601661395,0.07704468679866579,-1439979000,bull,hold
2023-03-13,29.35099983215332,29.923999786376953,28.533000946044922,28.733999252319336,62924000,32.46919984817505,33.34184005737305,26.312740030288698,-0.15502649180734018,29.00264975444709,-1.2110763232660346,-0.8304815823806564,-0.38059474088537826,36.70723360775209,32.46919984817505,28.23116608859802,0.13211713344952955,-1377055000,bull,hold
2023-03-14,29.493999481201172,29.7450008392334,29.0310001373291,29.597000122070312,59567000,32.15104990005493,33.349480056762694,26.36629502296448,-0.17745486902396956,30.423283821875728,-1.244738582537103,-0.9133329824119458,-0.3314056001251571,36.277910713003465,32.15104990005493,28.024189087106397,0.1780785033363694,-1317488000,bull,hold
2023-03-15,30.378999710083008,30.631000518798828,29.22800064086914,29.250999450683594,92153000,31.870199966430665,33.367300033569336,26.42249002456665,-0.1560450862561843,38.610350597231985,-1.1863287835647505,-0.9679321426425068,-0.21839664092224365,35.6631908756081,31.870199966430665,28.07720905725323,0.3034268612746231,-1225335000,bull,hold
2023-03-16,31.006000518798828,31.65999984741211,30.17099952697754,30.475000381469727,79037000,31.613400077819826,33.397520027160645,26.47992503166199,-0.14210608198422525,43.66778901985351,-1.0770295456852637,-0.9897516232510583,-0.0872779224342054,34.8726501844874,31.613400077819826,28.354149971152253,0.4068191241631906,-1146298000,bull,hold
2023-03-17,30.350000381469727,31.076000213623047,30.0,31.006000518798828,69188000,31.37735013961792,33.38570003509521,26.53295503616333,-0.1346126109624336,39.95869955355238,-1.0314528939633654,-0.9980918773935198,-0.03336101656984558,34.2631897852816,31.37735013961792,28.491510493954245,0.3220015863161504,-1215486000,bull,hold
2023-03-20,30.51300048828125,30.75,29.600000381469727,29.979000091552734,51134000,31.163200092315673,33.37656005859375,26.589065036773682,-0.12308888290307263,41.29303305813295,-0.9709873845898684,-0.9926709788327897,0.02168359424292121,33.60381768186901,31.163200092315673,28.722582502762336,0.3667960915266907,-1164352000,bull,hold
2023-03-21,30.57900047302246,30.79199981689453,30.042999267578125,30.631999969482422,48863000,31.004650115966797,33.357040061950684,26.639415035247804,-0.09395554154007524,41.85648414362577,-0.9072837829123053,-0.9755935396486929,0.06830975673638762,33.14614793875195,31.004650115966797,28.86315229318164,0.4006187075196861,-1115489000,bull,hold
2023-03-22,29.389999389648438,30.645000457763672,29.354000091552734,30.631000518798828,58080000,30.799750137329102,33.31450004577637,26.68687502861023,-0.12237218405778183,35.28606717244314,-0.9418832266202628,-0.968851477043007,0.0269682504227442,32.724871436102816,30.799750137329102,28.874628838555385,0.13385404634537548,-1173569000,bull,hold
2023-03-23,32.0369987487793,32.27799987792969,30.413999557495117,30.468000411987305,156533000,30.783349990844727,33.30015998840332,26.748490018844606,-0.010134494443908126,52.981323419357935,-0.7471006968696763,-0.9245013210083409,0.17740062413866464,32.65982820912323,30.783349990844727,28.906871772566223,0.8340429816138967,-1017036000,bull,hold
2023-03-24,32.8390007019043,33.18299865722656,32.0629997253418,32.0629997253418,129917000,30.839550018310547,33.30241996765137,26.81338002204895,0.0354406603786408,56.83273448646709,-0.5220019699283966,-0.8440014507923521,0.32199948086395547,32.88407497431518,30.839550018310547,28.79502506230591,0.9889768348685336,-887119000,bull,hold
2023-03-27,32.76599884033203,33.64400100708008,32.441001892089844,32.755001068115234,86258000,30.862699890136717,33.29747993469238,26.875795011520385,0.01433295410341806,56.38002672248829,-0.3455173384054788,-0.7443046283149775,0.39878728990949863,32.982096419975775,30.862699890136717,28.74330336029766,0.9490190776946884,-973377000,bull,hold
2023-03-28,32.35200119018555,33.332000732421875,32.12799835205078,32.60599899291992,64894000,30.86964988708496,33.278879928588864,26.941170015335082,0.004315026031906255,53.76447435938977,-0.23633383749857728,-0.6427104701516975,0.4063766326531202,33.00754356081617,30.86964988708496,28.73175621335376,0.8466849921758455,-1038271000,bull,hold
2023-03-29,33.202999114990234,33.28499984741211,32.573001861572266,32.62900161743164,62873000,30.962399864196776,33.29049987792969,27.01571500778198,0.0591744151945377,58.07046872715112,-0.08021207113412743,-0.5302107903481835,0.4499987192140561,33.32445811214077,30.962399864196776,28.600341616252788,0.9742895846755144,-975398000,bull,hold
2023-03-30,33.84299850463867,34.32899856567383,33.529998779296875,34.027000427246094,71315000,31.095149803161622,33.31469985961914,27.10008500099182,0.08512885733866282,61.01131288857454,0.09407373212775028,-0.4053538858529968,0.4994276179807471,33.77063473630794,31.095149803161622,28.419664870015307,1.0135234864218865,-904083000,bull,hold
2023-03-31,34.54800033569336,34.58399963378906,33.720001220703125,34.005001068115234,56102000,31.246649837493898,33.3740998840332,27.189055004119872,0.09613556445156712,64.00616571611357,0.2857898353700179,-0.26712514160839385,0.5529149769784117,34.31505097610827,31.246649837493898,28.178248698879532,1.037959404436,-847981000,bull,hold
2023-04-03,34.827999114990234,34.858001708984375,34.040000915527344,34.18299865722656,44137000,31.427899837493896,33.38565986633301,27.273140001296998,0.11617473008415113,65.15108969982421,0.4550739803000923,-0.12268531722669664,0.5777592975267889,34.87006641536598,31.427899837493896,27.98573325962181,0.9938894153690618,-803844000,bull,hold
2023-04-04,34.67499923706055,34.97999954223633,34.39500045776367,34.8489990234375,32981000,31.619299793243407,33.36431983947754,27.359840002059936,0.12409631730287418,63.9539751379244,0.5703128616463573,0.015914318547914155,0.5543985430984432,35.326484302252005,31.619299793243407,27.912115284234808,0.912132095987086,-836825000,bull,hold
2023-04-05,34.23500061035156,34.542999267578125,33.625,34.529998779296875,42055000,31.772099781036378,33.32135986328125,27.44326000213623,0.09801467885777604,60.51055446735586,0.6190008370759443,0.1365316222535202,0.4824692148224241,35.642426790552,31.772099781036378,27.901772771520754,0.8181773559779152,-878880000,bull,hold
2023-04-06,33.93299865722656,34.04800033569336,33.26300048828125,33.933998107910156,46605000,31.97984972000122,33.26409980773926,27.527469997406005,0.1395325003804706,58.19450602648717,0.6260012222820208,0.23442554225922035,0.39157568002280047,35.84577792910399,31.97984972000122,28.113921510898454,0.7526106062479937,-925485000,bull,hold
2023-04-10,33.89899826049805,33.987998962402344,33.33599853515625,33.527000427246094,26579000,32.21099967956543,33.21233978271484,27.60751998901367,0.15791089418859983,57.92569524871086,0.6216396551428289,0.31186836483594205,0.3097712903068869,35.953478037346,32.21099967956543,28.468521321784863,0.7255188166183092,-952064000,bull,hold
2023-04-11,33.82099914550781,34.7140007019043,33.763999938964844,34.345001220703125,40448000,32.43449964523315,33.16721977233887,27.685769987106323,0.15229461820437584,57.2721159413343,0.6049161086938994,0.37047791360753357,0.23443819508636587,35.996638770880764,32.43449964523315,28.87236051958554,0.6946161353288789,-992512000,bull,hold
2023-04-12,33.10300064086914,34.279998779296875,33.00400161743164,34.08100128173828,39654000,32.61494970321655,33.12305976867676,27.755859994888304,0.12236391208890707,51.510535239446085,0.5276437501807578,0.4019110809221785,0.12573266925857934,35.91928877935016,32.61494970321655,29.310610627082948,0.5738500084899962,-1032166000,bull,hold
2023-04-13,34.61899948120117,34.643001556396484,33.875,33.999000549316406,74064000,32.82694969177246,33.1077197265625,27.834384994506834,0.1395700915626552,60.537521674852364,0.5820240747888974,0.43793367969552227,0.14409039509337512,36.07382963683386,32.82694969177246,29.580069746711064,0.7759648985720081,-958102000,bull,hold
2023-04-14,33.862998962402344,34.48500061035156,33.64099884033203,34.29399871826172,53505000,32.96979961395264,33.06099967956543,27.913899993896486,0.09214340436688473,55.03522441721086,0.5576892555345268,0.4618847948633232,0.09580446067120357,36.133991993802226,32.96979961395264,29.805607234103046,0.6411417577100931,-1011607000,bull,hold
2023-04-17,33.27199935913086,33.8390007019043,32.75,33.79999923706055,61360000,33.11589956283569,32.99265968322754,27.991079988479616,0.09627673610986731,51.12331995324026,0.4851228133445247,0.4665323985595635,0.01859041478496115,36.04375337918945,33.11589956283569,30.188045746481944,0.5266577168954366,-1072967000,bull,hold
2023-04-18,33.369998931884766,33.71900177001953,33.04999923706055,33.5,179445000,33.25874948501587,32.928259658813474,28.070494985580446,0.09363216982547384,51.73594253882989,0.4305579278216811,0.45933750441198706,-0.028779576590305944,35.932436106195816,33.25874948501587,30.585062863835923,0.5208045037865732,-893522000,bull,hold
2023-04-19,32.3120002746582,32.57500076293945,31.610000610351562,32.42100143432617,221283000,33.34539947509766,32.85153968811035,28.14207998275757,0.05667287271749233,45.155599488247184,0.2985022650512761,0.4271704565398449,-0.12866819148856884,35.76647839267935,33.34539947509766,30.92432055751596,0.2865829170344296,-1114805000,bull,hold
2023-04-20,32.53499984741211,33.143001556396484,31.83300018310547,32.03900146484375,99478000,33.50264949798584,32.77633972167969,28.211814985275268,0.10700920459601582,46.69457316872732,0.20942725569242526,0.383621816370361,-0.17419456067793576,35.16548574683341,33.50264949798584,31.839813249138274,0.20903639752730782,-1015327000,bull,hold
2023-04-21,32.79800033569336,32.82899856567383,31.950000762939453,32.29999923706055,63480000,33.540699577331544,32.698639755249026,28.28377498626709,0.02375383514796492,48.52899314019512,0.1582326034856365,0.33854397379341616,-0.18031137030777966,35.09919655229895,33.540699577331544,31.98220260236414,0.2617257994184691,-951847000,bull,hold
2023-04-24,32.902000427246094,33.465999603271484,32.67499923706055,33.02000045776367,55866000,33.543849563598634,32.63167976379395,28.35364998817444,0.0019184422179492344,49.27241171882228,0.12461591628525781,0.2957583622917845,-0.17114244600652667,35.09690596625676,33.543849563598634,31.990793160940502,0.29335936053127787,-895981000,bull,hold
2023-04-25,32.255001068115234,32.86600112915039,32.11000061035156,32.849998474121094,54266000,33.518299674987794,32.58205978393555,28.421434993743897,-0.015595366852903747,44.92515631923278,0.045245447051904364,0.24565577924380846,-0.2004103321919041,35.1371229333857,33.518299674987794,31.89947641658989,0.10980959461788133,-950247000,bull,hold
2023-04-26,32.1150016784668,32.59000015258789,32.047000885009766,32.13600158691406,46232000,33.506449699401855,32.507219848632815,28.493340005874632,-0.007325652293517115,44.0201128021838,-0.028623053624833972,0.19080001267007998,-0.21942306629491395,35.162295609057104,33.506449699401855,31.850603789746604,0.07983770928758742,-996479000,bull,hold
2023-04-27,32.584999084472656,32.744998931884766,31.743999481201172,32.43000030517578,56188000,33.47554969787598,32.4389998626709,28.569040002822877,-0.018612777369215627,47.820548399815884,-0.04867837585685919,0.14290433496469215,-0.19158271082155134,35.175374462920765,33.47554969787598,31.775724932831192,0.23804634697746085,-940291000,bull,hold
2023-04-28,32.99300003051758,33.08100128173828,32.400001525878906,32.52399826049805,42284000,33.43304977416992,32.376019897460935,28.645725002288817,-0.025115932738778768,50.934608697465166,-0.03128941181446976,0.10806558560885977,-0.13935499742332952,35.13650108517789,33.43304977416992,31.729598463161956,0.37083583169983336,-898007000,bull,hold
2023-05-01,32.4119987487793,33.12300109863281,31.80900001525879,32.944000244140625,53415000,33.32624969482422,32.322839889526364,28.720394992828368,-0.06182706860481435,46.66381716747642,-0.06365668568841443,0.07372113134940493,-0.13737781703781937,35.00434606558001,33.32624969482422,31.64815332406843,0.22759283615125192,-951422000,bull,hold
2023-05-02,31.7549991607666,32.606998443603516,31.562000274658203,32.5,43186000,33.172599697113036,32.262019844055175,28.784614992141723,-0.08823360607302277,42.34043700993229,-0.14070045217542315,0.030836814644439315,-0.17153726681986248,34.835214964190385,33.172599697113036,31.50998443003569,0.07368353207823429,-994608000,bull,hold
2023-05-03,31.93000030517578,32.46200180053711,31.584999084472656,31.7549991607666,50641000,33.0353497505188,32.225619850158694,28.848804998397828,-0.07916363351930278,43.833174755909226,-0.18549874827732538,-0.012430297939913626,-0.17306845033741175,34.63106561156671,33.0353497505188,31.439633889470883,0.1536509185861172,-943967000,bull,hold
2023-05-04,32.077999114990234,32.361000061035156,31.795000076293945,31.900999069213867,38797000,32.92749967575073,32.19741985321045,28.90837999343872,-0.06300573848125246,45.12699205341562,-0.20667700970214042,-0.05127964029235899,-0.15539736940978144,34.47516054475915,32.92749967575073,31.379838806742313,0.2255533890623049,-905170000,bull,hold
2023-05-05,32.2760009765625,32.415000915527344,31.944000244140625,32.361000061035156,39906000,32.84464979171753,32.195639839172365,28.961540002822876,-0.048831454520191,46.88964972720558,-0.2051193508103779,-0.08204758239596278,-0.12307176841441513,34.344810524099785,32.84464979171753,31.344489059335277,0.31047070394516413,-865264000,bull,hold
2023-05-08,33.12099838256836,33.25600051879883,32.202999114990234,32.29899978637695,54886000,32.80574979782104,32.22375980377197,29.01520499229431,-0.022950527090833783,53.72178688076581,-0.13415421985128972,-0.09246890988702818,-0.04168530996426155,34.23311553752834,32.80574979782104,31.378384058113745,0.61043020579013,-810378000,bull,hold
2023-05-09,33.2140007019043,33.63199996948242,32.9739990234375,33.06700134277344,55449000,32.77539987564087,32.24197978973389,29.07105499267578,-0.017947383546891404,54.41681939630337,-0.06960694681835378,-0.0878965172732933,0.01828957045493952,34.13953916336998,32.77539987564087,31.411260587911766,0.6607610125332454,-754929000,bull,hold
2023-05-10,33.54199981689453,33.71099853515625,32.95100021362305,33.520999908447266,42899000,32.79734983444214,32.268559761047364,29.129509992599488,0.013261612770033793,56.87664682568356,0.007922691617714861,-0.06873267549509167,0.07665536711280653,34.19556992987452,32.79734983444214,31.39912973900975,0.7662849664673566,-712030000,bull,hold
2023-05-11,34.47600173950195,34.547000885009766,33.183998107910156,33.49800109863281,80335000,32.79019994735718,32.331119804382325,29.194934997558594,-0.004130614513480402,62.99966384096475,0.1430822746275595,-0.026369685470561434,0.16945196009812094,34.15207656008477,32.79019994735718,31.428323334629592,1.118926037935411,-631695000,bull,hold
2023-05-12,33.98899841308594,34.81700134277344,33.736000061035156,34.47600173950195,60824000,32.79649991989136,32.387139778137204,29.251504993438722,0.0037208591838984173,58.347608781366596,0.20849669938410642,0.020603591500372137,0.18789310788373428,34.17917600510763,32.79649991989136,31.41382383467509,0.9312284366327402,-692519000,bull,hold
2023-05-15,33.5890007019043,34.189998626708984,33.55400085449219,34.0620002746582,36530000,32.81234998703003,32.42855979919434,29.306440000534057,0.009527571197384122,54.770256953671456,0.22546263698361457,0.06157540059702063,0.16388723638659394,34.22344169654809,32.81234998703003,31.401258277511975,0.7751949818837496,-729049000,bull,hold
2023-05-16,33.375,33.516998291015625,33.191001892089844,33.400001525878906,33322000,32.81260004043579,32.47199981689453,29.360865001678466,0.0001498671943456209,52.90151607667049,0.21911438239275327,0.09308319695616715,0.12603118543658612,34.22408865209487,32.81260004043579,31.401111428776712,0.6992222802645065,-762371000,bull,hold
2023-05-17,33.99599838256836,34.13800048828125,32.96200180053711,33.17599868774414,39588000,32.8967999458313,32.53497978210449,29.417739992141723,0.05211680160918086,57.439575823238236,0.261181981167276,0.12670295379838892,0.13447902736888706,34.37798457534306,32.8967999458313,31.415615316319535,0.8710538223379295,-722783000,bull,hold
2023-05-18,37.12900161743164,37.58700180053711,34.637001037597656,34.724998474121094,209252000,33.126500034332274,32.653979797363284,29.49267499923706,0.14120183776134088,72.064083687858,0.5410906772199766,0.2095804984827065,0.3315101787372701,35.4800050204431,33.126500034332274,30.772995048221446,1.3503278316213618,-513531000,bull,hold
2023-05-19,36.5359992980957,36.999000549316406,36.38100051879883,36.986000061035156,78597000,33.313399982452395,32.7891397857666,29.56198999404907,0.11397033124407763,67.34699778644747,0.7069210583145775,0.3090486104490807,0.3978724478654968,36.088758336384146,33.313399982452395,30.538041628520645,1.0805735520744497,-592128000,bull,hold
2023-05-22,36.30099868774414,37.20100021362305,36.25,36.5359992980957,54064000,33.483349895477296,32.92963977813721,29.628539991378783,0.10330673565013204,65.51677191941783,0.8100425781946754,0.4092474039981997,0.4007951741964757,36.53922642880736,33.483349895477296,30.42747336214723,0.9610213733334938,-646192000,bull,hold
2023-05-23,35.5989990234375,36.41699981689453,35.430999755859375,36.02399826049805,68661000,33.65054979324341,33.05459976196289,29.69314498901367,0.10367378219149659,60.24942466724051,0.825604564102548,0.4925188360190694,0.33308572808347864,36.78423520213447,33.65054979324341,30.516864384352345,0.8108878167326318,-714853000,bull,hold
2023-05-24,36.48500061035156,36.71500015258789,35.66299819946289,35.69300079345703,79733000,33.86904973983765,33.1944197845459,29.7588249874115,0.13607344553915635,64.16527280171104,0.8990665934525381,0.5738283875057631,0.325238205946775,37.14994230431033,33.86904973983765,30.58815717536497,0.8986645126452595,-635120000,bull,hold
2023-05-25,35.900001525878906,36.744998931884766,35.742000579833984,35.96099853515625,62631000,34.034799861907956,33.304839820861815,29.823354997634887,0.10173400443598313,59.964926502635386,0.8997099476753476,0.6390046995396801,0.26070524813566753,37.37389546133049,34.034799861907956,30.695704262485418,0.7792974337562423,-697751000,bull,hold
2023-05-26,37.88800048828125,38.375999450683594,35.599998474121094,36.11000061035156,93604000,34.27954988479614,33.442479820251464,29.890740003585815,0.1483648183928694,67.70242558184353,1.0485477071278737,0.7209133010573189,0.32763440607055483,37.97580620206467,34.27954988479614,30.583293567527612,0.9881223451180593,-604147000,bull,hold
2023-05-30,39.29800033569336,40.51100158691406,38.57899856567383,39.74800109863281,108650000,34.62384996414185,33.62143981933594,29.965880002975464,0.21245223536772495,71.85692851285688,1.2656878460123977,0.8298682100483347,0.43581963596406303,38.81044286540321,34.62384996414185,30.43725706288048,1.058228430825368,-495497000,bull,hold
2023-05-31,39.52299880981445,39.625999450683594,38.89099884033203,39.18899917602539,69880000,35.01224994659424,33.8016397857666,30.038844995498657,0.24462288944555355,72.46558219098488,1.4393366895582318,0.9517619059503142,0.4875747836079176,39.493144146575034,35.01224994659424,30.531355746613443,1.0033313287378607,-425617000,bull,hold
2023-06-01,40.3129997253418,40.75199890136719,39.30799865722656,39.74100112915039,71601000,35.43139991760254,33.99631977081299,30.115854997634887,0.2625430422813728,74.54704950279852,1.6220036720415223,1.085810259168556,0.5361934128729664,40.23714680145004,35.43139991760254,30.625653033755043,1.0078918975265538,-354016000,bull,hold
2023-06-02,40.047000885009766,40.65800094604492,39.59000015258789,40.28900146484375,59024000,35.82985000610351,34.20945980072022,30.193245000839234,0.24842577435871216,72.55813265731551,1.725415176216572,1.213731242578159,0.5116839336384129,40.77675290478446,35.82985000610351,30.882947107422567,0.9262415257868437,-413040000,bull,hold
2023-06-05,40.354000091552734,41.38600158691406,40.01499938964844,40.047000885009766,72474000,36.23374996185303,34.37579982757568,30.274440002441406,0.2502788099695543,73.43892593799461,1.811262699653824,1.333237533993292,0.4780251656605319,41.27229397834629,36.23374996185303,31.195205945359767,0.9088730907393489,-340566000,bull,hold
2023-06-06,39.92900085449219,40.512001037597656,39.69300079345703,40.5,49915000,36.57415008544922,34.51759983062744,30.351500005722045,0.2055494340263273,70.08523935095027,1.8239779119299868,1.431385609580631,0.3925923023493558,41.64530066323775,36.57415008544922,31.50299950766069,0.8307780667899217,-390481000,bull,hold
2023-06-07,39.97700119018555,41.89500045776367,39.92300033569336,41.042999267578125,119324000,36.91230010986328,34.66181987762451,30.430805015563966,0.20361896626001763,70.25048001349978,1.8169829863677123,1.5085050849380472,0.308477901429665,41.94389476551803,36.91230010986328,31.88070545420853,0.8045457046980131,-271157000,bull,hold
2023-06-08,40.9370002746582,40.95399856567383,39.63399887084961,39.97700119018555,59911000,37.282050132751465,34.83351985931397,30.52222002029419,0.22046987353565406,73.41351207250189,1.8673773963111273,1.5802795472126634,0.2870978490984639,42.35530765937605,37.282050132751465,32.20879260612688,0.8602172886676327,-211246000,bull,hold
2023-06-09,42.00199890136719,42.59000015258789,41.47600173950195,42.45000076293945,123630000,37.65834999084473,35.009499855041504,30.619955015182494,0.21829669283378905,76.41001194946355,1.9705366974423058,1.658330977258592,0.31220572018371384,42.954795719564,37.65834999084473,32.36190426212546,0.9100531878359108,-87616000,bull,hold
2023-06-12,42.39699935913086,42.470001220703125,41.65700149536133,41.882999420166016,59595000,38.07875003814697,35.18057987213135,30.717135009765624,0.2473741898439643,77.42623832707604,2.0604132610852943,1.7387474340239324,0.32166582706136193,43.47722426009645,38.07875003814697,32.680275816197494,0.8999509068160835,-28021000,bull,hold
2023-06-13,43.573001861572266,43.72700119018555,42.84000015258789,43.000999450683594,78205000,38.57795009613037,35.361079902648925,30.818010015487673,0.29724019622596076,80.16575388296712,2.201161044634695,1.831230156146085,0.3699308884886099,44.069080392606175,38.57795009613037,33.08681979965457,0.9548291058261456,50184000,bull,hold
2023-06-14,44.08599853515625,44.733001708984375,43.349998474121094,43.499000549316406,84131000,39.11350002288818,35.546239891052245,30.9268000125885,0.32092879506086147,81.23553984865977,2.327271879842378,1.930438500885344,0.3968333789570342,44.55949291835173,39.11350002288818,33.667507127424635,0.9565281857427784,134315000,bull,hold
2023-06-15,44.527000427246094,44.8650016784668,43.95000076293945,44.40999984741211,70999000,39.64005012512207,35.743279914855954,31.03715001106262,0.3097718127342177,82.12795323767541,2.434734686512634,2.031297738010802,0.40343694850183187,45.04127695748623,39.64005012512207,34.238823292757914,0.9523926187326004,205314000,bull,hold
2023-06-16,43.19599914550781,44.750999450683594,43.09000015258789,44.6150016784668,87537000,39.94340000152588,35.922499885559084,31.14280500411987,0.16340319598649766,71.13233237871401,2.385006188505784,2.1020394281097987,0.28296676039598534,45.427289904698185,39.94340000152588,34.459510098353576,0.7965594861870201,117777000,bull,hold
2023-06-20,43.470001220703125,44.0,43.0,43.018001556396484,47560000,40.29010009765625,36.11323993682861,31.248375005722046,0.18978547339113927,71.96447452580115,2.3407232722652296,2.149776196940885,0.19094707532434452,45.74514839850208,40.29010009765625,34.83505179681042,0.791464066647569,165337000,bull,hold
2023-06-21,42.44499969482422,43.45500183105469,42.25400161743164,43.26499938964844,51464000,40.597300148010255,36.28415996551514,31.34558000564575,0.16925156963117938,64.47683578978824,2.197587267194507,2.1593384109916096,0.03824885620289731,45.80558171911153,40.597300148010255,35.38901857690898,0.6773809193675442,113873000,bull,hold
2023-06-22,42.24800109863281,42.47100067138672,41.86800003051758,42.292999267578125,48695000,40.92975025177002,36.452700004577636,31.44376501083374,0.18677497282487554,63.1175825299322,2.044684956207078,2.1364077200347036,-0.09172276382762545,45.644881696089435,40.92975025177002,36.2146188074506,0.6397894059189979,65178000,bull,hold
2023-06-23,42.402000427246094,42.582000732421875,41.77299880981445,41.85900115966797,82986000,41.225600242614746,36.63868000030518,31.54658000946045,0.1621762290779778,63.760738616323465,1.9138732919757473,2.0919008344229124,-0.17802754244716512,45.511005697147404,41.225600242614746,36.94019478808209,0.6372565789996689,148164000,bull,hold
2023-06-26,41.59400177001953,43.09600067138672,41.4900016784668,42.24399948120117,46400000,41.51030025482178,36.778180046081545,31.64007001876831,0.15860724239903012,58.04181274496124,1.7251192656684395,2.018544520672018,-0.2934252550035783,45.03098585860331,41.51030025482178,37.98961465104025,0.5118871044758796,101764000,bull,hold
2023-06-27,41.70800018310547,42.0880012512207,41.150001525878906,41.73899841308594,48181000,41.70130023956299,36.93508007049561,31.73489002227783,0.10082347037568651,58.60593349042891,1.5666694687146574,1.9281695102805458,-0.36150004156588844,44.80499305242038,41.70130023956299,38.5976074267056,0.5010793503008294,149945000,bull,hold
2023-06-28,42.98400115966797,43.729000091552734,42.28900146484375,42.310001373291016,88113000,41.88560028076172,37.12932010650635,31.833025026321412,0.09379614210615972,64.3789060305374,1.5264633584770593,1.8478282799198487,-0.3213649214427894,44.83024581126939,41.88560028076172,38.94095475025405,0.6865081666921176,238058000,bull,hold
2023-06-29,42.82400131225586,43.78499984741211,42.6150016784668,43.43299865722656,49323000,42.050650405883786,37.31840015411377,31.92888003349304,0.0835210536104789,63.18888311930748,1.4648037303380619,1.7712233700034914,-0.3064196396654295,44.81139546513951,42.050650405883786,39.28990534662806,0.6400619922834458,188735000,bull,hold
2023-06-30,44.04899978637695,44.4119987487793,43.11000061035156,43.11000061035156,73464000,42.237450408935544,37.55314014434814,32.04006003379822,0.09267482168256036,68.05726358021533,1.4975226608674461,1.7164832281762825,-0.2189605673088364,45.00817782054249,42.237450408935544,39.466722997328596,0.8269086251236022,262199000,bull,hold
2023-07-03,44.14400100708008,44.154998779296875,43.1619987487793,43.97600173950195,37332000,42.442300415039064,37.78532016754151,32.14872003555298,0.10230479265686743,68.40623131287083,1.5136698102457942,1.675920544590185,-0.16225073434439086,45.139789896522046,42.442300415039064,39.74481093355608,0.8154230264329855,299531000,bull,hold
2023-07-05,44.59000015258789,45.09700012207031,43.96200180053711,44.49100112915039,68695000,42.65410041809082,38.021160163879394,32.25398003578186,0.1049710078660051,70.05992678104565,1.544649191762268,1.6496662740246018,-0.10501708226233375,45.32755057133085,42.65410041809082,39.98065026485079,0.8620601888071293,368226000,bull,hold
2023-07-06,43.88399887084961,44.279998779296875,43.071998596191406,44.0,49388000,42.85185031890869,38.24080013275147,32.353335027694705,0.09905076339801444,64.32060749358887,1.4949987566093057,1.6187327705415426,-0.12373401393223693,45.261873585036994,42.85185031890869,40.44182705278038,0.7141366364481335,318838000,bull,hold
2023-07-07,43.810001373291016,44.233001708984375,43.58399963378906,43.86000061035156,41651000,43.04350032806396,38.47190013885498,32.450570030212404,0.09588013280111873,63.73130302848012,1.433158885882392,1.5816179936097126,-0.14845910772732052,45.090926132644334,43.04350032806396,40.99607452348359,0.6871865255171359,277187000,bull,hold
2023-07-10,44.17100143432617,44.441001892089844,43.68199920654297,43.85200119018555,42517000,43.205200386047366,38.713020133972165,32.550000038146976,0.07899946595915952,65.39693514601174,1.397174275385396,1.5447292499648495,-0.14755497457945355,45.06373422867143,43.205200386047366,41.346666543423304,0.7598287494499406,319704000,bull,hold
2023-07-11,44.020999908447266,44.08000183105469,43.104000091552734,43.8650016784668,45692000,43.30615043640137,38.94174015045166,32.65167003631592,0.04806916479906764,64.08006437604774,1.3410930568303385,1.5040020113379473,-0.16290895450760878,45.1108530166387,43.30615043640137,41.501447856164035,0.6980518784297106,274012000,bull,hold
2023-07-12,44.404998779296875,44.54100036621094,43.775001525878906,44.45500183105469,57317000,43.40655040740967,39.169980125427244,32.755170030593874,0.04736182867935823,65.96925661366888,1.3125040569836983,1.4657024204670976,-0.15319836348339932,45.22116143632958,43.40655040740967,41.591939378489755,0.7751136072620203,331329000,bull,hold
2023-07-13,45.03799819946289,45.16699981689453,44.11800003051758,44.70000076293945,61575000,43.4798002243042,39.422500114440915,32.86715501785278,0.033621652750590814,68.87531059545721,1.325643636980523,1.4376906637697826,-0.11204702678925971,45.42868046841822,43.4798002243042,41.53091998019018,0.8997675023554517,392904000,bull,hold
2023-07-14,44.191001892089844,45.64799880981445,43.970001220703125,45.27899932861328,71959000,43.48505039215088,39.67122016906738,32.97607502937317,0.002381784703137768,61.32859250670517,1.2532644727205806,1.4008054255599423,-0.14754095283936164,45.440987567237165,43.48505039215088,41.5291132170646,0.6804637462110253,320945000,bull,hold
2023-07-17,45.005001068115234,45.667999267578125,44.51100158691406,44.55699920654297,68917000,43.50895042419434,39.93272018432617,33.08892003059387,0.010735073916559035,65.26735298088687,1.247209341285668,1.3700862087050873,-0.12287686741941939,45.52595895741965,43.50895042419434,41.49194189096903,0.8708587790475601,389862000,bull,hold
2023-07-18,47.47999954223633,47.814998626708984,44.87799835205078,45.099998474121094,130418000,43.723150444030765,40.24076019287109,33.203720026016235,0.0991758607619575,73.95391161719844,1.4256878562875102,1.381206538221572,0.04448131806593825,46.372500429994496,43.723150444030765,41.07380045806703,1.2090133651856811,520280000,bull,hold
2023-07-19,47.75899887084961,48.5,47.0,47.68600082397461,209965000,43.93760032653809,40.550420150756835,33.32266001701355,0.09866568966425038,74.72140683707934,1.5715306523032595,1.4192713610379095,0.15225929126534998,47.11248582662991,43.93760032653809,40.76271482644627,1.1018167496435707,730245000,bull,hold
2023-07-20,43.742000579833984,44.849998474121094,43.20000076293945,44.70000076293945,239897000,44.00245037078857,40.76284019470215,33.42365001678467,0.030557212730241146,51.28812322436648,1.3474414618379598,1.4049053811979197,-0.05746391935995998,47.104893980068155,44.00245037078857,40.90000676150899,0.45802505641431024,490348000,bull,hold
2023-07-21,42.75,43.82400131225586,42.319000244140625,43.73699951171875,173400000,44.027550315856935,40.95356018066406,33.517880020141604,0.01188219296328863,47.33982692373433,1.07738360012668,1.3394010249836719,-0.26201742485699175,47.08053971255226,44.027550315856935,40.97456091916161,0.29077059402174704,316948000,bull,hold
2023-07-24,42.83700180053711,42.86399841308594,41.91899871826172,42.5,82644000,44.04930038452149,41.139460220336915,33.61169503211975,0.010258982333567035,47.71995494138183,0.8604622441264738,1.2436132688122323,-0.38315102468575857,47.06158368125504,44.04930038452149,41.03701708778794,0.29877414164548094,399592000,bull,hold
2023-07-25,42.77000045776367,43.0880012512207,42.612998962402344,42.71799850463867,48598000,44.10810031890869,41.30534019470215,33.7071800327301,0.028273275897963357,47.4359699857487,0.6753589407811234,1.1299624032060107,-0.45460346242488736,46.96845769760975,44.10810031890869,41.24774294020763,0.26609568596063454,350994000,bull,hold
2023-07-26,42.266998291015625,42.5260009765625,41.558998107910156,42.41999816894531,60092000,44.1360502243042,41.47090019226074,33.798505020141604,0.01340265909312488,45.25843149714812,0.4825130580117758,1.0004725341671636,-0.5179594761553878,46.91172216963365,44.1360502243042,41.36037827897475,0.16331541152880494,290902000,bull,hold
2023-07-27,41.31700134277344,42.75199890136719,41.1879997253418,42.689998626708984,65945000,44.052700233459475,41.62546020507813,33.89271502494812,-0.03878186701843578,41.393618501182225,0.25014102227275004,0.850406231788281,-0.600265209515531,47.05278852783014,44.052700233459475,41.05261193908881,0.04406360375804982,224957000,bull,hold
2023-07-28,42.577999114990234,42.74700164794922,41.375999450683594,41.555999755859375,64242000,44.04040012359619,41.80952018737793,33.99061502456665,-0.005744493501947057,47.76936556823644,0.16582496445151662,0.7134899783209281,-0.5476650138694115,47.06247442334112,44.04040012359619,41.018325823851264,0.2580468142809413,289199000,bull,hold
2023-07-31,43.89699935913086,43.91299819946289,42.630001068115234,42.6510009765625,65876000,44.032800102233885,42.00754020690918,34.10295501708984,-0.0034507123426921193,53.47130130614084,0.20309502450077588,0.6114109875568976,-0.4083159630561217,47.055514113993816,44.032800102233885,41.010086090473955,0.4775366206371674,355075000,bull,hold
2023-08-01,43.86199951171875,44.525001525878906,43.13999938964844,43.73699951171875,57115000,44.01870002746582,42.14220016479492,34.21183001518249,-0.006388217853567468,53.30500944257407,0.22718873016460606,0.5345665360784393,-0.30737780591383324,47.04183849411804,44.01870002746582,40.9955615608136,0.4740831395128592,297960000,bull,hold
2023-08-02,42.970001220703125,43.555999755859375,42.65599822998047,43.52299880981445,49122000,43.93770008087158,42.27088020324707,34.31042502403259,-0.036330991844384264,49.112937634352726,0.1723199609009498,0.46211722104294145,-0.28979726014199164,46.982006125609445,43.93770008087158,40.893394036133714,0.3410641298956887,248838000,bull,hold
2023-08-03,43.099998474121094,44.19300079345703,42.71900177001953,42.779998779296875,62439000,43.89850006103516,42.40686019897461,34.4109250164032,-0.017865290695950997,49.73337120110578,0.13773799994537939,0.397241376823429,-0.25950337687804964,46.96467434835245,43.89850006103516,40.83232577371786,0.36978861733057233,311277000,bull,hold
2023-08-04,43.15999984741211,43.650001525878906,42.62699890136719,43.305999755859375,54418000,43.86599998474121,42.558080215454105,34.50417501449585,-0.014836829616608593,50.03617081548519,0.1138606415111525,0.34056522976097375,-0.22670458824982126,46.94897093010009,43.86599998474121,40.78302903938233,0.3855000339215141,365695000,bull,hold
2023-08-07,44.07600021362305,44.111000061035156,42.89099884033203,43.645999908447266,47813000,43.861249923706055,42.70990020751953,34.60412501335144,-0.0021507599469841043,54.53851145606392,0.1669270065209787,0.30583758511297476,-0.13891057859199607,46.942618846763466,43.861249923706055,40.77988100064864,0.5348465722994168,413508000,bull,hold
2023-08-08,43.83000183105469,44.356998443603516,43.5099983215332,44.0359992980957,37672000,43.85170001983643,42.868500213623044,34.68708501815796,-0.004338794615974306,53.153243793559234,0.18697711375660475,0.2820654908417008,-0.09508837708509604,46.93221311256339,43.85170001983643,40.77118692710947,0.496478153455512,375836000,bull,hold
2023-08-09,42.88999938964844,44.0620002746582,42.75899887084961,43.9739990234375,38466000,43.775950050354005,42.96854019165039,34.76745501518249,-0.034117766722128184,48.12325702906985,0.1255691441708393,0.25076622150752853,-0.12519707733668922,46.87277978411927,43.775950050354005,40.679120316588744,0.3569584483373598,337370000,bull,hold
2023-08-10,42.99800109863281,43.8120002746582,42.86899948120117,43.11199951171875,54676000,43.6739501953125,43.04254020690918,34.83766001701355,-0.045295021590333606,48.723656699051,0.08464202063463944,0.21754138133295073,-0.1328993606983113,46.7319276848277,43.6739501953125,40.6159727057973,0.3894777513900455,392046000,bull,hold
2023-08-11,42.16600036621094,43.0629997253418,42.132999420166016,42.89799880981445,39279000,43.572700119018556,43.09540023803711,34.90726501464844,-0.045823842845287066,44.45522514516987,-0.014758399772219377,0.17108142511191674,-0.1858398248841361,46.68903355120663,43.572700119018556,40.456366686830485,0.2743021112121605,352767000,bull,hold
2023-08-14,42.77799987792969,42.8849983215332,41.87799835205078,42.19900131225586,39660000,43.46135005950928,43.14470024108887,34.975645017623904,-0.049483416005589476,48.0597229037446,-0.04364756126700797,0.1281356278361318,-0.17178318910313978,46.52369413071404,43.46135005950928,40.399005988304516,0.38842694261478705,392427000,bull,hold
2023-08-15,42.369998931884766,42.9119987487793,42.104000091552734,42.441001892089844,33680000,43.2058500289917,43.19116020202637,35.03818501472473,-0.10762427674005992,45.920279276825184,-0.09833119561247372,0.08284226314641072,-0.18117345875888444,45.68075020310259,43.2058500289917,40.730949854880805,0.33113438152970925,358747000,bull,hold
2023-08-16,41.54499816894531,42.45100021362305,41.525001525878906,42.37300109863281,39670000,42.89514999389648,43.21498016357422,35.097440004348755,-0.13011161977469965,41.862208775465206,-0.20586594212204545,0.025100622092719488,-0.23096656421476494,44.359542608451456,42.89514999389648,41.43075737934151,0.039006202458390114,319077000,bull,hold
2023-08-17,40.29999923706055,41.52399826049805,40.15800094604492,41.5,60315000,42.72304992675781,43.222400131225584,35.15107999801636,-0.07868870415497808,36.605004591755865,-0.38708691538248985,-0.05733688540232239,-0.32975002998016745,44.52013153433366,42.72304992675781,40.92596831918196,-0.17416267560765053,258762000,bull,hold
2023-08-18,40.452999114990234,40.652000427246094,39.814998626708984,39.93299865722656,43122000,42.60819988250732,43.23192008972168,35.2074049949646,-0.053731014854029646,37.64142434397613,-0.5124527940236945,-0.1483600671265968,-0.3640927268970977,44.65935103489514,42.60819988250732,40.557048730119504,-0.025363712227678154,301884000,bull,hold
2023-08-21,40.82899856567383,40.96099853515625,39.95000076293945,40.222999572753906,38616000,42.50779972076416,43.229760055541995,35.268174991607665,-0.04687543830012175,40.227623920845254,-0.5748397479584355,-0.23365600329296454,-0.34118374466547097,44.696301875584965,42.50779972076416,40.31929756594336,0.1164497367772079,340500000,bull,hold
2023-08-22,41.31700134277344,41.57400131225586,40.7400016784668,40.900001525878906,35997000,42.43514976501465,43.216060104370115,35.33826000213623,-0.03397238951224946,43.50264238046698,-0.5782385387887246,-0.3025725103921165,-0.27566602839660803,44.67976107379,42.43514976501465,40.1905384562393,0.2509260472247931,376497000,bull,hold
2023-08-23,42.755001068115234,43.70199966430664,41.770999908447266,41.84000015258789,81747000,42.45954990386963,43.223220138549806,35.41750500679016,0.011545716441456966,51.87101693621636,-0.45959956731751106,-0.33397792177719543,-0.12562164554031563,44.70692714144124,42.45954990386963,40.21217266629802,0.5657324367503279,458244000,bull,hold
2023-08-24,40.69300079345703,42.75899887084961,40.617000579833984,42.54100036621094,56878000,42.42834987640381,43.1656201171875,35.490575008392334,-0.015102755016986436,42.215066085438465,-0.5259012546866657,-0.3723625883590895,-0.15353866632757623,44.754261824459206,42.42834987640381,40.10243792834841,0.12695297119961246,401366000,bull,hold
2023-08-25,41.60300064086914,41.92499923706055,40.75600051879883,41.20000076293945,53909000,42.37959995269775,43.11596015930176,35.569290008544925,-0.022899114434380086,46.911895501415515,-0.4992612640320573,-0.39774232349368305,-0.10151894053837424,44.731646181635256,42.37959995269775,40.02755372376025,0.3349098537532939,455275000,bull,hold
2023-08-28,41.805999755859375,41.983001708984375,41.32699966430664,41.80400085449219,29286000,42.27504997253418,43.06154014587403,35.64659000396728,-0.047634226343458375,47.92867390396759,-0.4565062278329961,-0.4094951043615457,-0.04701112347145042,44.531973080458826,42.27504997253418,40.01812686460953,0.396086354243119,484561000,bull,hold
2023-08-29,42.999000549316406,43.21699905395508,41.45000076293945,41.599998474121094,44867000,42.23190002441406,43.05760017395019,35.73425500869751,-0.01967532196455779,53.558171930935835,-0.32263818771085795,-0.3921237210314082,0.06948553332055024,44.39693890686727,42.23190002441406,40.06686114196085,0.6771562929237427,529428000,bull,hold
2023-08-30,43.46699905395508,43.816001892089844,42.834999084472656,43.084999084472656,36254000,42.25674991607666,43.05754013061524,35.81410500526428,0.011566158229767476,55.58666190457093,-0.17674581758461017,-0.3490481403420486,0.17230232275743845,44.46606169611895,42.25674991607666,40.047438136034366,0.7738973169860285,565682000,bull,hold
2023-08-31,43.36800003051758,43.71500015258789,43.12300109863281,43.12300109863281,38030000,42.27014999389648,43.0760001373291,35.88588000297546,0.006218133779225088,55.03900912747264,-0.06832583924042268,-0.2929036801217234,0.22457784088130073,44.502884198931085,42.27014999389648,40.03741578886188,0.7458532758054114,527652000,bull,hold
2023-09-01,43.987998962402344,44.54999923706055,43.59299850463867,43.77299880981445,47934000,42.31154994964599,43.11080009460449,35.956184997558594,0.01918440959030443,57.84041322390465,0.06685583453275257,-0.22095177719082823,0.2878076117235808,44.63750796051941,42.31154994964599,39.98559193877258,0.8603781764157539,575586000,bull,hold
2023-09-05,44.86800003051758,45.345001220703125,43.79999923706055,43.8390007019043,61559000,42.35114994049072,43.16012008666992,36.02542499542236,0.017968958459387174,61.50651146290166,0.24220502785674114,-0.12832041618131437,0.37052544403805554,44.8185855501135,42.35114994049072,39.883714330867946,1.0100133272396996,637145000,bull,hold
2023-09-06,44.57600021362305,45.138999938964844,44.04899978637695,44.861000061035156,38623000,42.38844985961914,43.21976005554199,36.09529500007629,0.01702026811324009,59.65288066387851,0.35353327053372396,-0.0319496788383067,0.38548294937203065,44.96435057907496,42.38844985961914,39.81254914016333,0.9246185300313212,598522000,bull,hold
2023-09-07,44.31399917602539,44.459999084472656,43.66999816894531,44.1150016784668,29227000,42.459649848937985,43.27188003540039,36.169224996566776,0.033201207895578566,57.964881567113835,0.41582701583657666,0.05760566009666998,0.35822135573990666,45.162652699536736,42.459649848937985,39.756646998339235,0.8430165319057363,569295000,bull,hold
2023-09-08,44.279998779296875,44.680999755859375,43.8849983215332,44.35599899291992,26975000,42.52374973297119,43.29779998779297,36.24663498878479,0.02981528554602564,57.736554546642104,0.4571816049720141,0.1375208490717388,0.3196607559002753,45.33347549572007,42.52374973297119,39.71402397022231,0.8125303311821198,542320000,bull,hold
2023-09-11,44.5359992980957,44.98899841308594,44.275001525878906,44.30699920654297,29138000,42.64224967956543,43.33203994750976,36.326789989471436,0.056206396416576654,59.04466490440297,0.504793571122228,0.21097539348183666,0.2938181776403913,45.57867993636852,42.64224967956543,39.70581942276234,0.8224577893758674,571458000,bull,hold
2023-09-12,43.46900177001953,44.54399871826172,43.4119987487793,44.28499984741211,31240000,42.67679977416992,43.32043998718262,36.400789995193485,0.01615320711724877,51.84236004362782,0.4512271483891439,0.2590257444632981,0.19220140392584578,45.63498604238611,42.67679977416992,39.71861350595373,0.6338999515279533,540218000,bull,hold
2023-09-13,41.2239990234375,43.84000015258789,41.069000244140625,43.54999923706055,118430000,42.61949977874756,43.26203994750976,36.461159992218015,-0.027047437746921088,40.61625985481011,0.22502842545623736,0.252226280661886,-0.027197855205648658,45.6429139899435,42.61949977874756,39.59608556755162,0.2692177356740584,421788000,bull,hold
2023-09-14,40.04899978637695,41.138999938964844,40.0,41.040000915527344,107090000,42.54469985961914,43.171219940185544,36.518634986877444,-0.036009109363413394,36.19815538235433,-0.04848935558669609,0.1920831534121696,-0.2405725089988657,45.73988947545058,42.54469985961914,39.349510243787705,0.10945978591120795,314698000,bull,hold
2023-09-15,39.694000244140625,40.470001220703125,39.50299835205078,40.099998474121094,91167000,42.51439990997314,43.087419967651364,36.57651998519898,-0.015037196138769082,34.96080590468877,-0.29055037993733634,0.09555644674226842,-0.3861068266796048,45.804251854343555,42.51439990997314,39.22454796560273,0.07134854189125736,223531000,bull,hold
2023-09-18,39.439998626708984,39.946998596191406,39.2599983215332,39.54999923706055,47047000,42.46374988555908,43.00001991271973,36.63323997497559,-0.025041418694365047,34.06360456303794,-0.49715045248652956,-0.022984933103491173,-0.4741655193830384,45.90662341192935,42.46374988555908,39.02087635918881,0.06086808944766006,176484000,bull,hold
2023-09-19,39.619998931884766,39.823001861572266,39.025001525878906,39.284000396728516,40768000,42.40329990386963,42.908999862670896,36.67857497215271,-0.029611297760447797,35.330181465876436,-0.638992075267609,-0.14618636153631476,-0.4928057137312943,45.99797135466561,42.40329990386963,38.80862845307365,0.11285739043431209,217252000,bull,hold
2023-09-20,38.630001068115234,39.79899978637695,38.61199951171875,39.70500183105469,38666000,42.26894989013672,42.80117988586426,36.71324997901917,-0.06503376787599746,31.721073023911416,-0.8218137793965923,-0.28131184510837026,-0.540501934288222,46.20099910682014,42.26894989013672,38.33690067345329,0.03727069252062458,178586000,bull,hold
2023-09-21,38.415000915527344,39.59000015258789,38.34199905395508,38.650001525878906,55479000,42.05194988250732,42.68137992858887,36.74511998176575,-0.101508596518887,30.980893284609152,-0.972835767403275,-0.41961662956735124,-0.5532191378359238,46.31762572807176,42.05194988250732,37.786274036942885,0.07369604505206667,123107000,bull,hold
2023-09-22,37.98099899291992,38.6879997253418,37.83599853515625,38.5,36928000,41.91634979248047,42.54023994445801,36.77872997283936,-0.06664541192973827,29.485237934650925,-1.1146926262785897,-0.558631828909599,-0.5560607973689907,46.50629756838502,41.91634979248047,37.32640201657591,0.07130767149251566,86179000,bull,hold
2023-09-25,38.47999954223633,38.6619987487793,38.08100128173828,38.290000915527344,37573000,41.76019973754883,42.42601989746094,36.81834997177124,-0.07506672717171514,33.46262027207642,-1.173324678428827,-0.6815703988134446,-0.4917542796153823,46.58846570963633,41.76019973754883,36.93193376546133,0.1603128106161156,123752000,bull,hold
2023-09-26,37.92499923706055,38.45600128173828,37.736000061035156,38.28799819946289,40894000,41.56614971160889,42.28441986083985,36.85376497268677,-0.09283357751191879,31.34493438371969,-1.2501637786354465,-0.7952890747778449,-0.45487470385760154,46.67524588357538,41.56614971160889,36.457053539642395,0.14366001813322096,82858000,bull,hold
2023-09-27,37.75899887084961,38.422000885009766,37.625,38.2400016784668,38435000,41.30414962768555,42.08999984741211,36.88742997169495,-0.12186333662469517,30.718745178812398,-1.3093606666587618,-0.8981033931540283,-0.4112572735047335,46.62547979210256,41.30414962768555,35.982819463268534,0.16689242658331346,44423000,bull,hold
2023-09-28,37.63600158691406,37.895999908447266,37.11000061035156,37.560001373291016,43699000,41.01259975433349,41.8875399017334,36.915604982376095,-0.13414768891229567,30.23674805017616,-1.3506302549492801,-0.9886087655130786,-0.3620214894362015,46.465308061751784,41.01259975433349,35.5598914469152,0.19037421616468625,724000,bull,hold
2023-09-29,37.7599983215332,38.257999420166016,37.53499984741211,38.0,42053000,40.73219966888428,41.76789985656738,36.946814975738526,-0.1293119743829111,31.405254831714615,-1.3576807027861975,-1.0624231529677024,-0.29525754981849506,46.247979956208106,40.73219966888428,35.21641938156045,0.23057290242491324,42777000,bull,hold
2023-10-02,38.03300094604492,38.48099899291992,37.68000030517578,37.74800109863281,31021000,40.43444976806641,41.67355987548828,36.97680997848511,-0.1353777884155929,34.02538369190523,-1.325954426027451,-1.1151294075796523,-0.21082501844779866,45.85720747106431,40.43444976806641,35.01169206506851,0.2785767912243362,73798000,bull,hold
2023-10-03,37.67499923706055,39.4900016784668,37.28499984741211,37.71099853515625,88781000,40.07479972839356,41.57031982421875,37.006269969940185,-0.16031471847563106,32.28389487743837,-1.3145456056251632,-1.1550126471887545,-0.1595329584364087,45.2207251419566,40.07479972839356,34.928874314830516,0.26682517735217354,-14983000,bull,hold
2023-10-04,37.689998626708984,38.02199935913086,37.358001708984375,37.650001525878906,43037000,39.73049964904785,41.46871978759766,37.04951496124268,-0.15447778073209906,32.43991514386495,-1.2894299619120986,-1.1818961101334233,-0.10753385177867525,44.53587916378729,39.73049964904785,34.92512013430841,0.2876857575889606,28054000,bull,hold
2023-10-05,37.25899887084961,37.86000061035156,36.7239990234375,37.80099868774414,50348000,39.377749633789065,41.36855979919434,37.09045495986938,-0.15920477583509662,30.280945219002618,-1.2894398516423635,-1.2034048584352115,-0.08603499320715202,43.80650923712989,39.377749633789065,34.94899003044824,0.26079636820418267,-22294000,bull,hold
2023-10-06,38.1510009765625,38.25199890136719,36.777000427246094,36.84299850463867,47781000,39.07129974365235,41.305239791870115,37.137059965133666,-0.13841458834005183,39.286774824705695,-1.2035962656289527,-1.2034431398739598,-0.00015312575499293324,42.90963774338602,39.07129974365235,35.23296174391867,0.3801175447350257,25487000,bull,hold
2023-10-09,38.595001220703125,38.71699905395508,37.7760009765625,37.80500030517578,32998000,38.77424983978271,41.225579833984376,37.18593997001648,-0.1333976596691434,43.2184826904401,-1.0872048751670107,-1.18019548693257,0.09299061176555923,41.681597055230135,38.77424983978271,35.86690262433529,0.4691731661551815,58485000,bull,hold
2023-10-10,37.332000732421875,38.869998931884766,37.224998474121094,38.55799865722656,72889000,38.467399787902835,41.0942798614502,37.2236199760437,-0.14118108968930432,36.064019417170975,-1.0843774158911543,-1.1610318727242868,0.07665445683313243,40.488270237501084,38.467399787902835,36.446529338304586,0.2190816819290226,-14404000,bull,hold
2023-10-11,36.59299850463867,37.78099822998047,36.534000396728516,37.27799987792969,91514000,38.23584976196289,40.948899841308595,37.257709970474245,-0.11233748856257053,32.657453672883136,-1.1287563372971476,-1.154576765638859,0.025820428341711388,39.98295132772225,38.23584976196289,36.48874819620353,0.029835216932516943,-105918000,bull,hold
2023-10-12,36.119998931884766,36.882999420166016,35.904998779296875,36.64799880981445,73761000,38.03939971923828,40.81189979553223,37.29082996368408,-0.09810484345301118,30.66113202540079,-1.1883949870822477,-1.1613404099275368,-0.027054577154710824,39.810234479670434,38.03939971923828,36.26856495880613,-0.04194802085461365,-179679000,bull,hold
2023-10-13,35.56800079345703,35.893001556396484,35.20500183105469,35.56399917602539,63126000,37.8330997467041,40.66125984191895,37.32658496856689,-0.10394516615373495,28.473610736676633,-1.2656115016650133,-1.1821946282750322,-0.08341687338998116,39.740883535489814,37.8330997467041,35.925315957918386,-0.0936466612625905,-242805000,bull,hold
2023-10-16,36.082000732421875,36.30799865722656,35.47700119018555,35.62099838256836,51289000,37.66519985198975,40.51969985961914,37.36855497360229,-0.08514193740394949,33.249238468537015,-1.2706830036951615,-1.199892303359058,-0.07079070033610346,39.568807541516435,37.66519985198975,35.76159216246306,0.08415824639752352,-191516000,bull,hold
2023-10-17,35.571998596191406,36.27000045776367,35.388999938964844,36.11000061035156,59084000,37.462799835205075,40.34961982727051,37.40085496902466,-0.10217063212577915,31.035070750846756,-1.3008596158261128,-1.220085765852469,-0.08077384997364367,39.352749458700615,37.462799835205075,35.572850211709536,-0.00022530111584525617,-250600000,bull,hold
2023-10-18,34.61899948120117,35.479000091552734,34.472999572753906,35.099998474121094,114296000,37.26224975585937,40.16539978027344,37.42650996208191,-0.10383125746855593,27.367569826043507,-1.3857003710752096,-1.2532086868970174,-0.13249168417819224,39.443074505607484,37.26224975585937,35.08142500611126,-0.10602078983272249,-364896000,bull,hold
2023-10-19,40.176998138427734,40.89500045776367,39.22600173950195,40.4739990234375,280744000,37.3503496170044,40.11113975524902,37.47991994857788,0.04586742628940543,58.31022865966745,-0.9930064787870521,-1.2011682452750243,0.20816176648797224,39.83194886476633,37.3503496170044,34.86875036924246,1.0695215542905627,-84152000,bull,hold
2023-10-20,40.09600067138672,41.06399917602539,39.80099868774414,40.5629997253418,127829000,37.45609970092774,40.0530997467041,37.52569495201111,0.05568578327444884,57.92295722557574,-0.6804853471140007,-1.0970316656428196,0.41654631852881896,40.20232961135239,37.45609970092774,34.709869790503085,0.9806409252987072,-211981000,bull,hold
2023-10-23,40.683998107910156,40.75400161743164,39.85200119018555,40.332000732421875,73900000,37.56629962921143,40.02345970153809,37.574264945983884,0.05727647068328778,59.99988156001952,-0.3809720114410595,-0.9538197348024677,0.5728477233614082,40.62691951287709,37.56629962921143,34.50567974554577,1.0093246788563477,-138081000,bull,hold
2023-10-24,41.37300109863281,41.66899871826172,40.8390007019043,40.96799850463867,64592000,37.738699722290036,39.99535972595215,37.62335494995117,0.09091633305038682,62.34532379055087,-0.08700580319018059,-0.7804569484800103,0.6934511452898298,41.22021793100879,37.738699722290036,34.25718151357128,1.0219420319620056,-73489000,bull,hold
2023-10-25,41.125,41.88399887084961,41.01100158691406,41.60200119018555,62996000,37.90699977874756,39.97045974731445,37.67139494895935,0.08914434253575987,60.95976821175035,0.12451755783555285,-0.5994620472168978,0.7239796050524506,41.6886651400273,37.90699977874756,34.125334417467826,0.9254739531161809,-136485000,bull,hold
2023-10-26,40.354000091552734,41.73099899291992,40.15399932861328,41.141998291015625,68497000,38.042899703979494,39.9466397857666,37.709394941329954,0.07221804628639705,56.73813472712065,0.22731771912960852,-0.4341060939475965,0.661423813077205,41.96845595095509,38.042899703979494,34.1173434570039,0.794365975440271,-204982000,bull,hold
2023-10-27,39.7869987487793,41.020999908447266,39.5620002746582,40.641998291015625,49976000,38.144249725341794,39.936379776000976,37.74469992637634,0.053681157768753485,53.788030849416096,0.260037764376591,-0.29527732228275905,0.55531508665935,42.13940606746719,38.144249725341794,34.149093383216396,0.7055925829630451,-254958000,bull,hold
2023-10-30,41.007999420166016,41.28200149536133,39.941001892089844,40.23500061035156,53171000,38.29299964904785,39.947479782104494,37.784674921035766,0.07822150238266867,58.760704831297154,0.3801114970952213,-0.160199558407163,0.5403110555023842,42.47755521010289,38.29299964904785,34.10844408799281,0.8244071839296644,-201787000,bull,hold
2023-10-31,41.16899871826172,41.25199890136719,40.4630012512207,40.92399978637695,38776000,38.46769962310791,39.95427978515625,37.824109907150266,0.0927405322350785,59.38136461305834,0.48269785281010513,-0.031620076163709376,0.5143179289738145,42.82273282013303,38.46769962310791,34.1126664260828,0.8101353047089332,-163011000,bull,hold
2023-11-01,42.01900100708008,42.060001373291016,41.417999267578125,41.47700119018555,48061000,38.684149742126465,39.968319778442385,37.871094903945924,0.11485811987542371,62.58313757846142,0.6253773983863553,0.09977941874630356,0.5255979796400517,43.286355307624234,38.684149742126465,34.081944176628696,0.8623101160402991,-114950000,bull,hold
2023-11-02,42.47100067138672,42.66899871826172,41.709999084472656,42.117000579833984,44760000,38.94474983215332,39.96263977050781,37.92028491020203,0.13988571777259518,64.199208917576,0.766093512461886,0.23304223748942005,0.5330512749724658,43.77905261852471,38.94474983215332,34.11044704578193,0.8647114170397455,-70190000,bull,hold
2023-11-03,43.236000061035156,43.481998443603516,42.553001403808594,42.875999450683594,36671000,39.19899978637695,40.01349975585938,37.97857491493225,0.13328612498520154,66.8118729404134,0.9286363621230791,0.3721610624161519,0.5564752997069272,44.36319086820696,39.19899978637695,34.03480870454695,0.8908647269910505,-33519000,bull,hold
2023-11-06,43.4739990234375,43.50299835205078,42.96099853515625,43.4379997253418,30032000,39.44294967651367,40.050919723510745,38.02469491004944,0.1264152778447687,67.60397532579984,1.0643876702586894,0.5106063839846594,0.55378128627403,44.92136041102127,39.44294967651367,33.96453894200607,0.867903169575523,-3487000,bull,hold
2023-11-07,43.46099853515625,43.763999938964844,43.099998474121094,43.61800003051758,32911000,39.74939956665039,40.08401969909668,38.06328989982605,0.16417544418966812,67.509192255514,1.157578682749815,0.6400008437376905,0.5175778390121244,45.404049005164154,39.74939956665039,34.094750128136624,0.8281900150366701,-36398000,bull,hold
2023-11-08,43.665000915527344,43.80699920654297,43.36800003051758,43.5,23568000,40.102999687194824,40.0973397064209,38.099699907302856,0.1932610799848009,68.26117798006888,1.2336734985744684,0.7587353747050462,0.47493812386942225,45.808150109690224,40.102999687194824,34.397849264699424,0.8121741728568237,-12830000,bull,hold
2023-11-09,43.51499938964844,44.03799819946289,43.435001373291016,43.803001403808594,27355000,40.47274971008301,40.098299713134764,38.133294897079466,0.2047342379967727,67.03266236227648,1.267267053084069,0.8604417103808508,0.40682534270321824,46.05462846334742,40.47274971008301,34.890870956818596,0.7725112649380149,-40185000,bull,hold
2023-11-10,44.7239990234375,44.74800109863281,43.55099868774414,43.74800109863281,44406000,40.93054962158203,40.12541969299316,38.17447989463806,0.25742234665224073,71.48683908625665,1.3755894149755221,0.9634712512997852,0.41211816367573695,46.327063231135995,40.93054962158203,35.53403601202807,0.8514722352538464,4221000,bull,hold
2023-11-13,44.46200180053711,44.84299850463867,44.2599983215332,44.724998474121094,28961000,41.34954967498779,40.13489974975586,38.216404905319216,0.2322487915861411,69.30168257280926,1.4238810663118073,1.0555532143021895,0.3683278520096178,46.4693798080507,41.34954967498779,36.22971954192489,0.8039604874241515,-24740000,bull,hold
2023-11-14,44.8650016784668,45.40800094604492,44.56399917602539,44.87799835205078,40609000,41.81419982910156,40.13483978271484,38.264174909591674,0.2612448962389864,70.78117294250085,1.4776379792299394,1.1399701672877396,0.33766781194219986,46.41253896325419,41.81419982910156,37.21586069494893,0.831728669891529,15869000,bull,hold
2023-11-15,46.194000244140625,46.275001525878906,45.244998931884766,45.28099822998047,50353000,42.39294986724853,40.167199783325195,38.318214902877806,0.33435399452329406,75.05137534333828,1.6089330190431355,1.233762737638819,0.3751702814043165,46.038119971906056,42.39294986724853,38.74777976259101,1.0213817555503646,66222000,bull,hold
2023-11-16,46.69499969482422,46.72800064086914,45.96500015258789,46.29999923706055,36560000,42.71884994506836,40.214819793701174,38.37069489479065,0.1622321691117652,76.44870202097486,1.733429852352529,1.3336961605815612,0.39973369177096796,46.66623639433995,42.71884994506836,38.771463495796766,1.0036433347550224,102782000,bull,hold
2023-11-17,46.590999603271484,46.76499938964844,46.2760009765625,46.69499969482422,27985000,43.043599891662595,40.26103981018066,38.42020489692688,0.16198620368938,75.50333890478059,1.8029196164186132,1.4275408517489716,0.3753787646696416,47.1402876514577,43.043599891662595,38.94691213186749,0.9329594930840316,74797000,bull,hold
2023-11-20,47.446998596191406,47.67599868774414,46.540000915527344,46.540000915527344,36176000,43.38174991607666,40.319259796142575,38.4744898891449,0.1662324452563162,77.92319216306556,1.9051018912170647,1.5230530596425902,0.38204883157447456,47.75094992979102,43.38174991607666,39.012549902362295,0.9652165919795902,110973000,bull,hold
2023-11-21,47.494998931884766,47.70199966430664,47.12099838256836,47.26300048828125,29977000,43.687849807739255,40.39977973937988,38.53122488975525,0.14797084259508209,78.05410766809416,1.9672777527672665,1.6118979982675257,0.3553797544997408,48.30216116654795,43.687849807739255,39.07353844893056,0.9125370860461861,140950000,bull,hold
2023-11-22,47.79999923706055,48.27000045776367,47.65599822998047,47.68000030517578,28416000,44.021599769592285,40.53129974365234,38.58874989509582,0.16231001184341753,78.90991086758697,2.017902423593931,1.693098883332807,0.324803540261124,48.808522364150384,44.021599769592285,39.234677175034186,0.8946585089723037,169366000,bull,hold
2023-11-24,47.95600128173828,48.040000915527344,47.52000045776367,47.71099853515625,14047000,44.40169982910156,40.68943977355957,38.64511490821838,0.18838284117903026,79.35340092335345,2.047014195770373,1.7638819458203203,0.2831322499500528,49.17059585202123,44.40169982910156,39.63280380618189,0.8726545342522131,183413000,bull,hold
2023-11-27,47.91699981689453,48.20000076293945,47.53499984741211,47.90299987792969,36259000,44.808199882507324,40.853899765014646,38.703449907302854,0.20433813365640385,78.90666132364873,2.043383539217139,1.819782264499684,0.22360127471745495,49.313061000503446,44.808199882507324,40.3033387645112,0.8450494757727495,147154000,bull,hold
2023-11-28,47.900001525878906,48.04999923706055,47.595001220703125,47.81100082397461,28902000,45.15279998779297,41.02309982299805,38.769269914627074,0.1680648215753655,78.69870815872451,2.0158965966033335,1.859005130920414,0.15689146568291945,49.49357405836803,45.15279998779297,40.8120259172179,0.8164414334194995,118252000,bull,hold
2023-11-29,47.71900177001953,48.0989990234375,47.44900131225586,47.900001525878906,28555000,45.48030014038086,41.18507987976074,38.828579931259156,0.1591003729913978,76.390119962935,1.9569493351524159,1.8785939717668145,0.07835536338560134,49.549235865898424,45.48030014038086,41.4113644148633,0.7750967059517645,89697000,bull,hold
2023-11-30,47.39699935913086,47.85900115966797,47.04199981689453,47.53099822998047,42873000,45.7492000579834,41.360419845581056,38.88558493614197,0.1279896766499662,72.32535659094415,1.8627773643703804,1.8754306502875278,-0.012653285917147317,49.570932402959954,45.7492000579834,41.92746771300685,0.7155827714247697,46824000,bull,hold
2023-12-01,46.57400131225586,47.52299880981445,46.459999084472656,47.31700134277344,43415000,45.95435009002686,41.52359985351563,38.93774495124817,0.09660711016949008,63.085745702784365,1.7021154078602976,1.8407676018020818,-0.13865219394178419,49.47912428878108,45.95435009002686,42.429575891272634,0.5878994209683004,3409000,bull,hold
2023-12-04,45.38999938964844,46.119998931884766,45.119998931884766,46.0989990234375,51577000,46.06205005645752,41.6717798614502,38.989339952468875,0.049819579183378204,52.662502371363104,1.4623930332029644,1.7650926880822584,-0.30269965487929396,49.373159989351095,46.06205005645752,42.75094012356395,0.3985158027927842,-48168000,bull,hold
2023-12-05,45.51499938964844,45.638999938964844,44.95800018310547,45.06999969482422,33807000,46.164100074768065,41.81247985839844,39.04293494224548,0.046947610343152535,53.535346366372906,1.2678824202013246,1.6656506345060718,-0.3977682143047472,49.26926406709854,46.164100074768065,43.05893608243759,0.39548045019154254,-14361000,bull,hold
2023-12-06,44.67300033569336,46.04999923706055,44.573001861572266,46.0,41788000,46.224700164794925,41.94743988037109,39.09754994392395,0.027887113535983277,47.21940465801594,1.0338712470759646,1.5392947570200504,-0.5054235099440858,49.15909584965136,46.224700164794925,43.29030447993849,0.2356014669205249,-56149000,bull,hold
2023-12-07,45.20000076293945,45.28900146484375,44.832000732421875,45.084999084472656,35067000,46.301450157165526,42.096259918212894,39.156109952926634,0.03515400928037682,51.10739121078082,0.8807870714779966,1.4075932199116397,-0.526806148433643,49.037634638058734,46.301450157165526,43.56526567627232,0.29872530490588256,-21082000,bull,hold
2023-12-08,45.375999450683594,45.54999923706055,45.07600021362305,45.07600021362305,34584000,46.394500160217284,42.25105987548828,39.22116494178772,0.04276686400409013,52.369279093725574,0.7648516489181176,1.2790449057129354,-0.5141932567948178,48.85833914182207,46.394500160217284,43.930661178612496,0.2933102128146573,13502000,bull,hold
2023-12-11,45.98899841308594,47.064998626708984,45.72100067138672,45.93600082397461,49297000,46.457750129699704,42.415639877319336,39.29253493309021,0.028284576899876956,56.57333983858667,0.7142029969170522,1.166076523953759,-0.4518735270367067,48.80919050030364,46.457750129699704,44.106309759095765,0.4003266843433981,62799000,bull,hold
2023-12-12,46.29999923706055,46.56100082397461,45.91999816894531,46.52299880981445,33027000,46.549650001525876,42.58097984313965,39.36251992225647,0.04133861189536536,58.57122448224356,0.6911911216558764,1.0710994434941825,-0.37990832183830614,48.71848938259906,46.549650001525876,44.38081062045269,0.44244599977205384,95826000,bull,hold
2023-12-13,47.99800109863281,48.125,46.198001861572266,46.198001861572266,58202000,46.70629997253418,42.787439880371096,39.44144492149353,0.06983170183786513,67.39188293374905,0.8007381927116484,1.0170271933376758,-0.2162890006260274,48.81761321145617,46.70629997253418,44.594986733612195,0.8058999257633032,154028000,bull,hold
2023-12-14,46.983001708984375,48.07600021362305,46.47600173950195,48.0359992980957,51764000,46.74575004577637,42.9732999420166,39.519619932174685,0.017080171898380403,59.26852926838967,0.7964718361855461,0.9729161219072499,-0.1764442857217038,48.84675954779687,46.74575004577637,44.644740543755866,0.5564613494084262,102264000,bull,hold
2023-12-15,47.20600128173828,47.29999923706055,46.72999954223633,46.72999954223633,78410000,46.77130012512207,43.172239990234374,39.59970993995667,0.010943389875869292,60.39798190060915,0.8018417867487599,0.9387012548755519,-0.13685946812679195,48.88162730870728,46.77130012512207,44.660972941536855,0.6029937821958263,180674000,bull,hold
2023-12-18,48.61199951171875,49.20399856567383,47.5099983215332,47.630001068115234,64107000,46.87235012054443,43.3814599609375,39.68517993927002,0.04337747474096609,66.67281268819839,0.9090706177953152,0.9327751274595045,-0.023704509664189355,49.127071745536476,46.87235012054443,44.61762849555239,0.8857791959529497,244781000,bull,hold
2023-12-19,49.50199890136719,49.61399841308594,48.40599822998047,48.84000015258789,38490000,46.975100135803224,43.59959991455078,39.77667493820191,0.0433114921064941,69.9216524536841,1.0537191333986726,0.9569639286473383,0.09675520475133437,49.496707899046314,46.975100135803224,44.453492372560135,1.00104913269978,283271000,bull,hold
2023-12-20,48.926998138427734,50.0890007019043,48.8390007019043,49.20000076293945,45637000,47.04670009613037,43.831499862670896,39.86707492828369,0.03015052613427116,65.48041064347683,1.1091705405070016,0.987405251019271,0.12176528948773058,49.70111560717398,47.04670009613037,44.39228458508676,0.8541830648733107,237634000,bull,hold
2023-12-21,49.1609992980957,49.439998626708984,48.676998138427734,49.26599884033203,27562000,47.11475009918213,44.08285987854004,39.95698492050171,0.028472805078623153,66.4153173124958,1.1586420141920897,1.0216526036538347,0.13698941053825497,49.90902259798187,47.11475009918213,44.3204776003824,0.8661506169839425,265196000,bull,hold
2023-12-22,48.67599868774414,49.60200119018555,48.54499816894531,49.400001525878906,27027000,47.15074996948242,44.33397987365723,40.05147491455078,0.01501370812332592,62.62924608863986,1.1455083108211142,1.0464237450872906,0.09908456573382352,50.00534863751421,47.15074996948242,44.29615130145063,0.7671564194544659,238169000,bull,hold
2023-12-26,49.11899948120117,49.14799880981445,48.63800048828125,48.93899917602539,20345000,47.21084995269776,44.60499984741211,40.150689916610716,0.025085035976790016,64.61353372258124,1.1575032411530088,1.0686396443004345,0.08886359685257439,50.17592313660795,47.21084995269776,44.245776768787564,0.8217710677189832,258514000,bull,hold
2023-12-27,49.17900085449219,49.402000427246094,48.92499923706055,49.124000549316406,25613000,47.27479991912842,44.866939849853516,40.24982992172241,0.02670144651085815,64.88549103210897,1.1584964928020227,1.086611014000752,0.07188547880127061,50.34970450454251,47.27479991912842,44.19989533371433,0.8096357760817048,284127000,bull,hold
2023-12-28,49.05099868774414,49.28900146484375,48.90700149536133,49.20000076293945,17105000,47.34139976501465,45.13651985168457,40.34761491775512,0.027913344125347184,63.759718252176356,1.1358614431248952,1.0964610998255808,0.03940034329931441,50.508229316438545,47.34139976501465,44.174570213590755,0.7699227879127261,267022000,bull,hold
2023-12-29,48.6879997253418,49.222999572753906,48.194000244140625,49.0369987487793,27406000,47.4059497833252,45.41789985656738,40.43915991783142,0.027238018939319764,60.55124115572227,1.0762259577090134,1.0924140714022674,-0.016188113693254014,50.62684882178845,47.4059497833252,44.18505074486195,0.6990205105324083,239616000,bull,hold
2024-01-02,46.849998474121094,48.46500015258789,46.18600082397461,48.319000244140625,50494000,47.419749641418456,45.55135986328125,40.51837990760803,0.005925992057560281,47.51368079126669,0.8706171333375465,1.0480546837893232,-0.17743755045177667,50.62861510939591,47.419749641418456,44.210884173441,0.41122233496805405,189122000,bull,hold
2024-01-03,47.0260009765625,47.505001068115234,46.57699966430664,46.731998443603516,34437000,47.50154972076416,45.689959869384765,40.601759910583496,0.03604321676389288,48.65377188237974,0.7136461214653309,0.9811729713245249,-0.26752684985919395,50.58003684351737,47.50154972076416,44.42306259801095,0.42276258999317196,223559000,bull,hold
2024-01-04,47.46699905395508,48.07400131225586,46.65299987792969,47.29800033569336,36365000,47.59914970397949,45.82561988830567,40.686529903411866,0.042886953542409234,51.496708533656054,0.6177097494319312,0.9084803269460061,-0.29077057751407487,50.540228119147464,47.59914970397949,44.65807128881152,0.47753364049341973,259924000,bull,hold
2024-01-05,47.40599822998047,47.95500183105469,47.18000030517578,47.650001525878906,26313000,47.735799598693845,45.94627983093262,40.770664892196656,0.061177845090996996,51.07544440552615,0.530640335249025,0.83291232860661,-0.30227199335758503,50.35691404536389,47.735799598693845,45.1146851520238,0.4370875680128413,233611000,bull,hold
2024-01-08,48.50299835205078,48.52399826049805,47.3650016784668,47.388999938964844,36758000,47.900949478149414,46.09383979797363,40.866229887008664,0.07307516666724334,57.76640825079317,0.5438863556953777,0.7751071340243636,-0.2312207783289859,50.26586103043913,47.900949478149414,45.536037925859695,0.6272878204088564,270369000,bull,hold
2024-01-09,48.20899963378906,48.50899887084961,47.380001068115234,47.553001403808594,35268000,48.042599487304685,46.25093978881836,40.94708989143371,0.06243389054569448,55.572856140823774,0.5246132676288155,0.7250083607452541,-0.20039509311643855,50.105716595279056,48.042599487304685,45.979482379330314,0.5403273633477245,235101000,bull,hold
2024-01-10,47.83300018310547,48.70000076293945,47.29499816894531,48.15999984741211,43424000,48.134799575805665,46.41185981750488,41.02205988883972,0.04009658469741395,52.81086471443394,0.47354051290528076,0.6747147911772595,-0.20117427827197876,49.97539178354637,48.134799575805665,46.29420736806496,0.4180156822812343,191677000,bull,hold
2024-01-11,49.222999572753906,50.340999603271484,48.38199996948242,49.25400161743164,79933000,48.28094959259033,46.57615982055664,41.10434489250183,0.06313175775073576,60.6056720755918,0.5390129154966274,0.6475744160411332,-0.10856150054450575,49.97383994805665,48.28094959259033,46.588059237124014,0.7782371513671009,271610000,bull,hold
2024-01-12,49.215999603271484,50.07899856567383,49.06100082397461,50.05099868774414,50037000,48.34184951782227,46.73709983825684,41.18866488456726,0.02537602560022778,60.55142779222085,0.5836079579613838,0.6347811244251834,-0.05117316646379966,50.0767542087221,48.34184951782227,46.60694482692244,0.7519302904748693,221573000,bull,hold
2024-01-16,48.124000549316406,49.415000915527344,47.801998138427734,49.0,46790000,48.398899459838866,46.85919982910156,41.263269891738894,0.024285354252149505,52.636633871675905,0.5247852552127199,0.6127819505826908,-0.0879966953699709,50.02280637344842,48.398899459838866,46.77499254622931,0.41535878435561746,174783000,bull,hold
2024-01-17,48.03300094604492,48.62099838256836,47.5260009765625,48.45000076293945,48946000,48.4402494430542,46.97043983459473,41.33421990394592,0.017518951867388166,52.02633804247337,0.4654594057302859,0.5833174416122099,-0.117858035881924,49.98051224901864,48.4402494430542,46.89998663708976,0.3677990225329508,125837000,bull,hold
2024-01-18,48.53099822998047,48.57699966430664,47.801998138427734,48.00299835205078,40544000,48.43619937896729,47.07633979797363,41.40413489341736,-0.0016662816290606841,55.094802274970114,0.4534009376949655,0.5573341408287611,-0.10393320313379562,49.97505978544004,48.43619937896729,46.89733897249454,0.5308016408162943,166381000,bull,hold
2024-01-19,48.29499816894531,48.56700134277344,47.60599899291992,48.49800109863281,56724000,48.37584934234619,47.17275978088379,41.47146988868713,-0.024382868555001713,53.35320190902032,0.41996024205543137,0.5298593610740951,-0.10989911901866378,49.83541252182202,48.37584934234619,46.916286162870364,0.47230295524791316,109657000,bull,hold
2024-01-22,48.57099914550781,48.97999954223633,47.9900016784668,48.755001068115234,52123000,48.358049392700195,47.27495979309082,41.54094988822937,-0.007276125788725163,55.13922803692049,0.4109915670544524,0.5060858022701666,-0.09509423521571425,49.79885507429032,48.358049392700195,46.91724371111007,0.5738995395175697,161780000,bull,hold
2024-01-23,49.21900177001953,49.895999908447266,48.13999938964844,49.20000076293945,155060000,48.36094951629639,47.38603981018066,41.61586989402771,0.0011798472926094483,59.09883830827192,0.45097367985457737,0.49506337778704884,-0.04408969793247147,49.80842644472126,48.36094951629639,46.91347258787151,0.7963958308671851,316840000,bull,hold
2024-01-24,54.48699951171875,56.25,53.707000732421875,53.775001525878906,264328000,48.651499557495114,47.60547981262207,41.71863989830017,0.11938123470772721,76.9278498827835,0.8973985319007056,0.5755304086097802,0.3218681232909254,51.69178879797153,48.651499557495114,45.611210317018696,1.459694866615586,581168000,bull,hold
2024-01-25,56.20000076293945,56.34600067138672,54.84600067138672,55.19499969482422,94519000,49.005549621582034,47.83499984741211,41.83014491081238,0.1441601285964369,79.98333472743134,1.3735845011863574,0.7351412271250957,0.6384432740612618,53.48820683892785,49.005549621582034,44.52289240423622,1.3024761645300704,675687000,bull,hold
2024-01-26,57.04199981689453,57.9640007019043,55.84299850463867,56.180999755859375,127706000,49.398699569702146,48.086599807739255,41.946249914169314,0.15988529302713772,81.29462006683016,1.798179307623819,0.9477488432248404,0.8504304643989786,55.08964303135268,49.398699569702146,43.70775610805161,1.1715319084347056,803393000,bull,hold
2024-01-29,57.57899856567383,57.85499954223633,56.268001556396484,57.1349983215332,69054000,49.825099563598634,48.3408797454834,42.06862990379334,0.1738598623081753,82.10000720312223,2.1531844914005376,1.1888359728599798,0.9643485185405578,56.534708256850365,49.825099563598634,43.1154908703469,1.077820507615725,872447000,bull,hold
2024-01-30,56.28499984741211,57.0880012512207,56.082000732421875,56.731998443603516,61818000,50.20494956970215,48.54269973754883,42.176959905624386,0.15603434449816023,73.84864003610811,2.30355977191811,1.4117807326716059,0.8917790392465039,57.45265043514504,50.20494956970215,42.957248704259264,0.9194468280761766,810629000,bull,hold
2024-01-31,56.4109992980957,57.21500015258789,56.20399856567383,56.28499984741211,48576000,50.68299961090088,48.73701972961426,42.289699907302854,0.20407686521603408,74.1213766076145,2.4051750074559948,1.6104595876284837,0.794715419827511,58.23726408488453,50.68299961090088,43.12873513691723,0.8791235868774285,859205000,bull,hold
2024-02-01,56.750999450683594,57.26599884033203,56.382999420166016,56.70199966430664,31740000,51.169249534606934,48.9402197265625,42.40709490776062,0.20680045660203983,74.88261156487933,2.4845012012325185,1.7852679103492908,0.6992332908832277,58.967361639372086,51.169249534606934,43.37113742984178,0.8578911049935951,890945000,bull,hold
2024-02-02,56.4640007019043,56.779998779296875,56.23699951171875,56.45199966430664,40328000,51.619099617004395,49.120559768676756,42.52256491661072,0.189542246766484,72.93239166517225,2.495443461966971,1.9273030206728268,0.5681404412941444,59.54794810038295,51.619099617004395,43.690251133625836,0.8055236264797081,850617000,bull,hold
2024-02-05,56.20600128173828,57.57500076293945,55.720001220703125,56.24700164794922,41431000,52.05909976959229,49.29477981567383,42.642034921646115,0.18563058221169415,71.13876386842584,2.4549972058115728,2.0328418577005762,0.42215534811099653,59.98059751005677,52.05909976959229,44.137602029127805,0.7617498387308028,809186000,bull,hold
2024-02-06,55.5880012512207,56.63399887084961,55.4370002746582,56.4119987487793,28403000,52.41334991455078,49.45053985595703,42.75729992866516,0.146073503492395,66.89491943839136,2.346032219713365,2.095479930103134,0.2505522896102308,60.300656898966366,52.41334991455078,44.52604293013519,0.7012506513910687,780783000,bull,hold
2024-02-07,55.93000030517578,56.779998779296875,55.49800109863281,55.816001892089844,43736000,52.79939994812012,49.61001983642578,42.87295992851257,0.16015683233499756,68.03149056645437,2.2612073577614638,2.1286254156348003,0.1325819421266634,60.58088609731061,52.79939994812012,45.01791379892963,0.701156970341799,824519000,bull,hold
2024-02-08,55.85300064086914,56.369998931884766,55.57400131225586,56.05500030517578,31755000,53.2003999710083,49.76873985290527,42.98771492958069,0.16766668256356465,67.46984761839411,2.162837964404183,2.135467925388677,0.02737003901550583,60.73964348276609,53.2003999710083,45.66115645925051,0.6759195511939619,792764000,bull,hold
2024-02-09,56.13199996948242,56.599998474121094,55.810001373291016,56.5,30557000,53.54584999084473,49.93337982177734,43.10709992408752,0.1403612225320947,68.48508018383308,2.0833765574819694,2.125049651807336,-0.04167309432536648,60.95650197224054,53.54584999084473,46.13519800944892,0.6744886944583375,823321000,bull,hold
2024-02-12,55.78499984741211,56.84400177001953,55.70000076293945,56.0359992980957,36085000,53.87430000305176,50.0946997833252,43.22544991493225,0.1334728603928217,65.7371756769517,1.9696973650275424,2.0939791944513773,-0.12428182942383481,61.067316247129746,53.87430000305176,46.68128375897377,0.6328163165162759,787236000,bull,hold
2024-02-13,55.45199966430664,55.91999816894531,54.900001525878906,55.08000183105469,35115000,54.24069995880127,50.255799789428714,43.33978491783142,0.15227327386218992,63.11977252554697,1.831621659865057,2.0415076875341134,-0.2098860276690564,60.95539469944105,54.24069995880127,47.526005218161494,0.5901976748231116,752121000,bull,hold
2024-02-14,57.93299865722656,58.125,56.433998107910156,56.72600173950195,56342000,54.735699844360354,50.482979736328126,43.46448491096496,0.20610824883296863,72.04915336531732,1.900483956852554,2.0133029413978014,-0.11281898454524741,60.99082050204911,54.735699844360354,48.4805791866716,0.7555745114953224,808463000,bull,hold
2024-02-15,59.34600067138672,59.37699890136719,58.03200149536133,58.191001892089844,52209000,55.27644996643066,50.762099761962894,43.599154920578,0.22284731070553554,75.6631880600375,2.045496071498249,2.019741567417891,0.025754504080357954,61.15081818629962,55.27644996643066,49.402081746561706,0.846381989742451,860672000,bull,hold
2024-02-16,58.39500045776367,59.70000076293945,57.74599838256836,59.69499969482422,43257000,55.78145008087158,51.019699783325194,43.732354927062985,0.20913143538149814,69.17983886745384,2.059935790188071,2.027780411971927,0.03215537821614367,60.849491035080725,55.78145008087158,50.713409126662434,0.7578462171582757,817415000,bull,hold
2024-02-20,57.51300048828125,58.599998474121094,56.965999603271484,58.018001556396484,31242000,56.22855014801026,51.27649978637695,43.860269927978514,0.1841016553105117,63.725979495217,1.9774149364371922,2.01770731686498,-0.04029238042778793,60.11274608254056,56.22855014801026,52.34435421347995,0.6653431446200094,786173000,bull,hold
2024-02-21,57.334999084472656,57.577999114990234,56.731998443603516,57.35100173950195,22706000,56.63435001373291,51.519199752807616,43.98655492782593,0.16489560987798768,62.65247914464737,1.8760276605571846,1.9893713856034212,-0.11334372504623658,58.835798648350746,56.63435001373291,54.43290137911508,0.6591336403952424,763467000,bull,hold
2024-02-22,58.84700012207031,59.084999084472656,57.888999938964844,58.275001525878906,35266000,56.852350044250485,51.78861976623535,44.11940992355347,0.08001909904056737,67.63923191256981,1.895829419940391,1.9706629924708152,-0.07483357253042433,59.02334550770106,56.852350044250485,54.68135458079991,0.9593860538634053,798733000,bull,hold
2024-02-23,58.35599899291992,59.24300003051758,57.981998443603516,58.63999938964844,25689000,56.960149955749515,52.03595977783203,44.245584926605225,0.03836295730804018,64.62171559287215,1.8505705439700506,1.9466445027706623,-0.09607395880061165,59.203767154348164,56.960149955749515,54.716532757150866,0.8110711216784768,773044000,bull,hold
2024-02-26,58.76499938964844,59.07500076293945,58.32699966430664,58.35599899291992,23937000,57.04629993438721,52.28525978088379,44.37333992004395,0.03020580586733912,65.98307240153156,1.826648999926391,1.9226454022018082,-0.09599640227541717,59.42417446312619,57.04629993438721,54.66842540564822,0.8613940589566509,796981000,bull,hold
2024-02-27,60.16699981689453,60.5359992980957,59.233001708984375,59.5,44894000,57.17569999694824,52.528639755249024,44.506464920043946,0.04494696531182041,70.2141782074507,1.8989310265679151,1.9179025270750296,-0.01897150050711449,59.91034983827047,57.17569999694824,54.44105015562601,1.0469255651575429,841875000,bull,hold
2024-02-28,59.64799880981445,59.81700134277344,59.000999450683594,59.57899856567383,26052000,57.34384994506836,52.78193969726563,44.63232490539551,0.05974947093398586,66.89698998149541,1.892520214664522,1.9128260645929283,-0.02030584992840634,60.247123109477045,57.34384994506836,54.44057678065967,0.8968191648296698,815823000,bull,hold
2024-02-29,60.29199981689453,60.45199966430664,59.51599884033203,60.42499923706055,35721000,57.5378999710083,53.04365966796875,44.763839912414554,0.06879864861620777,68.8627418393222,1.9173036165623785,1.9137215749868184,0.00358204157556008,60.67519958761246,57.5378999710083,54.40060035440414,0.9389284069825775,851544000,bull,hold
2024-03-01,61.933998107910156,62.02799987792969,59.95000076293945,59.98099899291992,42703000,57.79704990386963,53.31009963989258,44.90556489944458,0.09132876438115534,73.22802532513018,2.0458568165740587,1.9401486233042666,0.10570819326979208,61.44606448504264,57.79704990386963,54.148035322696614,1.066858272557336,894247000,bull,hold
2024-03-04,61.58300018310547,62.44200134277344,61.507999420166016,62.15599822998047,30203000,58.052999877929686,53.551719665527344,45.04660490036011,0.09065952496399232,70.93857575744842,2.095260693617888,1.971171037366991,0.12408965625089707,61.99819261404853,58.052999877929686,54.107807141810845,0.9473799559725045,864044000,bull,hold
2024-03-05,59.849998474121094,61.090999603271484,59.20000076293945,61.0099983215332,38496000,58.235199737548825,53.77017967224121,45.175874900817874,0.06483288455474545,60.82679154858188,1.971844669575212,1.9713057638086353,0.0005389057665767805,62.1588866004139,58.235199737548825,54.31151287468375,0.7057756891681645,825548000,bull,hold
2024-03-06,59.76900100708008,60.792999267578125,59.35599899291992,60.29899978637695,24696000,58.4442497253418,53.9823397064209,45.28907489776611,0.07521406889526472,60.39348767768394,1.8462187027171382,1.946288351590336,-0.1000696488731978,62.224393678938604,58.4442497253418,54.66410577174499,0.6752249779373851,800852000,bull,hold
2024-03-07,60.85100173950195,61.053001403808594,59.59000015258789,59.933998107910156,27428000,58.6902997970581,54.22583976745605,45.410649909973145,0.08798500639147644,64.07506903512639,1.8130677192726097,1.919644225126791,-0.10657650585418121,62.424135195267255,58.6902997970581,54.95646439884895,0.7893408134006364,828280000,bull,hold
2024-03-08,60.481998443603516,61.60900115966797,60.08399963378906,60.82699966430664,27772000,58.921749687194826,54.453099746704105,45.53155490875244,0.08287822945267531,61.95980202306936,1.736996825798272,1.883114745261087,-0.14611791946281505,62.49375669754724,58.921749687194826,55.34974267684241,0.7183994532886927,800508000,bull,hold
2024-03-11,60.09299850463867,61.099998474121094,60.0369987487793,60.80799865722656,25009000,59.11979961395264,54.67137969970703,45.65402490615845,0.07056578310606687,59.72153921947682,1.6265709531497023,1.8318059868388104,-0.205235033689108,62.48434461276437,59.11979961395264,55.755254615140906,0.6446256315534111,775499000,bull,hold
2024-03-12,61.108001708984375,61.529998779296875,59.62699890136719,60.020999908447266,28216000,59.38594970703125,54.912519760131836,45.77713991165161,0.09541994937944231,63.433373011243624,1.6024874515278285,1.785942279776614,-0.18345482824878556,62.4848577693009,59.38594970703125,56.2870416447616,0.7778481915807285,803715000,bull,hold
2024-03-13,60.94499969482422,61.48500061035156,60.72100067138672,61.33700180053711,21921000,59.66059970855713,55.157659759521486,45.90236490249634,0.09905864646488682,62.43825033937281,1.5523536362896166,1.7392245510792148,-0.18687091478959816,62.247573900582225,59.66059970855713,57.07362551653203,0.7482436798609219,781794000,bull,hold
2024-03-14,61.30099868774414,62.08000183105469,60.73500061035156,61.5,31205000,59.82899971008301,55.446679763793945,46.01942989349365,0.05813612463675666,63.77487417113189,1.5237831464494178,1.6961362701532554,-0.1723531237038376,62.382480062821216,59.82899971008301,57.275519357344805,0.7882338562117078,812999000,bull,hold
2024-03-15,60.5880012512207,62.29199981689453,60.38199996948242,62.29199981689453,66716000,59.891099739074704,55.71791976928711,46.12587989807129,0.02092812600315308,59.22895860136662,1.4271565210519626,1.642340320332997,-0.21518379928103437,62.454963095618986,59.891099739074704,57.32723638253042,0.6359084738988043,746283000,bull,hold
2024-03-18,61.8390007019043,62.74100112915039,61.04499816894531,61.35599899291992,33442000,60.06329975128174,56.00535980224609,46.237459907531736,0.05897765591476656,64.0684678604432,1.4349828360110237,1.6008688234686024,-0.16588598745757865,62.66445044943527,60.06329975128174,57.46214905312821,0.8413298875538173,779725000,bull,hold
2024-03-19,62.07400131225586,62.12799835205078,60.79999923706055,61.5620002746582,21426000,60.29134979248047,56.2987198638916,46.34626491546631,0.07930382322695806,64.91105795494963,1.4435079709384908,1.5693966529625802,-0.12588868202408943,62.75422140030539,60.29134979248047,57.828478184655545,0.8619050855334142,801151000,bull,hold
2024-03-20,62.76900100708008,62.95100021362305,61.83399963378906,61.994998931884766,26395000,60.56304988861084,56.58403991699219,46.45987491607666,0.09477634968828408,67.3495957066825,1.489178545515074,1.553353031473079,-0.06417448595800512,62.85438181440743,60.56304988861084,58.27171796281425,0.981368738774573,827546000,bull,hold
2024-03-21,62.270999908447266,63.43600082397461,62.233001708984375,63.064998626708984,25077000,60.734249877929685,56.86527992248535,46.56945991516113,0.05818478052023579,63.921622868462556,1.4682630556711445,1.5363350363126922,-0.06807198064154774,62.99863004535003,60.734249877929685,58.469869710509336,0.8393312776335375,802469000,bull,hold
2024-03-22,62.80099868774414,62.904998779296875,62.099998474121094,62.41600036621094,21357000,60.956499862670896,57.16463989257812,46.68381990432739,0.07617039844290074,65.91025902903766,1.477423038265293,1.5245526367032125,-0.04712959843791942,63.113560824697835,60.956499862670896,58.799438900643956,0.9275490719882142,823826000,bull,hold
2024-03-25,62.74599838256836,63.04600143432617,62.316001892089844,62.790000915527344,18033000,61.15554981231689,57.435099868774415,46.797664890289305,0.06774438924985637,65.50673518092441,1.4633754442921045,1.5123171982209909,-0.04894175392888633,63.198673545715266,61.15554981231689,59.11242607891852,0.8892198363351294,805793000,bull,hold
2024-03-26,62.92399978637695,63.43899917602539,61.917999267578125,62.52000045776367,28045000,61.293399810791016,57.709259872436526,46.9075998878479,0.04582246044962801,66.2273843611765,1.4498923935423775,1.4998322372852684,-0.049939843742890844,63.42139909300872,61.293399810791016,59.16540052857331,0.8831298227428436,833838000,bull,hold
2024-03-27,61.35300064086914,63.1349983215332,61.073001861572266,62.9010009765625,26283000,61.37864990234375,57.973839874267576,47.00435489654541,0.02858439285601233,55.255055441034045,1.297483890395469,1.4593625679073086,-0.16187867751183949,63.36826096827255,61.37864990234375,59.389038836414954,0.4935542021468808,807555000,bull,hold
2024-03-28,60.733001708984375,61.5,60.159000396728516,61.499000549316406,37088000,61.40069999694824,58.227839889526365,47.096034908294676,0.0073144346418954065,51.62025136848809,1.1138307735300756,1.390256209031862,-0.27642543550178633,63.35103791722112,61.40069999694824,59.45036207667536,0.32882497411770434,770467000,bull,hold
2024-04-01,61.430999755859375,61.51100158691406,60.55699920654297,60.79999923706055,21159000,61.3755500793457,58.485839920043944,47.185324897766115,-0.008121522385401092,55.19376458595333,1.0129305315938808,1.3147910735442658,-0.30186054195038503,63.31064443618714,61.3755500793457,59.44045572250426,0.5143273831370638,791626000,bull,hold
2024-04-02,61.42100143432617,61.50299835205078,60.55099868774414,61.099998474121094,20292000,61.36745014190674,58.74835998535156,47.27199991226196,-0.0026305757806152075,55.13094648420034,0.9215366807056711,1.236140194976547,-0.31460351427087585,63.30035825921533,61.36745014190674,59.434542024598144,0.5138525188910688,771334000,bull,hold
2024-04-03,63.007999420166016,63.04100036621094,61.150001525878906,61.275001525878906,29312000,61.525350189208986,59.03709999084472,47.364404907226564,0.05276526360164291,62.43849541487944,0.966028099185543,1.1821177758183463,-0.21608967663280332,63.45256386814329,61.525350189208986,59.598136510274685,0.8846613500006124,800646000,bull,hold
2024-04-04,61.7140007019043,63.79999923706055,61.65800094604492,63.32099914550781,30643000,61.6226001739502,59.28699996948242,47.45699491500854,0.03254194753219686,54.6263682257778,0.8866522119316826,1.1230246630410137,-0.23637245110933103,63.37373912886436,61.6226001739502,59.871461219036036,0.526097451517941,770003000,bull,hold
2024-04-05,63.61800003051758,63.79100036621094,62.270999908447266,62.492000579833984,33788000,61.76095008850098,59.4696199798584,47.557734909057615,0.04547169663468997,62.13372548161462,0.9662448140930309,1.0916686932514172,-0.12542387915838638,63.67593732937288,61.76095008850098,59.845962847629075,0.9848726671335624,803791000,bull,hold
2024-04-08,62.840999603271484,63.900001525878906,62.81100082397461,63.638999938964844,21457000,61.878900146484376,59.60243995666504,47.65971490859985,0.039003360014097765,57.921944092279894,0.9556094134523221,1.0644568372915983,-0.10884742383927626,63.75444945185147,61.878900146484376,60.00335084111728,0.756484714647051,782334000,bull,hold
2024-04-09,61.81999969482422,63.19900131225586,61.5629997253418,63.19900131225586,21436000,61.965250205993655,59.69799995422363,47.75757490158081,0.028738808732472254,52.85215113173571,0.8549394126929712,1.022553352371873,-0.1676139396789018,63.65364138801448,61.965250205993655,60.27685902397283,0.4569855277864022,760898000,bull,hold
2024-04-10,61.858001708984375,62.013999938964844,60.933998107910156,61.09700012207031,28062000,62.00275020599365,59.78358001708985,47.854854907989505,0.012273351754680695,53.01698769365954,0.7693555053906707,0.9719137829756327,-0.20255827758496203,63.64602901204662,62.00275020599365,60.35947139994068,0.4559574137766222,788960000,bull,hold
2024-04-11,62.87799835205078,63.16600036621094,61.7239990234375,62.44200134277344,26627000,62.09940013885498,59.915439987182616,47.96127489089966,0.03171710012151707,57.32919211669211,0.7749022560350198,0.9325114775875102,-0.15760922155249035,63.709507287772055,62.09940013885498,60.48929298993791,0.7417845960498558,815587000,bull,hold
2024-04-12,62.28300094604492,63.3120002746582,61.891998291015625,62.823001861572266,29593000,62.14850025177002,60.032880020141604,48.064149894714355,0.016019351712407204,54.20390398137222,0.722953025365193,0.8905997871430469,-0.16764676177785387,63.7175938189271,62.14850025177002,60.579406684612934,0.5428593606812743,785994000,bull,hold
2024-04-15,60.71500015258789,63.016998291015625,60.387001037597656,63.016998291015625,30854000,62.15485019683838,60.11216003417969,48.152804889678954,0.002096106469011927,46.94140311113839,0.5489305958710062,0.8222659488886388,-0.27333535301763257,63.69946873097948,62.15485019683838,60.61023166269728,0.0339140336513142,755140000,bull,hold
2024-04-16,61.75199890136719,62.244998931884766,60.75,60.75,35191000,62.15050010681152,60.217919998168945,48.24744487762451,-0.0014069082544930778,51.56355806591786,0.48905616416569586,0.7556239919440503,-0.2665678277783544,63.699137047944525,62.15050010681152,60.601863165678516,0.37133807968161214,790331000,bull,hold
2024-04-17,61.36899948120117,62.09700012207031,60.770999908447266,62.09700012207031,33122000,62.11525001525879,60.321179962158205,48.33404487609863,-0.011357441378851307,49.83675402890628,0.4060200469569395,0.6857032029466282,-0.27968315598968874,63.700899513753356,62.11525001525879,60.52960051676422,0.2646861633778103,757209000,bull,hold
2024-04-18,61.055999755859375,62.132999420166016,60.542999267578125,61.209999084472656,84684000,62.02959995269775,60.43053993225098,48.41860486984253,-0.027290561005224312,48.40994678262102,0.31136761182928296,0.6108360847231592,-0.29946847289387624,63.64943474358087,62.02959995269775,60.40976516181463,0.19947546431337645,672525000,bull,hold
2024-04-19,55.50400161743164,57.900001525878906,55.215999603271484,56.78799819946289,164497000,61.691250038146975,60.422019958496094,48.47317487716675,-0.1086701402091611,31.294872624787246,-0.20923306618610127,0.4468222545413071,-0.6560553207274084,64.95789572293862,61.691250038146975,58.42460435335534,-0.4470339023177519,508028000,bull,hold
2024-04-22,55.459999084472656,55.861000061035156,54.20100021362305,55.066001892089844,85977000,61.3242000579834,60.41415992736816,48.53105487823486,-0.11689303922971073,31.200722288321785,-0.6182368414349213,0.23381043534606144,-0.8520472767809828,65.5255641882026,61.3242000579834,57.1228359277642,-0.19789249297998704,422051000,bull,hold
2024-04-23,57.775001525878906,57.92100143432617,55.52799987792969,55.64899826049805,49755000,61.075650215148926,60.44701995849609,48.6008798789978,-0.07922412559890768,41.22000621442424,-0.7469634011736943,0.03765566804211029,-0.7846190692158046,65.49372812370831,61.075650215148926,56.65757230658954,0.12646101341088925,471806000,bull,hold
2024-04-24,55.512001037597656,57.691001892089844,55.130001068115234,57.430999755859375,53553000,60.70505027770996,60.44155998229981,48.65758487701416,-0.11779287352905998,35.74061068023583,-1.0198293954624162,-0.17384134465879503,-0.8459880508036213,65.65253391671911,60.70505027770996,55.75756663870081,-0.024817222149756565,418253000,bull,hold
2024-04-25,56.47999954223633,56.65399932861328,54.57099914550781,54.94599914550781,38071000,60.46140022277832,60.4621199798584,48.7198798751831,-0.07942563603623898,39.44847960347057,-1.1447720527777179,-0.36802748628257964,-0.7767445664951382,65.72698430909128,60.46140022277832,55.195816136465375,0.12194121152760468,456324000,bull,hold
2024-04-26,56.12300109863281,56.29199981689453,55.319000244140625,55.82099914550781,43326000,60.23090019226074,60.42592002868653,48.77846988677979,-0.07590602276570158,38.56467994349597,-1.2580942720697266,-0.546040843440009,-0.7120534286297175,65.82227235232783,60.23090019226074,54.63952803219365,0.13265733562093643,412998000,bull,hold
2024-04-29,55.94900131225586,55.9640007019043,55.42399978637695,55.917999267578125,25089000,59.956800270080564,60.35798004150391,48.83302490234375,-0.08923830745698769,38.11644773935236,-1.3464225547921629,-0.7061171857104398,-0.6403053690817231,65.81698826827859,59.956800270080564,54.096612271882535,0.1580486019341805,387909000,bull,hold
2024-04-30,55.06399917602539,56.0,54.9379997253418,56.0,33615000,59.638950157165525,60.29136001586914,48.88738988876343,-0.10349883769150114,35.83504693871316,-1.4708802395327822,-0.8590697964749083,-0.6118104430578739,65.82739197206739,59.638950157165525,53.45050834226366,0.1303632547595761,354294000,bull,hold
2024-05-01,55.17100143432617,56.03900146484375,54.42499923706055,54.784000396728516,34732000,59.247100257873534,60.24452003479004,48.93821989059448,-0.12438100015807796,36.331237939744405,-1.5430918609376718,-0.9958742093674611,-0.5472176515702107,65.52444374798183,59.247100257873534,52.96975676776524,0.17533250092412545,389026000,bull,hold
2024-05-02,56.51499938964844,56.54600143432617,55.558998107910156,55.60200119018555,30682000,58.98715019226074,60.22812004089356,48.983394889831544,-0.0842434658768676,42.36046725351245,-1.4748693130561037,-1.0916732301051897,-0.383196082950914,65.26492851082506,58.98715019226074,52.709371873696426,0.30310305038155055,419708000,bull,hold
2024-05-03,57.933998107910156,58.0260009765625,56.51599884033203,56.599998474121094,33075000,58.70295009613037,60.20986000061035,49.034269886016844,-0.08934581281839737,47.963364800444374,-1.2914144924550186,-1.1316214825751554,-0.15979300987986322,64.62074475766875,58.70295009613037,52.785155434592006,0.43503052807679493,452783000,bull,hold
2024-05-06,59.696998596191406,59.73400115966797,58.025001525878906,58.18199920654297,36863000,58.545750045776366,60.23667999267578,49.11404487609863,-0.05003104703822059,53.95236920539693,-0.9923268932897855,-1.1037625647180813,0.1114356714282958,64.17552641541943,58.545750045776366,52.915973676133305,0.6022463837660422,489646000,bull,hold
2024-05-07,60.599998474121094,60.60499954223633,59.13199996948242,59.62799835205078,36141000,58.484749984741214,60.273379974365234,49.203294868469236,-0.01973473352840005,56.701159656534664,-0.6746562553250257,-1.0179413028394704,0.34328504751444466,63.99649590691684,58.484749984741214,52.973004062565586,0.6918855222325757,525787000,bull,hold
2024-05-08,60.946998596191406,61.821998596191406,60.16299819946289,60.16299819946289,30939000,58.43919982910156,60.28897994995117,49.293844852447506,-0.014727328520550254,57.745011706416996,-0.39039969156555543,-0.8924329805846875,0.502033289019132,63.85286882986253,58.43919982910156,53.02553082834059,0.731617297505383,556726000,bull,hold
2024-05-09,61.20899963378906,61.571998596191406,60.57500076293945,61.439998626708984,20654000,58.355749893188474,60.320199966430664,49.386039848327634,-0.02654344543407816,58.55740749987961,-0.14234219056027797,-0.7424148225798056,0.6000726320195277,63.539737567626645,58.355749893188474,53.1717622187503,0.775198353062232,577380000,bull,hold
2024-05-10,61.08700180053711,62.39799880981445,60.50600051879883,61.900001525878906,26536000,58.295949935913086,60.336100006103514,49.480139865875245,-0.01920265766487217,57.99824463759337,0.043894966726441,-0.5851528647185563,0.6290478314449973,63.32255030783575,58.295949935913086,53.269349563990424,0.7776281838729556,550844000,bull,hold
2024-05-13,61.659000396728516,61.821998596191406,60.68299865722656,61.43000030517578,20862000,58.343149948120114,60.330600051879884,49.58184986114502,0.015548056357871598,59.930217374598385,0.2349365595478119,-0.4211349798652827,0.6560715394130946,63.47632253674822,58.343149948120114,53.20997735949201,0.8229825601377838,571706000,bull,hold
2024-05-14,61.36600112915039,62.14799880981445,60.84000015258789,61.516998291015625,27924000,58.323850059509276,60.32626007080078,49.67578987121582,-0.0062507737252899265,58.447175758673296,0.35856252050364645,-0.26519547979149694,0.6237580002951434,63.40828183672508,58.323850059509276,53.23941828229347,0.7991633286607862,543782000,bull,hold
2024-05-15,61.35200119018555,62.40999984741211,60.90999984741211,61.856998443603516,56706000,58.3230001449585,60.35630012512207,49.7630648803711,-0.0002769849787241929,58.37284601344684,0.45021748030372066,-0.12211288777245344,0.5723303680761741,63.40540080426312,58.3230001449585,53.24059948565388,0.7979892031614721,487076000,bull,hold
2024-05-16,61.051998138427734,61.83399963378906,60.909000396728516,61.57500076293945,30564000,58.32280006408691,60.38196006774902,49.849014873504636,-6.554011804971172e-05,56.70854516983179,0.4929643708296041,0.0009025639479580683,0.492061806881646,63.40477064021243,58.32280006408691,53.24082948796139,0.7685176973635249,456512000,bull,hold
2024-05-17,62.11000061035156,62.57899856567383,61.47100067138672,61.70000076293945,37827000,58.65310001373291,60.40714004516602,49.944714870452884,0.11901842750821112,60.938322879335644,0.6052367543770885,0.12176940203378415,0.4834673523433043,63.817350721106926,58.65310001373291,53.488849306358894,0.8346952726058163,494339000,bull,hold
2024-05-20,64.08200073242188,64.43699645996094,61.95199966430664,62.040000915527344,38579000,59.084200096130374,60.47914009094238,50.049624881744386,0.15546342932348067,67.3429919569468,0.8436127141378265,0.26613806445459265,0.5774746496832338,64.54144391863163,59.084200096130374,53.62695627362911,0.9579051989288639,532918000,bull,hold
2024-05-21,65.06099700927734,65.08799743652344,63.422000885009766,63.67599868774414,29202000,59.448499870300296,60.57850006103516,50.15912986755371,0.12610982762388767,69.9750022249173,1.0988572549629083,0.4326819025562558,0.6661753524066525,65.45285436727313,59.448499870300296,53.444145373327466,0.9673689021698045,562120000,bull,hold
2024-05-22,64.0469970703125,64.92500305175781,63.8120002746582,64.71399688720703,21762000,59.87524967193603,60.637279968261716,50.258984851837155,0.1537504660827158,64.20322449235698,1.205423697743612,0.587230261593727,0.6181934361498849,65.91295139032717,59.87524967193603,53.8375479535449,0.8454747843595123,540358000,bull,hold
2024-05-23,63.56700134277344,64.27100372314453,63.0,64.23400115966797,23139000,60.22959976196289,60.68972000122071,50.357669849395755,0.125478078221962,61.612509137070376,1.2368886453294436,0.7171619383408704,0.5197267069885733,66.26050744540788,60.22959976196289,54.198692078517894,0.7766914829397744,517219000,bull,hold
2024-05-24,64.67500305175781,65.19999694824219,63.7599983215332,63.939998626708984,26153000,60.65719985961914,60.75720008850098,50.4665948677063,0.15237962663641902,65.11215972860848,1.3358326734102022,0.8408960853547368,0.49493658805546537,66.67550291593196,60.65719985961914,54.638896803306324,0.8337986766821465,543372000,bull,hold
2024-05-28,64.9000015258789,64.9749984741211,64.3030014038086,64.70500183105469,26095000,61.104749870300296,60.84344009399414,50.57610486984253,0.15998498639263992,65.79412073733883,1.4160783551878637,0.9559325393213622,0.4601458158665015,66.98570337402278,61.104749870300296,55.22379636657781,0.8226731560771839,569467000,bull,hold
2024-05-29,65.46199798583984,66.42500305175781,64.38899993896484,64.41300201416016,36959000,61.62464981079101,60.91590003967285,50.69258485794067,0.18883479161356842,67.50283567506015,1.5076428849514372,1.0662746084473773,0.44136827650405985,67.1021874654726,61.62464981079101,56.14711215610943,0.8502804012464521,606426000,bull,hold
2024-05-30,64.76599884033203,65.64900207519531,64.4729995727539,65.35199737548828,23889000,62.10439968109131,60.96973999023437,50.80252485275268,0.173913780003204,63.286458435056026,1.506679061791779,1.1543554991162577,0.35232356267552123,66.87162930403922,62.10439968109131,57.33717005814341,0.7791557539444544,582537000,bull,hold
2024-05-31,64.16200256347656,64.85800170898438,62.83000183105469,64.4010009765625,40710000,62.48674983978272,60.9976000213623,50.91148487091064,0.13530926756461725,59.79586828923555,1.440571758748959,1.2115987510427981,0.2289730077061609,66.57822616297342,62.48674983978272,58.395273516592006,0.7047247242026583,541827000,bull,hold
2024-06-03,63.37900161743164,64.6780014038086,62.72700119018555,64.52200317382812,23235000,62.75900001525879,61.019760055541994,51.020654888153075,0.0939863238746168,55.52067722316366,1.3098999015950454,1.2312589811532477,0.07864092044179771,66.2885057669998,62.75900001525879,59.22949426351778,0.5878312213922613,518592000,bull,hold
2024-06-04,63.1619987487793,63.52299880981445,62.64400100708008,63.37799835205078,30082000,62.932250022888184,61.026980056762696,51.13496488571167,0.05804312166556658,54.36067959466376,1.1752832615780164,1.2200638372382016,-0.04478057566018512,66.17179623320348,62.932250022888184,59.69270381257289,0.535460016770181,488510000,bull,hold
2024-06-05,65.0270004272461,65.125,62.82500076293945,63.402000427246094,26826000,63.15360012054443,61.07260009765625,51.257834892272946,0.07305283934974893,61.756101263430864,1.2051959052990355,1.2170902508503685,-0.011894345551332952,66.3298231259086,63.15360012054443,59.97737711518026,0.7949100714178075,515336000,bull,hold
2024-06-06,64.85199737548828,65.79900360107422,64.42400360107422,64.48899841308594,24667000,63.348850059509275,61.111160049438475,51.37794988632202,0.06407204405863709,60.76115219059625,1.2009369535977967,1.2138595913998542,-0.01292263780205749,66.43737640953547,63.348850059509275,60.260323709483075,0.7433437739597487,490669000,bull,hold
2024-06-07,64.14700317382812,65.04000091552734,64.02400207519531,64.93800354003906,18766000,63.49575023651123,61.16704010009766,51.492099895477295,0.04799953532351475,56.79170101810255,1.1276754231741037,1.1966227577547042,-0.06894733458060043,66.43926753333176,63.49575023651123,60.5522329396907,0.6106249550529829,471903000,bull,hold
2024-06-10,64.44999694824219,64.47899627685547,63.558998107910156,64.10099792480469,20644000,63.663899993896486,61.241380004882814,51.60057487487793,0.055052548800578194,58.05984152258644,1.0815962297962685,1.1736174521630172,-0.0920212223667487,66.41579030145873,63.663899993896486,60.91200968633424,0.6428285408370923,492547000,bull,hold
2024-06-11,64.8550033569336,65.01899719238281,64.052001953125,64.0719985961914,21674000,63.82370014190674,61.3098600769043,51.721384887695315,0.05183351886409526,59.759931059167265,1.0654766182443325,1.1519892853792801,-0.08651266713494765,66.4600948166437,63.82370014190674,61.187305467169786,0.6955896863449978,514221000,bull,hold
2024-06-12,65.00599670410156,65.5780029296875,64.31099700927734,65.22100067138672,20944000,64.0056999206543,61.381559982299805,51.83839986801147,0.0593161605445085,60.404352201336245,1.0527501626059959,1.1321414608246232,-0.07939129821862734,66.43254753594857,64.0056999206543,61.57885230536002,0.706089739039089,535165000,bull,hold
2024-06-13,65.32599639892578,65.5250015258789,64.23500061035156,64.4000015258789,18636000,64.2043996810913,61.427919921875,51.95599985122681,0.06477368515529291,61.80054274318429,1.0563091811362213,1.116975004886943,-0.060665823750721604,66.3658520021841,64.2043996810913,62.04294735999851,0.7594544202731747,553801000,bull,hold
2024-06-14,66.93800354003906,67.55799865722656,65.26399993896484,65.50499725341797,44471000,64.49869995117187,61.5323999786377,52.07569486618042,0.09640970944579985,67.93445957859791,1.1756530367557048,1.1287106112606953,0.04694242549500949,66.45635580825518,64.49869995117187,62.54104409408856,1.1230164459297463,598272000,bull,hold
2024-06-17,67.58300018310547,68.27100372314453,66.51100158691406,66.91100311279297,36312000,64.77234992980956,61.611699981689455,52.19627487182617,0.08811784767301623,70.00955815090794,1.307211025798999,1.164410694168356,0.14280033163064298,66.84461532968307,64.77234992980956,62.70008452993606,1.1781588529798057,634584000,bull,hold
2024-06-18,68.56700134277344,68.70600128173828,67.46399688720703,67.56300354003906,29438000,64.99659996032715,61.726220016479495,52.32226987838745,0.0699884610201067,72.891759619943,1.4738823515950514,1.2263050256536951,0.24757732594135629,67.61913519347068,64.99659996032715,62.374064727183615,1.180715617720526,664022000,bull,hold
2024-06-20,67.90299987792969,68.98799896240234,67.37200164794922,68.18000030517578,25851000,65.13870010375976,61.8478800201416,52.441844882965086,0.04368212906800495,68.133375607078,1.534700141258611,1.2879840487746783,0.24671609248393267,68.05169237052776,65.13870010375976,62.22570783699176,0.9744777055719669,638171000,bull,hold
2024-06-21,68.61199951171875,68.69000244140625,67.80999755859375,68.32599639892578,45064000,65.36695022583008,61.98295997619629,52.560564880371096,0.07127582322703852,70.3584456358691,1.62141832171028,1.3546709033617987,0.26674741834848126,68.59983285997683,65.36695022583008,62.134067591683326,1.001881703284464,683235000,bull,hold
2024-06-24,66.9020004272461,68.55000305175781,66.44999694824219,68.5,39163000,65.53370018005371,62.063440017700195,52.67219488143921,0.052464313464926304,59.55714522075847,1.5344720310326068,1.3906311288959603,0.14384090213664646,68.72174355571273,65.53370018005371,62.3456568043947,0.7145987500733938,644072000,bull,hold
2024-06-25,67.24099731445312,67.36699676513672,66.2300033569336,67.34400177001953,22706000,65.66199989318848,62.16259994506836,52.78682987213135,0.039675208992905775,60.840599376427065,1.4759073437998609,1.4076863718767405,0.06822097192312038,68.90750106387358,65.66199989318848,62.41649872250338,0.743259413295995,666778000,bull,hold
2024-06-26,67.76899719238281,68.2959976196289,67.00199890136719,67.24099731445312,35458000,65.80544967651367,62.303679885864256,52.90427486419678,0.04420640368336337,62.819727542920546,1.4553235210586308,1.4172138017131186,0.038109719345512216,69.15548336425177,65.80544967651367,62.455415988775584,0.7930638463511849,702236000,bull,hold
2024-06-27,68.43399810791016,68.85700225830078,67.81400299072266,67.93499755859375,24048000,65.95404968261718,62.437319869995115,53.02376485824585,0.04540038821780512,65.20494775660529,1.475660217060593,1.4289030847826134,0.04675713227797962,69.48854532134673,65.95404968261718,62.419554043887636,0.8508206939228777,726284000,bull,hold
2024-06-28,67.48799896240234,68.69999694824219,67.30799865722656,67.9000015258789,34124000,66.0901496887207,62.559699859619144,53.14385984420776,0.04202822732311873,59.37001009896756,1.399312565944001,1.422984981014891,-0.023672415070889796,69.64076564815258,66.0901496887207,62.53953372928881,0.6968460246972626,692160000,bull,hold
2024-07-01,67.36100006103516,67.50199890136719,66.37799835205078,67.48899841308594,22128000,66.25009956359864,62.68579986572266,53.27454484939575,0.04985813050946741,58.611722321759245,1.3134184817299968,1.401071681157912,-0.08765319942791527,69.7263043486945,66.25009956359864,62.77389477850278,0.6597864001280183,670032000,bull,hold
2024-07-02,67.95800018310547,68.17400360107422,67.00700378417969,67.35399627685547,24114000,66.47904949188232,62.934879837036135,53.414089851379394,0.07224788098294099,61.125304412870356,1.2787787561806994,1.3766130961624696,-0.09783433998177027,69.76676475497983,66.47904949188232,63.19133422878481,0.7249207387001267,694146000,bull,hold
2024-07-03,68.2509994506836,68.375,67.55000305175781,67.74800109863281,14035000,66.73349952697754,63.19069984436035,53.55687484741211,0.08057060895341994,62.334337343242616,1.2604395537345567,1.3533783876768872,-0.09293883394233049,69.72974527367447,66.73349952697754,63.73725378028061,0.7532335549210127,708181000,bull,hold
2024-07-05,69.06500244140625,69.7490005493164,67.7229995727539,68.2509994506836,26591000,66.93539962768554,63.4164998626709,53.70499986648559,0.06209731323341572,65.54076137805805,1.2966419607220558,1.342031102285921,-0.0453891415638652,69.98813402564039,66.93539962768554,63.882665229730684,0.8488025055745787,734772000,bull,hold
2024-07-08,68.5739974975586,68.88600158691406,68.14900207519531,68.69999694824219,19308000,67.12149963378906,63.67773979187012,53.849769859313966,0.05739222032777502,62.10632315154818,1.2710606377902423,1.3278370093867853,-0.05677637159654303,70.0963176218865,67.12149963378906,64.14668164569161,0.7441322241530629,715464000,bull,hold
2024-07-09,68.5739974975586,69.5270004272461,68.47200012207031,69.0,25961000,67.34284934997558,63.919619750976565,53.999489841461184,0.0690132680358273,62.10632315154819,1.2365332692506144,1.3095762613595512,-0.07304299210893683,70.04580762669234,67.34284934997558,64.63989107325882,0.7277408715828331,741425000,bull,hold
2024-07-10,67.76499938964844,68.72200012207031,67.31600189208984,68.50199890136719,26519000,67.5085994720459,64.15245971679687,54.146239833831785,0.051435261417753564,56.45349161804349,1.1308549033050923,1.2738319897486594,-0.1429770864435671,69.86614356736256,67.5085994720459,65.15105537672925,0.5543786048608558,714906000,bull,hold
2024-07-11,65.2750015258789,67.2490005493164,64.74400329589844,67.2490005493164,51066000,67.52959938049317,64.33897972106934,54.28270984649658,0.006475956321115639,43.369256191472346,0.836538919163246,1.1863733756315766,-0.34983445646833067,69.79801902097853,67.52959938049317,65.2611797400078,0.003046567227778065,663840000,bull,hold
2024-07-12,64.76000213623047,65.59200286865234,64.37100219726562,65.2750015258789,33552000,67.51729965209961,64.53289978027344,54.41410985946655,-0.003784182696110805,41.24027643103965,0.5553336934486595,1.0601654391949933,-0.5048317457463338,69.84228184934175,67.51729965209961,65.19231745485747,-0.09297174815785939,630288000,bull,hold
2024-07-15,65.6449966430664,66.75399780273438,64.66300201416016,64.75,32088000,67.53324966430664,64.74237968444824,54.55270984649658,0.004883205182093064,46.1338284873833,0.39928547221248323,0.9279894457984913,-0.5287039735860081,69.80156761556218,67.53324966430664,65.2649317130511,0.08377682013338078,662376000,bull,hold
2024-07-16,65.63200378417969,66.36799621582031,64.91300201416016,66.18000030517578,26857000,67.46794967651367,64.92471977233886,54.692074871063234,-0.019510587211914565,46.073163050799,0.2714387406523002,0.7966793047692531,-0.5252405641169529,69.8721737850389,67.46794967651367,65.06372556798844,0.11818328711041681,635519000,bull,hold
2024-07-17,64.74600219726562,65.04499816894531,63.946998596191406,65.0,40173000,67.32609977722169,65.06095985412598,54.82762487411499,-0.04197798230551242,42.01575689561309,0.09750241422706551,0.6568439266608156,-0.5593415124337501,70.00545796164589,67.32609977722169,64.64674159279748,0.018523205490995887,595346000,bull,hold
2024-07-18,64.30400085449219,65.7040023803711,63.91699981689453,65.66000366210938,75758000,67.11294975280762,65.15309989929199,54.96034488677979,-0.0621727712281025,40.11769571409397,-0.07514299039260663,0.5104465432501312,-0.5855895336427378,70.03114741394796,67.11294975280762,64.19475209166728,0.0187185337511054,519588000,bull,hold
2024-07-19,63.33399963378906,67.89700317382812,62.9119987487793,66.06400299072266,98156000,66.88449974060059,65.20777992248536,55.08684988021851,-0.06728716334115414,36.24768903506412,-0.28692916842260274,0.35097140091558443,-0.6379005693381872,70.20690503158188,66.88449974060059,63.5620944496193,-0.034326759659546284,421432000,bull,hold
2024-07-22,64.75,65.62899780273438,63.2599983215332,63.95000076293945,52191000,66.69139976501465,65.28383995056153,55.2222248840332,-0.05628752316217123,44.64278618573757,-0.3366313679401145,0.21345084714444468,-0.5500822150845592,70.03857667278895,66.69139976501465,63.344222857240354,0.20999444927672148,473623000,bull,hold
2024-07-23,64.2760009765625,64.99099731445312,64.0999984741211,64.75,24636000,66.56009979248047,65.34517997741699,55.35515489578247,-0.03925143394687114,42.61959076212518,-0.40954747065181607,0.08885118358519253,-0.4983986542370086,70.0661794057312,66.56009979248047,63.05402017922974,0.17426597968774835,448987000,bull,hold
2024-07-24,63.5989990234375,65.24199676513672,63.266998291015625,63.57400131225586,48882000,66.37799987792968,65.395419921875,55.48685489654541,-0.05416335920753501,39.8422596328735,-0.5160141175196458,-0.032121876635775135,-0.4838922408838706,70.09564052822586,66.37799987792968,62.660359227633506,0.12624132939384747,400105000,bull,hold
2024-07-25,63.409000396728516,64.99800109863281,62.16999816894531,64.0999984741211,45545000,66.16000003814698,65.430419921875,55.61314489364624,-0.06433615629986567,39.072709115467575,-0.6087042399311287,-0.14743834929484584,-0.4612658906362828,70.03385769715626,66.16000003814698,62.286142379137694,0.14492762982390864,354560000,bull,hold
2024-07-26,63.137001037597656,64.6989974975586,62.97700119018555,64.5,31207000,65.89515018463135,65.46583992004395,55.735854892730714,-0.07740300459955485,37.94284764879689,-0.6960858603274147,-0.2571678515013596,-0.4389180088260551,69.83465301238044,65.89515018463135,61.95564735688226,0.14993689970142565,323353000,bull,hold
2024-07-29,62.69599914550781,63.46099853515625,62.393001556396484,63.46099853515625,24005000,65.65555019378662,65.49271987915039,55.86267488479614,-0.07100521412057514,36.11917553539507,-0.7917942795473039,-0.36409313711054847,-0.4277011424367554,69.75793120191443,65.65555019378662,61.55316918565882,0.13928861770576328,299348000,bull,hold
2024-07-30,62.257999420166016,63.46900177001953,61.70000076293945,63.016998291015625,34966000,65.40040016174316,65.51683990478516,55.99099988937378,-0.07575601069231985,34.35313263150337,-0.8926963606779381,-0.4698137818240264,-0.42288257885391173,69.67779214546024,65.40040016174316,61.12300817802609,0.13267327923890807,264382000,bull,hold
2024-07-31,62.834999084472656,63.36000061035156,62.257999420166016,62.65700149536133,31349000,65.14425010681153,65.53133987426757,56.12457489013672,-0.07538481245518469,38.61144245238525,-0.9155490565971078,-0.5589608367786427,-0.3565882198184651,69.39179336655579,65.14425010681153,60.896706847067264,0.22816627387593616,295731000,bull,hold
2024-08-01,62.48500061035156,64.6709976196289,61.76100158691406,62.92499923706055,37206000,64.85595016479492,65.49939987182617,56.259159889221195,-0.08448226233666212,37.04183512420598,-0.9509400891520059,-0.6373566872533154,-0.3135834018986905,69.00240643453738,64.85595016479492,60.709493895052454,0.21409929344430134,258525000,bull,hold
2024-08-02,61.36399841308594,62.527000427246094,60.834999084472656,62.097999572753906,35230000,64.47089996337891,65.42545989990235,56.38556987762451,-0.11150371036117368,32.486660251773515,-1.0572558587230318,-0.7213365215472587,-0.33591933717577316,68.40734076189831,64.47089996337891,60.53445916485951,0.10536666124109331,223295000,bull,hold
2024-08-05,59.85499954223633,60.45600128173828,58.70399856567383,58.70399856567383,40442000,64.03495006561279,65.34161994934082,56.506984882354736,-0.12714729013184167,27.57147688711025,-1.2488791680704097,-0.826845050851889,-0.4220341172185207,67.98837672755832,64.03495006561279,60.08152340366726,-0.02864905318864052,182853000,bull,hold
2024-08-06,60.957000732421875,62.244998931884766,60.0620002746582,60.0620002746582,43191000,63.654100227355954,65.28941993713379,56.638674888610836,-0.11107704148949316,35.27333828027338,-1.2968702224095878,-0.9208500851634288,-0.376020137246159,67.23510009831773,63.654100227355954,60.07310035639418,0.12341530408800336,226044000,bull,hold
2024-08-07,61.14799880981445,63.20000076293945,61.06399917602539,61.606998443603516,31878000,63.323250198364256,65.21887985229492,56.743529891967775,-0.09764628701294986,36.533033341049524,-1.3044545896079995,-0.997570986052343,-0.3068836035556566,66.5266739273746,63.323250198364256,60.11982646935391,0.16048022794321104,257922000,bull,hold
2024-08-08,63.03499984741211,63.229000091552734,61.60200119018555,62.19900131225586,32835000,63.211250114440915,65.18157981872558,56.8582248878479,-0.0343163787989913,47.42049290195793,-1.1450011809709508,-1.0270570250360644,-0.11794415593488639,66.28801765789704,63.211250114440915,60.13448257098479,0.471357883795338,290757000,bull,hold
2024-08-09,63.39400100708008,63.6619987487793,62.29899978637695,62.29899978637695,19808000,63.1429500579834,65.1402198791504,56.97177490234375,-0.02109328418916423,49.20575394073549,-0.978386581057066,-1.0173229362402647,0.03893635518319871,66.13874576836976,63.1429500579834,60.14715434759703,0.5419005455255668,310565000,bull,hold
2024-08-12,63.31399917602539,63.900001525878906,62.707000732421875,63.099998474121094,23317000,63.02640018463135,65.11117988586426,57.08147989273071,-0.03550914138537353,48.80804496940465,-0.8430802846724106,-0.9824744059266939,0.1393941212542833,65.79664576649361,63.02640018463135,60.25615460276909,0.5519085732465471,287248000,bull,hold
2024-08-13,64.802001953125,65.09700012207031,63.54999923706055,63.85599899291992,26396000,62.984900093078615,65.12397987365722,57.19986490249634,-0.012646297281795893,55.941044456491284,-0.6087622493354914,-0.9077319746084535,0.29896972527296206,65.6193051222819,62.984900093078615,60.35049506387533,0.8448789840406441,313644000,bull,hold
2024-08-14,66.16799926757812,66.35700225830078,64.87000274658203,64.87000274658203,40143000,63.05599994659424,65.17975982666016,57.32893489837647,0.021962700739112995,61.27546743029005,-0.3092738347495043,-0.7880403466366637,0.47876651188715935,65.94148033084177,63.05599994659424,60.17051956234671,1.0392515121525294,353787000,bull,hold
2024-08-15,66.3219985961914,67.31900024414062,65.9800033569336,66.8489990234375,32102000,63.1568998336792,65.2429598236084,57.46160989761353,0.03138214908689063,61.83645803906216,-0.05882257961754078,-0.6421967932328391,0.5833742136152983,66.33606986399111,63.1568998336792,59.97772980336728,0.9977869589129326,385889000,bull,hold
2024-08-16,67.40699768066406,68.02300262451172,66.53600311279297,66.94300079345703,35110000,63.360549736022946,65.29055976867676,57.59360488891602,0.06430981890336884,65.61585777959776,0.22462289002632474,-0.4688328565810064,0.6934557466073311,67.04125923619871,63.360549736022946,59.67984023584718,1.0496831445741486,420999000,bull,hold
2024-08-19,68.85299682617188,68.88400268554688,67.29100036621094,67.40699768066406,30162000,63.56569957733154,65.37057975769044,57.732024879455565,0.06336674635014483,69.89482240028721,0.5594861055994755,-0.26316906414491004,0.8226551697443856,67.92764377637079,63.56569957733154,59.2037553782923,1.106071170053586,451161000,bull,hold
2024-08-20,69.85399627685547,71.13300323486328,68.82499694824219,68.88600158691406,48131000,63.84459934234619,65.48471961975098,57.87119985580444,0.08678192817762453,72.45070809971708,0.8953192237742797,-0.031471406561072085,0.9267906303353518,68.99465238484292,63.84459934234619,58.69454629984946,1.0834305865319729,499292000,bull,hold
2024-08-21,69.71199798583984,70.0999984741211,69.13800048828125,69.69999694824219,22353000,64.1502492904663,65.58995964050293,58.00740484237671,0.09611784864962392,71.52306627578986,1.136905772077796,0.20220402916670152,0.9347017429110944,69.89677591464468,64.1502492904663,58.403722666287926,0.9839226422420645,476939000,bull,hold
2024-08-22,68.89600372314453,70.1500015258789,68.6240005493164,69.0999984741211,27294000,64.4245994567871,65.67077964782715,58.135704860687255,0.08653350931390968,66.27189989497717,1.2481332317350393,0.4113898696803691,0.8367433620546703,70.51689321447093,64.4245994567871,58.33230569910329,0.8669721490955626,449645000,bull,hold
2024-08-23,68.6729965209961,69.60700225830078,67.86299896240234,69.41300201416016,23545000,64.70139923095704,65.74411964416504,58.26169984817505,0.08768226859716988,64.87014844814564,1.3032637639818887,0.5897646485406731,0.7134991154412156,71.03288913106799,64.70139923095704,58.369909330846085,0.8136384447181586,426100000,bull,hold
2024-08-26,68.84400177001953,69.05899810791016,68.16400146484375,68.72599792480469,13542000,65.00879936218261,65.81447975158692,58.388614864349364,0.09806052552481304,65.47322554458812,1.3452466365876177,0.7408610461500621,0.6043855904375556,71.51554126971838,65.00879936218261,58.502057454646845,0.7947098918581038,439642000,bull,hold
2024-08-27,69.5719985961914,70.78900146484375,68.69200134277344,68.85299682617188,31649000,65.37449932098389,65.86715965270996,58.518149852752686,0.11747886607574332,67.99237911301562,1.420882575485166,0.8768653520170828,0.5440172234680831,72.04187675123823,65.37449932098389,58.707121890729546,0.8147788856350519,471291000,bull,hold
2024-08-28,68.38400268554688,69.66699981689453,67.70999908447266,69.58300018310547,24306000,65.65194950103759,65.8831797027588,58.64249486923218,0.08831071348651376,60.26497288051067,1.3691802033963825,0.9753283222929428,0.3938518811034397,72.33533316485882,65.65194950103759,58.96856583721636,0.7043914671021018,446985000,bull,hold
2024-08-29,69.24800109863281,69.9800033569336,68.60700225830078,69.0,21870000,65.99009952545165,65.89679969787598,58.765114879608156,0.10823398291142627,63.51282624557779,1.3819924040471108,1.0566611386437763,0.32533126540333446,72.68268047789871,65.99009952545165,59.29751857300459,0.7433965010157964,468855000,bull,hold
2024-08-30,70.13500213623047,70.18599700927734,68.81600189208984,70.03600311279297,32667000,66.42864971160888,65.941439743042,58.89347988128662,0.1429340321681858,66.53685247694274,1.4470391693334221,1.1347367447817054,0.31230242455171675,72.99958693335623,66.42864971160888,59.85771248986154,0.7820261630528857,501522000,bull,hold
2024-09-03,67.53199768066406,70.38600158691406,67.10099792480469,70.01000213623047,31610000,66.81249961853027,65.9198397064209,59.006814861297606,0.12825993145335346,52.72637458658052,1.2738641807879532,1.162562231982955,0.11130194880499822,72.65961454867106,66.81249961853027,60.96538468838947,0.5615259038628537,469912000,bull,hold
2024-09-04,67.96800231933594,68.46499633789062,67.30599975585938,67.33100128173828,17853000,67.16304969787598,65.94115974426269,59.11568487167359,0.11501552738281373,54.43246813916532,1.1584497970547858,1.161739744997321,-0.003289947942535232,72.36947605681246,67.16304969787598,61.9566233389395,0.5773037555864312,487765000,bull,hold
2024-09-05,68.36199951171875,68.73100280761719,67.18599700927734,67.31400299072266,18101000,67.5237497329712,65.96357978820801,59.224019870758056,0.11797607186363757,55.97855856827578,1.0862536907068687,1.1466425341392306,-0.06038884343236184,71.95520390330697,67.5237497329712,63.09229556263543,0.5945795382877714,505866000,bull,hold
2024-09-06,66.5770034790039,68.31500244140625,66.23400115966797,68.18599700927734,29913000,67.70084991455079,65.93973991394043,59.32394989013672,0.05619106274555197,48.027920553351116,0.8749179843692048,1.0922976241852254,-0.2173796398160206,71.65835149425773,67.70084991455079,63.743348334843844,0.3580106144101523,475953000,bull,hold
2024-09-09,67.54199981689453,68.3499984741211,67.21399688720703,67.4000015258789,26831000,67.9082498550415,65.92189994812011,59.42442489624023,0.06543204000251057,51.99726971206192,0.7763507657954136,1.029108252507263,-0.2527574867118494,71.34118110697028,67.9082498550415,64.47531860311273,0.44665636867309877,502784000,bull,hold
2024-09-10,67.36199951171875,68.05899810791016,66.58100128173828,67.68699645996094,20792000,68.11064987182617,65.91937995910645,59.52375989913941,0.06393531270136821,51.2115825350228,0.6759194361204948,0.9584704892299094,-0.28255105310941464,70.84184080994812,68.11064987182617,65.37945893370421,0.36294433873923654,481992000,bull,hold
2024-09-11,68.14700317382812,68.2969970703125,66.08000183105469,67.74600219726562,23919000,68.27789993286133,65.9351000213623,59.62549491882324,0.051618794479879826,54.444489226471255,0.652152510576272,0.897206893499182,-0.24505438292291004,70.5490995523009,68.27789993286133,66.00670031342176,0.47118334339420476,505911000,bull,hold
2024-09-12,68.68000030517578,69.48799896240234,68.22000122070312,68.49199676513672,25821000,68.40349998474122,65.9495400238037,59.72911491394043,0.037963986600823896,56.54975320026242,0.6686180522023903,0.8514891252398238,-0.18287107303743344,70.46195741632052,68.40349998474122,66.34504255316192,0.5671620204995997,531732000,bull,hold
2024-09-13,69.70600128173828,69.96399688720703,68.0,68.0009994506836,22765000,68.57270011901855,65.97864006042481,59.83805992126465,0.051023834582409666,60.34844011914995,0.7557450581343659,0.8323403118187322,-0.07659525368436637,70.4688816966885,68.57270011901855,66.6765185413486,0.798837721045773,554497000,bull,hold
2024-09-16,69.6500015258789,70.302001953125,68.86299896240234,70.0,18437000,68.68485031127929,65.99034004211425,59.946809921264645,0.03327553403047134,60.03990522056619,0.8109272610822131,0.8280577016714284,-0.017130440589215312,70.55715828335168,68.68485031127929,66.8125423392069,0.7577437123047986,536060000,bull,hold
2024-09-17,70.69100189208984,70.76300048828125,69.83699798583984,70.08200073242188,22986000,68.7767505645752,66.03268013000488,60.061669921875,0.026694626968209567,63.75008279844186,0.927962608718218,0.8480386830807864,0.07992392563743156,70.84339729273316,68.7767505645752,66.71010383641723,0.9631297892941899,559046000,bull,hold
2024-09-18,69.0469970703125,70.75499725341797,68.80000305175781,70.75499725341797,29844000,68.73640060424805,66.04214012145997,60.169919910430906,-0.011552656248105753,55.05624276101748,0.8779362131491553,0.8540181890944603,0.02391802405469501,70.7481240424124,68.73640060424805,66.7246771660837,0.5771966116644405,529202000,bull,hold
2024-09-19,70.43199920654297,71.56600189208984,69.53700256347656,70.5,42285000,68.7724006652832,66.09548011779785,60.289209899902346,0.010328225291281523,60.004720974819854,0.9392212734920946,0.8710588059739872,0.0681624675181074,70.87632558027157,68.7724006652832,66.66847575029483,0.8944053633845919,571487000,bull,hold
2024-09-20,70.10299682617188,70.66699981689453,69.63099670410156,70.55500030517578,39981000,68.83275032043457,66.19204002380371,60.412774887084964,0.0175190582588447,58.36088884631927,0.9502880536913665,0.8869046555174631,0.06338339817390337,71.01517406707339,68.83275032043457,66.65032657379575,0.7910173855314829,531506000,bull,hold
2024-09-23,70.53700256347656,71.2249984741211,69.91600036621094,70.23899841308594,32243000,68.92595062255859,66.30758003234864,60.537884902954104,0.027143216939871984,59.92070436987627,0.9827506547869973,0.90607385537137,0.07667679941562733,71.22899623889462,68.92595062255859,66.62290500622255,0.8497655299335823,563749000,bull,hold
2024-09-24,72.22599792480469,72.24400329589844,70.44499969482422,70.66300201416016,35657000,69.09505043029785,66.4392000579834,60.675649890899656,0.04912550211829725,65.35918470267805,1.1317195516512157,0.9512029946273391,0.1805165570238766,71.80915423220752,69.09505043029785,66.38094662838817,1.0767921426409472,599406000,bull,hold
2024-09-25,72.15599822998047,72.51200103759766,71.62100219726562,72.0999984741211,22598000,69.2242504119873,66.56967994689941,60.810429878234864,0.037141374201236754,64.96573050660652,1.2299519646881691,1.0069527886395053,0.22299917604866382,72.24550400649947,69.2242504119873,66.20299681747512,0.9851873115382331,576808000,bull,hold
2024-09-26,71.14299774169922,72.5260009765625,70.1719970703125,72.4729995727539,28330000,69.36220016479493,66.69761985778808,60.93926486968994,0.04034562101957029,59.393551710718945,1.2120889790885627,1.047980026729317,0.16410895235924583,72.46815698353076,69.36220016479493,66.2562433460591,0.7866745548685863,548478000,bull,hold
2024-09-27,70.73500061035156,71.07099914550781,70.125,70.83599853515625,23956000,69.43655014038086,66.82623985290527,61.06299488067627,0.021473536970413765,57.263213432516395,1.1517340029233765,1.0687308219681289,0.08300318095524761,72.59869561642947,69.43655014038086,66.27440466433225,0.70531162778653,524522000,bull,hold
2024-09-30,70.927001953125,71.12100219726562,70.28199768066406,70.69999694824219,17099000,69.47615013122558,66.97809989929199,61.186129894256595,0.011292504352621968,58.02620433207861,1.1066385132952803,1.0763123602335591,0.03032615306172115,72.69167709545964,69.47615013122558,66.26062316699152,0.7256009416243558,541621000,bull,hold
2024-10-01,70.61299896240234,71.7760009765625,69.85900115966797,71.36399841308594,28135000,69.6302001953125,67.09535987854004,61.29920488357544,0.04562283639686315,56.25727537694567,1.0336473524942988,1.0677793586857072,-0.034132006191408326,72.75225517104886,69.6302001953125,66.50814521957614,0.657396134073207,513486000,bull,hold
2024-10-02,71.10900115966797,71.62100219726562,70.46900177001953,70.61299896240234,17582000,69.7872501373291,67.23201988220215,61.41983488082886,0.04621290508987719,58.413873379618316,1.004248215437869,1.0550731300361396,-0.050824914598270654,72.87486388212069,69.7872501373291,66.6996363925375,0.7140408632019623,531068000,bull,hold
2024-10-03,70.68000030517578,70.88099670410156,70.0,70.4260025024414,22564000,69.90315017700195,67.37363990783692,61.537204875946045,0.03390773836361638,55.84915764973662,0.9355479890046752,1.0311681018298469,-0.09562011282517169,72.94169589222803,69.90315017700195,66.86460446177587,0.6278325556007035,508504000,bull,hold
2024-10-04,71.97000122070312,72.10099792480469,70.88200378417969,71.33200073242188,22290000,70.17280006408691,67.54485992431641,61.65399488449097,0.0810039121601498,61.34512393981124,0.9739675656702502,1.0197279945979276,-0.0457604289276774,72.92664103501242,70.17280006408691,67.4189590931614,0.8263080867033888,530794000,bull,hold
2024-10-07,70.19200134277344,71.58799743652344,69.64299774169922,71.47599792480469,33605000,70.30530014038087,67.68595993041993,61.757444896698,0.03923486916382446,51.778086848712334,0.8511342800244392,0.98600925168323,-0.1348749716587907,72.78103574055537,70.30530014038087,67.82956454020636,0.47711815478206926,497189000,bull,hold
2024-10-08,72.1760025024414,72.50599670410156,70.3550033569336,70.38800048828125,31874000,70.54600028991699,67.8755599975586,61.87368991851807,0.07146466888776337,59.38898826867178,0.9034657381384221,0.9695005489742684,-0.06603481083584628,72.7516344983413,70.54600028991699,68.34036608149268,0.8695087350156934,529063000,bull,hold
2024-10-09,72.74299621582031,72.85900115966797,71.88700103759766,71.92500305175781,19811000,70.7757999420166,68.08525993347168,61.99159990310669,0.06744233536240496,61.27028361937812,0.9794005301709205,0.971480545213599,0.007919984957321602,72.889543428828,70.7757999420166,68.6620564552052,0.9653346742587103,548874000,bull,hold
2024-10-10,73.02899932861328,73.38500213623047,72.25,72.3290023803711,27679000,70.99324989318848,68.2891399383545,62.113364906311034,0.06332264129459753,62.220978335021464,1.0505474043773404,0.9872939170463473,0.06325348733099312,73.0946018091165,70.99324989318848,68.89189797726046,0.984390410762244,576553000,bull,hold
2024-10-11,72.27899932861328,73.5999984741211,72.12200164794922,73.48999786376953,22995000,71.12189979553223,68.48501991271972,62.229164905548096,0.03691214528969233,58.187309613448626,1.0344881473666732,0.9967327631104126,0.03775538425626057,73.2072547316726,71.12189979553223,69.03654485939185,0.7774346738360614,553558000,bull,hold
2024-10-14,71.30000305175781,72.66200256347656,71.13099670410156,72.5,27971000,71.20439987182617,68.68374000549316,62.33976991653442,0.02368989935005006,53.32750183856438,0.9320205005878961,0.9837903106059094,-0.051769810018013285,73.17785557441107,71.20439987182617,69.23094416924127,0.5242222766405192,525587000,bull,hold
2024-10-15,70.5979995727539,71.33999633789062,69.97799682617188,71.2509994506836,29328000,71.19974975585937,68.89860000610352,62.447504920959474,-0.0013156175021808991,50.096472732665625,0.7851179869735603,0.9440558458794396,-0.1589378589058793,73.17845379718905,71.19974975585937,69.2210457145297,0.3479433582444464,496259000,bull,hold
2024-10-16,70.19999694824219,70.55899810791016,69.78199768066406,70.34300231933594,24943000,71.25739974975586,69.08345993041992,62.55506490707398,0.016698769343372888,48.30935872726637,0.6293267143862096,0.8811100195807936,-0.25178330519458403,73.03925493641698,71.25739974975586,69.47554456309474,0.2032859882696022,471316000,bull,hold
2024-10-17,68.76499938964844,70.44100189208984,67.78800201416016,70.43499755859375,89267000,71.17404975891114,69.2357999420166,62.66463991165161,-0.02366821665825536,42.43192484002741,0.38562347091131244,0.7820127098468974,-0.396389238935585,73.23642065717397,71.17404975891114,69.11167886064831,-0.0840487691355343,382049000,bull,hold
2024-10-18,76.38899993896484,76.62799835205078,73.62300109863281,73.76399993896484,159741000,71.48834991455078,69.50287994384766,62.811454906463624,0.08966810831753458,66.05860198288423,0.7984756918276048,0.785305306243039,0.013170385584565847,74.49965288333412,71.48834991455078,68.47704694576744,1.3137092274036573,541790000,bull,hold
2024-10-21,77.20700073242188,77.30000305175781,75.66000366210938,76.57599639892578,60571000,71.82184982299805,69.77913993835449,62.960154914855956,0.0945602722903196,67.59528615529217,1.1780895955354822,0.8638621641015276,0.3142274314339546,75.69259108184423,71.82184982299805,67.95110856415187,1.1956226920511182,602361000,bull,hold
2024-10-22,76.42400360107422,76.97000122070312,76.11199951171875,76.5270004272461,29873000,72.03175010681153,70.04134002685547,63.105244941711426,0.05812319382059794,64.58122341090026,1.3996210640818845,0.971013944097599,0.42860711998428547,76.39176181759024,72.03175010681153,67.67173839603282,1.0036974423032254,572488000,bull,hold
2024-10-23,74.92900085449219,76.37899780273438,74.4260025024414,76.28299713134766,37490000,72.1704002380371,70.24388000488281,63.23737495422363,0.038430659855517746,59.157332299335636,1.4379760290096328,1.0644063610800059,0.373569667929627,76.71006228959303,72.1704002380371,67.63073818648118,0.8038332573136806,534998000,bull,hold
2024-10-24,75.45500183105469,75.58200073242188,74.625,75.1969985961914,26430000,72.38600044250488,70.42962005615234,63.373604965209964,0.060610379464345554,60.416962473783954,1.4935992158553404,1.1502449320350727,0.34335428382026767,77.11561016178881,72.38600044250488,67.65639072322095,0.8244455220096322,561428000,bull,hold
2024-10-25,75.46800231933594,76.8499984741211,75.35299682617188,75.61699676513672,28195000,72.62265052795411,70.61254013061523,63.511779975891116,0.06691173631363112,60.449429275345096,1.5211946380519805,1.2244348732384542,0.2967597648135263,77.47030790751141,72.62265052795411,67.7749931483968,0.7934769898735781,589623000,bull,hold
2024-10-28,74.91200256347656,75.86799621582031,74.78800201416016,75.86799621582031,28624000,72.82190055847168,70.76264022827148,63.64022499084473,0.056184534812076414,58.24894596159294,1.481126174769372,1.2757731335446378,0.2053530412247342,77.7018761220967,72.82190055847168,67.94192499484666,0.7141508679453588,560999000,bull,hold
2024-10-29,75.94400024414062,76.38800048828125,74.8010025024414,75.11299896240234,36604000,73.0884506225586,70.90446029663086,63.77386499404907,0.0754960327428773,61.080846914254366,1.515179174646292,1.3236543417649687,0.19152483288132327,78.03856352956845,73.0884506225586,68.13833771554874,0.7884327767088187,597603000,bull,hold
2024-10-30,75.3740005493164,75.97899627685547,75.22799682617188,75.80799865722656,17220000,73.30170059204102,71.01486038208007,63.910114994049074,0.05997833354559168,58.71209919455609,1.4791218151377308,1.3547478364395211,0.12437397869820965,78.25980701007212,73.30170059204102,68.34359417400991,0.708980988159015,580383000,bull,hold
2024-10-31,75.60299682617188,76.0790023803711,75.2229995727539,75.39299774169922,30577000,73.54785041809082,71.13268035888672,64.04796497344971,0.06965190293916268,59.3934153760752,1.452283167350103,1.3742549026216377,0.07802826472846536,78.44937984243163,73.54785041809082,68.64632099375001,0.7096433817040125,610960000,bull,hold
2024-11-01,75.61000061035156,76.37999725341797,74.7770004272461,75.3479995727539,29968000,73.72985038757324,71.26696029663086,64.18335998535156,0.05057661981255235,59.41547384666644,1.4152642076521857,1.3824567636277474,0.03280744402443836,78.65377827161673,73.72985038757324,68.80592250352974,0.690919756244923,640928000,bull,hold
2024-11-04,75.5510025024414,76.24800109863281,74.96900177001953,75.31400299072266,19022000,73.99780044555663,71.40452041625977,64.31964000701905,0.07634774699609981,59.12411140117959,1.3654259803900288,1.3790506069802038,-0.013624626590174937,78.70076979537247,73.99780044555663,69.2948310957408,0.6651299361482756,621906000,bull,hold
2024-11-05,76.39099884033203,76.75299835205078,75.62699890136719,75.73500061035156,22006000,74.20855026245117,71.55546035766602,64.45874000549317,0.05839886100297731,61.982624172335115,1.3778267810803015,1.3788058418002234,-0.0009790607199218204,78.94373229974035,74.20855026245117,69.47336822516199,0.7304503354564044,643912000,bull,hold
2024-11-06,78.02100372314453,78.14900207519531,75.73799896240234,77.1500015258789,36908000,74.47245063781739,71.72444046020507,64.60275001525879,0.07255691656781593,66.83007697980065,1.5018696579585082,1.4034186050318804,0.09845105292662781,79.43438230190381,74.47245063781739,69.51051897373097,0.8575777867932904,680820000,bull,hold
2024-11-07,79.65399932861328,79.8219985961914,77.99400329589844,78.13700103759766,32951000,74.80370063781739,71.94984039306641,64.72858501434327,0.09071738707782462,70.84132919874003,1.712206380074747,1.4651761600404538,0.2470302200342931,80.20137037759143,74.80370063781739,69.40603089804334,0.9492956150183928,713771000,bull,hold
2024-11-08,79.50399780273438,79.90599822998047,78.86499786376953,79.73600006103516,19106000,75.16495056152344,72.15496032714844,64.84510499954223,0.09995985751370129,70.00389049682326,1.8455218511204805,1.5412452982564593,0.3042765528640212,80.80024717640784,75.16495056152344,69.52965394663904,0.8849883633232629,694665000,bull,hold
2024-11-11,80.54399871826172,80.68199920654297,79.55699920654297,79.58999633789062,23992000,75.62715034484863,72.36314025878906,64.96261499404908,0.1296493025364045,72.43676260873937,2.011902742197023,1.6353767870445721,0.3765259551524509,81.43243426062372,75.62715034484863,69.82186642907354,0.9234804399533503,718657000,bull,hold
2024-11-12,81.94999694824219,82.03700256347656,80.375,80.75,28141000,76.19475021362305,72.65150024414062,65.08446998596192,0.16079772010805526,75.34778791444779,2.2314898775722583,1.7545994051501095,0.47689047242214877,82.14032413335045,76.19475021362305,70.24917629389566,0.9839942125286885,746798000,bull,hold
2024-11-13,83.0469970703125,83.6989974975586,82.05400085449219,82.26200103759766,27678000,76.83710021972657,72.95308013916015,65.21827997207642,0.18300570770027647,77.35712971585781,2.4656109776744586,1.8968017196549793,0.5688092580194792,82.82898132402266,76.83710021972657,70.84521911543047,1.0181925961559486,774476000,bull,hold
2024-11-14,83.72599792480469,84.0999984741211,83.00199890136719,83.36699676513672,30382000,77.58515014648438,73.26036010742187,65.35485496520997,0.21756705690320133,78.52394156071495,2.675106369535399,2.0524626496310634,0.6226437199043358,83.07367857880091,77.58515014648438,72.09662171416785,1.0594257052731033,804858000,bull,hold
2024-11-15,82.39600372314453,83.2040023803711,81.64900207519531,83.2040023803711,36737000,77.88550033569337,73.57674011230469,65.48307998657226,0.0786370261291458,70.82517554804542,2.702658989584208,2.1825019176216927,0.5201570719625153,83.72551838113965,77.88550033569337,72.04548229024708,0.8861720419655381,768121000,bull,hold
2024-11-18,84.70500183105469,84.84500122070312,80.93299865722656,81.55000305175781,40812000,78.260400390625,73.92000015258789,65.62428499221802,0.09711555982622366,75.34465684506179,2.8776398487767096,2.3215295038526964,0.5561103449240132,84.79895209211868,78.260400390625,71.7218486891313,0.9928156673409394,808933000,bull,hold
2024-11-19,87.13200378417969,87.4489974975586,83.91600036621094,83.9749984741211,38142000,78.79580039978028,74.31540023803711,65.77891500473022,0.1401130492848841,79.02301952808531,3.1755464914272267,2.4923329013676025,0.6832135900596241,86.32392396376775,78.79580039978028,71.2676768357928,1.0536707330547528,847075000,bull,hold
2024-11-20,88.38500213623047,89.05999755859375,86.83999633789062,87.99800109863281,40938000,79.46860046386719,74.72016021728516,65.94290000915527,0.17958335395221758,80.62975256092341,3.4727148521697018,2.6884092915280227,0.7843055606416791,87.85085164916947,79.46860046386719,71.08634927856491,1.031861994782356,888013000,bull,hold
2024-11-21,89.74800109863281,90.80000305175781,87.7239990234375,88.39299774169922,45113000,80.1832504272461,75.1415202331543,66.11199001312256,0.18942414579195743,82.22470344059757,3.7746932303542167,2.905666079293262,0.8690271510609548,89.46391082065625,80.1832504272461,70.90259003383593,1.015305499066547,933126000,bull,hold
2024-11-22,89.77899932861328,90.5999984741211,89.30000305175781,89.5999984741211,32140000,80.89880027770997,75.5429801940918,66.28162000656128,0.18962999641519152,82.26047847827385,3.970742323000323,3.118681328034674,0.8520609949656488,90.80089992554244,80.89880027770997,70.9967006298775,0.9483998024018649,965266000,bull,hold
2024-11-25,86.55899810791016,90.20500183105469,86.4219970703125,90.20500183105469,60142000,81.48115005493165,75.88116012573242,66.43375499725342,0.15547569342528966,67.14332812147876,3.8222252204532765,3.259390106518395,0.5628351139348817,91.27575422787572,81.48115005493165,71.68654588198757,0.7592166035154947,905124000,bull,hold
2024-11-26,87.26000213623047,88.63600158691406,86.7249984741211,86.7490005493164,31383000,82.04695014953613,76.21254013061524,66.5911300086975,0.14900455408869395,68.50049002354537,3.7182280942729733,3.3511577040693106,0.3670703902036627,91.80403847477501,82.04695014953613,72.28986182429725,0.7671417851783517,936507000,bull,hold
2024-11-27,87.73400115966797,88.09500122070312,85.89099884033203,87.20600128173828,25782000,82.66495018005371,76.58628021240234,66.75254001617432,0.16398228195761666,69.42026876927507,3.63218778253389,3.407363719762227,0.22482406277166334,92.21670054323779,82.66495018005371,73.11319981686962,0.765346705413922,962289000,bull,hold
2024-11-29,88.68099975585938,89.24099731445312,87.66799926757812,88.21700286865234,20272000,83.31885032653808,76.95126022338867,66.90628002166748,0.1729825996151546,71.22789165298698,3.598928876080805,3.4456767510259425,0.15325212505486263,92.63496147119106,83.31885032653808,74.0027391818851,0.7877890434142641,982561000,bull,hold
2024-12-02,89.77400207519531,90.23400115966797,88.41200256347656,88.7509994506836,23890000,84.02705039978028,77.34468032836914,67.05842002868653,0.18732973615271464,73.19718750650752,3.6190489620138067,3.4803511932235156,0.13869776879029105,93.03994458061113,84.02705039978028,75.01415621894942,0.8188183262840244,1006451000,bull,hold
2024-12-03,90.21700286865234,90.26899719238281,88.8030014038086,89.43599700927734,24016000,84.76035041809082,77.73828033447266,67.21753004074097,0.19412052627279186,73.97469261472331,3.6289089335246985,3.5100627412837526,0.11884619224094584,93.26774546999829,84.76035041809082,76.25295536618336,0.8207005444832417,1030467000,bull,hold
2024-12-04,91.10600280761719,91.59700012207031,89.80500030517578,89.80500030517578,26896000,85.49610061645508,78.1158804321289,67.38549505233765,0.19262745860990238,75.50999414327225,3.666196268916167,3.5412894468102354,0.12490682210593151,93.5120041110688,85.49610061645508,77.48019712184136,0.849923261609354,1057363000,bull,hold
2024-12-05,91.78700256347656,92.69999694824219,91.11100006103516,91.78500366210938,28353000,86.18440055847168,78.50850051879883,67.55775506973266,0.17643965321415656,76.64652002038898,3.7079547456143445,3.5746225065710577,0.13333223904328673,93.87201113281604,86.18440055847168,78.49678998412732,0.8643916370908721,1085716000,bull,hold
2024-12-06,93.4739990234375,93.5270004272461,91.27100372314453,91.52300262451172,29554000,86.87540054321289,78.9551205444336,67.7308900642395,0.17350038681434787,79.21929927799404,3.832990822504499,3.626296169757746,0.2066946527467528,94.57526116134231,86.87540054321289,79.17553992508347,0.9284881770903829,1115270000,bull,hold
2024-12-09,91.36900329589844,93.02999877929688,90.25900268554688,92.80000305175781,33501000,87.4686508178711,79.36780059814453,67.8959550857544,0.14923784741747914,69.00408558180933,3.7193528666175553,3.644907509129708,0.0744453574878472,94.61365238906852,87.4686508178711,80.32364924667367,0.7729427306041646,1081769000,bull,hold
2024-12-10,91.33499908447266,92.28800201416016,90.95800018310547,91.3759994506836,23886000,88.00820083618164,79.77596054077148,68.05880508422851,0.13397646675026942,68.84963687150673,3.5852219057762227,3.6329703884590114,-0.04774848268278875,94.58742259920068,88.00820083618164,81.42897907316261,0.7528261220035568,1057883000,bull,hold
2024-12-11,93.65599822998047,94.17500305175781,92.30799865722656,92.47100067138672,35017000,88.59350090026855,80.23682052612304,68.22625007629395,0.1428432180312531,73.25062394934409,3.6244272454336226,3.631261759853934,-0.006834514420311244,94.99311108821074,88.59350090026855,82.19389071232636,0.8955316949812359,1092900000,bull,hold
2024-12-12,92.55500030517578,93.40899658203125,92.26000213623047,93.33499908447266,24862000,89.06890106201172,80.6657405090332,68.39078508377075,0.11448942851977217,68.31969121959035,3.5260107711587665,3.610211562114901,-0.08420079095613442,95.15469960142657,89.06890106201172,82.98310252259687,0.7864126392441549,1068038000,bull,hold
2024-12-13,91.88700103759766,92.55500030517578,90.96099853515625,91.68099975585938,24858000,89.47695121765136,81.08988052368164,68.54876008987426,0.097472748191338,65.44133799257736,3.355433697077828,3.5592559891074864,-0.2038222920296584,95.1558541796712,89.47695121765136,83.79804825563153,0.7121932559919201,1043180000,bull,hold
2024-12-16,92.10800170898438,92.89399719238281,91.94999694824219,92.39399719238281,26749000,89.96255111694336,81.49264053344727,68.69963010787964,0.11786976973389063,65.95241552605086,3.2011818128563476,3.487641153857259,-0.2864593410009113,94.72314264078405,89.96255111694336,85.20195959310267,0.725334454898804,1069929000,bull,hold
2024-12-17,91.91300201416016,92.84500122070312,91.64199829101562,92.15399932861328,24595000,90.32295112609863,81.927060546875,68.85128011703492,0.08509533117633272,65.03845983662171,3.0282929613822347,3.3957715153622545,-0.36747855398001983,94.49142396782953,90.32295112609863,86.15447828436773,0.6907234313899571,1045334000,bull,hold
2024-12-18,88.95500183105469,92.24400329589844,88.65599822998047,91.91300201416016,29382000,90.41410102844239,82.26264053344727,68.99680513381958,0.020922255516933275,53.03275703855476,2.6223624453484433,3.2410897013594924,-0.618727256011049,94.37399505233257,90.41410102844239,86.4542070045522,0.3157653729386567,1015952000,bull,hold
2024-12-19,90.2040023803711,91.26200103759766,89.9000015258789,90.81800079345703,28155000,90.50505104064942,82.61186065673829,69.14898014068604,0.020580417493648362,56.66986736183094,2.3740766154059116,3.0676870841687762,-0.6936104687628646,94.35642130161739,90.50505104064942,86.65368077968145,0.4609166816120838,1044107000,bull,hold
2024-12-20,90.90499877929688,91.99199676513672,89.04900360107422,89.32099914550781,45305000,90.56290092468262,82.96938064575195,69.29925012588501,0.01289162618109474,58.60728462619309,2.208415616756625,2.895832790686346,-0.6874171739297212,94.40178528951131,90.56290092468262,86.72401655985394,0.544556936612692,1089412000,bull,hold
2024-12-23,91.1449966430664,91.5,89.91000366210938,91.34200286865234,23394000,90.63120079040527,83.34670059204102,69.45256511688233,0.015215109598774257,59.27860840484062,2.0726022352465634,2.7311866795983897,-0.6585844443518263,94.46046187088847,90.63120079040527,86.80193970992208,0.567088119856834,1112806000,bull,hold
2024-12-24,93.21199798583984,93.58499908447266,91.16999816894531,91.5,23203000,90.96385078430175,83.78494049072266,69.61816011428833,0.07686086973460138,64.60324133936876,2.1074653370739327,2.6064424110934983,-0.4989770740195656,94.46187197407093,90.96385078430175,87.46582959453258,0.8213455664753188,1136009000,bull,hold
2024-12-26,92.41400146484375,93.04900360107422,91.52999877929688,92.83999633789062,23403000,91.22155075073242,84.22126052856446,69.77469011306762,0.0590648544858714,61.27223319106279,2.04710519196378,2.494574967267555,-0.44746977530377485,94.32757772920056,91.22155075073242,88.11552377226428,0.6919575590260063,1112606000,bull,hold
2024-12-27,90.75499725341797,91.81300354003906,89.44999694824219,91.60099792480469,32262000,91.37260055541992,84.63236053466797,69.9237401008606,0.03443358394486151,54.931047887400744,1.8441434295903605,2.364488659732116,-0.5203452301417557,94.04973959180404,91.37260055541992,88.6954615190358,0.3846523670216023,1080344000,bull,hold
2024-12-30,90.04299926757812,90.822998046875,88.97100067138672,89.45099639892578,22030000,91.44070053100586,85.05792053222656,70.06745010375977,0.015358414039854829,52.42350290841469,1.6073143641357461,2.213053800612842,-0.605739436477096,93.90101513233625,91.44070053100586,88.98038592967546,0.21595070348484327,1058314000,bull,hold
2024-12-31,89.13200378417969,90.26799774169922,88.9469985961914,90.18000030517578,18759000,91.40860061645508,85.31278060913085,70.21017011642456,-0.007151271817846361,49.32118370458068,1.330775549344537,2.0365981503591812,-0.7058226010146442,93.96974600567135,91.40860061645508,88.8474552272388,0.05555103551305298,1039555000,bull,hold
2025-01-02,88.6729965209961,89.85800170898438,87.69999694824219,89.55000305175781,23123000,91.33140029907227,85.54210052490234,70.34434009552002,-0.017114360913808913,47.78672320555672,1.0623325874240237,1.8417450377721498,-0.7794124503481261,94.11498630701104,91.33140029907227,88.5478142911335,0.022485784435179918,1016432000,bull,hold
2025-01-03,88.1050033569336,89.88300323486328,87.98899841308594,89.31300354003906,29673000,91.18135032653808,85.77572052001953,70.47449510574342,-0.032939645667702244,45.88435286020623,0.7945976772485608,1.6323155656674322,-0.8377178884188714,94.30065437173472,91.18135032653808,88.06204628134144,0.006885682666668033,986759000,bull,hold
2025-01-06,88.17900085449219,89.28299713134766,87.16899871826172,88.8759994506836,34577000,91.00095024108887,86.04072052001953,70.60154510498047,-0.03930841631405502,46.1849261358004,0.581681548828044,1.4221887622995546,-0.8405072134715106,94.36685851480892,91.00095024108887,87.63504196736882,0.08080417570651371,1021336000,bull,hold
2025-01-07,87.91899871826172,88.80000305175781,86.91100311279297,87.93800354003906,26498000,90.72320022583008,86.29000045776367,70.72978509902954,-0.05942829410543282,45.234235257652074,0.3874971575875463,1.215250441357153,-0.8277532837696067,94.14332437635862,90.72320022583008,87.30307607530155,0.09004390131056918,994838000,bull,hold
2025-01-08,87.5,88.62200164794922,87.30000305175781,88.0,23479000,90.52975006103516,86.53064041137695,70.85328010559083,-0.04234481231417919,43.67402630218179,0.19751806832027796,1.011703966749778,-0.8141858984295001,94.20968877765644,90.52975006103516,86.84981134441388,0.08834232111657127,971359000,bull,hold
2025-01-10,83.76899719238281,86.64099884033203,83.44000244140625,86.63999938964844,48033000,90.15144996643066,86.70778030395508,70.95839509963989,-0.08283792596409079,32.81885833296515,-0.25120671924400995,0.7591218295510205,-1.0103285487950304,94.83987995780585,90.15144996643066,85.46301997505547,-0.18065992088918648,923326000,bull,hold
2025-01-13,84.02899932861328,84.70700073242188,82.91400146484375,83.15299987792969,30245000,89.6701000213623,86.86948028564453,71.06392009735107,-0.10279105538683442,34.049043368723545,-0.579168057958384,0.49146385204913956,-1.0706319100075237,94.77843569570376,89.6701000213623,84.56176434702084,-0.05214663369554709,953571000,bull,hold
2025-01-14,82.83999633789062,84.48899841308594,82.35199737548828,84.31999969482422,30377000,89.18434982299804,87.01880020141601,71.17135507583617,-0.10496465815193656,31.23247572900452,-0.9243668603938744,0.2082977095605368,-1.1326645699544111,94.91294595789809,89.18434982299804,83.455753688098,-0.053744175336085075,923194000,bull,hold
2025-01-15,84.82599639892578,85.08399963378906,83.04100036621094,83.64399719238281,31814000,88.83129959106445,87.2032601928711,71.29182004928589,-0.07684443456569778,40.13957085498768,-1.0258603120155385,-0.03853389475467825,-0.9873264172608602,94.7182699500851,88.83129959106445,82.9443292320438,0.1598162596486229,955008000,bull,hold
2025-01-16,84.23699951171875,86.89800262451172,84.2020034790039,86.09600067138672,40285000,88.43774948120117,87.37580017089844,71.40585004806519,-0.08545405449283427,38.545016378459614,-1.1406727644078103,-0.2589616686853047,-0.8817110957225056,94.44699706654774,88.43774948120117,82.4285018958546,0.15047621105462022,914723000,bull,hold
2025-01-17,85.80999755859375,86.5,85.21299743652344,85.97899627685547,36176000,88.13259925842286,87.58098007202149,71.52779502868653,-0.06639979460823375,44.84645792812239,-1.0921450949996796,-0.4255983539481797,-0.6665467410514999,94.0236203845039,88.13259925842286,82.24157813234181,0.3028693455582462,950899000,bull,hold
2025-01-21,86.96800231933594,91.63999938964844,85.4749984741211,86.35299682617188,98514000,88.03324928283692,87.79252014160156,71.64759504318238,-0.02233713080566846,48.992941322295664,-0.9493022950908028,-0.5303391421767043,-0.41896315291409847,93.93245569091839,88.03324928283692,82.13404287475545,0.4097126893168483,1049413000,bull,hold
2025-01-22,95.39900207519531,99.9000015258789,95.07599639892578,99.8030014038086,142732000,88.29299926757812,88.14008010864258,71.81602005004883,0.05759167617549843,67.90934349232046,-0.1540117756623971,-0.4550736688738429,0.3010618932114458,94.95927146907073,88.29299926757812,81.62672706608552,1.0329817469819285,1192145000,bull,hold
2025-01-23,98.48600006103516,98.5,95.38999938964844,95.78099822998047,77521000,88.67204933166504,88.51672012329101,71.99036005020142,0.08339476798348322,72.00341373893349,0.7170904566708742,-0.22064084376489948,0.9377313004357737,96.62688521968276,88.67204933166504,80.71721344364731,1.1168543806260514,1269666000,bull,hold
2025-01-24,97.75900268554688,98.62799835205078,96.76799774169922,98.44100189208984,45504000,89.00274963378907,88.88182022094726,72.1649500656128,0.07256576099708067,69.74667453230475,1.3334118969879398,0.0901697043856684,1.2432421926022714,97.8420603431219,89.00274963378907,80.16343892445623,0.9953018023516624,1224162000,bull,hold
2025-01-27,97.18900299072266,98.22699737548828,96.0260009765625,97.11000061035156,46342000,89.2015998840332,89.21472030639649,72.34179508209229,0.0426662349356246,67.9484887789346,1.7556191820140583,0.42325959991134643,1.3323595821027119,98.57361368016956,89.2015998840332,79.82958608789684,0.9261305670496499,1177820000,bull,hold
2025-01-28,97.18299865722656,97.79299926757812,95.7300033569336,96.6709976196289,34340000,89.44004974365234,89.51938034057618,72.5184200668335,0.051604704014434954,67.92862148512256,2.0659223310631347,0.7517921461417041,1.3141301849214306,99.35387089116293,89.44004974365234,79.52622859614175,0.8905128405266075,1143480000,bull,hold
2025-01-29,97.81500244140625,98.76399993896484,96.822998046875,98.0,29307000,89.79305000305176,89.81474044799805,72.69310508728027,0.07779191671698715,68.9574794994763,2.335910315739156,1.0686157800611946,1.2672945356779612,100.35086995603064,89.79305000305176,79.23523005007289,0.8799057226814664,1172787000,bull,hold
2025-01-30,97.3239974975586,99.45899963378906,97.0009994506836,98.67500305175781,38678000,90.15709991455078,90.08670043945312,72.86831007003784,0.08086134723637683,67.15501331159632,2.481650817434925,1.3512227875359408,1.1304280298989844,101.21458479644436,90.15709991455078,79.09961503265721,0.8240744916026732,1134109000,bull,hold
2025-01-31,97.6760025024414,99.02899932861328,97.4000015258789,97.4000015258789,36151000,90.58429985046386,90.39230041503906,73.05311508178711,0.09585781038817198,67.80473213214839,2.595634221518452,1.600105074332443,0.995529147186009,102.10100891087974,90.58429985046386,79.06759079004799,0.8078875490721763,1170260000,bull,hold
2025-02-03,97.89399719238281,98.76899719238281,96.43800354003906,97.30000305175781,37242000,91.0453498840332,90.65608032226562,73.23382507324219,0.10398882448055491,68.22394832540576,2.672747470963614,1.8146335536586773,0.8581139173049368,102.95081241226333,91.0453498840332,79.13988735580307,0.7876262594632573,1207502000,bull,hold
2025-02-04,99.48699951171875,100.80000305175781,97.85099792480469,98.0469970703125,60001000,91.61444969177246,90.90318023681641,73.42441507339477,0.12918671722506025,71.17742756850299,2.8297822819464358,2.0176632993162293,0.8121189826302064,103.98246092211386,91.61444969177246,79.24643846143107,0.8182625594902933,1267503000,bull,hold
2025-02-05,101.11100006103516,101.18299865722656,98.66799926757812,98.77300262451172,39934000,92.26104965209962,91.1577001953125,73.62469007492065,0.1466562229241244,73.84626519976675,3.050116923750849,2.2241540242031537,0.8259628995476955,105.18280525261864,92.26104965209962,79.3392940515806,0.8424438088188292,1307437000,bull,hold
2025-02-06,101.56800079345703,101.63500213623047,100.26100158691406,100.78700256347656,31343000,92.94349975585938,91.39410018920898,73.85501007080079,0.15524519471535192,74.56013598107899,3.2244405115258417,2.4242113216676913,0.8002291898581504,106.3099503643856,92.94349975585938,79.57704914733316,0.8226174730371666,1338780000,bull,hold
2025-02-07,101.39299774169922,102.7760009765625,100.56700134277344,101.69999694824219,32129000,93.63814964294434,91.6263801574707,74.08467506408691,0.15877711704799102,73.73019977521734,3.310312702815878,2.601431597897329,0.7088811049185493,107.24271921834054,93.63814964294434,80.03358006754814,0.7850089470224579,1306651000,bull,hold
2025-02-10,102.76000213623047,103.28500366210938,101.58799743652344,102.30500030517578,32966000,94.58769989013672,91.9504002380371,74.30960006713867,0.2267068435859767,75.97941290258426,3.448915907489308,2.7709284598157247,0.6779874476735834,107.95330257790921,94.58769989013672,81.22209720236422,0.8057214267475634,1339617000,bull,hold
2025-02-11,100.80799865722656,102.26899719238281,100.29499816894531,102.0790023803711,33318000,95.42664985656738,92.22136016845702,74.53608005523682,0.19968105609582998,67.13951230060745,3.362488899634954,2.8892405477795706,0.4732483518553834,108.12567260886934,95.42664985656738,82.72762710426542,0.7118804299206293,1306299000,bull,hold
2025-02-12,102.73100280761719,102.77400207519531,99.83499908447266,100.54900360107422,33890000,96.42120018005372,92.52130020141601,74.76733507156372,0.24011356046654608,70.74996867268952,3.4098585106106043,2.9933641403457774,0.41649437026482694,108.09572811597272,96.42120018005372,84.74667224413471,0.7702380199952287,1340189000,bull,hold
2025-02-13,104.36900329589844,104.5989990234375,102.51000213623047,102.66300201416016,34761000,97.39835052490234,92.8350602722168,75.00856508255005,0.23038935852948184,73.42808501521611,3.5387793728548615,3.102447186847594,0.43633218600726753,108.2712101335458,97.39835052490234,86.52549091625889,0.8205528730203934,1374950000,bull,hold
2025-02-14,105.86000061035156,106.44999694824219,104.16899871826172,104.49500274658203,31454000,98.47950057983398,93.15678024291992,75.25812007904052,0.2566924418482486,75.61657854559705,3.7183977330555535,3.2256372960891864,0.4927604369663672,108.13450998632472,98.47950057983398,88.82449117334325,0.8822109186944925,1406404000,bull,hold
2025-02-18,103.58499908447266,106.19999694824219,102.375,106.0,42293000,99.36825065612793,93.42414016723633,75.50072507858276,0.20714371322224512,66.60284514027066,3.635267862395594,3.307563409350468,0.32770445304512563,107.31618507219503,99.36825065612793,91.42031624006083,0.7652732274577145,1364111000,bull,hold
2025-02-19,104.33300018310547,104.5,102.45099639892578,103.51799774169922,26000000,100.2365005493164,93.68868011474609,75.74653507232667,0.19967111352066436,67.95537872012734,3.588379671172362,3.363726661714847,0.22465300945751476,106.09574502145766,100.2365005493164,94.37725607717515,0.84957575616332,1390111000,bull,hold
2025-02-20,102.4540023803711,104.5,101.55899810791016,104.19999694824219,31118000,100.5892505645752,93.90202011108398,75.97623008728027,0.07395255874495299,61.24540503562544,3.360859130580806,3.3631531554880394,-0.002294024907233183,106.07889536801908,100.5892505645752,95.09960576113131,0.6698426658338681,1358993000,bull,hold
2025-02-21,100.31500244140625,103.23799896240234,99.93900299072266,102.94200134277344,37387000,100.68070068359376,94.03884017944335,76.18813510894775,0.01857119163371035,54.63216108527691,2.9736694340679293,3.2852564112040175,-0.3115869771360882,106.0874610298074,100.68070068359376,95.27394033738011,0.4661813897074609,1321606000,bull,hold
2025-02-24,98.84700012207031,101.51699829101562,98.447998046875,100.80000305175781,44262000,100.73510055541992,94.1884001159668,76.38388511657715,0.011129383551744088,50.59436971821983,2.519322114356484,3.132069551834511,-0.6127474374780268,106.04419160461822,100.73510055541992,95.42600950622162,0.32218232689428833,1277344000,bull,hold
2025-02-25,97.7239990234375,99.44000244140625,95.5,98.94000244140625,47383000,100.76185035705566,94.31618011474609,76.56950511932374,0.005504697200833686,47.6905733271389,2.0450576353257475,2.914667168532758,-0.8696095332070106,106.00417526692516,100.76185035705566,95.51952544718617,0.21025724408087196,1229961000,bull,hold
2025-02-26,99.00599670410156,100.08899688720703,97.69000244140625,97.76000213623047,33972000,100.85300025939941,94.42318008422852,76.75980010986328,0.018758404989178024,51.13823665045822,1.7524450221742853,2.6822227392610634,-0.929777717086778,105.90311963958177,100.85300025939941,95.80288087921704,0.3171326837791359,1263933000,bull,hold
2025-02-27,96.30699920654297,100.072998046875,96.18299865722656,99.5,37666000,100.77760009765625,94.49822006225585,76.93529010772706,-0.01541689104150068,44.48999001012937,1.28791459870709,2.403361111150269,-1.115446512443179,106.0471640248345,100.77760009765625,95.508036170478,0.07580921752787277,1226267000,bull,hold
2025-02-28,98.05599975585938,98.22699737548828,95.81700134277344,96.95600128173828,47174000,100.81420021057129,94.62160003662109,77.12013509750366,0.007521292560132897,49.10729981507563,1.0488105831302903,2.1324510055462733,-1.083640422415983,105.99675683927975,100.81420021057129,95.63164358186282,0.23389577265465641,1273441000,bull,hold
2025-03-03,97.37000274658203,99.49299621582031,96.48100280761719,98.30000305175781,39074000,100.79890022277831,94.72684005737305,77.29869010925293,-0.003132803841472964,47.44049820734879,0.7948027116889733,1.8649213467748134,-1.07011863508584,106.02008774233667,100.79890022277831,95.57771270321996,0.17163624526491597,1234367000,bull,hold
2025-03-04,97.25800323486328,98.63099670410156,94.82099914550781,97.16100311279297,43928000,100.76710052490235,94.83374008178711,77.47815011978149,-0.0064967615559682335,47.15906094684758,0.5778016808592241,1.6074974135916957,-1.0296957327324716,106.06584114922592,100.76710052490235,95.46835990057878,0.16887440442633184,1190439000,bull,hold
2025-03-05,99.09200286865234,99.55999755859375,96.947998046875,97.36199951171875,38079000,100.74735069274902,95.03648010253906,77.66685012817383,-0.003970334264829067,52.16354323235319,0.5475039587637127,1.3954987226260993,-0.8479947638623866,106.06792873382508,100.74735069274902,95.42677265167296,0.3444390993500122,1228518000,bull,hold
2025-03-06,90.63600158691406,97.36900329589844,89.9000015258789,97.29900360107422,78526000,100.22360076904297,95.04512008666993,77.81477014541626,-0.10359899979030884,35.47910041541799,-0.1570257429456774,1.0849938295117438,-1.2420195724574212,107.1252471477164,100.22360076904297,93.32195439036956,-0.1945878313727634,1149992000,bull,hold
2025-03-07,89.11100006103516,90.48899841308594,85.80699920654297,89.76399993896484,77375000,99.60075073242187,95.00924011230468,77.94977514266968,-0.12264690291338642,33.40402742540864,-0.8288707791932666,0.7022209077707419,-1.5310916869640083,107.99226136387406,99.60075073242187,91.20924010096968,-0.12502159218330233,1072617000,bull,hold
2025-03-10,86.66799926757812,88.12699890136719,85.44999694824219,87.50700378417969,69953000,98.86450080871582,94.91970016479492,78.06270513534545,-0.14522697624182423,30.342423175632945,-1.5406825286750774,0.25364022048157797,-1.7943227491566553,108.91726048449532,98.86450080871582,88.81174113293632,-0.1066245456221934,1002664000,bull,hold
2025-03-11,89.51000213623047,91.06800079345703,86.5999984741211,86.74099731445312,73989000,98.20200080871582,94.84566024780274,78.18495016098022,-0.12894121958497318,37.51702060729133,-1.8540996815825679,-0.16790775993125123,-1.6861919216513166,108.86824171463724,98.20200080871582,87.53575990279441,0.0925462986842932,1076653000,bull,hold
2025-03-12,91.96800231933594,92.71800231933594,90.0999984741211,91.45999908447266,68658000,97.76000099182129,94.83674026489258,78.32455518722534,-0.0876914178997732,42.98653412727101,-1.8824453032244008,-0.5108152685898812,-1.3716300346345196,108.68710226280996,97.76000099182129,86.83289972083261,0.23497094385575804,1145311000,bull,hold
2025-03-13,89.01699829101562,92.18900299072266,88.7509994506836,91.30000305175781,50017000,97.07430076599121,94.80198028564453,78.45180517196656,-0.13349431176373872,38.6160694736482,-2.1186087719753175,-0.8323739692669685,-1.286234802708349,108.38211445486843,97.07430076599121,85.766487077114,0.14372854485120118,1095294000,bull,hold
2025-03-14,91.80000305175781,91.96299743652344,90.0999984741211,90.14600372314453,52007000,96.44585075378419,94.83712036132812,78.58743017196656,-0.12042847825715097,44.36122237939092,-2.05748736319417,-1.0773966480524089,-0.980090715141761,107.45529937879236,96.44585075378419,85.43640212877601,0.2890063408137788,1147301000,bull,hold
2025-03-17,95.00199890136719,96.76300048828125,93.44200134277344,93.99500274658203,75431000,95.90295066833497,94.95452026367188,78.737940158844,-0.10256944687682745,50.14303764621895,-1.730723201779199,-1.2080619587977668,-0.5226612429814321,106.03807252974028,95.90295066833497,85.76782880692966,0.4555529879517968,1222732000,bull,hold
2025-03-18,92.99800109863281,94.82499694824219,91.62999725341797,94.0,60094000,95.37360076904297,95.0410203552246,78.87562017440796,-0.10220589930407042,46.860888515786655,-1.6148511256547948,-1.2894197921691726,-0.32543133348562225,104.93837064128456,95.37360076904297,85.80883089680137,0.3758151161950848,1162638000,bull,hold
2025-03-19,95.9489974975586,96.80000305175781,92.4000015258789,93.5770034790039,66624000,94.95440063476562,95.1979002380371,79.03153516769409,-0.08035810981025049,51.85809259099358,-1.2702581780571904,-1.2855874693467764,0.015329291289585933,103.60275055862537,94.95440063476562,86.30605071090586,0.5575021172564376,1229262000,bull,hold
2025-03-20,95.08399963378906,96.69999694824219,94.55000305175781,95.0009994506836,44663000,94.58590049743653,95.33600021362305,79.18614515304566,-0.0719347470606383,50.36304233104677,-1.0548047503762206,-1.2394309255526652,0.18462617517644464,102.52349086934733,94.58590049743653,86.64831012552573,0.53137596632066,1184599000,bull,hold
2025-03-21,96.02899932861328,96.36499786376953,94.09500122070312,94.16400146484375,59054000,94.37160034179688,95.49820022583008,79.34939514160156,-0.042725444933288115,51.99143556976387,-0.798597049325366,-1.1512641503072054,0.3526671009818394,101.89978921534752,94.37160034179688,86.84341146824623,0.610079530060641,1243653000,bull,hold
2025-03-24,97.1989974975586,97.69999694824219,95.15499877929688,96.96700286865234,46779000,94.2892002105713,95.69218017578125,79.51958013534546,-0.01667225735203426,54.0033900780381,-0.49543051167079,-1.0200974225799224,0.5246669109091324,101.653944801253,94.2892002105713,86.92445561988959,0.6975490969957695,1290432000,bull,hold
2025-03-25,99.72799682617188,99.87000274658203,97.71099853515625,97.81800079345703,37822000,94.389400100708,96.01136016845703,79.69308511734009,0.02050671096926515,58.091733327371514,-0.05051740311563435,-0.8261814186870649,0.7756640155714305,101.98912614591792,94.389400100708,86.78967405549808,0.8512361296779093,1328254000,bull,hold
2025-03-26,97.06500244140625,99.67900085449219,96.63200378417969,99.38099670410156,35274000,94.29235038757324,96.27208023071289,79.85415014266968,-0.019604815135555342,52.77265160098804,0.0862043395957528,-0.6437042670305013,0.7299086066262541,101.70094931803106,94.29235038757324,86.88375145711541,0.6871239137021062,1292980000,bull,hold
2025-03-27,97.6719970703125,98.9000015258789,96.63700103759766,97.4219970703125,30472000,94.36060028076172,96.56872024536133,80.0217751121521,0.014173402504652044,53.810806103674956,0.24076135240663632,-0.46681114314307387,0.7075724955497102,101.86668756295973,94.36060028076172,86.8545129985637,0.7205807543301779,1323452000,bull,hold
2025-03-28,93.38500213623047,97.49800109863281,92.9229965209961,97.19999694824219,44227000,94.12705039978027,96.73990036010743,80.16645013809205,-0.04763602055212113,46.10270135019124,0.017126808130484505,-0.3700235528883622,0.3871503610188467,101.44704541290436,94.12705039978027,86.80705538665619,0.44931360866917397,1279225000,bull,hold
2025-03-31,93.25299835205078,93.447998046875,90.05899810791016,92.0530014038086,46341000,93.92120018005372,96.92022033691406,80.30844011306763,-0.04228206098798504,45.88474749727986,-0.16881083536095787,-0.32978100938288135,0.16097017402192348,101.09492133103376,93.92120018005372,86.74747902907367,0.4534271116802715,1232884000,bull,hold
2025-04-01,92.83799743652344,93.22899627685547,91.1500015258789,92.75,35200000,93.70019989013672,97.06078033447265,80.44760011672973,-0.04544619107248382,45.16188188569925,-0.34567019220843065,-0.33295884594799124,-0.012711346260439405,100.71979570121061,93.70019989013672,86.68060407906282,0.43858603281309344,1197684000,bull,hold
2025-04-02,93.552001953125,94.95500183105469,91.61100006103516,92.30000305175781,32569000,93.42319984436035,97.19246032714844,80.58873014450073,-0.055907649004437676,46.71717778240309,-0.42333832867390697,-0.3510347424931744,-0.07230358618073257,99.9926666342366,93.42319984436035,86.85373305448411,0.5098030869844059,1230253000,bull,hold
2025-04-03,91.70500183105469,94.65899658203125,90.0469970703125,90.18000030517578,58646000,93.47664985656738,97.11858032226563,80.71256513595581,0.011794432956263146,43.29634118836257,-0.6267041054012026,-0.4061686150747801,-0.2205354903264225,99.97151031275813,93.47664985656738,86.98178940037663,0.3636115404277858,1171607000,bull,hold
2025-04-04,85.58599853515625,90.66300201416016,85.38700103759766,89.6500015258789,67988000,93.30039978027344,96.86058029174805,80.80258012771607,-0.0395574230281841,34.32815461891326,-1.2670199585737123,-0.5783388837745665,-0.6886810747991458,100.42076859204066,93.30039978027344,86.18003096850622,-0.04171360002927515,1103619000,bull,hold
2025-04-07,86.78299713134766,90.67400360107422,82.11000061035156,82.78500366210938,66568000,93.30614967346192,96.64106018066406,80.89366010665894,0.0013268780258153257,37.074031030646694,-1.6587658819207007,-0.7944242834037933,-0.8643415985169074,100.40523975008338,93.30614967346192,86.20705959684045,0.04056417993651515,1170187000,bull,hold
2025-04-08,87.04000091552734,92.24199676513672,85.7699966430664,91.24400329589844,56254000,93.18264961242676,96.43808013916015,80.98934511184693,-0.027594695137465042,37.67656798440422,-1.9262842848714286,-1.0207962836973206,-0.905488001174108,100.61950699186535,93.18264961242676,85.74579223298817,0.08701314389310488,1226441000,bull,hold
2025-04-09,94.5469970703125,95.14299774169922,85.44000244140625,85.59300231933594,74980000,93.31159934997558,96.38536010742187,81.1190200996399,0.028042304779238858,52.10337051532212,-1.5150778214468659,-1.1196525912472297,-0.39542523019963616,100.74917628945659,93.31159934997558,85.87402241049458,0.5830510884384293,1301421000,bull,hold
2025-04-10,92.11699676513672,94.1240005493164,89.4000015258789,93.19400024414062,51298000,93.46659927368164,96.27139999389648,81.24509508132934,0.034824792271545,48.212861278790925,-1.3694878494166147,-1.1696196428811068,-0.19986820653550796,100.66508149157457,93.46659927368164,86.26811705578871,0.40625784243862717,1250123000,bull,hold
2025-04-11,91.8290023803711,94.48600006103516,90.66799926757812,92.0,40736000,93.46804924011231,96.16150009155274,81.36803510665894,0.00031589681535115766,47.75771961866852,-1.2627888439107693,-1.1882534830870393,-0.07453536082373002,100.66519964532964,93.46804924011231,86.27089883489498,0.3861322351584425,1209387000,bull,hold
2025-04-14,93.12799835205078,94.89800262451172,91.94999694824219,93.2699966430664,40359000,93.37434921264648,96.07054000854492,81.49483011245728,-0.01972590651763051,50.04828430118004,-1.061178390643576,-1.1628384645983467,0.10166007395477061,100.53789454881719,93.37434921264648,86.21080387647577,0.48280524174588496,1249746000,bull,hold
2025-04-15,97.62799835205078,99.34500122070312,94.80000305175781,95.0,77120000,93.60584907531738,96.06522003173828,81.64080011367798,0.04978598678166679,57.07038177562319,-0.532153922805847,-1.036701556239847,0.504547633434,101.00127953319831,93.60584907531738,86.21041861743645,0.7719347642872635,1326866000,bull,hold
2025-04-16,96.16300201416016,98.12100219726562,94.91699981689453,97.62799835205078,60661000,93.61654930114746,95.9987400817871,81.78417512893677,0.0022303986720342284,54.38972026978768,-0.2284774359521009,-0.8750567321822977,0.6465792962301968,101.02611548297065,93.61654930114746,86.20698311932426,0.6718354793334284,1266205000,bull,hold
2025-04-17,97.3030014038086,98.47000122070312,95.5999984741211,96.9000015258789,88937000,93.72749938964844,95.92258010864258,81.93388513565064,0.023337278391379224,56.11706733604971,0.10298959122381746,-0.6794474675010747,0.7824370587248921,101.28658233928944,93.72749938964844,86.16841644000745,0.7365036895335275,1355142000,bull,hold
2025-04-21,98.79100036621094,101.9000015258789,97.30500030517578,98.44000244140625,97757000,93.86559944152832,95.86704010009765,82.08805013656617,0.028762155774903375,58.335109553354854,0.4802130814111365,-0.4475153577186324,0.9277284391297689,101.68428709204582,93.86559944152832,86.04691179101081,0.8149761919672426,1452899000,bull,hold
2025-04-22,104.03399658203125,106.49700164794922,100.4520034790039,100.52999877929688,93689000,94.20734939575195,95.9198600769043,82.2669651222229,0.07031964588569273,65.04020081327232,1.1885307495559658,-0.12030613626371275,1.3088368858196786,103.10238486577204,94.20734939575195,85.31231392573186,1.0523669477990911,1546588000,bull,hold
2025-04-23,104.95899963378906,106.125,103.19999694824219,104.72200012207031,64719000,94.46889953613281,95.96384002685546,82.44643510818482,0.052452701087889464,66.0774225193655,1.8037253968232676,0.26450017035368334,1.5392252264695843,104.26032992536597,94.46889953613281,84.67746914689965,1.0356776119856486,1611307000,bull,hold
2025-04-24,109.68699645996094,110.0999984741211,104.7020034790039,104.80000305175781,63819000,95.09999923706054,96.14141998291015,82.65200010299682,0.13003650853636994,70.83968729981349,2.642322369883175,0.7400646102595817,1.902257759623593,106.90038509832817,95.09999923706054,83.29961337579292,1.118072891615318,1675126000,bull,hold
2025-04-25,110.15299987792969,110.68000030517578,109.0999984741211,109.7040023803711,39500000,95.7240493774414,96.2898599243164,82.85989511489868,0.1277848634407701,71.26783115404328,3.3064049163648406,1.2533326714806337,2.053072244884207,109.20317706627637,95.7240493774414,82.24492168860644,1.0352330964428833,1714626000,bull,hold
2025-04-28,111.03800201416016,111.4000015258789,108.26200103759766,110.0,38311000,96.6066993713379,96.42323989868164,83.07626012802125,0.189034635906282,72.105469393913,3.859616142665274,1.7745893657175618,2.0850267769477124,111.58601176802769,96.6066993713379,81.6273869746481,0.981707780058428,1752937000,bull,hold
2025-04-29,112.56400299072266,112.78099822998047,109.5479965209961,110.39199829101562,37773000,97.57224960327149,96.55731994628906,83.31270513534545,0.20708186310287346,73.5380063119974,4.370791783707176,2.2938298493154847,2.0769619343916914,113.98347431475989,97.57224960327149,81.16102489178309,0.9567530349199486,1790710000,bull,hold
2025-04-30,113.1719970703125,113.31999969482422,110.11100006103516,111.26499938964844,42667000,98.58894958496094,96.74905990600585,83.55476511001586,0.219026693759655,74.10852873380264,4.7699768788074834,2.7890592552138846,1.9809176235935988,116.17818994977819,98.58894958496094,80.9997092201437,0.914544550614056,1833377000,bull,hold
2025-05-01,113.34700012207031,114.24199676513672,111.18299865722656,112.25199890136719,34995000,99.57869949340821,96.92933990478515,83.7932751274109,0.211593528258901,74.28041652928292,5.042330380478646,3.239713480266837,1.8026169002118086,118.12455617160543,99.57869949340821,81.03284281521098,0.8711961347368848,1868372000,bull,hold
2025-05-02,115.64900207519531,115.94400024414062,113.33200073242188,113.66600036621094,37743000,100.77589950561523,97.19323989868164,84.04336011886596,0.2610980837037866,76.49128055988224,5.381885782544629,3.6681479407223954,1.7137378418222333,120.20442365156428,100.77589950561523,81.34737535966617,0.8827646005906526,1906115000,bull,hold
2025-05-05,113.40599822998047,114.4020004272461,110.70099639892578,111.4800033569336,56623000,102.16689949035644,97.45505981445312,84.28666009902955,0.32505316489818803,70.16260513493197,5.407658103832219,4.01604997334436,1.3916081304878585,121.02121695661589,102.16689949035644,83.312582024097,0.7980510633635198,1849492000,bull,hold
2025-05-06,113.76899719238281,114.76599884033203,112.63999938964844,112.94300079345703,32567000,103.51619949340821,97.75349975585938,84.53398508071899,0.31095953070382376,70.58674012315797,5.395181542253951,4.2918762871262786,1.1033052551276725,121.62121783045284,103.51619949340821,85.41118115636358,0.7831479512505211,1882059000,bull,hold
2025-05-07,115.54100036621094,116.4000015258789,113.80000305175781,113.91799926757812,43497000,104.94124946594238,98.10983978271484,84.79502008438111,0.3274471409799722,72.6319191823799,5.465279286596257,4.526556887020274,0.9387223995759824,122.09627096340489,104.94124946594238,87.78622796847986,0.808940181212726,1925556000,bull,hold
2025-05-08,114.44300079345703,116.22899627685547,113.91999816894531,116.16200256347656,37609000,105.93604965209961,98.41857986450195,85.04348508834839,0.2104350676346527,69.41129050840047,5.370327077224843,4.695310925061188,0.6750161521636553,122.87077173491099,105.93604965209961,89.00132756928824,0.7511689031493441,1887947000,bull,hold
2025-05-09,114.02200317382812,115.0999984741211,113.3219985961914,114.70999908447266,25696000,107.03129997253419,98.77287994384766,85.29221509933471,0.23779549027787827,68.16325876116498,5.201150156325582,4.796478771314067,0.4046713850115147,123.05845827639408,107.03129997253419,91.0041416686743,0.7180892915873408,1862251000,bull,hold
2025-05-12,111.0,113.0,110.29299926757812,112.4260025024414,64791000,107.98984985351562,99.03175994873047,85.52922010421753,0.20876844050008758,59.84515271523678,4.768260290970062,4.790835075245266,-0.02257478427520443,122.48545875294202,107.98984985351562,93.49424095408922,0.6038297241381662,1797460000,bull,hold
2025-05-13,113.84400177001953,114.78800201416016,110.62999725341797,111.44599914550781,39979000,109.02565002441406,99.36123992919921,85.78139511108398,0.22244656585075795,64.2648212199371,4.601634352006798,4.752994930597573,-0.15136057859077567,122.00680722671997,109.02565002441406,96.04449282210815,0.6855902239882574,1837439000,bull,hold
2025-05-14,115.0989990234375,115.29000091552734,112.83999633789062,112.95999908447266,39101000,109.89920005798339,99.7180598449707,86.04120510101319,0.17895481794459767,66.04106813215739,4.518760427427836,4.706148029963626,-0.18738760253579034,122.01752933846856,109.89920005798339,97.78087077749822,0.7145427329585621,1876540000,bull,hold
2025-05-15,117.7979965209961,118.77999877929688,114.76499938964844,114.77400207519531,44640000,110.9809497833252,100.09217971801758,86.31671508789063,0.224982519822438,69.54684346938616,4.617639512791698,4.68844632652924,-0.07080681373754238,121.79366195234869,110.9809497833252,100.16823761430172,0.8152329698186424,1921180000,bull,hold
2025-05-16,119.15299987792969,119.6500015258789,117.93900299072266,119.31400299072266,46984000,112.07344970703124,100.66251968383789,86.60119009017944,0.22455626402975315,71.15673653407467,4.750577645036799,4.700872590230752,0.049705054806047144,121.45853075581059,112.07344970703124,102.6883686582519,0.8771704332707514,1968164000,bull,hold
2025-05-19,119.16400146484375,119.16400146484375,117.1709976196289,117.35800170898438,28534000,113.09209976196288,101.26357971191406,86.8828351020813,0.20622324931533842,71.17006278718004,4.801471434839783,4.720992359152558,0.0804790756872249,120.75366926841905,113.09209976196288,105.43053025550672,0.8962570396159865,1996698000,bull,hold
2025-05-20,119.2020034790039,119.30000305175781,117.9020004272461,118.67900085449219,21331000,113.85050010681152,101.91425979614257,87.16642011642456,0.14579856004102099,71.21952773341866,4.789659363195767,4.7347257599612,0.05493360323456731,120.73928091422852,113.85050010681152,106.96171929939453,0.8884216613795102,2018029000,bull,hold
2025-05-21,119.46299743652344,121.12200164794922,118.6500015258789,118.6500015258789,29766000,114.57569999694825,102.51331970214844,87.45691511154175,0.13818727172838985,71.5801759183683,4.746641909223285,4.737108989813617,0.009532919409668494,120.56234435024597,114.57569999694825,108.58905564365052,0.9081833787974263,2047795000,bull,hold
2025-05-22,118.7969970703125,119.875,118.72100067138672,119.23999786376953,18616000,115.03120002746581,103.04989959716796,87.75162509918214,0.08305451789517271,69.19728804360291,4.605717756137153,4.710830743078324,-0.10511298694117066,120.84445856665648,115.03120002746581,109.21794148827514,0.8238972615323389,2029179000,bull,hold
2025-05-23,118.53900146484375,119.1449966430664,117.94400024414062,118.4000015258789,21865000,115.45050010681152,103.64033966064453,88.03953510284424,0.07613048756009677,68.24945346626862,4.4222394368312905,4.653112481828917,-0.23087304499762684,120.9995803425211,115.45050010681152,109.90141987110194,0.7782894846390065,2007314000,bull,hold
2025-05-27,121.15699768066406,121.177001953125,119.30899810791016,119.53299713134766,29205000,115.95644989013672,104.22747955322265,88.33958009719849,0.09113092349422391,72.38331900609465,4.436935728815698,4.609877131226273,-0.17294140241057576,121.64742043635303,115.95644989013672,110.26547934392042,0.9569122040163228,2036519000,bull,hold
2025-05-28,120.8550033569336,121.59100341796875,120.60199737548828,121.0270004272461,18559000,116.37099990844726,104.74453964233399,88.62868011474609,0.07365587706483989,71.23121955413629,4.373795832280081,4.562660871437036,-0.18886503915695485,122.21883411501645,116.37099990844726,110.52316570187807,0.8833900970934855,2017960000,bull,hold
2025-05-29,118.48600006103516,120.9000015258789,117.62799835205078,120.80000305175781,33007000,116.6367000579834,105.25429962158204,88.90414011001587,0.0469551048694592,62.78848646372514,4.085503105324051,4.467229318214439,-0.38172621289038844,122.3605711193436,116.6367000579834,110.9128289966232,0.661542772646969,1984953000,bull,hold
2025-05-30,120.7229995727539,121.18099975585938,118.09300231933594,119.83300018310547,46968000,117.00550003051758,105.74977966308593,89.19118511199952,0.06507450080496113,66.79116923908406,3.9915243987540094,4.3720883343223536,-0.3805639355683441,122.78423603931093,117.00550003051758,111.22676402172424,0.821653345695279,2031921000,bull,hold
2025-06-02,121.89800262451172,121.94000244140625,119.625,120.12000274658203,22942000,117.3179500579834,106.28605972290039,89.47666511535644,0.054034193440366085,68.69589691085358,3.96613933763561,4.290898534985005,-0.32475919734939485,123.43535054892398,117.3179500579834,111.20054956704281,0.8743463071700996,2054863000,bull,hold
2025-06-03,121.79399871826172,122.95700073242188,121.11799621582031,121.98699951171875,23638000,117.73735008239746,106.80135971069336,89.75479511260987,0.07396434597110901,68.32235659301236,3.892755979991449,4.211270023986295,-0.3185140439948455,123.87455890608582,117.73735008239746,111.60014125870909,0.8304962200574332,2031225000,bull,hold
2025-06-04,123.96600341796875,124.25599670410156,121.98799896240234,122.072998046875,23594000,118.24720039367676,107.33669982910156,90.04301513671875,0.08962904198182264,71.77418337774333,3.9641653370275804,4.161849086594552,-0.19768374956697166,124.6686645825451,118.24720039367676,111.82573620480842,0.9452880882062362,2054819000,bull,hold
2025-06-05,125.052001953125,126.28099822998047,123.72899627685547,124.05999755859375,28172000,118.72275047302246,107.84317993164062,90.33124015808106,0.08231711303146616,73.33853133712174,4.061569527401375,4.141793174755917,-0.08022364735454257,125.66011106275813,118.72275047302246,111.78538988328678,0.9561714356802445,2082991000,bull,hold
2025-06-06,124.14700317382812,126.0,123.55500030517578,125.94100189208984,25570000,119.20795059204102,108.38481994628906,90.60771018981933,0.08479332342818036,69.86363799879078,4.019404024332658,4.117315344671265,-0.09791132033860706,126.2369297027317,119.20795059204102,112.17897148135033,0.8513349879127601,2057421000,bull,hold
2025-06-09,122.44599914550781,123.88800048828125,122.15699768066406,123.88800048828125,24031000,119.629150390625,108.88029998779297,90.8706702041626,0.07388044181996345,63.7495918747203,3.8048705706739696,4.054826389871806,-0.2499558191978366,126.36822242015879,119.629150390625,112.89007836109121,0.7089938156572637,2033390000,bull,hold
2025-06-10,120.36199951171875,122.75199890136719,118.06099700927734,122.75199890136719,44544000,120.09725036621094,109.41983993530273,91.123920211792,0.08434233794341206,57.150631411433466,3.4271834715715954,3.929297806211764,-0.5021143346401686,125.55193530163322,120.09725036621094,114.64256543078866,0.5242680511012238,1988846000,bull,hold
2025-06-11,121.98799896240234,122.8290023803711,119.60099792480469,120.26000213623047,23823000,120.50445022583008,109.99453994750976,91.38938018798828,0.07153646275396053,60.57933181495782,3.221927911684716,3.787823827306355,-0.5658959156216388,125.19323506752124,120.50445022583008,115.81566538413892,0.6582018355140786,2012669000,bull,hold
2025-06-12,121.50299835205078,123.0,121.19599914550781,122.25900268554688,20846000,120.82465019226075,110.56783996582031,91.65353019714355,0.055639053188544674,59.061252923153226,2.9857085165124317,3.627400765147571,-0.6416922486351391,124.8159194577263,120.82465019226075,116.8333809267952,0.5849790022511686,1991823000,bull,hold
2025-06-13,121.21499633789062,122.06199645996094,120.18900299072266,120.65899658203125,22103000,120.99550018310546,111.12109985351563,91.91538516998291,0.029007282957359104,58.12970351552892,2.7436366528801983,3.4506479426940966,-0.7070112898138983,124.73873661772842,120.99550018310546,117.2522637484825,0.5293190342927498,1969720000,bull,hold
2025-06-16,122.53500366210938,122.625,121.22000122070312,121.22000122070312,21128000,121.16460037231445,111.73769989013672,92.1802001953125,0.028383706559167665,61.15393977805409,2.6280124248680465,3.2861208391288868,-0.6581084142608402,124.86493714441845,121.16460037231445,117.46426360021046,0.6851727794245761,1990848000,bull,hold
2025-06-17,122.06700134277344,123.23600006103516,121.60900115966797,121.99500274658203,18921000,121.30975036621093,112.46731994628907,92.44861518859864,0.024361382986842317,59.51268658400296,2.470141264343212,3.1229249241717523,-0.6527836598285401,124.91122290513924,121.30975036621093,117.70827782728263,0.6051307442132877,1971927000,bull,hold
2025-06-18,122.22899627685547,124.19999694824219,122.05000305175781,122.9990005493164,22810000,121.46110000610352,113.17623992919921,92.71352016448975,0.025393808069549273,59.91372406721621,2.3312259479688464,2.9645851289311715,-0.6333591809623251,124.94814184918674,121.46110000610352,117.9740581630203,0.6101071202049269,1994737000,bull,hold
2025-06-20,123.14099884033203,124.8499984741211,122.43499755859375,123.44499969482422,53482000,121.64500007629394,113.89825988769532,92.97855014801026,0.03078778770608781,62.18470164714125,2.2685748254119176,2.8253830682273207,-0.5568082428154031,125.07867349045037,121.64500007629394,118.21132666213751,0.7178423198127044,2048219000,bull,hold
2025-06-23,125.35399627685547,125.48400115966797,121.5009994506836,123.8030014038086,26673000,121.9728500366211,114.51439987182617,93.26766014099121,0.05519499118872573,67.06106661084772,2.370171891559636,2.7343408328937837,-0.3641689413341478,125.50686716559463,121.9728500366211,118.43883290764757,0.9783715127629332,2074892000,bull,hold
2025-06-24,127.91100311279297,128.2570037841797,125.5,126.05500030517578,26633000,122.44145011901855,115.2302799987793,93.56737514495849,0.07906259992183884,71.61560145292202,2.626737979966009,2.712820262308229,-0.08608228234222004,126.47939540188415,122.44145011901855,118.40350483615296,1.1772693301446693,2101525000,bull,hold
2025-06-25,127.5250015258789,129.8000030517578,127.38099670410156,128.6840057373047,21465000,122.7598503112793,115.94419998168945,93.8631901550293,0.0525599343588814,70.04114866928512,2.7670248117560163,2.7236611721977866,0.04336363955822975,127.31375223662297,122.7598503112793,118.20594838593561,1.0231943169527074,2080060000,bull,hold
2025-06-26,130.66700744628906,130.73399353027344,128.0,128.0,26059000,123.25045051574708,116.69498016357421,94.18364017486573,0.08118823231816608,74.88188692910856,3.0960474478435174,2.7981384273269327,0.29790902051658463,128.86776365556796,123.25045051574708,117.63313737592621,1.1601516370848504,2106119000,bull,hold
2025-06-27,132.31199645996094,133.13499450683594,130.10000610351562,130.68800354003906,40709000,123.94175033569336,117.38866012573243,94.50749015808105,0.1166888610620973,76.97913041303522,3.4497703182580466,2.9284648055131557,0.5213055127448909,130.3857359423898,123.94175033569336,117.4977647289969,1.1494618885840937,2146828000,bull,hold
2025-06-30,133.91299438476562,134.11500549316406,132.12100219726562,133.10000610351562,32829000,124.60125007629395,118.14365997314454,94.84024513244628,0.10925834231001486,78.83164408606365,3.8153049336013254,3.1058328311307895,0.7094721024705359,132.19060190305416,124.60125007629395,117.01189824953374,1.1134742808758895,2179657000,bull,hold
2025-07-01,129.36000061035156,133.8769989013672,128.2220001220703,133.822998046875,49936000,124.97434997558594,118.7847999572754,95.14631011962891,0.0612150964345608,63.244877722923725,3.6950114116680197,3.223668547238236,0.4713428644297837,132.72735448886377,124.97434997558594,117.2213454623081,0.7828355528011588,2129721000,bull,hold
2025-07-02,128.48599243164062,129.9949951171875,127.15899658203125,129.6959991455078,30488000,125.30894966125489,119.37869979858398,95.44534008026123,0.054945184358870414,60.761256780714426,3.488934508014921,3.2767217393935733,0.21221276862134797,133.06166859774083,125.30894966125489,117.55623072476895,0.7048986166281545,2099233000,bull,hold
2025-07-03,129.71800231933594,130.2259979248047,127.97599792480469,129.1999969482422,20062000,125.59654960632324,119.89237991333007,95.74540008544922,0.046399809163593986,62.96880914668143,3.3859982980970074,3.2985770511342603,0.08742124696274711,133.55274493703308,125.59654960632324,117.6403542756134,0.7590090201219949,2119295000,bull,hold
2025-07-07,128.96200561523438,129.5,127.60199737548828,129.5,22737000,125.79204978942872,120.37244003295899,96.041960105896,0.031267021727289235,60.71166917892424,3.2064559658045084,3.28015283406831,-0.07369686826380173,133.87623900383323,125.79204978942872,117.70786057502421,0.6960589826471023,2096558000,bull,hold
2025-07-08,127.53099822998047,129.3249969482422,126.0,129.08999633789062,32925000,125.96124954223633,120.72932006835937,96.32616008758545,0.027257968131652266,56.57754279683815,2.915093652326547,3.207140997719958,-0.29204734539341093,134.0422862140485,125.96124954223633,117.88021287042417,0.5971254525560843,2063633000,bull,hold
2025-07-09,128.8280029296875,128.82899475097656,126.6240005493164,127.39900207519531,23845000,126.28034973144531,121.10282012939453,96.62506511688233,0.05212096621136375,59.283765544407224,2.757062657386541,3.117125329653275,-0.36006267226673394,134.28460559284258,126.28034973144531,118.27609387004806,0.6591436632185225,2087478000,bull,hold
2025-07-10,125.05899810791016,128.9600067138672,124.60099792480469,128.5500030517578,42308000,126.51519966125488,121.38324005126952,96.89820011138916,0.03902393292938022,49.60827305934574,2.301168329045197,2.95393392953166,-0.6527656004864628,134.07433056563673,126.51519966125488,118.95606875687304,0.4036793004536671,2045170000,bull,hold
2025-07-11,124.51100158691406,126.0999984741211,123.12999725341797,125.97899627685547,39572000,126.64134979248047,121.62218002319337,97.17024013519287,0.020682383889986777,48.37213120125227,1.874047200276138,2.7379565836805555,-0.8639093834044176,133.97490673013684,126.64134979248047,119.3077928548241,0.3547534147701582,2005598000,bull,hold
2025-07-14,126.19499969482422,127.04900360107422,124.0,124.49099731445312,27810000,126.87594985961914,121.8826400756836,97.44853012084961,0.03861634203609143,52.30521818648704,1.6523875074239527,2.5208427684292354,-0.8684552610052827,133.82722479078853,126.87594985961914,119.92467492844975,0.45101976460882354,2033408000,bull,hold
2025-07-15,126.0270004272461,127.12200164794922,124.3239974975586,126.19999694824219,28017000,127.11655006408691,122.13624008178711,97.71753513336182,0.03969809210686992,51.88059396286701,1.4464902280614638,2.305972260355681,-0.8594820322942174,133.58366173838596,127.11655006408691,120.64943838978785,0.4157622682494578,2005391000,bull,hold
2025-07-16,125.03099822998047,127.0999984741211,124.98200225830078,126.1709976196289,32270000,127.24134979248046,122.32388000488281,97.98191013336182,0.020369645352554144,49.324034311158286,1.1892373099407507,2.082625270272695,-0.8933879603319443,133.44078729300267,127.24134979248046,121.04191229195827,0.3217296680292514,1973121000,bull,hold
2025-07-17,127.41699981689453,127.75,124.4800033569336,125.30000305175781,64699000,127.50884971618652,122.60410003662109,98.26328014373779,0.043828376344708264,55.039799105382905,1.1644696253556504,1.8989941412892863,-0.734524515933636,133.23582052950204,127.50884971618652,121.781878902871,0.49198093527223585,2037820000,bull,hold
2025-07-18,120.92400360107422,124.6500015258789,120.10099792480469,124.19599914550781,106933000,127.44360008239747,122.74720016479492,98.5142251586914,-0.010676621059910962,41.366337118856976,0.6138346230613934,1.6419622376437077,-1.0281276145823144,133.43341091759987,127.44360008239747,121.45378924719505,-0.04422390461876125,1930887000,bull,hold
2025-07-21,123.3270034790039,123.70999908447266,119.80000305175781,120.5999984741211,56276000,127.45290031433106,122.90292022705079,98.7762251663208,0.0015105012987026711,46.64882952903107,0.3671224648245328,1.386994283079873,-1.0198718182553401,133.41648027050016,127.45290031433106,121.48932035816196,0.15407549947753535,1987163000,bull,hold
2025-07-22,119.00800323486328,123.23699951171875,118.75,123.03800201416016,50630000,127.13560066223144,122.9942202758789,99.0182001876831,-0.0506245770416166,39.72196432624343,-0.174889900447198,1.0746174463744587,-1.2495073468216567,134.10293496751538,127.13560066223144,120.1682663569475,-0.08326449336615638,1936533000,bull,hold
2025-07-23,117.6780014038086,119.26200103759766,117.36000061035156,118.98100280761719,45043000,126.62395057678222,123.06734024047852,99.2510451889038,-0.08000094956616699,37.85771466725282,-0.7036474278473861,0.7189644715300898,-1.422611899377476,134.7026627907643,126.62395057678222,118.54523836280015,-0.05367420796909942,1891490000,bull,hold
2025-07-24,118.07599639892578,118.3499984741211,116.26599884033203,117.77999877929688,38456000,126.15150032043456,123.20886016845704,99.48802516937256,-0.07409531475312803,38.7835873829279,-1.0781484832900503,0.3595418805660618,-1.437690363856112,135.02978166426598,126.15150032043456,117.27321897660316,0.04521018152237236,1929946000,bull,hold
2025-07-25,118.04900360107422,118.73200225830078,117.43800354003906,117.84200286865234,26293000,125.52060012817383,123.29296020507813,99.71842018127441,-0.09656610411317101,38.741427959334196,-1.3614276703368233,0.0153479703854848,-1.3767756407223082,134.80951121110317,125.52060012817383,116.23168904524448,0.09782172202991052,1903653000,bull,hold
2025-07-28,117.45999908447266,119.77899932861328,116.85299682617188,118.12000274658203,34470000,124.77800025939942,123.34018020629883,99.9547601699829,-0.1122498168938344,37.77643734221908,-1.614841323389129,-0.31068988836943795,-1.304151435019691,134.15073176394037,124.77800025939942,115.40526875485848,0.10961214074139904,1869183000,bull,hold
2025-07-29,116.8740005493164,117.95999908447266,116.3290023803711,117.9000015258789,27525000,123.92605056762696,123.32170028686524,100.17825016021729,-0.12723928632714998,36.79447977328144,-1.8417283555264703,-0.6168975818008444,-1.2248307737256259,132.91214212604513,123.92605056762696,114.9399590092088,0.10761305555004012,1841658000,bull,hold
2025-07-30,118.41999816894531,118.48500061035156,116.61000061035156,116.8550033569336,29227000,123.37905044555664,123.30704025268555,100.4066351699829,-0.0845702101869874,41.14137162639615,-1.875173048022333,-0.8685526750451422,-1.0066203729771908,132.3071389841037,123.37905044555664,114.4509619070096,0.22227805228405775,1870885000,bull,hold
2025-07-31,115.94000244140625,119.0,115.77400207519531,118.4800033569336,37129000,122.75175094604492,123.24256027221679,100.62119018554688,-0.09764480744396564,36.77245959903027,-2.077841078265564,-1.1104103556892266,-0.9674307225763374,131.9162728678666,122.75175094604492,113.58722902422322,0.12836312888186935,1833756000,bull,hold
2025-08-01,115.86000061035156,117.85099792480469,115.28500366210938,116.3010025024414,38910000,122.0588508605957,123.17572021484375,100.83909519195556,-0.10683175396788147,36.63729851880084,-2.219329383887654,-1.3321941613289123,-0.8871352225587419,131.1065871985213,122.0588508605957,113.0111145226701,0.15743640073482923,1794846000,bull,hold
2025-08-04,117.0989990234375,117.69999694824219,116.26200103759766,116.76499938964844,22447000,121.46570053100587,123.12844024658203,101.06809017181396,-0.09198838475877025,40.29727770251722,-2.206053061791124,-1.5069659414213548,-0.6990871203697693,130.1745202284542,121.46570053100587,112.75688083355753,0.2492942982360857,1817293000,bull,hold
2025-08-05,114.78700256347656,117.1709976196289,114.47100067138672,117.0999984741211,26607000,120.82850074768066,123.04824035644532,101.28903518676758,-0.09992861220706728,36.106181851581034,-2.3549439451392544,-1.6765615421649347,-0.6783824029743197,129.53383706169203,120.82850074768066,112.1231644336693,0.15300029968513537,1790686000,bull,hold
2025-08-06,117.8479995727539,118.13800048828125,115.18699645996094,115.35199737548828,33622000,120.27950057983398,123.03442031860351,101.52727519989014,-0.08522994308097998,44.35742737766512,-2.2005772809809088,-1.7813646899281297,-0.4192125910527791,128.2516738106177,120.27950057983398,112.30732734905027,0.3475007418497201,1824308000,bull,hold
2025-08-07,118.03700256347656,119.12200164794922,116.81999969482422,118.1760025024414,26283000,119.9284008026123,122.97202041625977,101.77363521575927,-0.05614946265901233,44.83117263615958,-2.0394797724119655,-1.832987706424897,-0.2064920659870686,127.64199282927927,119.9284008026123,112.21480877594533,0.37739834874615424,1850591000,bull,hold
2025-08-08,121.16400146484375,121.41100311279297,118.03700256347656,118.31900024414062,38167000,119.76105079650878,122.97820037841797,101.99751022338867,-0.02688115973216998,52.097857828771325,-1.6405746351344845,-1.7945050921668146,0.1539304570323301,127.21039799376936,119.76105079650878,112.3117035992482,0.5941660142281251,1888758000,bull,hold
2025-08-11,121.83100128173828,122.30699920654297,120.19300079345703,121.4010009765625,24556000,119.5428508758545,123.04510040283203,102.22063022613526,-0.03458138930733656,53.50466522083329,-1.2561381503342233,-1.6868317038002965,0.4306935534660732,126.46239769344838,119.5428508758545,112.62330405826062,0.6653396144430913,1913314000,bull,hold
2025-08-12,122.52799987792969,123.1989974975586,120.6510009765625,122.5,22788000,119.36790084838867,123.08120040893554,102.45115020751953,-0.027763896129038956,54.99217093844106,-0.8850254819160739,-1.5264704594234522,0.6414449775073783,125.78125269780317,119.36790084838867,112.95454899897418,0.7463687556631963,1936102000,bull,hold
2025-08-13,120.44400024414062,123.71199798583984,120.30000305175781,123.4000015258789,27624000,119.13855094909668,123.05212036132812,102.67872520446777,-0.03668688605846826,49.85623967893004,-0.7504269178233045,-1.3712617511034229,0.6208348332801183,125.03245797503429,119.13855094909668,113.24464392315907,0.610745664064515,1908478000,bull,hold
2025-08-14,123.05599975585938,124.40899658203125,120.7030029296875,120.98899841308594,39047000,118.92050094604492,123.07736038208007,102.9167301940918,-0.03422620268333243,55.469739462351185,-0.4280556952451491,-1.182620539931768,0.7545648446866189,123.8103572542043,118.92050094604492,114.03064463788554,0.9228650648602716,1947525000,bull,hold
2025-08-15,123.8949966430664,124.69400024414062,122.78800201416016,123.40399932861328,27678000,119.06905059814453,123.07594024658204,103.15886516571045,0.024569092599625142,57.12987483888801,-0.10367899486973897,-0.9668322309193622,0.8631532360496232,124.35759894604544,119.06905059814453,113.78050225024361,0.9562637729158089,1975203000,bull,hold
2025-08-18,124.50900268554688,125.11599731445312,123.54499816894531,123.56300354003906,21111000,119.12815055847167,123.06508026123046,103.4068501663208,0.009584269245171528,58.353542034682675,0.20062436060652544,-0.7333409126141847,0.9339652732207101,124.62791015343268,119.12815055847167,113.62839096351067,0.9891897576764309,1996314000,bull,hold
2025-08-19,121.41500091552734,124.0999984741211,119.27899932861328,124.0199966430664,37077000,119.24850044250488,123.01044021606445,103.63420516967773,0.020225511018060027,50.527081870977014,0.1899373969398539,-0.548685250703377,0.7386226476432309,124.83710215127401,119.24850044250488,113.65989873373574,0.6938320698022716,1959237000,bull,hold
2025-08-20,121.38600158691406,122.30000305175781,119.33100128173828,121.80000305175781,24344000,119.43390045166015,122.98924026489257,103.86426517486572,0.03150971412559578,50.45877146009066,0.17708655421260744,-0.4035308897201802,0.5806174439327876,125.04776411121219,119.43390045166015,113.82003679210811,0.6738643164171252,1934893000,bull,hold
2025-08-21,120.62100219726562,122.13999938964844,119.76399993896484,121.14299774169922,20472000,119.56115074157715,122.99442031860352,104.08935520172119,0.02155396419219202,48.592438180239874,0.10397455741204453,-0.3020298002937353,0.4060043577057798,125.16148609497344,119.56115074157715,113.96081538818086,0.5946239277479815,1914421000,bull,hold
2025-08-22,120.46499633789062,121.36199951171875,119.822998046875,120.88800048828125,31281000,119.68195037841797,122.96396026611328,104.31363018035889,0.02046601549455529,48.20090173289606,0.033063271337113065,-0.23501118596756562,0.2680744573046787,125.25074337501476,119.68195037841797,114.11315738182117,0.5703066140141314,1883140000,bull,hold
2025-08-25,121.80699920654297,123.37999725341797,119.9000015258789,120.16500091552734,28120000,119.89930038452148,122.97004028320312,104.5449101638794,0.037008344593499665,51.79887472907498,0.08418356639782587,-0.17117223549448732,0.2553558018923132,125.44350856352979,119.89930038452148,114.35509220551317,0.6720442992422695,1911260000,bull,hold
2025-08-26,122.60900115966797,123.1500015258789,121.22000122070312,122.02100372314453,19857000,120.18605041503906,122.99792037963867,104.77600017547607,0.04906994355799088,53.861434090904915,0.1872530865220341,-0.09948717109118305,0.28674025761321714,125.66759671619921,120.18605041503906,114.70450411387891,0.7210097855158222,1931117000,bull,hold
2025-08-27,122.3499984741211,122.9209976196289,121.30000305175781,122.36100006103516,16645000,120.38255043029785,122.9942202758789,104.99764514923096,0.033186964752093706,53.07161951402877,0.2452104383532685,-0.03054764920229274,0.27575808755556125,125.87851685678463,120.38255043029785,114.88658400381108,0.6789901803567698,1914472000,bull,hold
2025-08-28,123.1449966430664,123.78900146484375,121.427001953125,122.27899932861328,19503000,120.74280014038087,123.01578018188476,105.21510013580323,0.062144161203562254,55.2411830627453,0.3512428563892911,0.04581045191602402,0.3054324044732671,125.96443808604282,120.74280014038087,115.52116219471891,0.7300232731265143,1933975000,bull,hold
2025-08-29,120.82499694824219,122.87899780273438,120.11499786376953,122.7969970703125,32098000,120.9910499572754,122.9877001953125,105.42170513153076,0.04285341197768844,48.23325179479189,0.2452427198630005,0.08569690550541932,0.1595458143575812,125.70825209012676,120.9910499572754,116.27384782442402,0.48239920567779093,1901877000,bull,hold
2025-09-02,121.41100311279297,121.54000091552734,118.27999877929688,119.69999694824219,23033000,121.20665016174317,122.95310028076172,105.62604015350342,0.03682357770191036,49.9600541566114,0.20614632152464196,0.10978678870926387,0.0963595328153781,125.57376845711362,121.20665016174317,116.83953186637272,0.5233967730238075,1924910000,bull,hold
2025-09-03,122.61799621582031,122.69999694824219,120.33799743652344,120.51399993896484,24715000,121.59819984436035,122.89838027954102,105.82938014984131,0.06822195438035994,53.40748224285716,0.26945034447513194,0.14171949986243748,0.12773084461269446,124.85618727061205,121.59819984436035,118.34021241810865,0.6565071066945816,1949625000,bull,hold
2025-09-04,125.74800109863281,125.74800109863281,122.30899810791016,122.31999969482422,30235000,121.99319992065429,122.85512023925781,106.04288516998291,0.06703551655114692,60.92540384670365,0.5656638534558454,0.22650837058111906,0.3391554828747263,125.25230278848247,121.99319992065429,118.73409705282612,1.0760482762056345,1979860000,bull,hold
2025-09-05,124.38200378417969,126.70999908447266,123.9020004272461,126.0,23797000,122.31044998168946,122.79226028442383,106.24616519927979,0.0537543404432943,56.63079342731102,0.6823252060233216,0.3176717376695596,0.364653468353762,125.17927175587988,122.31044998168946,119.44162820749904,0.8610460958444898,1956063000,bull,hold
2025-09-08,124.47599792480469,125.2040023803711,123.19999694824219,124.85399627685547,19151000,122.4760498046875,122.66844009399414,106.45656517028809,0.027334822388825897,56.856154978586424,0.7734488728878972,0.4088271647132271,0.3646217081746701,125.44176993730143,122.4760498046875,119.51032967207358,0.8371774865274406,1975214000,bull,hold
2025-09-09,126.32499694824219,126.5719985961914,124.66699981689453,124.66699981689453,22197000,122.7007495880127,122.54870010375977,106.66466514587403,0.036887127407837506,61.13456553418061,0.9835263246042842,0.5237669966914386,0.4597593279128457,126.08796042258878,122.7007495880127,119.31353875343662,1.0349899278831096,1997411000,bull,hold
2025-09-10,124.77100372314453,126.69999694824219,124.63600158691406,126.39700317382812,27010000,122.81289978027344,122.36586029052734,106.85286014556885,0.01830605124909801,56.099344718964126,1.0129433719571495,0.6216022717445808,0.3913411002125686,126.3163421616624,122.81289978027344,119.30945739888448,0.7794542809199543,1970401000,bull,hold
2025-09-11,120.3499984741211,125.34500122070312,119.19999694824219,125.0999984741211,56823000,122.80819969177246,122.18566024780273,107.0126851272583,-0.0007804603785077635,44.795572968691964,0.6717746185712627,0.6316367411099173,0.04013787746134545,126.32456994001083,122.80819969177246,119.29182944353408,0.15046325555693824,1913578000,bull,hold
2025-09-12,118.84400177001953,121.1780014038086,118.23999786376953,120.30599975585938,37849000,122.59759979248047,121.99282043457032,107.15816513061523,-0.03422830251427289,41.71226412130287,0.27668512178992444,0.5606464172459188,-0.28396129545599436,126.51143966025518,122.59759979248047,118.68375992470575,0.020471180570410745,1875729000,bull,hold
2025-09-15,120.22599792480469,120.7239990234375,117.32099914550781,118.83999633789062,29093000,122.41414985656738,121.80298034667969,107.3104001235962,-0.029613776324090568,45.42459275351701,0.07423366945933196,0.4633638676886015,-0.38913019822926953,126.41062059470714,122.41414985656738,118.41767911842761,0.22623946537624237,1904822000,bull,hold
2025-09-16,120.0510025024414,120.9000015258789,119.72799682617188,120.56400299072266,24047000,122.19124984741211,121.62476028442383,107.47786014556885,-0.035804641326734776,45.03347348511572,-0.09918785730684476,0.35085352268951225,-0.450041379996357,126.19278106844834,122.19124984741211,118.18971862637588,0.23257145493213624,1880775000,bull,hold
2025-09-17,122.8499984741211,123.39299774169922,120.66100311279297,122.10199737548828,34598000,122.2629997253418,121.53114028930663,107.6558101272583,0.011818947805239732,52.13279019496469,-0.010647347974739318,0.278553348556662,-0.2892006965314013,126.25773844055006,122.2629997253418,118.26826101013354,0.5734714821953871,1915373000,bull,hold
2025-09-18,120.77799987792969,123.30000305175781,120.55000305175781,122.08200073242188,31691000,122.23259963989258,121.37014022827148,107.82103012084961,-0.005008828868533377,47.266037079324086,-0.1064443030605986,0.2015538182332099,-0.3079981212938085,126.26266918078194,122.23259963989258,118.20253009900323,0.3195316796392185,1883682000,bull,hold
2025-09-19,122.6969985961914,122.99500274658203,120.80999755859375,121.86199951171875,49476000,122.33639945983887,121.3229002380371,107.99111011505127,0.017210903251580145,51.75788077016039,-0.027203338174672353,0.15580238695163345,-0.1830057251263058,126.30150310396048,122.33639945983887,118.37129581571726,0.5454715902429351,1933158000,bull,hold
2025-09-22,122.73699951171875,122.97599792480469,121.42400360107422,122.19000244140625,25468000,122.44999961853027,121.2874201965332,108.15592510223388,0.01886027678492952,51.84994923570604,0.03838100464895433,0.13231811049109765,-0.09393710584214332,126.32325317022983,122.44999961853027,118.57674606683071,0.5370489421048288,1958626000,bull,hold
2025-09-23,121.84700012207031,122.77899932861328,120.84700012207031,122.73300170898438,24991000,122.45199966430664,121.20046020507813,108.31407508850097,0.0003283958704172196,49.582600670422366,0.01833025635191632,0.10952053966326139,-0.09119028331134507,126.32396413310073,122.45199966430664,118.58003519551255,0.42187434219602316,1933635000,bull,hold
2025-09-24,120.3949966430664,122.1500015258789,119.41999816894531,121.86100006103516,27731000,122.34129943847657,121.08782012939453,108.46052005767822,-0.018057438651819413,46.04495267497997,-0.11341724854608515,0.0649329820213921,-0.17835023056747723,126.31425967985551,122.34129943847657,118.36833919709763,0.2550563462554768,1905904000,bull,hold
2025-09-25,120.8239974975586,121.68399810791016,119.1510009765625,120.30899810791016,19978000,122.26499938964844,121.00368011474609,108.60570503234864,-0.012472423339549676,47.24264027059742,-0.1811234335232399,0.0157216989124657,-0.1968451324357056,126.29259820173382,122.26499938964844,118.23740057756305,0.32110905786272564,1925882000,bull,hold
2025-09-26,121.06099700927734,121.4000015258789,120.0,120.54199981689453,19450000,122.16079940795899,120.87656005859375,108.74364002227783,-0.01692313687603153,47.930295209680544,-0.21319956117709182,-0.030062553105445807,-0.183137008071646,126.19975557998643,122.16079940795899,118.12184323593155,0.3638506643995623,1945332000,bull,hold
2025-09-29,120.64099884033203,122.4489974975586,118.75399780273438,120.5,30332000,122.15159950256347,120.8708999633789,108.89,-0.0015228480244776632,46.76694324503985,-0.2694049332299926,-0.07793102913035517,-0.19147390409963744,126.20350195910363,122.15159950256347,118.09969704602331,0.3135936540385882,1915000000,bull,hold
2025-09-30,119.89199829101562,120.8499984741211,117.80000305175781,120.64099884033203,38303000,122.07564926147461,120.80219985961914,109.03278499603272,-0.012511261605887225,44.68402267086117,-0.3701196710148338,-0.1363687575072509,-0.2337509135075829,126.23573371799324,122.07564926147461,117.91556480495598,0.23754727899366096,1876697000,bull,hold
2025-10-01,117.08999633789062,117.91400146484375,116.32099914550781,117.54900360107422,41102000,121.79924926757812,120.76383972167969,109.14995498657227,-0.045083104018433295,37.885988689598534,-0.6683308644458208,-0.24276117889496487,-0.42556968555085595,126.48040658494901,121.79924926757812,117.11809195020723,-0.0030009258834719625,1835595000,bull,hold
2025-10-02,116.25299835205078,116.33300018310547,113.4000015258789,116.1500015258789,46855000,121.32449913024902,120.73533966064453,109.26844497680663,-0.07550818035774931,36.11832619957108,-0.9611248768083698,-0.38643391847764585,-0.5746909583307239,126.22810338603327,121.32449913024902,116.42089487446478,-0.017119705593691425,1788740000,bull,hold
2025-10-03,115.33200073242188,116.80000305175781,114.3219985961914,116.5,31374000,120.87199897766114,120.68045974731446,109.38566997528076,-0.07275974639756444,34.226001474433986,-1.25303880057497,-0.5597548948971107,-0.6932839056778592,126.21415674515623,120.87199897766114,115.52984121016604,-0.018516907058412423,1757366000,bull,hold
2025-10-06,116.33100128173828,116.35800170898438,114.54499816894531,116.03700256347656,29686000,120.46474914550781,120.64609970092773,109.50678497314453,-0.06543427471042862,38.01929510402793,-1.387774294742087,-0.725358774866106,-0.662415519875981,125.88707431487249,120.46474914550781,115.04242397614313,0.11882147098770666,1787052000,bull,hold
2025-10-07,119.10600280761719,120.13700103759766,117.74600219726562,117.77899932861328,33091000,120.10379943847656,120.67901977539063,109.64274997711182,-0.057146204749822904,47.13898190192746,-1.2561535568286502,-0.8315177312586148,-0.4246358255700353,124.83467768025766,120.10379943847656,115.37292119669546,0.3945442495172191,1820143000,bull,hold
2025-10-08,121.42500305175781,121.73899841308594,119.19999694824219,119.71099853515625,28514000,119.93649940490722,120.77003982543945,109.80509998321533,-0.026817133561024997,53.3202073261531,-0.9537252833544301,-0.8559592416777779,-0.09776604167665215,124.2098831185718,119.93649940490722,115.66311569124265,0.6741598399051961,1848657000,bull,hold
2025-10-09,123.10700225830078,123.75,121.18199920654297,121.42500305175781,28241000,120.07434959411621,120.86377990722656,109.96961498260498,0.022908216195553388,57.22698418696476,-0.5717348157702986,-0.7991143564962822,0.22737954072598354,124.56456329038735,120.07434959411621,115.58413589784507,0.8376958057367078,1876898000,bull,hold
2025-10-10,122.00800323486328,124.69999694824219,121.91000366210938,122.9000015258789,42798000,120.2325496673584,120.9851399230957,110.1251300048828,0.026623148141431185,54.044284488023074,-0.3536084761906153,-0.7100131804351488,0.3564047042445335,124.76101100784796,120.2325496673584,115.70408832686884,0.696032761904173,1834100000,bull,hold
2025-10-13,121.90299987792969,123.11199951171875,120.68099975585938,122.13500213623047,24608000,120.31639976501465,121.10599990844726,110.27892002105713,0.013948746378249055,53.736776096528594,-0.18705838133296027,-0.6054222206147111,0.4183638392817508,124.90300100699481,120.31639976501465,115.72979852303449,0.6729603282702267,1809492000,bull,hold
2025-10-14,121.53500366210938,122.42900085449219,120.30999755859375,121.4749984741211,23624000,120.39059982299804,121.1947200012207,110.42053504943847,0.012361422468236238,52.60704276608518,-0.08379451931526205,-0.5010966803548214,0.4173021610395593,125.0055538107125,120.39059982299804,115.77564583528358,0.6239886510415781,1785868000,bull,hold
2025-10-15,120.3290023803711,121.96199798583984,120.16100311279297,121.3010025024414,20252000,120.26455001831054,121.30555999755859,110.5601100540161,-0.020520928978937314,48.97331072255197,-0.09814009127121892,-0.4205053625381009,0.32236527126688197,124.73951109072593,120.26455001831054,115.78958894589516,0.5072014438804673,1765616000,bull,hold
2025-10-16,118.35900115966797,121.6709976196289,117.5999984741211,121.21499633789062,28326000,120.14360008239746,121.31578002929687,110.69813007354736,-0.02002847141620656,43.667293079456414,-0.265412188429309,-0.3894867277163425,0.12407453928703349,124.68675517445736,120.14360008239746,115.60044499033755,0.3035947610672109,1737290000,bull,hold
2025-10-17,119.93599700927734,120.31199645996094,117.8949966430664,118.36000061035156,29571000,120.00555000305175,121.35375991821289,110.84759506225586,-0.022502600866389666,48.47943655700611,-0.26764094676461525,-0.3651175715259971,0.09747662476138186,124.39516022561426,120.00555000305175,115.61593978048924,0.49207754330704495,1766861000,bull,hold
2025-10-20,123.85600280761719,124.7760009765625,120.69000244140625,120.78800201416016,39862000,120.06150016784667,121.40759994506836,111.02121505737304,0.009117082056349313,58.06819443972057,0.04636992958400299,-0.28282007130399706,0.32919000088800004,124.61443222297562,120.06150016784667,115.50856811271773,0.9167097810625076,1806723000,bull,hold
2025-10-21,124.13500213623047,124.86000061035156,123.1760025024414,124.28299713134766,65082000,120.17590026855468,121.4536799621582,111.19852508544922,0.018777663888876805,58.65795380869628,0.3141177714036729,-0.16343250276246307,0.477550274166136,125.00890372462953,120.17590026855468,115.34289681247984,0.9095902168970506,1871805000,bull,hold
2025-10-22,111.63700103759766,115.76000213623047,111.2509994506836,114.29000091552734,147890000,119.73800048828124,121.23585998535157,111.31618507385254,-0.07274385024016794,34.946536654790464,-0.4766795087870008,-0.22608190396737063,-0.2505976048196302,125.83421709427553,119.73800048828124,113.64178388228696,-0.16442844589200126,1723915000,bull,hold
2025-10-23,111.35900115966797,112.78299713134766,109.9729995727539,112.69000244140625,68497000,119.26475067138672,121.0541600036621,111.43208507537842,-0.07833705666030355,34.611387337117336,-1.1129944107793506,-0.40346440532976663,-0.7095300054495839,126.34102394192867,119.26475067138672,112.18847740084477,-0.05860968121665541,1655418000,bull,hold
2025-10-24,109.46900177001953,111.45099639892578,109.44100189208984,111.0999984741211,60280000,118.68515090942383,120.78242004394531,111.53983509063721,-0.09575334356753629,32.34056311833049,-1.7496172122464202,-0.6726949667130975,-1.0769222455333227,126.88734201848531,118.68515090942383,110.48295980036234,-0.06181019296311089,1595138000,bull,hold
2025-10-27,109.45600128173828,110.22799682617188,108.7300033569336,110.06700134277344,46911000,118.12590103149414,120.49364013671875,111.6496150970459,-0.09271307156033293,32.32485284467964,-2.2294941787031917,-0.9840548091111164,-1.2454393695920754,127.19757505727263,118.12590103149414,109.05422700571565,0.022144439652534636,1548227000,bull,hold
2025-10-28,110.25,111.697998046875,109.3010025024414,109.4000015258789,40209000,117.64380111694337,120.20846008300781,111.78202011108398,-0.0804223670341323,34.42017706253054,-2.516719890809952,-1.2905878254508836,-1.2261320653590686,127.2951083768489,117.64380111694337,107.99249385703783,0.11695338684017127,1588436000,bull,hold
2025-10-29,110.04100036621094,110.8550033569336,109.5999984741211,109.98400115966797,33995000,117.29135131835938,119.98098007202148,111.91208011627197,-0.06020152183913441,34.12070902392402,-2.729746047539905,-1.578419469868688,-1.151326577671217,127.49674324064365,117.29135131835938,107.0859593960751,0.14477841677414052,1554441000,bull,hold
2025-10-30,108.9000015258789,110.61599731445312,108.81099700927734,109.44000244140625,41581000,116.92370147705078,119.73126007080079,112.04238014221191,-0.06324995424122037,32.460302969333654,-2.9565585160295598,-1.8540472791008624,-1.1025112369286973,127.76236714933685,116.92370147705078,106.08503580476471,0.12985757685615856,1512860000,bull,hold
2025-10-31,111.88600158691406,113.48799896240234,110.197998046875,110.53900146484375,68665000,116.75140151977538,119.55656005859375,112.17768016815185,-0.029878950539519056,40.60599794538733,-2.862368182871606,-2.055711459855011,-0.8066567230165949,127.79345324212348,116.75140151977538,105.7093497974273,0.2796876859843808,1581525000,bull,hold
2025-11-03,110.00900268554688,113.3499984741211,107.51499938964844,113.3239974975586,58634000,116.43530158996582,119.34744018554687,112.306540184021,-0.05434491688832255,37.5409766800545,-2.9056848634652255,-2.2257061405770537,-0.6799787228881717,127.86263158049472,116.43530158996582,105.00797159943691,0.21881887939942535,1522891000,bull,hold
2025-11-04,109.2959976196289,110.45999908447266,108.66799926757812,109.9990005493164,38718000,115.9448013305664,119.09722015380859,112.42397018432617,-0.0823636505024321,36.41648911383971,-2.963387112909899,-2.373242335043623,-0.5901447778662763,127.70868299997888,115.9448013305664,104.18091966115394,0.21740604428956464,1484173000,bull,hold
2025-11-05,109.84600067138672,110.08499908447266,107.33699798583984,108.5,35539000,115.36585121154785,118.84196014404297,112.53836017608643,-0.09535929247978281,37.96023704059563,-2.930949747372665,-2.4847838175094314,-0.44616592986323367,127.13363480429737,115.36585121154785,103.59806761879832,0.2654677069536666,1519712000,bull,hold
2025-11-06,109.7020034790039,110.37000274658203,108.51300048828125,109.45800018310547,36532000,114.695601272583,118.58900024414062,112.60987518310547,-0.1088890033336265,37.702146806562936,-2.8836216757900104,-2.5645513891655476,-0.3190702866244628,126.14612707207431,114.695601272583,103.2450754730917,0.28194897417719705,1483180000,bull,hold
2025-11-07,110.36599731445312,110.8219985961914,108.75,109.41799926757812,44125000,114.1135009765625,118.33342025756836,112.66927516937255,-0.0954200184556705,39.73679617881283,-2.7607113231376843,-2.603783375959975,-0.1569279471777092,125.19565003085548,114.1135009765625,103.03135192226954,0.3309216180115497,1527305000,bull,hold
2025-11-10,112.00700378417969,112.81999969482422,110.40499877929688,110.6719970703125,36929000,113.618701171875,118.15706039428711,112.74051517486572,-0.08117926633191619,44.55627246478467,-2.5020464415870123,-2.583435989085383,0.0813895474983708,124.13473311040175,113.618701171875,103.10266923334825,0.4233695087121851,1564234000,bull,hold
2025-11-11,113.64399719238281,113.9219970703125,111.27999877929688,111.76000213623047,27966000,113.22415084838867,118.00172027587891,112.82279014587402,-0.06492784985357036,48.94284730673844,-2.1402890523492033,-2.494806601738147,0.35451754938894364,123.09485532453499,113.22415084838867,103.35344637224236,0.5212672937888447,1592200000,bull,hold
2025-11-12,115.75,116.43399810791016,112.82599639892578,113.81700134277344,39221000,112.99520072937011,117.8643603515625,112.9156251525879,-0.03805402097406607,53.98660379553459,-1.6644699159871692,-2.3287392645879517,0.6642693486007825,122.39739908701272,112.99520072937011,103.59300237172751,0.6464976150173773,1631421000,bull,hold
2025-11-13,115.4229965209961,116.73300170898438,114.56900024414062,115.8499984741211,40144000,112.84840049743653,117.65786026000977,113.00366512298584,-0.02480592612226562,53.10930755408707,-1.2987945748150764,-2.1227503266333767,0.8239557518183003,121.99935127831328,112.84840049743653,103.69744971655977,0.6406736898279378,1591277000,bull,hold
2025-11-14,111.21700286865234,114.27300262451172,110.72100067138672,114.27300262451172,47607000,112.41245079040527,117.39456024169922,113.0731301498413,-0.07269705808132454,43.35126038997914,-1.3330165837724621,-1.9648035780611939,0.6317869942887318,120.98363381187295,112.41245079040527,103.8412677689376,0.4302635401228296,1543670000,bull,hold
2025-11-17,110.29000091552734,111.8499984741211,109.55000305175781,110.75,26082700,111.73415069580078,117.11084030151368,113.13620014190674,-0.10953043521969308,41.53970186671775,-1.41858650062629,-1.855560162574213,0.436973661947923,118.54111745451799,111.73415069580078,104.92718393708357,0.393921196366648,1517587300,bull,hold
2025-11-18,114.08999633789062,115.25,109.19999694824219,110.29000091552734,43440600,111.23190040588379,116.86614028930664,113.21718013763427,-0.08092001148327266,50.644552785934685,-1.16632869238164,-1.7177138685356987,0.5513851761540587,115.19164199944062,111.23190040588379,107.27215881232696,0.8608942483339621,1561027900,bull,hold
2025-11-19,110.0,113.33999633789062,108.61000061035156,113.0,31868100,111.15005035400391,116.57072021484375,113.26974514007568,-0.014663606352577796,42.90004093035443,-1.281666827493126,-1.6305044603271843,0.34883763283405833,115.14047015415194,111.15005035400391,107.15963055385588,0.3558985756384271,1529159800,bull,hold
2025-11-20,105.66999816894531,111.0999984741211,105.38999938964844,111.0,36918500,110.86560020446777,116.27712020874023,113.29254013061524,-0.05108705117214274,36.53101656430133,-1.7028388249723747,-1.6449713332562226,-0.05786749171615213,115.5128859642941,110.86560020446777,106.21831444464144,-0.058993174084114634,1492241300,bull,hold
2025-11-21,104.30999755859375,106.52999877929688,103.80999755859375,105.12999725341797,41232700,110.60764999389649,115.98644012451172,113.30625011444091,-0.04712753499172484,34.78425504015192,-2.1219013921995753,-1.7403573450448933,-0.38154404715468204,116.04237164837403,110.60764999389649,105.17292833941895,-0.07939052224636439,1451008600,bull,hold
2025-11-24,106.97000122070312,108.04000091552734,103.31999969482422,104.25,62918300,110.48334999084473,115.7213201904297,113.33413513183594,-0.02271232305149007,40.751539540163996,-2.2138515286087426,-1.8350561817576632,-0.3787953468510794,116.12742974460375,110.48334999084473,104.83927023708571,0.18875805061031625,1513926900,bull,hold
2025-11-25,104.4000015258789,106.30000305175781,103.81999969482422,106.12000274658203,35122600,110.19085006713867,115.40830017089844,113.34233512878419,-0.053061210649624435,37.209051411697146,-2.465677377193259,-1.9611804208447825,-0.5044969563484767,116.428152906581,110.19085006713867,103.95354722769633,0.03578905094677826,1478804300,bull,hold
2025-11-26,106.13999938964844,106.94999694824219,105.22000122070312,105.73999786376953,27951000,109.99580001831055,115.07410018920899,113.36899513244629,-0.0354504317807014,40.95164373443908,-2.4960746953312167,-2.0681592757420693,-0.42791541958914747,116.47878975148267,109.99580001831055,103.51281028513843,0.20262172335914905,1506755300,bull,hold
2025-11-28,107.58000183105469,107.94000244140625,106.23999786376953,106.44000244140625,15021600,109.92980003356934,114.81014022827148,113.39324012756347,-0.012121209149024037,43.93018615192311,-2.3765729726737703,-2.1298420151284096,-0.24673095754536067,116.48256992099698,109.92980003356934,103.37703014614169,0.32070191362716344,1521776900,bull,hold
2025-12-01,109.12999725341797,109.33999633789062,106.30999755859375,106.51000213623047,24873400,109.79199981689453,114.53880020141601,113.41704509735108,-0.024632253315042263,47.02758828444096,-2.1322164557288517,-2.1303169032484983,-0.0018995524803533392,116.29010951069641,109.79199981689453,103.29389012309265,0.4490619122582677,1546650300,bull,hold
2025-12-02,109.3499984741211,109.7300033569336,107.5199966430664,109.20999908447266,25763000,109.75904960632325,114.27106018066407,113.43449508666993,-0.005990457102038271,47.47114156928702,-1.8989203242118862,-2.084037587441176,0.1851172632292899,116.25910666111724,109.75904960632325,103.25899255152925,0.46853480448294965,1572413300,bull,hold
2025-12-03,103.95999908447266,106.87000274658203,102.02999877929688,106.58999633789062,53593400,109.49224967956543,113.9133201599121,113.43637008666992,-0.048821536482301475,38.881300223161375,-2.1244697984174366,-2.0921240296364285,-0.03234576878100803,116.46712794907124,109.49224967956543,102.51737141005962,0.10341597506584488,1518819900,bull,hold
2025-12-04,103.22000122070312,103.80000305175781,101.7699966430664,103.56999969482422,51779100,109.16094970703125,113.56982025146485,113.4308050918579,-0.060320807404775856,37.868190568054274,-2.3360030360197186,-2.1408998309130864,-0.19510320510663215,116.64781022264907,109.16094970703125,101.67408919141343,0.10324167426819797,1467040800,bull,hold
2025-12-05,100.23999786376953,104.79000091552734,97.73999786376953,98.77999877929688,133363600,108.68784942626954,113.15814025878906,113.4197350692749,-0.08625189436075642,34.02346627124115,-2.7128341533721283,-2.255286695404895,-0.4575474579672334,117.11494343303224,108.68784942626954,100.26075541950684,-0.0012315963083268633,1333677200,bear,death_cross
2025-12-08,96.79000091552734,99.88999938964844,95.30000305175781,99.87000274658203,100906300,108.00904960632325,112.67272033691407,113.4021100616455,-0.12300886803247257,30.20057066566315,-3.2523701511191376,-2.4547033865477434,-0.7976667645713942,117.85391427713364,108.00904960632325,98.16418493551285,-0.06979192025157559,1232770900,bear,hold
2025-12-09,96.70999908447266,97.23999786376953,95.44999694824219,97.02999877929688,51745600,107.24419937133788,112.19410034179687,113.39142505645752,-0.13657185874895839,30.116066517371095,-3.644401404809969,-2.6926429902001887,-0.9517584146097802,118.05707863063607,107.24419937133788,96.4313201120397,0.012886436893915911,1181025300,bear,hold
2025-12-10,92.70999908447266,96.97000122070312,92.3499984741211,96.73999786376953,74129300,106.19749946594239,111.65046035766602,113.3663550567627,-0.1842068092032343,26.17278672381464,-4.22910507758985,-2.999935407678121,-1.229169669911729,118.30506521112974,106.19749946594239,94.08993372075503,-0.05698646058688065,1106896000,bear,hold
2025-12-11,94.08999633789062,94.81999969482422,92.76000213623047,93.9000015258789,43949000,105.11449928283692,111.19046035766601,113.34177505493165,-0.1871274614437095,29.597696452073464,-4.528926065078181,-3.3057335391581333,-1.223192525920048,117.48259791585772,105.11449928283692,92.74640064981611,0.05431698630245937,1150845000,bear,hold
2025-12-12,95.19000244140625,96.91999816894531,94.6500015258789,95.5,49323100,104.10284957885742,110.76920043945313,113.33619007110596,-0.17529430606932261,32.29395571837351,-4.624467080464328,-3.569480247419372,-1.0549868330449557,116.24048640614679,104.10284957885742,91.96521275156805,0.13284256794485003,1200168100,bear,hold
2025-12-15,93.7699966430664,96.37000274658203,93.52999877929688,96.0199966430664,40016500,103.23049926757812,110.33796035766602,113.314760055542,-0.1568735514855666,30.661476890630695,-4.759897488620609,-3.8075636956596197,-0.9523337929609896,115.70084737984878,103.23049926757812,90.76015115530747,0.12068009091090608,1160151600,bear,hold
2025-12-16,94.56999969482422,94.93000030517578,93.31999969482422,93.87999725341797,34265000,102.44449920654297,109.90274032592774,113.30076004028321,-0.14253333112893252,32.72480127468266,-4.747942180470375,-3.995639392621771,-0.7523027878486039,115.01716541239917,102.44449920654297,89.87183300068678,0.1868405084972785,1194416600,bear,hold
2025-12-17,94.79000091552734,97.33000183105469,94.45999908447266,95.9800033569336,50472800,101.4794994354248,109.41642028808593,113.28842002868652,-0.16916465984628604,33.31250099507996,-4.666917927926548,-4.129895099682726,-0.5370228282438214,113.26685645135647,101.4794994354248,89.69214241949312,0.21624264409502508,1244889400,bear,hold
2025-12-18,94.0,95.80999755859375,93.58999633789062,95.0199966430664,37244700,100.6794994354248,108.86792022705077,113.26296001434326,-0.1454545454545455,32.22390713738284,-4.6132731543468,-4.226570710615541,-0.3867024437312585,112.21425482111691,100.6794994354248,89.1447440497327,0.21046202489433985,1207644700,bear,hold
2025-12-19,94.38999938964844,95.54000091552734,93.44999694824219,93.56999969482422,78990200,100.11549949645996,108.29358016967774,113.28173000335693,-0.10674741151468936,33.38128692900574,-4.487559797475072,-4.278768527987448,-0.20879126948762394,111.72190913624324,100.11549949645996,88.50908985667668,0.25334749140741025,1286634900,bear,hold
2025-12-22,93.2300033569336,94.70999908447266,92.91000366210938,94.70999908447266,39484800,99.56149978637696,107.71802017211914,113.30232501983643,-0.1062217856484583,31.650070716189305,-4.4304614401713565,-4.30910711042423,-0.12135432974712668,111.37015468988753,99.56149978637696,87.75284488286638,0.23191288587995387,1247150100,bear,hold
2025-12-23,93.5,93.80999755859375,91.33000183105469,93.4000015258789,25896200,98.8879997253418,107.14996017456055,113.33648502349854,-0.12592316599970388,32.527199803000414,-4.313698477136967,-4.310025383766778,-0.003673093370188951,110.46388407742973,98.8879997253418,87.31211537325387,0.2672748119511934,1273046300,bear,hold
2025-12-24,93.63999938964844,93.68000030517578,92.66999816894531,93.11000061035156,12427900,98.34999961853028,106.59206008911133,113.35713500976563,-0.10306515305522534,33.007270916457244,-4.161890523709175,-4.280398411755257,0.11850788804608214,109.85109481890404,98.34999961853028,86.84890441815651,0.2952368819306543,1285474200,bear,hold
2025-12-26,94.47000122070312,94.69000244140625,93.2699966430664,93.4800033569336,22068300,97.76649971008301,106.07488006591797,113.36964500427246,-0.10994910717969586,35.91831225912787,-3.9293127443444575,-4.210181278273097,0.28086853392863986,108.80223078971943,97.76649971008301,86.73076863044659,0.35064430867372626,1307542500,bear,hold
2025-12-29,94.1500015258789,94.97000122070312,93.62999725341797,93.98999786376953,24493700,97.09499969482422,105.59070007324219,113.39531002044677,-0.12483733107075479,35.281771405535125,-3.727842234807156,-4.113713469579909,0.3858712347727531,107.26055715261721,97.09499969482422,86.92944223703124,0.3551482207850951,1283048800,bear,hold
2025-12-30,93.77999877929688,93.98999786376953,93.33999633789062,93.5199966430664,23422000,96.32749977111817,105.06758010864257,113.40520999908448,-0.1406579204659545,34.52000592413067,-3.557028325525991,-4.002376440769126,0.4453481152431351,104.9421353909836,96.32749977111817,87.71286415125275,0.35214110589037945,1259626800,bear,hold
2025-12-31,93.76000213623047,94.30999755859375,93.19999694824219,93.5999984741211,23495200,95.54799995422363,104.46566009521484,113.39900001525879,-0.14256969872368286,34.47668146059053,-3.3842590025955985,-3.8787529531344207,0.49449395053882217,101.80761506475466,95.54799995422363,89.2883848436926,0.35717989154116897,1236131600,bear,hold
2026-01-02,90.98999786376953,94.12999725341797,90.80999755859375,94.12999725341797,41155400,94.89949989318848,103.80276000976562,113.38895999908448,-0.12475953573416598,29.039651142844193,-3.4313003695832407,-3.789262436424185,0.35796206684094445,100.1438590297459,94.89949989318848,89.65514075663106,0.12726598926391622,1194976200,bear,hold
2026-01-05,91.45999908447266,92.62999725341797,90.83999633789062,90.91999816894531,39183300,94.31149978637696,103.39921997070313,113.36651500701905,-0.11393142799025402,31.027198098156774,-3.3915600284538527,-3.709721954830119,0.3181619263762663,98.13775264591841,94.31149978637696,90.4852469268355,0.12737686104649804,1234159500,bear,hold
2026-01-06,90.6500015258789,91.63999938964844,89.73999786376953,91.54000091552734,43331000,93.83199996948242,102.98503997802734,113.3443450164795,-0.09567035656688505,29.49397829735517,-3.386389366676724,-3.6450554371994404,0.2586660705227164,96.89344189431762,93.83199996948242,90.77055804464723,-0.019689499544371523,1190828500,bear,hold
2026-01-07,90.7300033569336,92.41999816894531,90.05999755859375,91.55999755859375,36525700,93.52900009155273,102.61026000976562,113.3178500366211,-0.06260974792099194,29.862626617351395,-3.337365034127018,-3.583517356584956,0.24615232245793806,96.55880431501828,93.52900009155273,90.49919586808718,0.038089505430553394,1227354200,bear,hold
2026-01-08,90.52999877929688,91.25,89.58000183105469,90.44999694824219,40068700,93.22000007629394,102.23173995971679,113.28450504302978,-0.06390239234495054,29.448085318804473,-3.2768777879336994,-3.522189442854705,0.24531165492100548,96.14794140944957,93.22000007629394,90.29205874313831,0.040632650911437355,1187285500,bear,hold
2026-01-09,89.45999908447266,90.05000305175781,88.31999969482422,90.02999877929688,55579500,93.05750007629395,101.81593994140626,113.23316505432129,-0.03505554990933357,27.267311985129055,-3.277500259729095,-3.4732516062295833,0.1957513465004883,96.41051614243037,93.05750007629395,89.70448401015753,-0.0364574640953906,1131706000,bear,hold
2026-01-12,89.41000366210938,90.33999633789062,89.33000183105469,89.69000244140625,36290600,92.82350044250488,101.40332000732423,113.19489006042481,-0.04973953510397355,27.166081403009017,-3.2446257598173815,-3.427526436947143,0.18290067712976166,96.49383145449428,92.82350044250488,89.15316943051548,0.03498788402938746,1095415400,bear,hold
2026-01-13,90.31999969482422,91.1500015258789,89.06999969482422,89.44000244140625,45221100,92.58000030517579,101.03171997070312,113.15813007354737,-0.051160863763815345,32.106794775723,-3.1093013169940065,-3.363881412956516,0.25458009596250974,96.23617280201192,92.58000030517579,88.92382780833965,0.19093353605344693,1140636500,bear,hold
2026-01-14,88.55000305175781,91.58000183105469,87.94999694824219,91.23999786376953,49737700,92.31900062561036,100.565,113.133955078125,-0.05566805778162065,28.112234512058933,-3.109040573294436,-3.3129132450241006,0.2038726717296644,96.32650250475662,92.31900062561036,88.3114987464641,0.029757229377085928,1090898800,bear,hold
2026-01-15,88.05000305175781,89.88999938964844,87.81999969482422,89.0199966430664,36945100,91.99300079345703,100.12582000732422,113.10794010162354,-0.06894360435768554,27.08701828544855,-3.113291665002265,-3.2729889290197334,0.1596972640174683,96.26692597346388,91.99300079345703,87.71907561345017,0.038714697189330426,1053953700,bear,hold
2026-01-16,88.0,88.51000213623047,87.77999877929688,88.33999633789062,48130500,91.65350074768067,99.69990005493165,113.08375011444092,-0.07163203766163362,26.98104654059226,-3.085132032548856,-3.235417549725558,0.15028551717670213,96.06139871050895,91.65350074768067,87.24560278485238,0.08557335282139424,1005823200,bear,hold
2026-01-20,87.26000213623047,89.9000015258789,87.0199966430664,88.97000122070312,109729700,91.31650085449219,99.24818008422852,113.05229011535644,-0.07170210493371842,25.397473708682014,-3.086942611268725,-3.205722562034192,0.11877995076546677,95.97854364711067,91.31650085449219,86.65445806187371,0.06494407079612496,896093500,bear,hold
2026-01-21,85.36000061035156,86.0,81.93000030517578,82.5199966430664,127940700,90.86500091552735,98.76134002685546,113.02056510925293,-0.09566690155405566,21.851267035457838,-3.2047493959624376,-3.2055279288198415,0.0007785328574039241,95.97635441565167,90.86500091552735,85.75364741540302,-0.03850710042280248,768152800,bear,hold
2026-01-22,83.54000091552734,85.0999984741211,82.9800033569336,85.0199966430664,69113300,90.38050079345703,98.22482009887695,113.01033512115478,-0.10393652357072014,19.10013181657854,-3.4057119591020353,-3.2455647348762806,-0.16014722422575467,96.27960672745395,90.38050079345703,84.48139485946011,-0.07979123908484619,699039500,bear,hold
2026-01-23,86.12000274658203,86.30000305175781,83.27999877929688,83.43000030517578,64520400,90.01150093078613,97.707080078125,113.00702014923095,-0.07893045190821357,32.142754262634284,-3.3185376165306764,-3.26015931120716,-0.05837830532351651,96.00640884396329,90.01150093078613,84.01659301760897,0.17543303078514724,763559900,bear,hold
2026-01-26,85.69999694824219,86.94000244140625,85.3499984741211,86.91999816894531,40941900,89.61450080871582,97.1482000732422,113.00032012939454,-0.08479285020461025,31.259236213200722,-3.2459252737394024,-3.257312503713609,0.011387229974206381,95.6471700027695,89.61450080871582,83.58183161466214,0.1755578886762014,722618000,bear,hold
2026-01-27,85.58000183105469,85.5999984741211,83.87999725341797,85.27999877929688,37790800,89.1700008392334,96.54480010986327,112.95548515319824,-0.09410394066661865,30.99708841660086,-3.1616169202314097,-3.238173387017169,0.07655646678575945,95.01320511971113,89.1700008392334,83.32679655875566,0.19280562206485163,684827200,bear,hold
2026-01-28,84.63999938964844,86.47000122070312,84.30000305175781,85.62999725341797,37762600,88.69450073242187,95.92914016723633,112.9181001663208,-0.10100904919918097,28.948987645323044,-3.134519494202223,-3.21744260845418,0.08292311425195686,94.38508384102622,88.69450073242187,83.00391762381753,0.14375343744273772,647064600,bear,hold
2026-01-29,83.16000366210938,84.37999725341797,82.3499984741211,84.30999755859375,42278100,88.1635009765625,95.36800018310547,112.8747551727295,-0.11324371140354506,26.032485998558357,-3.1956306344764585,-3.213080213658636,0.017449579182177377,93.83876014600563,88.1635009765625,82.48824180711938,0.059183363696138566,604786500,bear,hold
2026-01-30,83.48999786376953,84.05999755859375,82.77999877929688,83.0999984741211,45755000,87.65000076293946,94.83200012207031,112.82656517028809,-0.1095350260075606,27.779592226790598,-3.180767966074825,-3.206617764141874,0.0258497980670489,93.05906703964648,87.65000076293946,82.24093448623243,0.11546016573284747,650541500,bear,hold
2026-02-02,82.76000213623047,85.2699966430664,82.72000122070312,83.52999877929688,41445300,87.2385009765625,94.20540023803711,112.75222518920899,-0.0904494551133086,26.299707459961297,-3.1911086347253814,-3.2035159382585756,0.012407303533194192,92.81810408755427,87.2385009765625,81.65889786557074,0.09867227549667167,609096200,bear,hold
2026-02-03,79.94000244140625,82.44999694824219,79.62000274658203,82.2300033569336,49789000,86.66250114440918,93.60420028686524,112.67111019134522,-0.12595666694055518,21.52849163428928,-3.3878016284435546,-3.2403730762955716,-0.147428552147983,92.73656688064752,86.66250114440918,80.58843540817084,-0.05337717724192443,559307200,bear,hold
2026-02-04,80.16000366210938,81.44000244140625,79.2300033569336,79.98999786376953,48963200,86.1380012512207,93.09400039672852,112.58539520263672,-0.1157197759205203,22.706589389218934,-3.4857484449080403,-3.2894481500180657,-0.19630029488997458,92.54661552104106,86.1380012512207,79.72938698140034,0.03359670769521184,608270400,bear,hold
2026-02-05,80.87000274658203,83.30000305175781,80.54000091552734,81.48999786376953,54805700,85.64500122070312,92.62520050048828,112.49579021453857,-0.1086740906595377,26.53959980337106,-3.466125671070074,-3.324783654228468,-0.1413420168416062,92.08170889778346,85.64500122070312,79.20829354362279,0.1290806796210597,663076100,bear,hold
2026-02-06,82.19999694824219,82.48999786376953,80.6500015258789,81.0199966430664,46154100,85.22850112915039,92.12980041503906,112.38662021636964,-0.09201371858363105,33.220253171078625,-3.3051552917646347,-3.3208579817357013,0.015702689971066608,91.42029304047082,85.22850112915039,79.03670921782995,0.2554420251614727,709230200,bear,hold
2026-02-09,81.47000122070312,82.20999908447266,79.87000274658203,82.18000030517578,42200200,84.82900123596191,91.67120040893555,112.2691752243042,-0.0893136367710553,31.525587280230525,-3.1996065877618918,-3.2966077029409395,0.09700111517904775,90.9071617913967,84.82900123596191,78.75084068052712,0.22368284906069702,667030000,bear,hold
2026-02-10,82.20999908447266,84.66000366210938,82.08999633789062,82.72000122070312,43595800,84.46900100708008,91.19260040283203,112.13179023742676,-0.08052795305597304,35.13775539875887,-3.021417812441811,-3.241569724841114,0.22015191239930276,90.26558214484493,84.46900100708008,78.67241986931523,0.30514359508486993,710625800,bear,hold
2026-02-11,79.62000274658203,82.4800033569336,79.44999694824219,81.95999908447266,40840300,83.93400115966797,90.63340042114258,111.97912525177001,-0.11846763711686936,29.309915943802466,-3.0539885047442397,-3.2040534808217394,0.1500649760774997,89.43955955433002,83.93400115966797,78.42844276500593,0.10821427148346943,669785500,bear,hold
2026-02-12,75.86000061035156,79.1500015258789,75.2300033569336,79.11000061035156,73516100,83.29950103759765,89.96800048828125,111.80323524475098,-0.14330888767998007,23.274716918315534,-3.3446467559654423,-3.2321721358504805,-0.11247462011496179,89.42136463440559,83.29950103759765,77.17763744078971,-0.10761729738026085,596269400,bear,hold
2026-02-13,76.87000274658203,77.18000030517578,75.52999877929688,76.13999938964844,42292100,82.74050102233886,89.31840057373047,111.62476524353028,-0.1269733096840885,27.58798583232054,-3.453684853536714,-3.2764746793877273,-0.17721017414898688,89.0635956450068,82.74050102233886,76.41740639967092,0.03578914866215786,638561500,bear,hold
2026-02-17,77.0,77.87000274658203,75.30000305175781,76.91999816894531,35961500,82.19050102233886,88.77920059204102,111.44390525817872,-0.125,28.147877756980776,-3.4893851792411255,-3.319056779358407,-0.17032839988271853,88.50158096997887,82.19050102233886,75.87942107469885,0.08877869830504838,674523000,bear,hold
2026-02-18,77.98999786376953,78.31999969482422,76.27999877929688,77.31999969482422,29883100,81.72700080871581,88.27460052490234,111.2671202468872,-0.10623428885537489,32.43253388549681,-3.3986162580622192,-3.3349686750991694,-0.06364758296304984,87.83922441078326,81.72700080871581,75.61477720664837,0.19430086428102442,704406100,bear,hold
2026-02-19,77.0,78.69999694824219,76.58999633789062,77.75,30139200,81.30900077819824,87.80980056762695,111.07387523651123,-0.0979381507799304,30.47544262318449,-3.367744525381596,-3.3415238451556553,-0.026220680225940818,87.51299554584618,81.30900077819824,75.1050060105503,0.152723693396032,674266900,bear,hold
2026-02-20,78.66999816894531,78.8499984741211,76.4000015258789,76.61000061035156,32411300,81.06550064086915,87.44740051269531,110.90019523620606,-0.05829545957877591,37.34391097109403,-3.1719591882899323,-3.307610913782511,0.13565172549257865,87.2823950779062,81.06550064086915,74.84860620383209,0.3073392996949841,706678200,bear,hold
2026-02-23,76.0199966430664,77.83000183105469,75.01000213623047,77.79000091552734,38363000,80.56050033569336,87.03360046386719,110.71145023345947,-0.11727828357409664,31.94996206999953,-3.193814567980084,-3.2848516446220257,0.09103707664194172,86.69332179236318,80.56050033569336,74.42767887902355,0.1298193478558811,668315200,bear,hold
2026-02-24,78.04000091552734,78.12000274658203,75.20999908447266,75.7300033569336,33079100,80.17750053405761,86.74020050048829,110.52394523620606,-0.08938152048407932,39.16340759685346,-3.013401039529839,-3.2305615236035887,0.21716048407374977,85.92314601620402,80.17750053405761,74.43185505191121,0.313989600892347,701394300,bear,hold
2026-02-25,82.69999694824219,83.12000274658203,79.25,79.43000030517578,69319300,80.03350028991699,86.51240051269531,110.36523021697998,-0.0336527789342419,51.844998241671234,-2.465973081131125,-3.0776438351090962,0.6116707539779713,85.35935151806474,80.03350028991699,74.70764906176923,0.7503352557270517,770713600,bear,hold
2026-02-26,84.58999633789062,86.5,82.80000305175781,83.19999694824219,85642500,80.0310001373291,86.300400390625,110.21807018280029,-0.0005907733000755089,55.863528653032766,-1.8582050931130993,-2.8337560867098968,0.9755509935967974,85.34823915369707,80.0310001373291,74.71376112096114,0.9286995738321754,856356100,bear,hold
2026-02-27,96.23999786376953,96.75,90.58000183105469,94.30000305175781,200767000,80.68499984741212,86.34980041503906,110.14427017211914,0.15728708063561414,71.59733847143744,-0.4315126150446531,-2.3533073923768484,1.9217947773321953,89.46852744864178,80.68499984741212,71.90147224618245,1.3854641735388733,1057123100,bear,hold
2026-03-02,97.08999633789062,98.06999969482422,95.19999694824219,95.26000213623047,79915400,81.36499977111816,86.4002003479004,110.0605001449585,0.16289374562342407,72.37122062764297,0.7589900607513158,-1.7308479017512157,2.4898379625025315,92.65888912478063,81.36499977111816,70.0711104174557,1.1961727742477415,1137038500,bear,hold
2026-03-03,97.69999694824219,98.45999908447266,95.33000183105469,96.01000213623047,59149000,82.11199951171875,86.45840026855468,109.97350513458252,0.18052192395330224,72.9410226426426,1.7317316353687886,-1.038331994327215,2.7700636296960033,95.46479407010752,82.11199951171875,68.75920495332998,1.0836979430920108,1196187500,bear,hold
2026-03-04,98.66000366210938,99.75,96.98999786376953,97.11000061035156,52604300,83.04799957275391,86.55160034179687,109.87781517028809,0.23417563984219725,73.85488649250685,2.5506980013705345,-0.3205259951876651,2.8712239965581996,98.16806941647766,83.04799957275391,67.92792972903015,1.0162675917081134,1248791800,bear,hold
2026-03-05,99.16999816894531,100.19000244140625,98.0999984741211,98.5,53403000,83.99849929809571,86.64720031738281,109.77790016174316,0.23715061924107328,74.35047962402912,3.203953855605292,0.38436997497092634,2.8195838806343656,100.59121989595802,83.99849929809571,67.4057787002334,0.9571733363847575,1302194800,bear,hold
2026-03-06,99.0199966430664,99.87999725341797,97.4000015258789,99.33000183105469,41196300,84.90599899291992,86.76300018310548,109.67718013763428,0.22443419413945165,73.90673447057492,3.6672857694728975,1.0409531338713207,2.626332635601577,102.65975162206075,84.90599899291992,67.15224636377908,0.8974933622478188,1260998500,bear,hold
2026-03-09,98.31999969482422,98.94000244140625,96.58000183105469,97.69999694824219,48589000,85.71199913024903,86.85940017700196,109.57277011871338,0.1961070966551508,71.75452616846744,3.9326624608829235,1.6192949992736412,2.3133674616092823,104.34314995579398,85.71199913024903,67.08084830470408,0.8383580725268058,1212409500,bear,hold
2026-03-10,96.94000244140625,98.48999786376953,96.29000091552734,97.80999755859375,41027200,86.48549919128418,86.92540023803711,109.4601551437378,0.18988585968956495,67.57657622899956,3.985676754895792,2.0925713503980714,1.8931054044977205,105.62554292489855,86.48549919128418,67.3454554576698,0.7731055214822088,1171382300,bear,hold
2026-03-11,94.88999938964844,98.0,94.69000244140625,97.41000366210938,33962900,87.11949920654297,86.93380020141602,109.34062015533448,0.15423914908631486,61.81830651034934,3.818258345735515,2.43770874946556,1.380549596269955,106.48969782533544,87.11949920654297,67.7493005877505,0.7005787430482703,1137419400,bear,hold
2026-03-12,94.30999755859375,95.4000015258789,93.87000274658203,94.86000061035156,34206900,87.85399894714355,86.93700012207032,109.21947513580322,0.18450131003847958,60.25393192477651,3.597309208494636,2.6696288412713756,0.9276803672232603,107.1448983283356,87.85399894714355,68.5630995659515,0.6673327532293433,1103212500,bear,hold
2026-03-13,95.30999755859375,95.68000030517578,94.23999786376953,94.63999938964844,29876700,88.82649879455566,86.96760009765624,109.09024013519287,0.2563933138907477,62.03767292037618,3.462978013123646,2.82829867564183,0.634679337481816,107.55356367297706,88.82649879455566,70.09943391613426,0.6731050435861099,1133089200,bear,hold
2026-03-16,95.19999694824219,96.0999984741211,94.36000061035156,95.58000183105469,34931800,89.74299850463868,86.99639999389649,108.96196510314941,0.23845444967770857,61.70960019026006,3.3094936602194736,2.9245376725573586,0.3849559876621149,107.82270558966198,89.74299850463868,71.66329141961538,0.650915012559134,1098157400,bear,hold
2026-03-17,94.36000061035156,96.33999633789062,94.01000213623047,95.30000305175781,26434500,90.61099853515626,87.06380004882813,108.841335105896,0.22545455338118914,59.137745773779145,3.084519104235241,2.956533958892935,0.12798514534230598,107.80543518133092,90.61099853515626,73.41656188898159,0.6090178803860191,1071722900,bear,hold
2026-03-18,94.69999694824219,95.33999633789062,93.61000061035156,94.44999694824219,27878300,91.44649848937988,87.12860000610351,108.71122009277343,0.21425823236540098,59.86683155110835,2.900227987848737,2.9452727646840957,-0.04504477683535857,107.70511038893324,91.44649848937988,75.18788658982652,0.6000546196367381,1099601200,bear,hold
2026-03-19,91.73999786376953,95.75,90.77999877929688,94.30999755859375,40169300,92.18349838256836,87.15039993286133,108.56043006896972,0.1914285436853187,51.28722237956158,2.486664046757795,2.853551021098836,-0.3668869743410408,107.03094766471378,92.18349838256836,77.33604910042294,0.4850647572397451,1059431900,bear,hold
2026-03-20,91.81999969482422,91.87999725341797,90.69000244140625,91.30999755859375,61678000,92.8409984588623,87.17219985961914,108.41056007385254,0.16715395744180683,51.489575237323855,2.140690574628138,2.710978931804697,-0.5702883571765587,106.33992483983994,92.8409984588623,79.34207207788467,0.4621822234145654,1121109900,bear,hold
2026-03-23,93.37999725341797,93.9800033569336,91.86000061035156,92.04000091552734,34315900,93.70899848937988,87.22919982910156,108.25763004302979,0.22836097575564573,55.381711451483035,1.9696776529941076,2.562718676042579,-0.5930410230484715,104.78492737818394,93.70899848937988,82.63306960057582,0.48514791674518254,1155425800,bear,hold
2026-03-24,90.91999816894531,93.73999786376953,90.81999969482422,92.79000091552734,28938000,94.35299835205078,87.25839981079102,108.0869700241089,0.1650435302705806,48.74061660450194,1.6170074580466434,2.373576432443392,-0.7565689743967488,102.92443143065324,94.35299835205078,85.78156527344831,0.299741761288697,1126487800,bear,hold
2026-03-25,92.27999877929688,92.5199966430664,91.23999786376953,91.70999908447266,29545600,94.83199844360351,87.31579971313477,107.92763500213623,0.1158404133563673,52.156368280750975,1.4307615425113198,2.185013454456978,-0.7542519119456581,101.63293056886582,94.83199844360351,88.0310663183412,0.3123786844727401,1156033400,bear,hold
2026-03-26,93.31999969482422,95.86000061035156,91.01000213623047,91.5199966430664,59522000,95.2684986114502,87.37579971313477,107.78200500488282,0.1032037325319417,54.64530831405061,1.3515004390711454,2.0183108513798116,-0.6668104123086662,100.2653030705901,95.2684986114502,90.2716941523103,0.30502549854018335,1215555400,bear,hold
2026-03-27,93.43000030517578,95.58000183105469,92.73999786376953,94.56999969482422,44590700,95.12799873352051,87.47339965820312,107.6473450088501,-0.029197814016697965,54.91248138706658,1.2827745470127923,1.871203590506408,-0.5884290434936157,100.16549285114198,95.12799873352051,90.09050461589905,0.3314639790441611,1260146100,bear,hold
2026-03-30,92.97000122070312,94.48999786376953,92.22000122070312,92.75,32375100,94.92199897766113,87.57179962158203,107.5022550201416,-0.04243480556791013,53.49336842034296,1.1776158778693997,1.7324860479790065,-0.5548701701096068,99.95867517537017,94.92199897766113,89.88532277995209,0.3062216350292794,1227771000,bear,hold
2026-03-31,96.1500015258789,96.26000213623047,93.02999877929688,93.02999877929688,54270000,94.84449920654296,87.73479965209961,107.37549003601075,-0.015864846169692415,60.99739540563922,1.3354817212283905,1.6530851826288835,-0.317603461400493,99.75390097959544,94.84449920654296,89.93509743349048,0.6329594092809633,1282041000,bear,hold
2026-04-01,95.55000305175781,97.19999694824219,94.26000213623047,96.47000122070312,30439300,94.68899917602539,87.90059967041016,107.24716506958008,-0.031522405178522894,59.061026239518846,1.396083495483154,1.6016848451997379,-0.20560134971658384,99.2926321996623,94.68899917602539,90.08536615238849,0.5935135219631628,1251601700,bear,hold
2026-04-02,98.66000366210938,98.70999908447266,95.16999816894531,95.2699966430664,37068000,94.66349945068359,88.16659973144532,107.12779006958007,-0.005142628983083264,65.22353215277062,1.6757449514033027,1.6164968664404509,0.05924808496285183,99.17223996252724,94.66349945068359,90.15475893883993,0.9431951895354905,1288669700,bear,hold
2026-04-06,98.93000030517578,102.69000244140625,97.97000122070312,100.95999908447266,37029300,94.65899963378907,88.47439971923828,107.01210506439209,-0.0009088703387359898,65.70616735490285,1.8972943148741876,1.6726563561271983,0.22463795874698933,99.1504862875108,94.65899963378907,90.16751298006733,0.9754551221751576,1325699000,bear,hold
2026-04-07,98.81999969482422,99.87999725341797,98.25,98.55000305175781,25016700,94.68399963378906,88.72839965820313,106.89506008148193,0.005085435329047483,65.30849571561399,2.0404763109002744,1.7462203470818136,0.29425596381846075,99.26146097964087,94.68399963378906,90.10653828793724,0.9517788080049311,1300682300,bear,hold
2026-04-08,99.38999938964844,100.4000015258789,97.44000244140625,100.31999969482422,30957600,94.80649948120117,89.00219970703125,106.77630508422851,0.025273332850626273,66.44188790660394,2.1748727072497047,1.831950819115392,0.3429218881343128,99.7364593724313,94.80649948120117,89.87653958997105,0.9648617848393477,1331639900,bear,hold
2026-04-09,102.05000305175781,102.33999633789062,99.08000183105469,99.62999725341797,35087800,95.16449966430665,89.33159973144531,106.65978511810303,0.07545582999435085,71.17473700012984,2.467578179347015,1.9590762911617168,0.5085018881852983,101.01976416329511,95.16449966430665,89.30923516531819,1.0879754354940487,1366727700,bear,hold
2026-04-10,103.01000213623047,103.08000183105469,101.45999908447266,102.47000122070312,25769900,95.59949989318848,89.69899978637696,106.53528011322021,0.09224901710162281,72.6726805203908,2.7453664029214053,2.1163343135136543,0.629032089407751,102.35905376857583,95.59949989318848,88.83994601780113,1.0481502462777053,1392497600,bear,hold
2026-04-13,103.16000366210938,103.66999816894531,102.05999755859375,103.02999877929688,26042800,95.99200019836425,90.09899978637695,106.41345512390137,0.08236288222218957,72.9095709875156,2.9436864559011013,2.281804741991144,0.6618817139099575,103.50803796860184,95.99200019836425,88.47596242812666,0.9768472220914968,1418540400,bear,hold
2026-04-14,106.27999877929688,106.56999969482422,103.04000091552734,103.12000274658203,40534900,96.54600028991699,90.5547998046875,106.2915200805664,0.11638657758653714,77.31452474060231,3.3144076297673877,2.4883253195463926,0.8260823102209951,105.28134736307265,96.54600028991699,87.81065321676132,1.0571615190478891,1459075300,bear,hold
2026-04-15,107.70999908447266,107.8499984741211,105.04000091552734,105.9800033569336,38023700,97.21350021362305,91.05379974365235,106.16851009368897,0.1414794233549057,78.99996149615255,3.68116176321206,2.726892608279526,0.954269154932534,107.1379809956617,97.21350021362305,87.28901943158439,1.0288185397993912,1497099000,bear,hold
2026-04-16,107.79000091552734,108.94999694824219,106.62000274658203,107.47000122070312,64928300,97.86800041198731,91.61079971313477,106.03789512634278,0.13822602311634102,79.09354374618059,3.9329360963002955,2.96810130588368,0.9648347904166155,108.72575204116355,97.86800041198731,87.01024878281108,0.9569086143432443,1562027300,bear,hold
2026-04-17,97.30999755859375,98.73999786376953,95.0999984741211,96.37000274658203,125958700,98.14650039672851,91.95379959106445,105.87764511108398,0.06071506239945035,48.56340839312205,3.2493637408015132,3.024353792867247,0.2250099479342662,108.64089470347923,98.14650039672851,87.65210608997779,0.460145254043072,1436068600,bear,hold
2026-04-20,94.83000183105469,97.5999984741211,93.54000091552734,97.13999938964844,63298300,98.29700050354003,92.23299957275391,105.70936515808106,0.03278155245300152,44.21407742572266,2.478937150783068,2.915270464450411,-0.43633331366734307,108.50663424123822,98.29700050354003,88.08736676584185,0.33020944915566586,1372770300,bear,hold
2026-04-21,92.58000183105469,94.6500015258789,92.37000274658203,94.0,61962300,98.25700073242187,92.44059967041015,105.52367515563965,-0.00856709622931584,40.656460874698844,1.6675893990503,2.665734251370389,-0.9981448523200891,108.54931105144571,98.25700073242187,87.96469041339803,0.22421163347192918,1310808000,bear,hold
2026-04-22,93.23999786376953,93.8499984741211,92.7699966430664,93.05999755859375,33694300,98.37300071716308,92.67599960327148,105.34506511688232,0.025516935124803464,42.12746723060571,1.0655634719656888,2.345700095489449,-1.2801366235237603,108.38027656780123,98.37300071716308,88.36572486652493,0.2435364563740779,1344502300,bear,hold
2026-04-23,92.81999969482422,94.63999938964844,92.06999969482422,94.05999755859375,36851700,98.40000076293946,92.88819961547851,105.17151012420655,0.005851765525255903,41.423776944435765,0.5482434361634034,1.98620876362424,-1.4379653274608366,108.34408862904004,98.40000076293946,88.45591289683887,0.2194312267122322,1307650600,bear,hold
2026-04-24,92.44000244140625,93.27999877929688,91.80000305175781,92.56999969482422,32553200,98.35600090026855,93.144599609375,104.98957012176514,-0.00942988915876275,40.760381942200254,0.10637475614636571,1.6102419621286652,-1.5038672059822995,108.39692582605073,98.35600090026855,88.31507597448638,0.20540570203489225,1275097400,bear,hold
2026-04-27,91.37000274658203,92.83999633789062,91.30000305175781,92.05000305175781,29707400,98.25300102233886,93.45479965209961,104.8211251449585,-0.02204856632628771,38.87259111864278,-0.32638700306829094,1.222916169089274,-1.549303172157565,108.53334513787661,98.25300102233886,87.97265690680112,0.16523502528705006,1245390000,bear,hold
2026-04-28,92.2699966430664,92.33999633789062,90.0199966430664,91.5,33418100,98.21800079345704,93.7627995300293,104.65992012023926,-0.007529359669200875,41.33377663656746,-0.5899314665161626,0.8603466419681868,-1.4502781084843495,108.57453621653391,98.21800079345704,87.86146537038016,0.21283813034921736,1278808100,bear,hold
2026-04-29,92.12000274658203,92.86000061035156,90.86000061035156,91.2300033569336,26122100,98.0165008544922,94.06519958496094,104.48954513549805,-0.04191366318608114,41.03722179284117,-0.8016546308570724,0.5279463874031349,-1.3296010182602074,108.678452313284,98.0165008544922,87.35454939570039,0.22347941506299338,1252686000,bear,hold
2026-04-30,93.61000061035156,94.22000122070312,90.7699966430664,91.3499984741211,40923000,97.91950073242188,94.37759963989258,104.32746013641358,-0.020303530920405932,45.24021249938618,-0.8395387091612747,0.254449368090253,-1.0939880772515278,108.7040405655835,97.91950073242188,87.13496089926026,0.3002000925056189,1293609000,bear,hold
2026-05-01,92.05999755859375,94.69999694824219,91.9000015258789,94.41999816894531,30406900,97.5895004272461,94.67879959106445,104.16260513305664,-0.06689647130076459,41.89463929049918,-0.9832995414867014,0.00689958617486211,-0.9901991276615635,108.66324347909764,97.5895004272461,86.51575737539454,0.2503327085177491,1263202100,bear,hold
2026-05-04,91.0199966430664,92.33000183105469,90.88999938964844,92.0999984741211,25928800,97.19400024414062,94.92579956054688,103.9806201171875,-0.07995556087848854,39.769525625378165,-1.1676900154420338,-0.22801833414851708,-0.9396716812935166,108.60778102040445,97.19400024414062,85.7802194678768,0.2295373144929452,1237273300,bear,hold
2026-05-05,87.88999938964844,91.27999877929688,87.56999969482422,91.18000030517578,51961300,96.64750022888184,95.16319961547852,103.81545009613038,-0.11060514408955469,34.154335487180674,-1.5485348683527036,-0.4921216409893544,-1.056413227363349,108.72491113019889,96.64750022888184,84.57008932756479,0.1374429540077009,1185312000,bear,hold
2026-05-06,88.2699966430664,88.55000305175781,86.72000122070312,87.1500015258789,41932400,96.09150009155273,95.3677995300293,103.64016506195068,-0.1118825114686558,35.34782438762697,-1.7989572956499131,-0.7534887719214662,-1.045468523728447,108.62782979386677,96.09150009155273,83.5551703892387,0.18804651623662294,1227244400,bear,hold
2026-05-07,88.25,89.4000015258789,88.12999725341797,88.19999694824219,30627600,95.40149993896485,95.47879959106446,103.48637504577637,-0.13522785535595438,35.311552568859184,-1.9762514390402117,-0.9980413053452154,-0.9782101336949963,108.06847411572254,95.40149993896485,82.73452576220716,0.21771080294428355,1196616800,bear,hold
2026-05-08,87.48999786376953,88.04000091552734,87.20999908447266,87.70999908447266,36215100,94.6254997253418,95.53679962158203,103.33543502807618,-0.15066502233380963,33.88824699644162,-2.153262674056222,-1.2290855790874167,-0.9241770949688055,107.23438712068638,94.6254997253418,82.01661232999722,0.2170447463823487,1160401700,bear,hold
2026-05-11,85.44999694824219,87.33999633789062,85.0999984741211,86.52999877929688,40556500,93.73999938964843,95.32099960327149,103.17230503082276,-0.17167512684348674,30.35180825652759,-2.4301431998908214,-1.4692971032480977,-0.9608460966427237,106.3144980565377,93.73999938964843,81.16550072275916,0.1703644947994949,1119845200,bear,hold
2026-05-12,87.66000366210938,89.16999816894531,85.80999755859375,85.91000366210938,43556600,92.80899963378906,95.13239974975586,103.02036003112794,-0.17519754733770887,37.911065995965195,-2.4430816153229387,-1.664054005663066,-0.7790276096598727,104.23676963553751,92.80899963378906,81.3812296320406,0.27471562820690815,1163401800,bear,hold
2026-05-13,87.55999755859375,88.62000274658203,86.27999877929688,86.56999969482422,30823500,91.80149955749512,94.92959976196289,102.87086002349854,-0.18707642463236918,37.711603201068336,-2.4333548594282775,-1.8179141764161082,-0.6154406830121693,101.16291767811977,91.80149955749512,82.44008143687047,0.273458361529826,1132578300,bear,hold
2026-05-14,86.94000244140625,88.5,86.6500015258789,87.62000274658203,29408300,90.75899963378906,94.69519973754883,102.72119003295899,-0.19343165689794162,36.43185754191796,-2.447461941971042,-1.943823729527095,-0.5036382124439471,96.832657557334,90.75899963378906,84.68534171024412,0.18560978898908592,1103170000,bear,hold
2026-05-15,87.0199966430664,89.48999786376953,86.69000244140625,87.69000244140625,32335700,90.2444995880127,94.45219970703126,102.5641900253296,-0.10574453985913801,36.7301897374717,-2.4242418915006567,-2.0399073619218075,-0.38433452957884917,95.72568497938495,90.2444995880127,84.76331419664045,0.2058571536348801,1135505700,bear,hold
2026-05-18,89.6500015258789,89.81999969482422,86.33000183105469,86.5,35800500,89.98549957275391,94.2647998046875,102.43274002075195,-0.0546240662781412,45.745471889644435,-2.1686218967310964,-2.0656502688836653,-0.10297162784743108,95.04913351370621,89.98549957275391,84.92186563180161,0.46687181076008955,1171306200,bear,hold
2026-05-19,89.33000183105469,91.4800033569336,88.69000244140625,90.13999938964844,34545700,89.8229995727539,94.0849998474121,102.30009002685547,-0.03510477355499286,44.9070264953568,-1.969163222390705,-2.046352859585073,0.07718963719436811,94.74990638658478,89.8229995727539,84.89609275892302,0.44996883842868074,1136760500,bear,hold
2026-05-20,88.08999633789062,88.55000305175781,87.5,88.5199966430664,23463400,89.56549949645996,93.9079997253418,102.15504501342774,-0.0552338228643402,41.71628905892683,-1.889369391836368,-2.0149561660353323,0.12558677419896425,94.2851043711562,89.56549949645996,84.84589462176373,0.3436836135923024,1113297100,bear,hold
2026-05-21,89.30000305175781,90.37000274658203,87.5199966430664,88.02999877929688,28613900,89.38949966430664,93.79619979858398,102.02761001586914,-0.037922825410897754,45.765767762860264,-1.7087968307022834,-1.9537242989687227,0.2449274682664393,93.86683255049947,89.38949966430664,84.91216677811381,0.4900055887261792,1141911000,bear,hold
2026-05-22,88.5999984741211,89.97000122070312,88.16999816894531,89.0999984741211,23847200,89.19749946594239,93.68199981689453,101.88137001037597,-0.04154050049619129,43.86693381931748,-1.6036899547454198,-1.8837174301240622,0.2800274753786425,93.45925995385565,89.19749946594239,84.93573897802912,0.42989974524426483,1118063800,bear,hold
2026-05-26,87.68000030517578,88.7300033569336,87.25,88.4000015258789,24014500,89.01299934387207,93.52939987182617,101.72958499908447,-0.04038527230474753,41.433769463572546,-1.5764557610797283,-1.8222650963151954,0.2458093352354671,93.20144152633925,89.01299934387207,84.82455716140488,0.34087173934545173,1094049300,bear,hold
2026-05-27,87.3499984741211,88.5,86.81999969482422,87.05000305175781,22569500,88.76699943542481,93.37239990234374,101.56051498413086,-0.05332175515273552,40.56461768454192,-1.5634780544334603,-1.7705076879388484,0.20702963350538806,92.73342001236985,88.76699943542481,84.80057885847977,0.32137535167852826,1071479800,bear,hold
2026-05-28,86.36000061035156,87.04000091552734,85.58999633789062,86.9000015258789,38803800,88.47899932861328,93.21239990234375,101.38315998077393,-0.06252715984036572,37.989998251665796,-1.6144671103881052,-1.7392995724287,0.12483246204059473,92.26197677699624,88.47899932861328,84.69602188023033,0.21992977130124103,1032676000,bear,hold
2026-05-29,86.0199966430664,86.66999816894531,85.66000366210938,86.19999694824219,39793600,88.09949913024903,93.03879989624023,101.20061996459961,-0.08108112293341696,37.11864906943949,-1.6631401389634988,-1.7240676857356598,0.060927546772161056,91.21056659714934,88.09949913024903,84.98843166334872,0.16578955466135853,992882400,bear,hold
2026-06-01,85.8499984741211,87.2300033569336,85.31999969482422,85.7300033569336,32747200,87.78899917602538,92.92099990844727,101.02764995574951,-0.06745599879600428,36.66582514958952,-1.6958822216781613,-1.7184305929241601,0.022548371245998844,90.46631891365742,87.78899917602538,85.11167943839335,0.13788398624005047,960135200,bear,hold
2026-06-02,83.33000183105469,85.9800033569336,83.29000091552734,85.61000061035156,42947200,87.40449943542481,92.75119995117187,100.82901996612549,-0.08448687206799099,30.689117646639573,-1.9032339306971977,-1.7553912604787678,-0.1478426702184299,90.31402573939815,87.40449943542481,84.49497313145147,-0.20019947900210872,917188000,bear,hold
2026-06-03,81.5199966430664,83.30999755859375,81.0999984741211,82.91000366210938,36714700,87.0859992980957,92.51399993896484,100.6171449661255,-0.07247699158969712,27.252920103684133,-2.188387576056499,-1.8419905235943141,-0.3463970524621849,90.95095810061132,87.0859992980957,83.22104049558008,-0.2200597651139911,880473300,bear,hold
2026-06-04,81.55999755859375,83.69999694824219,81.37000274658203,83.19000244140625,39338800,86.75049934387206,92.32679992675781,100.40239994049072,-0.07601675925745854,27.44626303653658,-2.3836687057853254,-1.9503261600325166,-0.43334254575280884,91.25767526349436,86.75049934387206,82.24332342424977,-0.07580421508300911,919812100,bear,hold
2026-06-05,82.18000030517578,82.75,81.0,82.33000183105469,43474100,86.44699935913086,92.12479995727539,100.20622493743896,-0.0687818662303028,30.528240105734696,-2.460043517602955,-2.0522696315466042,-0.4077738860563507,91.31263165683595,86.44699935913086,81.58136706142577,0.06151649026503347,963286200,bear,hold
2026-06-08,82.63999938964844,83.08000183105469,81.33999633789062,81.66000366210938,33056700,86.20449943542481,91.91119995117188,100.01249492645263,-0.055434890759433086,32.808741945224114,-2.455151565506668,-2.132846018338617,-0.32230554716805093,91.31529520339221,86.20449943542481,81.0937036674574,0.15127739322735692,996342900,bear,hold
2026-06-09,81.41000366210938,82.33999633789062,81.33999633789062,82.12999725341797,34787200,86.00249977111817,91.67080001831054,99.81643993377685,-0.047279033708800156,29.975284116716267,-2.5214592215824183,-2.2105686589873774,-0.3108905625950409,91.51979993222854,86.00249977111817,80.4851996100078,0.0838094742986993,961555700,bear,hold
2026-06-10,82.0,82.75,80.9800033569336,81.70999908447266,36304600,85.7194995880127,91.45139999389649,99.6241149520874,-0.0645676868087548,32.96585200657583,-2.497609851421629,-2.267976897474228,-0.22963295394740113,91.44442593750121,85.7194995880127,79.99457323852418,0.17514869528889138,997860300,bear,hold
2026-06-11,81.2699966430664,82.0999984741211,80.08999633789062,81.87000274658203,33417600,85.40499954223633,91.15379989624023,99.42142993927001,-0.07183646746127625,31.190885201518,-2.508695543143105,-2.3161206266080034,-0.19257491653510161,91.37670527237485,85.40499954223633,79.4332938120978,0.15378376915819655,964442700,bear,hold
2026-06-12,80.33999633789062,82.0,79.27999877929688,81.58000183105469,35309700,85.07499923706055,90.84959976196289,99.21008491516113,-0.07591449181248577,29.045304833284035,-2.562979849683714,-2.3654924712231455,-0.1974873784605684,91.39047809725949,85.07499923706055,78.75952037686162,0.12512716739417795,929133000,bear,hold
2026-06-15,81.66999816894531,81.70999908447266,80.45999908447266,80.62000274658203,36430800,84.8074993133545,90.50979965209962,99.00668491363525,-0.061480104349640574,35.84233881836971,-2.4702055295424117,-2.386435082886999,-0.08377044665541256,91.2232028499737,84.8074993133545,78.3917957767353,0.255482689739237,965563800,bear,hold
2026-06-16,78.72000122070312,81.93000030517578,77.70999908447266,81.9000015258789,65054000,84.2609992980957,90.10559967041016,98.78455993652344,-0.1219185735542978,29.168116112057035,-2.604695997900677,-2.430087265889735,-0.17460873201094218,90.79461727537469,84.2609992980957,77.7273813208167,0.07596249913434713,900509800,bear,hold
2026-06-17,76.95999908447266,78.44999694824219,76.76000213623047,78.0999984741211,50338800,83.6424991607666,89.66839965820313,98.56523494720459,-0.13847534415119334,26.05130714855781,-2.8207819085028802,-2.508226194412364,-0.3125557140905162,90.47477240483077,83.6424991607666,76.81022591670244,0.010960712666193672,850171000,bear,hold
2026-06-18,77.37999725341797,78.23999786376953,76.12000274658203,76.93000030517578,91920400,83.10699920654297,89.22819961547852,98.34507991790771,-0.1215801967273542,28.027756679399346,-2.9244301963978216,-2.5914669948094557,-0.3329632015883659,90.13698190050924,83.10699920654297,76.07701651257669,0.09267311155400183,942091400,bear,hold
2026-06-22,72.87999725341797,77.08999633789062,71.80999755859375,76.13999938964844,82203300,82.28599891662597,88.64479949951172,98.0963899230957,-0.1838746387144342,21.421506255378063,-3.331283639091623,-2.7394303236658892,-0.5918533154257339,90.03016738314105,82.28599891662597,74.5418304501109,-0.10729578029445683,859888100,bear,hold
2026-06-23,72.81999969482422,73.95999908447266,72.62999725341797,73.26000213623047,50806800,81.49699897766114,88.0409994506836,97.83174991607666,-0.17810382676141923,21.349253380208197,-3.616866242581793,-2.9149175074490703,-0.7019487351327225,89.7085622754773,81.49699897766114,73.28543567984497,-0.028340278710664493,809081300,bear,hold
2026-06-24,71.83999633789062,73.44999694824219,71.62999725341797,72.69000244140625,48001500,80.70499877929687,87.41459930419921,97.56903987884522,-0.1806569789251029,20.15351907908486,-3.877572353646215,-3.107448476688499,-0.7701238769577161,89.41857172332526,80.70499877929687,71.99142583526849,-0.008689288444049807,761079800,bear,hold
2026-06-25,70.9000015258789,72.94000244140625,70.86000061035156,71.33000183105469,44446900,79.88249893188477,86.70699935913086,97.30115989685059,-0.18832280750543773,19.051320957785165,-4.112625760667456,-3.3084839334842906,-0.8041418271831651,89.0267167493909,79.88249893188477,70.73828111437864,0.00884276898952822,716632900,bear,hold
2026-06-26,73.80999755859375,75.19999694824219,71.52999877929688,71.69000244140625,74990300,79.25499877929687,86.02899932861328,97.03858489990235,-0.1453219426014397,31.53466978510069,-4.017780447197808,-3.450343236226994,-0.5674372109708137,88.25639548840941,79.25499877929687,70.25360207018433,0.19754686985460343,791623200,bear,hold
2026-06-29,73.77999877929688,76.06999969482422,73.7300033569336,74.62000274658203,42429600,78.6429988861084,85.34879928588867,96.78362987518311,-0.14229247083743202,31.480773032621073,-3.900077834170375,-3.5402901558156703,-0.3597876783547047,87.38193778155849,78.6429988861084,69.90405999065831,0.2217625523538426,749193600,bear,hold
2026-06-30,71.4000015258789,73.75,71.0,73.58999633789062,49240900,77.92049903869629,84.83059936523438,96.53887989044189,-0.1683167991272364,27.46949679913719,-3.9532726865250254,-3.6228866619575415,-0.3303860245674839,86.54517656542762,77.92049903869629,69.29582151196496,0.12198601091995902,699952700,bear,hold
2026-07-01,74.19000244140625,74.36000061035156,72.33000183105469,72.58999633789062,43841800,77.46349906921387,84.41779937744141,96.31560989379882,-0.10968437764082972,37.52005920970143,-3.7273338489656425,-3.6437760993591617,-0.08355774960648077,85.85876222363905,77.46349906921387,69.06823591478869,0.30503906979484363,743794500,bear,hold
2026-07-02,77.6500015258789,78.44000244140625,74.91000366210938,75.08999633789062,55456500,77.26999931335449,84.11919937133788,96.1027299118042,-0.04747295481539571,47.277235844372555,-3.2318281791937835,-3.561386515326086,0.32955833613230245,85.45819795102277,77.26999931335449,69.08180067568621,0.5232042619713869,799251000,bear,hold
2026-07-06,76.0199966430664,77.83999633789062,75.70999908447266,77.08000183105469,45056600,76.99299926757813,83.77479934692383,95.88257488250733,-0.06792546691222412,43.806513643974704,-2.936810415133124,-3.4364712952874936,0.4996608801543698,84.95361263432235,76.99299926757813,69.0323859008339,0.43888645386444225,754194400,bear,hold
2026-07-07,76.18000030517578,78.19000244140625,76.0999984741211,77.87999725341797,33257300,76.69299926757813,83.44199935913086,95.6492248916626,-0.07301046456216809,44.23924871527079,-2.6594393914400314,-3.2810649145180015,0.6216255230779701,84.29316786337603,76.69299926757813,69.09283067178023,0.46625081694332515,787451700,bear,hold
2026-07-08,75.58999633789062,76.63999938964844,74.88999938964844,76.2699966430664,34373500,76.34049911499024,83.10499923706055,95.4232848739624,-0.08530981490593892,42.92653024693968,-2.4588847532708797,-3.1166288822685773,0.6577441289976975,83.4422945398426,76.34049911499024,69.23870369013787,0.44716105349407376,753078200,bear,hold
2026-07-09,75.47000122070312,75.55000305175781,74.0199966430664,74.30000305175781,36305700,76.04349899291992,82.78699920654297,95.18714988708496,-0.07296403604230406,42.649345360045835,-2.2833058323923723,-2.9499642722933364,0.6666584399009641,82.75872348749598,76.04349899291992,69.32827449834386,0.45729868951663377,716772500,bear,hold
2026-07-10,73.37000274658203,75.69999694824219,72.51000213623047,75.44000244140625,46713900,75.61199913024902,82.40899932861328,94.94031490325928,-0.10524386894412152,38.02212449785786,-2.287244666307572,-2.817420351096184,0.5301756847886119,81.83156560010704,75.61199913024902,69.392432660391,0.31976264788451036,670058600,bear,hold
2026-07-13,73.83000183105469,75.44999694824219,73.70999908447266,73.9000015258789,35101800,75.23999938964843,82.04319931030274,94.7002299118042,-0.09154663614282876,39.56877410561646,-2.2275700973509203,-2.6994503003471317,0.4718802029962115,80.9287591445346,75.23999938964843,69.55123963476227,0.37607162023473784,705160400,bear,hold
2026-07-14,73.52999877929688,74.01000213623047,72.27999877929688,72.63999938964844,33312100,74.89949951171874,81.64159927368163,94.46590492248535,-0.08476472328866613,38.88719655978466,-2.1793629708458866,-2.595432834446883,0.4160698636009963,80.12262630746062,74.89949951171874,69.67637271597687,0.36890029804193664,671848300,bear,hold
2026-07-15,73.68000030517578,75.05999755859375,73.12999725341797,73.79000091552734,32854300,74.49999961853027,81.27399932861329,94.23018493652344,-0.09783271755732326,39.44881327599925,-2.1047918756980977,-2.497304642697126,0.39251276699902826,78.71570336941424,74.49999961853027,70.28429586764629,0.4027446706635228,704702600,bear,hold
2026-07-16,74.3499984741211,74.68000030517578,72.94000244140625,73.94999694824219,77505200,74.28149948120117,80.94059936523438,93.99662994384765,-0.05551324541179925,42.01216011080603,-1.9689338489205994,-2.3916304839418205,0.4226966350212211,78.0263634626246,74.28149948120117,70.53663549977773,0.5091457250863742,782207800,bear,hold
2026-07-17,68.94999694824219,69.48999786376953,65.08000183105469,65.4800033569336,142029200,73.88099937438965,80.56179931640625,93.7381749343872,-0.10408007057586566,30.723158692333485,-2.2708237348610965,-2.3674691341256757,0.09664539926457927,78.08010841369588,73.88099937438965,69.68189033508341,-0.08714865224863781,640178600,bear,hold
2026-07-20,67.5999984741211,68.37999725341797,66.69000244140625,68.31999969482422,60669100,73.39199943542481,80.14839935302734,93.47671493530274,-0.12638923657838308,28.65045991131231,-2.5891610025806955,-2.41180750781668,-0.17735349476401563,78.09493789909826,73.39199943542481,68.68906097175136,-0.11578532294675226,579509500,bear,hold
2026-07-21,68.66999816894531,68.75,66.7300033569336,67.41999816894531,56565800,73.18149948120117,79.75679931640624,93.234614944458,-0.05776618061377892,32.53537472210553,-2.723708333513727,-2.4741876729560897,-0.24952066055763744,78.31447320171033,73.18149948120117,68.04852576069202,0.06053726768268462,636075300,bear,hold
2026-07-22,68.52999877929688,70.56999969482422,68.3499984741211,69.37000274658203,44947300,72.96699943542481,79.37759933471679,92.99599994659424,-0.05891239952631122,32.28765872818444,-2.8092515403020144,-2.5412004464252744,-0.26805109387674,78.48646802159674,72.96699943542481,67.44753084925289,0.09805907155228005,591128000,bear,hold
2026-07-23,68.88999938964844,69.36000061035156,67.66999816894531,68.56999969482422,45029100,72.81949958801269,79.04639938354492,92.76378993988037,-0.041063434000848775,33.68584884492762,-2.8155403112869806,-2.596068419397616,-0.21947189188936456,78.60291270935153,72.81949958801269,67.03608646667385,0.16027844493196197,636157100,bear,hold
2026-07-24,70.08999633789062,70.68000030517578,67.97000122070312,69.29000091552734,37593500,72.77899932861328,78.69499923706054,92.53258491516114,-0.011424614535341382,38.262119490057415,-2.6926552293067516,-2.6153857813794437,-0.07726944792730794,78.62660134007122,72.77899932861328,66.93139731715534,0.27007643599429676,673750600,bear,hold
2026-07-27,70.4000015258789,71.6500015258789,69.86000061035156,70.58999633789062,39090800,72.60849952697754,78.35179931640624,92.28905490875245,-0.04619964971557999,39.425098053703366,-2.540962455160127,-2.6005011161355807,0.059538660975453794,78.52436828769342,72.60849952697754,66.69263076626166,0.31334119379354,712841400,bear,hold
2026-07-28,72.38999938964844,73.76000213623047,71.2300033569336,72.06999969482422,47160200,72.53899955749512,78.0607992553711,92.0438798904419,-0.018839786021228266,46.404477850034574,-2.234411734657243,-2.527283239839913,0.2928715051826698,78.4307945788233,72.53899955749512,66.64720453616694,0.4873552824472591,760001600,bear,hold
2026-07-29,73.62999725341797,73.73999786376953,71.75,72.19000244140625,43737600,72.65049934387207,77.79299926757812,91.79649486541749,0.031232432491346662,50.25094442518476,-1.8698560786388185,-2.395797807599694,0.5259417289608757,78.53625432137459,72.65049934387207,66.76474436636956,0.5832091985896367,803739200,bear,hold
2026-07-30,73.16999816894531,73.31999969482422,70.55000305175781,71.4800033569336,54261000,72.59949913024903,77.46339920043945,91.55230484008788,-0.013748540758797168,48.850320352545374,-1.5996217328998341,-2.2365625926597223,0.6369408597598882,78.44857336609391,72.59949913024903,66.75042489440415,0.548768319198284,749478200,bear,hold
2026-07-31,71.70999908447266,72.75,71.11000061035156,71.97000122070312,35847500,72.30249900817871,77.11099914550782,91.3013398361206,-0.07649713232042354,44.60115382724513,-1.4861375230861995,-2.0864775787450176,0.6003400556588181,77.67981807096642,72.30249900817871,66.92517994539101,0.44490749788251416,713630700,bear,hold
2026-08-03,73.33000183105469,73.94999694824219,72.18000030517578,72.7699966430664,33922300,72.16799926757812,76.81579925537109,91.06031482696534,-0.035385358205709205,49.817174417440874,-1.2510583644098574,-1.9193937358779856,0.6683353714681282,77.29541521123417,72.16799926757812,67.04058332392208,0.6133126877403289,747553000,bear,hold
2026-08-04,73.56999969482422,73.75,72.30000305175781,72.51000213623047,42877900,72.03749923706054,76.50119918823242,90.8265198135376,-0.03426096875683837,50.55984245286127,-1.033477332275453,-1.742210455157479,0.7087331228820262,76.87445735160533,72.03749923706054,67.20054112251576,0.6584157254903066,790430900,bear,hold
2026-08-05,74.19999694824219,75.30000305175781,73.16000366210938,75.11000061035156,28969400,71.96799926757812,76.21319915771484,90.60572479248047,-0.01838866856713528,52.54518684031011,-0.8009741520424996,-1.5539631945344832,0.7529890424919836,76.63576907324769,71.96799926757812,67.30022946190856,0.7390860918155215,819400300,bear,hold
2026-08-06,73.69000244140625,75.20999908447266,73.0999984741211,75.13999938964844,28892700,71.87899932861328,75.93339920043945,90.37449481964111,-0.0235855141182717,50.76790313884162,-0.6503689526669234,-1.3732443461609714,0.722875393494048,76.33956503851758,71.87899932861328,67.41843361870897,0.703001505926905,790507600,bear,hold
2026-08-07,74.13999938964844,74.5,73.08000183105469,73.12000274658203,24819000,71.9174991607666,75.66919921875,90.12591480255126,0.01049470647733175,52.300973497092116,-0.48906462164204356,-1.1964084012571858,0.7073437796151423,76.4417143988816,71.9174991607666,67.39328392265159,0.7456227336575433,815326600,bear,hold
2026-08-10,76.29000091552734,76.31999969482422,73.56999969482422,73.80000305175781,26959900,72.04049911499024,75.46779922485352,89.88668979644775,0.033319775476937874,58.88808928911297,-0.18560310528015123,-0.9942473420617789,0.8086442367816277,76.88820254982835,72.04049911499024,67.19279568015213,0.9383005125682794,842286500,bear,hold
2026-08-11,74.79000091552734,76.9000015258789,74.4800033569336,76.19999694824219,27840500,72.10349922180175,75.24319931030273,89.7024547958374,0.017135892250079054,53.35233981942313,-0.06539134054898454,-0.8084761417592201,0.7430848012102356,77.05855549984196,72.10349922180175,67.14844294376155,0.7710869002267053,814446000,bear,hold
2026-08-12,74.20999908447266,74.66999816894531,73.56999969482422,74.3499984741211,20773100,72.1299991607666,75.01039932250977,89.51670978546143,0.00719325158932782,51.34255647712661,-0.016731085865984596,-0.650127130580573,0.6333960447145884,77.12401267021926,72.1299991607666,67.13598565131394,0.7082493288983936,793672900,bear,hold
2026-08-13,78.23999786376953,78.4000015258789,75.44000244140625,76.01000213623047,41452900,72.32449913024902,74.90859924316406,89.36056476593018,0.05232010046378721,62.041964173767184,0.34306509704455834,-0.4514886850555468,0.7945537821001052,77.91642075165623,72.32449913024902,66.73257750884181,1.0289325507419997,835125800,bear,hold
2026-08-14,78.16000366210938,78.7300033569336,77.76000213623047,78.4800033569336,26751000,72.78499946594238,74.84139938354492,89.20408477783204,0.13357515767231654,61.75169720016818,0.6146658157503566,-0.23825778489436614,0.8529236006447227,78.69723379961565,72.78499946594238,66.87276513226911,0.954566234422876,808374800,bear,hold
2026-08-17,76.0199966430664,78.52999877929688,75.47000122070312,77.80000305175781,30753000,73.20599937438965,74.73059936523437,89.03293476104736,0.12455618874264762,54.41691271242572,0.6497408523540429,-0.06065805744468433,0.7103989097987272,78.77032731357303,73.20599937438965,67.64167143520626,0.7528604801364149,777621800,bear,hold
2026-08-18,77.7699966430664,79.0999984741211,76.33999633789062,77.43000030517578,36151300,73.6609992980957,74.64239929199219,88.87157974243163,0.1325178202529267,58.73352791464383,0.8094179795808003,0.11335714996041261,0.6960608296203877,79.15505049179836,73.6609992980957,68.16694810439304,0.8739496775785853,813773100,bear,hold
2026-08-19,80.22000122070312,81.16000366210938,78.0999984741211,78.25,31461800,74.24549942016601,74.59399932861328,88.72817974090576,0.1705822654258946,63.88925145255155,1.1207389660277158,0.31483351317387326,0.8059054528538425,79.91618764361783,74.24549942016601,68.5748111967142,1.0267880692002105,845234900,bear,hold
2026-08-20,80.13999938964844,81.08000183105469,79.58999633789062,80.13999938964844,27118400,74.80799942016601,74.56859924316406,88.56944972991943,0.16330381912719893,63.609782283897566,1.3454975533190634,0.5209663212029113,0.8245312321161521,80.47402358092157,74.80799942016601,69.14197525941046,0.9705239351442698,818116500,bear,hold
2026-08-21,79.58999633789062,80.48999786376953,79.16999816894531,80.29000091552734,23773800,75.28299942016602,74.52039916992187,88.41735469818116,0.13554002705610513,61.614346281043666,1.4623822708194183,0.7092495111262127,0.7531327596932056,80.8796875549131,75.28299942016602,69.68631128541894,0.8847808573596033,794342700,bear,hold
2026-08-24,80.01000213623047,80.62000274658203,79.0199966430664,79.94000244140625,21085300,75.7634994506836,74.49519927978515,88.27092472076416,0.13650568752926717,62.579720706596554,1.5707980274656563,0.8815592143941015,0.6892388130715549,81.2498073356571,75.7634994506836,70.2771915657101,0.887009148463729,815428000,bear,hold
2026-08-25,82.2300033569336,82.45999908447266,79.4000015258789,79.6500015258789,29408000,76.25549964904785,74.53299942016602,88.13284473419189,0.13593043307432673,67.26581469954962,1.814932429595416,1.0682338574343644,0.7466985721610515,82.1900048052937,76.25549964904785,70.320994492802,1.0033699988951732,844836000,bear,hold
