Date,Close,High,Low,Open,Volume,ma20,ma50,ma200,momentum20,rsi14,macd,macd_signal,macd_hist,bb_upper,bb_middle,bb_lower,bb_pct,obv,state,signal
2021-09-13,122.06768035888672,123.54315849457227,121.44982793503907,123.46938318066776,11676700,,,,,,,,,,,,,11676700,bear,hold
2021-09-14,122.04926300048828,122.92532210164907,121.83715366865034,122.63945151748963,10436300,,,,,,,,,,,,,1240400,bear,hold
2021-09-15,122.84234619140625,123.41408743443556,121.70806627408513,121.89249757139721,10299900,,,,,,,,,,,,,11540300,bear,hold
2021-09-16,122.52876281738281,123.2296212484306,121.68959854151554,122.99907867426005,10525700,,,,,,,,,,,,,1014600,bear,hold
2021-09-17,122.6486587524414,122.7500980556111,121.84637503631946,122.42733279883396,13541400,,,,,,,,,,,,,14556000,bear,hold
2021-09-20,121.3687973022461,122.45155086046341,120.31381932827735,121.25775144839204,17245000,,,,,,,,,,,,,-2689000,bear,hold
2021-09-21,121.55388641357422,122.80319456868716,121.53537406527188,121.92404865491486,11741800,,,,,,,,,,,,,9052800,bear,hold
2021-09-22,121.75745391845703,122.36822007434822,121.17443509792584,121.91477354351849,11964100,,,,,,,,,,,,,21016900,bear,hold
2021-09-23,122.63662719726562,123.34919022602558,121.94256239623495,122.035095897235,10366500,,,,,,,,,,,,,31383400,bear,hold
2021-09-24,122.13687896728516,122.88646660920321,121.8777626002217,122.43302002723364,6962600,,,,,,,,,,,,,24420800,bear,hold
2021-09-27,120.3970947265625,121.93328051951727,120.13797837012278,121.78522411639626,11631400,,,,,,,,,,,,,12789400,bear,hold
2021-09-28,118.33340454101562,119.62899336842962,117.9262176654421,119.62899336842962,17433400,,,,,,,,,,,,,-4644000,bear,hold
2021-09-29,119.2680892944336,119.82333261328479,118.62028424126564,118.86090238813944,11171400,,,,,,,,,,,,,6527400,bear,hold
2021-09-30,117.8059310913086,120.4156073126279,117.7041343590822,119.66601961204452,21653100,,,,,26.605460683569262,,,,,,,,-15125700,bear,hold
2021-10-01,117.83370971679688,118.38896020775276,115.93659622393848,117.96326792934015,23188900,,,,,26.878939707816457,,,,,,,,8063200,bear,hold
2021-10-04,116.03837585449219,117.95399435497785,115.45536398404595,117.3524701366744,27580700,,,,,21.343571458152425,,,,,,,,-19517500,bear,hold
2021-10-05,116.73242950439453,117.91696548023857,116.35301113419042,116.51033077402161,19151800,,,,,27.55478676228647,,,,,,,,-365700,bear,hold
2021-10-06,116.51959991455078,116.62138958782342,115.21475472506185,116.08465151805447,21322100,,,,,26.854488742298344,,,,,,,,-21687800,bear,hold
2021-10-07,118.0650634765625,118.82390039352254,117.10262600716962,117.32472478921629,15806400,,,,,38.981617303656705,,,,,,,,-5881400,bear,hold
2021-10-08,117.4727783203125,118.45372093750075,117.23216722274844,118.23162218765268,9552300,120.00284156799316,,,,36.48505682749252,,,,124.70287603833722,120.00284156799316,115.3028070976491,0.23084630935744543,-15433700,bear,hold
2021-10-11,116.55663299560547,117.99103665756066,116.51962241293761,117.37100702216831,7843400,119.7272891998291,,,-0.04514747349239723,32.96790005673027,,,,124.55524595713575,119.7272891998291,114.89933244252245,0.17163581162723263,-23277100,bear,hold
2021-10-12,115.99211120605469,117.04709624508442,115.70523333513886,116.92678715568675,13007200,119.42443161010742,,,-0.049628745356777415,30.985736246224604,,,,124.38973865344931,119.42443161010742,114.45912456676552,0.15436977269560637,-36284300,bear,hold
2021-10-13,116.17716979980469,116.70465865473938,115.46459280079334,116.18642597210622,10609000,119.09117279052734,,,-0.05425797046578906,32.42016381636839,,,,123.98837016323635,119.09117279052734,114.19397541781832,0.20248258657474819,-25675300,bear,hold
2021-10-14,117.84296417236328,118.30567411252879,117.38025423219777,117.38025423219777,8857900,118.85688285827636,,,-0.0382424382428741,43.75294209024576,,,,123.5164080411889,118.85688285827636,114.19735767536383,0.3911993555017861,-16817400,bear,hold
2021-10-15,118.42595672607422,118.96270183110134,118.20385798138403,118.45371818661152,8976100,118.645747756958,,,-0.03442925564225241,47.0966528886114,,,,122.96946021110315,118.645747756958,114.32203530281285,0.47458306568547715,-7841300,bear,hold
2021-10-18,117.62085723876953,118.02804421726421,117.11188057604409,117.90774218288755,11660700,118.45835075378417,,,-0.03088058996039178,43.27106886073894,-1.091374556696465,,,122.61540490168404,118.45835075378417,114.3012966058843,0.3992683899200902,-19502000,bear,hold
2021-10-19,119.16629791259766,119.47168810601536,118.25938350619137,118.25938350619137,9487000,118.33897132873535,,,-0.019642222650562147,51.42726613519257,-0.8937248609387041,,,122.26425641797405,118.33897132873535,114.41368623949666,0.6053842670090952,-10015000,bear,hold
2021-10-20,120.86906433105469,121.04489632865112,119.76781265834744,119.87885850070998,13665700,118.29455184936523,,,-0.007296387685614025,58.50600362593768,-0.5928529934346187,,,122.08177248566841,118.29455184936523,114.50733121306206,0.8398947049732116,3650700,bear,hold
2021-10-21,121.35953521728516,121.43357048553678,120.23977120105695,121.11893118605511,8267500,118.2306972503662,,,-0.010413626085184258,60.30069194647772,-0.31124512918442804,,,121.75700288835954,118.2306972503662,114.70439161237287,0.9436424814128473,11918200,bear,hold
2021-10-22,121.85001373291016,121.89628754340691,121.06341543760308,121.24849655880566,8009700,118.21635398864746,,,-0.0023487192140535518,62.06756727659202,-0.047938742794016775,,,121.68078002696335,118.21635398864746,114.75192795033156,1.0244244939962805,19927900,bear,hold
2021-10-25,121.99810028076172,122.12765849467621,120.96163456944579,121.90555264762868,10629700,118.29640426635743,,,0.013297709200004393,62.608663204442216,0.17071491694497354,,,122.02277120447542,118.29640426635743,114.57003732823944,0.9966896813809002,30557600,bear,hold
2021-10-26,122.59960174560547,122.95126576128081,121.60940997837122,122.27571331292215,9271600,118.50971412658691,,,0.036052349048329324,64.80476849950733,0.3880623180163809,,,122.68188790971614,118.50971412658691,114.33754034345769,0.9901386940731705,39829200,bear,hold
2021-10-27,121.62789916992188,122.92349516675513,121.5908885966562,122.79393697915015,11851400,118.62770462036133,,,0.019785760713099787,58.79693105532949,0.47641164537658653,,,123.00730917602621,118.62770462036133,114.24810006469644,0.8425188862861931,27977800,bear,hold
2021-10-28,122.64585876464844,123.11781767834547,121.84999734182945,121.84999734182945,9282500,118.86970100402831,,,0.04108390493165004,62.698338074881626,0.6214067653050677,-0.008334877432927101,0.6297416427379947,123.56445736235075,118.86970100402831,114.17494464570588,0.9021675963999808,37260300,bear,hold
2021-10-29,123.83966827392578,123.996987924928,122.01659037586508,122.48854932887178,15415100,119.16999893188476,,,0.050969782514389994,66.6826335548332,0.823158039318983,0.15796370591745493,0.6651943334015281,124.30862532669455,119.16999893188476,114.03137253707497,0.9543694154100757,52675400,bear,hold
2021-11-01,123.69159698486328,124.45969700858502,123.21962391393993,123.95071336385573,14356700,119.55265998840332,,,0.0659542248330669,65.74463071322924,0.9600326037143958,0.3183774854768431,0.6416551182375527,124.8391825183374,119.55265998840332,114.26613745846925,0.8914612084809913,38318700,bear,hold
2021-11-02,124.46896362304688,125.08899319715812,123.09008303176972,124.17282250782537,20851500,119.93948669433594,,,0.06627579115331517,68.26825711175894,1.1183421212728604,0.4783704126360465,0.6399717086368139,125.47049466276496,119.93948669433594,114.40847872590692,0.9094621590282617,59170200,bear,hold
2021-11-03,125.20004272460938,125.24631654031722,123.76565328316795,124.22836319867447,14610000,120.37350883483887,,,0.07449770524808152,70.47149325660476,1.2879488554245313,0.6402861011937435,0.6476627542307878,126.12103987914456,120.37350883483887,114.62597779053318,0.9198788882186504,73780200,bear,hold
2021-11-04,124.33939361572266,125.10749367455317,123.47874593697165,124.91314932103384,15818500,120.68722534179688,,,0.05314298704803311,64.77001399138925,1.3374983751430136,0.7797285559835976,0.557769819159416,126.57961919683792,120.68722534179688,114.79483148675583,0.809905308756753,57961700,bear,hold
2021-11-05,122.9512710571289,123.72862027399275,122.06286186586664,123.21963657695629,14867300,120.96114997863769,,,0.04663627450674768,56.789538203601744,1.250343653722453,0.8738515755313687,0.3764920781910843,126.73858999872347,120.96114997863769,115.18370995855192,0.6722320847617962,43094400,bear,hold
2021-11-08,123.68231964111328,123.83965339399478,122.69212804594994,123.17335017523094,8948800,121.31743431091309,,,0.06113497329471129,59.61189175734792,1.2261283755059935,0.9443069355262937,0.2818214399796998,126.83758448818368,121.31743431091309,115.79728413364249,0.7142048000738903,52043200,bear,hold
2021-11-09,123.22888946533203,123.8304066162797,122.98827130832586,123.71936077199,7287000,121.67927322387695,,,0.062390262441396116,57.11983287792728,1.157012250339534,0.9868479984889419,0.17016425185059203,126.67999990218324,121.67927322387695,116.67854654557065,0.6549391059680877,44756200,bear,hold
2021-11-10,123.58055877685547,124.08029339630188,123.17338591017739,123.19188413994497,8445400,122.0494426727295,,,0.06372498994258713,58.56655516874722,1.1177295076059863,1.013024300312351,0.10470520729363542,126.42294408014033,122.0494426727295,117.67594126531867,0.675044656614437,53201600,bear,hold
2021-11-11,123.21961212158203,123.64531134392,122.92348519712355,123.56202697023939,8597300,122.31827507019042,,,0.045625532139148994,56.46098187261561,1.0454213063814564,1.019503701526172,0.02591760485528427,126.26458957386635,122.31827507019042,118.3719605665145,0.6141998503352973,44604300,bear,hold
2021-11-12,123.83040618896484,124.11728403291251,123.14560465716302,124.00623818900601,8317600,122.58849754333497,,,0.045635683361135326,59.13814731022454,1.025580261721771,1.020719013565292,0.004861248156479148,126.15340947880239,122.58849754333497,119.02358560786755,0.6741850385242464,52921900,bear,hold
2021-11-15,123.06233215332031,124.18209642549523,122.94203717060101,124.11731025567293,6268900,122.8605712890625,,,0.046262840131360505,54.59224121385325,0.9370768961196347,1.0039905900761605,-0.0669136939565258,125.60318216623712,122.8605712890625,120.11796041188789,0.5367826267183876,46653000,bear,hold
2021-11-16,123.58055877685547,124.24686218892663,122.82172185358814,123.03456446220402,6150900,123.08128433227539,,,0.037042863138162074,56.99428142895095,0.898397728979802,0.9828720178568888,-0.08447428887708686,125.24951002955038,123.08128433227539,120.9130586350004,0.615134334310207,52803900,bear,hold
2021-11-17,123.75636291503906,124.23758507548212,123.18260726425346,123.71935234305863,8229000,123.22564926147462,,,0.023887821089408012,57.80965630732857,0.8718796491785668,0.9606735441212245,-0.08879389494265777,125.15702195855145,123.22564926147462,121.29427656439778,0.637392864248234,61032900,bear,hold
2021-11-18,123.80265808105469,124.11729741991523,123.37697288631048,123.88594247296741,9029300,123.34780540466309,,,0.02013128065623615,58.035291358596375,0.8448604870884822,0.9375109327146761,-0.09265044562619396,125.09154377727796,123.34780540466309,121.60406703204822,0.6304245761677851,70062200,bear,hold
2021-11-19,123.05307006835938,124.5892703020364,122.94202421269584,124.17282010172752,10166100,123.40795822143555,121.08153198242188,,0.009873255641039691,53.08493500423908,0.7542673934172797,0.900862224855197,-0.1465948314379173,125.0188113717772,123.40795822143555,121.7971050710939,0.38984465995522166,59896100,bear,hold
2021-11-22,122.49779510498047,123.65456967270381,122.34047545826408,123.22888453942026,11146200,123.43294296264648,121.09013427734375,,0.004095922994446388,49.702768262077704,0.6303988198906154,0.8467695438622806,-0.21637072397166524,124.96933172201923,123.43294296264648,121.89655420327372,0.19566691634486036,48749900,bear,hold
2021-11-23,122.62737274169922,122.75693094900217,121.55389650438288,121.92405877645257,12075200,123.43433151245117,121.10169647216797,,0.00022651783283422766,50.4954080270637,0.5365034376362843,0.7847163226170815,-0.2482128849807972,124.96775248107532,123.43433151245117,121.90091054382701,0.23687630883384178,60825100,bear,hold
2021-11-24,122.58110046386719,122.80319215599442,121.97032006894908,122.39600522604903,6760800,123.48199157714843,121.09647155761719,,0.007837028349997555,50.191224931346035,0.45313344433205316,0.7183997469600759,-0.26526630262802275,124.8367074229164,123.48199157714843,122.12727573138046,0.16749812660139654,54064300,bear,hold
2021-11-26,122.12764739990234,123.74713198710337,121.70194809526411,123.02530570075656,11896900,123.45608100891113,121.08844924926758,,-0.0042252658994423875,47.191099380063825,0.3464782656226362,0.644015450692588,-0.29753718506995186,124.89121013433837,123.45608100891113,122.02095188348389,0.037172793210050556,42167400,bear,hold
2021-11-29,122.46080017089844,123.28442320346747,122.33124196759944,122.79395185377946,17137100,123.38713760375977,121.08469207763672,,-0.011134300682858478,49.57586585011137,0.2855443350822213,0.5723212275705147,-0.2867768924882934,124.8734995332779,123.38713760375977,121.90077567424164,0.18838766169096943,59304500,bear,hold
2021-11-30,120.0547103881836,122.3127370288744,119.87887836145646,121.757493604289,19467000,123.20529327392578,121.05841033935548,,-0.029402859089326383,36.68943084690893,0.04261122352961877,0.46637922676233556,-0.4237680032327168,125.27398306962351,123.20529327392578,121.13660347822804,-0.2614923446459841,39837500,bear,hold
2021-12-01,119.84184265136719,122.23867611540662,119.82333030486049,120.62845498889786,22241400,122.9739372253418,121.02416946411132,,-0.03717489755673453,35.802761484713216,-0.16518748644742232,0.340065884120384,-0.5052533705678064,125.42517414856788,122.9739372253418,120.52270030211572,-0.13888042487799543,17596100,bear,hold
2021-12-02,120.42486572265625,120.91533701624817,119.2310664452091,119.80483624058311,17531100,122.73517837524415,120.99751770019532,,-0.038140378373964556,40.07439271317141,-0.27960130212207446,0.21613244687189231,-0.49573374899396677,125.20276490182714,122.73517837524415,120.26759184866116,0.03186795524712179,35127200,bear,hold
2021-12-03,120.64697265625,121.72971210845083,119.64751759557572,121.2670022167008,22111900,122.55055732727051,120.957724609375,,-0.029696308242295855,41.66680039118585,-0.34833748434833467,0.10323846062784693,-0.4515759449761816,125.06254117637577,122.55055732727051,120.03857347816525,0.12109934112463674,57239100,bear,hold
2021-12-06,121.331787109375,121.8592690376398,120.77652959677351,120.96162484816409,15230900,122.4695831298828,120.9416227722168,,-0.013171754418068726,46.3964689013998,-0.3435918874461379,0.013872391013049962,-0.3574642784591878,125.02864574063342,122.4695831298828,119.91052051913219,0.27769281303866333,72470000,bear,hold
2021-12-07,122.89573669433594,123.19186365001076,121.98882935905316,122.15539812397328,11974700,122.43025398254395,120.99159561157227,,-0.006359704030937996,55.30845992745699,-0.21119873907920805,-0.03114183500540164,-0.18005690407380642,124.93720227107826,122.43025398254395,119.92330569400963,0.5928385148431075,84444700,bear,hold
2021-12-08,123.82113647460938,123.90442084368267,122.62733736809967,123.24736676139219,15144700,122.45986633300781,121.10135025024414,,0.004806072763026581,59.58965685917381,-0.031244025105181095,-0.031162273025357533,-8.175207982356186e-05,125.01733172879683,122.45986633300781,119.90240093721879,0.7661365709665036,99589400,bear,hold
2021-12-09,124.1080551147461,124.51524210304034,123.60833461506702,123.70086812645184,9095800,122.48624114990234,121.19814956665039,,0.0042684411133235844,60.842142796044435,0.1329902893310333,0.0016682394459206322,0.13132204988511267,125.09966068532017,122.48624114990234,119.87282161448451,0.8102858042622799,108685200,bear,hold
2021-12-10,124.54298400878906,124.80210039322951,123.72861016009972,123.78413308236783,8554300,122.55240974426269,121.332890625,,0.01073994524427846,62.727993355490796,0.29484352108553935,0.06030329577384438,0.23454022531169497,125.30030351544106,122.55240974426269,119.80451597308432,0.8622000030359184,117239500,bear,hold
2021-12-13,125.71823120117188,126.0698809712177,124.54294460876598,124.54294460876598,12201800,122.64680099487305,121.4905810546875,,0.01524524606118316,67.3094745019886,0.5120434812988464,0.1506513328788448,0.36139214842000156,125.67881541795629,122.64680099487305,119.61478657178981,1.0064999333307107,129441300,bear,hold
2021-12-14,125.20928192138672,125.8663219676212,124.5892524481413,125.13524665462533,11070800,122.75414848327637,121.67399917602539,,0.017446035114884406,63.66008428660048,0.6357791944027582,0.2476769051836275,0.3881022892191307,125.98304086298491,122.75414848327637,119.52525610356783,0.8801819864823068,118370500,bear,hold
2021-12-15,127.77268981933594,127.83746184795591,125.36659323231412,125.4776390646811,14996300,122.9637550354004,121.89480438232422,,0.033922253499840904,71.91843479144191,0.9299661615496149,0.384134756456825,0.5458314050927899,126.85612796288918,122.9637550354004,119.07138210791162,1.117738186129829,133366800,bear,hold
2021-12-16,128.53155517578125,129.17934621020598,127.53210009947503,127.76345504896854,19227500,123.2025146484375,122.13504348754883,,0.038585428241943776,73.81551268394058,1.2103928888990652,0.5493863829452731,0.6610065059537921,127.78476045435505,123.2025146484375,118.62026884251995,1.0814878503966092,152594300,bear,hold
2021-12-17,127.6338882446289,128.67035382989184,127.13416780052987,127.8837555270707,21504200,123.39407615661621,122.32641998291015,,0.030946267414273754,67.96635890082403,1.344698029620531,0.7084487122803247,0.6362493173402064,128.3645462895159,123.39407615661621,118.42360602371652,0.9265001070974395,131090100,bear,hold
2021-12-20,126.86097717285156,127.76208514676213,125.76479215101024,127.37191687584993,16185700,123.58447151184082,122.51418395996093,,0.030945242588232835,63.31429012694048,1.3729419372278215,0.841347357269824,0.5315945799579975,128.77496236316813,123.58447151184082,118.3939806605135,0.815625800609289,114904400,bear,hold
2021-12-21,127.39049530029297,127.4462315974848,126.0434686345896,127.22327223366732,10773400,123.82910652160645,122.73086120605468,,0.03994112866374011,65.07784564723437,1.4216650552091465,0.9574108968576887,0.4642541583514579,129.247851802454,123.82910652160645,118.41036124075889,0.8286174745354967,125677800,bear,hold
2021-12-22,128.87686157226562,128.95118136772365,127.10252784026738,127.32547305158987,7246000,124.14158096313477,122.9885562133789,,0.050963244917023864,69.50879236754692,1.5622076558908162,1.0783702486643143,0.4838374072265019,129.95358343276698,124.14158096313477,118.32957849350257,0.9073708359444754,132923800,bear,hold
2021-12-23,129.4063720703125,129.82440847547394,128.83039725593102,129.21128085454373,7743800,124.48284454345703,123.25314025878906,,0.05567964050426499,70.92413491252978,1.6967565975124899,1.2020475184339494,0.49470907907854045,130.67720605895786,124.48284454345703,118.28848302795619,0.8974200984665477,140667600,bear,hold
2021-12-27,130.77197265625,130.77197265625,129.73150976062888,129.87086468395214,6968900,124.91506080627441,123.5117204284668,,0.07078106751735036,74.24453308976132,1.8917729763220734,1.3399926100115742,0.5517803663104992,131.58020197208367,124.91506080627441,118.24991964046514,0.9393689273994891,147636500,bear,hold
2021-12-28,130.42822265625,131.12495464517238,130.0845060777305,130.89271064886492,6065900,125.313431930542,123.75176574707031,,0.06506100298407924,72.0151480855509,1.9955832676820364,1.4711107415456666,0.5244725261363699,132.28936342483712,125.313431930542,118.33750043624688,0.8666027060250555,141570600,bear,hold
2021-12-29,131.17141723632812,131.44082823257617,130.20528836800872,130.29817746926167,7103600,125.86926727294922,124.02277694702148,,0.09259700691626249,73.84383427829668,2.1134606047061197,1.5995807141777574,0.5138798905283624,132.8521160052483,125.86926727294922,118.88641854065014,0.8796552214323278,148674200,bear,hold
2021-12-30,131.4408416748047,131.89603092011004,131.2736185953681,131.4129735240738,7931700,126.4492172241211,124.26826782226563,,0.09678588685573075,74.49451639558886,2.203222170347516,1.7203090054117092,0.4829131649358067,133.25783877213104,126.4492172241211,119.64059567611116,0.866566449279485,156605900,bear,hold
2021-12-31,130.8834686279297,131.7845767611467,130.83701697852663,131.28293580273208,7882800,126.97214736938477,124.46855590820313,,0.0868475363664516,70.58262953895463,2.2039774311950993,1.8170426905683872,0.38693474062671207,133.4480610915184,126.97214736938477,120.49623364725115,0.801989914193625,148723100,bear,hold
2022-01-03,129.536376953125,130.56754057162192,128.4216089216527,130.32599781185579,15122300,127.41661758422852,124.63209274291992,,0.07368112188113396,62.09554900475948,2.0719923033141043,1.8680326131175307,0.20395969019657367,133.28694390312046,127.41661758422852,121.54629126533658,0.68054868279423,133600800,bear,hold
2022-01-04,127.82711029052734,129.39706790971138,127.27900364738719,129.24844251458572,14304500,127.74138374328614,124.75163467407226,,0.05353356557170885,53.33259454381324,1.8086209473788983,1.8561502799698042,-0.04752933259090586,132.90544293435306,127.74138374328614,122.5773245522192,0.5083003064129774,119296300,bear,hold
2022-01-05,126.91670989990234,128.87685003255936,126.87027243506925,128.10579817065587,15370700,127.94243240356445,124.85000686645508,,0.03271857359517116,49.338797930000624,1.5090402704296224,1.786728278061768,-0.2776880076321455,132.62706508912652,127.94243240356445,123.2577997180024,0.3905226329885615,103925600,bear,hold
2022-01-06,125.44891357421875,126.8981280501693,125.22596840487937,126.12707626442314,15182000,128.02382125854493,124.90699310302735,,0.013146197377563063,43.66186736109667,1.1400398591421208,1.6573905942778386,-0.5173507351357178,132.46969552795832,128.02382125854493,123.57794698913152,0.21041604774555295,88743600,bear,hold
2022-01-07,124.80793762207031,125.38389823536798,124.54782546283592,125.15165422354801,9619400,128.05881538391114,124.97059387207031,,0.0056392996141718665,41.42055906783672,0.7868130807922995,1.483275091580731,-0.6964620107884314,132.39040126881247,128.05881538391114,123.72722949900981,0.12474739642443004,79124200,bear,hold
2022-01-10,126.08993530273438,126.1642550995318,123.96258604773402,124.25985105987188,15589900,128.1361629486084,125.03947540283202,,0.012421023201404369,47.25272059122747,0.6033695442943525,1.3072939821234553,-0.7039244378291027,132.26433317261447,128.1361629486084,124.00799272460232,0.25216287909170687,94714100,bear,hold
2022-01-11,127.09323120117188,127.11181469412018,125.41178655317098,126.27572761206795,12168300,128.2049129486084,125.10454666137696,,0.01093715674220519,51.33608246127877,0.5328049700554232,1.1523961797098488,-0.6195912096544256,132.2137962952874,128.2049129486084,124.19602960192941,0.3613477056700261,106882400,bear,hold
2022-01-12,126.73092651367188,126.92601774501406,126.1828339792624,126.36862637693748,10831800,128.28099517822267,125.16533325195313,,0.012152809831147637,49.83574699249439,0.44254568502428526,1.010426080772736,-0.5678803957484508,132.113456243446,128.28099517822267,124.44853411299935,0.29777111389121497,96050600,bear,hold
2022-01-13,124.761474609375,126.66587816767168,124.53851527533865,126.50793977999078,13804900,128.13043441772462,125.17118347167968,,-0.02356697048656209,42.55505128227179,0.20967919088192843,0.8502767027945746,-0.6405975119126461,132.25630569363466,128.13043441772462,124.00456314181459,0.09172747002309996,82245700,bear,hold
2022-01-14,124.54784393310547,124.6779000320098,123.26585226172584,124.427072493033,14341800,127.93124885559082,125.15813949584961,,-0.030994032844522956,41.84098790847411,0.007802662140562688,0.6817818946637721,-0.6739792325232095,132.33566999534543,127.93124885559082,123.52682771583622,0.11590810515977772,67903900,bear,hold
2022-01-18,122.8013916015625,123.51670739285514,122.48554303010256,123.32161611339176,16471400,127.6896240234375,125.12737945556641,,-0.037862175238320916,36.45548435874368,-0.2897697633171106,0.4874715630675956,-0.7772413263847062,132.63035248804835,127.6896240234375,122.74889555882666,0.005312581243014564,51432500,bear,hold
2022-01-19,122.29969787597656,123.99972583971845,122.17894062202957,123.03359693289072,14639600,127.46156005859375,125.11434799194336,,-0.0359549437386103,35.05945001661007,-0.5596294848669743,0.27805135348068166,-0.8376808383476559,132.92742455812117,127.46156005859375,121.9956955590663,0.02780917062036025,36792900,bear,hold
2022-01-20,121.50078582763672,123.85110855538463,121.42648020882174,122.5969850683499,15127800,127.16707458496094,125.07071731567383,,-0.04623350791417091,32.89892209798181,-0.828411373300753,0.05675880812439471,-0.8851701814251477,133.21967268800606,127.16707458496094,121.11447648191583,0.03191268767097997,21665100,bear,hold
2022-01-21,120.2745361328125,122.25325975083571,120.07944491587419,121.87237614993964,25804800,126.73695831298828,125.01163024902344,,-0.06674840878732535,29.857524453191942,-1.1273753769507948,-0.18006802889064322,-0.9473073480601516,133.43103679488559,126.73695831298828,120.04287983109099,0.01730307631946498,-4139700,bear,hold
2022-01-24,119.87506866455078,120.07944453877757,116.04769170184956,119.18763542856088,37938000,126.2603931427002,124.93752044677734,,-0.07365405005391013,28.91959341595367,-1.3806252020427792,-0.4201794635210704,-0.9604457385217088,133.46415474505642,126.2603931427002,119.05663154034396,0.0568062332836727,-42077700,bear,hold
2022-01-25,119.10401916503906,120.12588425973536,117.30179636999077,118.28651574924295,19326800,125.67699546813965,124.85520858764649,,-0.08922365591197101,27.146941196353936,-1.624814908819019,-0.6611065525806601,-0.9637083562383588,133.20724364446585,125.67699546813965,118.14674729181344,0.06356177451329685,-61404500,bear,hold
2022-01-26,118.48161315917969,120.37672526191496,117.55263705514427,119.29910957922176,29557400,125.07966499328613,124.74823272705078,,-0.09159527940939738,25.77358741858491,-1.847265842984953,-0.8983384106615188,-0.9489274323234344,132.89742018055827,125.07966499328613,117.26190980601399,0.0780085410676112,-90961900,bear,hold
2022-01-27,118.78816223144531,120.61823897573886,118.39798692965684,119.05756611868227,18483600,124.46050224304199,124.66274932861329,,-0.094405132351145,27.71327153329601,-1.9760452432705904,-1.113879777183333,-0.8621654660872573,132.21153820253087,124.46050224304199,116.7094662835531,0.13409149168940804,-72478300,bear,hold
2022-01-28,121.2127914428711,121.25924308053733,117.84990266657073,118.68598253188912,20906800,123.94909973144532,124.6153939819336,,-0.07781485649063802,40.87402772238334,-1.861004035821992,-1.2633046289110648,-0.5976994069109272,131.11826465503339,123.94909973144532,116.77993480785725,0.30916129578975177,-51571500,bear,hold
2022-01-31,121.9095230102539,122.13248236515795,120.74830294834669,120.98984579325513,19044400,123.50040245056152,124.57845718383788,,-0.06856439328626407,44.027587982110575,-1.694084286310968,-1.3494605603910454,-0.3446237259199225,129.9661962103357,123.50040245056152,117.03460869078734,0.3769772514084042,-32527100,bear,hold
2022-02-01,122.23469543457031,122.45765483532485,121.25926754696638,122.34616804742133,14674800,123.13531837463378,124.54709793090821,,-0.056367807177414964,45.488892571157905,-1.518061220380389,-1.3831806923889143,-0.13488052799147465,128.9925488315048,123.13531837463378,117.27808791776278,0.42311870373762,-17852300,bear,hold
2022-02-02,123.87898254394531,124.17624755836754,121.9002586922822,122.15108623651953,13595200,122.93791198730469,124.56361618041993,,-0.030886466396749968,52.27418686613125,-1.2316833654660684,-1.352881227004345,0.12119786153827672,128.40227805308018,122.93791198730469,117.47354592152918,0.5861097650956036,-4257100,bear,hold
2022-02-03,123.34942626953125,123.81391424740268,123.11718228059554,123.71172632526904,13805600,122.75954780578613,124.58064880371094,,-0.028107281012756835,50.11080009318289,-1.0355207789141758,-1.2894091373863115,0.25388835847213564,127.91704173315442,122.75954780578613,117.60205387841783,0.5571865398245965,-18062700,bear,hold
2022-02-04,122.90352630615234,123.76746717278782,122.00241846189141,122.2253778024983,12004100,122.63227844238281,124.586171875,,-0.020290229668354143,48.29825698634164,-0.9056017035784976,-1.2126476506247488,0.3070459470462512,127.64152608667298,122.63227844238281,117.62303079809264,0.5270747109177878,-30066800,bear,hold
2022-02-07,122.68985748291016,123.37729059685961,122.34612675088772,122.94996960846633,9229200,122.5263744354248,124.58834701538086,,-0.016970716602768388,47.41325312387571,-0.8105378133196979,-1.1322256831637387,0.32168786984404085,127.43571897650331,122.5263744354248,117.61702989434629,0.5166501908877476,-39296000,bear,hold
2022-02-08,123.6931381225586,123.90681279026987,121.76088068230412,122.03956211836646,11071600,122.40653457641602,124.61965682983399,,-0.019008632008742143,51.87260760727566,-0.6467868760416167,-1.0351379217393144,0.38835104569769774,127.07308488098869,122.40653457641602,117.73998427184335,0.6378538172921712,-28224400,bear,hold
2022-02-09,124.64998626708984,124.91011257434297,124.15763014719825,124.28768621330077,10811000,122.28437232971191,124.66344055175782,,-0.01922403664609562,55.72850239764999,-0.43479142503731794,-0.9150686223989152,0.48027719736159724,126.5657958469788,122.28437232971191,118.00294881244503,0.7762648833778603,-17413400,bear,hold
2022-02-10,122.69917297363281,124.28771426997865,122.21610140118291,123.2101126968922,14393300,122.08278465270996,124.71632980346679,,-0.03181349376155718,47.39181436240969,-0.4193636685998854,-0.8159276316391092,0.3965639630392238,125.85744755961845,122.08278465270996,118.30812174580147,0.5816481280745257,-31806700,bear,hold
2022-02-11,120.99916076660156,123.46094224461481,120.85052115942446,122.53196596233765,13072300,121.8946689605713,124.73947616577148,,-0.030156054619850825,41.557537903980176,-0.5381108312841576,-0.7603642715681189,0.22225344028396132,125.4872031879374,121.8946689605713,118.3021347332052,0.37536539149046855,-44879000,bear,hold
2022-02-14,119.76358795166016,120.98054428158116,118.86248006957146,120.74830027434282,14386900,121.65545616149902,124.72625061035156,,-0.03841299720944935,37.905104125173075,-0.7235782535958464,-0.7530070679736645,0.02942881437781808,125.14513306461899,121.65545616149902,118.16577925837905,0.2289336144347027,-59265900,bear,hold
2022-02-15,121.11061096191406,121.58439785019203,120.49749750216398,120.80404714451376,8969900,121.5709171295166,124.73552337646484,,-0.013768415956834534,43.713159713333845,-0.7531867545480395,-0.7530430052885395,-0.0001437492595000034,125.02721502584996,121.5709171295166,118.11461923318325,0.4334105187965917,-50296000,bear,hold
2022-02-16,121.29641723632812,121.64013386030243,120.15376641735057,120.48819838326222,8779200,121.52075309753418,124.73481597900391,,-0.008203459673840396,44.48452302886477,-0.7529788202462271,-0.7530301682800771,5.1348033849984986e-05,124.96237701521743,121.52075309753418,118.07912917985094,0.4674084289027909,-41516800,bear,hold
2022-02-17,119.34554290771484,120.86906291757045,119.16903520702242,120.8040277962424,11906800,121.41299095153809,124.66381210327148,,-0.01773851012765748,38.51623777530136,-0.8998602561071749,-0.7823961858454967,-0.11746407026167816,124.98294229657573,121.41299095153809,117.84303960650045,0.2104375040437069,-53423600,bear,hold
2022-02-18,118.45374298095703,119.87506817425475,118.05428297956351,119.23408658049264,13505600,121.32195129394532,124.55646423339844,,-0.015138642063394547,36.12990876797187,-1.0758242213110094,-0.8410817929385994,-0.23474242837241,125.09071946993323,121.32195129394532,117.5531831179574,0.11947668587542704,-66929200,bear,hold
2022-02-22,118.1564712524414,119.12260014981518,117.36683590527086,118.03569982462587,13682100,121.23602142333985,124.43743255615234,,-0.014336570825402961,35.34382138722688,-1.2251416057675755,-0.9178937555043947,-0.3072478502631808,125.20583712481434,121.23602142333985,117.26620572186536,0.11212932759641436,-80611300,bear,hold
2022-02-23,117.56193542480469,119.16906020632645,117.45045573452995,118.76030842951138,12022800,121.15891723632812,124.29781158447265,,-0.012947369459443303,33.76170845389116,-1.3755937923097719,-1.0094337628654702,-0.3661600294443017,125.3453657717936,121.15891723632812,116.97246870086265,0.07040176404276499,-92634100,bear,hold
2022-02-24,118.03570556640625,118.27724134626162,115.2487771585419,115.4624447883227,23220000,121.13662185668946,124.14416107177735,,-0.003763517231778035,36.21210616887152,-1.4399995249736577,-1.0955469152871078,-0.3444526096865499,125.38416959709357,121.13662185668946,116.88907411628534,0.13497569894432962,-69414100,bear,hold
2022-02-25,121.64942932128906,121.94670850629913,118.43517255238937,118.56522865206834,17012300,121.27968521118164,124.07296401977538,,0.024087139964914073,51.078330263739,-1.1857753461871994,-1.113592601467126,-0.07218274472007336,125.39178140294167,121.27968521118164,117.16758901942161,0.5449581056552526,-52401800,bear,hold
2022-02-28,120.72974395751953,120.8690847068442,119.32698093074748,119.69857988736459,17987700,121.25553283691406,123.93210510253907,,-0.003985119718814767,48.01158658973166,-1.046448963379575,-1.1001638738496158,0.05371491047004073,125.37458538122621,121.25553283691406,117.1364802926019,0.43617599269028895,-70389500,bear,hold
2022-03-01,120.06088256835938,121.08274782696131,119.13190641960249,120.09803537728718,14064200,121.16310081481933,123.76269165039062,,-0.015164036379168189,45.85527449610354,-0.9787212362310527,-1.0758753463259032,0.09715411009485053,125.30222105605864,121.16310081481933,117.02398057358002,0.366853560392107,-84453700,bear,hold
2022-03-02,121.87236785888672,122.53193290332365,120.43245217483454,120.59037639920746,12395600,121.14498443603516,123.64746124267577,,-0.0029641958397772505,52.12639392131061,-0.7699987346768324,-1.014700023996089,0.2447012893192566,125.26832683036287,121.14498443603516,117.02164204170745,0.5882031314998468,-72058100,bear,hold
2022-03-03,122.49478149414062,123.21009701566393,121.45433286286998,122.4111770523527,11172600,121.07577438354492,123.56013732910156,,-0.011173816747434562,54.093779237584435,-0.5480435647246082,-0.9213687321417929,0.3733251674171847,125.05726074722874,121.07577438354492,117.09428801986111,0.6782006744439512,-60885500,bear,hold
2022-03-04,123.10792541503906,123.21939801887716,120.89695760524101,121.2592577427662,12160400,121.0636993408203,123.47448593139649,,-0.0019578595685113553,56.011563801093544,-0.31898978757099883,-0.8008929432276342,0.48190315565663533,125.01890849089109,121.0636993408203,117.10849019074952,0.7584219944705288,-48725100,bear,hold
2022-03-07,120.96196746826172,122.569091929707,120.41386087212048,122.33684793686614,15704000,120.96662139892578,123.31618804931641,,-0.01579742173592491,48.391769549449585,-0.30708401732096036,-0.7021311580462994,0.3950471407253391,124.83069439718811,120.96662139892578,117.10254840066345,0.4993977946759604,-64429100,bear,hold
2022-03-08,118.49089050292969,121.05485913541557,118.41657072263389,120.1630501219634,21794600,120.75667304992676,123.09787841796874,,-0.0342242387930507,41.40649108125654,-0.4913795504869256,-0.6599808365344247,0.16860128604749913,124.67925983323178,120.75667304992676,116.83408626662174,0.21118770951856272,-86223700,bear,hold
2022-03-09,120.72974395751953,121.35215626292104,119.53135681312419,120.42318013395446,15576500,120.6085033416748,122.89703384399414,,-0.023957627803919523,48.64017947390157,-0.45157287439057825,-0.6182992441056555,0.16672636971507726,124.29285533808226,120.6085033416748,116.92415134526735,0.5164534517824227,-70647200,bear,hold
2022-03-10,120.68328857421875,120.94340074826043,119.14118484593568,119.27124093295652,10708800,120.41016845703125,122.70213516235351,,-0.031822688567101576,48.50636469493397,-0.4189450205682306,-0.5784283993981706,0.15948337882994001,123.59631102234161,120.41016845703125,117.22402589172088,0.5428606240287459,-81356000,bear,hold
2022-03-11,119.78218078613281,121.71445277810906,119.66140935693105,121.00842186899156,9869100,120.26431884765626,122.47435043334961,,-0.023773527700360675,45.87024370792715,-0.46049082735737557,-0.5548408849900116,0.09435005763263604,123.28050541015844,120.26431884765626,117.24813228515407,0.42007489398741493,-91225100,bear,hold
2022-03-14,120.62753295898438,122.36471345208231,120.27451756143795,120.74829019363335,14373200,120.2457374572754,122.2580842590332,,-0.003071325497323363,48.687555599159204,-0.4203577011970907,-0.5279442482314274,0.10758654703433668,123.24813427923458,120.2457374572754,117.24334063531622,0.5635817855448971,-76851900,bear,hold
2022-03-15,123.03361511230469,123.16367121849952,121.39860786293828,121.60298376910909,14374100,120.40923881530762,122.1010871887207,,0.027304017995556373,55.7473997380369,-0.1921857901092352,-0.460792556606989,0.2686067664977538,123.63653096739523,120.40923881530762,117.18194666322,0.9065910635483465,-62477800,bear,hold
2022-03-16,124.51066589355469,124.5292493846202,122.39260151369739,123.65600958019563,13840400,120.57924156188965,122.0005729675293,,0.028073963995688622,59.43694407669001,0.10659894090100863,-0.34731425710538943,0.45391319800639807,124.26241507634333,120.57924156188965,116.89606804743596,1.033700668219561,-48637400,bear,hold
2022-03-17,126.48011779785156,126.53586828299466,123.981183453493,124.14839238376202,10973100,120.83842658996582,121.97363311767577,,0.042735809347309583,63.77394591621789,0.49658201379138234,-0.17853500292603508,0.6751170167174174,125.32822163019698,120.83842658996582,116.34863154973466,1.1282793710328567,-37664300,bear,hold
2022-03-18,127.26045989990234,127.41838415929804,126.02491980280979,126.40580346226251,11364200,121.23417243957519,121.98050811767578,,0.06631933459222505,65.35457224224774,0.8587147654925502,0.028914950757681995,0.8297998147348682,126.46241903115755,121.23417243957519,116.00592584799283,1.0763201251859145,-26300100,bear,hold
2022-03-21,127.16352081298828,128.2910802883736,126.56712207561677,127.20078951314446,11473100,121.66966133117675,122.01480026245117,,0.07352893722768616,64.97529654184454,1.1249180510260572,0.24811557081135704,0.8768024802147002,127.3319256269641,121.66966133117675,116.00739703538942,0.9851291987464181,-37773200,bear,hold
2022-03-22,127.19148254394531,127.47103335790356,126.7255455616572,127.29398924881941,8892100,122.12141189575195,122.06247116088868,,0.0764664956200376,65.03832274040184,1.3228928652266347,0.4630710296944126,0.8598218355322221,128.02687747098506,122.12141189575195,116.21594632051885,0.9292693424085561,-28881100,bear,hold
2022-03-23,124.90840148925781,126.81874628983203,124.87113278072775,126.58577775852471,10013400,122.48873519897461,122.03884048461914,,0.062490176245457496,56.15320554447447,1.2807995117024262,0.6266167260960154,0.6541827856064109,128.121719761792,122.48873519897461,116.85575063615721,0.7147765774341995,-38894500,bear,hold
2022-03-24,126.39938354492188,126.39938354492188,125.10407930745525,125.37431649976058,7189200,122.90691909790038,122.02496353149414,,0.07085718629275495,59.996693199940026,1.35216312222272,0.7717260053213564,0.5804371169013636,128.39542923336353,122.90691909790038,117.41840896243724,0.8181614282221582,-31705300,bear,hold
2022-03-25,126.9864730834961,127.20080012061912,126.01731616740567,126.82805621090354,7040100,123.17377128601075,122.03007446289062,,0.043872328805680816,61.43036511631631,1.4394988700411773,0.9052805782653206,0.5342182917758567,128.90536785088742,123.17377128601075,117.44217472113408,0.8326038176561182,-24665200,bear,hold
2022-03-28,127.90900421142578,127.94628712957898,126.74416185631175,127.20078517845259,8467000,123.53273429870606,122.09302505493164,,0.059465546919675205,63.63577631899253,1.5651119946905823,1.037246861550373,0.5278651331402093,129.50145389839219,123.53273429870606,117.56401469901994,0.8666003939060778,-16198200,bear,hold
2022-03-29,128.66383361816406,129.48387296461814,127.89969021023907,128.97133948604247,12327700,123.96288185119629,122.17534484863282,,0.07165490429329813,65.38008182322756,1.7059051134612133,1.170978511932541,0.5349266015286722,130.106202708009,123.96288185119629,117.81956099438358,0.882606726600858,-3870500,bear,hold
2022-03-30,128.9154052734375,129.42793865637765,128.26309652208838,128.68243684657966,10752900,124.31503372192383,122.29762512207031,,0.057790273039625806,65.966028958468,1.8168409925373794,1.3001510080535088,0.5166899844838706,130.739657857909,124.31503372192383,117.89040958593864,0.858026512846594,6882400,bear,hold
2022-03-31,127.65739440917969,129.35339729699422,127.43373958274971,128.6451783421975,15843000,124.57316436767579,122.40477905273437,,0.04214557430175914,60.45570588717717,1.7826976836387445,1.396660343170556,0.3860373404681885,131.0985671081793,124.57316436767579,118.04776162717226,0.7363248801763544,-8960600,bear,hold
2022-04-01,128.66383361816406,128.71041593681613,127.1541882613351,128.01151052583123,20785700,124.85095977783203,122.54804000854492,,0.04513038607704689,63.11059399936876,1.8159173336953955,1.480511741275524,0.33540559241987156,131.57327557760436,124.85095977783203,118.12864397805971,0.7835982386055979,11825100,bear,hold
2022-04-04,127.59217071533203,128.59859621813382,127.29397846594654,128.3749413666444,16769500,125.18246994018554,122.69439270019531,,0.054812296673414806,58.59921294705772,1.7357611318478092,1.531561619389981,0.2041995124578282,131.75726491834936,125.18246994018554,118.6076749620217,0.68325292143326,-4944400,bear,hold
2022-04-05,127.86241149902344,129.3813561375194,127.20077483862394,127.26601283045547,15025100,125.65104598999024,122.85413955688476,,0.07909064533414112,59.38760675373702,1.6747376045198479,1.5601968164159545,0.11454078810389334,131.5527953260619,125.65104598999024,119.74929665391859,0.6873483083665776,10080700,bear,hold
2022-04-06,129.81005859375,130.11757873794795,127.45241837416854,127.53628362642172,23197800,126.10506172180176,123.06826034545898,,0.07521190999481875,64.61723097139105,1.7632096792180647,1.6007993889763767,0.16241029024168796,131.8166077923136,126.10506172180176,120.39351565128995,0.8243427284143592,33278500,bear,hold
2022-04-07,132.3074493408203,132.64292450598484,129.3440972312562,129.3440972312562,18160200,126.68626976013184,123.34477706909179,,0.09631955595453334,69.95902186971868,2.011653903557402,1.682970291892582,0.3286836116648202,132.43825593908267,126.68626976013184,120.934283581181,0.9886294408407104,51438700,bear,hold
2022-04-08,133.0995635986328,133.64936583969782,132.12109306600965,132.31679286024175,19102700,127.35213890075684,123.63100509643554,,0.11117999960509772,71.43220843750848,2.246567707824738,1.7956897750790133,0.45087793274572485,132.82978408940372,127.35213890075684,121.87449371210997,1.02462550055161,70541400,bear,hold
2022-04-11,130.45303344726562,133.2579687902786,130.25733367018685,132.7174802175444,16570700,127.84341392517089,123.81580993652344,,0.0814532159222896,60.718529543501525,2.193895859118001,1.875330991886811,0.31856486723119004,132.52510556362202,127.84341392517089,123.16172228671975,0.7787047635369351,53970700,bear,hold
2022-04-12,129.1856689453125,130.8909996990392,128.6265389797653,130.1268563607424,14085400,128.1510166168213,123.96133285522461,,0.050003032320819374,56.359208912417394,2.026526776823104,1.9055701488740697,0.12095662794903439,132.3071272647312,128.1510166168213,123.99490596891138,0.6244736264434546,39885300,bear,hold
2022-04-13,129.81936645507812,129.9498282481064,128.50542068433478,129.17637111112845,15496400,128.41645164489745,124.11302627563477,,0.042636512490117795,57.983567423324985,1.9228541999998754,1.909026959099231,0.013827240900644355,132.2762029659071,128.41645164489745,124.55670032388782,0.6817364246427273,55381700,bear,hold
2022-04-14,129.1950225830078,130.60214733250095,129.10182948679446,129.9405246949044,10993400,128.55219688415528,124.21934707641601,,0.02146507160513078,55.780644325258685,1.7699111691042901,1.881203801100243,-0.11129263199595285,132.31986592054923,128.55219688415528,124.78452784776132,0.5853081431308234,44388300,bear,hold
2022-04-18,127.76925659179688,129.36276753647772,127.22876791521712,129.06456100349436,10125000,128.57763671875,124.30774368286133,,0.003998073653786349,51.01419957862899,1.5161777619059507,1.8081985932613844,-0.2920208313554338,132.3168376280416,128.57763671875,124.83843580945839,0.3919046948046619,34263300,bear,hold
2022-04-19,128.98995971679688,129.4465829624286,128.0580859888449,128.10468251909546,11733100,128.66895866394043,124.42947235107422,,0.014362915497555528,54.591799836045716,1.3974834299197312,1.7260555605930539,-0.3285721306733227,132.35437884911767,128.66895866394043,124.98353847876321,0.5435501295276324,45996400,bear,hold
2022-04-20,130.7232666015625,131.226486458985,129.19499400885522,129.34409724211127,13674800,128.84554786682128,124.59014053344727,,0.027767457277628083,59.153498171826975,1.4268330531606068,1.6662110591065644,-0.2393780059459576,132.56912625843592,128.84554786682128,125.12196947520664,0.7521390094767142,59671200,bear,hold
2022-04-21,129.2788848876953,131.23582610935472,128.9900062030047,131.08672284652414,11409700,129.06407203674317,124.70185546875,,0.03498950708142212,54.26161380440473,1.3183462331899847,1.5966380939232487,-0.27829186073326406,132.32157977460028,129.06407203674317,125.80656429888606,0.5329719632674539,48261500,bear,hold
2022-04-22,124.56358337402344,128.15130360171162,124.43312159588572,128.11402068266236,17525300,128.97228202819824,124.70012741088867,,-0.014523806362125136,42.03908269533149,0.8421761397213459,1.4457457030828682,-0.6035695633615223,132.60662127054877,128.97228202819824,125.3379427858477,-0.10653372734178793,30736200,bear,hold
2022-04-25,125.40225982666016,125.67249696299321,122.80232405028804,124.20013470275232,16501900,128.89307136535643,124.75418914794922,,-0.012475448907020903,44.436415694088964,0.5264139186702721,1.261879346200349,-0.7354654275300769,132.75877294242895,128.89307136535643,125.02736978828392,0.04848926267352218,47238100,bear,hold
2022-04-26,123.19374084472656,125.31841244251004,123.01668250836646,124.64746202012905,20087700,128.65730819702148,124.79808074951171,,-0.03686420198303764,39.77137833810559,0.09684469371906346,1.028872415704092,-0.9320277219850286,133.2425134967649,128.65730819702148,124.07210289727804,-0.09578219459449619,27150400,bear,hold
2022-04-27,122.92347717285156,124.17218466037714,122.317750667339,123.1750728626222,16726700,128.37029037475585,124.86127853393555,,-0.04461515162332386,39.22863990578225,-0.2623755297822328,0.7706228266068271,-1.03299835638906,133.59235374531403,128.37029037475585,123.14822700419768,-0.021519255454965254,10423700,bear,hold
2022-04-28,124.61947631835938,125.02950305565594,122.64390845967455,123.7901092249242,15510700,128.15549392700194,124.93145584106445,,-0.033323627583268234,44.35996973151152,-0.40553246217398,0.5353917688506658,-0.9409242310246457,133.6180653871143,128.15549392700194,122.69292246688958,0.17634129507846857,25934400,bear,hold
2022-04-29,121.41383361816406,124.05103823218367,121.22746169822167,123.4080430220063,17430200,127.84331588745117,124.93380416870117,,-0.04890872808357005,37.85393758491252,-0.7687917845799745,0.2745550581645377,-1.0433468427445123,134.0473663838079,127.84331588745117,121.63926539109443,-0.018168112353594307,8504200,bear,hold
2022-05-02,120.65902709960938,121.99161415416144,118.70209335571812,121.31133597769526,23615100,127.44307556152344,124.96007385253907,,-0.062214892044259895,36.49661594776932,-1.1048479926793107,-0.0013255520042319835,-1.1035224406750788,134.37399357398675,127.44307556152344,120.51215754906012,0.010595245123744863,-15110900,bear,hold
2022-05-03,121.0411148071289,122.20595732171721,120.61244650528205,121.03180118594902,13585300,127.11552276611329,125.0118212890625,,-0.051343713893065135,37.7141282683199,-1.3250691022122112,-0.26607426204582785,-1.0589948401663833,134.58553184157955,127.11552276611329,119.64551369064702,0.09341361585928017,-1525600,bear,hold
2022-05-04,123.72489166259766,124.1721871169716,119.82965168209566,120.84539073819599,19053500,126.908646774292,125.12318969726563,,-0.032359156908732145,45.60307250867518,-1.2684160445471946,-0.4665426185461012,-0.8018734260010933,134.51243215946275,126.908646774292,119.30486138912126,0.2906467009245518,17527900,bear,hold
2022-05-05,121.32067108154297,123.24964275219352,120.07196340882541,123.11918096876434,16119800,126.48417739868164,125.19836441040039,,-0.06539853385919181,40.63750423257331,-1.4013645380898083,-0.6535070024548426,-0.7478575356349657,134.33645805717472,126.48417739868164,118.63189674018854,0.17120977065728224,1408100,bear,hold
2022-05-06,120.93860626220703,121.27408147008943,119.53148164486993,120.14650767659703,21742300,125.91573524475098,125.25642242431641,,-0.08592746013361241,39.894090054430364,-1.5200346022301687,-0.8268125224099079,-0.6932220798202609,133.64453710751107,125.91573524475098,118.18693338199088,0.178014194766372,-20334200,bear,hold
2022-05-09,117.80750274658203,119.61534047996751,117.350886502966,119.58738539908158,17289800,125.15113220214843,125.17958389282227,,-0.11489189324590587,34.348402310967586,-1.8454620314813752,-1.0305424242242014,-0.8149196072571738,132.9114875978788,125.15113220214843,117.39077680641807,0.026849668534074733,-37624000,bear,hold
2022-05-10,118.22684478759766,119.48487313636512,117.13654691634108,119.0375705341017,21850200,124.53982276916504,125.12952590942383,,-0.09372099932509648,35.63880893434424,-2.045943848489145,-1.2336227090771903,-0.8123211394119547,132.4578679101004,124.53982276916504,116.6217776282297,0.10135501445110214,-15773800,bear,hold
2022-05-11,117.4440689086914,120.2956008265902,117.30428639887339,117.6397615785831,19987300,123.95274276733399,125.07718963623047,,-0.09088933882899664,34.28415474652418,-2.242144557584737,-1.4353270787786998,-0.8068174788060374,132.14236756770737,123.95274276733399,115.7631179669606,0.10262685914830687,-35761100,bear,hold
2022-05-12,118.5809555053711,118.65550712477105,116.74516275804125,117.01540704614077,17497100,123.39082221984863,125.01136138916016,,-0.08656960249144263,37.97187774767844,-2.2796197486500205,-1.604185612752964,-0.6754341358970566,131.43412381452873,123.39082221984863,115.34752062516853,0.20100171814651233,-18264000,bear,hold
2022-05-13,119.83898162841797,120.21172547707444,118.84186979339903,119.36371686922463,9841500,122.92302017211914,124.95824539184571,,-0.07241796756201335,41.85983641699765,-2.182646720453562,-1.7198778342930836,-0.4627688861604782,130.64342893498858,122.92302017211914,115.20261140924968,0.3002671465704287,-8422500,bear,hold
2022-05-16,120.72428131103516,121.54432077393624,119.67125912545482,119.69921420832253,8839800,122.57077140808106,124.91057250976563,,-0.05513826618925499,44.496407194496996,-2.0111750374076394,-1.778137274915995,-0.23303776249164443,130.01241663796753,122.57077140808106,115.12912617819458,0.3759353583781318,417300,bear,hold
2022-05-17,122.38301849365234,122.43892866056453,121.07838631553417,121.98230526533278,9058700,122.24042434692383,124.93899353027344,,-0.051220585211828595,49.14938861736329,-1.7215908376909965,-1.7668279874709953,0.04523714977999882,129.07470715692344,122.24042434692383,115.40614153692424,0.5104322685124962,9476000,bear,hold
2022-05-18,119.22395324707031,121.85183034375768,118.84188152196742,121.55363807925703,10005000,121.66545867919922,124.95365478515625,,-0.08796684517945441,41.93849961386161,-1.7270945659857375,-1.7588813031739439,0.03178673718820635,127.39373734618476,121.66545867919922,115.93718001221367,0.2868901310440501,-529000,bear,hold
2022-05-19,119.4848861694336,120.21174675646606,117.84478592841516,118.27344711795651,9672800,121.17575874328614,124.92875762939452,,-0.07575868810107522,42.68646729843819,-1.6909094525696133,-1.7452869330530778,0.05437748048346447,125.78141612799627,121.17575874328614,116.57010135857601,0.3164352629153541,9143800,bear,hold
2022-05-20,120.93860626220703,121.19952984397459,118.65551781210652,120.28629730778813,12833700,120.99450988769532,124.9338639831543,,-0.029101419641499815,46.798486783327,-1.5273233938876416,-1.7016942252199907,0.1743708313323491,125.32999745760638,120.99450988769532,116.65902231778425,0.4935527867873197,21977500,bear,hold
2022-05-23,122.00093841552734,122.47618902117169,121.49773272833147,121.74932846229524,9196500,120.82444381713867,124.97823913574219,,-0.02712328642110884,49.641847696892796,-1.2970078383148262,-1.6207569478389579,0.3237491095241316,124.69712897951284,120.82444381713867,116.9517586547645,0.651896494171426,31174000,bear,hold
2022-05-24,122.36436462402344,122.56937802809296,120.86404701384262,121.64681770978012,9031300,120.78297500610351,125.01297576904297,,-0.0067322918763257356,50.61425939590599,-1.0727891973641732,-1.511163397744001,0.4383742003798279,124.57010706810324,120.78297500610351,116.99584294410379,0.7087845884472405,40205300,bear,hold
2022-05-25,122.32710266113281,123.12851486138504,121.18088741544284,122.28050611777434,8532400,120.75315628051757,124.99884552001953,,-0.004851591619720819,50.50657259996768,-0.887866268332985,-1.386503971861798,0.498637703528813,124.48133663657315,120.75315628051757,117.024975924462,0.7110877466079029,31672900,bear,hold
2022-05-26,122.84896087646484,123.31489791344487,122.28051712257842,122.63463382084961,9090100,120.66463050842285,124.96561141967773,,-0.014207373471635254,52.04540484108118,-0.6912357823323987,-1.2474503339559182,0.5562145516235195,124.09344586825985,120.66463050842285,117.23581514858584,0.8185255166591757,40763000,bear,hold
2022-05-27,124.88976287841797,124.917717962089,122.55074993663257,123.06328350271718,13696000,120.83842697143555,124.93380432128906,,0.028628774470505602,57.597628182963994,-0.36650420730624944,-1.0712611086259844,0.704756901319735,124.72353206377194,120.83842697143555,116.95332187909916,1.0213933485317976,54459000,bear,hold
2022-05-31,123.22167205810547,124.01377049808883,122.22457445808116,123.79011566086307,11740800,120.96655921936035,124.85302856445313,,0.021238733811275612,52.270458699638816,-0.24097527000520813,-0.9052039409018292,0.6642286708966211,124.98624884077269,120.96655921936035,116.94686959794801,0.7805083291421856,42718200,bear,hold
2022-06-01,121.45112609863281,123.68761775260914,120.4819692877805,123.66899051263414,9259900,120.98705978393555,124.73878067016602,,0.0033873720690464904,47.272707974808235,-0.2811203641004454,-0.7803872255415525,0.4992668614411071,125.01223963890632,120.98705978393555,116.96187992896478,0.5576454135489347,33458300,bear,hold
2022-06-02,122.41095733642578,122.43891241617298,119.43827728965589,121.60954520538208,9575400,120.92136306762696,124.64317016601562,,-0.010619805833049556,50.06034470790338,-0.23280168820753033,-0.6708701180747481,0.4380684298672177,124.806097395681,120.92136306762696,117.03662873957292,0.6917240849704388,43033700,bear,hold
2022-06-03,120.97588348388672,122.1034430049739,120.8174523988158,121.56295440556352,5852600,120.90412368774415,124.5645198059082,,-0.002841952608591436,46.133187984013304,-0.306770990907566,-0.5980502926413117,0.2912793017337457,124.7846748253854,120.90412368774415,117.0235725501029,0.5092460830430121,37181100,bear,hold
2022-06-06,120.9944839477539,122.09410236368515,120.66833666772837,121.8424924704972,7729000,120.90691757202148,124.45642181396484,,0.00046203348354878493,46.19210823399638,-0.35974438489786564,-0.5503891110926225,0.1906447261947568,124.78764444909244,120.90691757202148,117.02619069495053,0.5112822131660183,44910100,bear,hold
2022-06-07,122.5693588256836,122.69050696890888,120.55650802067358,120.9944898408174,7219100,121.14501037597657,124.3680795288086,,0.04042065206445189,51.071974915922624,-0.27151706075459003,-0.494614701025016,0.22309764027042595,124.81444576763899,121.14501037597657,117.47557498431415,0.694082780820094,52129200,bear,hold
2022-06-08,121.60025024414062,122.67189971693537,121.25544717557123,122.2246041530776,5372000,121.31368064880371,124.2419044494629,,0.028533328979585937,48.17657240645929,-0.2766066844035606,-0.4510130977007249,0.17440641329716428,124.73263780517695,121.31368064880371,117.89472349243047,0.5419089187477419,46757200,bear,hold
2022-06-09,118.8511962890625,121.60022851890035,118.82324121002023,121.19020173392427,7772900,121.38403701782227,124.04565170288086,,0.01198125536220207,41.06460926689475,-0.4967398197540973,-0.4601584421113994,-0.03658137764269792,124.52846936771006,121.38403701782227,118.23960466793447,0.09724992511762132,38984300,bear,hold
2022-06-10,116.94087219238281,118.0311702309288,116.48425589995273,117.44408503102679,11289000,121.30203285217286,123.80616104125977,,-0.013830916659412384,36.979335415917646,-0.815938474025927,-0.5313144484943049,-0.28462402553162214,124.80023890819655,121.30203285217286,117.80382679614917,-0.12334244895042719,27695300,bear,hold
2022-06-13,113.39974212646484,115.32872089945775,112.92448442597849,114.62981544388592,14886200,120.98007087707519,123.52100799560547,,-0.05373242841731696,30.85218061591604,-1.3392077557192295,-0.6928931099392899,-0.6463146457799396,125.86719104367862,120.98007087707519,116.09295071047177,-0.2755414735257799,12809100,bear,hold
2022-06-14,112.31876373291016,113.55815776708837,111.51735158371476,113.26927912364604,9299500,120.55979499816894,123.19410659790039,,-0.0696257412911736,29.258464030090764,-1.8201468339594413,-0.9183438547433203,-0.9018029792161211,126.73781886458077,120.55979499816894,114.3817711317571,-0.16696337238699707,3509600,bear,hold
2022-06-15,113.45565032958984,114.64844781563673,111.7223642609174,112.9338032068528,10301600,120.11342658996583,122.91137619018555,,-0.0729461347983138,33.168589306528716,-2.085516732743457,-1.1517784303433478,-0.9337383024001094,126.95447514863802,120.11342658996583,113.27237803129363,0.013395044394465505,13811200,bear,hold
2022-06-16,111.7875747680664,111.86212637475916,110.66000837796057,111.37754804088881,9383300,119.74160766601562,122.5898794555664,,-0.0623731915984479,30.504417772643507,-2.4027269064109475,-1.401968125556868,-1.0007587808540797,127.48451908742437,119.74160766601562,111.99869624460688,-0.013633210109877383,4427900,bear,hold
2022-06-17,111.72237396240234,113.49293599496589,111.68509814902228,111.8248806717889,13724900,119.35348205566406,122.22812576293946,,-0.06496647781899167,30.401627046142707,-2.6290730964152402,-1.6473891197285426,-0.9816839766866976,127.8504551623304,119.35348205566406,110.85650894899771,0.05095138012884322,-9297000,bear,hold
2022-06-21,114.73006439208984,115.24476167046981,112.91460164761511,113.28891915227464,7987200,119.04305496215821,121.87657806396484,,-0.051336310728242074,40.38173784571955,-2.536519187111182,-1.8252151332050706,-0.7113040539061113,127.73706246630827,119.04305496215821,110.34904745800814,0.25195612794159833,-1309800,bear,hold
2022-06-22,116.32093811035156,117.6029905103945,113.94398491613269,114.00013111185764,10188900,118.75905494689941,121.54100555419922,,-0.046557021437245605,44.88371675329014,-2.3081919337824246,-1.9218104933205415,-0.38638144046188305,127.41903829409961,118.75905494689941,110.09907159969922,0.3592308588366916,8879100,bear,hold
2022-06-23,118.93181610107422,119.02540259769101,116.86368161156459,116.86368161156459,11943300,118.58742752075196,121.31058120727539,,-0.028051864065948173,51.373533174877124,-1.8947237111591306,-1.9163931368882594,0.021669425729128777,127.089415840542,118.58742752075196,110.08543920096191,0.520253414105535,20822400,bear,hold
2022-06-24,120.9063720703125,120.92509222562433,118.99733032805209,119.8021256549244,10448100,118.51639099121094,121.1449952697754,,-0.01161419309305467,55.62875010997682,-1.3916746421998312,-1.811449437950574,0.4197747957507427,126.91532469552128,118.51639099121094,110.1174572869006,0.6422788393885654,31270500,bear,hold
2022-06-27,121.3555679321289,121.87026515976794,120.52269942896616,120.90638411496035,8963600,118.44172134399415,120.97571929931641,,-0.01215633354715695,56.56004944855342,-0.9458550505660384,-1.6383305604736669,0.6924755099076285,126.71080460169476,118.44172134399415,110.17263808629353,0.6761892157405254,40234100,bear,hold
2022-06-28,119.24064636230469,122.20715582757076,119.01605445512614,121.59888637644751,7518700,118.15926551818848,120.77663177490234,122.66028175354003,-0.04523282281841445,51.119786780029266,-0.7544989139663727,-1.4615642311722081,0.7070653172058354,125.89688925288274,118.15926551818848,110.42164178349421,0.5698780970226991,32715400,bear,hold
2022-06-29,120.2793960571289,120.87831258085835,119.21257555300784,119.39973428930523,9157700,118.01215171813965,120.62683456420899,122.65134033203125,-0.023877910044826534,53.486213755084215,-0.5131145131804686,-1.2718742875738602,0.7587597743933916,125.46585213366451,118.01215171813965,110.55845130261478,0.6520885072243413,41873100,bear,hold
2022-06-30,120.00801849365234,120.69115430945254,118.74467203001014,119.65240689781011,10697600,117.93999633789062,120.44719573974609,122.64113410949707,-0.011882208517428605,52.767470136734026,-0.33979657445824785,-1.0854587449507378,0.74566217049249,125.28630235982992,117.93999633789062,110.59369031595132,0.6407525189929266,31175500,bear,hold
2022-07-01,121.3555679321289,121.51466784918686,118.71659694205552,120.05479545462089,9366600,117.88722686767578,120.25984176635743,122.63370021820069,-0.008621690633431767,55.934051969653794,-0.09263701968961868,-0.886894399898514,0.7942573802088954,125.11857536660898,117.88722686767578,110.65587836874258,0.739812883099521,40542100,bear,hold
2022-07-05,120.65373229980469,120.68181967995031,118.07090706677985,120.1858282466213,9987000,117.87111930847168,120.08733871459961,122.6243250656128,-0.0026629372301706367,53.9069767088693,0.04607531060968029,-0.7003004577968752,0.7463757684065555,125.07626426341857,117.87111930847168,110.66597435352479,0.6930990291473964,30555100,bear,hold
2022-07-06,121.46788787841797,122.09487755908648,120.60694618499413,120.82217803852568,9033300,117.89478950500488,120.0254248046875,122.61842121124268,0.003912607543898217,55.903412057972275,0.21917487126791002,-0.5164053919839182,0.7355802632518282,125.14379910660894,117.89478950500488,110.64577990340082,0.7464542447717571,39588400,bear,hold
2022-07-07,121.98257446289062,122.14166010409465,121.22455801344123,121.29007142532922,6805500,117.86545028686524,119.95703109741211,122.62149009704589,-0.004787365850770997,57.16647219692119,0.39335408511740866,-0.33445349656365286,0.7278075816810615,125.04294111241708,117.86545028686524,110.6879594613134,0.7868080417022922,46393900,bear,hold
2022-07-08,122.3475112915039,123.56404995217711,121.51464295894033,121.63628825743176,6505800,117.9028133392334,119.94010650634766,122.62545822143555,0.0061452262299048765,58.08325430595575,0.5544483833205902,-0.15667312058680427,0.7111215039073945,125.16496306130878,117.9028133392334,110.64066361715803,0.8060180609303312,52899700,bear,hold
2022-07-11,122.0387191772461,122.7218549880889,121.53337488373786,121.66438742662959,7027300,118.06218948364258,119.92241134643555,122.6268645477295,0.026819443032202184,56.97209164329268,0.6497103755524307,0.004603578641042716,0.645106796911388,125.53737997890681,118.06218948364258,110.58699898837835,0.765981829902714,45872400,bear,hold
2022-07-12,120.48527526855469,122.47855079965395,119.9425049363536,121.65503522261832,9280400,118.23940963745117,119.83972732543945,122.61610778808594,0.030309360702739374,51.621839678854485,0.5930202813022447,0.12228691917328313,0.47073336212896155,125.767732389532,118.23940963745117,110.71108688537035,0.6491610884033071,36592000,bear,hold
2022-07-13,119.31552124023438,120.27940234790977,119.00670288350872,119.46525394882204,9296500,118.53519859313965,119.79776107788086,122.60200099945068,0.05216748294870177,47.96879849959655,0.4485331877495895,0.1875361728885444,0.2609970148610451,125.73747642360539,118.53519859313965,111.33292076267392,0.554171934592272,27295500,bear,hold
2022-07-14,118.96924591064453,119.1470516816163,117.19121675951517,117.94921881109447,7784800,118.86772270202637,119.76396545410157,122.5948617553711,0.05921078506124733,46.91051273280364,0.30259645639205246,0.21054822958924602,0.09204822680280644,125.48129841836361,118.86772270202637,112.25414698568913,0.5076753645057221,19510700,bear,hold
2022-07-15,121.84219360351562,121.89833979645927,120.20452967261005,120.73794706416722,9684800,119.28704986572265,119.7799870300293,122.6124057006836,0.07391913271452588,55.65239807753924,0.41399118132511603,0.25123681993642005,0.16275436138869598,125.52783768704249,119.28704986572265,113.04626204440281,0.7047132358084717,29195500,bear,hold
2022-07-18,119.26871490478516,122.0761386261028,118.86631721914372,121.96384624662464,7047700,119.66110687255859,119.69086349487304,122.61240882873535,0.06692282350914591,48.024013645625395,0.2912566544500237,0.2592407868391408,0.032015867610882875,124.87065579155022,119.66110687255859,114.45155795356696,0.4623391608491329,22147800,bear,hold
2022-07-19,121.29942321777344,121.50530211133743,120.01737088182196,120.54142105478618,6585700,120.13995933532715,119.69043853759766,122.62987628936767,0.08572185602316362,53.44665891929212,0.35377178623126326,0.2781469867175653,0.07562479951369794,123.90218225012214,120.13995933532715,116.37773642053216,0.6540929270680218,28733500,bear,hold
2022-07-20,120.10159301757812,121.29007315326484,119.61497600824266,121.13098750979442,7599500,120.40853576660156,119.67369827270508,122.64121570587159,0.04681884085004162,50.1247116212829,0.30316588449180415,0.2831507662724131,0.02001511821939106,123.23920526309148,120.40853576660156,117.57786627011164,0.44578265858941685,21134000,bear,hold
2022-07-21,122.00128173828125,122.00128173828125,120.14838593676689,120.4572042835687,9507700,120.69255294799805,119.75757385253907,122.67103023529053,0.04883337187790593,54.91115729489526,0.41160462427349387,0.30884153787262925,0.10276308640086462,122.89611910022242,120.69255294799805,118.48898679577368,0.7969570005788376,30641700,bear,hold
2022-07-22,121.49594116210938,122.5159683443288,120.75664492597213,122.28201636973012,8657100,120.82075920104981,119.8229557800293,122.6948477935791,0.021559622522336896,53.44190606152685,0.45156103113974666,0.33738543652605274,0.11417559461369392,122.89416318716397,120.82075920104981,118.74735521493565,0.6628196833760669,21984600,bear,hold
2022-07-25,122.13227844238281,122.35687746891391,121.47721579745216,121.58950817107035,5489000,120.88205451965332,119.91671997070313,122.72291118621825,0.010139303256551324,55.072100696098026,0.5284818619412164,0.37560472160908553,0.15287714033213085,123.03299065461965,120.88205451965332,118.731118384687,0.7906232087520954,27473600,bear,hold
2022-07-26,122.75927734375,123.51729376129053,122.15100790126357,122.47854638832291,7482400,120.95223999023438,120.0002864074707,122.7463822555542,0.011566913949973445,56.68156418580134,0.6327418911745895,0.4270321555221863,0.20570973565240314,123.24718495068204,120.95223999023438,118.65729502978671,0.8936994970814319,34956000,bear,hold
2022-07-27,123.52664947509766,124.07877273890225,122.11358461028519,122.68442803130408,7680700,121.16654014587402,120.07403976440429,122.77665161132812,0.03594414525203282,58.63466855446889,0.7684312363376051,0.4953119716852701,0.27311926465233505,123.57956323618464,121.16654014587402,118.7535170555634,0.9890357947051032,42636700,bear,hold
2022-07-28,124.31273651123047,125.22047145167811,121.58017875004182,123.68574683842702,11052600,121.3682071685791,120.14580886840821,122.81543212890625,0.033533095329027596,60.59467239445777,0.9286912989763607,0.5819878371434882,0.3467034618328725,124.10358784943917,121.3682071685791,118.63282648771904,1.0382302659470313,53689300,bear,hold
2022-07-29,123.90094757080078,124.12554658436626,123.03065316691062,123.6857157740259,8309500,121.56285362243652,120.17616744995117,122.85497631072998,0.03243890804975136,59.017108107026424,1.010818540280411,0.6677539777708729,0.3430645625095382,124.43403641772397,121.56285362243652,118.69167082714907,0.907165637834316,45379800,bear,hold
2022-08-01,122.98389434814453,123.8822763745997,122.70314907242117,123.2084934245828,7665400,121.6442699432373,120.25136627197266,122.88900993347168,0.013417813815731261,55.54869340202349,0.9904887025684985,0.732300922730398,0.2581877798381005,124.57896823303246,121.6442699432373,118.70957165344215,0.7282388635256839,37714400,bear,hold
2022-08-02,122.54405975341797,124.27531033590567,122.47856061597491,123.2833561000447,7935100,121.73878631591796,120.31254974365234,122.91251541137696,0.015667376529356902,53.912180188622244,0.928186626120052,0.7714780634083289,0.15670856271172307,124.66152681914387,121.73878631591796,118.81604581269205,0.637759995560879,29779300,bear,hold
2022-08-03,123.66702270507812,124.15364686806929,122.87159446482978,123.20848591931644,6825700,121.84874305725097,120.36711807250977,122.93872074127198,0.01810466012927936,57.365726332961174,0.9583779227544937,0.808858035277562,0.1495198874769318,124.88568099391468,121.84874305725097,118.81180512058727,0.7993606859520919,36605000,bear,hold
2022-08-04,123.05874633789062,123.98520135580998,122.86222038404244,123.95712825944541,5493000,121.90255165100098,120.38827423095704,122.96591018676757,0.00882234105763513,54.963183300311854,0.9225869159231621,0.831603811406682,0.09098310451648006,124.98486409313048,121.90255165100098,118.82023920887147,0.6875531291193273,31112000,bear,hold
2022-08-05,123.01194763183594,123.06809382207645,122.00127336961974,122.29137153872617,8883400,121.93577346801757,120.40122589111328,122.98513843536377,0.00543073032968322,54.77311761114249,0.8802984876842999,0.8413427466622057,0.038955741022094204,125.05070353248549,121.93577346801757,118.82084340354966,0.672744514571019,22228600,bear,hold
2022-08-08,123.30204010009766,124.11620265882937,122.67505053924121,123.24589391245303,7075100,121.99893951416016,120.42072463989258,122.99730331420898,0.010351804176318424,55.79359718201565,0.8602759161598073,0.845129380561726,0.015146535598081212,125.17038190637892,121.99893951416016,118.82749712194139,0.7054428907702531,29303700,bear,hold
2022-08-09,122.927734375,124.0507010727689,122.6376361916668,123.46113748773931,5802500,122.12106246948242,120.42230010986329,123.00514430999756,0.020271847335711524,54.097466577806465,0.8049258559415478,0.8370886756376904,-0.03216281969614265,125.23758085885785,122.12106246948242,119.004544080107,0.6294187623387067,23501200,bear,hold
2022-08-10,124.26592254638672,124.35950904643919,123.54536075730415,124.23784945223001,6736300,122.36858253479004,120.40982330322265,123.01722385406494,0.04149000276489612,58.9071509847549,0.8591375334772806,0.8414984472056085,0.0176390862716721,125.33733560173462,122.36858253479004,119.39982946784545,0.8195516718319398,30237500,bear,hold
2022-08-11,123.46114349365234,125.1081747245117,123.19911839406963,123.89162145970795,8471400,122.59317741394042,120.41461273193359,123.02453907012939,0.037756796293233474,55.163657037708326,0.8276214300922504,0.8387230437829369,-0.011101613690686518,125.15039530188916,122.59317741394042,120.03595952599169,0.6697090583876987,21766100,bear,hold
2022-08-12,125.04267120361328,125.09881740378098,123.55473978197658,123.76061870212358,7515500,122.75320129394531,120.48644363403321,123.03675441741943,0.02626739970319525,60.47889832141327,0.9196594976923933,0.8549103345648282,0.06474916312756507,125.49621813424774,122.75320129394531,120.01018445364288,0.9173269875761219,29281600,bear,hold
2022-08-15,125.66963195800781,125.8380847990082,124.52795949920437,124.9771432763807,7486100,123.07324714660645,120.55161712646485,123.05696308135987,0.0536680307013675,62.38272900236462,1.031302608012382,0.8901887892543391,0.14111381875804285,125.60053986399565,123.07324714660645,120.54595442921725,1.0136691910550706,36767700,bear,hold
2022-08-16,125.33274841308594,125.7538734023421,124.84613857367623,125.39826182183093,7138400,123.27491340637206,120.63875442504883,123.07039752960205,0.033250984121097726,60.69093594104461,1.080145644046965,0.9281801602128643,0.1519654838341007,125.84713234856989,123.27491340637206,120.70269446417424,0.900011634498649,29629300,bear,hold
2022-08-17,124.60279846191406,125.3233744406922,124.41563976437635,124.60279846191406,7251800,123.49997367858887,120.71092071533204,123.07421318054199,0.03747831590940787,57.07886581235583,1.0478740021680863,0.9521189286039088,0.09575507356417756,125.67996566670242,123.49997367858887,121.31998169047533,0.7529423936735473,22377500,bear,hold
2022-08-18,124.05069732666016,124.81806668586177,123.38628169056692,124.56539454572273,7053600,123.60244445800781,120.74054748535156,123.07600868225097,0.016798311945405153,54.439748541494446,0.9666061123889449,0.955016365360916,0.01158974702802884,125.68134027709559,123.60244445800781,121.52354863892003,0.6078103252064456,15323900,bear,hold
2022-08-19,124.3875732421875,124.98648967351085,123.87287608730945,124.05068185711224,5946500,123.74702606201171,120.7962939453125,123.07560173034668,0.02380023606072479,55.78315403717207,0.9187925269073105,0.947771597670195,-0.02897907076288453,125.61089480207322,123.74702606201171,121.88315732195021,0.6718326957279861,21270400,bear,hold
2022-08-22,122.75927734375,124.01327082160611,122.34753384935833,123.62023320471239,6420400,123.77837600708008,120.87445556640625,123.06339790344238,0.00513376897052642,48.360490797070106,0.7409686201513921,0.9064110021664344,-0.16544238201504236,125.55143069744396,123.77837600708008,122.0053213167162,0.21261499465621742,14850000,bear,hold
2022-08-23,121.04676818847656,122.34754071233905,120.70987674377062,122.21652816602544,7501900,123.6927505493164,120.95657348632812,123.04693477630616,-0.013950140407539835,42.02666802382841,0.45659339170084934,0.8164474800733175,-0.35985408837246813,125.79013460970292,123.6927505493164,121.59536648892988,-0.1307815556565788,7348100,bear,hold
2022-08-24,121.19648742675781,121.66439142091774,120.75665652990375,121.16841432945195,6719500,123.57624244689941,121.11250839233398,123.0381608581543,-0.018863638399012728,42.73283962235154,0.2405323583138852,0.701264455721431,-0.46073209740754584,125.93960262831192,123.57624244689941,121.21288226548691,-0.003468544248574921,14067600,bear,hold
2022-08-25,122.53469848632812,122.57212452242398,120.85959421528534,121.71118289925474,5636600,123.48734054565429,121.31682708740234,123.03242275238037,-0.014302943325052775,48.74276214547538,0.1752645408019191,0.5960644727375287,-0.4207999319356096,125.86690672836654,123.48734054565429,121.10777436294204,0.29982862711548214,19704200,bear,hold
2022-08-26,119.11898803710938,122.58148153896146,119.02540867536152,122.57211432124473,9044500,123.24824256896973,121.43009384155273,123.01187324523926,-0.03859501987229641,37.82988312100695,-0.15034685679674453,0.4467822068306741,-0.5971290636274187,126.28402095706419,123.24824256896973,120.21246418087527,-0.18009815012423674,10659700,bear,hold
2022-08-29,118.2861328125,119.02542199041137,117.66849610450501,118.39842520330022,6727700,123.0133544921875,121.5600650024414,122.98540111541747,-0.038198184896845455,35.72935942896717,-0.4701807405617018,0.26338961735219896,-0.7335703579139008,126.74240148007105,123.0133544921875,119.28430750430395,-0.13383777343745343,3932000,bear,hold
2022-08-30,117.50003051757812,118.70722349216729,117.20993237084836,118.70722349216729,7910500,122.7611530303955,121.67561813354492,122.95680320739746,-0.041160944447159564,33.82052956313615,-0.778113673128459,0.055088959256067355,-0.8332026323845264,127.19811932145032,122.7611530303955,118.32418673934069,-0.09287384303821639,-3978500,bear,hold
2022-08-31,116.75138092041016,118.62299648503519,116.73266076656171,117.88370748025068,8954500,122.41537094116211,121.71604446411133,122.9214080810547,-0.055921470683097385,32.06366083795737,-1.0702256118294429,-0.16997395496103468,-0.9002516568684082,127.54057933149201,122.41537094116211,117.2901625508322,-0.052561924256446686,-12933000,bear,hold
2022-09-01,118.6697998046875,118.7259531347317,116.40514635649423,116.56423198904919,11212400,122.19592361450195,121.76302169799804,122.89944541931152,-0.03566545787125197,40.58151176776912,-1.1338556743242947,-0.3627502988336867,-0.771105375490608,127.56231968403038,122.19592361450195,116.82952754497352,0.171462582697115,-1720600,bear,hold
2022-09-02,116.96663665771484,119.46524937414033,116.46129949505513,119.35294984699986,9730300,121.8936580657959,121.72371810913086,122.86637580871582,-0.049144096085806055,36.23756588265372,-1.3066517216291942,-0.5515305833927882,-0.755121138236406,127.70473871428322,121.8936580657959,116.08257741730858,0.07606668138708315,-11450900,bear,hold
2022-09-06,117.07891082763672,118.54812874285534,116.75137953564149,117.42516227325835,9663400,121.58250160217285,121.64716888427735,122.8329885482788,-0.05047061076531212,36.718451257633156,-1.41818627822326,-0.7248617223588825,-0.6933245558643775,127.71610047448019,121.58250160217285,115.44890272986552,0.1328753421690601,-1787500,bear,hold
2022-09-07,118.98799133300781,119.18451016071766,116.67654437811552,117.05086901455512,9038300,121.38551445007325,121.59981735229492,122.80891521453857,-0.03204926099080063,44.397385799496426,-1.3371179129813413,-0.8473129604833742,-0.48980495249796707,127.58633583427257,121.38551445007325,115.18469306587392,0.3066769732172338,7250800,bear,hold
2022-09-08,121.05611419677734,121.0935402310256,118.30483660241717,118.54814866291821,9394800,121.22502403259277,121.63612670898438,122.79893043518067,-0.02583015748674944,51.29270887089368,-1.0933865389670956,-0.8965276761801185,-0.19685886278697706,127.28386120547043,121.22502403259277,115.16618685971511,0.48606087018053973,16645600,bear,hold
2022-09-09,122.12294006347656,122.4504785646374,121.13098590013881,121.35557067414952,8880400,121.15811386108399,121.67299758911133,122.79705615997314,-0.010839065574057227,54.43193012974624,-0.8048657461540927,-0.8781952901749134,0.0733295440208207,127.14583501308469,121.15811386108399,115.17039270908329,0.580567061984023,25526000,bear,hold
2022-09-12,122.93706512451172,123.57342184860904,122.2632823716057,122.59082081067996,7982400,121.0528335571289,121.73157852172852,122.79860462188721,-0.016839100275400365,56.724147762912324,-0.5046999834270878,-0.8034962288253483,0.29879624539826055,126.8341348980524,121.0528335571289,115.27153221620542,0.6629591208163723,33508400,bear,hold
2022-09-13,118.87567901611328,121.2526391309356,118.55750775012783,120.98124683754544,11928500,120.71313591003418,121.6819807434082,122.78007751464844,-0.05406201033647262,44.655950685356316,-0.5877610271636229,-0.7603491884930033,0.17258816132938037,126.15803279730565,120.71313591003418,115.26823902276271,0.3312679806465828,21579900,bear,hold
2022-09-14,118.94120025634766,119.9705876706894,118.15512493109901,119.26873164186793,8080100,120.39355850219727,121.64773010253906,122.76414527893067,-0.050996632864638736,44.85976540103711,-0.6409124465149887,-0.7364618400974003,0.09554939358241166,125.45302196101485,120.39355850219727,115.33409504337968,0.3564711201423491,29660000,bear,hold
2022-09-15,119.60560607910156,120.74729286579088,119.33422092983544,119.45588052688616,8624200,120.14369888305664,121.61048446655273,122.74986930847167,-0.04010497713131167,46.9915612997043,-0.6222504165960601,-0.7136195553971323,0.09136913880107222,124.82654895224734,120.14369888305664,115.46084881386595,0.4425464411624782,38284200,bear,hold
2022-09-16,119.26871490478516,119.5307471160789,118.35162715402413,119.23128887139093,10810100,119.90459976196288,121.55620727539062,122.74593933105469,-0.038548613792010356,46.02001247202433,-0.627412504877455,-0.696378145293197,0.06896564041574194,124.24056600219937,119.90459976196288,115.5686335217264,0.4266732232279734,27474100,bear,hold
2022-09-19,118.62609100341797,118.65427600153814,116.9349194351341,118.51334384282993,9430100,119.61652565002441,121.48177886962891,122.73986057281495,-0.04631879285522922,44.14510750278939,-0.6755703211058091,-0.6922165804557194,0.016646259349910375,123.46050316619824,119.61652565002441,115.77254813385059,0.37117059836600014,18044000,bear,hold
2022-09-20,117.23554992675781,118.0059707963118,116.51210882421931,117.82746345148627,9010600,119.3403392791748,121.38571548461914,122.72391399383545,-0.044996415232428144,40.31741663374613,-0.8165283505213665,-0.7170789344688488,-0.09944941605251767,123.03215169807581,119.3403392791748,115.64852686027379,0.21493820465510713,9033400,bear,hold
2022-09-21,115.29072570800781,118.4851568566632,115.26254071036055,117.70533847058859,11642400,119.05253715515137,121.28182449340821,122.69713275909425,-0.04755221941577381,35.66026803428366,-1.0728030593880078,-0.7882237594526806,-0.28457929993532716,123.05199371531528,119.05253715515137,115.05308059498746,0.029709675482837344,-2609000,bear,hold
2022-09-22,115.90142059326172,116.69062915659639,114.62364820377113,115.11220486182019,9505600,118.78778381347657,121.21354248046875,122.66998092651367,-0.043689936448826905,38.079033382368664,-1.2126460107090082,-0.8731082097039462,-0.33953780100506203,122.88435286730991,118.78778381347657,114.69121475964322,0.14770968311715102,6896600,bear,hold
2022-09-23,115.30953216552734,115.51622455858002,113.87203262693959,115.2813399969171,16611100,118.42652549743653,121.14034820556641,122.63204990386963,-0.05896424776045728,36.64127688094527,-1.355606419674828,-0.9696078516981226,-0.3859985679767055,122.41044576789366,118.42652549743653,114.4426052269794,0.10880324902291191,-9714500,bear,hold
2022-09-26,114.21023559570312,115.17795857702417,113.70288422170736,114.62363460446396,10450600,118.18108787536622,120.98770904541016,122.5839953994751,-0.0412088158428362,34.06844480957932,-1.5398571055494017,-1.0836577024683784,-0.45619940308102325,122.55031909485677,118.18108787536622,113.81185665587566,0.045589134542748766,-20165100,bear,hold
2022-09-27,113.86262512207031,115.75109155014827,113.40224629005512,115.00886275589288,13239900,117.95991249084473,120.87958724975586,122.53276824951172,-0.03739667182662543,33.27284719801959,-1.6943944373301179,-1.2058050494407264,-0.48858938788939144,122.71618460974788,117.95991249084473,113.20364037194157,0.06927534144962953,-33405000,bear,hold
2022-09-28,116.35240936279297,116.93492563790285,114.71761487213976,115.45985092380778,16360000,117.90253143310547,120.78064697265626,122.49181537628174,-0.009766986014641654,43.45796667039532,-1.5975460890399233,-1.2841532573605658,-0.3133928316793575,122.70705733077514,117.90253143310547,113.09800553543579,0.3386810578891512,-17045000,bear,hold
2022-09-29,115.37528228759766,116.28662822923596,114.59546393924798,116.0047710982914,10791700,117.83372650146484,120.68612075805665,122.44010063171386,-0.011786572646627524,40.82432569494427,-1.581409559038505,-1.343604517696154,-0.23780504134235114,122.74054836240748,117.83372650146484,112.9269046405222,0.24948711370225965,-27836700,bear,hold
2022-09-30,113.78744506835938,116.18326977906653,113.65591032491173,115.38465676342688,12389800,117.58960876464843,120.52184402465821,122.38299144744873,-0.04114235251398202,36.90988698752366,-1.6774102945146723,-1.4103656730598577,-0.26704462145481456,122.78318189601164,117.58960876464843,112.39603563328522,0.1339549285126688,-40226500,bear,hold
2022-10-03,116.12689208984375,116.56847608428137,114.26661091647122,114.61423537907507,9326800,117.54762153625488,120.41446304321289,122.32476245880127,-0.007179351239520404,45.240914757270765,-1.5468862047036112,-1.4376697793886084,-0.10921642531500275,122.77413464982993,117.54762153625488,112.32110842267983,0.3640843890048791,-30899700,bear,hold
2022-10-04,118.8233871459961,118.87035975111715,116.82216636343584,117.09463327832314,13717900,117.63484535217285,120.34828521728515,122.27622161865234,0.01490000467229824,52.952519239773544,-1.2118903896348883,-1.3925139014378645,0.1806235118029762,122.88532961389993,117.63484535217285,112.38436109044576,0.6131840164236863,-17181800,bear,hold
2022-10-05,119.21800231933594,119.83810097564144,117.62079023727067,118.06237434074137,9913400,117.64634590148925,120.27745971679687,122.23414218902587,0.0019330605025880132,53.97404703286192,-0.904139291184876,-1.2948389793872668,0.39069968820239076,122.9096274177632,117.64634590148925,112.3830643852153,0.649303852832796,-7268400,bear,hold
2022-10-06,117.69593048095703,119.1428199640865,117.38588836665589,118.77640069146157,9399300,117.47833671569825,120.16084533691406,122.1883169555664,-0.027757240830961427,49.508830396391936,-0.7741390126552972,-1.190698986040873,0.4165599733855758,122.50470834283688,117.47833671569825,112.45196508855962,0.5216452126305127,-16667700,bear,hold
2022-10-07,115.2061538696289,117.01006513635807,114.54847295889422,116.80336562635877,10068700,117.13249740600585,119.97871368408204,122.12739524841308,-0.05663789448773893,43.21136927437847,-0.8620795040254592,-1.1249750896377901,0.26289558561233095,121.76974738278585,117.13249740600585,112.49524742922586,0.29229677653537267,-26736400,bear,hold
2022-10-10,114.48271942138672,115.63835447237196,114.04113535449078,115.47863471101596,8377800,116.70978012084962,119.79034912109375,122.0554245376587,-0.06876970500769941,41.55730020896204,-0.9788643520638658,-1.0957529421230054,0.11688859005913965,120.64106376977108,116.70978012084962,112.77849647192815,0.2167514610559984,-35114200,bear,hold
2022-10-11,115.09341430664062,116.31481667264764,113.9565740948866,114.24782860464397,10792900,116.52066688537597,119.63253952026368,121.98385974884033,-0.03181697670017081,43.52264932676678,-1.0104909019647152,-1.0787005340913476,0.06820963212663234,120.38023162108387,116.52066688537597,112.66110214966808,0.31510187333681644,-24321300,bear,hold
2022-10-12,114.52970123291016,116.14570798813196,114.50151623547606,115.4598419887712,9292800,116.3000919342041,119.47225234985352,121.90264839172363,-0.03708974698363254,42.11477957618542,-1.0687225363787434,-1.0767049345488267,0.007982398170083282,120.08461557644026,116.3000919342041,112.51556829196795,0.26610124963469883,-33614100,bear,hold
2022-10-13,117.19798278808594,117.75231400491268,112.697594344389,112.88550626878238,14063600,116.17971076965333,119.34287155151367,121.83649719238281,-0.02012968597327569,50.3086028354126,-0.8893120684967499,-1.0392263613384114,0.14991429284166147,119.67836901878306,116.17971076965333,112.6810525205236,0.645523218606147,-19550500,bear,hold
2022-10-14,116.40876770019531,118.7576128629591,116.051738647867,117.88384217568671,11442300,116.03671340942383,119.20987197875976,121.76268394470215,-0.0239790225531733,48.13811962376671,-0.8015710300904999,-0.9916952950888291,0.19012426499832924,119.23998059624836,116.03671340942383,112.83344622259929,0.558074189424753,-30992800,bear,hold
2022-10-17,118.27845764160156,118.51334218011742,117.01008256723732,117.15101472396829,8420400,116.019331741333,119.11520217895507,121.69687202453613,-0.002930496646023628,53.28057529441336,-0.5745442835336405,-0.9082650927777914,0.33372080924415093,119.16954131472475,116.019331741333,112.86912216794126,0.8585675567984855,-22572400,bear,hold
2022-10-18,118.9361343383789,120.07298184003076,118.35362525645962,120.03539945279283,10016700,116.10436096191407,119.0278840637207,121.63713535308838,0.014505705928649748,54.97192429385182,-0.337662574282831,-0.7941445890787994,0.4564820147959684,119.46599904862025,116.10436096191407,112.74272287520789,0.9211895069346212,-12555700,bear,hold
2022-10-19,117.27314758300781,118.57910499336737,116.24905447524533,118.56970760511894,7676200,116.20348205566407,118.91479232788086,121.5758192062378,0.017194981320707514,50.038990322944166,-0.28088339710130583,-0.6914923506833007,0.4106089535819949,119.58018497847775,116.20348205566407,112.82677913285039,0.6583890486955294,-20231900,bear,hold
2022-10-20,116.2772445678711,117.92143634616296,116.12691502173577,117.0664531807597,7196600,116.22227325439454,118.75501876831055,121.51806987762451,0.0032426174992994383,47.30150224467165,-0.31264259114833237,-0.6157223987763071,0.3030798076279747,119.59622496545491,116.22227325439454,112.84832154333417,0.5081464286071955,-27428500,bear,hold
2022-10-21,118.88914489746094,119.20858439159426,115.57257675044595,116.19266813180737,8433100,116.40125389099121,118.66357879638672,121.4779320526123,0.031043511015160785,54.35438968931236,-0.12560555060650813,-0.5176990291423473,0.3920934785358392,119.93837637805862,116.40125389099121,112.8641314039238,0.8516829026371108,-18995400,bear,hold
2022-10-24,121.1816177368164,121.5480370151501,119.88505776487459,119.88505776487459,7411300,116.74982299804688,118.58635772705078,121.45659557342529,0.061039906841550806,59.48026037804528,0.20524016977348936,-0.37311118935918003,0.5783513591326694,120.7039976609292,116.74982299804688,112.79564833516456,1.0603944080127015,-11584100,bear,hold
2022-10-25,122.10238647460938,122.24331146515428,120.74944922051945,120.81520943736884,7174200,117.16181106567383,118.51501281738281,121.44306781768799,0.07236581225582439,61.35727403645949,0.5355624976470068,-0.19137645195794267,0.7269389496049494,121.52293081090323,117.16181106567383,112.80069132044443,1.0664342757774543,-4409900,bear,hold
2022-10-26,123.45527648925781,124.60151389424422,122.44058815533921,122.4781633640651,8277100,117.51695442199707,118.47746337890625,121.4298945236206,0.06104615422545945,63.99630491090577,0.8961816161221776,0.026135161658081385,0.8700464544640962,122.64583084888743,117.51695442199707,112.38807799510671,1.0789106202799619,3867200,bear,hold
2022-10-27,122.8070068359375,123.7559349664117,122.6190877844916,123.73714019402495,6496800,117.88854064941407,118.44154754638672,121.40846340179444,0.06441348962262716,61.81775347460006,1.116791248097158,0.24426637894589673,0.8725248691512613,123.40511994340433,117.88854064941407,112.3719613554238,0.9457894942144299,-2629600,bear,hold
2022-10-28,124.8270263671875,124.920985907027,122.60971598737723,122.99493003002101,6267100,118.44051971435547,118.45707412719726,121.39894390106201,0.09701932662426804,65.73230789797955,1.4380477457488183,0.48302265230648106,0.9550250934423372,124.39691488026811,118.44051971435547,112.48412454844284,1.0361050161161935,3637500,bear,hold
2022-10-31,124.72367858886719,125.21224239860922,123.89688050102885,124.1787447888113,7852800,118.87035903930663,118.46379623413085,121.39875492095948,0.07402924804335909,65.36308919914418,1.6651121562281475,0.7194405530908143,0.9456716031373331,125.31742337300919,118.87035903930663,112.42329470560408,0.9539523143085331,-4215300,bear,hold
2022-11-01,124.79885864257812,125.49412205944967,123.46471614226917,124.87402341760868,8033300,119.16913261413575,118.50458786010742,121.40000999450683,0.05028868171583167,65.51483729701411,1.8300332552617817,0.9415590935250078,0.888474161736774,126.11438683297328,119.16913261413575,112.22387839529821,0.9052930138376315,3818000,bear,hold
2022-11-02,122.67550659179688,125.92630065433399,122.60973203805618,124.50760316880073,10228700,119.34200782775879,118.53716262817383,121.399380569458,0.02900152833629699,57.81113238757779,1.769005653527671,1.1070484055255405,0.6619572480021305,126.45365087637745,119.34200782775879,112.23036477914013,0.7343691001677572,-6410700,bear,hold
2022-11-03,122.15872955322266,122.83519803120818,120.91853256484534,121.78290576755761,7916600,119.56514778137208,118.55640747070312,121.39867572784424,0.037918040615581905,56.08269082485036,1.6598080177126633,1.2176003279629652,0.44220768974969804,126.73600346425826,119.56514778137208,112.39429209848589,0.6808418608981609,-14327300,bear,hold
2022-11-04,122.90098571777344,123.34256980454859,121.17223892575124,123.07950026385889,8082200,119.9498893737793,118.56373321533204,121.40567672729492,0.06679184739430033,58.02393530097929,1.6145504413236154,1.2969903506350953,0.3175600906885201,126.9680418526111,119.9498893737793,112.9317368949475,0.7102473801256995,-6245100,bear,hold
2022-11-07,124.2163314819336,124.54516119660327,122.6379001083954,123.0982789123884,6054400,120.43656997680664,118.66568008422851,121.42538570404052,0.08502254409872556,61.28940152785583,1.665620658201675,1.3707164121484112,0.2949042460532638,127.21665466458583,120.43656997680664,113.65648528902744,0.7787399921375474,-190700,bear,hold
2022-11-08,124.83641052246094,125.79474330466125,123.38952829822398,124.2445113261065,8930700,120.92371978759766,118.79668563842773,121.45019241333007,0.08465294278143731,62.760165630059404,1.7361164990661422,1.4437964295319576,0.29232006953418455,127.49503209817566,120.92371978759766,114.35240747701967,0.7977099968726891,8740000,bear,hold
2022-11-09,123.4928970336914,125.47532310851842,123.34256748863,124.63913472640928,8963500,121.37187957763672,118.91654296875,121.47213680267333,0.07826088520525776,57.6493824417137,1.6643886146100755,1.4879148665475812,0.17647374806249427,127.33192960950339,121.37187957763672,115.41182954577005,0.6779362123400154,-223500,bear,hold
2022-11-10,126.63095092773438,126.88463024281039,124.6391346338998,126.33969639452812,12416800,121.84352798461914,119.11413436889649,121.5128834915161,0.0804874616033695,64.84947724772212,1.8395532480839591,1.558242542854857,0.2813107052291022,127.89990238802557,121.84352798461914,115.78715358121272,0.8952383574917804,12193300,bear,hold
2022-11-11,125.08071899414062,126.490026224741,123.45530766610709,126.47123144752628,10487200,122.27712554931641,119.24235275268555,121.54434627532959,0.07449568847150312,59.47048507482648,1.8321617012815778,1.6130263745402014,0.21913532674137648,127.94424128647813,122.27712554931641,116.61000981215469,0.7473562897648132,1706100,bear,hold
2022-11-14,125.1934585571289,126.68732077576828,125.14647878235989,125.45652809237806,10552600,122.62287559509278,119.40688919067382,121.56424961090087,0.058463739326739095,59.73207321771191,1.8144847371445252,1.6533180470610662,0.16116669008345896,128.11297204570474,122.62287559509278,117.13277914448082,0.7341109109066376,12258700,bear,hold
2022-11-15,125.03374481201172,126.51821688165745,123.99085684127014,125.99207778582658,8184100,122.92775611877441,119.56598587036133,121.57987071990966,0.051267938945155356,59.14963568609262,1.7672166774591886,1.676097773140691,0.09111890431849767,128.23938452817643,122.92775611877441,117.6161277093724,0.6982432251387851,4074600,bear,hold
2022-11-16,124.97735595703125,126.18935373875571,124.76125188253823,125.34377522464219,6122200,123.31296653747559,119.6857731628418,121.59358402252197,0.06569456463654877,58.93115032277049,1.7055458197305313,1.6819873824586593,0.023558437271872013,128.01031690270344,123.31296653747559,118.61561617224774,0.6771625799808664,-2047600,bear,hold
2022-11-17,124.92097473144531,125.42831892703727,123.88747723052063,123.9908269806131,6498700,123.74515304565429,119.76307037353516,121.59879398345947,0.0743372462574039,58.69768779278388,1.6332941289307854,1.6722487317530847,-0.038954602822299345,127.19983408533926,123.74515304565429,120.29047200596932,0.6701780384764904,-8546300,bear,hold
2022-11-18,126.43365478515625,126.64974454390669,125.56926707772584,125.98266615444099,6720700,124.12237854003907,119.84928466796875,121.61421512603759,0.0634583577348653,62.93975729548788,1.678743274281942,1.6735476402588563,0.005195634023085649,126.96756220460279,124.12237854003907,121.27719487547535,0.9061734702584825,-1825600,bear,hold
2022-11-21,126.49000549316406,127.03493925336122,126.02962671225296,126.17055167772975,7995200,124.38779792785644,119.9203434753418,121.63214752197266,0.04380522273498988,63.091834058258236,1.6997158147339775,1.6787812751538806,0.020934539580096834,127.07197320843356,124.38779792785644,121.70362264727932,0.8915928256472933,6169600,bear,hold
2022-11-22,127.58928680419922,127.68323201980242,126.77187884478411,126.79067362239067,5931100,124.66214294433594,120.09461563110352,121.6566446685791,0.04493688033469212,66.02109543076747,1.7844692679372542,1.6999188737105555,0.08455039422669874,127.47444116599297,124.66214294433594,121.84984472267891,1.020418467238261,12100700,bear,hold
2022-11-23,128.09661865234375,128.28452340149101,127.28861532841839,127.6080691718035,5340600,124.89421005249024,120.27772399902344,121.67866207122803,0.0375953324562015,67.31056483476925,1.8710066306358328,1.734136425095611,0.13687020554022178,128.01853719068936,124.89421005249024,121.76988291429113,1.0124957243913002,17441300,bear,hold
2022-11-25,128.85763549804688,128.96098525513065,128.22814673625024,128.24694151105075,3256000,125.19674148559571,120.46276458740235,121.6997003173828,0.0492694091159851,69.19880020815708,1.9781924423146222,1.7829476285394135,0.19524481377520875,128.61226249906926,125.19674148559571,121.78122047212216,1.0359202882971101,20697300,bear,hold
2022-11-28,127.8899154663086,129.22405778413915,127.63625051351748,128.46303425333983,5026800,125.34988594055176,120.63518859863281,121.7256540298462,0.024537066917795336,64.12626790032621,1.962429386912163,1.8188439802139635,0.1435854066981994,128.9547812596236,125.34988594055176,121.74499062147991,0.8523028133880504,15670500,bear,hold
2022-11-29,127.57048797607422,127.82416728895633,126.88462914546707,127.61746775049154,5439600,125.4922264099121,120.81407653808594,121.75851066589355,0.022824931235319923,62.4977304674295,1.9022341518412418,1.8355220145394193,0.06671213730182246,129.21002341555504,125.4922264099121,121.77442940426916,0.7795017537277714,10230900,bear,hold
2022-11-30,130.61460876464844,130.69916376466696,127.08193584424015,127.7584045168198,9377400,125.78301391601562,121.08165771484374,121.8127657699585,0.04660098806453461,70.25133344742484,2.0762306071922723,1.88366373306999,0.19256687412228235,130.09988703272998,125.78301391601562,121.46614079930126,1.0596174265494998,19608300,bear,hold
2022-12-01,130.99041748046875,131.68568092732335,130.285763812411,131.3662413718289,15140200,126.19875946044922,121.39565155029297,121.86216480255126,0.0677797151173769,71.04717498859299,2.2188709115675778,1.9507051687695076,0.26816574279807015,130.8286737250492,126.19875946044922,121.56884519584922,1.0174672516785266,34748500,bear,hold
2022-12-02,131.32862854003906,131.50714306477118,129.67504671975507,129.67504671975507,7779800,126.65725440979004,121.70419570922851,121.91232585906982,0.07506544166228601,71.77888485613961,2.332319657222598,2.027028066460126,0.30529159076247225,131.41056679672104,126.65725440979004,121.90394202285906,0.9913809308107684,42528300,bear,hold
2022-12-05,130.0696563720703,130.7837001643669,129.62807231982222,130.48305542832074,6921500,127.01568794250488,121.99939819335937,121.9659464263916,0.058328829605637234,65.17579356479092,2.2941940325021335,2.0804612596685272,0.21373277283360625,131.6618763579013,127.01568794250488,122.36949952710849,0.8286530976063381,35606800,bull,golden_cross
2022-12-06,129.0831298828125,130.23875765017962,128.4442509012478,129.82535862153767,8171500,127.25902786254883,122.29685607910156,122.01909336090088,0.039180020395198634,60.480695410818896,2.159481597666357,2.0962653272680933,0.0632162703982635,131.80191168686744,127.25902786254883,122.71614403823021,0.7007647664792825,27435300,bull,hold
2022-12-07,130.14483642578125,130.5206459740316,129.0455784441229,129.0831536644618,7427000,127.52444915771484,122.62250030517578,122.07903518676758,0.04252305782506616,63.52594454496706,2.1140227293832226,2.099816807691119,0.014205921692103551,132.09038420357035,127.52444915771484,122.95851411185934,0.78694968738604,34862300,bull,hold
2022-12-08,131.31924438476562,131.46955958539618,130.116636762439,130.37030172762326,6765000,127.91576652526855,122.92183700561523,122.14782173156738,0.06337487854818913,66.5925379262941,2.1480003452127647,2.1094535151954483,0.0385468300173164,132.37274502776108,127.91576652526855,123.45878802277602,0.8818144801005551,41627300,bull,hold
2022-12-09,129.63746643066406,131.53533745667895,129.59989121361062,131.1407331646546,6203000,128.06609230041505,123.20708068847657,122.20583053588867,0.023742343249443465,58.94917900949203,2.015983422869269,2.0907594967302128,-0.07477607386094398,132.54235926138836,128.06609230041505,123.58982533944173,0.6755228345347998,35424300,bull,hold
2022-12-12,131.01858520507812,131.01858520507812,129.72203237543306,129.72203237543306,5669700,128.3629856109619,123.55170349121094,122.25267631530761,0.04747227437360402,62.732205924885704,1.9997519081902055,2.0725579790222115,-0.07280607083200596,132.79529149722083,128.3629856109619,123.93067972470301,0.7995731411892315,41094000,bull,hold
2022-12-13,131.42263793945312,133.19836496848524,130.51128453096496,132.80376055494682,9886500,128.67444458007813,123.85761840820312,122.30614078521728,0.049756428603509484,63.7837153823759,1.9964778409337924,2.0573419514045277,-0.060864110470735255,133.04713515189385,128.67444458007813,124.30175400826242,0.8142451214234703,50980500,bull,hold
2022-12-14,131.62930297851562,132.73795113459119,130.52064048622535,131.3662334385582,10882200,129.00422248840331,124.11373672485351,122.36398288726807,0.0527502249606322,64.33795728846485,1.9876469042799556,2.0434029419796134,-0.05575603769965776,133.22094012565296,129.00422248840331,124.78750485115367,0.8112706038131261,61862700,bull,hold
2022-12-15,129.21466064453125,130.78368739209594,128.7542818611739,130.45485769216546,8746700,129.21608772277833,124.31366989135742,122.4006943511963,0.03390457939402114,53.949453667745516,1.7654557916062004,1.987813511904931,-0.22235772029873058,133.00645527136237,129.21608772277833,125.42572017419428,0.49981174935823713,53116000,bull,hold
2022-12-16,127.33558654785156,128.32210433488663,126.63093303371403,128.2375493538811,10843900,129.33681831359863,124.5064630126953,122.42489837646484,0.0193291144389256,47.51916712457823,1.4213576324644919,1.8745223360168433,-0.4531647035523514,132.70226634665997,129.33681831359863,125.9713702805373,0.20267974039600925,42272100,bull,hold
2022-12-19,126.8600845336914,127.52989620314754,126.28460503423194,127.29404418525867,6801600,129.3581398010254,124.73954162597656,122.4436591720581,0.003372755056869625,46.02422994047137,1.0976354652556495,1.7191449618646046,-0.6215094966089552,132.65443960363183,129.3581398010254,126.06183999841898,0.12108190745290355,35470500,bull,hold
2022-12-20,126.83179473876953,127.3223710103431,126.14311081587414,126.90726911864746,4815500,129.37522926330567,124.98652313232422,122.47300830841064,0.002702104757390744,45.93164757561948,0.8292415846252368,1.5411642864167312,-0.7119227017914944,132.6149312840029,129.37522926330567,126.13552724260845,0.10745857052792146,30655000,bull,hold
2022-12-21,128.5016632080078,128.89789300459805,127.20918392419838,127.60541372078862,5937500,129.42084808349608,125.25468811035157,122.52306217193603,0.007150885679051866,52.06166655968501,0.742720312906755,1.381475491714736,-0.638755178807981,132.58344991000433,129.42084808349608,126.25824625698783,0.3546790070466887,36592500,bull,hold
2022-12-22,128.32240295410156,128.36013295275907,126.66199510780207,127.78465330516998,5483300,129.432137298584,125.5305421447754,122.56102546691895,0.0017626093813654098,51.38811966749447,0.6521689793352721,1.2356141892388435,-0.5834452099035714,132.57731458304926,129.432137298584,126.28696001411875,0.3235815910976354,31109200,bull,hold
2022-12-23,128.39785766601562,128.52049093930677,127.45444949622937,128.19973561644335,3766900,129.4091484069824,125.75453964233398,122.59959831237794,-0.0035681070062644205,51.67154568672702,0.5798112564979476,1.1044536026906644,-0.5246423461927168,132.57742279567935,129.4091484069824,126.24087401828547,0.3404035419762504,34876100,bull,hold
2022-12-27,128.06768798828125,128.74694317564175,127.55825379539561,128.64316767770418,7050500,129.41803703308105,125.9877180480957,122.64102584838867,0.0013900433143962942,50.28984771098467,0.4901748753503057,0.9815978572225927,-0.49142298187228706,132.57016901584447,129.41803703308105,126.26590505031764,0.2858038539972586,27825600,bull,hold
2022-12-28,127.23747253417969,129.11486022933994,127.1903136354982,128.49220729784741,5054200,129.40138626098633,126.16689834594726,122.67407554626465,-0.002610442643732669,46.89422563909325,0.34813288950459764,0.8549048636789938,-0.5067719741743961,132.59561728692654,129.40138626098633,126.20715523504612,0.16127783037081683,22771400,bull,hold
2022-12-29,128.62429809570312,129.28468109816154,127.73749189442904,128.02996059112544,6297300,129.30187072753907,126.36066162109375,122.70202896118164,-0.015238040275660225,52.6461129535396,0.3435090663053586,0.7526257042042668,-0.4091166378989082,132.46254943885032,129.30187072753907,126.14119201622782,0.3928121625568764,29068700,bull,hold
2022-12-30,128.16201782226562,128.32239549896238,126.86010981755739,128.19031891843167,6369500,129.16045074462892,126.57843902587891,122.72028572082519,-0.021592416549285787,50.67579025617699,0.2990947207177044,0.6619195075069543,-0.3628247867892499,132.25875776163628,129.16045074462892,126.06214372762155,0.3388744374132965,22699200,bull,hold
2023-01-03,127.79412078857422,128.61488157095167,126.8223967971889,128.26582503504792,7239200,128.98372535705568,126.80877655029298,122.72685573577881,-0.026913459698448383,49.100844435618434,0.23154075814551334,0.5758437576346661,-0.3443029994891528,131.96831099671255,128.98372535705568,125.9991397173988,0.30070858871078965,15460000,bull,hold
2023-01-04,128.13372802734375,128.84128428443557,127.3035240792033,128.51108560635183,8469800,128.88692893981934,126.99366821289063,122.73122207641602,-0.014883781496191184,50.626288199836026,0.20306639901622248,0.5012882859109774,-0.29822188689475493,131.84985369639287,128.88692893981934,125.92400418324583,0.37289570705355357,23929800,bull,hold
2023-01-05,126.82237243652344,127.59597416187324,126.32236718292647,127.28464769156918,6714200,128.77389106750488,127.10648330688477,122.72951633453368,-0.0175139652125067,45.01605086123237,0.07383371839063102,0.4157973724069081,-0.3419636540162771,131.86785173626922,128.77389106750488,125.67993039874052,0.1846245250168577,17215600,bull,hold
2023-01-06,127.99220275878906,128.34125922446287,126.04878395757548,127.67144739058782,7175700,128.66625938415527,127.22427963256835,122.73351993560792,-0.016540292539533707,50.30649201787493,0.06506143057818292,0.3456501840411631,-0.2805887534629802,131.71134778847767,128.66625938415527,125.62117097983285,0.3893206804095743,24391300,bull,hold
2023-01-09,125.85067749023438,128.16203963582404,125.68087088433657,128.1242952376667,7719500,128.3928310394287,127.27218765258789,122.7382313156128,-0.041643301559886714,42.285432352619424,-0.11338680984991356,0.2538427852629478,-0.36722959511286135,131.41795013607953,128.3928310394287,125.36771194277787,0.07982587330052608,16671800,bull,hold
2023-01-10,126.90729522705078,127.10540291912892,125.61481599923252,125.8035091853799,7675200,128.25632247924804,127.35419342041016,122.74077087402344,-0.021060047521628267,46.79313021977401,-0.16761593306208056,0.16955104159794215,-0.3371669746600227,131.29084832020894,128.25632247924804,125.22179663828713,0.27772025632675545,24347000,bull,hold
2023-01-11,127.62428283691406,127.64315503494436,126.40729237644156,126.99220095795727,7307200,128.08660736083985,127.41013854980469,122.74395992279052,-0.02590702962370639,49.665958035120035,-0.1509973919650065,0.10544135488535242,-0.25643874685035895,130.85193011639456,128.08660736083985,125.32128460528516,0.4164067696985599,31654200,bull,hold
2023-01-12,127.21863555908203,127.74694198916127,125.98275839446093,127.35071216660184,7580500,127.87640724182128,127.46003768920899,122.74050807952881,-0.03198841878602299,48.08410891193323,-0.16861572646568845,0.050629938615144254,-0.2192456650808327,130.1991488520069,127.87640724182128,125.55366563163564,0.3584061869269491,24073700,bull,hold
2023-01-13,127.78465270996094,128.17145357192388,126.46388683407332,126.52048902943017,6334100,127.68417472839356,127.51975357055665,122.7361121749878,-0.029208163999639214,50.45531353832492,-0.1353453528395221,0.013434880324210988,-0.14878023316373307,129.2437111106356,127.68417472839356,126.12463834615154,0.53221405499464,30407800,bull,hold
2023-01-17,127.19031524658203,127.93560147746228,127.02049426526563,127.71862159686704,6664100,127.5829574584961,127.61004974365234,122.72748672485352,-0.01566653031360099,47.977359416731005,-0.15514795915306934,-0.02028168757124508,-0.13486627158182427,128.9870500460025,127.5829574584961,126.17886487098968,0.3601793729958451,23743700,bull,hold
2023-01-18,125.39781951904297,127.52048802494554,125.27517184332757,127.19030378340983,10629100,127.48606910705567,127.67483154296875,122.71618885040283,-0.015217796386247429,41.37716420047029,-0.311885865907243,-0.07860252323844466,-0.23328334266879833,129.18213917433238,127.48606910705567,125.78999903977898,-0.11561418608304073,13114600,bull,hold
2023-01-19,125.69974517822266,126.19975049761454,124.77519454647097,125.02991885483279,9902300,127.42805213928223,127.73080673217774,122.70136840820312,-0.009146607143877383,42.80444458911364,-0.40704672755035176,-0.1442913641008261,-0.26275536344952566,129.27818972806847,127.42805213928223,125.57791455049599,0.03292474799309165,23016900,bull,hold
2023-01-20,126.33181762695312,126.42614982630273,125.02048057525883,125.98274674307876,5962200,127.4030532836914,127.77311645507812,122.69506664276123,-0.003942048701953582,45.780555160544985,-0.42654251523468645,-0.2007415943275982,-0.22580092090708825,129.2977170454147,127.4030532836914,125.50838952196811,0.2173019090828194,28979100,bull,hold
2023-01-23,126.76577758789062,127.47333386269737,126.12426680846175,126.4072921974383,7211000,127.31625900268554,127.81170379638672,122.68958347320557,-0.013508662664601268,47.78925103904536,-0.4023382207788586,-0.2410609196178503,-0.1612773011610083,129.1600195865078,127.31625900268554,125.4724984188633,0.35071776139889876,36190100,bull,hold
2023-01-24,125.9261474609375,126.86955584789894,125.11481567233989,126.13369845769058,5754800,127.19644622802734,127.86036880493164,122.6701639175415,-0.018673711199291954,44.36458241277645,-0.44576873273388173,-0.2820024822410566,-0.16376625049282512,129.07422405729187,127.19644622802734,125.31866839876281,0.16175477543384917,30435300,bull,hold
2023-01-25,125.96388244628906,125.9921835441618,124.72801985495103,125.08650522642859,5999000,127.07474746704102,127.84702743530273,122.63844608306884,-0.01895650958645856,44.55688132968376,-0.47170530329472626,-0.31994304645179056,-0.1517622568429357,128.9407517620307,127.07474746704102,125.20874317205137,0.20234124762340838,36434300,bull,hold
2023-01-26,126.19973754882812,126.3695441401327,125.21858481483888,126.25633974592965,6861100,126.98134994506836,127.86940780639648,122.60394695281983,-0.01458564973566201,45.81746188888987,-0.46783576716924813,-0.3495215905952821,-0.11831417657396603,128.82607809201232,126.98134994506836,125.13662179812438,0.28814970717092697,43295400,bull,hold
2023-01-27,125.34123229980469,126.14313514481117,125.18085460985715,126.01105855336797,5854600,126.88653793334962,127.87236328125,122.57838794708252,-0.014903158610491962,42.06809324075569,-0.5279573667973807,-0.38520874583570186,-0.14274862096167884,128.8593385030457,126.88653793334962,124.91373736365352,0.10834722544129703,37440800,bull,hold
2023-01-30,124.20915985107422,125.88842573868433,124.02048104032701,125.10539499857639,7055400,126.66578102111816,127.85587158203126,122.55350540161133,-0.034325849081359494,37.6883360933302,-0.6593523496891294,-0.44003746660638743,-0.21931488308274194,128.79338912255946,126.66578102111816,124.53817291967687,-0.07731994167059401,30385400,bull,hold
2023-01-31,125.81291198730469,125.83178418105828,124.36949866337417,124.4921463298735,6290600,126.54832572937012,127.87258270263672,122.53347312927247,-0.018329188903834726,46.22902365413095,-0.6268485066179608,-0.47739967460870214,-0.14944883200925863,128.59020365320058,126.54832572937012,124.50644780553966,0.319917309090194,36676000,bull,hold
2023-02-01,126.40729522705078,127.18088262050676,124.86953494646235,125.81294333548209,11843000,126.47898445129394,127.90230911254883,122.51953449249268,-0.010852029443653599,49.0180579308471,-0.5468237727606038,-0.4912844942390825,-0.055539278521521296,128.43949700138248,126.47898445129394,124.51847190120539,0.4817167137644915,48519000,bull,hold
2023-02-02,125.54876708984375,125.71857365896467,124.65253216386039,125.48272160500764,11274600,126.34973640441895,127.88461135864257,122.50843204498291,-0.020173930605908663,45.358432561455736,-0.5463812968061177,-0.5023038547524896,-0.04407744205362807,128.19424577983122,126.34973640441895,124.50522702900668,0.2828774076043471,37244400,bull,hold
2023-02-03,125.18085479736328,126.03935984066437,124.7657528249861,125.63368676937982,10046800,126.26766052246094,127.85842834472656,122.48938652038574,-0.012943438981807054,43.847652230603025,-0.5691571888709177,-0.5156745215761753,-0.05348266729474238,128.16604112520662,126.26766052246094,124.36927991971528,0.21375452226866443,27197600,bull,hold
2023-02-06,124.48274993896484,125.26578072921633,124.31294331699947,125.00162749820034,7328300,126.09218788146973,127.79629760742188,122.45818393707276,-0.027419270425699693,41.05347316954771,-0.6362047033937017,-0.5397805579396806,-0.09642414545402112,127.96916904684531,126.09218788146973,124.21520671609414,0.07126955448622319,19869300,bull,hold
2023-02-07,125.28461456298828,125.65254319317711,123.61477798200806,124.04875209736088,7551000,126.06388473510742,127.74005752563477,122.43821258544922,-0.004497893364857064,45.360519355935224,-0.6175182025604613,-0.5553280868638367,-0.06219011569662458,127.9714023633165,126.06388473510742,124.15636710689834,0.2957370981544274,27420300,bull,hold
2023-02-08,124.91669464111328,125.61480755998846,124.72801586291102,124.83179135021247,5614100,125.96435470581055,127.6612387084961,122.43997814178466,-0.01568547010931165,43.779879940181246,-0.62519027456365,-0.5693005244037994,-0.05588975015985054,127.89306913925286,125.96435470581055,124.03564027236824,0.22840456665545927,21806200,bull,hold
2023-02-09,123.82234954833984,125.70916630336217,123.62422745514395,125.22803321312847,8085700,125.77425804138184,127.57988739013672,122.43207859039306,-0.029790046251876312,39.38386830198882,-0.711374665732535,-0.5977153526695466,-0.11365931306298849,127.75969435043372,125.77425804138184,123.78882173232996,0.008443437811885881,13720500,bull,hold
2023-02-10,124.9921646118164,125.12424119141467,123.8223331958979,123.99213977169529,6198600,125.66293449401856,127.52832092285156,122.44107070922851,-0.017501138394395266,45.664658235732986,-0.6774726347672129,-0.6136668090890799,-0.06380582567813298,127.55963540673456,125.66293449401856,123.76623358130256,0.32317457704977964,19919100,bull,hold
2023-02-13,126.02995300292969,126.03939630202296,125.01106997469283,125.01106997469283,6300300,125.575199508667,127.43662780761719,122.45660308837891,-0.013731693672275114,50.55895166916615,-0.5604041903064996,-0.6030142853325638,0.042610095026064276,127.21632336788163,125.575199508667,123.93407564945237,0.6385494128640341,26219400,bull,hold
2023-02-14,125.28461456298828,126.42613044845773,124.65253278267758,126.19972168850586,6905900,125.4799144744873,127.32251174926758,122.45992877960205,-0.01498306439369379,47.26599652917887,-0.5217547240114442,-0.58676237306834,0.06500764905689582,126.94693142159048,125.4799144744873,124.01289752738413,0.43343638194341694,19313500,bull,hold
2023-02-15,124.66197967529297,124.96387725915831,124.2374487938428,124.79405626941677,6491900,125.4431224822998,127.18917877197265,122.4761695098877,-0.005868043372462717,44.64979134096467,-0.5351967602743599,-0.576449250509544,0.04125249023518407,126.95281770688527,125.4431224822998,123.93342725771433,0.241291224120645,12821600,bull,hold
2023-02-16,123.41668701171875,124.5204730515952,123.15251943059569,123.52044811055451,8008000,125.3289695739746,127.05611938476562,122.48995780944824,-0.018162790730139378,39.893702192173436,-0.6389687474859898,-0.5889531499048332,-0.05001559758115659,127.07114442940475,125.3289695739746,123.58679471854445,-0.04882050337699979,4813600,bull,hold
2023-02-17,124.52049255371094,124.74690137974893,122.71857887171197,122.83178328473097,10798800,125.2384033203125,126.9648666381836,122.50735469818115,-0.014337837508131779,45.441246926448635,-0.6249370275927646,-0.5961499254424194,-0.02878710215034519,126.95069722518686,125.2384033203125,123.52610941543814,0.2903657880934172,15612400,bull,hold
2023-02-21,122.9072265625,124.12423127530224,122.72797669043862,123.61478275520489,9066200,125.04547576904297,126.82011444091796,122.50326637268067,-0.03043842824783982,39.677287670974316,-0.735515308712138,-0.6240230020963631,-0.11149230661577492,126.89029793963168,125.04547576904297,123.20065359845425,-0.07952718712736818,6546200,bull,hold
2023-02-22,122.49211120605469,123.33174388693087,122.23740136917942,123.03928966256342,7318900,124.87377395629883,126.64357177734375,122.50912357330323,-0.027270239931290297,38.330010039257516,-0.8468833886364848,-0.6685950794043874,-0.17828830923209738,126.97954231573945,124.87377395629883,122.76800559685822,-0.06550919752560501,-772700,bull,hold
2023-02-23,122.82233428955078,123.44498724983787,121.92609924413269,122.46383451327598,9955500,124.71669654846191,126.50726913452148,122.51854221343994,-0.024940070881650067,40.07325775344211,-0.8981439074022006,-0.7145048450039502,-0.18363906239825045,126.93921331390642,124.71669654846191,122.4941797830174,0.07382497887878661,9182800,bull,hold
2023-02-24,121.23741149902344,122.0204422191062,120.87892608635276,121.78459011288622,9008000,124.46858024597168,126.31164566040039,122.53569175720214,-0.03932120736689093,34.964678540457584,-1.0545026115780587,-0.7825043983187719,-0.27199821325928675,127.05209272779408,124.46858024597168,121.88506776414928,-0.1253441331680722,174800,bull,hold
2023-02-27,120.86946868896484,122.23742226167668,120.59588661158357,121.89779469252875,6463900,124.24499206542968,126.10058227539062,122.54890487670899,-0.03567671650254556,33.884721942710215,-1.1943403092523823,-0.8648715805054941,-0.32946872874688826,127.23045459648985,124.24499206542968,121.25952953436952,-0.06532670253713785,-6289100,bull,hold
2023-02-28,119.97323608398438,120.67136343330517,119.86946059145383,120.59588903916762,10282800,124.0331958770752,125.8674609375,122.56155071258544,-0.03410315126653041,31.345086729386196,-1.3617833820811,-0.9642539408206152,-0.39752944126048484,127.55212740045611,124.0331958770752,120.51426435369429,-0.07687394115445925,-16571900,bull,hold
2023-03-01,119.7751235961914,120.03927678332835,119.25625332078229,119.39775881558099,11101000,123.73130645751954,125.6786701965332,122.56752155303955,-0.047990212576293656,30.7956314843143,-1.4932559209921408,-1.0700543368549202,-0.42320158413722053,127.60572102012503,123.73130645751954,119.85689189491404,-0.010552342476697707,-27672900,bull,hold
2023-03-02,120.510986328125,120.85062112367528,119.23738643475957,119.23738643475957,10203100,123.43649101257324,125.54217819213868,122.57088157653808,-0.04664532128731114,35.33018085038688,-1.5205430093751318,-1.1601520713589626,-0.36039093801616917,127.34869407285007,123.43649101257324,119.52428795229642,0.12610520985569235,-17469800,bull,hold
2023-03-03,121.86005401611328,121.90722731234735,120.46381369825217,121.06759446234905,10048000,123.25205535888672,125.4421775817871,122.57656044006347,-0.029380719215592044,42.737975547881376,-1.4169757216376553,-1.211516801414701,-0.2054589202229542,127.0957456974645,123.25205535888672,119.40836502030895,0.31892384399408935,-7421800,bull,hold
2023-03-06,121.8034439086914,122.36005134040752,121.5204185449359,121.94494939293517,8153400,123.08318481445312,125.34161056518555,122.57366256713867,-0.02698025104668811,42.51788375242867,-1.3242012942686046,-1.2340536999854819,-0.09014759428312269,126.86941353809368,123.08318481445312,119.29695609081256,0.33100058142668054,-15575200,bull,hold
2023-03-07,119.84114837646484,122.19024009205982,119.63359741065642,122.04872021795366,9604400,122.85110473632812,125.16840026855469,122.57674854278565,-0.03728710656517331,35.66216846049335,-1.3929605597921864,-1.2658350719468228,-0.1271254878453636,126.82985916988767,122.85110473632812,118.87235030276858,0.12174640203033836,-25179600,bull,hold
2023-03-08,119.19963836669922,119.96380399115017,118.71849811391665,119.5958681289276,10793200,122.54685592651367,124.98594497680664,122.57532230377197,-0.04856922150827847,33.74644478984699,-1.4821321724795098,-1.3090944920533603,-0.17303768042614953,126.6629784713235,122.54685592651367,118.43073338170385,0.09340161482375135,-35972800,bull,hold
2023-03-09,117.99207305908203,119.86002461675845,117.51093282189305,119.66190254443113,13270300,122.20062484741212,124.77782928466797,122.56058963775635,-0.055433916194514654,30.432435633117564,-1.6314355725147607,-1.3735627081456405,-0.25787286436912016,126.61525317271825,122.20062484741212,117.78599652210598,0.023340191041084445,-49243100,bull,hold
2023-03-10,117.1241455078125,118.77511008388579,116.67130634284472,117.79396455781755,20483200,121.86571464538574,124.5589584350586,122.53620567321778,-0.05409527492379218,28.282612501428773,-1.7990556983129977,-1.458661306179112,-0.34039439213388567,126.73073408757367,121.86571464538574,117.00069520319781,0.012687544837351537,-69726300,bull,hold
2023-03-13,118.2184829711914,119.83171018040875,116.60525576197405,116.7467684359686,21294200,121.52703056335449,124.37857864379883,122.51547626495362,-0.0541928501011385,34.559773779556394,-1.822582373032816,-1.5314455195498529,-0.29113685348296303,126.41733816530672,121.52703056335449,116.63672296140226,0.16172397919894702,-48432100,bull,hold
2023-03-14,119.2751235961914,119.64305229420987,118.08642700386685,119.02040649665356,14582900,121.18928909301758,124.19159515380859,122.5002163696289,-0.05359701599334299,40.018794429792166,-1.7359543632203582,-1.5723472882839542,-0.16360707493640403,125.70789353874594,121.18928909301758,116.67068464728922,0.2881906327698456,-33849200,bull,hold
2023-03-15,119.17135620117188,119.34117001162348,117.77510851549926,117.99209562793449,17244600,120.88362617492676,124.01178192138671,122.48182834625244,-0.04879496483379364,39.66881903654053,-1.656578200568589,-1.5891934707408812,-0.06738472982770771,125.06742102520008,120.88362617492676,116.69983132465345,0.2953687937587298,-51093800,bull,hold
2023-03-16,120.2845687866211,120.34117098633638,117.94491283071419,118.27511152274606,16011400,120.66475563049316,123.86159088134765,122.45880237579345,-0.035114241728502305,45.20506992037399,-1.486707232123905,-1.5686962230174861,0.08198899089358114,124.47646194190301,120.66475563049316,116.85304931908331,0.45012904814649185,-35082400,bull,hold
2023-03-17,118.73739624023438,120.27514952810195,118.36003139481362,120.1808101161557,15071400,120.43079109191895,123.67366424560547,122.4363809967041,-0.03791457123654651,39.74606593916768,-1.4600960812636288,-1.5469761946667147,0.08688011340308588,124.11025640112486,120.43079109191895,116.75132578271304,0.2698857429844832,-50153800,bull,hold
2023-03-20,120.24229431152344,120.42224334778862,118.93531544344569,118.93531544344569,10592100,120.21688117980958,123.54206268310547,122.43033683776855,-0.034357382905003675,46.51210901327149,-1.3025587684211075,-1.4980927094175933,0.1955339409964858,123.38191036728676,120.21688117980958,117.05185199233239,0.5040146757278593,-39561700,bull,hold
2023-03-21,120.97156524658203,121.11362267990444,119.97711985907289,120.70637451105986,8816300,120.12009811401367,123.40164993286133,122.42313987731933,-0.01574896261232983,49.47310915575624,-1.1061126650392765,-1.4196967005419299,0.31358403550265335,123.06055043683382,120.12009811401367,117.17964579119352,0.6447850601011834,-30745400,bull,hold
2023-03-22,119.14366912841797,121.48297756281573,119.12472332268328,121.03784506225159,10480000,119.95267601013184,123.267509765625,122.41397880554199,-0.02733598143315541,43.04152581653593,-1.0854117026986643,-1.3528397009732769,0.2674279982746126,122.70940100735682,119.95267601013184,117.19595101290686,0.3532666692310175,-41225400,bull,hold
2023-03-23,118.9163589477539,120.35593665706163,118.23445447763,119.63614780240778,10092300,119.75737724304199,123.10769104003906,122.40358818054199,-0.0318018328212899,42.30499252893238,-1.0749566417417498,-1.2972630891269716,0.22230644738522187,122.2098798748949,119.75737724304199,117.30487461118908,0.328538757845761,-51317700,bull,hold
2023-03-24,120.5643081665039,120.67795410476195,118.35759133968983,118.80272386642234,8163700,119.72372207641601,122.96649154663086,122.3935629272461,-0.005551944108646345,49.10472474025662,-0.9230547999892877,-1.222421431299435,0.2993666313101473,122.11168474395399,119.72372207641601,117.33575940887803,0.6760048642122518,-43154000,bull,hold
2023-03-27,121.05679321289062,121.96599686592644,120.91472856148009,121.41668406751678,9455400,119.7330883026123,122.84325469970703,122.39084564208984,0.0015498084500382703,50.964655237324855,-0.7542376860841102,-1.12878468225637,0.37454699617225984,122.14034472180187,119.7330883026123,117.32583188342274,0.7749405712923524,-33698600,bull,hold
2023-03-28,120.32752990722656,121.36931800708666,120.03392772199986,120.93366563212817,8037400,119.75080299377441,122.69411224365234,122.39822731018066,0.002953107166286495,48.15815498933555,-0.6715531148314966,-1.0373383687713955,0.3657852539398989,122.17005209204379,119.75080299377441,117.33155389550504,0.6191954383417386,-41736000,bull,hold
2023-03-29,120.65901947021484,121.0757333003048,120.13811815046688,120.92420296910166,8183100,119.79499778747558,122.563486328125,122.41681804656983,0.007379628152197837,49.51895563343069,-0.5726751167760398,-0.9444057183723243,0.37173060159628457,122.24648848001169,119.79499778747558,117.34350709493947,0.6762237330473846,-33552900,bull,hold
2023-03-30,121.31250762939453,121.35039924505413,120.54536860358422,121.31250762939453,6820400,119.83507385253907,122.48178009033204,122.45638187408447,0.006651022663503703,52.1836245552085,-0.43655027805982627,-0.8428346303098248,0.4062843522499985,122.35725972150733,119.83507385253907,117.3128879835708,0.7928875692773245,-26732500,bull,hold
2023-03-31,122.61001586914062,122.67630451279886,121.65344776340143,121.71975085847532,9202500,119.87257194519043,122.41998550415039,122.50783813476562,0.006154287876223741,57.03321305363008,-0.2214199006464952,-0.7185516843771589,0.4971317837306637,122.53259992179886,119.87257194519043,117.212543968582,1.0145517167530826,-17530000,bear,death_cross
2023-04-03,123.98329162597656,124.12534904320755,122.36376481246431,122.70471706523448,8937300,119.98156433105468,122.37301498413086,122.56047634124756,0.017896437467886717,61.48551531001034,0.05920190728129171,-0.5630009660454688,0.6222028733267605,123.08996929607254,119.98156433105468,116.87315936603683,1.1436946504650325,-8592700,bear,hold
2023-04-04,124.00224304199219,124.72203927618804,123.77495113765087,124.11590344558098,9052600,120.18961906433105,122.3177442932129,122.62154968261719,0.03472175226872687,61.54473636636679,0.2798994263680754,-0.39442088756275995,0.6743203139308354,123.75588636637802,120.18961906433105,116.62335176228409,1.0345398500377079,459900,bear,hold
2023-04-05,126.14266967773438,126.36049590008174,124.55155411303795,124.69362600263506,12325800,120.53677062988281,122.32207473754883,122.69365116119384,0.058247083683895085,67.60361172759434,0.6203671353258358,-0.19146328298504084,0.8118304183108767,124.91032245838566,120.53677062988281,116.16321880137995,1.140886317079563,12785700,bear,hold
2023-04-06,126.45520782470703,127.0139863383111,126.02902106774489,126.63515687688201,8276300,120.95992736816406,122.3319012451172,122.75227687835694,0.07172629945561915,68.38684554095971,0.9049774473979539,0.0278248630915581,0.8771525843063959,125.87136216020163,120.95992736816406,116.04849257612649,1.0594373832929571,21062000,bear,hold
2023-04-10,126.36995697021484,126.43626007322572,125.45129481779578,126.11425359081761,8024300,121.42221794128417,122.33530563354492,122.80252197265625,0.07894026822834421,67.90459316527654,1.1108489633650862,0.24442968314626373,0.8664192802188224,126.53869925009657,121.42221794128417,116.30573663247178,0.983509929021817,13037700,bear,hold
2023-04-11,126.7961654663086,127.2602294084116,126.5878049183128,126.66357370407657,8887500,121.85110206604004,122.364404296875,122.84184371948243,0.07255787994849738,69.0785957629555,1.2934846013369565,0.45424066678440234,0.8392439345525542,127.25162921273416,121.85110206604004,116.45057491934593,0.9578315473606708,21925200,bear,hold
2023-04-12,126.83402252197266,127.76216471042551,126.6067162007243,127.2886207130534,8988600,122.2290470123291,122.41690155029296,122.87148197174072,0.06337364152622538,69.1864104385555,1.4248545716945387,0.6483634477664296,0.776491123928109,127.90646633549731,122.2290470123291,116.5516276891609,0.9055518227138634,30913800,bear,hold
2023-04-13,128.48199462890625,128.62405208491572,127.09923943426192,127.3739031177732,9373500,122.69457893371582,122.470283203125,122.90711410522461,0.0781281570045842,73.51551358968442,1.6430042655854038,0.8472916113302245,0.7957126542551793,128.8032765405358,122.69457893371582,116.58588132689586,0.9737029124448024,40287300,bear,hold
2023-04-14,127.44965362548828,128.46303038627332,126.97610957150593,128.1883811935873,6632100,123.05283317565917,122.49113037109375,122.94815914154053,0.05956778089779502,67.15098780551946,1.7128435837106082,1.0204020058063012,0.6924415779043069,129.39028686993836,123.05283317565917,116.71537948137997,0.8468917219701433,33655200,bear,hold
2023-04-17,127.3454360961914,127.62955088431896,126.68246305345797,127.48749349025518,7187000,123.48323516845703,122.52706375122071,122.98348934173583,0.07249645123210291,66.52484527109777,1.7397277641358784,1.1642671574722168,0.5754606066636616,129.75882475059686,123.48323516845703,117.2076455863172,0.8077161816577445,26468200,bear,hold
2023-04-18,126.47413635253906,127.60117348449238,126.30366743413468,127.60117348449238,7194200,123.79482727050781,122.55292938232422,123.01581993103028,0.05182737136460647,61.3724873709895,1.6714595183756131,1.2657056296528961,0.405753888722717,130.0143951415243,123.79482727050781,117.57525939949133,0.7153935078445705,19274000,bear,hold
2023-04-19,126.86244201660156,127.05185673722806,126.12371449016642,126.5120240608717,7048100,124.0893711090088,122.60052322387695,123.04335430145264,0.04869637553264594,62.75687923318477,1.629900979732227,1.3385446996687624,0.2913562800634646,130.30418329972917,124.0893711090088,117.87455891828841,0.7231017464802368,26322100,bear,hold
2023-04-20,126.34154510498047,126.53097428363392,125.74488943675766,126.25631064543684,6672000,124.44926490783692,122.6216618347168,123.07179336547851,0.06041341541030043,59.667556447579045,1.5372134709822234,1.3782784539314548,0.15893501705076862,130.2997572209375,124.44926490783692,118.59877259473635,0.6617197404828912,19650100,bear,hold
2023-04-21,127.19393157958984,127.62011832378286,126.6351530827275,127.03292834073547,6535900,124.8631435394287,122.66720657348633,123.10042358398438,0.06960835922896624,62.88711355050014,1.515073592061654,1.4056374815574948,0.10943611050415925,130.2415361965408,124.8631435394287,119.48475088231662,0.7166807249633423,26186000,bear,hold
2023-04-24,127.90424346923828,127.94212063244505,127.0045127160562,127.32651918327223,6299800,125.23014030456542,122.74884445190429,123.13003192901611,0.06087983595109803,65.36805064717981,1.5371247938814605,1.431934944022288,0.10518984985917257,130.382035268121,125.23014030456542,120.07824534100985,0.7595261727567643,32485800,bear,hold
2023-04-25,126.54044342041016,128.10313302708866,126.36049436662171,127.71483788363845,7752000,125.5043228149414,122.77981002807617,123.15099658966065,0.04529816181299284,57.42996351938273,1.4280911185473855,1.4311661789273076,-0.003075060379922112,130.3107072337208,125.5043228149414,120.69793839616202,0.6077858651318492,24733800,bear,hold
2023-04-26,124.74098205566406,125.50812111702011,123.9927743515979,125.4228722035445,10128800,125.72499542236328,122.75403060913087,123.16450790405274,0.03667865659538028,48.97849344532857,1.1828445561429533,1.3815018543704367,-0.19865729822748346,129.9277619449649,125.72499542236328,121.52222889976164,0.3829326633531283,14605000,bear,hold
2023-04-27,125.39446258544922,125.57441164231011,123.70864687078087,124.79780689073226,10008900,125.961767578125,122.75622756958008,123.1890538406372,0.039246490946359236,51.75513381139179,1.029349604428404,1.3110714043820304,-0.28172179995362634,129.4728970474313,125.961767578125,122.45063810881871,0.419213319013857,24613900,bear,hold
2023-04-28,126.46466064453125,126.82455871228738,125.04402863149323,125.24292347194167,7917300,126.21937522888183,122.79228118896485,123.2247995376587,0.042470089159119206,55.98017419471807,0.98273147199275,1.2454034179041744,-0.2626719459114244,129.0104395449432,126.21937522888183,123.42831091282045,0.5439411973127791,32531200,bear,hold
2023-05-01,127.1181411743164,127.6295622900631,126.39835956104689,126.64459721656718,6793900,126.44478149414063,122.8663102722168,123.26554401397705,0.03676800197128438,58.37715573294924,0.9871375760560142,1.1937502495345425,-0.2066126734785283,128.71257097425197,126.44478149414063,124.1769920140293,0.648461681756878,39325100,bear,hold
2023-05-02,126.56884002685547,127.71482286805816,125.65962918618574,126.9097922856796,14365800,126.57405891418458,122.90727722167969,123.28917724609374,0.02085400675341642,55.63479008366487,0.9355213258687343,1.142104464801381,-0.20658313893264668,128.54060668895735,126.57405891418458,124.60751113941181,0.4986730840216385,24959300,bear,hold
2023-05-03,126.39839935302734,127.76219424149842,126.2184502802058,127.15605836281595,8961500,126.69386672973633,122.97710067749023,123.32482566833497,0.019323491674450688,54.774961400383084,0.8708236250933368,1.0878482968597722,-0.21702467176643547,128.2728595669549,126.69386672973633,125.11487389251775,0.4064380250041365,15997800,bear,hold
2023-05-04,125.39446258544922,125.94377543481794,124.86409554507058,125.86800665027556,9625300,126.65645637512208,123.03514770507813,123.34530086517334,-0.005931435367561577,49.884509599828675,0.7301245034244062,1.016303538172699,-0.28617903474829287,128.31914901944006,126.65645637512208,124.9937637308041,0.12049697098692498,6372500,bear,hold
2023-05-05,126.5215072631836,126.95717418724318,125.80172544454041,126.21844655848814,7650300,126.6597713470459,123.10913116455077,123.37740043640137,0.0005242918786585449,54.76700358380019,0.7014763396178836,0.953338098461736,-0.2518617588438524,128.32110964193572,126.6597713470459,124.99843305215607,0.4583877394846085,14022800,bear,hold
2023-05-08,126.246826171875,126.36993777797048,125.65962181802153,126.33206061872922,5305700,126.6536148071289,123.20931945800781,123.39862815856934,-0.0009743676526602352,53.40149184709464,0.6491252827463683,0.8924955353186625,-0.24337025257229428,128.32010800755555,126.6536148071289,124.98712160670226,0.3779507065646111,8717100,bear,hold
2023-05-09,125.40391540527344,126.36046900539459,125.36602379554527,125.76379898920203,6452700,126.58400230407715,123.30000839233398,123.41816802978515,-0.010980222121978134,49.33630425853799,0.5334713134144664,0.8206906909378233,-0.2872193775233569,128.33503102047698,126.58400230407715,124.83297358767732,0.16303039814503903,2264400,bear,hold
2023-05-10,125.75434875488281,126.0668895421529,125.01562124003232,125.7638144327698,6556600,126.53001861572265,123.41563064575195,123.43627838134766,-0.008512493301257584,51.00615345076822,0.4647345811328023,0.7494994689768192,-0.2847648878440169,128.3131640365143,126.53001861572265,124.74687319493098,0.28249955057073806,8821000,bear,hold
2023-05-11,125.36603546142578,125.56493030246966,124.57995067768812,125.48916152737752,8764800,126.37422065734863,123.52744888305664,123.44931217193603,-0.02425210767065278,49.07591782757854,0.3746083363499366,0.6745212424514426,-0.299912906101506,127.98401718543685,126.37422065734863,124.7644241292604,0.18685943275074726,56200,bull,golden_cross
2023-05-12,125.1955795288086,125.82066114952757,124.63680101244664,125.55547763493485,6626800,126.26151695251465,123.62114074707031,123.45765682220458,-0.017685996254672487,48.21339614060448,0.2861299409824909,0.5968429821576523,-0.3107130411751614,127.86998334311679,126.26151695251465,124.65305056191252,0.16864790276810665,-6570600,bull,hold
2023-05-15,124.97776794433594,125.29977447098726,124.43792072193278,125.2145399994771,5725600,126.14313354492188,123.68349502563477,123.46098197937012,-0.018592485325245822,47.07486679427174,0.19617323769128348,0.5167090332643786,-0.3205357955730951,127.76354453171436,126.14313354492188,124.5227225581294,0.14041048533843709,-12296200,bull,hold
2023-05-16,123.9359359741211,124.75989790778029,123.90752449029947,124.71254061760557,7106000,126.01622352600097,123.72614486694336,123.46115692138672,-0.020068928332848124,41.96965992740094,0.040349643611918395,0.42143715533388654,-0.38108751172196814,127.89072047347449,126.01622352600097,124.14172657852745,-0.05489222179948826,-19402200,bull,hold
2023-05-17,124.08748626708984,124.24848950908765,122.70473128961247,124.14430924056937,15512700,125.87747573852539,123.81107162475585,123.46667488098144,-0.021873737454530362,42.9390685646066,-0.07010471178168132,0.323128781910773,-0.3932334936924543,127.8868346780844,125.87747573852539,123.86811679896638,0.05458692914557248,-3889500,bull,hold
2023-05-18,123.7844009399414,123.98329578214795,122.82784724521694,123.82229255341707,12196900,125.74961853027344,123.90276687622071,123.47287658691407,-0.020239931076624584,41.447832466081756,-0.18002185721265107,0.2224986540860882,-0.4025205112987393,127.94170745007001,125.74961853027344,123.55752961047686,0.051747747870920596,-16086400,bull,hold
2023-05-19,124.36211395263672,125.19555595667278,124.01169604249199,124.06851900614627,9277000,125.60802764892578,124.0301676940918,123.47635204315185,-0.02226377934690349,45.34421716390493,-0.21800237917615561,0.13439844743363943,-0.35240082660979505,127.77433503138083,125.60802764892578,123.44172026647074,0.21243376946878859,-6809400,bull,hold
2023-05-22,124.48526000976562,125.35657931243163,124.19166501610196,124.5420829825499,12856100,125.43707847595215,124.17738998413085,123.48348461151123,-0.026730805536525737,46.16658073198376,-0.23545122368798843,0.06042851320931387,-0.2958797368973023,127.3796523386241,125.43707847595215,123.4945046132802,0.2550109973997779,6046700,bull,hold
2023-05-23,123.1214370727539,124.16323962855117,122.84678791790681,123.98329060060294,8723100,125.26612815856933,124.27544906616211,123.48403205871583,-0.027019079870750473,39.14237697934314,-0.355233758110586,-0.022703941054666096,-0.3325298170559199,127.38406426463878,125.26612815856933,123.14819205249988,-0.0063162858570900374,-2676400,bull,hold
2023-05-24,122.27852630615234,122.91307350109585,121.99439702969912,122.88466201859205,7952900,125.14300537109375,124.33551712036133,123.47891448974609,-0.019740551252136807,35.54296664826758,-0.5122729700724449,-0.12061774685822185,-0.391655223214223,127.62393538744719,125.14300537109375,122.66207535474031,-0.07729944941206365,-10629300,bull,hold
2023-05-25,121.02838897705078,121.85235822401897,120.19495405160768,121.69135498144055,13737000,124.92470169067383,124.3726577758789,123.46941776275635,-0.03481871143570803,30.991169179501583,-0.7291975758390379,-0.24233371265438508,-0.4868638631846528,127.98047577041193,124.92470169067383,121.86892761093573,-0.13753284960728943,-24366300,bull,hold
2023-05-26,120.78214263916016,122.05123720803216,120.55484352136537,120.91473439334952,8794900,124.64057579040528,124.38260925292968,123.45199886322021,-0.04493364372631814,30.171528860187138,-0.9104863899227666,-0.3759642481080614,-0.5345221418147053,128.10073611916582,124.64057579040528,121.18041546164474,-0.057551209285618694,-33161200,bull,hold
2023-05-30,120.03392791748047,121.10414195358699,119.73086005453611,120.17599255885924,12114500,124.28636512756347,124.40853988647461,123.43486278533936,-0.055729364757791666,27.768398459740652,-1.1018325167614194,-0.521137901838733,-0.5806946149226864,128.0925999606707,124.28636512756347,120.48013029445625,-0.058614667320922804,-45275700,bull,hold
2023-05-31,121.0662612915039,121.27462180850753,119.38044580041344,119.70245225344958,15099100,124.0112361907959,124.42501922607421,123.41498073577881,-0.04347498747862444,35.4121923072766,-1.156839697219894,-0.6482782609149652,-0.5085614363049288,127.91207139459432,124.0112361907959,120.11040098699748,0.12251995464659275,-30176600,bull,hold
2023-06-01,121.86180877685547,122.09858077209722,120.24228919648682,121.17990427444596,9751900,123.7844066619873,124.44282409667969,123.39594161987304,-0.035891202731937244,40.62659425916705,-1.123290655189578,-0.7432807397698878,-0.3800099154196902,127.63083445873221,123.7844066619873,119.9379788652424,0.25008007601769333,-20424700,bull,hold
2023-06-02,123.42453002929688,123.64235624925428,121.96600624004323,122.25013556470205,10293000,123.68591003417968,124.52844131469726,123.3864005279541,-0.015709884755157666,49.287598203492045,-0.9595432356811529,-0.7865332389521409,-0.17300999672901196,127.46263436561168,123.68591003417968,119.90918570274769,0.46539593812719393,-10131700,bull,hold
2023-06-05,123.86962890625,124.42842179013071,123.5476224656513,123.69916000878557,7880200,123.55331611633301,124.62750671386719,123.38273468017579,-0.020959901713921925,51.45949999731874,-0.7848096691221116,-0.7861885249861351,0.0013788558640235316,127.10182992963497,123.55331611633301,120.00480230303104,0.5445697560386071,-2251500,bull,hold
2023-06-06,122.83732604980469,124.40949579447917,122.29749333712599,124.37161862837206,9413500,123.38284111022949,124.67296707153321,123.37666782379151,-0.02700662048666913,46.48681333327593,-0.7213153970430284,-0.7732138993975138,0.051898502354485454,126.71859176691582,123.38284111022949,120.04709045354316,0.41823203881690774,-11665000,bull,hold
2023-06-07,122.35430145263672,122.90361422869408,122.17435241979184,122.73313087337198,7519600,123.23036041259766,124.69891723632813,123.36650146484375,-0.024318331232171975,44.32830628227703,-0.7018809306919849,-0.7589473056564081,0.05706637496442324,126.4597351965478,123.23036041259766,120.00098562864753,0.36436090287276013,-19184600,bull,hold
2023-06-08,123.140380859375,123.31084975584693,121.96598658404515,122.37324192242048,6583100,123.09966201782227,124.75517425537109,123.36840698242187,-0.020786302194629402,48.51780985406641,-0.6159486647148498,-0.7303475774680965,0.11439891275324676,126.1143011417021,123.09966201782227,120.08502289394244,0.5067535183946539,-12601500,bull,hold
2023-06-09,123.51921081542969,123.94539750992898,122.49635407778209,123.1687928923949,10446100,123.00732078552247,124.81237808227539,123.38076919555664,-0.014731459276020153,50.45293322396233,-0.5113834038256755,-0.6865547427396124,0.17517133891393688,125.84666154633948,123.00732078552247,120.16798002470546,0.5901424085779557,-2155400,bull,hold
2023-06-12,123.96434020996094,123.99275169212139,122.9698949800995,123.45291907965756,7321100,122.94575881958008,124.86541473388672,123.39460845947265,-0.009834527093381396,52.7025869488674,-0.3881224254589881,-0.6268682792834875,0.23874585382449942,125.6424565081746,122.94575881958008,120.24906113098555,0.6888571705105972,5165700,bull,hold
2023-06-13,124.58943176269531,124.77884647617094,123.56657496822733,123.68970103512383,8362700,122.92634201049805,124.90500305175782,123.4048821258545,-0.0031072420961589797,55.74161905157732,-0.23726253306799094,-0.5489471300403883,0.31168459697239737,125.56929307057067,122.92634201049805,120.28339095042543,0.8146274210903417,13528400,bull,hold
2023-06-14,123.31085205078125,124.05905964744072,122.83730806099223,123.95487939163051,12401600,122.89508781433105,124.89155426025391,123.42584144592286,-0.0050436051370150725,48.830366734977524,-0.2183585769249845,-0.4828294194173076,0.2644708424923231,125.50410996961561,122.89508781433105,120.28606565904649,0.579678172837297,1126800,bull,hold
2023-06-15,125.22398376464844,125.39445267783626,123.30139616947358,123.32034197696673,10598600,122.95191268920898,124.91598907470703,123.46053070068359,0.009158840522503375,57.351259916368676,-0.04844487255087415,-0.39595251004402093,0.3475076374931468,125.7077190678573,122.95191268920898,120.19610631056067,0.9122334379227822,11725400,bull,hold
2023-06-16,125.21451568603516,126.19948088554293,125.0819239389588,125.54598782801779,10535000,123.02341842651367,124.89742599487305,123.49910312652588,0.011553271132988874,57.30040508993485,0.0844751901041434,-0.29986697001438806,0.38434216011853145,125.93190319378625,123.02341842651367,120.11493365924109,0.8766733256052386,1190400,bull,hold
2023-06-20,125.07376861572266,125.6253426155512,123.99914905477179,124.01817285087753,8585100,123.05900115966797,124.86979721069336,123.54071506500244,0.005722439418784475,56.49838100911902,0.17642447358267077,-0.2046086812949763,0.3810331548776471,126.048413335198,123.05900115966797,120.06958898413794,0.8369838847494254,-7394700,bull,hold
2023-06-21,125.09278106689453,125.52073668012873,124.18934662622084,124.76944907943744,9444800,123.08937721252441,124.84425369262695,123.57282997131348,0.004880264997488393,56.58677752975197,0.24797063795611507,-0.11409281744475804,0.3620634554008731,126.14769433433666,123.08937721252441,120.03106009071216,0.8275337014728827,2050100,bull,hold
2023-06-22,125.94866180419922,126.12935157159208,125.12130814393007,125.28297411714914,8036400,123.23073844909668,124.82730361938476,123.6177400970459,0.022962895809725437,60.47997787875753,0.36947483537892367,-0.017379286880021702,0.3868541222589454,126.53350512705913,123.23073844909668,119.92797177113422,0.9114616047869429,10086500,bull,hold
2023-06-23,125.53023529052734,126.04376168646338,125.18787952293518,125.77748659065885,8096500,123.39332389831543,124.80122787475585,123.65999671936035,0.026592641264203687,57.75319012176986,0.42708113898842726,0.07151279829366809,0.3555683406947592,126.81073917416123,123.39332389831543,119.97590862246963,0.8126502370542363,1990000,bull,hold
2023-06-26,124.8170166015625,125.4161429247402,123.60925931120202,125.21642931337867,7092800,123.58275527954102,124.72792831420898,123.68914184570312,0.03130362765739303,53.33879583615041,0.41045232316405134,0.13930070326774474,0.2711516198963066,126.87243412725616,123.58275527954102,120.29307643182588,0.6875960206387234,-5102800,bull,hold
2023-06-27,124.53169250488281,124.95012893108799,123.66629121531338,124.81699138737761,8578200,123.77023277282714,124.66956909179687,123.70651973724365,0.0310439091722734,51.63833060757674,0.3699856327042568,0.18543768915504716,0.18454794354920961,126.81864314847944,123.77023277282714,120.72182239717485,0.6248945578550482,-13681000,bull,hold
2023-06-28,124.1323013305664,124.53171403073777,123.73288863039502,124.50318558864743,10897800,123.97515144348145,124.60530639648438,123.7165665435791,0.03414345830541721,49.27047094931519,0.30220433558710624,0.20879101844145898,0.09341331714564727,126.49686972785359,123.97515144348145,121.45343315910931,0.5311592869153666,-24578800,bull,hold
2023-06-29,124.94064331054688,125.01672399152196,123.63778160134451,123.84699984629945,7843300,124.16887054443359,124.57463653564453,123.72658443450928,0.032002161276907914,53.879979354602895,0.3101385275810884,0.2290605202693849,0.0810780073117035,126.3375247979423,124.16887054443359,122.00021629092488,0.6779381763747314,-16735500,bull,hold
2023-06-30,126.22444915771484,126.51925268618068,125.3685670098525,125.44464768024758,8260900,124.38700256347656,124.5618766784668,123.76332828521728,0.03579989846407039,60.083461697169604,0.41523229512732485,0.2662948752409729,0.14893741988635195,126.45903269055627,124.38700256347656,122.31497243639684,0.9433928276969493,-8474600,bull,hold
2023-07-03,125.1878662109375,125.86307303193861,124.6553160759578,125.86307303193861,5240300,124.4751693725586,124.53880310058594,123.79456161499023,0.014286756297326564,53.79197942988864,0.4101483475060661,0.29506556969399156,0.11508277781207454,126.525832958617,124.4751693725586,122.42450578650019,0.6737722469995147,-13714900,bull,hold
2023-07-05,125.12132263183594,125.38759773748819,124.63631014511544,124.92160904714427,7942100,124.53775405883789,124.49735092163085,123.82214019775391,0.010104928356032161,53.405372390307896,0.3961828227176909,0.31528902029873146,0.08089380241895944,126.58707607525862,124.53775405883789,122.48843204241716,0.6423808870255748,-21657000,bull,hold
2023-07-06,124.12278747558594,124.58876166908566,123.80896012497499,124.28445347240272,8213100,124.60202713012696,124.42172180175781,123.84641056060791,0.01046474607612402,47.84813287906298,0.30107104214027913,0.31244542466704106,-0.011374382526761928,126.5097338650517,124.60202713012696,122.69432039520221,0.374393782396558,-29870100,bull,hold
2023-07-07,122.6772689819336,123.87550685038997,122.61069295601197,123.43806114911857,8749700,124.6181755065918,124.34445831298828,123.86666645050049,0.002639609114371,41.16940520596966,0.10781023971972559,0.27151838767757797,-0.16370814795785238,126.45360094713276,124.6181755065918,122.78275006605084,-0.028734777721658722,-38619800,bull,hold
2023-07-10,123.64728546142578,123.79943229365024,122.67727503761006,122.68677967996648,7476500,124.64352073669434,124.32258438110351,123.89872512817382,0.004116477458598,46.55998472641229,0.03254670638993673,0.22372405142004975,-0.19117734503011302,126.40929736954492,124.64352073669434,122.87774410384377,0.21790450254733182,-31143300,bull,hold
2023-07-11,123.67583465576172,124.07524736532952,123.13376522147962,123.47612104552442,7278300,124.65135192871094,124.28821182250977,123.9406506729126,0.0012680119901840037,46.71473761142704,-0.024513923381690006,0.1740764564597018,-0.1985903798413918,126.39840387907843,124.65135192871094,122.90429997834345,0.22081045651103312,-23865000,bull,hold
2023-07-12,123.34296417236328,124.10375638572101,123.1432651042859,123.98964263253394,11900400,124.62028312683105,124.22577789306641,123.97785839080811,-0.005012538577991221,45.07572966413747,-0.09549395480283351,0.12016237420719474,-0.21565632901002824,126.43585689821407,124.62028312683105,122.80470935544804,0.14823270345694226,-35765400,bull,hold
2023-07-13,123.39051818847656,123.97062062706281,123.2668852801354,123.65679329036159,7526200,124.56033744812012,124.15122543334961,124.01826332092286,-0.00962291550139105,45.37061289146242,-0.14622335756759242,0.0668852278522373,-0.21310858541982972,126.45353796078034,124.56033744812012,122.66713693545991,0.1910471839034634,-28239200,bull,hold
2023-07-14,125.24494171142578,125.644354372074,124.18934592581795,124.32248347936736,13298600,124.65704193115235,124.12474746704102,124.07343685150147,0.01568466707089211,55.42175006543311,-0.03637103189085167,0.04623397590361951,-0.08260500779447118,126.48140346352947,124.65704193115235,122.83268039877522,0.6611248017018327,-14940600,bull,hold
2023-07-17,124.67436218261719,125.17838397277812,124.20837347566037,124.91210885763293,7905000,124.62956085205079,124.09026672363281,124.1274955368042,-0.004389107944882453,52.23711275826146,0.004593774040827725,0.03790593553106115,-0.03331216149023342,126.43539848364773,124.62956085205079,122.82372322045384,0.5124045843830327,-22845600,bear,death_cross
2023-07-18,125.59681701660156,126.07231035366284,124.49366899200217,124.72189650681234,8130300,124.6486759185791,124.09431381225586,124.17371757507324,0.0030531710199239726,56.58095112658515,0.11022249736451784,0.05236924789775249,0.057853249466765344,126.48668312058624,124.6486759185791,122.81066871657197,0.7579263827114158,-14715300,bear,hold
2023-07-19,126.1769027709961,126.96622343814934,125.95817990279129,126.21495036340856,12484000,124.70383262634277,124.0874217224121,124.22772567749024,0.008819868206439985,59.100008590810496,0.23799859436623194,0.08949511719144838,0.14850347717478357,126.65243626157532,124.70383262634277,122.75522899111023,0.8779809598060012,-2231300,bear,hold
2023-07-20,128.26905822753906,128.7920891712437,126.92816383779399,127.02326828805035,12650200,124.862646484375,124.12786636352538,124.30013374328614,0.025391370577539485,66.62159972444844,0.5022914293554379,0.1720543796242463,0.3302370497311916,127.35424823843456,124.862646484375,122.37104473031545,1.1835786934276316,10418900,bear,hold
2023-07-21,129.56243896484375,129.96185165520842,128.17399193660893,128.3927148242335,11308900,125.04333534240723,124.2110368347168,124.36731147766113,0.028692461744949105,70.26249474888746,0.8068100178145414,0.29900550726230535,0.5078045105522361,128.24633541485184,125.04333534240723,121.84033526996262,1.205448567003532,21727800,bear,hold
2023-07-24,129.2771453857422,130.14254683943702,129.16303161546392,129.5624443223446,12034000,125.23068084716797,124.28149276733399,124.41958026885986,0.029848666232027643,68.48786977319276,1.0134400791824731,0.4418924216463389,0.5715476575361342,128.9261417515988,125.23068084716797,121.53521994273714,1.0474911848915154,9693800,bear,hold
2023-07-25,129.22007751464844,129.7431085912283,128.24056237395115,128.4117330148161,7802900,125.45083389282226,124.35857360839844,124.46959064483643,0.035276126869313584,68.1172534785339,1.1592281309455075,0.5853595635061727,0.5738685674393348,129.52654185274966,125.45083389282226,121.37512593289486,0.9624035454558574,1890900,bear,hold
2023-07-26,129.1344757080078,129.55291217159547,128.26908885203,128.60192548558908,8205300,125.68097305297852,124.43735153198242,124.52678337097169,0.03696073754835161,67.52696537977862,1.2534103278831878,0.7189697163815758,0.534440611501612,130.0334916880653,125.68097305297852,121.32845441789172,0.8967246259659528,-6314400,bear,hold
2023-07-27,128.1834716796875,129.79064128334448,128.15494324383943,129.3246671572237,8800800,125.88353157043457,124.50146560668945,124.59166996002197,0.03263590786360071,61.18351653019902,1.2370523508272129,0.8225862432707033,0.4144661075565096,130.30542276215087,125.88353157043457,121.46164037871829,0.7600629469989554,-15115200,bear,hold
2023-07-28,128.5638885498047,128.78261141797742,127.83162476047272,128.573393192454,6897600,126.06469383239747,124.59402465820312,124.66207580566406,0.02899973253901078,62.6932414389674,1.2404854541593409,0.9061660854484308,0.33431936871091006,130.61231933412745,126.06469383239747,121.5170683306675,0.7747801810479434,-8217600,bear,hold
2023-07-31,127.5748519897461,128.3831964383494,127.09935866960406,128.33564420415425,9735900,126.13221397399903,124.66377197265625,124.7244829940796,0.010698425234115794,56.53653966924276,1.1501411177435727,0.9549610919074593,0.1951800258361135,130.72717567189653,126.13221397399903,121.53725227610154,0.6569804179659606,-17953500,bear,hold
2023-08-01,126.90919494628906,127.74606803568938,126.59536753776393,127.28007924529001,10555300,126.2182804107666,124.72626785278321,124.78638046264649,0.013749964652733926,52.77974427233718,1.0131506499312763,0.9665990035122227,0.04655164641905363,130.80373836234938,126.2182804107666,121.63282245918381,0.5753375718213686,-28508800,bear,hold
2023-08-02,126.99471282958984,127.80305704440549,126.6523571576668,126.9376559694194,13873000,126.3119499206543,124.77891983032227,124.83536411285401,0.014972589470351627,53.20990753469987,0.9010979988894547,0.9534988025876692,-0.052400803698214427,130.88045458890758,126.3119499206543,121.74344525240102,0.5747249875522827,-14635800,bear,hold
2023-08-03,126.35760498046875,126.73800838746845,126.11035364909861,126.5763423810834,11863400,126.42369079589844,124.81636672973633,124.88510829925536,0.01800489298004515,49.585785012341226,0.7522151190961495,0.9132420658893653,-0.16102694679321583,130.8805081856698,126.42369079589844,121.96687340612708,0.4925859857326256,-26499200,bear,hold
2023-08-04,125.91063690185547,127.17545099059068,125.59682405141449,126.39564941980329,12631200,126.58535919189453,124.87215072631835,124.92326919555664,0.026356699547966267,47.15904311844329,0.5913411629117746,0.8488618852938472,-0.2575207223820726,130.70897218812985,126.58535919189453,122.46174619565922,0.41818797124571866,-39130400,bear,hold
2023-08-07,127.3656234741211,127.48925637085527,126.22444250019316,126.29101852486646,8165600,126.77127609252929,124.97389266967774,124.96541664123535,0.030072136228622037,54.89719283487637,0.5746286883279623,0.7940152459006703,-0.21938655757270797,130.67783862087103,126.77127609252929,122.86471356418755,0.5760703786615303,-30964800,bull,golden_cross
2023-08-08,128.34515380859375,128.50681978410546,127.47023339503092,128.1739686804085,12601200,127.0047420501709,125.12022796630859,125.02077667236328,0.037754498814005055,59.226226369141756,0.6331255661096549,0.7618373099424673,-0.12871174383281248,130.69557827651133,127.0047420501709,123.31390582383047,0.6815864584909949,-18363600,bull,hold
2023-08-09,128.30709838867188,129.0013144790055,128.14543242302722,128.23101772644452,9833600,127.25294876098633,125.27072708129883,125.08092594146729,0.040246594117614665,58.98933774279597,0.6687055871003196,0.7432109653740379,-0.07450537827371828,130.5745972561914,127.25294876098633,123.93130026578127,0.658678684575934,-28197200,bull,hold
2023-08-10,128.22149658203125,129.83817054130054,128.08835906799496,128.62090912414007,9541700,127.49449768066407,125.43447845458985,125.12758769989014,0.03915194185484716,58.42327168262406,0.6821324612829187,0.7309952645558141,-0.04886280327289538,130.32361559869904,127.49449768066407,124.66537976262909,0.628485083059412,-37738900,bull,hold
2023-08-11,129.02035522460938,129.17251656905697,127.87917416306135,128.18348234105207,7674400,127.68326835632324,125.59356033325196,125.1667813873291,0.030144239452659427,62.08031425682388,0.7486051181127493,0.7345172352672013,0.014087882845548072,130.3878789677287,127.68326835632324,124.97865774491778,0.7471865751482992,-30064500,bull,hold
2023-08-14,129.41026306152344,129.81918034943223,128.9252651014888,129.0393788542253,8723300,127.92006340026856,125.74452941894532,125.20332077026367,0.03798616488584328,63.755999857705866,0.8232574816151583,0.7522652845367926,0.07099219707836568,130.34419826819635,127.92006340026856,125.49592853234078,0.8073673170933623,-21341200,bull,hold
2023-08-15,128.9347686767578,129.46731886632637,128.79211197611343,129.08693001975007,9118500,128.08696098327636,125.85473419189454,125.23071823120117,0.02657672176290138,60.25883084879705,0.8344327729634955,0.7686987822221333,0.06573399074136221,130.2986212765471,128.08696098327636,125.87530069000562,0.6916677023277537,-30459700,bull,hold
2023-08-16,127.95527648925781,129.14400998597907,127.92674804620906,128.72557347338807,9462400,128.17587966918944,125.93644714355469,125.25645957946777,0.014094288884942463,53.72172151723505,0.755543008800899,0.7660676275378865,-0.010524618736987512,130.20900996711563,128.17587966918944,126.14274937126325,0.44574789914924634,-39922100,bull,hold
2023-08-17,126.93769836425781,127.9457419263379,126.88064148503143,127.49879153542945,11163800,128.10931167602538,126.01845458984376,125.26701293945312,-0.010379431186900323,47.90716032170311,0.6039502889151009,0.7336441598133294,-0.12969387089822848,130.21187576720527,128.10931167602538,126.00674758484548,0.22138463776623982,-51085900,bull,hold
2023-08-18,126.98521423339844,127.31806528143439,126.57629704211527,126.69041076788712,9463000,127.98045043945312,126.11107284545898,125.27832061767577,-0.019891758383343117,48.18915654082701,0.482088879261795,0.6833331037030226,-0.20124422444122758,130.02611857308523,127.98045043945312,125.93478230582102,0.2567454393769061,-41622900,bull,hold
2023-08-21,127.1183853149414,127.27054666341479,126.5382828709284,126.93769552749238,6872400,127.87251243591308,126.19063293457032,125.28991825103759,-0.01669869847728611,49.022076609361875,0.391742859636409,0.6250150548896999,-0.2332721952532909,129.86009975765737,127.87251243591308,125.8849251141688,0.3102908202518972,-34750500,bull,hold
2023-08-22,126.6714096069336,127.232488206752,126.60484809197557,126.92818004669428,6939400,127.74507904052734,126.25367691040039,125.30989776611328,-0.019723466791961353,46.32990493653736,0.28083845319839895,0.5561797345514397,-0.2753412813530407,129.69722902282678,127.74507904052734,125.79292905822791,0.22500334417720352,-41689900,bull,hold
2023-08-23,127.05182647705078,127.717514252047,126.68094225163108,127.43221534536143,7276800,127.6409465789795,126.31542663574218,125.33436325073242,-0.01612775534603328,48.90193494517813,0.22109374317000174,0.48916253627515205,-0.2680687931051503,129.50576573338344,127.6409465789795,125.77612742457555,0.3420436371705398,-34413100,bull,hold
2023-08-24,125.94866180419922,127.80308268630418,125.94866180419922,126.80454390027742,10241700,127.52920608520508,126.34261123657227,125.34960163116455,-0.017434462073805834,42.535956917817145,0.08376388257076428,0.4080828055342745,-0.3243189229635102,129.5145286236474,127.52920608520508,125.54388354676274,0.10194269434780649,-44654800,bull,hold
2023-08-25,126.87113952636719,127.31810443763736,125.92965746649703,126.35759858065418,8509100,127.4445686340332,126.41381698608399,125.36287567138672,-0.013166597887879994,48.56561725769494,0.04880265472355916,0.33622677537213147,-0.2874241206485723,129.3901658039905,127.4445686340332,125.49897146407592,0.35263416381341384,-36145700,bull,hold
2023-08-28,127.16590881347656,127.72698733441264,126.69992023066942,127.3180701275648,6768400,127.42412147521972,126.45265548706055,125.3745231628418,-0.003205515584704721,50.358104419238565,0.044369582820962705,0.27785533686189773,-0.23348575404093502,129.37240572324285,127.42412147521972,125.4758372271966,0.43373331894327843,-29377300,bull,hold
2023-08-29,128.30709838867188,128.30709838867188,127.16591747706663,127.33708808390125,10737000,127.49401664733887,126.51450714111328,125.3985941696167,0.011014989441658907,56.655953169593474,0.1314258078949706,0.24856943106851231,-0.11714362317354171,129.4635774995725,127.49401664733887,125.52445579510523,0.7064119370597048,-18640300,bull,hold
2023-08-30,128.21205139160156,129.0108768462197,128.09792310457937,128.6209687632844,7892700,127.55488357543945,126.57727279663087,125.40649967193603,0.009585742074516235,56.01851110467722,0.19055242540434847,0.23696602993567956,-0.04641360453133109,129.53417757513117,127.55488357543945,125.57558957574774,0.666010662454508,-26533000,bull,hold
2023-08-31,126.68096160888672,128.2976363125978,126.65241865404205,128.23106026947258,7540200,127.57105140686035,126.6090364074707,125.41450088500977,0.002559059492049931,46.87023539285167,0.11256694448539406,0.21208621284562248,-0.09951926836022842,129.51594519729053,127.57105140686035,125.62615761643018,0.27117264645676004,-34073200,bull,hold
2023-09-01,127.0232925415039,127.66045184935386,126.69044141295481,127.66045184935386,10183900,127.62668418884277,126.63052902221679,125.42365005493164,0.008836867694631101,48.88037183787487,0.07749284500570752,0.1851675392776395,-0.10767469427193196,129.43744218469936,127.62668418884277,125.81592619298617,0.33338699905797753,-23889300,bull,hold
2023-09-05,125.71092987060547,127.18496210708356,125.71092987060547,127.08985763599274,11042600,127.543949508667,126.63414291381837,125.42703598022462,-0.012991681415918555,42.27675718702728,-0.05555987158145115,0.13702205710582135,-0.1925819286872725,129.53690128745097,127.543949508667,125.55099772988301,0.04012443813870017,-34931900,bull,hold
2023-09-06,125.02622985839844,125.68241304118621,124.41759891554864,125.55878011952872,12840000,127.37800331115723,126.63832717895508,125.42728034973145,-0.02585936322258775,39.29408482486094,-0.21379023601718927,0.06685959848121924,-0.2806498344984085,129.61431746889804,127.37800331115723,125.14168915341642,-0.025814641162631907,-47771900,bull,hold
2023-09-07,125.58728790283203,126.129357229326,125.31150817400619,125.40659812733404,11055700,127.24201278686523,126.65943908691406,125.43061191558837,-0.02119766185968064,42.85201133758891,-0.2905667717197957,-0.004625675558983751,-0.285941096160812,129.56490239324634,127.24201278686523,124.9191231804841,0.1438218847147182,-36716200,bull,hold
2023-09-08,125.58728790283203,125.96769124885515,125.29248437897907,125.3210128160678,8716900,127.11030235290528,126.68853881835938,125.42638008117676,-0.02054420475051899,42.85201133758892,-0.3474080259401404,-0.07318214563521508,-0.27422588030492534,129.4940327816969,127.11030235290528,124.72657192411368,0.180539705396695,-27999300,bull,hold
2023-09-11,126.45269012451172,126.69994141807553,125.51120816091566,125.53023195608334,7179000,126.98191909790039,126.71877975463867,125.4261935043335,-0.019901240355660543,48.275083010305465,-0.31894777123869744,-0.12233527075591155,-0.1966125004827859,129.2119576828872,126.98191909790039,124.75188051291357,0.38134084832621895,-20820300,bull,hold
2023-09-12,126.291015625,126.6238522080138,125.38758131267248,126.07229278348773,6941700,126.82595672607422,126.72011108398438,125.4197021484375,-0.024103555334251237,47.370679556806714,-0.30591222952496366,-0.159050662509722,-0.14686156701524167,128.77323012379415,126.82595672607422,124.8786833283543,0.3626435554194418,-27762000,bull,hold
2023-09-13,126.31005096435547,126.8140727165951,125.94867140203105,125.98670448237367,6430300,126.6947208404541,126.74255477905274,125.41076930999756,-0.020356942811776135,47.495400765934825,-0.2906945304043802,-0.18537943608865365,-0.10531509431572655,128.39377835481184,126.6947208404541,124.99566332609635,0.3867990421607257,-21331700,bull,hold
2023-09-14,126.70948791503906,127.09938147923954,126.32908448411436,127.02331530396175,6433300,126.63243141174317,126.7743180847168,125.40002857208252,-0.009736125061816758,50.16426052992475,-0.2435951571880821,-0.19702258030853936,-0.04657257687954275,128.23040514429675,126.63243141174317,125.0344576791896,0.5241106914732412,-14898400,bull,hold
2023-09-15,125.71092987060547,127.00427231855397,125.6253445531667,126.40514607467266,9611900,126.57109298706055,126.80608093261719,125.389133644104,-0.00966433541383449,44.12574463097039,-0.2835749776465235,-0.2143330597761362,-0.0692419178703873,128.21111307113432,126.57109298706055,124.93107290298677,0.23775835893471206,-24510300,bull,hold
2023-09-18,125.51993560791016,126.03558292141297,125.04249194673862,125.91144290697262,6559400,126.49782905578613,126.86293426513672,125.37888088226319,-0.011538970378040303,43.058110479841325,-0.3269025846862519,-0.23684696475815936,-0.09005561992809252,128.18746882433948,126.49782905578613,124.80818928723276,0.21062072931876435,-31069700,bull,hold
2023-09-19,125.6249771118164,125.89234440349517,124.7846715834405,125.30986253867543,6252400,126.42315864562988,126.90248809814453,125.35393272399902,-0.011748168444910778,43.862577366568516,-0.3487439507483856,-0.25922636195620463,-0.08951758879218097,128.12842576720598,126.42315864562988,124.71789152405377,0.26596583499606097,-24817300,bull,hold
2023-09-20,125.63453674316406,126.53211862093663,125.61543491627641,126.17881496085141,6350700,126.3713150024414,126.94166213989257,125.3271533203125,-0.008185531896952813,43.94020077938165,-0.3611192504246361,-0.2796049396498909,-0.08151431077474519,128.10603229803294,126.3713150024414,124.63659770684987,0.2876373685932199,-18466600,bull,hold
2023-09-21,124.5363998413086,125.60586895411822,124.47910893461149,125.3958071530368,7979500,126.2455436706543,126.96553085327149,125.29319217681885,-0.019798429550294983,37.52183634076663,-0.4543003434765325,-0.3145440204152192,-0.13975632306131325,128.1235037182385,126.2455436706543,124.3675836230701,0.044946701197305615,-26446100,bull,hold
2023-09-22,124.27857971191406,125.01384703301484,124.13535244111326,124.37407427273078,7790300,126.16203956604004,126.98329208374024,125.26423679351807,-0.013260022523156945,36.1854223858889,-0.5426951093979397,-0.36017423821176336,-0.18252087118617638,128.2248056392639,126.16203956604004,124.09927349281617,0.04346256742958267,-34236400,bull,hold
2023-09-25,124.9565658569336,124.99475494198006,123.8107038900089,124.15446393712885,6826300,126.06631088256836,126.97752456665039,125.24360397338867,-0.015090694988482367,42.032393715594765,-0.5516813433872443,-0.39847565924685957,-0.1532056841403847,128.16593388954098,126.06631088256836,123.96668787559574,0.235727551577254,-27410100,bull,hold
2023-09-26,123.89664459228516,124.78468291232136,123.80115002069105,124.38363193839282,8200700,125.9028476715088,126.96197021484375,125.2123630142212,-0.025708652984870906,36.41506740059142,-0.6369869969019817,-0.44617792677788404,-0.19080907012409765,128.13918466003176,125.9028476715088,123.66651068298583,0.05145331640096932,-35610800,bull,hold
2023-09-27,123.27596282958984,124.24993743680389,122.36880818989341,124.12581198907543,9888600,125.65129089355469,126.91555313110352,125.17214660644531,-0.039211669675839445,33.58455422516511,-0.7460758746353378,-0.5061575163493748,-0.23991835828596297,127.88111159675987,125.65129089355469,123.42147019034951,-0.032627592108753746,-45499400,bull,hold
2023-09-28,123.86798858642578,124.2212922444703,123.48603947342764,123.48603947342764,9129000,125.4340877532959,126.8693748474121,125.14329921722413,-0.03388186023096684,38.495312729974486,-0.7758149535148959,-0.5600890037824791,-0.21572594973241688,127.46088969476435,125.4340877532959,123.40728581182745,0.11365263797422295,-36370400,bull,hold
2023-09-29,122.93219757080078,124.24993215109883,122.74120845240554,124.13535033640093,12692700,125.2466495513916,126.76263763427734,125.10286727905273,-0.029592165945659832,34.19178846105389,-0.8649236011368941,-0.6210559232533621,-0.24386767788353203,127.46212823702814,125.2466495513916,123.03117086575506,-0.022336774349476635,-49063100,bull,hold
2023-10-02,122.76030731201172,122.79851096293726,121.32797638120184,122.54068731567284,16035100,125.03350028991699,126.6265950012207,125.05955562591552,-0.03356065761009375,33.45201997044856,-0.9385934328679326,-0.6845634251762762,-0.2540300076916564,127.34254833169594,125.03350028991699,122.72445224813804,0.007764035919767894,-65098200,bull,hold
2023-10-03,121.6717529296875,122.41656394933793,121.15611285026502,122.15874755223311,11971100,124.8315414428711,126.47448715209961,125.00976787567139,-0.032130674278485594,29.150658595839047,-1.0724519875677885,-0.7621411376545787,-0.3103108499132098,127.54023859299448,124.8315414428711,122.12284429274771,-0.08326722000642761,-77069300,bull,hold
2023-10-04,122.18739318847656,122.35927321520303,121.20386031312451,121.7767913071418,10064300,124.689599609375,126.33383346557618,124.97463153839111,-0.022705928773002815,33.511888220754074,-1.123971552656343,-0.8345072206549317,-0.2894643320014113,127.63020730118245,124.689599609375,121.74899191756754,0.07454263146532825,-67005000,bull,hold
2023-10-05,122.85580444335938,123.07542444430042,121.76722621073768,122.46429715049891,9609700,124.55302543640137,126.2082600402832,124.95223262786865,-0.02174968107907571,38.77322542572665,-1.098206535710517,-0.8872470836660488,-0.2109594520444683,127.56698556652287,124.55302543640137,121.53906530627987,0.21844003905692444,-57395300,bull,hold
2023-10-06,124.1448974609375,124.53640476608165,122.44519916639764,122.51204827380373,10692400,124.48090591430665,126.1274885559082,124.93865669250488,-0.011485162757957856,47.41561983433877,-0.962671463644611,-0.9023319596617613,-0.06033950398284971,127.46126238343433,124.48090591430665,121.50054944517896,0.4436294857931051,-46702900,bull,hold
2023-10-09,124.57462310791016,124.68920493934611,123.30462105126564,123.80115203443891,8047600,124.38700256347656,126.04770324707032,124.92737083435058,-0.014851934069194717,49.95175977561088,-0.8112322933086062,-0.8841120263911303,0.07287973308252405,127.2280276098349,124.38700256347656,121.54597751711822,0.5330198680708735,-38655300,bull,hold
2023-10-10,125.1666488647461,125.73002896411032,124.10672321098697,124.53641964998636,8154900,124.33078422546387,125.99953918457031,124.91069576263428,-0.008902982961135786,53.29389571278253,-0.6361114323198933,-0.834511907576883,0.19840047525698967,127.0612233533783,124.33078422546387,121.60034509754945,0.6530641409905145,-30500400,bull,hold
2023-10-11,124.61279296875,125.51993299198561,124.05895658488247,125.31941481791009,9591800,124.2459213256836,125.95361114501954,124.89214771270753,-0.01343723625037907,49.93438616840397,-0.5358415821395823,-0.7747778424894229,0.2389362603498406,126.82640527365366,124.2459213256836,121.66543737771353,0.5710858215868776,-40092200,bull,hold
2023-10-12,123.54331970214844,124.94700515521646,123.44782514694272,124.70828333762562,10927700,124.08761291503906,125.8845832824707,124.86787502288819,-0.024987617462502887,44.14729477561312,-0.5364902326714969,-0.7271203205258379,0.190630087854341,126.42075434548198,124.08761291503906,121.75447148459614,0.3833561468266212,-51019900,bull,hold
2023-10-13,124.3167953491211,125.03296091301532,123.61973161331657,124.00168075255655,11383800,124.01790618896484,125.84376708984375,124.84912055969238,-0.011090002459765103,48.77146640283869,-0.46918282483774476,-0.6755328213882194,0.2063499965504746,126.23321342584686,124.01790618896484,121.80259895208283,0.5674599791803436,-39636100,bull,hold
2023-10-16,125.2525634765625,125.96872894060733,124.70828530050875,124.81332348471894,10545000,124.00453758239746,125.8306056213379,124.8391960144043,-0.0021301168619369815,53.759387735854915,-0.3364541182223917,-0.6077170807550538,0.27126296253266213,126.18640112618378,124.00453758239746,121.82267403861114,0.7859999878817499,-29091100,bull,hold
2023-10-17,125.08070373535156,125.76822381779449,124.55551275981527,124.65099275600585,9149900,123.97732391357422,125.7849072265625,124.82147804260254,-0.004332525179132185,52.74368016853123,-0.24233976483718322,-0.5346416175714798,0.29230185273429654,126.0901485756493,123.97732391357422,121.86449925149915,0.7611148576554561,-38241000,bull,hold
2023-10-18,123.99214172363281,125.60588928165099,123.77250711851732,125.25258558622573,10085700,123.89520416259765,125.69784698486328,124.80062866210938,-0.013072798786919693,46.72222330873492,-0.25267859699630435,-0.4782490134564447,0.22557041646014037,125.8669613686599,123.89520416259765,121.9234469565354,0.5245815155986557,-48326700,bull,hold
2023-10-19,122.76988220214844,123.96349147344368,122.00596206922151,123.82979324744997,15492500,123.80687828063965,125.58710266113282,124.77550746917724,-0.01418474953034743,41.05474981050732,-0.3554014775015162,-0.45367950626545905,0.09827802876394287,125.81378240321706,123.80687828063965,121.79997415806224,0.24164284511025141,-63819200,bull,hold
2023-10-20,122.28286743164062,123.16136201445535,122.26376560559001,122.5215892607889,12296800,123.70709266662598,125.468330078125,124.74625316619873,-0.016058376953612008,39.02353438692648,-0.47068238862158296,-0.4570800827366839,-0.01360230588489908,125.80658233025427,123.70709266662598,121.60760300299769,0.16081632606753501,-76116000,bull,hold
2023-10-23,121.51896667480469,122.60753039002097,121.40437756968134,122.19693582172341,12344200,123.53521270751953,125.3183023071289,124.71973613739014,-0.02751035256574441,36.01371784896487,-0.6165762410288238,-0.4889793143951119,-0.12759692663371192,125.7567050858251,123.53521270751953,121.31372032921396,0.04619559976777265,-88460200,bull,hold
2023-10-24,121.89137268066406,122.27332908082796,121.12745988033629,121.12745988033629,9375900,123.43494911193848,125.16792449951171,124.68923198699952,-0.016185038087350723,38.50386859335013,-0.6941464298715943,-0.5300127374904083,-0.1641336923811859,125.76070332031645,123.43494911193848,121.1091949035605,0.168155726492066,-79084300,bull,hold
2023-10-25,120.80279541015625,121.7099354389359,119.90519900910674,121.33752997152429,11427000,123.3112907409668,125.00528503417969,124.66399257659913,-0.020062040990524443,34.30162929464056,-0.8338483665852436,-0.5907798633093755,-0.24306850327586815,125.9052372248613,123.3112907409668,120.7173442570723,0.016471263693084572,-90511300,bull,hold
2023-10-26,119.60919189453125,120.70731380768798,119.51370461625943,119.80971736446577,14699100,123.09835090637208,124.83836334228516,124.62750205993652,-0.034381737691034364,30.385729328742798,-1.0290151402816008,-0.6784269187038205,-0.35058822157778025,126.13583498768148,123.09835090637208,120.06086682506267,-0.0743501724520506,-105210400,bull,hold
2023-10-27,117.5848388671875,119.42777191918161,117.05964786070744,119.2749937169775,13566100,122.8309829711914,124.65130615234375,124.57730484008789,-0.043498439052418014,25.143126417118694,-1.331683764130588,-0.809078287789174,-0.5226054763414141,126.70585183454916,122.8309829711914,118.95611410783364,-0.176944728841464,-118776500,bull,hold
2023-10-30,118.24371337890625,118.60656798323089,117.34611685452957,118.1959660928472,15224500,122.60515327453614,124.4764761352539,124.53243022918701,-0.03679197317114846,29.411963126884714,-1.5010816278736883,-0.9474789558060769,-0.5536026720676114,126.9661419185657,122.60515327453614,118.24416463050657,-5.173730513404828e-05,-103552000,bear,death_cross
2023-10-31,118.92166900634766,119.0744471909066,117.97633258907842,118.66384534741194,13917400,122.46764907836913,124.31254180908203,124.48811531066895,-0.022602484612259,33.60743261424133,-1.562612478157149,-1.0705056602762915,-0.49210681788085764,127.10251222279385,122.46764907836913,117.83278593394442,0.11746658298994808,-89634600,bear,hold
2023-11-01,119.16992950439453,119.75241129891087,118.56834588551389,118.77842224225245,13802600,122.31677589416503,124.16251220703126,124.448013381958,-0.024695376546969405,35.12797302512074,-1.5732086034278296,-1.1710462489065991,-0.4021623545212305,127.16962945693099,122.31677589416503,117.46392233139908,0.17577360937541778,-75832000,bear,hold
2023-11-02,121.06062316894531,121.16566136555633,119.3131774819213,119.62829207175436,11894000,122.22701683044434,124.04268814086915,124.42632740020753,-0.014612099790870747,45.386335721494795,-1.4127575419700236,-1.219388507519284,-0.1933690344507395,127.10302283146775,122.22701683044434,117.35101082942093,0.3803945625524028,-63938000,bear,hold
2023-11-03,121.6622085571289,122.4165632009849,121.4616757897909,121.89137949595587,11635600,122.1028823852539,123.95695907592773,124.40613971710205,-0.019998316117581738,48.19348650805038,-1.2229585022608376,-1.2201025064675948,-0.002855995793242805,126.90308504083444,122.1028823852539,117.30267972967337,0.45409841419792046,-52302400,bear,hold
2023-11-06,122.47384643554688,122.66483556215155,121.68129547070879,122.17783368790418,8425100,121.99784355163574,123.86901321411133,124.38684986114502,-0.016863600466553552,51.79362039805843,-0.9955726603099322,-1.1751965372360622,0.17962387692613002,126.66725843293356,121.99784355163574,117.32842867033791,0.5509702924254649,-43877300,bear,hold
2023-11-07,122.5597915649414,122.85580429856176,122.10144245252448,122.42610792490564,8241900,121.86750068664551,123.77689086914063,124.36581993103027,-0.02082709190865717,52.17263365403969,-0.7992197805356085,-1.1000011858959715,0.300781405360363,126.31613755374566,121.86750068664551,117.41886381954536,0.5778093266519148,-35635400,bear,hold
2023-11-08,122.3879165649414,123.07543666001011,121.6431055570212,123.07543666001011,10021100,121.75625686645508,123.65850723266601,124.3481287765503,-0.017854317769496864,51.30392017655581,-0.6499849627006284,-1.009997941256903,0.36001297855627445,126.03267006207129,121.75625686645508,117.47984367083886,0.5738539132670635,-45656500,bear,hold
2023-11-09,119.85746002197266,122.41655847661896,119.74287819958757,122.2733311986376,13905500,121.57196388244628,123.49141540527344,124.3175966644287,-0.02983455268210411,40.58853023908259,-0.7275156420387958,-0.9535014814132815,0.2259858393744857,125.84211860791014,121.57196388244628,117.30180915698243,0.29924569825893305,-59562000,bear,hold
2023-11-10,120.5736312866211,120.74551131358501,118.97897104408595,120.31581488878166,10401300,121.38480567932129,123.36926879882813,124.28946613311767,-0.030109882192410176,44.14425371461154,-0.7228378039752243,-0.9073687459256701,0.18453094195044573,125.48195374177904,121.38480567932129,117.28765761686354,0.4010074348870861,-49160700,bear,hold
2023-11-13,121.27069854736328,121.50942039489746,120.00069657003041,120.69776757032378,11373800,121.18571243286132,123.25421691894532,124.26911346435547,-0.03179068610395597,47.44144095208232,-0.6553288581513925,-0.8569607683708147,0.20163191021942217,124.87878212817527,121.18571243286132,117.49264273754737,0.5115061617453085,-37786900,bear,hold
2023-11-14,122.0918960571289,122.90355612550805,121.66219966757357,121.96776332542036,11216900,121.0362720489502,123.18183624267579,124.25852714538574,-0.02389503407772986,51.10338863586664,-0.5294604655371558,-0.791460707804083,0.2620002422669272,124.30421886062808,121.0362720489502,117.76832523727231,0.6615118098627673,-26570000,bear,hold
2023-11-15,122.18739318847656,122.67438781173705,121.88182950598647,122.17784227443263,9262700,120.94603462219239,123.12505950927735,124.2403995513916,-0.014555346089422883,51.526351057863685,-0.41719388574001925,-0.7166073433912703,0.29941345765125105,123.97332516986624,120.94603462219239,117.91874407451853,0.7050279857078842,-17307300,bear,hold
2023-11-16,122.71257019042969,122.97039385903405,122.08234831702032,122.5502410866195,7665900,120.94316902160645,123.0675651550293,124.2219259262085,-0.00046682468607717187,53.88862961554319,-0.28258693120478995,-0.6298032609539743,0.34721632974918437,123.96364924785456,120.94316902160645,117.92268879535834,0.7929006376944732,-9641400,bear,hold
2023-11-17,122.46429443359375,123.1709162706099,122.09188897485825,122.97038352955677,6766100,120.95224037170411,123.00510528564453,124.20650356292725,0.0014836665655926229,52.583985111365486,-0.19371075163044793,-0.5425847590892691,0.34887400745882113,123.98980152786451,120.95224037170411,117.9146792155437,0.7488927768290493,-16407500,bear,hold
2023-11-20,123.20911407470703,123.47648136809262,121.9009230627543,121.9868594276801,6910000,121.03674774169922,122.94023376464844,124.19664485931396,0.013908507010476301,56.0236469604481,-0.06245507544629447,-0.4465588223606741,0.38410374691437965,124.22307349981254,121.03674774169922,117.85042198358589,0.8408889262932907,-9497500,bear,hold
2023-11-21,123.95394134521484,124.20222141488294,123.47649760560894,123.62928309918522,8373000,121.13987617492675,122.89349227905274,124.19400081634521,0.016921367109010932,59.21026979314595,0.10050872747862627,-0.3371453123928141,0.43765403987144036,124.55543716672223,121.13987617492675,117.72431518313128,0.9119477264566145,-1124500,bear,hold
2023-11-22,124.54595947265625,124.84198681266953,124.20221398830357,124.36454310161203,6737700,121.32703437805176,122.85821044921875,124.19030754089356,0.030985740435815368,61.59254072195186,0.2742680393384376,-0.2148626420465638,0.4891306813850014,125.04503116590749,121.32703437805176,117.60903759019604,0.9328843296904692,5613200,bear,hold
2023-11-24,125.21439361572266,125.24303907304744,124.784682614999,124.79424081439119,3708800,121.60729446411133,122.82830856323243,124.1917960357666,0.046862633485007965,64.13918769102526,0.4606010724152583,-0.07976989915419938,0.5403709715694577,125.5999668849413,121.60729446411133,117.61462204328137,0.9517148881026295,9322000,bear,hold
2023-11-27,124.43138122558594,125.36716684647068,124.20221756275565,124.94702860780643,10530200,121.94962158203126,122.80271759033204,124.19484119415283,0.05822640422318082,59.1882931605779,0.538876949573762,0.043959470591392893,0.4949174789823691,125.66872699043591,121.94962158203126,118.2305161736266,0.8336500812730734,-1208200,bear,hold
2023-11-28,123.79158782958984,124.48865147234154,123.70565147029657,124.21174056892197,6261300,122.22701530456543,122.76815063476562,124.18883831024169,0.04691898023284935,55.42375286025539,0.5430255060763329,0.14377267768838092,0.399252828387952,125.61165306052251,122.22701530456543,118.84237754860834,0.7311285044124312,-7469500,bear,hold
2023-11-29,123.82978057861328,124.49821335849282,123.60061694704241,123.65790785493513,6979000,122.47242088317871,122.73224670410156,124.17783744812012,0.04127180196237945,55.60527656175354,0.543134189798721,0.22364498011044895,0.319489209688272,125.56169031485706,122.47242088317871,119.38315145150037,0.7196894323162253,-490500,bear,hold
2023-11-30,125.38626098632812,125.46265372606244,123.49558803178599,123.92528444366938,7743100,122.78323745727539,122.72728118896484,124.17834568023682,0.05216359116587688,62.336551647510326,0.6611934566946758,0.31115467542729436,0.3500387812673814,125.72839633559158,122.78323745727539,119.8380785789592,0.941915637933417,7252600,bear,hold
2023-12-01,125.88279724121094,126.01648088329715,125.11888447053649,125.21437903077987,9370900,123.02434616088867,122.75420913696288,124.1844497680664,0.03983272137576943,64.20132039504051,0.7857647948893316,0.4060766993197018,0.3796880955696298,126.14995032076857,123.02434616088867,119.89874200100877,0.9572637695158597,16623500,bear,hold
2023-12-04,126.12152099609375,126.36024282992105,125.51039368431282,125.54858276673843,6943900,123.24731178283692,122.79106796264648,124.19797393798828,0.036653226107356884,65.0960842049431,0.8934523275408708,0.5035518249639356,0.3899005025769352,126.5816724879235,123.24731178283692,119.91295107775034,0.930998543269811,23567400,bear,hold
2023-12-05,125.95919799804688,126.15971618873571,125.17618335136632,125.86370343172115,6581000,123.42157936096191,122.81112060546874,124.20516746520997,0.0284579252137247,63.92607694470352,0.9546922655001282,0.5937799130711742,0.36091235242895403,126.93550881338986,123.42157936096191,119.90764990853397,0.8610799066173052,16986400,bear,hold
2023-12-06,126.05467987060547,126.47483265601353,125.80641439305768,126.23611080707035,6210400,123.59632377624511,122.85428131103515,124.2209047317505,0.028515782060645867,64.3321795903849,0.999409377489954,0.6749058059549302,0.32450357153502374,127.26561059682112,123.59632377624511,119.92703695566911,0.8349909961487341,23196800,bear,hold
2023-12-07,125.90190887451172,126.37935257207084,125.32897060927063,126.07378161182884,6396700,123.77202339172364,122.90680023193359,124.23795372009278,0.02871192196253891,63.10803762607814,1.010868011098566,0.7420982469836575,0.2687697641149085,127.52852166585328,123.77202339172364,120.015525117594,0.7834934728249763,16800100,bear,hold
2023-12-08,126.11197662353516,126.40798936446546,125.35760747365694,125.98783660814206,6007600,124.08474922180176,122.95167999267578,124.2544019317627,0.05218295632508729,64.11908200948466,1.02508325090092,0.79869524776711,0.22638800313381002,127.51263551726143,124.08474922180176,120.65686292634209,0.7956964185799448,22807700,bear,hold
2023-12-11,126.94273376464844,127.18145561554618,126.16927729900785,126.78994828317178,9016800,124.40320434570313,123.03189071655274,124.28292854309082,0.052823344624058466,67.8693117761795,1.0908099115653584,0.8571181805267597,0.23369173103859875,127.64554533476095,124.40320434570313,121.16086335664531,0.8916197320879654,31824500,bear,hold
2023-12-12,127.48701477050781,127.66844571238948,126.52258371733649,127.12416745717027,6779000,124.71402015686036,123.12642486572265,124.31601627349853,0.05125983685759583,70.07603207752727,1.1732927041594508,0.920353085253298,0.2529396189061528,127.88668592043571,124.71402015686036,121.541354393285,0.9370133541143176,38603500,bear,hold
2023-12-13,129.83604431152344,129.87423339752687,126.77084926702645,126.94273658010636,9074300,125.10122756958008,123.28971069335938,124.36533031463622,0.0634288474869038,77.31676132216754,1.4119320896157745,1.0186688861257933,0.39326320348998123,128.7533514796924,125.10122756958008,121.44910365946772,1.1482278337864118,47677800,bear,hold
2023-12-14,129.20582580566406,130.35168789611876,128.71883842408826,130.27529514736483,10098700,125.45214920043945,123.43007934570312,124.4124838256836,0.057439907948289015,72.2646122036401,1.5325360339974452,1.1214423157001239,0.41109371829732133,129.2622521211788,125.45214920043945,121.6420462797001,0.9925951717462034,37579100,bear,hold
2023-12-15,128.1077117919922,128.85252288388762,127.63026803716552,128.6042428063044,8296600,125.72190628051757,123.53511749267578,124.45046745300293,0.04396568007002166,64.37168091368346,1.5219626670064343,1.201546385961386,0.3204162810450484,129.4815808199865,125.72190628051757,121.96223174104865,0.8172888353005705,29282500,bear,hold
2023-12-18,128.3167724609375,128.71961899980968,127.98105969404739,128.58533682018563,5944300,126.01453018188477,123.61855499267578,124.48275104522705,0.047789260162824476,65.15204896138363,1.513011590481966,1.263839426865502,0.2491721636164641,129.62242385575306,126.01453018188477,122.40663650801648,0.8190562814707799,35226800,bear,hold
2023-12-19,129.18002319335938,129.24717160632412,128.2784225647919,128.479838532364,6358200,126.31307563781738,123.71066299438476,124.5196339416504,0.04846158633225728,68.2449514620153,1.5576196477516646,1.3225954710427346,0.23502417670893005,129.93113817171076,126.31307563781738,122.695013103924,0.8961992818925782,41585000,bear,hold
2023-12-20,127.30965423583984,129.1800184732595,127.30006787819275,129.10329834076174,7299000,126.48086128234863,123.75352310180664,124.55697647094726,0.02707225647048417,56.53664618106708,1.425615107431483,1.3431993983204842,0.08241570911099871,129.95408734286073,126.48086128234863,123.00763522183652,0.619311691645118,34286000,bear,hold
2023-12-21,128.86351013183594,128.95941761711424,127.77965163499942,128.07698971998553,5606800,126.69673881530761,123.83853744506835,124.60529582977296,0.0346663246038712,62.32026296244257,1.4299007372608514,1.3605396661085578,0.06936107115229362,130.19866984487356,126.69673881530761,123.19480778574166,0.8093680741046586,39892800,bear,hold
2023-12-22,129.50616455078125,129.90901116800322,128.98820844602244,129.18003807770015,5355100,126.91132736206055,123.95779434204101,124.66286628723145,0.03427538009911091,64.42854791694602,1.4682291389261053,1.3820775606720672,0.08615157825403807,130.54704367287584,126.91132736206055,123.27561105124525,0.8568536385803461,45247900,bear,hold
2023-12-26,129.7938995361328,130.13918404711598,129.23758343122515,129.40063932885417,3688600,127.1794532775879,124.06733642578125,124.72621505737305,0.04309618890129485,65.36300950158292,1.5044797756556676,1.4065580036687875,0.09792177198688012,130.83495392267096,127.1794532775879,123.52395263250483,0.857604403935963,48936500,bear,hold
2023-12-27,130.34060668945312,130.4269278119285,129.62123473083835,129.65000843833016,5444100,127.50690422058105,124.16909729003906,124.78682567596435,0.05290358557221664,67.12989234628085,1.5593481696470661,1.4371160368644431,0.12223213278262302,131.06173757896167,127.50690422058105,123.95207086220043,0.898570366483079,54380600,bear,hold
2023-12-28,130.6763458251953,131.11755251953474,130.42695412906502,130.4461414831511,5800200,127.84923248291015,124.28101013183594,124.84383178710938,0.05529013468804056,68.20262324796116,1.611348487224916,1.4719625269365377,0.13938596028837824,131.23640091841003,127.84923248291015,124.46206404741027,0.9173269496513744,60180800,bear,hold
2023-12-29,130.8106231689453,131.04081286676816,130.2734943598088,130.67634096666117,5590000,128.120450592041,124.4173797607422,124.90202812194825,0.04326121649969816,68.64338539495037,1.6444381140340596,1.506457644356042,0.13798046967801758,131.54381066659298,128.120450592041,124.69709051748903,0.8929140549517541,65770800,bear,hold
2024-01-02,133.1125946044922,133.37157262421917,130.41734983473577,130.48448361131037,11785900,128.48194046020507,124.62423400878906,124.9661682510376,0.05743276700014732,75.03284263364485,1.8352560488252152,1.5722173252498768,0.2630387235753384,132.37803804181277,128.48194046020507,124.58584287859736,1.09426824499302,77556700,bear,hold
2024-01-03,132.89198303222656,133.8319582955048,132.72892714420504,133.55380757727042,9585000,128.82046356201172,124.83641632080078,125.03694118499756,0.053682051902486316,73.48737268962083,1.9462440369985075,1.6470226675996031,0.2992213693989043,133.0033529810233,128.82046356201172,124.63757414300012,0.9866874380792182,67971700,bear,hold
2024-01-04,133.5538330078125,134.28279146406453,133.07425160972656,133.30444131398363,11649200,129.2001953125,125.07711364746093,125.103498878479,0.060294405890734426,75.14161106976913,2.0638181678135084,1.7303817676423843,0.3334364001711241,133.64579630887218,129.2001953125,124.75459431612784,0.9896568201763131,79620900,bear,hold
2024-01-05,133.438720703125,133.99503686944038,132.8728181778889,133.2468910750727,9437700,129.56939735412598,125.30806060791015,125.16583465576171,0.05857807770484369,74.27359721103798,2.1232326087583147,1.8089519358655703,0.3142806728927443,134.1336381066649,129.56939735412598,125.00515660158707,0.923873712933159,70183200,bull,golden_cross
2024-01-08,134.61846923828125,134.64724294381983,132.9303337898359,133.47706346638714,7999400,130.00522537231444,125.58437408447266,125.24320865631104,0.06923294842540839,77.18272212287431,2.2396969956789974,1.8951009478282557,0.3445960478507417,134.74664292722744,130.00522537231444,125.26380781740146,0.9864836109178594,78182600,bull,hold
2024-01-09,134.59930419921875,135.77907022882434,134.1580829150629,134.4746083641105,9201300,130.42959175109863,125.8841763305664,125.32162338256836,0.06729993298748815,77.03033438125091,2.3038915749573903,1.9768590732540827,0.32703250170330755,135.22024181407076,130.42959175109863,125.6389416881265,0.9351927602006085,68981300,bull,hold
2024-01-10,135.21316528320312,135.37622118386568,134.16768146595786,134.67603651968852,9773300,130.84311332702637,126.23674285888671,125.39486766815186,0.06515088554724247,78.49492415229139,2.3769002739696248,2.0568673133971913,0.32003296057243347,135.7838832138658,130.84311332702637,125.90234344018695,0.9422440283868628,78754600,bull,hold
2024-01-11,135.1172332763672,135.27070280776258,134.28276648235234,135.0404985106695,7182300,131.22462425231933,126.57421325683593,125.46516986846923,0.05985094654223966,77.66153962910015,2.3993609433174186,2.125366039381237,0.27399490393618153,136.24756616859557,131.22462425231933,126.20168233604309,0.8874829819785818,71572300,bull,hold
2024-01-12,134.78155517578125,135.39541875694877,134.3307475075858,134.74318046939828,8026400,131.47189979553224,126.8914109802246,125.53743999481202,0.038090430823598975,74.6739751288947,2.3628374489612156,2.172860321297233,0.18997712766398278,136.68055464929816,131.47189979553224,126.2632449417663,0.8177073038210714,63545900,bull,hold
2024-01-16,133.97584533691406,134.62808361474197,133.76484299760193,134.44584035129503,7426900,131.71040077209472,127.187529296875,125.60402412414551,0.03691799113164218,67.920143490364,2.2430221035706666,2.1868926777519198,0.0561294258187468,136.91899798360032,131.71040077209472,126.50180356058912,0.7174716601060125,56119000,bull,hold
2024-01-17,133.70726013183594,134.3690846652948,133.3331873045322,133.75522118880508,8337200,131.99037818908693,127.44046203613281,125.66599788665772,0.04370968977211698,65.78419570891924,2.102162576109521,2.16994665742344,-0.06778408131391922,136.99213301900892,131.99037818908693,126.98862335916495,0.6716279586994255,47781800,bull,hold
2024-01-18,133.68807983398438,133.81276101223978,131.90403691981595,132.5562604234871,8929300,132.25894355773926,127.68097946166992,125.72138820648193,0.041859744989159786,65.62547906653016,1.966316226547974,2.129220571248347,-0.16290434470037285,137.013562818577,132.25894355773926,127.50432429690152,0.6502892448209743,38852500,bull,hold
2024-01-19,133.7648468017578,134.11014598556625,133.0262873683443,133.7648468017578,8842000,132.4881847381592,127.90679946899414,125.77029598236084,0.03549173854486609,65.97927124997645,1.843599599944099,2.0720963769874974,-0.22849677704339832,137.0657165004038,132.4881847381592,127.91065297591459,0.6394487389610822,47694500,bull,hold
2024-01-22,134.3499298095703,134.70481533412777,133.5442219981049,133.87993480585396,7831400,132.8401985168457,128.14260223388672,125.82203441619873,0.05530040605316877,68.6293730640386,1.7731177010919623,2.0123006418083906,-0.23918294071642832,136.81360077968188,132.8401985168457,128.86679625400953,0.6899796689156484,55525900,bull,hold
2024-01-23,134.2539825439453,134.34030366040466,133.2948199993065,134.17724778409513,6407400,133.10972213745117,128.3799235534668,125.86259098052979,0.04183086745498832,67.69806153179397,1.6900364577124947,1.9478478049892116,-0.25781134727671695,136.67823731421817,133.10972213745117,129.54120696068418,0.6603272439394273,49118500,bull,hold
2024-01-24,133.0262908935547,134.93501549614555,133.00710353959508,134.60890365714627,9104900,133.28572845458984,128.64330017089844,125.89544639587402,0.027181148905024877,57.03322377616841,1.5077491244613554,1.8598280688836404,-0.35207894442228493,136.4503223259306,133.28572845458984,130.12113458324907,0.4590093434445605,40013600,bull,hold
2024-01-25,132.82484436035156,132.8536180700139,131.60671828954915,132.55627997972888,10050200,133.4372756958008,128.88832443237305,125.9277208328247,0.023351982142850947,55.488550687971745,1.331679278103536,1.7541983107276196,-0.4225190326240835,136.18075835398596,133.4372756958008,130.69379303761562,0.3883843253716142,29963400,bull,hold
2024-01-26,133.5825958251953,133.8607465737062,133.24688301965242,133.74565173096536,5759100,133.5993751525879,129.13456237792968,125.96165298461914,0.02487320888007294,59.88924467644121,1.239004395353703,1.6511595276528364,-0.41215513229913325,135.94627607960345,133.5993751525879,131.25247422557234,0.49642521607975987,35722500,bull,hold
2024-01-29,134.52256774902344,134.53215410711937,133.62095247552384,133.70727360537094,6229600,133.79168624877929,129.3831758117676,126.0000957107544,0.02943319159668878,64.56883322438077,1.2272596760647332,1.566379557335216,-0.33911988127048276,135.7465894572825,133.79168624877929,131.83678304027606,0.6869354700184243,41952100,bull,hold
2024-01-30,134.82948303222656,135.06927366324157,134.10051014711948,134.7431472819606,5940300,133.99262924194335,129.6360176086426,126.031833152771,0.03072273310777507,65.96507288746798,1.228555378118756,1.498814721491924,-0.27025934337316815,135.44114269516564,133.99262924194335,132.54411578872106,0.7888664197151886,47892400,bull,hold
2024-01-31,134.6472930908203,135.96134158534008,134.61851937456547,135.85583308051747,10223100,134.06936416625976,129.8747120666504,126.06782135009766,0.01152932591305933,64.34410705996682,1.2010362276714943,1.4392590227278383,-0.23822279505634403,135.48550786945836,134.06936416625976,132.65322046306116,0.7040502398362548,37669300,bull,hold
2024-02-01,136.39292907714844,136.39292907714844,134.15807829435735,134.81031652208043,8503600,134.24441146850586,130.15328475952148,126.11305881500245,0.02634429831687357,71.55620116303736,1.3050416303310328,1.4124155442484774,-0.10737391391744455,135.88314337705026,134.24441146850586,132.60567955996146,1.1555427393096267,46172900,bull,hold
2024-02-02,136.19149780273438,136.82453397220587,135.5008995854389,136.34495268995397,10629200,134.37629470825195,130.41293243408202,126.16164562225342,0.01974982473747189,69.80169879972863,1.355586483682771,1.4010497321353361,-0.04546324845256522,136.18701799713153,134.37629470825195,132.56557141937236,1.001237021037492,35543700,bull,hold
2024-02-05,136.61354064941406,137.45760853547688,135.99009072899335,136.68068906565168,9631700,134.5350357055664,130.66612442016603,126.21040111541748,0.023792344003000565,71.38483148593936,1.4134061088793999,1.403521007484149,0.009885101395250784,136.5358277710266,134.5350357055664,132.5342436401062,1.0194205284319735,45175400,bull,hold
2024-02-06,138.10025024414062,138.20575873328733,136.9876325643764,137.67821628755388,10159000,134.70912475585936,130.9372102355957,126.26919464111329,0.02586406624262283,76.13173074950261,1.5611971092950796,1.4350562278463352,0.12614088144874436,137.24342931723643,134.70912475585936,132.1748201944823,1.1690445852408953,55334400,bull,hold
2024-02-07,138.47433471679688,139.107385704622,138.18659757293406,138.44556100241059,7884600,134.9028762817383,131.2024090576172,126.32559665679932,0.028789380009295984,77.15848573583254,1.6890378554817005,1.4858525533734084,0.2031853021082921,137.92040674450934,134.9028762817383,131.88534581896724,1.0917849842978649,63219000,bull,hold
2024-02-08,138.23451232910156,138.34002080289443,137.6110624793819,138.34002080289443,6672400,135.0539436340332,131.4784716796875,126.37724800109864,0.022345065582705992,74.93300536781511,1.7508185589686605,1.538845754492459,0.21197280447620148,138.40281039930852,135.0539436340332,131.70507686875789,0.9748723848986685,56546600,bull,hold
2024-02-09,138.1290283203125,138.39759273105076,137.67822063750268,138.1769893870149,7447800,135.20453338623048,131.76522048950196,126.43519092559815,0.022290236196481406,73.92305148162964,1.7708552170226426,1.585247646998496,0.18560757002414663,138.81211257004483,135.20453338623048,131.59695420241613,0.9053265063734379,49098800,bull,hold
2024-02-12,138.311279296875,138.34965400663964,137.2945690230649,137.94680736809207,6645500,135.38101959228516,132.05485046386718,126.5030424118042,0.02618848043777433,74.56101535711143,1.7809113065967495,1.6243803789181468,0.15653092767860266,139.22609826002898,135.38101959228516,131.53594092454134,0.8810402800301137,55744300,bull,hold
2024-02-13,137.02597045898438,138.57022283984986,136.34495856913145,137.61106023398708,11170000,135.53352584838868,132.2876446533203,126.56119995117187,0.022766231587492802,62.877877429515436,1.6659629645612597,1.6326968960467694,0.03326606851449032,139.38552105369658,135.53352584838868,131.68153064308078,0.6937235810339492,44574300,bull,hold
2024-02-14,138.21536254882812,138.26330897933158,137.2274260555909,137.49599046332554,9701100,135.7589309692383,132.53429595947264,126.61995346069335,0.033716212661505374,67.8916827934049,1.6517986699676044,1.6365172508309365,0.015281419136667918,139.68398351815625,135.7589309692383,131.83387842032033,0.812917030915549,54275400,bull,hold
2024-02-15,139.2224578857422,139.49102226671295,138.10984029414666,138.3112562620442,9294800,136.03564987182617,132.79631469726561,126.68047504425049,0.04139769273842875,71.4124826224277,1.7022154612509723,1.6496568929149438,0.052558568336028566,140.11502028439747,136.03564987182617,131.95627945925486,0.8906004715942568,63570200,bull,hold
2024-02-16,139.67327880859375,140.61326886709318,138.90596029604419,139.40471440206892,8424100,136.33107147216796,133.07059631347656,126.74599723815918,0.04417028949012547,72.84779696335777,1.7582802521278325,1.6713815647575216,0.08689868737031081,140.5627764258342,136.33107147216796,132.09936651850174,0.8949007992074445,71994300,bull,hold
2024-02-20,139.2032928466797,140.22000300723428,138.84839268137642,139.7787817080715,9120400,136.57373962402343,133.33356857299805,126.81002170562743,0.03612479026962356,68.9605951450885,1.7446765186492996,1.6860405555358773,0.05863596311342234,140.879169004999,136.57373962402343,132.26831024304786,0.8053764200936011,62873900,bull,hold
2024-02-21,139.51022338867188,139.5485980958332,138.3496446211357,138.75249123235454,7213500,136.83655166625977,133.60573486328124,126.88060050964356,0.03915147055697976,70.0833215675593,1.7386204570953794,1.6965565358477779,0.0420639212476015,141.1849737104367,136.83655166625977,132.48812962208282,0.8074301085830061,70087400,bull,hold
2024-02-22,141.15037536621094,141.40933873720974,139.3951060066959,139.69244407865315,9130000,137.24275588989258,133.90650283813477,126.95374485015869,0.06107126958201814,75.23773837806016,1.844900675372827,1.7262253637527878,0.11867531162003919,141.60932941392076,137.24275588989258,132.8761823658644,0.9474468888266381,79217400,bull,hold
2024-02-23,141.82179260253906,142.21505280877423,141.32302391745205,141.62996299617046,9194600,137.69260330200194,134.20408401489257,127.03161968231201,0.06773543221913303,76.98579395361566,1.9607044928714004,1.7731211895765104,0.18758330329488992,141.99927725652879,137.69260330200194,133.3859293474751,0.9793942313878713,88412000,bull,hold
2024-02-26,141.09283447265625,142.06158349956667,140.96813864226726,141.73547170464562,7248300,138.068115234375,134.47620040893554,127.11006427764893,0.05622168517587989,71.11594788532436,1.970939262683089,1.8126848041978263,0.15825445848526276,142.1811780610381,138.068115234375,133.9550524077119,0.8676966977836291,81163700,bull,hold
2024-02-27,140.74754333496094,141.1791636334641,140.07611771988746,140.40224416902606,7374000,138.37936401367188,134.6944303894043,127.18503025054932,0.046274581953797744,68.45351066100697,1.9289525185008074,1.8359383470584225,0.09301417144238489,142.31019957378982,138.37936401367188,134.44852845355393,0.8012310340982576,73789700,bull,hold
2024-02-28,140.04734802246094,140.30632606324923,139.38553801814302,140.15285651051082,8038800,138.6402572631836,134.91126083374024,127.25843681335449,0.03869973297299678,63.279868443559195,1.818218519998993,1.8323943816465367,-0.014175861647543586,142.27554407227504,138.6402572631836,135.00497045409216,0.6935322896337043,65750900,bull,hold
2024-02-29,138.90597534179688,140.26798487546114,138.81005319950702,140.03778051536395,9435600,138.85319137573242,135.12722610473634,127.32698879241943,0.03162842826780077,55.86756234261726,1.6196910022594295,1.7898537057691155,-0.170162703509686,141.9931460063459,138.85319137573242,135.71323674511893,0.5084052115832864,56315300,bull,hold
2024-03-01,140.36387634277344,140.4597984741023,138.60860671622433,139.2224703040069,8741400,139.05173873901367,135.36816818237304,127.40391933441163,0.029114025869910742,61.99177922636871,1.5619912775868272,1.7442812201326579,-0.18228994254583064,142.04297369448093,139.05173873901367,136.0605037835464,0.7193304142427013,65056700,bull,hold
2024-03-04,140.15284729003906,140.68997605362435,139.81714913062882,139.96101767956733,10657800,139.24980621337892,135.58762466430665,127.48500389099121,0.02908661371095622,60.67918265051523,1.48215024376384,1.6918550248588944,-0.2097047810950543,141.96952237995183,139.24980621337892,136.530090046806,0.6660175219309851,54398900,bull,hold
2024-03-05,139.10736083984375,140.43101000767058,138.646966856293,140.20080569806478,9743400,139.3744972229004,135.82357879638673,127.56010326385498,0.01825456084788457,54.52011758502408,1.3193054976617304,1.6173451194194617,-0.29803962175773124,141.8135018451664,139.3744972229004,136.9354926006344,0.44523659762307777,44655500,bull,hold
2024-03-06,140.0569610595703,140.57490255001989,139.36636264852862,139.36636264852862,8085300,139.4723327636719,136.0474478149414,127.64146606445313,0.014168770961461075,58.62774758245669,1.2524373466178815,1.5443635648591458,-0.2919262182412643,141.85537004419845,139.4723327636719,137.08929548314532,0.6226645299836108,52740800,bull,hold
2024-03-07,140.70916748046875,141.04488028526274,140.21039877026843,140.4022430219573,6438300,139.58407440185547,136.27150787353514,127.72320133209229,0.016138967327356868,61.21849788257964,1.2378028419501845,1.4830514202773535,-0.24524857832716895,141.9790011039875,139.58407440185547,137.18914769972343,0.7348909212151842,59179100,bull,hold
2024-03-08,140.45018005371094,141.23670045316823,140.2008030331238,140.5748758818348,7802500,139.69485778808593,136.4846334838867,127.80302593231201,0.016028325251616016,59.62188228344512,1.191571080979685,1.4247553524178198,-0.23318427143813492,142.03416245322003,139.69485778808593,137.35555312295182,0.661441619144916,51376600,bull,hold
2024-03-11,140.3734588623047,140.6228358810111,139.35673416528516,140.1336682012045,7723800,139.80707931518555,136.68529052734374,127.88928604125977,0.016248797007298865,59.12990368413802,1.1356502492127731,1.3669343317768106,-0.23128408256403743,142.04844209949704,139.80707931518555,137.56571653087406,0.6263471382418627,43652800,bull,hold
2024-03-12,141.0256805419922,141.37097967476694,139.9993841368058,140.46936445942956,7143700,139.94279937744142,136.89227722167968,127.98302181243896,0.01962530647475913,62.000566762972916,1.130924828410798,1.319732431103608,-0.18880760269281005,142.13358499925403,139.94279937744142,137.7520137556288,0.7471444840994569,50796500,bull,hold
2024-03-13,140.47897338867188,141.66832575212828,139.93224363270028,141.56281727127381,7874200,140.11544952392578,137.0856442260742,128.08027473449707,0.025199623969976326,58.30383536401649,1.0707225767664852,1.2699304602361836,-0.19920788346969842,141.8579269770283,140.11544952392578,138.37297207082324,0.6043123582743735,42922300,bull,hold
2024-03-14,139.98020935058594,140.67080767812237,139.20328989102282,140.56529919375816,9605700,140.20369186401368,137.2229965209961,128.1762650680542,0.012768817946227529,55.077415737246675,0.9715661591719993,1.2102576000233467,-0.23869144085134741,141.71586669204905,140.20369186401368,138.6915170359783,0.42610559662665115,33316600,bull,hold
2024-03-15,139.42388916015625,139.71164089419835,138.9347214572475,139.09777735821706,10570500,140.21376342773436,137.3536346435547,128.27321487426758,0.0014468303280450456,51.64450716885739,0.8384287095788352,1.1358918219344445,-0.2974631123556093,141.7021590042954,140.21376342773436,138.72536785117333,0.23465579983678336,22746100,bull,hold
2024-03-18,139.40753173828125,140.12950138001477,139.31126324397945,139.99471961258828,6407000,140.20047607421876,137.47070861816405,128.36492122650145,-0.0019026335787296622,51.54278133742447,0.7232591332571019,1.053365284198976,-0.3301061509418741,141.712492066192,140.20047607421876,138.6884600822455,0.23778573105477518,16339100,bull,hold
2024-03-19,140.3316650390625,140.41829788341263,139.11876115262433,139.52306244810373,5240200,140.25689468383788,137.6085675048828,128.4572705078125,0.008105930321818056,56.728548602667516,0.6985043252809362,0.9823930924153681,-0.2838887671344319,141.69843113949193,140.25689468383788,138.81535822818384,0.5259342574831695,21579300,bull,hold
2024-03-20,140.01397705078125,140.06211129820772,139.23425218340645,139.99472041410866,8268200,140.28208236694337,137.7164776611328,128.54021774291994,0.003610872736587334,54.56666260284895,0.645806737912153,0.9150758215147251,-0.26926908360257207,141.6877095814436,140.28208236694337,138.87645515244313,0.40463142951545544,13311100,bull,hold
2024-03-21,140.19688415527344,140.70707488429647,139.9080933473238,140.3027736285713,8865300,140.2344078063965,137.8284292602539,128.62185401916503,-0.006755144706230398,55.615426270266255,0.6117507135466553,0.8544107999211112,-0.2426600863744559,141.5825033563444,140.2344078063965,138.88631225644858,0.48608271827449384,22176400,bull,hold
2024-03-22,140.0043487548828,140.75519597223663,139.83106841091157,140.39902899922527,5537200,140.14353561401367,137.9242529296875,128.70768913269043,-0.012814982904282624,54.19720312148558,0.5627381757528269,0.7960762750874545,-0.23333809933462757,141.2797389081593,140.14353561401367,139.00733231986806,0.43874913941544114,16639200,bull,hold
2024-03-25,139.8118438720703,140.40866745543036,139.59042925562096,140.26427939123394,5253000,140.07948608398436,138.01814514160156,128.79497684478758,-0.009079062061328136,52.74883806714361,0.502568553772619,0.7373747308244873,-0.23480617705186835,141.1360459612134,140.07948608398436,139.02292620675533,0.37334261991096157,11386200,bull,hold
2024-03-26,140.32200622558594,140.4856508947354,139.71554710164347,140.09097068110592,6942400,140.05820922851564,138.12895416259767,128.88088497161866,-0.0030234070115332523,56.09728830775184,0.49039654704549207,0.6879790940686883,-0.19758254702319622,141.07654662916224,140.05820922851564,139.03987182786904,0.6295233764874005,18328600,bull,hold
2024-03-27,142.1894989013672,142.1894989013672,141.1402253539846,141.5156489222292,8797400,140.16531677246093,138.2932272338867,128.97423641204833,0.015295904629073709,65.68388840994447,0.6242452846059905,0.6752323321761488,-0.05098704757015826,141.54356874450266,140.16531677246093,138.7870648004192,1.2343294876290452,27126000,bull,hold
2024-03-28,142.20880126953125,142.69011449427342,142.16066700935426,142.3917026450955,8090200,140.33045806884766,138.46325805664063,129.0654587173462,0.023777421522777065,65.76709417194587,0.7235384128091198,0.684893548302743,0.03864486450637683,141.84982290900408,140.33045806884766,138.81109322869125,1.1181343516183444,35216200,bull,hold
2024-04-01,140.995849609375,142.20875323819922,140.4856589385475,142.12212041224942,7378300,140.36205673217773,138.60941345214843,129.14749080657958,0.004502392517703457,56.49674046473615,0.696327045630369,0.6871802477682681,0.00914679786210082,141.90892500053192,140.36205673217773,138.81518846382355,0.7048632356624647,27837900,bull,hold
2024-04-02,138.80108642578125,139.24388629144715,138.07911671181554,139.08987724906981,10776400,140.29446868896486,138.7101382446289,129.22494197845458,-0.009644904762158846,44.32252461221158,0.4919914237007106,0.6481424829547566,-0.15615105925404604,141.98358112058511,140.29446868896486,138.6053562573446,0.05793876262248052,17061500,bull,hold
2024-04-03,138.6470184326172,139.66739961910932,138.3197291253474,139.04169860882843,8453400,140.2714515686035,138.79608001708985,129.29205715179444,-0.003309259872714909,43.61207416830204,0.3140023481051344,0.5813144559848322,-0.26731210787969784,142.0355250125605,140.2714515686035,138.50737812464652,0.03957893829449614,8608100,bull,hold
2024-04-04,136.6448211669922,139.60009140875334,136.567809288637,139.51344386528254,12685700,140.1008445739746,138.84389678955077,129.34920867919922,-0.024362515556273112,35.621159789289095,0.011254403322482176,0.4673024454523622,-0.45604804212988004,142.4708269594565,140.1008445739746,137.7308621884927,-0.22912428129284895,-4077600,bull,hold
2024-04-05,137.8673095703125,138.31974500698905,136.31748098028422,136.43299141058174,9073100,139.9587516784668,138.94071716308594,129.41317638397217,-0.020196679157743702,42.54347909273737,-0.12854909279016624,0.34813213780385655,-0.4766812305940228,142.50036126974615,139.9587516784668,137.41714208718744,0.0885595263469357,4995500,bull,hold
2024-04-08,137.42454528808594,137.76147041749525,137.21276629620246,137.76147041749525,9128200,139.80746994018554,139.03271118164062,129.47483520507814,-0.021542405744641502,40.83105399406176,-0.2719370271553032,0.2241183048120246,-0.4960553319673278,142.56507301048848,139.80746994018554,137.0498668698826,0.06793552383196522,-4132700,bull,hold
2024-04-09,137.9154510498047,137.99246290354716,136.96244588431415,137.72292875970305,10534400,139.68456954956054,139.1193682861328,129.53466915130616,-0.017510488324656293,43.54434435040375,-0.34201843032815304,0.11089095778398907,-0.4529093881121421,142.5474064421551,139.68456954956054,136.82173265696596,0.19102003255370473,6401700,bull,hold
2024-04-10,136.29823303222656,136.92394884273563,135.82655561944534,136.53888956968942,13052700,139.44819717407228,139.15488159179688,129.58850914001465,-0.03352189113072901,37.451419200245624,-0.522036711363512,-0.015694576045511152,-0.5063421353180009,142.59559081595228,139.44819717407228,136.30080353219228,-0.00040835374570088236,-6651000,bull,hold
2024-04-11,135.7399139404297,136.74105340489626,135.34524836528442,136.71217579423953,8153900,139.21124420166015,139.17309020996095,129.64312362670898,-0.033735009118626924,35.59944105465891,-0.7016658139548895,-0.15288882362738682,-0.5487769903275026,142.70685185694316,139.21124420166015,135.71563654637714,0.0034725570554028844,-14804900,bull,hold
2024-04-12,133.71841430664062,135.04682852749752,133.28523543704574,135.037207552977,13799400,138.89815444946288,139.15451263427735,129.68905723571777,-0.044733431054259976,29.84486795738411,-0.9956639042765687,-0.32144383975722324,-0.6742200645193455,143.11041591796425,138.89815444946288,134.6858929809615,-0.11484076683695223,-28604300,bull,hold
2024-04-15,133.44888305664062,135.37413557566705,133.23710410446682,134.88318678266825,10383600,138.59940414428712,139.0956317138672,129.73564014434814,-0.042854966530535776,29.167858678898142,-1.236158759608088,-0.5043868237273963,-0.7317719358806918,143.42327935463118,138.59940414428712,133.77552893394306,-0.033857206401400886,-38987900,bull,hold
2024-04-16,133.4969940185547,134.6040229587836,133.41036118602227,134.6040229587836,10170500,138.3038772583008,139.0417416381836,129.7784218978882,-0.04239754944390517,29.475387106773567,-1.4066554640073434,-0.6848405517833858,-0.7218149122239577,143.59507100453703,138.3038772583008,133.01268351206454,0.04576571277839224,-28817400,bull,hold
2024-04-17,133.26597595214844,134.40186783875058,133.0541970091361,134.2767364186145,8480100,137.9505928039551,138.97479034423827,129.81362953186036,-0.05034992697440932,28.828157506553026,-1.5426340329906338,-0.8563992480248355,-0.6862347849657984,143.58541284498796,137.9505928039551,132.31577276292222,0.08431530930063583,-37297500,bull,hold
2024-04-18,133.25633239746094,134.04569289985128,133.04456815550034,133.35260088895083,8105800,137.61271057128906,138.87791198730469,129.85397186279297,-0.04826407188526183,28.799728405178357,-1.6323593602547248,-1.0115912704708134,-0.6207680897839114,143.51612013907325,137.61271057128906,131.70930100350486,0.1310286349094311,-45403300,bull,hold
2024-04-19,133.75689697265625,134.13232057342134,133.27558391072623,133.94941925972648,9668400,137.29071121215821,138.78356323242187,129.89714973449708,-0.045935308915172834,32.51962916354363,-1.644123518235176,-1.1380977200236861,-0.50602579821149,143.29682303720205,137.29071121215821,131.28459938711438,0.2058151477660695,-35734900,bull,hold
2024-04-22,134.26708984375,135.33560544628716,133.73764252924795,134.17083604289186,8531300,137.00384826660155,138.70421478271484,129.94787124633788,-0.0409791478775956,36.179524747062416,-1.5939048543635295,-1.229259146891655,-0.3646457074718745,143.0121682772235,137.00384826660155,130.9955282559796,0.2722526082154991,-27203600,bull,hold
2024-04-23,136.01907348632812,136.26935098928334,134.9409222453858,135.55701706221507,8615500,136.81420974731446,138.66201568603515,130.01458026885987,-0.027127675887120284,46.8416355076777,-1.3966362105619794,-1.26273455962572,-0.1339016509362594,142.69409466859966,136.81420974731446,130.93432482602927,0.4323850490587031,-18588100,bull,hold
2024-04-24,135.5955047607422,135.8746598497669,134.9794246818701,135.72065084642966,7378600,136.57788467407227,138.6077001953125,130.07432136535644,-0.03368325177196574,44.88908433387415,-1.2599538812991113,-1.2621784239603984,0.002224542661287021,142.2511350359768,136.57788467407227,130.90463431216773,0.4134200105175432,-25966700,bull,hold
2024-04-25,134.69064331054688,135.73028127013063,133.99755133749105,135.50888137800436,9693300,136.20294189453125,138.56099365234374,130.12939540863036,-0.05273846274697158,40.96097519430059,-1.2106908172905264,-1.251880902626424,0.04119008533589752,141.30566023506066,136.20294189453125,131.10022355400184,0.35181441703605043,-35660000,bull,hold
2024-04-26,134.7291717529297,135.0853387527871,134.0938349246621,134.19008873322633,6013800,135.82896041870117,138.49126983642577,130.1863264465332,-0.05259610832683459,41.196928929323995,-1.1552238592898334,-1.232549493959106,0.07732563466927256,140.15315007750658,135.82896041870117,131.50477075989576,0.37283297536083215,-29646200,bull,hold
2024-04-29,135.1815948486328,135.56665415493615,134.5077594232403,134.89281872954362,6388600,135.53824768066406,138.4104525756836,130.24528182983397,-0.04123706319618925,44.02586461182249,-1.062511165366658,-1.1985418282406164,0.13603066287395849,139.15833445802363,135.53824768066406,131.91816090330448,0.45073973996123645,-23257600,bull,hold
2024-04-30,135.08534240722656,135.9228225380925,134.9890739075476,135.63403172756642,9677700,135.35246047973632,138.31869384765625,130.294483833313,-0.026770280508874422,43.5458860201038,-0.9854428829422375,-1.1559220391809406,0.17047915623870313,138.6507573192451,135.35246047973632,132.05416364022756,0.4595066657873123,-32935300,bull,hold
2024-05-01,135.3260040283203,136.5389078516725,134.33450013629587,134.48852386613748,10710200,135.1864097595215,138.24114807128908,130.3477420425415,-0.023953017106609464,45.15587841845028,-0.8946335536285517,-1.1036643420704628,0.20903078844191114,138.11860829348274,135.1864097595215,132.25421122556025,0.5238036864117507,-22225100,bull,hold
2024-05-02,135.22972106933594,136.15384866108744,134.49813046356044,136.05758016809943,8425500,135.11565475463868,138.15553802490234,130.39590656280518,-0.010356046321922996,44.60777056813302,-0.8209720809099963,-1.0471258898383695,0.22615380892837322,137.97095606394458,135.11565475463868,132.26035344533278,0.5199744794578235,-30650600,bull,hold
2024-05-03,135.56666564941406,135.95171029985406,134.86395255253072,135.81694320334887,8539300,135.00062255859376,138.0438638305664,130.44285537719728,-0.01668737808889431,47.03085431978049,-0.7270255237492336,-0.9831058166205423,0.25608029287130873,137.5747587754505,135.00062255859376,132.42648634173702,0.6099481618559199,-22111300,bull,hold
2024-05-06,136.11532592773438,136.1538391976566,135.3837353728084,135.68214711641625,5605100,134.93516159057617,137.9297344970703,130.48208671569824,-0.00952682330224941,50.80460948644779,-0.6013677086290556,-0.9067581950222451,0.30539048639318944,137.31895460804296,134.93516159057617,132.5513685731094,0.7475391798932993,-16506200,bull,hold
2024-05-07,137.2416534423828,137.36678488668974,136.4041584828748,136.42341512373483,7720600,134.90147171020507,137.85271087646484,130.52048278808593,-0.004885584626617034,57.49879645617913,-0.40621517186914957,-0.8066495903916261,0.4004344185224765,137.1298085335552,134.90147171020507,132.67313488685494,1.025096050932609,-8785600,bull,hold
2024-05-08,136.76991271972656,137.54001650741188,136.59663239045605,137.52075987338003,5461100,134.92505569458007,137.77315826416014,130.55794662475586,0.0034606441844955427,54.17383680979488,-0.2863203910655443,-0.7025837505264098,0.41626335946086546,137.22098385201343,134.92505569458007,132.6291275371467,0.9017671500681612,-14246700,bull,hold
2024-05-09,137.9443359375,138.021347795306,136.9143188639183,136.9335755004973,6821800,135.0352767944336,137.73109802246094,130.60156791687012,0.016240042689563916,60.324917287684926,-0.09543664068687008,-0.5811543285585018,0.4857176878716317,137.66455486751278,135.0352767944336,132.40599872135442,1.0532049220757331,-7424900,bull,hold
2024-05-10,138.22348022460938,138.70479328175074,138.0309579394546,138.1272264262864,6324900,135.26053009033203,137.71744812011718,130.64701293945313,0.0336906920511173,61.64279074954398,0.07747167257792853,-0.4494291283312158,0.5269008009091443,138.15815840611165,135.26053009033203,132.3629017745524,1.0112716006642395,-1100000,bull,hold
2024-05-13,138.08872985839844,138.62779819743727,137.8384523262763,138.5026667756315,5351500,135.4925224304199,137.67194519042968,130.69653923034667,0.03476871964367434,60.59641255949414,0.20130896375627572,-0.3192815099137175,0.5205904736699932,138.51316770314745,135.4925224304199,132.47187715769238,0.9297438450351776,-6451500,bull,hold
2024-05-14,138.6759490966797,138.74333999140606,137.76145700540465,138.28126876945694,6198700,135.75147018432617,137.6424072265625,130.74709953308104,0.03879454452289144,63.50383800421969,0.3428820631605447,-0.18684879529886506,0.5297308584594098,138.92739468689496,135.75147018432617,132.57554568175738,0.9604137960439721,-252800,bull,hold
2024-05-15,140.73594665527344,140.88997037158887,139.23425214247305,139.29200736396385,8433700,136.1249687194824,137.6749789428711,130.8129050064087,0.0560530971971962,71.45963166683693,0.6142239598105732,-0.026634244276977415,0.6408582040875506,139.7666656653043,136.1249687194824,132.48327177366053,1.1330809515988427,8180900,bull,hold
2024-05-16,140.57232666015625,140.9670069943594,140.17764632595308,140.43755955683233,6740800,136.4907684326172,137.6852862548828,130.88122066497803,0.054901663065992645,70.15157045915925,0.8067617543297558,0.14004495544436923,0.6667167988853866,140.36848716733488,136.4907684326172,132.6130496978995,1.0262834293519503,1440100,bull,hold
2024-05-17,140.8418426513672,140.87072026345086,140.00436252391856,140.54343086749518,7071600,136.84501571655272,137.6879397583008,130.95045631408692,0.052968825077926995,71.09030678164319,0.9699164387438941,0.3060192521042742,0.6638971866396199,140.9470026463678,136.84501571655272,132.74302878673765,0.9871818222729751,8511700,bull,hold
2024-05-20,140.5434112548828,140.88995724003794,140.2449995126537,140.69743495684256,3890000,137.15883178710936,137.6898043823242,131.02138534545898,0.046745046894490105,68.52057502484503,1.0628845109870326,0.45739230388082597,0.6054922071062067,141.3824392757699,137.15883178710936,132.93522429844882,0.9006740063867554,4621700,bull,hold
2024-05-21,140.78408813476562,141.39054736859268,140.42792112493618,140.7937091093383,4048900,137.39708251953124,137.69801696777344,131.09575260162353,0.03503195931500347,69.47877019393549,1.1428093954874328,0.5944757222021474,0.5483336732852854,141.867037048682,137.39708251953124,132.92712799038048,0.8788635424752165,8670600,bull,hold
2024-05-22,141.03436279296875,141.45792068169823,140.32202878784238,140.40866162276146,6831200,137.66902542114258,137.69819061279296,131.16409629821777,0.040110902214814725,70.48486553978977,1.2123700680952538,0.7180545913807687,0.49431547671448517,142.3253659154624,137.66902542114258,133.01268492682274,0.8613714864636157,15501800,bull,hold
2024-05-23,139.4941864013672,140.81297978633958,139.39791789199904,140.80335881080768,5155900,137.9092025756836,137.67849487304687,131.21984146118163,0.035663524746445185,57.84741816741095,1.1301899134796827,0.8004816558005515,0.32970825767913114,142.41950822587984,137.9092025756836,133.39889692548735,0.6757069197311085,10345900,bull,hold
2024-05-24,139.02244567871094,139.8984388672376,138.93581286362777,139.67703899918934,3949500,138.12386627197264,137.65933959960938,131.27341819763183,0.03186595649570512,54.61734992595046,1.0152923567629273,0.8434437959930268,0.17184856076990052,142.41150873406397,138.12386627197264,133.83622380988132,0.6047871195747982,6396400,bull,hold
2024-05-28,137.33787536621094,138.71443844191901,136.7603084711981,138.71443844191901,8375100,138.23168029785157,137.61761932373048,131.31900009155274,0.01595099184909432,44.96244328826482,0.7793209428764385,0.8306192253697092,-0.05129828249327073,142.32185713279293,138.23168029785157,134.1415034629102,0.3907376175028573,-1978700,bull,hold
2024-05-29,136.26937866210938,136.43302337287088,135.68217602301843,136.16348918002703,6838200,138.2908821105957,137.55485626220704,131.35524520874023,0.008765097928340904,40.11818333068816,0.5003256998418522,0.7645605202641378,-0.26423482042228563,142.2286180387774,138.2908821105957,134.353146182414,0.24331652942763662,-8816900,bull,hold
2024-05-30,136.33673095703125,136.8276649503301,135.42222446680637,135.7206508780158,7395500,138.34141845703124,137.4749575805664,131.38987754821778,0.007468830074221389,40.55296540263917,0.2814107984855525,0.6679305759084208,-0.38651977742286825,142.14946119425107,138.34141845703124,134.5333757198114,0.2367824315092161,-1421400,bull,hold
2024-05-31,138.3293914794922,138.40640334338963,136.60629692638435,136.76994162897472,7945900,138.49640197753905,137.44126586914064,131.43685066223145,0.022921517441916173,51.72149659384236,0.2656479881208327,0.5874740583509032,-0.3218260702300705,142.0274934129307,138.49640197753905,134.9653105421474,0.47635143395425283,6524500,bull,hold
2024-06-03,139.3016357421875,139.7155579335666,137.99246359898567,138.23312013495286,10303300,138.68315048217772,137.42336090087892,131.4935824584961,0.027550800005897935,56.05920661331802,0.3278288273022554,0.5355450121411737,-0.2077161848389183,141.96066722535934,138.68315048217772,135.4056337389961,0.5943527231853876,16827800,bull,hold
2024-06-04,139.70594787597656,140.09099248820596,138.65667413390713,139.1765005177783,6964200,138.86268157958983,137.41739288330078,131.5574237060547,0.026379262759496314,57.758890295991726,0.40506288773465826,0.5094485872598706,-0.10438569952521237,141.9454836581144,138.86268157958983,135.77987950106527,0.6367694511206374,23792000,bull,hold
2024-06-05,140.34127807617188,140.49530180531238,139.08987567031136,139.86960060238212,5373400,139.0176628112793,137.4279815673828,131.62420402526857,0.022585159505458474,60.354063229342806,0.5116394138698297,0.5098867525818624,0.0017526612879672498,142.07041484874793,139.0176628112793,135.9649107738107,0.7167904973359913,29165400,bull,hold
2024-06-06,140.80332946777344,141.1017412207093,139.75405581297065,140.23536888248248,5425800,139.21933364868164,137.43760803222656,131.6926287460327,0.029490526592001798,62.174162208456714,0.6261676930622286,0.5331429406779358,0.09302475238429286,142.18309063643252,139.21933364868164,136.25557666093076,0.7672276818980778,34591200,bull,hold
2024-06-07,140.9573516845703,141.66007940758053,140.50493087029756,140.6685755666325,5222300,139.36998443603517,137.41296508789063,131.7640584564209,0.021842257796184317,62.787448894654155,0.7210486847316702,0.5707240894886827,0.15032459524298747,142.36532921576125,139.36998443603517,136.37463965630909,0.7649723763486597,39813500,bull,hold
2024-06-10,141.47718811035156,141.51568669930418,140.2257709859727,140.73596174853682,5396700,139.53266983032228,137.39833282470704,131.8361852645874,0.02353947303638293,64.85837607964675,0.8286369978144421,0.6223066711538346,0.20633032666060747,142.6134799969865,139.53266983032228,136.45185966365804,0.815585539977415,45210200,bull,hold
2024-06-11,140.88998413085938,141.37129727496747,140.28352486895952,141.37129727496747,5194000,139.6727325439453,137.39621551513673,131.91089187622072,0.020285900777952337,60.745936037909395,0.8566441963349973,0.6691741761900672,0.18747002014493008,142.732861449991,139.6727325439453,136.6126036378996,0.6988889396961729,40016200,bull,hold
2024-06-12,140.591552734375,141.54454322622266,140.22575009551903,141.49642366932852,6522700,139.76851272583008,137.4320248413086,131.97949394226075,0.013813524624661566,58.70854210452105,0.845018337948261,0.7043430085417061,0.14067532940655492,142.817746106365,139.76851272583008,136.71927934529515,0.6349585134740549,33493500,bull,hold
2024-06-13,140.4760284423828,140.70706400858714,139.17649193982092,140.07172721790738,4720600,139.75551681518556,137.4686050415039,132.04604454040526,-0.001846850211817519,57.89899468841795,0.8170643077946238,0.7268872683922897,0.09017703940233412,142.79032795436055,139.75551681518556,136.72070567601057,0.6187078197217116,28772900,bull,hold
2024-06-14,140.4279022216797,140.46640080329882,139.60966414931184,140.18724569316078,4109600,139.74829559326173,137.54426666259766,132.10664855957032,-0.0010274030593924177,57.54301376499238,0.7820125992387261,0.737912334561577,0.044100264677149115,142.7759770211338,139.74829559326173,136.72061416538966,0.6122321889881925,24663300,bull,hold
2024-06-17,140.2834930419922,140.5049076137765,139.54228154395716,139.83105761409644,4542800,139.72037811279296,137.59259033203125,132.16700576782227,-0.003964373078795269,56.422022880799815,0.734118789321144,0.7371536255134905,-0.0030348361923464573,142.7173525060746,139.72037811279296,136.7234037195113,0.5939472373306844,20120500,bull,hold
2024-06-18,140.46640014648438,140.92845656629765,140.1583674294451,140.43752253827785,4872600,139.71652755737304,137.6534274291992,132.23593296051024,-0.0005479524633053012,57.55001856686881,0.7028200031136009,0.7302869010335127,-0.027466897919911748,142.70945743814752,139.71652755737304,136.72359767659856,0.6252739988878872,24993100,bull,hold
2024-06-20,140.92848205566406,141.1113833997255,139.840724343291,140.03324666232513,6653600,139.72374725341797,137.7136880493164,132.30545890808105,0.0010256409144775436,60.34279126384325,0.7071500522233123,0.7256595312714726,-0.01850947904816036,142.727619820471,139.72374725341797,136.71987468636493,0.7005302780583672,31646700,bull,hold
2024-06-21,141.32315063476562,141.62156240779265,140.77446133660533,141.11137169484124,8535400,139.73818664550782,137.81418640136718,132.38352001190185,0.002047641695809954,62.60567407694469,0.7339673841638046,0.727321101849939,0.006646282313865548,142.7697690758021,139.73818664550782,136.70660421521356,0.7614086909561543,40182100,bull,hold
2024-06-24,142.14747619628906,142.6500072778169,141.52898207520207,141.89621802855663,6446100,139.8708511352539,137.94233764648436,132.46912624359132,0.019020791212671417,66.85924099538636,0.8123719780944043,0.7443312770988322,0.06804070099557213,143.07539799376337,139.8708511352539,136.66630427674443,0.8552179390027839,46628200,bull,hold
2024-06-25,141.7029571533203,142.514728012717,141.36471192220603,142.3117779248355,5171600,140.00487670898437,138.10202850341796,132.54970458984374,0.01928114169998274,62.71634001272707,0.8290820698762218,0.7612814356543102,0.06780063422191163,143.27972529774024,140.00487670898437,136.7300281202285,0.7592609090640509,41456600,bull,hold
2024-06-26,141.20042419433594,141.7029553253169,140.87185238587566,141.45168238679418,4572700,140.19800415039063,138.25705932617188,132.62777027130127,0.028124425383933893,58.316909380251154,0.7926376941181843,0.767552687347085,0.02508500677109926,143.27025543735505,140.19800415039063,137.12575286342621,0.6631409592370556,36883900,bull,hold
2024-06-27,140.96847534179688,141.3647020715344,140.15670453896655,141.30672054934132,4637900,140.432958984375,138.40648895263672,132.7003491973877,0.034483878372552734,56.352022130443906,0.7365484577049983,0.7613518414186677,-0.024803383713669414,142.93292266413644,140.432958984375,137.93299530461357,0.6071048275135286,32246000,bull,hold
2024-06-28,140.8524932861328,142.07982274246328,140.2243405524066,141.4903194362946,7656800,140.65874710083008,138.55821929931642,132.77315658569336,0.03312212561796546,55.347806888551666,0.6749580548473375,0.7440730841044018,-0.06911502925706425,142.30959000724718,140.65874710083008,139.007904194413,0.558680987921263,24589200,bull,hold
2024-07-01,140.06007385253906,142.53406545114626,139.78948355592135,141.1327763662968,6562000,140.74528121948242,138.69429412841797,132.84190670013427,0.012511313427583826,48.931895688364655,0.5557986897593707,0.7064182052353956,-0.1506195154760248,142.04213591312237,140.74528121948242,139.44842652584248,0.2358195292411074,18027200,bull,hold
2024-07-02,139.5478973388672,139.7605061273628,138.76511713852727,139.55757075856846,7536100,140.7575942993164,138.8101141357422,132.90609874725342,0.0017678298992516162,45.278480759717624,0.41524893893020476,0.6481843519743574,-0.23293541304415266,142.003045553828,140.7575942993164,139.5121430448048,0.014353951603035951,10491100,bull,hold
2024-07-03,138.48484802246094,139.8088086753208,137.93399403791767,139.7991500030894,7654000,140.69653930664063,138.8944692993164,132.9699683380127,-0.00874050011528249,38.80276129695881,0.2155977762717498,0.5616670368338359,-0.3460692605620861,142.22889731529574,140.69653930664063,139.16418129798552,-0.22166271579081204,2837100,bull,hold
2024-07-05,139.55755615234375,139.63486977152922,138.07896820732617,138.7844347065541,4846900,140.65735321044923,138.96523895263672,133.04015644073488,-0.005584400645138432,47.03467262528244,0.14229112897990603,0.47779185526304996,-0.3355007262831439,142.26240563418193,140.65735321044923,139.05230078671653,0.15739528446435472,7684000,bull,hold
2024-07-08,139.40292358398438,140.09873138398473,139.04536101172968,139.7121780489021,4001500,140.58733291625975,139.04138732910155,133.1090461730957,-0.009945829328628086,46.07258307098728,0.07090023315299732,0.3964135308410395,-0.32551329768804216,142.28056616674442,140.58733291625975,138.8940996657751,0.15025216344636605,3682500,bull,hold
2024-07-09,140.07940673828125,140.1567203586197,138.87140906936528,139.7025120554221,8336700,140.5434356689453,139.14916259765624,133.18127052307128,-0.0062284438221690275,50.81271994087374,0.06812368339600994,0.3307555613520336,-0.26263187795602366,142.24153636970914,140.5434356689453,138.84533496818148,0.3633682529972075,12019200,bull,hold
2024-07-10,141.40338134765625,141.42269869307398,139.92477864354797,140.2340331230142,5342300,140.53974533081055,139.28264678955077,133.26560543060302,-0.0005216866668126263,58.500955995424675,0.17078819378275512,0.2987620878381779,-0.1279738940554228,142.2300157545158,140.53974533081055,138.8494749071053,0.755472735230297,17361500,bull,hold
2024-07-11,142.39877319335938,142.77566788173206,141.239083617383,141.41304295220564,7690700,140.61518478393555,139.42699035644532,133.35620639801024,0.010708987383365898,63.16281793232632,0.32868152501043824,0.30474597527263,0.02393554973780826,142.4862575073314,140.61518478393555,138.7441120605397,0.976621883030487,25052200,bull,hold
2024-07-12,143.287841796875,143.8870038640936,142.7756520143693,142.8819563888175,6614600,140.74999923706054,139.59104034423828,133.44786277770996,0.019178172586187925,66.75511339632662,0.5195643195574746,0.3477096441295989,0.1718546754278757,142.95379614153242,140.74999923706054,138.54620233258865,1.0757886660664469,31666800,bull,hold
2024-07-15,142.7853240966797,143.97398967092127,142.57271532781496,143.8386945221951,5804100,140.8654640197754,139.74022674560547,133.54230617523194,0.016439072772078234,63.014629336398066,0.6231085235937428,0.40278942002242774,0.22031910357131507,143.23546186566884,140.8654640197754,138.49546617388197,0.9050341396366419,25862700,bull,hold
2024-07-16,144.8244171142578,144.8534078770238,143.3264971384011,143.6454102748917,7602500,141.0852897644043,139.93212066650392,133.65004844665526,0.03130798668228896,70.28947728236504,0.8597946390005404,0.4941904638180503,0.3656041751824901,144.00418788064005,141.0852897644043,138.16639164816857,1.1405032311774466,33465200,bull,hold
2024-07-17,145.48153686523438,146.24499948233077,143.64538670964265,143.82900467441422,10395500,141.3451919555664,140.1304180908203,133.7581161880493,0.03705385224251723,72.18801037024767,1.0878540583971414,0.6129231827338686,0.47493087566327286,144.80735771338013,141.3451919555664,137.88302619775268,1.0973637888845587,43860700,bull,hold
2024-07-18,142.1764678955078,145.5008793480876,141.92520972611538,144.55381344461742,11033400,141.4306953430176,140.25164093017577,133.85433753967285,0.012174212105102056,53.626668029456994,0.9904836679359903,0.688435279774293,0.3020483881616973,144.88628463378095,141.4306953430176,137.97510605225423,0.607908158310891,32827300,bull,hold
2024-07-19,142.90126037597656,143.58740940983984,142.33108912362098,142.89160170504363,5985700,141.5293342590332,140.36483306884764,133.95504230499267,0.013998435884190474,56.281444434718765,0.9607269653848789,0.7428936168964102,0.2178333484884687,145.03422333994016,141.5293342590332,138.02444517812623,0.6957160533862539,38813000,bull,hold
2024-07-22,143.7227325439453,143.9836641706136,142.9109616454944,143.6260868315303,5190200,141.6493133544922,140.50388946533204,134.06529720306398,0.016979397207051772,59.136773466474615,0.9919953974077771,0.7927139729986836,0.19928142440909347,145.27979051403196,141.6493133544922,138.01883619495243,0.7855573934689023,44003200,bull,hold
2024-07-23,143.63575744628906,144.39920547362806,143.48113020786988,144.31223318179167,3553300,141.72372741699218,140.6177178955078,134.17253902435303,0.010469980120820788,58.699641506782655,0.9982504814028914,0.8338212746795253,0.16442920672336614,145.45169916818963,141.72372741699218,137.99575566579472,0.7564437389691493,40449900,bull,hold
2024-07-24,144.8340606689453,145.01767864467396,143.22985122776765,143.71305021818497,6870400,141.88028259277343,140.74992950439454,134.28243030548094,0.02209624681464617,62.781604529403886,1.0873662546434275,0.8845302706723058,0.20283598397112168,145.84695419404582,141.88028259277343,137.91361099150103,0.8723245044062128,47320300,bull,hold
2024-07-25,144.10928344726562,146.43830646378956,143.95467095452616,144.3992058335079,11472800,142.0257255554199,140.87034057617188,134.3822522354126,0.020600924321064307,58.984310356852966,1.0869776803287152,0.9250197526035877,0.16195792772512752,146.09403189151203,142.0257255554199,137.9574192193278,0.756071903111297,35847500,bull,hold
2024-07-26,144.9210662841797,145.8584588794567,144.00297628776715,144.0899633242085,6028800,142.22335510253907,140.99524291992188,134.48398445129394,0.02803882877217223,61.773190778808576,1.1390436369547388,0.9678245294738179,0.17121910748092084,146.44803623571244,142.22335510253907,137.9986739693657,0.8192798576509646,41876300,bull,hold
2024-07-29,145.00804138183594,145.50089911624244,144.24457860646686,144.940386435079,8227200,142.4311325073242,141.08068481445312,134.5831914138794,0.029502836611215555,62.07076390986025,1.1737936832758464,1.0090183602342238,0.16477532304162268,146.77282434209533,142.4311325073242,138.08944067255308,0.7967632172640798,50103500,bull,hold
2024-07-30,145.13365173339844,146.03240958576177,144.09961349025625,145.00803001451408,7269400,142.6848114013672,141.17191131591798,134.68579570770262,0.03622429819793638,62.52448448167577,1.1976631358369616,1.0467473153547715,0.1509158204821901,147.03558308781092,142.6848114013672,138.33403971492348,0.7814259754954985,57372900,bull,hold
2024-07-31,144.60215759277344,145.59754649168377,144.0416449052015,145.07568324122545,8417800,142.9375244140625,141.2471176147461,134.79108989715576,0.036218820564762,59.29248162616588,1.1603172981544958,1.0694613119147165,0.09085598623977931,147.11376149028985,142.9375244140625,138.76128733783514,0.6992982137181143,48955100,bull,hold
2024-08-01,146.0807342529297,146.24502015356182,144.46685126265209,145.34626229002825,10357700,143.31731872558595,141.35786407470704,134.8999095916748,0.05484994451693925,64.75125782221443,1.2357838848470521,1.1027258265011837,0.13305805834586848,147.17408802762597,143.31731872558595,139.46054942354593,0.8582552274882039,59312800,bull,hold
2024-08-02,145.79083251953125,146.67025841743651,143.6260952507028,146.30302238401097,15742100,143.6289825439453,141.45799896240234,135.00260093688965,0.044664556610486406,62.968327110093924,1.2577010565447893,1.1337208725099048,0.12398018403488442,147.21821968891047,143.6289825439453,140.03974539898016,0.8011573056155539,43570700,bull,hold
2024-08-05,141.896240234375,143.7903723252204,141.2777460164978,143.51012335374108,17575600,143.75364837646484,141.47523651123046,135.08667861938477,0.017885684075259034,45.02993693551189,0.9498601277879004,1.096948723565504,-0.14708859577760358,146.8919634210816,143.75364837646484,140.61533333184806,0.20407557627525416,25995100,bull,hold
2024-08-06,142.5533905029297,144.36056513040054,142.01220988043835,142.46641820561487,13335600,143.87734756469726,141.5364205932617,135.17948486328126,0.017661295277118905,47.73548710508495,0.7502718417486562,1.0276133472021345,-0.27734150545347824,146.5932136939523,143.87734756469726,141.16148143544223,0.2562550952887475,39330700,bull,hold
2024-08-07,141.10379028320312,143.14289099426122,140.64958196751252,142.45675655724142,11485000,143.86236801147462,141.57804748535156,135.27115440368652,-0.0021186980226204355,42.73841096290654,0.46971152214717904,0.9160329821911435,-0.44632146004396445,146.6353544005702,143.86236801147462,141.08938162237902,0.0025980403078721746,27845700,bull,hold
2024-08-08,144.22525024414062,144.35087196327666,142.65967537632125,143.30716030008506,11479100,143.95369186401368,141.71579498291015,135.38086631774902,0.012826494286584333,53.92368342877979,0.49355182108521944,0.8315367499699587,-0.3379849288847393,146.647018445506,143.95369186401368,141.26036528252135,0.5504131919970287,39324800,bull,hold
2024-08-09,144.9403839111328,145.30761991041237,144.16726247657496,144.47651694882404,8550400,144.03631896972655,141.88921508789062,135.49797340393067,0.011533023971429968,56.04220648835233,0.563653295727363,0.7779600591214397,-0.21430676339407673,146.74422223553336,144.03631896972655,141.32841570391975,0.6669308045124905,47875200,bull,hold
2024-08-12,144.3895263671875,145.2882694144381,143.97396756600338,145.2882694144381,5044300,144.11652908325195,142.05027099609376,135.6104641723633,0.011235064112202542,53.98323145407224,0.568209652175284,0.7360099777322086,-0.1678003255569246,146.7658608681302,144.11652908325195,141.4671972983737,0.5515219130902658,42830900,bull,hold
2024-08-13,146.13873291015625,146.28368673768924,144.79544003944238,144.95972595933506,4815700,144.18224487304687,142.20645782470703,135.7371438598633,0.009075236221123717,59.11940340651205,0.7048419673251374,0.7297763756507945,-0.024934408325657076,146.9606122384026,144.18224487304687,141.40387750769113,0.8520931143781408,47646600,bull,hold
2024-08-14,146.66055297851562,146.87316171502172,145.60718271332104,145.95508657796162,4837300,144.24119567871094,142.3536361694336,135.8724006652832,0.00810423190932763,60.53456080107703,0.8454843625130763,0.7529179730232509,0.09256638948982543,147.17312246904078,144.24119567871094,141.3092688883811,0.9125882862737701,52483900,bull,hold
2024-08-15,147.5786590576172,147.81058516212158,146.65091040140575,147.33705953471537,5886800,144.5113052368164,142.5110903930664,136.02236976623536,0.03799638042829767,62.96380225315942,1.0192783552238325,0.8061900494633674,0.2130883057604651,147.62248993202425,144.5113052368164,141.40012054160857,0.9929559189342605,58370700,bull,hold
2024-08-16,147.7332763671875,147.97487589797498,147.11478215821415,147.5303410191225,4562500,144.75290603637694,142.65893035888672,136.16981758117674,0.03381366951206588,63.372694286139314,1.1561601764276475,0.8761840748562234,0.27997610157142405,148.0700971862065,144.75290603637694,141.43571488654737,0.9492310204920938,62933200,bull,hold
2024-08-19,148.63201904296875,148.76731417648853,147.65594760123128,147.7429346304011,4729600,144.9983703613281,142.81550415039064,136.31836933135986,0.03415803757782254,65.74039365497995,1.3219227264197002,0.9653318051689188,0.3565909212507814,148.68076065078583,144.9983703613281,141.3159800718704,0.9933817976931153,67662800,bull,hold
2024-08-20,149.23117065429688,149.9946332976302,148.8736081291772,149.02823534125264,4878300,145.27814102172852,142.98098052978514,136.46867553710936,0.038955572814799666,67.25985024621647,1.4845245938251708,1.0691703629001692,0.41535423092500157,149.33509660775528,145.27814102172852,141.22118543570176,0.9871916328322217,72541100,bull,hold
2024-08-21,149.48245239257812,149.86902048374097,148.96060390208942,149.54044866580122,5530100,145.51056060791015,143.14108581542968,136.61078468322754,0.03209460331474023,67.90280714430192,1.6150468269678413,1.1783456557137035,0.43670117125413777,149.9533771154305,145.51056060791015,141.0677441003898,0.9470015561012659,78071200,bull,hold
2024-08-22,149.57908630371094,150.12994026039456,148.8156383462374,149.98497170786868,4951800,145.78405075073243,143.3148678588867,136.75036907196045,0.03795593681129428,68.16174986218489,1.7066114318626546,1.2839988109434937,0.42261262091916096,150.51240097231084,145.78405075073243,141.05570052915402,0.9013065207880955,83023000,bull,hold
2024-08-23,150.22659301757812,150.33289740643232,149.44381285695445,149.97533480122542,4069400,146.04932708740233,143.50756866455077,136.8891328048706,0.03660976881714828,69.91325439715244,1.8105544763267858,1.3893099440201522,0.4212445323066336,151.1359858728284,146.04932708740233,140.96266830197627,0.910610000236717,87092400,bull,hold
2024-08-26,150.14926147460938,150.83541058370065,150.00430766441045,150.37154364499992,4433600,146.306388092041,143.7010333251953,137.02708015441894,0.035454724053789244,69.42205634890902,1.8651893370652601,1.484485822629174,0.3807035144360862,151.66873956976843,146.306388092041,140.94403661431357,0.8583197966908526,82658800,bull,hold
2024-08-27,150.38121032714844,150.79675443589574,149.84968841800026,150.29423803639645,3785400,146.56876602172852,143.9000994873047,137.16704662323,0.03615673230209526,70.10060310443338,1.9052417508143265,1.5686370082662044,0.336604742548122,152.18349823216434,146.56876602172852,140.9540338112927,0.8395036630895699,86444200,bull,hold
2024-08-28,150.55514526367188,151.18331284190117,149.84967881821382,150.28455499017937,5150100,146.86641540527344,144.10553253173828,137.3205350494385,0.04116804181901035,70.62698305159145,1.9287848419835143,1.6406665750096665,0.2881182669738478,152.66085854697036,146.86641540527344,141.07197226357653,0.8182989088161264,91594300,bull,hold
2024-08-29,150.8740692138672,151.56021836478087,150.23625766405158,151.15433292542002,4339200,147.1060821533203,144.31368591308595,137.4720372390747,0.03281291667550179,71.61378366584437,1.950691056539256,1.7026714713155844,0.2480195852236715,153.14219096257466,147.1060821533203,141.06997334406594,0.8121205382157737,95933500,bull,hold
2024-08-30,151.91778564453125,151.99509926576076,150.3232346016109,150.9803782629635,7020600,147.4124298095703,144.53347198486327,137.62527267456053,0.042025640564054,74.618962337755,2.0288833780072366,1.7679138526539149,0.26096952535332174,153.7641016988313,147.4124298095703,141.06075792030933,0.8546590498934867,102954100,bull,hold
2024-09-03,151.62786865234375,152.53628530156595,151.21232451275733,151.6085513058974,7674900,147.89901123046874,144.73956634521485,137.7729525375366,0.06858270805410127,72.32837257008188,2.0438967088061304,1.823110423884358,0.22078628492177232,153.97066712599732,147.89901123046874,141.82735533494017,0.8070708786890486,95279200,bull,hold
2024-09-04,151.366943359375,154.27579641322728,150.62281267264436,151.4249248876279,8235500,148.339688873291,144.92395568847655,137.91885028839113,0.06182632924654419,70.23859006572795,2.011552466445295,1.8607988323965454,0.15075363404874942,154.06493093208414,148.339688873291,142.61444681449788,0.7643778599224965,87043700,bull,hold
2024-09-05,149.28916931152344,151.28962038899778,148.5643707610294,151.20264810199393,7245600,148.74895782470702,145.07567993164062,138.05173328399658,0.0580096325682804,56.29102558211098,1.7975395038958482,1.848146966696406,-0.050607462800557945,153.419830256353,148.74895782470702,144.07808539306103,0.5578276858040897,79798100,bull,hold
2024-09-06,148.7769775390625,150.42952470050346,148.46773782957996,149.81103053547434,7651800,148.97654418945314,145.22721099853516,138.18329669952394,0.03155985021497165,53.472191337653804,1.5685221467859378,1.7922220027143125,-0.2236998559283747,153.16190415306684,148.97654418945314,144.79118422583943,0.4761589621770158,72146300,bull,hold
2024-09-09,149.8206787109375,150.29421903304276,148.58369046754316,149.15386174068868,6169200,149.22055892944337,145.40425506591797,138.31635452270507,0.033671049214254456,58.07890531927846,1.4544759103760327,1.7246727842466567,-0.27019687387062397,152.98399617633675,149.22055892944337,145.45712168255,0.579730276091293,78315500,bull,hold
2024-09-10,150.50685119628906,150.6131555812238,149.463139438584,150.02365212768848,7337200,149.52642517089845,145.5973422241211,138.44911907196044,0.04236681830747879,60.82508248935562,1.403285628141333,1.6603953530255922,-0.2571097248842591,152.6008971119463,149.52642517089845,146.4519532298506,0.6594462470612861,85652700,bull,hold
2024-09-11,150.06228637695312,150.23624569199671,147.71394621934357,149.96564067458849,6636500,149.72260284423828,145.79738647460937,138.57670070648194,0.026848142095285743,58.16646952625909,1.3117235624190755,1.590660994904289,-0.2789374324852134,152.37977665751328,149.72260284423828,147.0654290309633,0.5639181996709843,79016200,bull,hold
2024-09-12,150.6034698486328,150.73876498693627,148.62235088013892,150.02363986135975,4838100,149.91974868774415,146.01849792480468,138.7036460876465,0.026884644780350575,60.433681714306196,1.2682098156490724,1.5261707590532458,-0.2579609434041734,152.19682185287505,149.91974868774415,147.64267552261325,0.6501315749003088,83854300,bull,hold
2024-09-13,150.91273498535156,151.37660195721037,150.46818535885737,150.67113545370725,4358500,150.08645248413086,146.2670556640625,138.83605285644532,0.022591856769972996,61.71075430719741,1.244336038451877,1.469803814932972,-0.22546777648109506,152.12972579003727,150.08645248413086,148.04317917822445,0.7021957852706734,88212800,bull,hold
2024-09-16,151.9564208984375,152.29465133760002,151.4055669818244,151.70514799076304,4711900,150.29760971069337,146.51503295898436,138.97687702178956,0.028586278156814693,65.73068783699865,1.294708040398774,1.4347846600261325,-0.1400766196273584,152.19193943699275,150.29760971069337,148.40327998439398,0.9378359175582002,92924700,bull,hold
2024-09-17,150.39085388183594,151.81146013890725,149.8593467721816,151.77281070670205,6280000,150.38555145263672,146.73479156494142,139.10968238830566,0.011833485477706684,56.19923712833758,1.194530239569616,1.3867337759348293,-0.19220353636521326,152.11888654795018,150.38555145263672,148.65221635732325,0.501529545329566,86644700,bull,hold
2024-09-18,150.13961791992188,151.70517821196054,149.55977312861427,150.26525439878716,7148900,150.43097381591798,146.93599578857422,139.23344917297362,0.006087516848135355,54.82530058296939,1.0823888631596503,1.3258647933797936,-0.24347593022014324,152.08680455705328,150.43097381591798,148.77514307478268,0.41202123237658345,79495800,bull,hold
2024-09-19,150.68080139160156,151.49257231801104,150.28457460154485,151.49257231801104,6717400,150.49089126586915,147.12154418945312,139.35743919372558,0.008016653325142675,57.249798548535864,1.025365225671493,1.2657648798381336,-0.24039965416664066,152.0908785237751,150.49089126586915,148.8909040079632,0.5593473869226193,86213200,bull,hold
2024-09-20,150.06228637695312,150.73876205531408,149.69505040324412,150.1879228408144,8541600,150.51505126953126,147.274814453125,139.47714302062988,0.0032303986150916675,53.702394871293215,0.9196632837282266,1.1965445606161522,-0.27688127688792563,152.07328333655815,150.51505126953126,148.95681920250436,0.35471840101391117,77671600,bull,hold
2024-09-23,149.7683563232422,150.55407065650516,149.49675685040853,150.53466646528528,6416400,150.49213943481445,147.40442474365236,139.59618881225586,-0.003050303445824132,52.0517619059567,0.8029204669954026,1.1178197418920024,-0.31489927489659975,152.07985993980557,150.49213943481445,148.90441892982332,0.2720684751198368,71255200,bull,hold
2024-09-24,149.4676971435547,149.75870088388805,148.7595993895601,149.7005030960344,5341600,150.45806121826172,147.53807220458984,139.7132538986206,-0.004539245310706597,50.347068782844154,0.678320998332282,1.0299199931800584,-0.35159899484777646,152.10201816572146,150.45806121826172,148.81410427080198,0.19878649308993424,65913600,bull,hold
2024-09-25,148.01266479492188,150.1369724496789,147.95446701825384,149.92357073452123,5940100,150.3396339416504,147.60183715820312,139.82380767822266,-0.01575027576300181,43.0065285025868,0.45689922158754825,0.9153158388615564,-0.4584166172740082,152.29955891145985,150.3396339416504,148.37970897184093,-0.09363730310419341,59973500,bull,hold
2024-09-26,148.50738525390625,148.69167329177318,147.66347303359785,147.91568315047624,6172900,150.23724594116212,147.66235412597655,139.93578472137452,-0.013601395064773869,45.89496878200309,0.317678672756756,0.7957884056405964,-0.4781097328838404,152.34947478801345,150.23724594116212,148.12501709431078,0.09051295747746792,66146400,bull,hold
2024-09-27,148.42977905273438,149.574374839297,148.4200695555536,148.70137855466663,7312500,150.11503143310546,147.7874203491211,140.04321994781495,-0.016200863235603324,45.50536592711826,0.19879166633995737,0.6763890577804686,-0.4775973914405113,152.34528785154117,150.11503143310546,147.88477501466974,0.12218416536312324,58833900,bull,hold
2024-09-30,149.39979553222656,149.43858912140433,148.00298950480024,148.2260859449668,7233800,149.98913192749023,147.9173910522461,140.15278385162352,-0.01657468940599538,51.09377933009955,0.1807613757297304,0.577263521370321,-0.3965021456405906,152.0779040259576,149.98913192749023,147.90035982902288,0.3589275498997476,66067700,bull,hold
2024-10-01,148.6140899658203,149.71989222696504,148.05148673807108,149.51618518890993,10560200,149.83844299316405,148.0152182006836,140.24667407989503,-0.019876152802975167,46.898515464813094,0.10189775384907307,0.48219036786607145,-0.3802926140169984,151.86654474806107,149.83844299316405,147.81034123826703,0.19815295894610932,55507500,bull,hold
2024-10-02,148.31336975097656,148.77898158708962,147.31426840437786,148.42978011053626,7158400,149.68576431274414,148.10877044677736,140.3422117996216,-0.020173318827933606,45.363252015299075,0.014959710976711449,0.38874423648819945,-0.373784525511488,151.6902244932674,149.68576431274414,147.68130413222087,0.15766479795839286,48349100,bull,hold
2024-10-03,146.9747772216797,148.0805794365816,146.70317771633978,147.94477968391163,5551000,149.57004470825194,148.15158477783203,140.43654712677002,-0.015502746116928812,39.21016640480428,-0.1601069313427388,0.2789740029220118,-0.4390809342647506,151.89442187008112,149.57004470825194,147.24566754642277,-0.05827159404068062,42798100,bull,hold
2024-10-04,147.09115600585938,147.4597616358102,146.35395954701903,147.19785685657877,6590100,149.4857536315918,148.2112222290039,140.53041904449464,-0.01133119896027257,39.972507065808244,-0.2861590480248992,0.16594739273262962,-0.4521064407575288,152.0308461605219,149.4857536315918,146.9406611026617,0.029565703699768218,49388200,bull,hold
2024-10-07,146.44126892089844,147.5470711056988,146.16966942295187,147.10086347275083,5922800,149.31678314208983,148.2416262817383,140.61672527313232,-0.022556364175597254,37.169323366239006,-0.4334996015132333,0.04605799388345702,-0.4795575953966903,152.17941031734335,149.31678314208983,146.4541559668363,-0.0022509123872779284,43465400,bull,hold
2024-10-08,147.23667907714844,147.46948501519955,146.7031895208439,146.82927978635712,4726600,149.1532745361328,148.28619903564453,140.71636039733886,-0.021727729290381026,42.4855675280462,-0.48054566826036194,-0.059262738545306774,-0.42128292971505515,152.09772835256197,149.1532745361328,146.20882071970365,0.17454142967188802,48192000,bull,hold
2024-10-09,148.7401885986328,148.85659897024397,147.02329472881075,147.37248144045097,7840000,149.0871696472168,148.35832977294922,140.81574378967287,-0.008810326766575005,50.93628106146789,-0.39199073686677366,-0.12580833820960016,-0.2661823986571735,152.0062784743645,149.0871696472168,146.1680608200691,0.4405672982526275,56032000,bull,hold
2024-10-10,148.18728637695312,148.85659047151285,147.8283753864848,148.74018010654797,4385500,148.96636047363282,148.4300323486328,140.90914939880372,-0.016043345310092327,48.13531897063168,-0.3622491218420407,-0.17309649493608828,-0.18915262690595244,151.82379667395313,148.96636047363282,146.1089242733125,0.3636760294783901,51646500,bull,hold
2024-10-11,149.273681640625,149.4482897842627,148.43947891251062,148.65288064303266,9354000,148.8844078063965,148.49389129638672,141.00654830932618,-0.010860934598300509,53.54126371210088,-0.2481550819503866,-0.18810821233894795,-0.06004686961143865,151.6045716235581,148.8844078063965,146.1642439892349,0.5715533806773997,61000500,bull,hold
2024-10-14,150.09820556640625,150.3600956079998,148.92449592424916,149.43859611101928,4819800,148.79149703979493,148.58003875732422,141.10533630371094,-0.012228606866656944,57.188473049187635,-0.0901631981330695,-0.16851920949777227,0.07835601136470277,151.19398942540198,148.79149703979493,146.3890046541879,0.7719485261305303,65820300,bull,hold
2024-10-15,148.264892578125,149.95268750704298,147.9350804692338,148.0902844262339,9088600,148.68519897460936,148.7074118041992,141.19327903747558,-0.014136240661159705,48.13926119889685,-0.11160007229139524,-0.15713538205649688,0.045535309765101645,150.9809878452211,148.68519897460936,146.38941010399762,0.40846144393661793,56731700,bull,hold
2024-10-16,148.68197631835938,149.00207890722052,147.67318026948482,148.07087003043688,4510200,148.61231689453126,148.82998352050782,141.28263580322266,-0.0097085740709687,50.074763590507864,-0.09385191097462098,-0.1444786878401217,0.05062677686550071,150.80920891086814,148.61231689453126,146.4154248781944,0.5158540846136499,61241900,bull,hold
2024-10-17,147.8186798095703,148.42978611854016,147.72167363952119,148.18728549448082,5430000,148.46921081542968,148.96428131103517,141.35616622924806,-0.018994600211827528,46.22893184276659,-0.14774407690080693,-0.14513176565225874,-0.002612311248548188,150.4728733303115,148.46921081542968,146.46554830054785,0.3376645265787857,55811900,bull,hold
2024-10-18,148.53648376464844,148.89537994413448,147.4985740116676,147.9253774689284,9823900,148.39292068481444,149.05050598144533,141.43438873291015,-0.010167795314486305,49.68885251148354,-0.13102287627378928,-0.14230998777656487,0.011287111502775588,150.2596584592274,148.39292068481444,146.52618291040147,0.5384529315798363,65635800,bull,hold
2024-10-21,146.79046630859375,148.5461683004566,146.64495706662777,148.14846376056997,4825900,148.24402618408203,149.08750762939454,141.50057189941407,-0.01988330571126329,42.521574757750656,-0.2557125261085389,-0.16499049544295968,-0.09072203066557921,150.12318530334505,148.24402618408203,146.364867064819,0.11324193875121509,60809900,bull,hold
2024-10-22,146.57708740234375,146.8486869350006,145.88837907242245,146.01448414153614,5166900,148.0994956970215,149.13125885009765,141.56626373291016,-0.019339360921809656,41.729392848892786,-0.3675114234735588,-0.2054946810490795,-0.1620167424244793,150.02405944128952,148.0994956970215,146.17493195275347,0.10447963877217128,55643000,bull,hold
2024-10-23,145.8883514404297,146.4024515156616,145.11236138042338,146.17935511346286,4910200,147.99328002929687,149.12625122070312,141.6226131439209,-0.014352240448042175,39.19138944836846,-0.505856887903974,-0.2655671224200584,-0.24028976548391556,150.14621811411266,147.99328002929687,145.84034194448108,0.011149762338082547,50732800,bull,hold
2024-10-24,144.92807006835938,146.4800651126649,144.88926168164062,145.88836302423778,5066300,147.81431427001954,149.0916015625,141.6742569732666,-0.024101933916803153,35.9118120765999,-0.6850861003960631,-0.34947091801525937,-0.33561518238080373,150.33091296858225,147.81431427001954,145.29771557145682,-0.07344148737511412,45666500,bull,hold
2024-10-25,144.1326446533203,145.5003515097668,143.9677460310699,145.42274954616758,5314500,147.59945755004884,149.02268127441405,141.71885437011719,-0.028950621814827104,33.41730743221619,-0.8811533387289217,-0.4558074021579918,-0.42534593657092984,150.56320420296882,147.59945755004884,144.63571089712886,-0.08486998092649213,40352000,bull,hold
2024-10-28,144.34608459472656,145.0056940595404,144.1617817324835,144.54008215459,4923500,147.34677200317384,148.95493743896483,141.76499862670897,-0.03382675939747104,34.727508948250986,-1.0076990903734782,-0.5661857398010891,-0.44151335057238905,150.50858129969484,147.34677200317384,144.18496270665284,0.025479381101669887,45275500,bull,hold
2024-10-29,143.9483642578125,144.84077957765385,143.88047177975312,144.24907746398918,7342600,147.11348571777344,148.86126434326172,141.81083267211915,-0.031394908175132574,33.408287372509676,-1.1270878504143695,-0.6783661619237452,-0.4487216884906243,150.54393235644898,147.11348571777344,143.6830390790979,0.03867210405246681,37932900,bull,hold
2024-10-30,143.6767578125,143.72526089509603,141.25175169332567,141.7561571104115,9211800,146.88165512084962,148.75017608642577,141.85933723449708,-0.03126226547385169,32.500302784152765,-1.2294483577600772,-0.7885826010910116,-0.4408657566690656,150.57316671347263,146.88165512084962,143.1901435282266,0.06590989518302383,28721100,bull,hold
2024-10-31,142.46426391601562,143.49246420850793,142.43516502479895,142.82317490946076,6701100,146.6561294555664,148.60981231689453,141.90312225341796,-0.030689029716037153,28.744496816076335,-1.3923576887873708,-0.9093376186302835,-0.48302007015708726,150.8184299254798,146.6561294555664,142.493828985653,-0.0035515299593448946,22020000,bull,hold
2024-11-01,143.3081817626953,144.0162794784017,143.00746853993644,143.0171780380971,6896900,146.46698074340821,148.48439422607422,141.95122276306154,-0.025718570347039504,34.4246692986206,-1.436804798674359,-1.0148310546390986,-0.42197374403526045,150.86988176336598,146.46698074340821,142.06407972345045,0.14128208124660482,28916900,bull,hold
2024-11-04,142.3672637939453,143.6476593319606,142.08595479472538,142.95896588075027,5985900,146.26328048706054,148.32720764160158,141.99423484802247,-0.027820061632719995,31.417543402936474,-1.5303131723188699,-1.117927478175053,-0.41238569414381687,151.0152238587118,146.26328048706054,141.51133711540928,0.09006069849677188,22931000,bull,hold
2024-11-05,143.41485595703125,143.45364953926466,141.56214788282912,142.0859426488184,5035300,146.0721893310547,148.19251953125,142.03955947875977,-0.025957004355651403,37.91974577633238,-1.5025666466680718,-1.194855311873657,-0.3077113347944149,150.95768889459816,146.0721893310547,141.1866897675112,0.22803872567577707,27966300,bull,hold
2024-11-06,143.59915161132812,146.383068618872,142.9298623750404,146.15026270990518,10685600,145.81513748168945,148.0568783569336,142.08628532409668,-0.03456387299049013,39.015156271015435,-1.4490030014801505,-1.2456848497949558,-0.20331815168519474,150.65283760329828,145.81513748168945,140.97743736008061,0.270967007601086,38651900,bull,hold
2024-11-07,144.63710021972656,144.8116935976303,143.76410372807533,144.46249204075656,9381600,145.63762817382812,147.93851745605468,142.14433937072755,-0.02395742741516793,44.91085008884211,-1.30772500869449,-1.2580928815748627,-0.04963212711962739,150.37360120277995,145.63762817382812,140.9016551448763,0.39436933572202015,48033500,bull,hold
2024-11-08,145.67495727539062,146.4218632879297,144.6661612645188,144.83105990086023,8701100,145.45769195556642,147.83453521728515,142.20858993530274,-0.024108230772376005,50.10502087892853,-1.0993422576704859,-1.2263427567939873,0.12700049912350142,149.89120456861647,145.45769195556642,141.02417934251636,0.5245026166368273,56734600,bull,hold
2024-11-11,144.8213653564453,146.08237147215078,144.60796363835382,145.35486965167405,6071900,145.19384994506837,147.69260681152343,142.26478378295897,-0.03515591802079454,46.24317255525236,-0.9916441043035036,-1.1794030262958906,0.18775892199238697,149.08636746689552,145.19384994506837,141.3013324232412,0.45215376853997985,50662700,bull,hold
2024-11-12,142.80377197265625,144.8310736842789,142.7746730811833,144.58857305462843,7022300,144.92079391479493,147.51612487792968,142.30618980407715,-0.036833538341459526,38.65864364275414,-1.0569120420612421,-1.1549048294489608,0.09799278738771866,148.67708041173427,144.92079391479493,141.1645074178556,0.2182028122903233,43640400,bull,hold
2024-11-13,142.4254608154297,143.17236684258677,142.27995156800125,142.745563398497,5981200,144.60796813964845,147.3372952270508,142.34416969299318,-0.04207985162595074,37.419341174935816,-1.126181976868878,-1.1491602589329444,0.02297828206406627,148.09139852154019,144.60796813964845,141.1245377577567,0.18673016467268774,37659200,bull,hold
2024-11-14,140.18478393554688,142.1926816788481,140.02957996281924,142.18298698095217,7936700,144.22627334594728,147.15520751953125,142.3718571472168,-0.05164364804135657,31.066866774708174,-1.3463627654766697,-1.1886007602416895,-0.15776200523498018,147.8872433510881,144.22627334594728,140.56530334080645,-0.051969751831514845,29722500,bull,hold
2024-11-15,137.58514404296875,139.53485844138498,137.32325403806792,139.40875338646495,14246100,143.67870635986327,146.93137084960938,142.3778182220459,-0.07372828172660773,25.63035790735158,-1.7109045968083478,-1.2930615275550212,-0.4178430692533266,147.83908132789503,143.67870635986327,139.5183313918315,-0.23233330693955867,15476400,bull,hold
2024-11-18,137.68214416503906,137.82763860581986,137.07103791163544,137.22624184917638,7933100,143.22329025268556,146.6886001586914,142.38527145385743,-0.062049820895087926,26.14965862681838,-1.9692789039622198,-1.4283050028364612,-0.5409739011257586,147.88529048729438,143.22329025268556,138.56129001807673,-0.09428848228183719,23409500,bull,hold
2024-11-19,136.97406005859375,137.3620551396445,136.05254583923696,136.4308462236337,6205800,142.74313888549804,146.4179443359375,142.38707405090332,-0.06551520100403119,24.788909976870443,-2.2057523336828524,-1.5837944690057395,-0.6219578646771129,147.87860861916255,142.74313888549804,137.60766915183353,-0.061689497368302135,17203700,bull,hold
2024-11-20,138.5939483642578,138.78794588504752,137.041938595816,137.26503500467103,9328800,142.37841873168946,146.18857757568358,142.3895425415039,-0.049999900637374584,33.33547471093158,-2.236664901431709,-1.7143685554909336,-0.5222963459407755,147.60389959149347,142.37841873168946,137.15293787188546,0.13788305143905974,26532500,bull,hold
2024-11-21,139.70945739746094,139.90345493517444,137.87615328410098,138.59396045481068,7969600,142.11748809814452,145.97069732666014,142.39571815490723,-0.036008294793665074,38.5167781330386,-2.1464086153790447,-1.800776567468556,-0.3456320479104886,147.3288063159369,142.11748809814452,136.90616988035214,0.26896146041685476,34502100,bull,hold
2024-11-22,139.83555603027344,140.66975872505662,139.62215430827803,140.00045466980396,6330300,141.9026336669922,145.74915374755858,142.40372337341307,-0.029813430769848104,39.09305741174559,-2.0411753537131005,-1.848856324717465,-0.19231902899563558,147.1182313762537,141.9026336669922,136.68703595773067,0.3018369368243098,40832400,bull,hold
2024-11-25,141.02867126464844,141.47487895363565,140.44666380963284,140.46606800508388,6834300,141.73676300048828,145.53059875488282,142.41822158813477,-0.02298235757064182,44.402939903588944,-1.8402891003356388,-1.8471428798410998,0.006853779505461066,146.84078873726912,141.73676300048828,136.63273726370744,0.4306339963435956,47666700,bull,hold
2024-11-26,141.78526306152344,141.94046701313576,140.34966351176823,141.45546576514488,6018400,141.62860794067382,145.35848693847657,142.43559150695802,-0.015026924463100721,47.52699013089526,-1.6015727288466337,-1.7980288496422068,0.19645612079557306,146.63125954565012,141.62860794067382,136.6259563356975,0.5156572087384409,53685100,bull,hold
2024-11-27,142.54185485839844,143.32755446255285,141.92105389206114,141.92105389206114,5952800,141.57186279296874,145.2065316772461,142.46317092895507,-0.007899001699235297,50.52112058819957,-1.3359377904210987,-1.7056106377979854,0.36967284737688666,146.50556965907603,141.57186279296874,136.63815592686146,0.5983025635443782,59637900,bull,hold
2024-11-29,142.98805236816406,143.3566432026353,142.30905367196814,142.53215007191935,3521200,141.59805221557616,145.05267669677735,142.48703437805176,0.003676630459812813,52.25151281887742,-1.0770007832924477,-1.579888666896878,0.5028878836044302,146.55593104900316,141.59805221557616,136.64017338214916,0.6401809321373735,63159100,bull,hold
2024-12-02,142.73585510253906,142.95896632359435,141.99865856631106,142.9007685445583,6220800,141.56943588256837,144.90614807128907,142.50460136413574,-0.0039936774936127906,51.16239839144021,-0.8819746959533177,-1.4403058727081661,0.5583311767548484,146.49399651446382,141.56943588256837,136.64487525067292,0.6184287601634971,56938300,bull,hold
2024-12-03,142.415771484375,143.00745878926054,142.33816950970234,142.72616458200244,4236200,141.57186126708984,144.75909637451173,142.51831382751465,0.0003407222217874928,49.745190703019716,-0.7446592216129204,-1.3011765424891168,0.5565173208761964,146.49803877121988,141.57186126708984,136.6456837629598,0.5856556850192298,52702100,bull,hold
2024-12-04,142.3381805419922,143.15297913761347,141.96957483399305,142.6679778591154,5597400,141.51802749633788,144.61650604248047,142.5339882659912,-0.007507419003800031,49.38805212520875,-0.6347793186404544,-1.1678970977193845,0.5331177790789301,146.38565070109502,141.51802749633788,136.65040429158074,0.5842457408014625,47104700,bull,hold
2024-12-05,140.74734497070312,141.86284173744494,140.48544019550613,141.70763781132368,8948700,141.37543716430665,144.47119964599608,142.54017387390138,-0.019859495050108866,42.630289981755325,-0.6683613853188035,-1.0679899552392684,0.3996285699204649,146.15717350657818,141.37543716430665,136.59370082203512,0.43432383671480823,38156000,bull,hold
2024-12-06,139.95196533203125,141.09657602615195,139.777371979286,140.93166256936257,6545200,141.14118041992188,144.30009124755858,142.53418182373048,-0.03239234525981127,39.705055586456126,-0.7505045553418199,-1.0044928752597788,0.2539883199179589,145.71535387442484,141.14118041992188,136.56700696541893,0.37000765277933095,31610800,bull,hold
2024-12-09,140.359375,140.73767542664766,139.60277414670466,140.08777545271784,6258600,140.87540130615236,144.1386831665039,142.52686973571778,-0.03648933471345939,41.904077619632076,-0.7738090648342393,-0.958356113174671,0.18454704834043167,144.95605395867037,140.87540130615236,136.79474865363434,0.43677159634820484,37869400,bull,hold
2024-12-10,139.77735900878906,140.74736145909,139.31174717587942,140.64066059751437,7200500,140.62320098876953,143.94623443603516,142.52029235839845,-0.03482915891064531,39.67777468625701,-0.8296778728256413,-0.9326204651048651,0.10294259227922375,144.30074350929453,140.62320098876953,136.94565846824452,0.3849990210501074,30668900,bull,hold
2024-12-11,137.87615966796875,139.33116346978397,137.8373660790552,139.21476790197926,6895000,140.37682037353517,143.73147583007812,142.50593544006347,-0.034506177509309954,33.42980107692006,-1.0156573379233862,-0.9492278396685694,-0.06642949825481681,144.09700512707903,140.37682037353517,136.6566356199913,0.16390638217842823,23773900,bull,hold
2024-12-12,136.78005981445312,138.26416259227517,136.68306843614388,137.90526637050766,5994200,140.09455032348632,143.50080963134766,142.48959899902343,-0.039637582835645446,30.45250484016192,-1.2372314674066445,-1.0068285652161844,-0.2304029021904601,144.00210977251876,140.09455032348632,136.18699087445387,0.07588738543006761,17779700,bull,hold
2024-12-13,136.76065063476562,137.20684347278186,135.9264479364497,136.60544669064575,7599400,139.92334365844727,143.29652709960936,142.4788723754883,-0.0244258556788558,30.40087318372491,-1.3982782388297608,-1.0851184999388996,-0.31315973889086113,144.09145149834885,139.92334365844727,135.75523581854569,0.12060806183983955,10180300,bull,hold
2024-12-16,135.13104248046875,137.40084472066076,135.0243416161317,136.65395347136456,9476600,139.80063858032227,143.05732482910156,142.45270820617677,-0.017836966189704095,26.359807064523054,-1.6385169211840207,-1.195798184187924,-0.44271873699609676,144.36273146056755,139.80063858032227,135.238545700077,-0.011782226099972317,703700,bull,hold
2024-12-17,135.03407287597656,136.03317440257598,134.442370678577,134.53936206111095,10280100,139.66823501586913,142.8291809082031,142.42711433410645,-0.019233222326115684,26.137165876275006,-1.8158010205813468,-1.3197987514666085,-0.4960022691147383,144.60675651908412,139.66823501586913,134.72971351265414,0.030814826170573583,-9576400,bull,hold
2024-12-18,133.20074462890625,135.83913769752667,133.1134331588838,134.94673721234892,14448100,139.47956924438478,142.54846221923827,142.39758125305175,-0.027547664339316325,22.301907831046904,-2.0802543373047797,-1.4718898686342428,-0.608364468670537,145.06173604459843,139.47956924438478,133.89740244417112,-0.06240030441568016,-24024500,bull,hold
2024-12-19,132.19192504882812,133.66633283176668,131.87182248273254,132.94852573194063,11929300,139.1594680786133,142.2174969482422,142.35825607299805,-0.04619266130295707,20.517785847802486,-2.344216140700496,-1.6463551230474933,-0.6978610176530027,145.57942243013616,139.1594680786133,132.7395137270904,-0.042647396560724235,-35953800,bear,death_cross
2024-12-20,133.86033630371094,135.111632934952,132.9388369487892,133.3656403892319,12098400,138.86701202392578,141.93095794677734,142.32401191711426,-0.0418663217416253,30.43016274183556,-2.391216471852374,-1.7953273928084696,-0.5958890790439044,145.68092085537717,138.86701202392578,132.0531031924744,0.13261353768741246,-23855400,bear,hold
2024-12-23,135.19720458984375,135.39208046969128,133.48227603187834,134.07665712966306,8050500,138.6350944519043,141.6494284057617,142.29774703979493,-0.033170043242975455,37.18958680691419,-2.294144999395513,-1.8950909141258785,-0.3990540852696347,145.61507241352314,138.6350944519043,131.65511649028548,0.25373204034707103,-15804900,bear,hold
2024-12-24,135.75262451171875,135.75262451171875,134.5053860969401,135.08029004849692,3139300,138.3712921142578,141.36251678466797,142.27464286804198,-0.03741116402514266,39.80630656571841,-2.1476407465872,-1.945600880618143,-0.202039865969057,145.36826361990273,138.3712921142578,131.3743206086129,0.3128713543833636,-12665600,bear,hold
2024-12-26,136.02545166015625,136.14237421960328,135.12899581080492,135.27516387819097,4720300,138.08330154418945,141.1177279663086,142.2496417236328,-0.04062348425356377,41.104263358636565,-1.9866196848638822,-1.9538046414672912,-0.032815043396591026,144.96773397820166,138.08330154418945,131.19886911017724,0.3505432434875464,-7945300,bear,hold
2024-12-27,135.39208984375,136.23006956638196,134.81720075456977,135.2751672813615,5948000,137.72581329345704,140.8519302368164,142.2242073059082,-0.050159056943317015,39.001733688614316,-1.888348631148773,-1.9407134394035876,0.05236480825481471,144.3859186299379,137.72581329345704,131.06570795697618,0.3247983078492751,-13893300,bear,hold
2024-12-30,133.7258758544922,134.61256334633654,133.2289252579262,134.61256334633654,6890300,137.26270446777343,140.57007415771486,142.19293563842774,-0.06477587714688027,34.06512371340281,-1.9227533530945777,-1.9371214221417858,0.01436806904720811,143.67837215263438,137.26270446777343,130.84703678291248,0.22436005206230533,-20783600,bear,hold
2024-12-31,134.0474395751953,134.58334458006547,133.28739829387365,134.05717816631145,6626900,136.82828369140626,140.2802932739258,142.16605339050292,-0.06087058869057205,35.755190631232665,-1.902145093672999,-1.9301261564480285,0.02798106277502943,142.86835126474793,136.82828369140626,130.78821611806458,0.2698002478908991,-14156700,bear,hold
2025-01-02,134.08641052246094,135.21671156566472,133.60895192625978,134.719760918904,8973000,136.41181564331055,140.02621215820312,142.13944778442382,-0.05848622575364071,35.969398237974644,-1.8612133607981889,-1.9163435973180607,0.05513023651987181,141.98390712477396,136.41181564331055,130.83972416184713,0.29133462465705245,-5183700,bear,hold
2025-01-03,135.40185546875,135.78186869873502,134.21309308406268,134.3592463001804,8288700,136.06499938964845,139.80270751953125,142.11479873657225,-0.04873130348322707,42.891159055759424,-1.7029981514538406,-1.8736745081452169,0.17067635669137626,140.93806014762748,136.06499938964845,131.19193863166942,0.43195817230345085,3105000,bear,hold
2025-01-06,135.46031188964844,136.45418345970836,135.01208392952222,135.34337445287554,8653300,135.8006477355957,139.59414672851562,142.0920304107666,-0.037563998682569766,43.18508343248899,-1.554969789742529,-1.8099335644646795,0.2549637747221505,140.17734184524065,135.8006477355957,131.42395362595076,0.4611195302411853,11758300,bear,hold
2025-01-07,136.1326446533203,137.3213921120147,135.79160067488883,135.79160067488883,12639700,135.60968170166015,139.41823822021485,142.07170921325684,-0.0272902253973335,46.58989019085909,-1.3676393167727667,-1.721474714926297,0.35383539815353027,139.55745779185492,135.60968170166015,131.6619056114654,0.566235133365221,24398000,bear,hold
2025-01-08,136.83419799804688,137.03882736331764,135.13876126328304,136.38598490166873,7827400,135.4334228515625,139.27226928710937,142.05585845947266,-0.025115365482021645,49.95974156122237,-1.1493204250744213,-1.607043856955922,0.45772343188150066,138.78732178798367,135.4334228515625,132.07952391514135,0.708827870642263,32225400,bear,hold
2025-01-10,136.06442260742188,137.34087679108183,135.78185479583382,136.36648246852278,10343700,135.24777603149414,139.10663604736328,142.03712135314942,-0.026563217589006816,46.49343539628204,-1.0265817755592082,-1.4909514406765791,0.464369665117371,137.97109293910665,135.24777603149414,132.52445912388163,0.6499360161949853,21881700,bear,hold
2025-01-13,137.83782958984375,138.18861214623263,136.093655398771,136.21057796154142,9422200,135.2458595275879,138.98442535400392,142.0247004699707,-0.0002780036680547493,54.35129511908803,-0.7772517150841622,-1.348211495558096,0.5709597804739337,137.96181896511007,135.2458595275879,132.52990009006572,0.9771739272771619,31303900,bear,hold
2025-01-14,136.4152069091797,137.65269187777469,135.32389001169108,137.65269187777469,10277800,135.2276168823242,138.8391943359375,141.99582901000977,-0.002667442211740312,48.23203659321618,-0.6865356511742391,-1.2158763266813246,0.5293406755070855,137.90676321008695,135.2276168823242,132.54847055456148,0.7216359021806752,21026100,bear,hold
2025-01-15,136.9706268310547,137.6234692895774,136.19110834377676,136.79522810907986,11388400,135.23811569213868,138.7293215942383,141.96963813781738,0.0015353553475687676,50.57184199256024,-0.5633310415092296,-1.0853672696469057,0.522036228137676,137.9427344054852,135.23811569213868,132.53349697879216,0.8202875012227349,32414500,bear,hold
2025-01-16,137.5162811279297,137.72089561791688,136.0059668925432,136.54188676549686,8512100,135.3573776245117,138.61348358154297,141.95224029541015,0.017651300572225637,52.8275748860571,-0.41685550835705953,-0.9516649173889365,0.534809409031877,138.23727056810628,135.3573776245117,132.47748468091714,0.8748235690878349,40926600,bear,hold
2025-01-17,136.59059143066406,137.77935371478966,136.59059143066406,137.33114064455864,7668100,135.4352035522461,138.49795013427735,141.94118782043458,0.011526857788827227,48.7619539835234,-0.3711891775113543,-0.8355697694134201,0.4643805919020658,138.35972298844524,135.4352035522461,132.51068411604695,0.6975346554577132,33258500,bear,hold
2025-01-21,138.85118103027344,138.8609196202944,137.29214427849246,137.3116363266107,7257800,135.71772537231445,138.4066766357422,141.94220863342287,0.042420456560578135,57.3867997169815,-0.15084870320455934,-0.6986255561716479,0.5477768529670886,138.81106639902112,135.71772537231445,132.62438434560778,1.0064840298735234,40516300,bear,hold
2025-01-22,138.5393829345703,138.9778722909265,137.5162807512805,138.169123188153,8189900,136.03509826660155,138.30548126220702,141.95168144226074,0.048016986539817896,55.986948149813124,-0.001370986488041126,-0.5591746422349266,0.5578036557468855,138.91119861027897,136.03509826660155,133.15899792292413,0.9353611433401431,32326400,bear,hold
2025-01-23,140.3907470703125,140.41023912139315,138.23732890230033,138.91941687741493,8032900,136.36161880493165,138.22055419921875,141.96429862976075,0.048785255938584626,61.925815950302265,0.2634439760298335,-0.39465091858197465,0.6580948946118081,139.6317729175542,136.36161880493165,133.0914646923091,1.116045624551564,40359300,bear,hold
2025-01-24,140.61483764648438,140.9071589071735,139.60147412658256,139.76711937175511,8127900,136.63250045776368,138.11935180664062,141.98025009155273,0.040072078953676815,62.5839234651625,0.48579404703011164,-0.21856192545955738,0.7043559724896691,140.34022246067946,136.63250045776368,132.9247784548479,1.0370328716107842,48487200,bear,hold
2025-01-27,143.7718963623047,143.80112700479103,141.25795703192844,141.38463306142168,12311300,137.03346405029296,138.0983624267578,142.00953231811525,0.05907268371002039,70.35755592868976,0.9063089683404542,0.006412253300444926,0.8998967150400092,141.844230484141,137.03346405029296,132.22269761644492,1.2003491444316259,60798500,bear,hold
2025-01-28,142.76824951171875,143.95701168482142,142.72926541564007,143.76212094058062,9686400,137.3706039428711,138.09765197753907,142.0418824005127,0.049570119189227935,65.68539770009593,1.1453809218178606,0.23420598700392808,0.9111749348139324,142.76162940324045,137.3706039428711,131.97957848250175,1.000613993434734,51112100,bear,hold
2025-01-29,141.93028259277344,142.82672359799366,141.57950003698485,142.34926502070215,8159100,137.69751358032227,138.08774841308593,142.07283424377442,0.048290803078443245,61.9843918346061,1.252788869933397,0.43792256358982196,0.8148663063435752,143.35533172339714,137.69751358032227,132.0396954372474,0.874063720803049,42953000,bear,hold
2025-01-30,143.5672607421875,143.96676599620093,142.4954358721996,142.50517446324457,7705200,138.18958282470703,138.15539794921875,142.12207847595215,0.07359372166987166,66.01307824123191,1.453248751516412,0.64098780117514,0.8122609503412721,144.08690278201195,138.18958282470703,132.29226286740212,0.9559425261316562,50658200,bear,hold
2025-01-31,143.10928344726562,144.78524280184206,143.06057562762444,143.8011099294767,9211800,138.64267501831054,138.26588073730468,142.17038047790527,0.0676017677084162,63.970553264721275,1.5572091736572986,0.8242320756715718,0.7329770979857269,144.58964342569544,138.64267501831054,132.69570661092564,0.875536586288947,41446400,bear,hold
2025-02-03,143.66470336914062,144.36626848094832,142.20311186422086,142.2420810957312,13001500,139.12158966064453,138.38553192138673,142.2212190246582,0.07143373298873734,65.36998667670817,1.6652206756704402,0.9924297956713455,0.6727908799990947,145.06643960155526,139.12158966064453,133.1767397197338,0.8821049945459267,54447900,bear,hold
2025-02-04,143.2749481201172,143.43085479472606,141.86207919316166,142.08620061344143,11762000,139.5152442932129,138.5115496826172,142.27126388549806,0.058146120849756455,63.50590908462935,1.6997766112210968,1.1338991587812959,0.5658774524398009,145.4653852787594,139.5152442932129,133.5651033076664,0.8159340119870254,42685900,bear,hold
2025-02-05,144.64883422851562,144.91192485870144,143.3334108137415,143.62571721608413,10042300,139.97467041015625,138.63264739990234,142.3282263946533,0.06783184100707329,67.07053312664866,1.8170774285051436,1.2705348127260656,0.546542615779078,146.01968009463437,139.97467041015625,133.92966072567813,0.886613426804039,52728200,bear,hold
2025-02-06,143.35289001464844,144.65858972517498,143.13852207119234,144.35651499170308,12422100,140.33568267822267,138.70551605224608,142.3762063598633,0.05303830965537637,61.016323221493856,1.7848921779376496,1.3734062857683824,0.41148589216926723,146.28135873823913,140.33568267822267,134.3900066182062,0.7537312246723221,40306100,bear,hold
2025-02-07,142.6805419921875,144.13239476805086,142.57337289871575,143.55750573250998,11199700,140.62799987792968,138.76241577148437,142.41827362060548,0.04272575189298866,58.08680814875902,1.6857005618500978,1.4358651409847254,0.24983542086537236,146.4294531852511,140.62799987792968,134.82654657060826,0.6768989600991456,29106400,bear,hold
2025-02-10,142.55389404296875,142.89492313903452,141.73540637071778,142.84621531679483,7374300,140.95247344970704,138.7929202270508,142.45094772338868,0.047694109240227656,57.526526282911426,1.578673099600536,1.4644267327078875,0.11424636689264855,146.41253702517113,140.95247344970704,135.49240987424295,0.6466485299235358,21732100,bear,hold
2025-02-11,142.2908172607422,142.57339997124333,141.71592811603855,142.14466404364094,6634900,141.17512283325195,138.80303131103517,142.48442428588868,0.032305990918087835,56.311473928551095,1.455842916069571,1.4627099693802241,-0.006867053310653182,146.46965159535043,141.17512283325195,135.88059407115347,0.6053629584069004,15097200,bear,hold
2025-02-12,142.086181640625,142.85594658309114,141.64769231832938,141.9497521675006,7572200,141.45867156982422,138.79391784667968,142.52140197753906,0.04157142638225686,55.33245702441958,1.3266934303186417,1.4355066615679077,-0.10881323124926601,146.29034632894158,141.45867156982422,136.62699681070686,0.5649371182959564,7525000,bear,hold
2025-02-13,142.64157104492188,142.9533843358759,141.44307030247896,142.36874184937514,6293100,141.7422187805176,138.78698822021485,142.56096397399904,0.041402630221309966,57.49248820878544,1.2546934901976385,1.399344027293854,-0.14465053709621545,146.13252924941628,141.7422187805176,137.3519083116189,0.6024246771128566,13818100,bear,hold
2025-02-14,141.09230041503906,142.9436436745671,141.09230041503906,142.74876778431323,5299200,141.92101974487304,138.75411712646485,142.59051750183104,0.026004333870712104,50.19984869079442,1.060396239112805,1.3315544696576442,-0.27115823054483923,145.87825562886437,141.92101974487304,137.9637838608817,0.39529063289018374,8518900,bear,hold
2025-02-18,140.81948852539062,141.18000971013268,140.1568925752904,140.23484591460098,11366800,142.13246459960936,138.72219146728514,142.61918823242186,0.030960383511284828,49.02068603713116,0.8743219886428619,1.2401079734546878,-0.3657859848118259,145.3011963866316,142.13246459960936,138.96373281258712,0.2928230973040818,-2847900,bear,hold
2025-02-19,142.6513214111328,142.6903055097584,140.79997816450518,140.82920880443572,6295900,142.32247161865234,138.72845428466798,142.65581481933594,0.027368441180423586,56.42253926100565,0.8647026552154671,1.1650269098068438,-0.3003242545913767,145.1147696999174,142.32247161865234,139.5301735373873,0.5588851517477468,3448000,bear,hold
2025-02-20,143.45033264160156,143.52828597118705,142.35901576355957,142.44670768381422,6264800,142.5680191040039,138.78251403808594,142.69691787719728,0.035448040860342145,59.20485659734716,0.9110507667246566,1.1142316811904065,-0.20318091446574993,144.79238786917705,142.5680191040039,140.34365033883074,0.6983289712146684,9712800,bear,hold
2025-02-21,142.6805419921875,143.3723684472838,141.6184558347151,141.75487043413287,8647000,142.68250885009766,138.83708557128907,142.73248725891114,0.01631015554556603,55.526534611866595,0.8755732436891321,1.0664999936901518,-0.19092675000101966,144.6699228416881,142.68250885009766,140.69509485850722,0.49950517156503765,1065800,bear,hold
2025-02-24,143.840087890625,144.42473044257798,142.52466445084735,142.83646290863197,7559400,142.8437713623047,138.90669982910157,142.7711110687256,0.022936770387269823,59.59837919821668,0.9302988087795541,1.0392597567080324,-0.10896094792847832,144.648968578223,142.8437713623047,141.0385741463864,0.775957806586103,8625200,bear,hold
2025-02-25,145.07757568359375,145.27245158200222,143.6354761936775,144.11291991456653,11981300,142.90905532836913,139.01270416259766,142.81029067993165,0.009081603250184367,63.44496231650724,1.0612902428760265,1.0436658539416312,0.01762438893439522,144.92583051402957,142.90905532836913,140.8922801427087,1.0376207449008472,20606500,bear,hold
2025-02-26,144.03497314453125,145.13602859768673,143.57700663223505,144.51241683789064,6566800,142.97239151000977,139.1358804321289,142.84661598205565,0.008872586426917906,58.40006638421864,1.0686538107144088,1.048663445296187,0.019990365418221856,145.04625485941978,142.97239151000977,140.89852816059977,0.7561841007566322,14039700,bear,hold
2025-02-27,143.45033264160156,145.09706141741108,143.39187136143178,143.77188455061267,7377000,143.04839401245118,139.26928588867187,142.87414596557616,0.010709835991727479,55.7242629579837,1.0156066079528046,1.0420520778275104,-0.026445469874705863,145.074792545932,143.04839401245118,141.02199547897035,0.5991756119315662,6662700,bear,hold
2025-02-28,145.1165313720703,145.34065275899653,142.73902184445924,143.68418547500846,8453700,143.1258575439453,139.43640350341798,142.90861122131346,0.010791252976992682,61.18292552622933,1.0953876827729516,1.0527191988165987,0.04266848395635292,145.33580833811516,143.1258575439453,140.91590674977544,0.95038872208754,15116400,bear,hold
2025-03-03,145.7499237060547,146.4709809520129,145.14580390446338,145.20426519260712,9459300,143.25788955688478,139.64878112792968,142.94691719055174,0.0184519144752906,63.047971004379185,1.1959381961518716,1.0813629982836535,0.11457519786821813,145.74611028812583,143.25788955688478,140.76966882564372,1.0007662941396183,24575700,bear,hold
2025-03-04,144.3955078125,146.2273740333743,144.18113985609648,145.9545299240692,10804700,143.29442977905273,139.83600982666016,142.97551498413085,0.0050868753856792015,56.76700387506666,1.1530435903828788,1.0956991167034986,0.057344473679380226,145.8265508700685,143.29442977905273,140.76230868803697,0.7174220730110433,13771000,bear,hold
2025-03-05,145.8473358154297,146.0714572157888,143.4698261453207,143.74265536759677,7597700,143.42304916381835,140.08894165039064,143.00107192993164,0.01795420433972783,61.226061950456796,1.2221119468900383,1.1209816827408066,0.10113026414923176,146.18870557308608,143.42304916381835,140.6573927545506,0.9382841345525673,21368700,bear,hold
2025-03-06,145.4478302001953,145.6524446614232,144.14213063831676,145.18473959625493,7122200,143.46299896240234,140.35405975341797,143.02544944763184,0.00552369451120116,59.41020656031329,1.230428736136048,1.142871093419855,0.08755764271619304,146.31990450382008,143.46299896240234,140.6060934209846,0.8473743196997682,14246500,bear,hold
2025-03-07,145.45758056640625,146.43197487077288,144.64883150961268,144.8534608554836,8532400,143.56823348999023,140.58600463867188,143.04852813720703,0.01468188434528761,59.44182249949547,1.223700566198744,1.1590369879756328,0.06466357822311108,146.5533395866521,143.56823348999023,140.58312739332837,0.8164622990333246,22778900,bear,hold
2025-03-10,143.88880920410156,146.07145786001388,143.56725729041284,144.32728367983069,13577800,143.62864685058594,140.75983673095703,143.06525512695313,0.008468339095461408,52.37338676703677,1.0793397481301668,1.1430975400065397,-0.06375779187637298,146.5882437539522,143.62864685058594,140.66904994721966,0.5439523289843481,9201100,bear,hold
2025-03-11,142.32003784179688,144.10318130475483,141.56975002153982,143.8985519472018,9411600,143.61695404052733,140.89118499755858,143.07293487548827,-0.001640475714408618,46.42780893127438,0.828792220762864,1.0802364761578045,-0.25144425539494053,146.595232021386,143.61695404052733,140.63867605966865,0.28227079421972917,-210500,bear,hold
2025-03-12,140.89743041992188,142.25183798575918,140.4297104220503,141.99848593655926,7141100,143.54728469848632,140.9886245727539,143.07225021362305,-0.009792528201359563,41.79429460034611,0.5095650221259689,0.9661021853514374,-0.45653716322546856,146.70610701942374,143.54728469848632,140.3884623775489,0.08056294255606122,-7351600,bear,hold
2025-03-13,140.14712524414062,141.355379453565,139.8158347710662,140.95587424705258,8041600,143.4503318786621,141.0837252807617,143.07551490783692,-0.013647044167805045,39.55226551556535,0.1937978294321283,0.8116413141675757,-0.6178434847354474,146.88919964175244,143.4503318786621,140.01146411557175,0.019724679446085764,-15393200,bear,hold
2025-03-14,141.21896362304688,141.43333156587153,139.73789494108433,140.24456928950846,6761200,143.37920150756835,141.2335870361328,143.08649749755858,-0.009973301692162262,44.16057095197333,0.029696135132553536,0.6552522783605713,-0.6255561432280178,146.93877387155385,143.37920150756835,139.81962914358286,0.19655935269387864,-8632000,bear,hold
2025-03-17,143.0118408203125,143.34313127979658,141.01432973776937,141.01432973776937,6017300,143.47517852783204,141.41287506103515,143.1148673248291,0.013604855825774198,50.90307810905263,0.04380955692894872,0.5329637340742468,-0.4891541771452981,146.8832155749136,143.47517852783204,140.06714148075048,0.4320227889077208,-2614700,bear,hold
2025-03-18,143.08004760742188,143.2944155311275,142.3005292364993,143.0605704275041,5528000,143.58820648193358,141.59274780273438,143.14892066955565,0.01605288519155268,51.14476510574024,0.059808824180635156,0.4383327520955245,-0.37852392791488937,146.77949196770356,143.58820648193358,140.3969209961636,0.4203833569924095,2913300,bear,hold
2025-03-19,143.15802001953125,143.53803323166522,142.16413359238157,143.18725066138168,6156200,143.61354141235353,141.74787109375,143.18302711486817,0.003552007814481284,51.43906096828631,0.0778823020625623,0.36624266208893214,-0.28836036002636983,146.7826417528599,143.61354141235353,140.44444107184717,0.42813080308629586,9069500,bear,hold
2025-03-20,143.24569702148438,143.8595701725457,142.75849988396314,143.1774971536313,8033800,143.60330963134766,141.9035787963867,143.20760864257812,-0.0014265259365305871,51.790729103937025,0.09814906349839703,0.31262394237082514,-0.2144748788724281,146.77577124489574,143.60330963134766,140.43084801779958,0.44363799260232384,17103300,bear,hold
2025-03-21,142.84622192382812,143.09955910988688,141.99848870371468,142.82672987318412,7635300,143.6115936279297,142.03785034179688,143.22533157348633,0.001161194997771231,50.013585047860666,0.08104211308949516,0.2663075765145591,-0.18526546342506395,146.77522674939584,143.6115936279297,140.44796050646355,0.3790359572814711,9468000,bear,hold
2025-03-24,143.93685913085938,144.17162391708484,142.91957490841867,143.2228034287923,6500600,143.6164321899414,142.17990356445313,143.24648612976074,0.0006727696127937222,54.59452034312306,0.1537180731523904,0.24378967584212538,-0.09007160268973499,146.7817439414709,143.6164321899414,140.45112043841192,0.5506153842134408,15968600,bear,hold
2025-03-25,142.09791564941406,144.3672488023369,141.1980063882894,144.2792176076358,6502000,143.46744918823242,142.30057342529298,143.25526931762695,-0.020538391409835488,46.80566953809179,0.06220980889088423,0.20747370245187718,-0.14526389356099295,146.62412547511082,143.46744918823242,140.31077290135403,0.28307349022273715,9466600,bear,hold
2025-03-26,141.57949829101562,142.78263613401714,141.23713483479153,142.20552281121826,8758600,143.34467544555665,142.3754067993164,143.25915016174315,-0.017047768329513158,44.8625302580891,-0.05154887470635572,0.1556691870202306,-0.20721806172658633,146.59317766080045,143.34467544555665,140.09617323031284,0.22830907329263697,708000,bear,hold
2025-03-27,141.8044891357422,142.24466011470892,141.30563068299372,141.36431815677545,6264300,143.26238327026368,142.48319244384766,143.26338584899904,-0.011473263780930942,45.91201532567425,-0.12214060928778281,0.10010722775862793,-0.22224783704641074,146.57868855162107,143.26238327026368,139.9460779889063,0.28019301438907795,6972300,bear,hold
2025-03-28,141.36428833007812,142.06856771806926,141.29580967471205,141.6870842933741,6210500,143.07477111816405,142.57106567382812,143.26282135009765,-0.02585675805860921,44.14170577219579,-0.21117134185567465,0.03785151383576742,-0.24902285569144206,146.3747813127547,143.07477111816405,139.7747609235734,0.24083674182435247,761800,bear,hold
2025-03-31,142.82176208496094,143.41844289669285,140.3470076344013,140.65023617509084,8085600,142.92836303710936,142.67717529296874,143.27248023986817,-0.020090313234051527,50.89318884271962,-0.1622525411491722,-0.002169297161220503,-0.1600832439879517,145.99199493733607,142.92836303710936,139.86473113688265,0.4826021931452441,8847400,bear,hold
2025-04-01,140.21005249023438,142.30332327590108,139.77965785522983,142.30332327590108,9906100,142.7190902709961,142.74956451416017,143.27057273864747,-0.028986049397745184,41.26755966995545,-0.330418319763055,-0.0678191016815874,-0.26259921808146763,145.92190149631043,142.7190902709961,139.51627904568178,0.10830695219705062,-1058700,bear,hold
2025-04-02,141.1490936279297,141.24690109020108,139.0851666188729,139.6525036322099,6392700,142.4841781616211,142.7955227661133,143.2739380645752,-0.03221342482008471,45.27528017737372,-0.38349741943338245,-0.13095476523194644,-0.252542654201436,145.41215678228582,142.4841781616211,139.55619954095636,0.2720125884340816,5334000,bear,hold
2025-04-03,140.00465393066406,142.01966989831575,139.92639899956276,140.6208872589835,10990600,142.21201934814454,142.82482818603515,143.27182182312012,-0.03742356460071783,41.55374184281043,-0.5120076024961975,-0.20716533268479664,-0.30484226981140083,144.99585456691912,142.21201934814454,139.42818412936995,0.10353877941595009,-5656600,bear,hold
2025-04-04,132.32603454589844,138.61563729396238,132.2771233571491,138.05807660829856,21341100,141.55544204711913,142.66353393554687,143.23203453063965,-0.09027749512520467,26.06996935111195,-1.2193968124840353,-0.4096116286446444,-0.8097851838393909,146.39952803873348,141.55544204711913,136.71135605550478,-0.45264695106546626,-26997700,bear,hold
2025-04-07,131.5337371826172,134.3704073064265,126.8287699112724,128.8340094456345,29940300,140.93768844604492,142.48191192626953,143.18737121582032,-0.08586541295201844,25.0334507128141,-1.8229260764971116,-0.6922745182151379,-1.1306515582819738,147.33586664518677,140.93768844604492,134.53951024690306,-0.2348928844064566,-56938000,bear,hold
2025-04-08,130.07626342773438,136.39521035250033,128.4133873714066,136.38541915869584,20860400,140.32549972534179,142.20799926757812,143.13311012268068,-0.08602987042255217,23.20565504696374,-2.3912682657687014,-1.0320732677258506,-1.3591949980428508,148.240644503818,140.32549972534179,132.41035494686557,-0.14744465101120607,-77798400,bear,hold
2025-04-09,135.7300567626953,136.1995863173237,126.84832418325423,127.28851000641848,39444700,140.06713104248047,142.06723541259765,143.1051446533203,-0.03667471892018215,41.15473896609553,-2.3582848344516094,-1.2973155810710024,-1.060969253380607,148.22437920713824,140.06713104248047,131.9098828778227,0.23415824845344074,-38353700,bear,hold
2025-04-10,131.944580078125,134.73235426635233,128.46231760445605,134.6932193365344,21957400,139.6570037841797,141.8675213623047,143.0541301727295,-0.0585281014628487,35.2192268579597,-2.607543421967165,-1.5593611492502348,-1.04818227271693,148.5486721971975,139.6570037841797,130.76533537116188,0.06631177930773091,-60311100,bear,hold
2025-04-11,133.88133239746094,134.75189795872248,130.73164240601992,132.19888874020916,10755600,139.29012222290038,141.67380279541015,143.0150220489502,-0.051959248512629896,39.98808111409917,-2.618617134039823,-1.7712123462081526,-0.8474047878316706,148.49376775784236,139.29012222290038,130.0864766879584,0.20616046625737763,-49555500,bear,hold
2025-04-14,135.5148468017578,136.00392884798643,133.96936067020303,135.19206578577453,7437200,138.91527252197267,141.5219140625,142.9865941619873,-0.052422190886797226,43.74930660174561,-2.467142487212243,-1.9103983744089708,-0.5567441128032722,148.09270925436954,138.91527252197267,129.7378357895758,0.31473989854862416,-42118300,bear,hold
2025-04-15,134.6834259033203,136.00393856714473,134.2921512830163,135.96481856791465,6239000,138.49544143676758,141.3422885131836,142.9551689147949,-0.0586847841086825,42.2962699226397,-2.3866743599467384,-2.0056535715165245,-0.3810207884302139,147.64054653594573,138.49544143676758,129.35033633758943,0.29158164438209455,-48357300,bear,hold
2025-04-16,133.3140106201172,135.59313531123067,132.67820977275045,135.10405314383988,8150700,138.00324096679688,141.1430697631836,142.91747650146485,-0.0687632407745723,39.9431368453242,-2.405672067900838,-2.085657270793387,-0.32001479710745073,147.15121447560824,138.00324096679688,128.85526745798552,0.24370114090497697,-56508000,bear,hold
2025-04-17,132.53146362304688,133.58788267671994,132.14998020857607,132.38473004788108,9662800,137.467529296875,140.90072235107422,142.8798334503174,-0.07479619717184627,38.620848491882576,-2.4555666471992765,-2.159639146074565,-0.29592750112471133,146.57954727905667,137.467529296875,128.35551131469333,0.22914530658957863,-66170800,bear,hold
2025-04-21,129.6752471923828,132.40431899638102,128.68729170631403,132.2380328580215,6456000,136.80898056030273,140.6271694946289,142.83047019958497,-0.09220387178646317,34.17406474440003,-2.6945205012643783,-2.266615417112528,-0.42790508415185036,146.17124477137844,136.80898056030273,127.44671634922702,0.1190166605488129,-72626800,bear,hold
2025-04-22,132.11085510253906,132.32605242162745,130.23278162053245,130.7218637228967,8012500,136.21768035888672,140.41577575683593,142.79860023498534,-0.08216105381019023,40.46869923259339,-2.656734764450931,-2.344639286580209,-0.31209547787072234,145.19022701105123,136.21768035888672,127.24513370672223,0.2711449482763651,-64614300,bear,hold
2025-04-23,132.76622009277344,134.91817830560709,132.17933053960112,133.55853069119667,9503200,135.7510955810547,140.22002227783204,142.7646435546875,-0.06567088274302291,42.073824313287076,-2.544574546764153,-2.384626338616998,-0.15994820814715505,144.41728679663316,135.7510955810547,127.08490436547622,0.32778619730224745,-55111100,bear,hold
2025-04-24,134.3899688720703,134.5366875209464,132.16953212361162,132.9814101404595,5433000,135.39161911010743,140.0620053100586,142.73957878112793,-0.05078086520809166,45.96147535662145,-2.2981719146523574,-2.36733545382407,0.0691635391717127,143.64767473043833,135.39161911010743,127.13556348977654,0.43933845142888117,-49678100,bear,hold
2025-04-25,135.0355682373047,135.18228689428508,132.91295375458296,134.58560614656324,6438400,135.05317306518555,139.92099304199218,142.71435958862304,-0.04773417921881129,47.4710009621426,-2.0274306220144354,-2.299354487462143,0.27192386544770786,142.76709849627264,135.05317306518555,127.33924763409846,0.4988588930475065,-43239700,bear,hold
2025-04-28,135.5735626220703,136.00394232790458,134.39975365430092,135.2214229168597,5803300,134.76363677978514,139.77963287353515,142.68521049499512,-0.040963144061439194,48.755643723811396,-1.7492898221941289,-2.18934155440854,0.4400517322144113,141.9230673713161,134.76363677978514,127.60420618825418,0.5565635654910354,-37436400,bear,hold
2025-04-29,136.23870849609375,136.9136441817646,134.722551001929,135.39748668759984,7811900,134.4344841003418,139.68256103515625,142.6544101715088,-0.04609279071176209,50.371627961117106,-1.458378244667017,-2.043148892460236,0.5847706477932189,140.62096703301674,134.4344841003418,128.24800116766684,0.6458198798401791,-29624500,bear,hold
2025-04-30,137.40272521972656,137.71572999979804,135.24097578852852,136.50281595431957,6827800,134.29411773681642,139.61422576904297,142.62498458862305,-0.02002229669447808,53.15566590412785,-1.1209803385121972,-1.8587151816706282,0.737734843158431,140.0633822684129,134.29411773681642,128.52485320521993,0.7694110718866553,-22796700,bear,hold
2025-05-01,133.65635681152344,136.07242359982735,133.49007068720147,135.77897135224686,10363200,133.9194808959961,139.43432647705077,142.57933975219726,-0.053083846476245755,44.502659385722104,-1.1427181444468317,-1.7155157742258689,0.5727976297790371,138.7574774949568,133.9194808959961,129.0814842970354,0.47280650377790934,-33159900,bear,hold
2025-05-02,135.5050811767578,135.97459579884557,134.54648447002845,135.7593984875552,9777000,133.6945022583008,139.2754214477539,142.53274307250976,-0.032138737017518126,48.92144036316016,-0.9992501724458975,-1.5722626538698747,0.5730124814239772,137.73191591305292,133.6945022583008,129.65708860354866,0.7242250947368165,-23382900,bear,hold
2025-05-05,135.12362670898438,135.65182890634327,134.5758570448777,135.23122538769132,5479700,133.8343818664551,139.12428314208984,142.4809535217285,0.021141660994273614,48.070952241186816,-0.9058884405587833,-1.4389878112076564,0.5330993706488731,137.86630229766402,133.8343818664551,129.80246143524616,0.6598797476941675,-28862600,bear,hold
2025-05-06,131.39678955078125,134.19433956336968,131.04464986648338,134.13565210358672,11625900,133.8275344848633,138.87541717529297,142.42705513000487,-0.0010411597417460117,40.63767596399057,-1.1197158206114466,-1.3751334130884145,0.25541759247696794,137.8754935859775,133.8275344848633,129.7795753837491,0.19975673254542278,-40488500,bear,hold
2025-05-07,132.40431213378906,132.78579559039486,131.46526789605076,131.80763135031827,6417500,133.943936920166,138.62195190429688,142.37457038879396,0.01789756750929472,43.194985400559474,-1.1941119286109654,-1.3389291161929249,0.1448171875819595,137.6752209136225,133.943936920166,130.21265292670952,0.2936870003627476,-34071000,bear,hold
2025-05-08,131.2109375,132.37495521786687,130.77076662092102,131.47504599768752,10558100,133.71798095703124,138.36547119140624,142.31201141357423,-0.03329490438949978,40.944998734996275,-1.33398934095149,-1.337941161144638,0.003951820193147881,137.53558075251405,133.71798095703124,129.90038116154844,0.17164663776468714,-44629100,bear,hold
2025-05-09,129.78282165527344,131.82719622026272,129.72413419011994,131.3772341114168,7555200,133.60989303588866,138.0921209716797,142.24274673461915,-0.016383836468095714,38.36926252507948,-1.542301519533197,-1.3788132328223497,-0.16348828671084736,137.7324458632353,133.60989303588866,129.487340208542,0.03583719349469275,-52184300,bear,hold
2025-05-12,132.99119567871094,133.15748178223262,129.74368374941875,129.9784485032373,15211100,133.56538619995118,137.8496142578125,142.18353240966798,-0.006648699283238413,46.5102539051839,-1.431994312626017,-1.3894494487830833,-0.04254486384293377,137.69447081994102,133.56538619995118,129.43630157996134,0.4304699983065916,-36973200,bear,hold
2025-05-13,128.99050903320312,131.0153161033494,128.95138903223855,131.0153161033494,17817000,133.23916931152343,137.51442596435547,142.10793853759765,-0.048144818981340265,39.50304956257474,-1.648395357994218,-1.4412386306253102,-0.2071567273689079,137.71683509364945,133.23916931152343,128.7615035293974,0.025571973763636954,-54790200,bear,hold
2025-05-14,125.95821380615234,129.65567345228436,125.87016768078588,129.39156492738869,19579500,132.80290870666505,137.1456800842285,142.01312427520753,-0.06478311669493153,35.17713296932446,-2.041047701019039,-1.5612004447040562,-0.47984725631498293,138.23185748047624,132.80290870666505,127.37395993285386,-0.1303886061267484,-74369700,bear,hold
2025-05-15,127.61132049560547,127.68956050467675,124.5692214782671,125.66476817529824,18792700,132.51777420043945,136.78095977783204,141.92614067077636,-0.0427763751010517,39.093007411244805,-2.1935497415405507,-1.687670304071355,-0.5058794374691957,138.39029926548258,132.51777420043945,126.64524913539631,0.08225348972623416,-55577000,bear,hold
2025-05-16,130.18385314941406,130.23276433828008,127.46455821517489,127.84604160737106,12901800,132.4003936767578,136.4756802368164,141.85139167785644,-0.017713608598709962,44.69227255107639,-2.0828173992915993,-1.766699723115404,-0.31611767617619524,138.36032974223926,132.4003936767578,126.44045761127636,0.3140466187060774,-42675200,bear,hold
2025-05-19,131.4359130859375,131.50439174126058,129.7534695407481,130.11540042848338,11645200,132.48842697143556,136.19524688720702,141.78556045532227,0.013577501733562203,47.23477052123535,-1.8724460547380772,-1.7878489894399388,-0.08459706529813849,138.33569969899776,132.48842697143556,126.64115424387336,0.40999959001939146,-31030000,bear,hold
2025-05-20,131.7587127685547,132.1401962037796,131.25985440729164,131.4652605278584,11644500,132.47081985473633,135.95264495849608,141.71395034790038,-0.0026655064317845367,47.89974853063101,-1.6605363821327899,-1.762386467978509,0.1018500858457192,138.32465131529273,132.47081985473633,126.61698839417996,0.43917598320178064,-19385500,bear,hold
2025-05-21,128.70684814453125,131.21094612628497,128.6481606802091,130.6436090951687,16635900,132.26785125732422,135.6803811645508,141.62853042602538,-0.03057533720102601,42.452473521071404,-1.7190403820691813,-1.7537172507966436,0.03467686872746234,138.34391923829486,132.26785125732422,126.1917832763536,0.2069648394368256,-36021400,bear,hold
2025-05-22,127.6993408203125,128.37427651446987,127.14178005536463,127.77759574831929,12722600,131.93331985473634,135.4164193725586,141.55754592895508,-0.04978517450306741,40.80277933078643,-1.8256576001100768,-1.7681053206593302,-0.05755227945074659,138.23764677841035,131.93331985473634,125.62899293106234,0.16420054942547385,-48744000,bear,hold
2025-05-23,127.49391174316406,127.7482439745769,126.72116863184154,127.09286085947495,9127100,131.5562370300293,135.16335510253907,141.48224853515626,-0.05584940762338486,40.4575573105307,-1.9047718984604103,-1.7954386362195462,-0.10933326224086404,137.97438723118495,131.5562370300293,125.13808682887367,0.18352834075667232,-57871100,bear,hold
2025-05-27,129.27418518066406,129.49915876910813,128.29602097365347,128.5601145631134,12304000,131.24126815795898,134.92445953369142,141.42310050964355,-0.046464644873031924,44.81507054750912,-1.8030331184105535,-1.7969575326577476,-0.006075585752805868,137.45493065195126,131.24126815795898,125.02760566396672,0.3417130815202129,-45567100,bear,hold
2025-05-28,128.60902404785156,129.68501063149117,128.2666755353125,129.22527226626343,11087500,130.8597839355469,134.6364031982422,141.3450193786621,-0.05600232512818448,43.5331617906887,-1.7558371489843125,-1.7887334559230608,0.03289630693874823,136.72649856690956,130.8597839355469,124.99306930418423,0.30817544152709647,-56654600,bear,hold
2025-05-29,129.46981811523438,129.86107783710074,128.42317522455932,128.8046586773396,10670300,130.46313858032227,134.36419860839842,141.26766654968262,-0.057734714444755975,45.69790650188834,-1.6301833766912637,-1.7570234400767015,0.12684006338543785,135.52410837683783,130.46313858032227,125.4021687838067,0.4018646124136343,-45984300,bear,hold
2025-05-30,129.7436981201172,130.4284100709288,128.02213451156211,129.1861522907424,11651300,130.26750564575195,134.09591217041014,141.19443740844727,-0.029274018720439332,46.40196353568875,-1.491311123061422,-1.7038809766736456,0.21256985361222358,135.11771354661863,130.26750564575195,125.41729774488527,0.4460015388679352,-34333000,bear,hold
2025-06-02,129.8219451904297,129.88063265043328,128.2471003360656,129.4111180448043,11845000,129.98334884643555,133.82743713378906,141.11285346984863,-0.0419403902567671,46.61492624234325,-1.3592711452574235,-1.6349590103904013,0.2756878651329777,134.19699354793923,129.98334884643555,125.76970414493188,0.4808475005084947,-22488000,bear,hold
2025-06-03,130.12518310546875,130.60448893953438,128.8535666527895,129.47959114748681,14304300,129.73342666625976,133.57301635742186,141.0301766204834,-0.03699163296053898,47.48575330556258,-1.2161408315872677,-1.5511953746297746,0.3350545430425069,133.22978039214337,129.73342666625976,126.23707294037617,0.5560235705427627,-8183700,bear,hold
2025-06-04,130.37948608398438,131.3967851044651,130.37948608398438,130.51642846071067,9986100,129.68256149291992,133.30186889648436,140.94418075561524,-0.007742224678965348,48.248166562059666,-1.06985626468105,-1.4549275526400298,0.3850712879589797,133.10955195835604,129.68256149291992,126.25557102748381,0.601681723088156,1802400,bear,hold
2025-06-05,130.2034149169922,130.9859491278348,129.67521290689263,130.70227320017503,13705000,129.57251663208007,133.06397888183594,140.85653144836425,-0.01662254938172225,47.731465273143314,-0.9570993180082326,-1.3553619057136705,0.398262587705438,132.776966118694,129.57251663208007,126.36806714546614,0.5984409783252315,-11902600,bear,hold
2025-06-06,131.44570922851562,131.8956563996333,130.8685810103239,130.88814847338153,9153500,129.58425521850586,132.86130310058593,140.770599899292,0.0017892694998511427,51.66465159990074,-0.7587494652170221,-1.236039417614341,0.47728995239731886,132.81424451371976,129.58425521850586,126.35426592329198,0.7881517305286445,-2749100,bear,hold
2025-06-09,131.220703125,131.86629498893922,130.4773038100876,131.4163478781446,9976600,129.6561492919922,132.6496273803711,140.6805475616455,0.011079135523388794,50.91730156262954,-0.6126496461856448,-1.1113614633286018,0.498711817142957,132.96369557891822,129.6561492919922,126.34860300506618,0.7365127646424974,-12725700,bear,hold
2025-06-10,132.71731567382812,133.11836659061012,131.31854798803948,131.33811545182442,11488000,129.64245529174804,132.4766879272461,140.59672187805177,-0.0020593844839509323,55.52559830215016,-0.3718143180216771,-0.9634520342672168,0.5916377162455397,132.89649176676343,129.64245529174804,126.38841881673262,0.9724686409769794,-1237700,bear,hold
2025-06-11,132.78578186035156,133.58788361856594,132.3847309812444,132.74666186205832,13644000,129.83221893310548,132.2759683227539,140.51275535583497,0.029422884331524735,55.73036972140972,-0.17342678030135517,-0.8054469834740445,0.6320202031726894,133.34445554543348,129.83221893310548,126.31998232077748,0.9204675329787062,12406300,bear,hold
2025-06-12,133.8226318359375,133.8519755657015,132.53146294952114,132.79555651739716,9809500,130.22543983459474,132.14821990966797,140.43073554992677,0.06243672240294207,58.82240652130057,0.0666931037747247,-0.6310189660242908,0.6977120697990155,133.67513709577443,130.22543983459474,126.77574257341504,1.0213779252201147,22215800,bear,hold
2025-06-13,133.15748596191406,134.33127991665205,132.71730016898738,133.08900730946772,13722800,130.50274810791015,131.98838775634766,140.3457766723633,0.04346139076665678,56.11470311282434,0.2010011129860061,-0.4646149502222314,0.6656160632082375,133.95896954104256,130.50274810791015,127.04652667477774,0.8840520501022836,8493000,bear,hold
2025-06-16,132.74667358398438,133.84221274013825,132.13042534584704,133.44116182561706,14171000,130.63088912963866,131.84322814941407,140.25760398864747,0.01968616208977103,54.44765257307735,0.2711662169721194,-0.3174587167833613,0.5886249337554808,134.21787778568,130.63088912963866,127.0439004735973,0.7949248878696944,-5678000,bear,hold
2025-06-17,130.55555725097656,132.45319790048276,130.3794799602559,132.14996943237384,13506000,130.5868713378906,131.8078186035156,140.15760604858397,-0.006697985461441847,46.51104677797153,0.1482587565848803,-0.224315222109713,0.3725739786945933,134.15482027515884,130.5868713378906,127.01892240062239,0.49561175237305577,-19184000,bear,hold
2025-06-18,130.3306121826172,131.19138658733763,129.59698898307462,130.5653620540854,12185300,130.51546630859374,131.78375610351563,140.05488876342773,-0.010838756359483281,45.77337309505127,0.032329843345848985,-0.17298620901860062,0.2053160523644496,134.04368911750564,130.51546630859374,126.98724349968185,0.4738035073196573,-31369300,bear,hold
2025-06-20,129.70457458496094,130.87836860087899,129.51872100503377,130.78054621388554,13744900,130.56535263061522,131.77632232666016,139.9438227081299,0.007751929713244898,43.696255787509344,-0.10880640522532303,-0.16015024825994512,0.05134384303462208,134.01726380468136,130.56535263061522,127.1134414565491,0.375318627529985,-45114200,bear,hold
2025-06-23,129.8913116455078,130.46135701857773,128.7315600253027,129.79302227203434,14181600,130.674951171875,131.6595474243164,139.8351399230957,0.017165091151720713,44.50519377800537,-0.20324687542719744,-0.16876957369339557,-0.03447730173380187,133.88675828053195,130.674951171875,127.46314406321804,0.3780064462378522,-30932600,bear,hold
2025-06-24,131.48348999023438,131.77834309692273,129.73404721989607,130.23528700346986,11272900,130.87443008422852,131.6503256225586,139.73572265625,0.03129230402081706,50.97302832307976,-0.14791111517496347,-0.16459788198970915,0.01668676681474568,133.74905739782594,130.87443008422852,127.99980277063109,0.6059371945582155,-19659700,bear,hold
2025-06-25,131.60145568847656,131.98476031681756,130.4908635584327,131.22798899730807,11996400,130.99079360961915,131.60472808837892,139.64728408813477,0.01800259274162186,51.42474936966211,-0.09346092121242577,-0.15037048983425247,0.056909568621826695,133.78415660205042,130.99079360961915,128.19743061718788,0.6093058940982661,-7663300,bear,hold
2025-06-26,131.91595458984375,132.8398207666216,131.45402150145483,131.87663283938093,13177700,131.15614013671876,131.53275024414063,139.56297897338868,0.025713052147583237,52.67661897743738,-0.024647199665935204,-0.12522583180058902,0.10057863213465382,133.7503911327063,131.15614013671876,128.5618891407312,0.6464419700137285,5514400,bear,hold
2025-06-27,131.6309356689453,132.81034833424775,131.40488807339952,132.01425528296713,13818500,131.2641960144043,131.47170043945312,139.4720302581787,0.016692056767913632,51.38417224500123,0.0068110124103952785,-0.09881846295839217,0.10562947536878745,133.74608716971883,131.2641960144043,128.78230485908975,0.5738831059846665,-8304100,bear,hold
2025-06-30,132.47616577148438,132.63342278403314,131.5031698746539,131.60144425985627,12407700,131.40081939697265,131.45494354248046,139.38187683105468,0.02106050383146507,54.91678164270053,0.0988059045541263,-0.059293589455888474,0.15809949401001477,133.83320737615688,131.40081939697265,128.96843141778842,0.7210474611193346,4103600,bear,hold
2025-07-01,134.3632049560547,135.39516836838408,132.15182907788747,132.26976432573028,21204300,131.6278823852539,131.49157836914063,139.30338142395019,0.0349806787978999,61.621710784464,0.32028872190250013,0.016622872815789252,0.3036658490867109,134.26736297180975,131.6278823852539,128.98840179869808,1.0181554629977412,25307900,bear,hold
2025-07-02,133.036376953125,133.95040514181443,132.91844170215936,133.69487376577126,13720400,131.77344207763673,131.55880096435547,139.21554595947265,0.022372255532556506,55.38455817598518,0.3843213025325838,0.09016255875914816,0.29415874377343565,134.38634422564567,131.77344207763673,129.1605399296278,0.741672822774982,11587500,bear,hold
2025-07-03,133.17396545410156,133.56709293271604,132.8496285356612,133.22311013814138,7282700,131.91316604614258,131.5800631713867,139.12685211181642,0.021433428325657866,55.883222836140504,0.44108526974193296,0.16034710095570515,0.2807381687862278,134.51178817502677,131.91316604614258,129.3145439172584,0.7425899852743028,18870200,bear,hold
2025-07-07,132.05355834960938,133.12484366036136,131.35573970870166,133.12484366036136,14052300,132.00567321777345,131.56580993652344,139.02733779907226,0.014209638309384598,50.89467504365846,0.3911546457471502,0.20650860991399417,0.18464603583315603,134.4831515479637,132.00567321777345,129.5281948875832,0.5096640869170083,4817900,bear,hold
2025-07-08,132.65309143066406,133.8816337940681,131.70956429695354,131.95527276963435,19485900,132.06604232788087,131.5310723876953,138.93864898681642,0.00918540596901063,53.29714573064165,0.39540360896074844,0.24428760972334504,0.1511159992374034,134.54484028119714,132.06604232788087,129.5872443745646,0.6184140688025441,24303800,bear,hold
2025-07-09,133.16415405273438,133.58676537901533,132.11251471121108,132.9282685470185,13963900,132.16321487426757,131.49364410400392,138.85377166748046,0.014810551090273183,55.304566054882294,0.43499507296604634,0.28242910237188534,0.152565970594161,134.65418245268893,132.16321487426757,129.6722472958462,0.7009137307000094,38267700,bear,hold
2025-07-10,133.9799041748047,135.2674139895026,132.68255642460804,133.1837962389006,17668300,132.2263442993164,131.46177093505858,138.7702671813965,0.009513366771820131,58.379724886553646,0.5261309012497009,0.33116946214744847,0.1949614391022524,134.8316551527926,132.2263442993164,129.6210334458402,0.8365356331948958,55936000,bear,hold
2025-07-11,132.86929321289062,133.54745088024146,132.04371648605155,133.54745088024146,14246600,132.23051986694335,131.39438262939453,138.68430221557617,0.0006289178808833729,53.030178313172165,0.5029420757209664,0.3655239848621521,0.1374180908588143,134.83966867180953,132.23051986694335,129.62137106207717,0.6224102942607049,41689400,bear,hold
2025-07-14,132.7120361328125,132.98722837491513,132.09284608965538,132.33855451987932,11095400,132.17499008178712,131.30056884765625,138.599020614624,-0.008299012565277875,52.299401792487224,0.4664979345087943,0.3857187747914806,0.0807791597173137,134.69187918070926,132.17499008178712,129.65810098286497,0.6066884614136104,30594000,bear,hold
2025-07-15,130.3237762451172,133.14450463320588,130.1960030439214,132.90861910719548,17095600,132.03330459594727,131.23391723632812,138.50330101013185,-0.021280889289298943,42.68011019088867,0.24211215836393762,0.356997451505972,-0.11488529314203438,134.63075922146143,132.03330459594727,129.4358499704331,0.17092238416066913,13498400,bear,hold
2025-07-16,131.94544982910156,132.11252979090128,130.71690746570212,130.85450361052864,14142100,131.9932434082031,131.162724609375,138.42296493530273,-0.006035735082852378,49.4755077231682,0.1929164981880831,0.32418126084239424,-0.13126476265431114,134.5700855775926,131.9932434082031,129.41640123881362,0.4907263278152433,27640500,bear,hold
2025-07-17,130.4416961669922,131.3852081663477,130.0092469185989,131.0019036046996,15740900,131.9875503540039,131.06908599853514,138.33263648986815,-0.0008721274404696056,44.23823433292486,0.032216854084992974,0.265788379490914,-0.23357152540592102,134.57754212879493,131.9875503540039,129.39755857921287,0.20157160303406027,11899600,bear,hold
2025-07-18,129.57679748535156,130.9527737279902,129.3998946095446,130.78569379077715,13245500,131.94985961914062,131.03268615722655,138.23837158203125,-0.00578386523811758,41.51612822233347,-0.16304933574585334,0.18002083644356054,-0.3430701721894139,134.65460213655157,131.94985961914062,129.24511710172968,0.06131459491740823,-1345900,bear,hold
2025-07-21,128.8396759033203,130.04857224372117,128.78070827634528,129.64560679692087,9468700,131.9066146850586,130.9613934326172,138.1355709838867,-0.006668220333848618,39.29679278543863,-0.3729792763651574,0.06942081388181695,-0.44240009024697435,134.7762033595003,131.9066146850586,129.0370260106169,-0.0343864800301008,-10814600,bear,hold
2025-07-22,131.23779296875,131.5129852264059,129.0559007852972,129.0559007852972,16681900,131.97393875122071,130.9619305419922,138.04868949890135,0.010366215462639383,48.87260655633847,-0.341901039136701,-0.012843556721886647,-0.32905748241481436,134.7113799415191,131.97393875122071,129.23649756092232,0.3655412607438573,5867300,bear,hold
2025-07-23,133.93077087402344,133.97991556513674,132.48600393704675,132.93809910283906,16624000,132.09630279541017,131.0448895263672,137.9767765045166,0.01861283788535606,57.063603135198726,-0.09883123645286673,-0.030041092668082664,-0.06879014378478407,134.95137246654545,132.09630279541017,129.24123312427488,0.8212650285139655,22491300,bear,hold
2025-07-24,133.42950439453125,134.5794180814902,133.21327976995576,133.79316307960067,11054800,132.18770523071288,131.0536557006836,137.90905014038086,0.013890793961899517,55.288045055625226,0.05274727995194439,-0.013483418144077252,0.06623069809602164,135.09020687158252,132.18770523071288,129.28520358984323,0.7139187703346662,11436500,bear,hold
2025-07-25,134.13714599609375,134.35337062083426,133.40985861910553,133.91109843272062,9539900,132.29876480102538,131.1565884399414,137.84428009033203,0.01683792846101273,57.307599846726355,0.2273543105367537,0.034684127592088936,0.19267018294466476,135.31877689371674,132.29876480102538,129.27875270833403,0.8043665287826787,20976400,bear,hold
2025-07-28,132.9675750732422,134.0486982265333,132.6137543136972,133.80298978231744,9780300,132.36559677124023,131.2967756652832,137.77691162109375,0.010154447337961336,53.04318484257218,0.26826465335392413,0.08140023274445599,0.18686442060946815,135.3826929376135,132.36559677124023,129.34850060486696,0.5997612056107521,11196100,bear,hold
2025-07-29,132.12234497070312,132.7808568360398,130.6579321575308,131.60144423896537,14967600,132.34790573120117,131.38699615478515,137.70133995056153,-0.002670826097062484,50.13943148502651,0.22983400603260407,0.11108698740208561,0.11874701863051845,135.3663501273237,132.34790573120117,129.32946133507863,0.46263625714162654,-3771500,bear,hold
2025-07-30,131.88645935058594,132.86929307106504,131.34589780495196,132.5646170172129,11634600,132.22406845092775,131.4210482788086,137.61707130432129,-0.01843321321695779,49.327847457801134,0.17828824705603097,0.12452723933287468,0.053761007723156284,135.10156115184625,132.22406845092775,129.34657575000924,0.44133623688532003,-15406100,bear,hold
2025-07-31,128.19100952148438,131.4933317971932,127.74873729641305,130.73656054421605,26441600,131.9818000793457,131.35615020751953,137.51708992004396,-0.03642137242919563,38.74657433009695,-0.15892210029900866,0.06783737140649801,-0.22675947170550667,135.32340631489885,131.9818000793457,128.64019384379256,-0.06721083973465682,-41847700,bear,hold
2025-08-01,128.87901306152344,129.14436741463723,127.63080981951977,128.45638668958384,20736200,131.7670524597168,131.2985562133789,137.41511657714844,-0.03225069087590082,41.27235921916502,-0.36642369004360376,-0.019014840883522337,-0.3474088491600814,135.31994872507312,131.7670524597168,128.2141561943605,0.09356547693861005,-21111500,bear,hold
2025-08-04,130.72671508789062,130.78569771178076,129.10504535696387,129.1345291704823,11331000,131.70071029663086,131.3389535522461,137.31825912475585,-0.010047766060237162,47.52990164051837,-0.3774253586512941,-0.0906969444370767,-0.2867284142142174,135.27918902179135,131.70071029663086,128.12223157147037,0.36390931963741785,-9780500,bear,hold
2025-08-05,130.22547912597656,130.6677513387318,129.77336897718774,130.17633443636961,14319200,131.57932968139647,131.38947631835939,137.22806205749512,-0.0183004578220205,46.09503875200979,-0.42172839103338333,-0.15690323375633802,-0.2648251572770453,135.1849409205471,131.57932968139647,127.97371844224585,0.31225783013994046,-24099700,bear,hold
2025-08-06,128.26963806152344,129.78321056158538,128.1123960459561,129.67509824015238,14342800,131.33460388183593,131.40499084472657,137.12600036621095,-0.036755506960774564,40.905792083332415,-0.6076542319041209,-0.24705343338589464,-0.3606007985182263,135.13583363102785,131.33460388183593,127.53337413264401,0.09684549178275034,-38442500,bear,hold
2025-08-07,126.7953872680664,128.00428367916723,125.76341624351765,127.54235057837667,24421900,130.97537803649902,131.35541488647462,137.02088390350343,-0.05362383971677265,37.480641717086876,-0.8640018430968155,-0.37044311532807883,-0.49355872776873666,135.05637663238926,130.97537803649902,126.89437944060877,-0.01212842521461007,-62864400,bear,hold
2025-08-08,127.9256591796875,128.20085146151968,127.01161588893058,127.01161588893058,13747100,130.72819633483886,131.34174758911132,136.91782978057861,-0.03720674592046003,41.523360137476736,-0.9648336726700677,-0.4893212267964766,-0.4755124458735911,134.9178178508187,130.72819633483886,126.53857481885903,0.16553814652921803,-49117300,bear,hold
2025-08-11,128.0533905029297,129.06572296619765,127.9059714531997,128.0533905029297,14474000,130.49526405334473,131.31341903686524,136.82414440155029,-0.03510341462337785,41.97996040552253,-1.0226483205082104,-0.5959866455388234,-0.426661674969387,134.73551072482405,130.49526405334473,126.25501738186541,0.21205996494973536,-34643300,bear,hold
2025-08-12,128.93797302246094,128.97727977718696,127.89617155839832,128.10255826520475,17219500,130.4259738922119,131.29730453491212,136.73594882965088,-0.010633541035902638,45.172788496948336,-0.985725597791884,-0.6739344359894356,-0.31179116180244837,134.72011371138086,130.4259738922119,126.13183407304297,0.32674051935750054,-17423800,bear,hold
2025-08-13,131.0019073486328,131.08053585030171,129.3900605565534,129.5571554956331,15069900,130.37879676818847,131.32090377807617,136.6615166091919,-0.007151004310424036,51.83301746653351,-0.7809198648261884,-0.6953315217567861,-0.08558834306940222,134.62559703511127,130.37879676818847,126.13199650126566,0.573362360045231,-2353900,bear,hold
2025-08-14,131.66043090820312,131.79802704917205,130.13703542092642,130.77587143324183,15464000,130.43973350524902,131.35160873413085,136.59517841339112,0.009343137792770628,53.76295477035657,-0.5590283671257623,-0.6680708908305814,0.10904252370481904,134.723211684292,130.43973350524902,126.15625532620604,0.6424890418406227,13110100,bear,hold
2025-08-15,133.87179565429688,134.25510022828453,132.859463064685,133.1543161977955,13929600,130.65448341369628,131.42145492553712,136.543874168396,0.03314635221966222,59.614763692891,-0.20240589354531835,-0.5749378913735288,0.37253199782821045,135.16786281517838,130.65448341369628,126.1411040122142,0.8564194314734646,27039700,bear,hold
2025-08-18,133.55728149414062,134.83496840492654,133.48849092804352,134.186294512194,12572000,130.8903636932373,131.48853225708007,136.48993015289307,0.03661609327828752,58.48111059181996,0.05421634954424803,-0.44910704318997346,0.5033233927342216,135.49194795040788,130.8903636932373,126.28877943606673,0.7897825674654884,14467700,bear,hold
2025-08-19,134.41233825683594,134.86444838047038,133.44916538091388,133.53761681917294,13578200,131.0490909576416,131.54786483764647,136.44225002288817,0.02418926146404976,60.670792238000686,0.3228654686522816,-0.2947125408215225,0.6175780094738041,135.89991767512072,131.0490909576416,126.19826424016247,0.8466674337258282,28045900,bear,hold
2025-08-20,135.1396484375,135.83746703895656,134.65805447329174,134.65805447329174,14607000,131.10953483581542,131.62624374389648,136.39956447601318,0.009026137575312232,62.48325783812812,0.5876852149163483,-0.11823298967394832,0.7059182045902966,136.12965657382975,131.10953483581542,126.08941309780111,0.9013960031254798,42652900,bear,hold
2025-08-21,134.68753051757812,136.08316763997644,134.58925614067803,134.85462545232875,13218900,131.17243614196778,131.6656480407715,136.360680809021,0.009428395381932075,60.61326898040807,0.7524014189195896,0.05589389204475925,0.6965075268748303,136.3367129389927,131.17243614196778,126.00815934494285,0.8403278439330905,29434000,bear,hold
2025-08-22,135.7981414794922,136.6335561905969,135.43449778016236,135.43449778016236,11898600,131.2554859161377,131.7258952331543,136.32313060760498,0.012382815148361814,63.50281515507247,0.961473947007363,0.23700990303728,0.724464043970083,136.65582802071046,131.2554859161377,125.85514381156496,0.9205896103793106,41332600,bear,hold
2025-08-25,133.86196899414062,135.8866043501992,133.76369460606136,135.76866908576227,10681000,131.30020561218262,131.72668197631836,136.28060413360595,0.006726406196441381,55.815086041619594,0.9598677357431882,0.3815814695784617,0.5782862661647266,136.77087251781413,131.30020561218262,125.8295387065511,0.7341362969221291,30651600,bear,hold
2025-08-26,134.69737243652344,134.81530769103244,133.9995538546874,134.2452622994834,11397500,131.42895698547363,131.75747970581054,136.2370167160034,0.019489719671500705,58.1682286529173,1.0143125145069973,0.5081276785641688,0.5061848359428285,137.0888911360967,131.42895698547363,125.76902283485057,0.7887326392913961,42049100,bear,hold
2025-08-27,134.61875915527344,135.34606163296937,134.38287362273167,134.638420032199,8321700,131.565571975708,131.79492141723634,136.19211475372313,0.02071706085781244,57.85597552182876,1.0391384182876777,0.6143298265088707,0.42480859177880703,137.39251850548132,131.565571975708,125.73862544593467,0.7619886044916405,33727400,bear,hold
2025-08-28,134.0880126953125,134.50081610258152,133.4295158265421,134.4811552267939,9165700,131.8604221343994,131.86557052612304,136.13936931610107,0.04600169072574323,55.68268879723673,1.0044081305031227,0.692345487307721,0.31206264319540167,137.57011271111267,131.8604221343994,126.15073155768616,0.6950710402765278,24561700,bear,hold
2025-08-29,135.0708465576172,135.11016830920082,134.02904509346345,134.1961250455585,9655700,132.1700138092041,131.96037521362305,136.08634876251222,0.04804376871770377,58.7711868230701,1.0441542458358128,0.7627072390133394,0.2814470068224735,137.87095964694433,132.1700138092041,126.46906797146389,0.7544167959998487,34217400,bear,hold
2025-09-02,135.1986083984375,135.37552627199457,134.11750027036626,134.5401115848393,13325300,132.39360847473145,132.07025588989256,136.03823497772217,0.03420795288507272,59.16953604433309,1.0735869987592253,0.8248831909625165,0.24870380779670875,138.20038554505504,132.39360847473145,126.58683140440786,0.7415281222040901,47542700,bear,hold
2025-09-03,134.5597686767578,135.39516834357866,133.90127188166872,134.75633242207726,12586000,132.6103229522705,132.16362503051758,135.99701496124268,0.033282961060088434,56.24329991849312,1.033450665003869,0.866596685770787,0.1668539792330821,138.40075405149943,132.6103229522705,126.81989185304157,0.6683333840849004,34956700,bear,hold
2025-09-04,135.0708465576172,135.11016830920082,133.74402988032588,134.45167144028957,11778600,132.95038337707518,132.23537216186523,135.9602418899536,0.05302274644940996,58.03149367169355,1.0309973493950793,0.8994768184956454,0.13152053089943383,138.47388355026115,132.95038337707518,127.42688320388922,0.6919492273066152,46735300,bear,hold
2025-09-05,135.5327606201172,136.0045315917234,134.69736097699544,134.92340852785756,14664000,133.38725204467772,132.31399826049804,135.93698177337646,0.06890923668680893,59.63700074493374,1.0541738239250265,0.9304162195815217,0.1237576043435048,138.23519761542696,133.38725204467772,128.5393064739285,0.7212801839592317,61399300,bear,hold
2025-09-08,135.483642578125,135.50328845599154,134.02903778592207,135.10033800378108,15753300,133.7651512145996,132.38535202026367,135.92647426605225,0.05908105885013559,59.37688259987708,1.0564004051907148,0.9556130567033604,0.10078734848735438,137.98942824808108,133.7651512145996,129.5408741811181,0.7034065651831892,45646000,bear,hold
2025-09-09,136.2109375,136.58441915603723,135.35587686312968,135.69003676755554,12249600,134.17302856445312,132.47695205688476,135.91911823272704,0.06370426401855944,62.018563938284636,1.10412395516164,0.9853152363950164,0.11880871876662358,137.61549755498882,134.17302856445312,130.73055957391742,0.7959952495069172,57895600,bear,hold
2025-09-10,134.97256469726562,136.13230135823295,134.4614869329623,136.13230135823295,13588300,134.47475814819336,132.52688003540038,135.9091107559204,0.04680228433367306,55.411172261740944,1.0301440176824315,0.9942809926524995,0.035863025029931994,136.95127184368732,134.47475814819336,131.9982444526994,0.6005055110290787,44307300,bear,hold
2025-09-11,137.32154846191406,137.59674074365302,135.52296069399947,135.67037977462584,16470800,134.7907402038574,132.58604690551758,135.9027487564087,0.0482408328335473,63.38068629895519,1.1478263154962463,1.024990057221249,0.12283625827499733,137.01390145055527,134.7907402038574,132.56757895715955,1.0691913399929391,60778100,bear,hold
2025-09-12,135.7391815185547,137.40999603827558,135.72935857907459,136.83995061449235,11345400,134.994677734375,132.64010299682616,135.88289737701416,0.030979319923351678,56.10581179728721,1.1007182021707251,1.0401356862111442,0.060582515959580974,136.72563839007967,134.994677734375,133.2637170786703,0.7150550856618431,49432700,bear,hold
2025-09-15,134.57940673828125,136.16176954101954,134.31405244609306,135.88657731418257,11233800,135.03005828857422,132.66821182250976,135.85661663055419,0.005285736853875234,51.44498705430791,0.9587486927096052,1.0238582875108364,-0.06510959480123124,136.69545158267113,135.03005828857422,133.36466499447732,0.3647011634157712,38198900,bear,hold
2025-09-16,134.57940673828125,135.03151682342857,134.19610220826894,134.31405244609306,12443800,135.08116455078124,132.7187287902832,135.82437030792235,0.0076530851235203645,51.44498705430791,0.8365931090268361,0.9864052518140365,-0.14981214278720034,136.62060941520076,135.08116455078124,133.54171968636172,0.3370328733113848,50642700,bear,hold
2025-09-17,134.84478759765625,135.9160727866824,134.49096684752755,134.77599703347025,12501500,135.10278701782227,132.76256271362305,135.78966793060303,0.0032173336646668105,52.49231830528731,0.7525233258748187,0.9396288666261929,-0.1871055407513742,136.61597222022252,135.10278701782227,133.58960181542201,0.41474955618229326,63144200,bear,hold
2025-09-18,135.1101531982422,135.57208624813435,134.54010783886775,134.84478389372165,11472900,135.10131225585937,132.8014826965332,135.75250942230224,-0.0002182574810489779,53.57077117446626,0.6992496881144064,0.8915530309238358,-0.1923033428094294,136.61440837188846,135.10131225585937,133.58821613983028,0.5029214741512985,74617100,bear,hold
2025-09-19,134.93325805664062,135.53278732895788,134.82514572894883,135.4541738150502,11280900,135.1135986328125,132.82054977416993,135.71223545074463,0.0018244267907965295,52.711756107287336,0.6354311322699289,0.8403286511930544,-0.20489751892312558,136.61701521297113,135.1135986328125,133.6101820526539,0.4400230852340141,63336200,bear,hold
2025-09-22,134.89869689941406,135.5207036058751,134.168068390604,134.46426995176685,9732700,135.0686264038086,132.86113784790038,135.673049659729,-0.006623393886535323,52.53451084726654,0.5754324434133764,0.787349409637119,-0.21191696622374256,136.54093349717772,135.0686264038086,133.59631931043947,0.44229141965020474,53603500,bear,hold
2025-09-23,135.20477294921875,135.6095812671357,134.42477496440924,134.53338170664458,9903000,135.1357666015625,132.91099258422852,135.63699466705322,0.01003125805759586,54.009408536020835,0.5462836120325107,0.7391362501161974,-0.1928526380836867,136.5003763289466,135.1357666015625,133.7711568741784,0.5252842795531502,63506500,bear,hold
2025-09-24,134.6617431640625,135.32325149862265,134.43466181110924,135.08630228351956,7471600,135.13398513793945,132.99775192260742,135.59861248016358,-0.00026451349285028236,50.98260032356018,0.47390213892072097,0.6860894278771021,-0.21218728895638117,136.50097042267828,135.13398513793945,133.76699985320062,0.3272688158573809,56034900,bear,hold
2025-09-25,132.4303741455078,134.45438548177643,132.03543371334447,134.40503111001343,14099700,135.02456588745116,133.00745040893554,135.5570276260376,-0.016256166848495957,40.85151299061925,0.23379146604048628,0.595629835509779,-0.3618383694692927,136.8216661618431,135.02456588745116,133.22746561305922,-0.22177156136184806,41935200,bear,hold
2025-09-26,133.78302001953125,133.90149462591458,132.93391685442813,133.43744899699556,10071000,135.00931625366212,133.07427688598634,135.5261828994751,-0.0022745707811651084,47.643572445356774,0.15090965283945934,0.5066857989757151,-0.35577614613625574,136.8427556562565,135.00931625366212,133.17587685106776,0.16557492099394472,52006200,bear,hold
2025-09-29,134.1779327392578,134.24705296340906,133.0326431664151,133.96071927112078,7735700,134.96467056274415,133.16629959106444,135.49527568817138,-0.006610707203781985,49.467997554416065,0.11575700016339852,0.42850003921325175,-0.31274303904985323,136.8330949272982,134.96467056274415,133.0962461981901,0.28946489929922525,59741900,bear,hold
2025-09-30,137.40650939941406,137.7323296214248,133.95085955228154,134.03971550407417,19313500,135.07506561279297,133.33763626098633,135.48342144012452,0.016330796796885316,61.33139758629834,0.3444468548580062,0.4116894023422027,-0.0672425474841965,137.22537520362357,135.07506561279297,132.92475602196237,1.0421181667428001,79055400,bear,hold
2025-10-01,141.6520233154297,141.9087233058866,137.8310667816164,138.02852947161693,23657900,135.42967834472657,133.54592086791993,135.50230075836183,0.05270709595012035,70.97965841851062,0.8583679724363833,0.5010251163610389,0.35734285607534444,138.9960488969571,135.42967834472657,131.86330779249604,1.3723637770634158,102713300,bear,hold
2025-10-02,141.3755645751953,141.7507542108749,140.34873454031546,140.34873454031546,15176200,135.74491424560546,133.69481674194336,135.52527828216552,0.046677119291532065,69.75905139244259,1.2291770628003462,0.6466555056489003,0.5825215571514459,140.14564881904346,135.74491424560546,131.34417967216746,1.1397398247528256,87537100,bear,hold
2025-10-03,142.98492431640625,144.28819013623996,141.74088073220395,141.7507636593406,15829200,136.1175224304199,133.88592514038086,135.55639965057372,0.054984224199318366,72.70198534109785,1.6340712632356542,0.844138657166251,0.7899326060694032,141.52914554009664,136.1175224304199,130.70589932074319,1.134504819238657,103366300,bear,hold
2025-10-06,142.29379272460938,143.22188401721127,142.14569946108304,143.06390782582395,12879900,136.45802993774413,134.04905807495118,135.59221340179442,0.050265478672507635,69.57083020208566,1.8775411649349394,1.0508191587199889,0.8267220062149505,142.48884957084198,136.45802993774413,130.42721030464628,0.9838283303017298,90486400,bear,hold
2025-10-07,142.4023895263672,142.82694862788577,141.46443043685852,142.29378278555433,12478700,136.7676025390625,134.23775436401368,135.6290549850464,0.045454881524232826,69.79098887462388,2.0555604491423196,1.251767416804455,0.8037930323378646,143.32826682815875,136.7676025390625,130.20693824996624,0.9294372291438265,102965100,bear,hold
2025-10-08,142.6788330078125,143.1330107367254,142.19505169521585,142.7677040206117,8925800,137.15291595458984,134.44888412475586,135.67644542694092,0.057095072082474774,70.37851412474195,2.193661528461206,1.4401462391358053,0.7535152893254007,144.13808217750253,137.15291595458984,130.16774973167716,0.8955465680327399,111890900,bear,hold
2025-10-09,142.36289978027344,143.4094655868226,142.1358184420729,142.94541998347535,7657000,137.4049835205078,134.6584129333496,135.72730030059813,0.03671201916105393,68.73326882245351,2.251658737372196,1.6024487387830835,0.6492099985891127,144.7508322692121,137.4049835205078,130.0591347718035,0.8374638131938211,104233900,bear,hold
2025-10-10,140.30926513671875,142.90594412361986,140.14142108593512,142.77758658725182,13350100,137.63348770141602,134.9007780456543,135.75954494476318,0.0336681241704655,59.06720710944279,2.107615510823763,1.7034820931912193,0.4041334176325435,145.04190374503696,137.63348770141602,130.22507165779507,0.680590386632425,90883800,bear,hold
2025-10-13,140.15127563476562,141.12873625988252,139.83533835313733,139.93406216251742,8257500,137.91208114624024,135.12622329711914,135.78431529998778,0.041402091386240736,58.38692678066914,1.958139569516618,1.7544135884562992,0.2037259810603187,145.25895396091258,137.91208114624024,130.5652083315679,0.6523909930803158,82626300,bear,hold
2025-10-14,140.5363311767578,141.04974620084158,139.26268407587267,139.80571774890004,10044700,138.20992736816407,135.32241561889649,135.80823383331298,0.04426326867424146,59.60793166344681,1.849430489853546,1.7734169687357488,0.07601352111779724,145.47475252572673,138.20992736816407,130.94510221060142,0.6601142324927092,92671000,bear,hold
2025-10-15,140.75355529785156,141.43481440598399,139.56876405413513,140.22040451108248,7260600,138.50536575317383,135.53297714233398,135.83187435150145,0.043819029311133795,60.31535512981357,1.7605118474713777,1.7708359444828747,-0.010324097011497058,145.67876973500373,138.50536575317383,131.33196177134394,0.6567031182387297,99931600,bear,hold
2025-10-16,140.5166015625,141.81986736898006,140.16116269428952,141.03988447049912,11194100,138.77568817138672,135.7779164123535,135.85749691009522,0.04001511534314628,59.09942994094742,1.6518811391100598,1.7470449834083117,-0.09516384429825187,145.8233082012187,138.77568817138672,131.72806814155473,0.6235107301290463,88737500,bear,hold
2025-10-17,141.45455932617188,141.60265257595265,139.59837691325342,139.78597173993398,8160300,139.10175323486328,136.07109985351562,135.89614032745362,0.048329828860975255,62.33617021072985,1.6227695950274494,1.7221899057321393,-0.09942031070468982,146.0101604809552,139.10175323486328,132.19334598877137,0.6702857118505555,96897800,bull,golden_cross
2025-10-20,142.95530700683594,143.15278478698033,141.740896999233,141.89887319717275,8435900,139.50458374023438,136.3716928100586,135.94067966461182,0.059723409436854835,66.85572902769741,1.701186068120819,1.7179891382098753,-0.016803070089056238,146.32468929928035,139.50458374023438,132.6844781811884,0.7529816611140738,105333700,bull,hold
2025-10-21,143.29098510742188,143.78464934047665,142.5109871825507,143.21199702228068,9031800,139.90889434814454,136.67644470214844,135.98670253753662,0.059807150160595235,67.78684721180569,1.770014480213689,1.7283942066106381,0.04162027360305087,146.61930894493628,139.90889434814454,133.1984797513528,0.7520031147475088,114365500,bull,hold
2025-10-22,144.1104736328125,144.87070572618205,143.6957824076908,144.35730575634636,12705300,140.38133087158204,136.97989471435548,136.03024562835694,0.07016640544477681,70.00242516029341,1.8691410731356939,1.7565435799156495,0.11259749322004442,146.87448215377714,140.38133087158204,133.88817958938694,0.7871597009803362,127070800,bull,hold
2025-10-23,144.18943786621094,144.65348343540538,143.52792962331245,143.67603792766772,7924900,140.9692840576172,137.24364532470702,136.07389125823974,0.08879431019188133,70.21500572309006,1.9318027463441467,1.791595413201349,0.14020733314279776,146.54019520231546,140.9692840576172,135.39837291291892,0.789015003556313,134995700,bull,hold
2025-10-24,144.17958068847656,144.90032628034658,144.03148743858458,144.43628067676846,7007400,141.48911209106444,137.4940283203125,136.11412593841553,0.07771210926040917,70.14817738735793,1.9580954761743214,1.8248954257959435,0.1332000503783779,146.1460304896727,141.48911209106444,136.83219369245617,0.7888679129761189,127988300,bull,hold
2025-10-27,144.51527404785156,144.59426213916043,143.37985224934198,144.23882326098942,6466700,142.00597915649413,137.7068978881836,136.15253131866456,0.07704203737198623,71.15505183435256,1.9831596723597613,1.8565482751087072,0.12661139725105408,145.4351401694646,142.00597915649413,138.57681814352367,0.8658759215251579,134455000,bull,hold
2025-10-28,143.60693359375,144.68311809012087,143.35023359607854,144.55477562400412,8652700,142.31600036621094,137.90789093017577,136.1902438735962,0.045124675835498396,64.78731591107997,1.9077365457122255,1.866785929229411,0.04095061648281462,145.0829986068599,142.31600036621094,139.549002125562,0.73327322883232,125802300,bull,hold
2025-10-29,142.1555633544922,143.60693755828288,141.7507700903425,143.37985620540303,12425600,142.34117736816407,138.0627554321289,136.21183254241944,0.003554767713703777,56.141990378299475,1.711124942549418,1.8356537318934123,-0.12452878934399436,145.0926712606156,142.34117736816407,139.58968347571255,0.4662703206099973,113376700,bull,hold
2025-10-30,142.4715118408203,143.60693363967556,141.94822891799785,142.13582375173382,10756100,142.3959747314453,138.2093927001953,136.24211406707764,0.007752027508559189,57.472398839646885,1.5627883812309733,1.7810806617609245,-0.2182922805299512,145.11178463603568,142.3959747314453,139.68016482685493,0.5139069213289431,124132800,bull,hold
2025-10-31,142.42213439941406,142.65909866010043,140.89177222986845,141.2077245774503,10581100,142.3678352355957,138.36408477783203,136.26937160491943,-0.0039360087763294915,57.18046746789316,1.4248217822370464,1.709828885856149,-0.28500710361910264,145.07028239620496,142.3678352355957,139.66538807498642,0.510046295189381,113551700,bull,hold
2025-11-03,142.61959838867188,142.72820512596707,141.0201310443584,142.24442380428263,12279300,142.38412551879884,138.50051391601562,136.29488819122315,0.002289668845169235,58.09712946381608,1.316243120832297,1.631111732851379,-0.3148686120190818,145.0885181753745,142.38412551879884,139.67973286222318,0.5435352590720303,125831000,bull,hold
2025-11-04,143.26138305664062,143.64644060041786,141.67178343941902,141.94823423672378,14182200,142.4270751953125,138.68850219726562,136.32824214935303,0.006032156715420678,61.018032712341494,1.267370945144222,1.5583635753099476,-0.2909926301657255,145.158413765471,142.4270751953125,139.695736625154,0.6527287518368143,140013200,bull,hold
2025-11-05,143.81427001953125,144.406658068298,142.55049077030446,142.79732289031654,13154600,142.48384704589844,138.8708401489258,136.35305759429932,0.007957992000513281,63.385880013774994,1.2587427481816746,1.4984394098842932,-0.2396966617026186,145.28018459876944,142.48384704589844,139.68750949302745,0.737886690801485,153167800,bull,hold
2025-11-06,144.09072875976562,144.25857280280647,143.10340022509865,143.3008629189445,14395800,142.57023849487305,139.06027954101563,136.38081432342528,0.01213679253625033,64.54556275626527,1.2596918067831666,1.4506898892640678,-0.19099808248090122,145.45175509208926,142.57023849487305,139.68872189765685,0.7638350697617876,167563600,bull,hold
2025-11-07,144.28819274902344,144.29806061090108,142.88618802506178,143.9919911728765,14522900,142.7691848754883,139.26428314208985,136.40030155181884,0.028358267064028775,65.38879949982154,1.2618320221321824,1.4129183158376908,-0.1510862937055084,145.5463583503016,142.7691848754883,139.99201140067498,0.7734809127537949,182086500,bull,hold
2025-11-10,145.4137420654297,145.56183531607843,143.87351199693285,143.94261715875643,12305900,143.03230819702148,139.47114105224608,136.42429607391358,0.03754847329665445,69.79814251650103,1.3389163867812783,1.3981179300264084,-0.05920154324513005,145.7643044941474,143.03230819702148,140.30031189989555,0.9358413426316654,194392400,bull,hold
2025-11-11,148.77066040039062,148.90890086180738,145.7297016888633,145.7297016888633,12659500,143.44402465820312,139.74258209228515,136.449289894104,0.05859217438426079,78.56783259862935,1.651840170571262,1.448862378135379,0.20297779243588288,146.92619624138555,143.44402465820312,139.96185307502068,1.264843950814074,207051900,bull,hold
2025-11-12,150.88356018066406,151.21924828072082,148.81016414537055,149.07674707915137,17847500,143.95052490234374,140.06905792236327,136.48986644744872,0.07196979757545874,82.09243364757913,2.0467343976584687,1.568436782039997,0.4782976156184717,148.50255320054868,143.95052490234374,139.3984966041388,1.261532532767242,224899400,bull,hold
2025-11-13,150.8045654296875,152.562009011744,149.93571150042348,150.11342340480687,21807600,144.4649230957031,140.38373229980468,136.5342378616333,0.07321529095344337,81.55244469168149,2.32649827751888,1.7200490811357736,0.6064491963831062,149.63210298725343,144.4649230957031,139.2977432041528,1.1134528376253503,203091800,bull,hold
2025-11-14,149.9060821533203,150.98226656090839,149.27419254042636,150.2911396507801,15468900,144.88749923706055,140.67119873046875,136.56593196868897,0.05974726348452686,75.47162799403375,2.4474998220010775,1.8655392293088346,0.5819605926922429,150.37332187580307,144.88749923706055,139.40167659831803,0.9574138872825588,187622900,bull,hold
2025-11-17,149.77774047851562,151.37722300024768,149.22483889191722,149.42230159206832,17516500,145.22862091064454,140.95708068847657,136.5992742538452,0.04772424063524583,74.61577734702328,2.5041717836821817,1.993265740183504,0.5109060434986776,151.0307767648079,145.22862091064454,139.42646505648116,0.8920197666361236,170106400,bull,hold
2025-11-18,150.65646362304688,151.18962949011987,149.23470806477016,149.82711123586495,24494200,145.59689483642578,141.2459912109375,136.63423305511475,0.05140224634580659,76.57449681504752,2.5901328958601084,2.112639171318825,0.47749372454128336,151.78267842618143,145.59689483642578,139.41111124667012,0.9089674907961786,194600600,bull,hold
2025-11-19,150.39974975585938,150.9921378069195,149.64938553167508,150.54784300226513,17352600,145.91135864257814,141.55453491210938,136.66985706329345,0.043642047413373186,74.75957817635637,2.607485562481912,2.2116084495514428,0.39587711293046945,152.39518175508562,145.91135864257814,139.42753553007066,0.8461222673258162,177248000,bull,hold
2025-11-20,149.50128173828125,151.39695067675405,149.20508017108043,150.55773047936214,25278500,146.17695083618165,141.79812957763673,136.6941193008423,0.03683934101330655,68.62877682822129,2.519693359002929,2.27322543144174,0.24646792756118874,152.79074797819234,146.17695083618165,139.56315369417095,0.7513178761549493,151969500,bull,hold
2025-11-21,152.65086364746094,153.7369310496746,149.78761695498878,149.86658997929734,25526100,146.60051498413085,142.13636322021483,136.74060916900635,0.05875508111851113,76.04498376845658,2.6734445386732943,2.353269252888051,0.32017528578524335,153.71452216729966,146.60051498413085,139.48650780096204,0.9252419562946704,177495600,bull,hold
2025-11-24,153.29263305664062,154.18123783616014,152.5225179536537,153.1741584455469,17928400,147.0393829345703,142.51062774658203,136.7936696243286,0.06073654889851099,77.22637395929276,2.814633540700896,2.4455421104506203,0.3690914302502759,154.65029094855268,147.0393829345703,139.42847492058795,0.9108084154073446,195424000,bull,hold
2025-11-25,156.75816345214844,156.87663806125192,153.79617770105264,153.79617770105264,17298600,147.69694442749022,142.95420288085938,136.8646909713745,0.09157795887211106,82.3020622020151,3.1696286759402312,2.5903594235485423,0.5792692523916889,156.22518982638255,147.69694442749022,139.1686990285979,1.0312475544990247,212722600,bull,hold
2025-11-26,156.41258239746094,156.93586530804978,156.15588240570867,156.41258239746094,12398900,148.40979537963867,143.38555877685548,136.9352997970581,0.10029167136720596,80.37823476094673,3.384069923677572,2.7491015235743483,0.6349684001032236,157.3400491201152,148.40979537963867,139.47954163916214,0.9480716478160918,200323700,bull,hold
2025-11-28,155.65234375,156.24474692089916,155.1685623903562,156.1953774790845,8559700,149.06883697509767,143.7964025878906,137.003130607605,0.09251556145418238,76.1605863079936,3.4528687308119004,2.8898549650218586,0.5630137657900418,158.09382161071,149.06883697509767,140.04385233948534,0.8647378383850098,191764000,bull,hold
2025-12-01,153.32225036621094,155.85969207812354,153.21364361851354,155.05007540157223,17321200,149.6138427734375,144.16418243408202,137.05653400421141,0.07653386190820721,64.91714202764146,3.281545603440378,2.9681930927055626,0.3133525107348154,158.27668275010583,149.6138427734375,140.9510027967692,0.7140410998449297,174442800,bull,hold
2025-12-02,152.40402221679688,153.49995741381537,152.1868087496086,153.28274394662705,16150300,150.10306396484376,144.51428894042968,137.1130926132202,0.068605044037918,61.08977942183445,3.0366725817180793,2.9818889905080663,0.05478359121001297,158.2185168990516,150.10306396484376,141.98761103063592,0.6417640069264797,158292500,bull,hold
2025-12-03,153.11489868164062,153.80602558738005,152.70022253819698,152.71009039919446,12724800,150.59573974609376,144.87249145507812,137.17456966400147,0.06877998393401152,62.91280364099785,2.8669226378865176,2.9588957199837567,-0.09197308209723909,158.16820095549903,150.59573974609376,143.02327853668848,0.6663368663029915,171017300,bull,hold
2025-12-04,151.94984436035156,153.06553034397342,151.4265614804347,153.03591169533183,13674600,151.00251846313478,145.21825347900392,137.22106227874755,0.05657000755012298,58.10773684870139,2.6083173783385973,2.888780051654725,-0.28046267331612773,157.91984067626112,151.00251846313478,144.08519625000844,0.568474900259752,157342700,bull,hold
2025-12-05,151.31797790527344,152.67062835047994,151.02179137352803,152.49290136599365,8868700,151.36388092041017,145.59600555419922,137.26040050506592,0.050157627820436756,55.62629374152876,2.3255767041755746,2.7761393821588953,-0.4505626779833207,157.51142928128587,151.36388092041017,145.21633255953446,0.49626655924914176,148474000,bull,hold
2025-12-08,149.51113891601562,151.4759279414573,149.28405759241147,151.40682278446317,10996000,151.62502822875976,145.9105679321289,137.29455348968506,0.03619801501067399,49.16124147852928,1.9334186303557601,2.6075952317982685,-0.6741766014425083,156.9347379336214,151.62502822875976,146.31531852389813,0.3009411596637163,137478000,bull,hold
2025-12-09,148.05978393554688,150.74530351275743,147.95117720126933,150.073927384814,11543300,151.75733032226563,146.18820495605468,137.31565196990968,0.018196642439244792,44.67018474554943,1.4883614101991043,2.3837484674784357,-0.8953870572793314,156.54786056302393,151.75733032226563,146.96680008150733,0.11407754456284727,125934700,bull,hold
2025-12-10,150.21217346191406,150.25165997734717,147.97093330875163,148.4744805395172,15534800,151.82940597534179,146.44431823730469,137.34132495880127,0.009689498303253163,51.715003294209524,1.2944090613512458,2.1658805862529977,-0.871471524901752,156.47933746824856,151.82940597534179,147.179474482435,0.3261014688179034,141469500,bull,hold
2025-12-11,151.6339111328125,152.34478885005404,150.33063029605725,150.8242945405063,14703000,151.8669235229492,146.64395599365236,137.37931964874267,0.004973046442236617,55.725071370027585,1.2411159633643365,1.9809276616752656,-0.7398116983109291,156.4977929247399,151.8669235229492,147.2360541211585,0.4748413991067634,156172500,bull,hold
2025-12-12,152.1078338623047,152.60149813684959,151.46607633157154,151.80176442255694,13175500,151.93208694458008,146.85860137939454,137.4226071548462,0.008642101974192684,57.00684578474526,1.2230241417857428,1.829346957697361,-0.6063228159116183,156.53793680590044,151.93208694458008,147.3262370832597,0.5190786633320943,169348000,bull,hold
2025-12-15,154.1219940185547,154.32932457920845,152.48302499562755,152.5126436471495,14681800,152.14288253784179,147.0813427734375,137.46763446807861,0.0281236878762694,62.03704192687541,1.3555857853007183,1.7345947232180325,-0.37900893791731427,156.74443807180612,152.14288253784179,147.54132700387746,0.7150480925531566,184029800,bull,hold
2025-12-16,152.1177215576172,154.14173309434096,151.15012870206579,154.0627450000854,12491300,152.25988159179687,147.27782135009767,137.49947345733642,0.01562302296473228,55.12534942038703,1.2841113691159478,1.6444980523976156,-0.3603866832816678,156.73211877697372,152.25988159179687,147.78764440662002,0.4841063847585199,171538500,bull,hold
2025-12-17,151.8412628173828,152.8187235810262,151.7227882031615,152.27568982344656,9093300,152.31912155151366,147.46659881591796,137.53670223236085,0.007864244028058298,54.22789109397512,1.1914254584212642,1.5538835336023455,-0.3624580751810813,156.7358767460344,152.31912155151366,147.90236635699293,0.4459038691205183,162445200,bull,hold
2025-12-18,151.95973205566406,153.21362839533862,151.73263565503623,151.80175588099354,8876400,152.3971206665039,147.652216796875,137.567264213562,0.010372239995990462,54.56922001177956,1.1146813313476116,1.466043093151399,-0.3513617618037874,156.7298363904493,152.3971206665039,148.0644049425585,0.4495248893872105,171321600,bull,hold
2025-12-19,152.9766845703125,153.7961690565739,151.96960525322243,151.96960525322243,8571500,152.57089080810547,147.8644924926758,137.6049084854126,0.023246642380734484,57.49910137819922,1.122975662229436,1.3974296069670065,-0.27445394473757045,156.6990433658669,152.57089080810547,148.44273825034404,0.5491495598247796,179893100,bull,hold
2025-12-22,153.98507690429688,154.05447634644813,152.49777741416443,152.84480488410634,7063700,152.63760147094726,148.13800872802733,137.64754596710205,0.008740292881127987,60.237443376994364,1.1971181798794532,1.357367321549496,-0.16024914167004267,156.81163400818633,152.63760147094726,148.4635689337082,0.6614117069438212,186956800,bull,hold
2025-12-23,153.67770385742188,154.34202914642725,153.33066125842836,153.38024093394068,7465800,152.65685501098633,148.40853729248047,137.69649044036865,0.00251199808564162,58.98980854402248,1.2170448873487487,1.3293028347093467,-0.11225794736059802,156.84631967200608,152.65685501098633,148.4673903499666,0.6218352377970722,179491000,bull,hold
2025-12-24,154.4808349609375,154.6196489672487,153.83632947267037,153.8561643677411,3085700,152.5429885864258,148.68742736816407,137.75729442596435,-0.014527654835061354,61.24829319162627,1.2828549611467395,1.3200132599968255,-0.037158298850086036,156.3901935823962,152.5429885864258,148.6957835904554,0.7518511980179671,182576700,bull,hold
2025-12-26,154.72872924804688,154.7981286913637,154.03465916691334,154.37177675923633,4439100,152.45879592895508,148.96693084716796,137.82645092010497,-0.010765458402414274,61.94492402919169,1.3395711733659255,1.3239248426706456,0.015646330695279875,156.02718125879605,152.45879592895508,148.89041059911412,0.8180616874681745,187015800,bull,hold
2025-12-29,154.49075317382812,155.165003476261,154.3618490433058,154.7485614348728,6357300,152.40071640014648,149.24641387939454,137.89816905975343,-0.007462724609129889,60.81468121331181,1.349757337436273,1.329091341623771,0.020665995812501947,155.79275140107086,152.40071640014648,149.0086813992221,0.8080800718612986,180658500,bull,hold
2025-12-30,154.36184692382812,154.65930984347617,153.88591533014684,154.34202715755282,4355000,152.45269622802735,149.50455963134766,137.96388347625734,0.006780467643372701,60.174206825813826,1.3320729806544875,1.3296876694299145,0.0023853112245730834,155.9304045903733,152.45269622802735,148.97498786568138,0.7744840131610282,176303500,bull,hold
2025-12-31,153.4893035888672,154.52049119919462,153.45955881075338,154.28253297428407,4199500,152.50696029663087,149.71523956298827,138.0162707901001,0.007121080902487531,55.883997236532835,1.233432799980676,1.3104366955400668,-0.0770038955593908,156.01368444164154,152.50696029663087,149.0002361516202,0.6400656640805333,172104000,bull,hold
2026-01-02,154.1932830810547,154.2527877667088,152.2796317562968,153.55870260040638,10998000,152.56087951660157,149.93328552246095,138.07183696746827,0.007042974973038074,58.45746546058439,1.198252301108937,1.287999816653841,-0.0897475155449039,156.13583464789087,152.56087951660157,148.98592438531227,0.728311056293508,183102000,bull,hold
2026-01-05,153.7272491455078,154.07429170102634,151.67478397683192,153.2810623809775,17756200,152.64974975585938,150.12562103271483,138.12468311309814,0.011697312311430341,56.123421600068205,1.1198574390306533,1.2543713411292035,-0.1345139020985502,156.24782192618073,152.64974975585938,149.05167758553802,0.6497328761963385,165345800,bull,hold
2026-01-06,156.75144958496094,156.9894229535061,153.82643023762768,153.82643023762768,17783800,152.92142333984376,150.37686126708985,138.19221187591552,0.0359076413450945,65.69535509859698,1.2869218136090979,1.2608814356251823,0.026040377983915564,156.8788167045611,152.92142333984376,148.9640299751264,0.9839077003646234,183129600,bull,hold
2026-01-07,158.3081512451172,159.23026960787263,157.1976240753231,157.1976240753231,14505700,153.36127395629882,150.65943267822266,138.26952152252198,0.058838507905709214,69.39635881303984,1.5273282587344852,1.314170800247043,0.21315745848744228,157.64664996299118,153.36127395629882,149.07589794960646,1.0771812416335185,197635300,bull,hold
2026-01-08,156.78118896484375,159.14104228379264,156.27551259489434,157.80246671741907,17611000,153.79734420776367,150.9047509765625,138.3337431716919,0.05890461810408598,62.29667417284065,1.5764664796088255,1.3666299361193994,0.20983654348942604,157.5817626448543,153.79734420776367,150.01292577067304,0.8942276477457897,180024300,bull,hold
2026-01-09,155.97804260253906,157.58432110566127,155.9284629301827,156.98941042616022,12352000,154.08563766479492,151.1521731567383,138.4031438064575,0.0383848326519749,58.88432736221421,1.5329310000574594,1.3998901489070115,0.13304085115044795,157.60270600077297,154.08563766479492,150.56856932881686,0.7690315849688903,167672300,bull,hold
2026-01-12,156.04745483398438,156.1664339421853,154.68904445379357,155.99787516237012,12250100,154.30631484985352,151.4300109863281,138.47548358917237,0.02910657430253938,59.0928788116407,1.4868898650250344,1.417290092130616,0.06959977289441843,157.73305217907176,154.30631484985352,150.87957752063528,0.7540521517778646,179922400,bull,hold
2026-01-13,155.41287231445312,156.33499064997196,154.42133941367604,156.31515575567082,11756500,154.47156677246093,151.68883819580077,138.54352550506593,0.021728259276509787,56.28218495866387,1.383251169466945,1.4104823075978818,-0.027231138130936916,157.77482669043974,154.47156677246093,151.16830685448213,0.6424813011033291,168165900,bull,hold
2026-01-14,156.5233917236328,156.65229584829876,155.1550714143852,155.28397553905114,13516800,154.59163665771484,151.97086334228516,138.6193210220337,0.015581148689193691,59.87865625115476,1.3748776580728759,1.4033613776928808,-0.028483719620004955,158.00798205599372,154.59163665771484,151.17529125943597,0.7827224476323689,181682700,bull,hold
2026-01-15,155.6310272216797,156.11686871150192,154.05447824422745,155.9780546958966,15303400,154.76730194091797,152.2310919189453,138.68336734771728,0.023095965598799673,55.89919295574255,1.2814633209778776,1.3789817663498802,-0.0975184453720026,158.0138382610357,154.76730194091797,151.52076562080026,0.6330225809287106,166379300,bull,hold
2026-01-16,154.4213409423828,155.6409221861264,154.39159616543236,155.31371451007976,11950300,154.89630584716798,152.45429107666016,138.75442378997803,0.016991943277651966,50.95542541535106,1.0971726890537923,1.3226199508906626,-0.22544726183687036,157.86026044508986,154.89630584716798,151.9323512492461,0.41987648779806214,154429000,bull,hold
2026-01-20,154.08421325683594,154.5998146233695,151.93258858654514,152.6960731887748,12775200,155.00252990722657,152.65968994140624,138.81909938812257,0.013980553745604585,49.637860842764056,0.9133886727271943,1.240773695257969,-0.32738502253077484,157.6759356757671,155.00252990722657,152.32912413868604,0.32824966916788617,141653800,bull,hold
2026-01-21,156.9199981689453,157.16788140478442,153.83633010992293,153.88590978300917,16393900,155.1996955871582,152.91627532958984,138.90367610931398,0.025777219644346205,59.1955438535288,0.9852058190472235,1.1896601200158199,-0.2044543009685964,157.82764692289763,155.1996955871582,152.57174425141878,0.8273086830778525,158047700,bull,hold
2026-01-22,156.94973754882812,157.88178090426172,156.16643320753758,156.3151570920891,10881400,155.34792861938476,153.16950622558593,139.0267946243286,0.019252908815143188,59.282814763840626,1.03261776947042,1.15825164990674,-0.12563388043631996,158.01920280228177,155.34792861938476,152.67665443648775,0.7998211377362612,168929100,bull,hold
2026-01-23,156.1466064453125,157.03899518787256,155.33355728476735,156.46390425500292,10191300,155.47137374877929,153.38416351318358,139.1498589706421,0.01606545729093667,55.81126798247853,0.9939287221486381,1.1253870643551196,-0.13145834220648145,158.04904674261658,155.47137374877929,152.893700754942,0.6309771833253406,158737800,bull,hold
2026-01-26,156.76136779785156,156.9894161434859,155.57151613633317,156.03753784018966,6810400,155.585400390625,153.5439776611328,139.28328449249267,0.0147625615662339,57.84613665051954,1.0013307590973852,1.1005758033035726,-0.0992450442061874,158.17942685044383,155.585400390625,152.9913739308062,0.7266683523553353,165548200,bull,hold
2026-01-27,154.1337890625,155.75990244268144,153.82641627868395,154.4808316356036,12697500,155.55565338134767,153.60898223876953,139.3753031539917,-0.003845053135498322,47.72931851563078,0.7861114785693815,1.0376829383567345,-0.25157145978735307,158.2014220288827,155.55565338134767,152.90988473381265,0.23129466172857302,152850700,bull,hold
2026-01-28,153.00343322753906,153.83631719895527,152.17054925612285,152.99352334559032,11426600,155.4812873840332,153.65295959472655,139.48059741973876,-0.009627242509560263,44.151950625423474,0.5183630129329515,0.933818953271978,-0.41545594033902644,158.31923269399945,155.4812873840332,152.64334207406696,0.0634422291732572,141424100,bull,hold
2026-01-29,152.51759338378906,153.36038724585603,152.20029560306438,152.94394525584806,12167300,155.38907470703126,153.70518981933594,139.5737787246704,-0.011947599596609737,42.671549470013765,0.2639248484692871,0.7998401323114398,-0.5359152838421527,158.47549462463607,155.38907470703126,152.30265478942644,0.03482005043069809,129256800,bull,hold
2026-01-30,153.42982482910156,153.61820339388078,151.99208984766722,152.8150640691085,11863900,155.38610076904297,153.77823150634765,139.66335361480714,-0.00038751078006671325,46.31159342698837,0.13434161726519278,0.6667404293021905,-0.5323988120369977,158.47994279589415,155.38610076904297,152.2922587421918,0.18384359592974323,141120700,bull,hold
2026-02-02,154.37176513671875,154.68904780866626,153.0926791774518,153.2711629732157,11005300,155.39502487182617,153.8525375366211,139.76179531097412,0.0011575215994994448,49.85230405635398,0.10642587243069102,0.5546775179278906,-0.44825164549719954,158.47605594539775,155.39502487182617,152.3139937982546,0.33394199690410176,152126000,bull,hold
2026-02-03,152.7952423095703,155.7896610950327,152.54735905801655,153.46947749159187,21141900,155.3484245300293,153.90044738769532,139.85920146942138,-0.006062730199870581,44.55594799899785,-0.042420772809663276,0.43525785978037984,-0.4776786325900431,158.55459745244534,155.3484245300293,152.14225160761325,0.10183335674000359,130984100,bull,hold
2026-02-04,154.70889282226562,155.45254257247055,152.92413039585523,153.49922135156484,22951600,155.24629669189454,154.004599609375,139.97008861541747,-0.013030544649529574,51.31702790274236,-0.005899205842098354,0.3470264466558842,-0.3529256524979826,158.39684088730576,155.24629669189454,152.09575249648333,0.41471253277264775,153935700,bull,hold
2026-02-05,153.52896118164062,155.6409312456053,153.37031227560922,154.14372191011415,21421600,155.0073371887207,154.0221615600586,140.08935718536378,-0.030189159723536196,47.47299871695114,-0.0713438160929627,0.26335239410611483,-0.3346962101990775,157.90774745979422,155.0073371887207,152.10692691764717,0.24514364022492532,132514100,bull,hold
2026-02-06,156.37466430664062,156.46389863881592,154.5899020151759,154.718791007343,13616200,154.98701095581055,154.0838021850586,140.21067623138427,-0.0025929428197810633,56.027979354293194,0.10520260825285277,0.23172243693546243,-0.12651982868260966,157.84276545897086,154.98701095581055,152.13125645265023,0.7429573951987882,146130300,bull,hold
2026-02-09,154.99644470214844,156.81093676499458,154.70889166165438,156.235860943192,11823000,154.93793106079102,154.0485678100586,140.32182735443115,-0.006293180014394162,51.64119559289223,0.13238012203149196,0.21185397395466835,-0.07947385192317638,157.75737914367718,154.93793106079102,152.11848297790485,0.5103767900023758,134307300,bull,hold
2026-02-10,154.0148162841797,155.82932341407823,153.92558194900246,155.33355693474832,11103400,154.83629913330077,154.00061248779298,140.4199515914917,-0.01302577188437437,48.71554653826234,0.07385790008814297,0.18425475918136328,-0.1103968590932203,157.63490429924545,154.83629913330077,152.0376939673561,0.35323352162758764,123203900,bull,hold
2026-02-11,154.92701721191406,155.05592133170367,153.07285551139117,153.86606973584296,11738400,154.81200637817383,153.98610595703124,140.51940883636473,-0.003126221755660019,51.46717373851841,0.09993363610462325,0.16739053456601527,-0.06745689846139202,157.5985793541352,154.81200637817383,152.02543340221246,0.5206366089695802,134942300,bull,hold
2026-02-12,154.67913818359375,156.08711313868824,154.16353682002935,154.8873667573998,19409100,154.71979370117188,154.0132437133789,140.61493671417236,-0.011782606546728691,50.67156032075435,0.0994506733329672,0.15380256231940567,-0.054351888986438474,157.39350630174334,154.71979370117188,152.04608110060042,0.4923971788199223,115533200,bull,hold
2026-02-13,156.3350067138672,157.45544384834284,155.19474981264526,155.19474981264526,16647900,154.75499267578124,154.0918634033203,140.71541820526124,0.004523387815109414,55.60834173052766,0.23003101917944946,0.16904825369141444,0.06098276548803502,157.49351353724953,154.75499267578124,152.01647181431295,0.7884794599006281,132181100,bull,hold
2026-02-17,156.03753662109375,157.56450584763596,155.79957839432308,156.69195200389754,14881100,154.8358024597168,154.15031616210936,140.80859226226806,0.010466141977836907,54.55210760824428,0.3059863138614958,0.1964358657254307,0.10955044813606507,157.62508457568677,154.8358024597168,152.04652034374683,0.7154199739238364,117300000,bull,hold
2026-02-18,156.3350067138672,156.46391084568273,155.1550800199668,155.8689849922495,11886300,154.94834213256837,154.23801940917969,140.92198551177978,0.014607553943761342,55.46312089978168,0.3857382323224101,0.2342963390448266,0.1514418932775835,157.78840893174103,154.94834213256837,152.1082753333957,0.7441253462247377,129186300,bull,hold
2026-02-19,155.928466796875,156.38457861243572,154.86753440418045,155.86897724040887,11226900,154.89876556396484,154.33022918701172,141.02410243988038,-0.00631870624292763,53.873723397770455,0.41139551714204003,0.2697161746642693,0.14167934247777075,157.6320404212569,154.89876556396484,152.16549070667278,0.688364011428092,117959400,bull,hold
2026-02-20,155.49220275878906,155.91855466036205,154.5502343630497,155.6706714256079,13368500,154.82588882446288,154.4498504638672,141.1259453201294,-0.009286634133973126,52.14674720769125,0.39200742081845874,0.2941744238951072,0.09783299692335157,157.41020376137837,154.82588882446288,152.2415738875474,0.6289150027359789,104590900,bull,hold
2026-02-23,157.1976318359375,157.3364458478158,155.7995818340174,155.7995818340174,17053500,154.87844009399413,154.632607421875,141.25494953155518,0.006731016539851087,57.83674872524557,0.5083956202141167,0.33701866315890905,0.1713769570552076,157.60677495708157,154.87844009399413,152.1501052309067,0.9250196288806949,121644400,bull,hold
2026-02-24,156.53329467773438,157.15796524858285,155.97803867235413,156.67210867907943,12887100,154.86703643798828,154.7590298461914,141.3755944442749,-0.0014549064180869875,55.08882910860089,0.5407937168616286,0.377773673899453,0.1630200429621756,157.5655390492028,154.86703643798828,152.16853382677374,0.8087375629768528,108757300,bull,hold
2026-02-25,156.49365234375,157.8817924665279,156.28542376053701,156.53330700600398,11011500,154.9850296020508,154.85622467041014,141.50200801849365,0.01531048640018251,54.92114377415472,0.556851598226416,0.41358925876484565,0.1432623394615703,157.7505082792264,154.9850296020508,152.21955092487516,0.772759785521103,97745800,bull,hold
2026-02-26,156.08712768554688,156.83077745765857,154.76838694078427,156.73163323246635,15344400,155.13921432495118,154.935810546875,141.63352954864501,0.020154413485754308,53.1349674870675,0.5306573547869107,0.4370028779692587,0.09365447681765199,157.78692272990122,155.13921432495118,152.49150592000115,0.6790063737425759,82401400,bull,hold
2026-02-27,158.8435821533203,158.88325194553752,155.38314169721136,155.41288647657785,14250100,155.45551376342775,155.03024230957033,141.76279148101807,0.04147710850388764,62.12876034203958,0.7239755278143889,0.49439740793828474,0.22957811987610416,158.2804150693611,155.45551376342775,152.63061245749438,1.0996790724646444,96651500,bull,hold
2026-03-02,157.18771362304688,158.48661933598893,156.65229249977304,157.84212898561964,18641400,155.643408203125,155.13164215087892,141.9037775039673,0.024492557415946026,55.26722464635687,0.7350931250327335,0.5425365513571745,0.192556573675559,158.4035296217206,155.643408203125,152.88328678452942,0.7797531676536981,78010100,bull,hold
2026-03-03,155.41287231445312,156.05736264812168,153.6875996204481,155.33354786684,21432600,155.69546356201172,155.2030743408203,142.05105079650878,0.00674415542772544,49.01830056638344,0.5938435811418401,0.5527979573141076,0.04104562382773247,158.3963236741538,155.69546356201172,152.99460344986966,0.44768495297328176,56577500,bull,hold
2026-03-04,155.7202606201172,156.24577189956145,154.3519402391378,155.4128878109622,12745700,155.84171447753906,155.27828491210937,142.19159549713135,0.019143386052693057,50.07123401185748,0.5009315402986374,0.5424246739110136,-0.041493133612376165,158.19266201850746,155.84171447753906,153.49076693657065,0.4741691689615839,69323200,bull,hold
2026-03-05,152.60684204101562,154.38167938863242,151.4269153937342,153.8165134668342,20476400,155.73661193847656,155.27088806152344,142.30371044158935,-0.013587136090909113,40.86515638046152,0.17406470950683683,0.46875268103017825,-0.2946879715233414,158.44197533756,155.73661193847656,153.03124853939312,-0.07843798332624738,48846800,bull,hold
2026-03-06,151.40708923339844,151.69464228197066,149.67190644719147,151.4864136906048,18174000,155.63051834106446,155.21932830810547,142.40356632232667,-0.013820662446427878,37.96817932397789,-0.1797179569292382,0.339058553438295,-0.5187765103675333,158.80040425594825,155.63051834106446,152.46063242618067,-0.16617998582148522,30672800,bull,hold
2026-03-09,152.95387268066406,153.24142571862504,149.85038472855302,150.49487511638117,18675700,155.45947875976563,155.20485168457031,142.5095421218872,-0.02187561291430573,43.526679675427744,-0.3314599082647476,0.20495486109768646,-0.536414769362434,158.81407177748724,155.45947875976563,152.10488574204402,0.12654097443937667,49348500,bull,hold
2026-03-10,151.85325622558594,153.23148633908082,151.7144422260106,153.10259735135523,17247500,155.3023193359375,155.1523001098633,142.62527416229247,-0.020279100482612167,40.72996407264317,-0.5343671952345233,0.057090449831244505,-0.5914576450657678,159.00537024863868,155.3023193359375,151.59926842323634,0.03429439782726732,32101000,bull,hold
2026-03-11,151.5558319091797,151.86320473225092,150.65353320754937,151.54590689579445,12503800,155.1793701171875,155.08884216308593,142.7445566177368,-0.015965894933529068,39.98233518193948,-0.7109766425140833,-0.09652296863782106,-0.6144536738762623,159.19531593437748,155.1793701171875,151.1634242999975,0.04885618818641819,19597200,bull,hold
2026-03-12,148.8885955810547,151.19886923493416,148.75969145246805,150.66343295433774,15670500,154.87744903564453,154.97679901123047,142.85153003692628,-0.038975910977488426,33.96183109885891,-1.0540145588084613,-0.28802128667194915,-0.7659932721365121,159.7421409995634,154.87744903564453,150.01275707172567,-0.11554292635677932,3926700,bull,hold
2026-03-13,148.52171325683594,151.01047063310406,148.40273414483946,149.7611294387728,15129300,154.56957778930663,154.85999633789064,142.94776767730713,-0.03980772713802794,33.220819483967475,-1.3400318631498749,-0.4984234019675343,-0.8416084611823406,160.16933663283976,154.56957778930663,148.9698189457735,-0.04001115953904587,-11202600,bull,hold
2026-03-16,149.73138427734375,150.44528920667858,149.10672881136978,149.47359115881417,10896600,154.23939666748046,154.78483795166017,143.0533794784546,-0.042240203108250385,38.02249879257645,-1.4523505032270236,-0.6892088222194321,-0.7631416810075915,160.15374331332316,154.23939666748046,148.32505002163776,0.11889176775718104,-306000,bull,hold
2026-03-17,148.37298583984375,150.564280254439,148.27382649580912,149.93960967212251,11938600,153.85616912841797,154.66843200683593,143.14789531707763,-0.04911991657406023,34.980734416134624,-1.6321607033931116,-0.8777991984541681,-0.7543615049389435,160.23020525959683,153.85616912841797,147.48213299723912,0.06988137690708934,-12244600,bull,hold
2026-03-18,145.8941650390625,147.78799670047954,145.76526090757136,147.460788994874,15565400,153.33412704467773,154.51177032470704,143.22864765167236,-0.06678505278036728,30.228440443090776,-1.9521782095298192,-1.0926750006692985,-0.8595032088605208,160.47471522224163,153.33412704467773,146.19353886711383,-0.02096282691333314,-27810000,bull,hold
2026-03-19,145.36863708496094,146.83610152059458,145.06126431090163,145.89414830440253,16913000,152.80613555908204,154.28411407470702,143.30638111114501,-0.06772226988975749,29.31903119988391,-2.222579588630424,-1.3186559182615236,-0.9039236703689004,160.63023843390562,152.80613555908204,144.98203268425846,0.0247059891010954,-44723000,bull,hold
2026-03-20,144.0994873046875,145.77518043261722,143.4351620351376,145.2397441601134,16582200,152.23649978637695,153.99994079589842,143.3762526321411,-0.07326872506767934,27.19148822885718,-2.510346696168341,-1.5569940738428873,-0.9533526223254536,160.81768848646524,152.23649978637695,143.65531108628866,0.025880809403146403,-61305200,bull,hold
2026-03-23,144.13433837890625,146.12555664408833,143.96508664938054,145.91647204185674,21815400,151.58333511352538,153.7470037841797,143.44502689361573,-0.08310108304090114,27.34739604304295,-2.7044171739749743,-1.786478693869305,-0.9179384801056694,160.53524780294453,151.58333511352538,142.63142242410623,0.08394384568654316,-39489800,bull,hold
2026-03-24,144.15423583984375,144.66200620688315,142.75043854549617,143.31792783644744,24230900,150.96438217163086,153.51052764892577,143.51478099822998,-0.07908259302518506,27.442924260743922,-2.824059862848685,-1.993994927665181,-0.8300649351835041,160.16993555467343,150.96438217163086,141.7588287885883,0.13010662974743098,-15258900,bull,hold
2026-03-25,145.59788513183594,146.0459062034907,144.71179361081576,145.05029707012915,17743300,150.41959381103516,153.30153625488282,143.58554187774658,-0.06962433970152793,34.20277057220845,-2.7704510873873858,-2.149286159609622,-0.6211649277777638,159.5410151928732,150.41959381103516,141.2981724291971,0.23569312953790972,2484400,bull,hold
2026-03-26,145.10008239746094,146.2649432751889,144.9905647837366,145.11003301987589,13321000,149.87024154663087,153.09528045654298,143.6549387741089,-0.07039046365322599,33.05903028147938,-2.7365885773050707,-2.266746643148712,-0.46984193415635866,158.88292309406773,149.87024154663087,140.857559999194,0.23536404653471193,-10836600,bull,hold
2026-03-27,142.63095092773438,145.15980649117284,142.44179796417288,145.0801559419838,12932200,149.05960998535156,152.817431640625,143.70450695037843,-0.10206664320839254,28.048855286100647,-2.875839678645491,-2.388565250248068,-0.4872744283974231,157.60228122842165,149.05960998535156,140.51693874228147,0.12373250270913899,-23768800,bull,hold
2026-03-30,143.18850708007812,143.99494801490636,142.80020494960172,143.6663951911265,14799700,148.35964965820312,152.56858123779296,143.75652057647704,-0.0890604374877566,30.60633212385389,-2.9076890287549304,-2.4923900059494404,-0.41529902280549,156.40316942536276,148.35964965820312,140.3161298910435,0.17855225524291485,-8969100,bull,hold
2026-03-31,145.96624755859375,146.1056322218664,143.9650787805103,144.17414817952482,17866000,147.88731842041017,152.39947937011718,143.81723865509034,-0.06078405614140914,41.72051299665961,-2.6779200309390774,-2.529496010947368,-0.1484240199917095,155.30364553066244,147.88731842041017,140.4709913101579,0.3704836751900583,8896900,bull,hold
2026-04-01,147.08132934570312,148.10680551211985,146.30475545641258,146.57357416940988,16899200,147.45537185668945,152.25942169189454,143.88685787200927,-0.05547724644186747,45.494477918251086,-2.3784315848929793,-2.4992831257364903,0.12085154084351091,153.9449422159306,147.45537185668945,140.9658014974483,0.4711812577504695,25796100,bull,hold
2026-04-02,146.16537475585938,147.70857195428235,145.62775250706295,146.28484299074975,11087900,147.13329849243163,152.04432922363281,143.95395137786866,-0.04220955757294942,43.02956812532891,-2.189752609147604,-2.437377022418713,0.24762441327110896,153.19340475649284,147.13329849243163,141.07319222837043,0.4201397059394465,14708200,bull,hold
2026-04-06,145.6376953125,146.4939197307673,145.1199743361133,145.6376953125,7272600,146.8448287963867,151.81808837890625,144.02936206817628,-0.038105176911529925,41.6302006839108,-2.0590668417615348,-2.3617149862872773,0.3026481445257425,152.60558718260793,146.8448287963867,141.08407041016548,0.3952279020437683,7435600,bull,hold
2026-04-07,145.9264373779297,146.2649408358723,144.24385551867596,146.2649408358723,10263400,146.49345703125,151.6136849975586,144.10734119415284,-0.045944801393856816,42.72777367095633,-1.9101790034987403,-2.27140778972957,0.3612287862308299,151.53300997159806,146.49345703125,141.45390409090191,0.44374306014521814,17699000,bull,hold
2026-04-08,149.0128173828125,149.0426844415134,146.85234738330675,147.54927073931026,8130700,146.35143508911133,151.4587139892578,144.20388240814208,-0.01870515597343414,52.91877744974897,-1.5255536141170296,-2.1222369546070623,0.5966833404900327,150.91655926550123,146.35143508911133,141.78631091272143,0.791490679209277,25829700,bull,hold
2026-04-09,148.67431640625,149.56040794335226,147.648840195619,148.17651183053437,6406400,146.20735931396484,151.3495245361328,144.2977974319458,-0.01901289753505786,51.829483747964794,-1.233826636360078,-1.9445548909576655,0.7107282545975875,150.25943701564805,146.20735931396484,142.15528161228164,0.8044064395976909,19423300,bull,hold
2026-04-10,146.66317749023438,149.1820673562837,146.4640587039763,149.12233323958523,6217800,146.09608840942383,151.22271942138673,144.3736958694458,-0.01494686736841977,45.79770095067503,-1.1516376455334125,-1.7859714418728152,0.6343337963394027,149.9656565121532,146.09608840942383,142.22652030669445,0.5732755007478165,13205500,bull,hold
2026-04-13,147.32028198242188,147.39993253464772,145.5978824669329,146.23507169295013,6182800,146.03601684570313,151.11877319335937,144.45229000091553,-0.008089263502747523,47.92993078637293,-1.0217018938504623,-1.6331175322683449,0.6114156384178826,149.78863216456364,146.03601684570313,142.28340152684262,0.6711160121134819,19388300,bull,hold
2026-04-14,148.17649841308594,148.94312164397115,146.59348365168248,146.73286831258991,7722300,145.95827255249023,151.01370666503905,144.53359272003175,-0.010384502031836829,50.65390447274366,-0.8399548871643958,-1.4744850032475552,0.6345301160831593,149.45729087309573,145.95827255249023,142.45925423188473,0.8169783146793937,27110600,bull,hold
2026-04-15,147.12115478515625,148.55483425966253,146.2450139525605,148.20636501257414,6669200,145.89568099975585,150.8686944580078,144.6110438156128,-0.008437055085207645,47.36488632096612,-0.7721753293145355,-1.3340230684609513,0.5618477391464158,149.26194738306893,145.89568099975585,142.52941461644278,0.682022699016809,20441400,bull,hold
2026-04-16,145.96624755859375,147.54926234685925,145.64764536151975,146.54370264694867,9072300,145.89928512573243,150.73211456298827,144.67849422454833,0.0004940740399861365,43.99803085467214,-0.8024013196785802,-1.2276987187044772,0.425297399025897,149.2656916479376,145.89928512573243,142.53287860352728,0.509945684280794,11369100,bull,hold
2026-04-17,148.14663696289062,148.4652239748259,146.71295742970887,146.72290805165431,8338100,146.0381851196289,150.60086944580078,144.7474113845825,0.019110035930969715,51.069636921012055,-0.6430042790833852,-1.1107598307802589,0.46775555169687366,149.53236894806273,146.0381851196289,142.5440012911951,0.8017087747508093,19707200,bull,hold
2026-04-20,146.77268981933594,148.08690110656428,146.50387111207758,147.79816596386001,6325700,146.17184524536134,150.4657440185547,144.81609294891356,0.018551089699549994,47.03883065729837,-0.6203954948654768,-1.0126869635973026,0.39229146873182574,149.5621328581299,146.17184524536134,142.78155763259278,0.5886126256238094,13381500,bull,hold
2026-04-21,145.27928161621094,147.90768909707796,145.2394639356205,147.63887037977634,8735300,146.22909240722657,150.2438363647461,144.8766195297241,0.007943584090938982,43.06049549888308,-0.714744304119364,-0.9530984317017149,0.23835412758235097,149.51694706754407,146.22909240722657,142.94123774690908,0.35555766766711067,4646200,bull,hold
2026-04-22,145.7372589111328,146.9319867435205,145.3688732289034,145.86667775838063,8316900,146.30824356079103,150.05865264892577,144.94503803253173,0.010981453732985091,44.60768831126429,-0.7439852758302834,-0.9112758005274286,0.16729052469714523,149.46613886137698,146.30824356079103,143.15034826020508,0.4095941132766074,12963100,bull,hold
2026-04-23,145.59788513183594,146.12555675717437,144.5226254447907,145.5580522590992,7612000,146.30824356079103,149.8903140258789,145.0097620010376,0.0,44.21394621716206,-0.7695345406094702,-0.882927548543837,0.1133930079343668,149.46613886137698,146.30824356079103,143.15034826020508,0.38752660216073626,5351100,bull,hold
2026-04-24,143.5469207763672,144.89099921327448,143.0491161985186,144.60227924250995,7969700,146.23058547973633,149.66271209716797,145.06167583465577,-0.010704071255034142,38.78815617520476,-0.9443918386293149,-0.8952204065609326,-0.04917143206838226,149.57442005158498,146.23058547973633,142.8867509078877,0.09871449294133641,-2618600,bull,hold
2026-04-27,142.83009338378906,144.57240937238487,142.79026051093317,143.04911341733734,6571900,146.24054260253905,149.42573120117189,145.10592678070068,0.0013962078690450408,37.07564435885668,-1.1278088089801201,-0.9417380870447701,-0.18607072193535001,149.54236461228442,146.24054260253905,142.9387205927937,-0.016449585817165373,-9190500,bull,hold
2026-04-28,143.20840454101562,144.22393004298388,142.65086589422168,143.93521009796157,8612400,146.24153747558594,149.16319915771484,145.1576223373413,0.00013895990218237841,38.615958007659856,-1.2284803736758647,-0.9990865443709891,-0.22939382930487562,149.53969039861795,146.24153747558594,142.94338455255394,0.04017703160623221,-578100,bull,hold
2026-04-29,142.21279907226562,142.62100244606387,141.3466240234945,141.63534397582185,11885500,146.05386505126953,148.8867044067383,145.2051261520386,-0.025714495981829066,36.110718113490634,-1.3727758492360351,-1.0738244053439983,-0.29895144389203687,149.791232930554,146.05386505126953,142.31649717198505,-0.01387314589690279,-12463600,bull,hold
2026-04-30,145.34898376464844,145.64765435310767,143.02921264627946,143.04911389098353,12587800,145.9672477722168,148.66698394775392,145.28025218963623,-0.011778147428780361,47.63519098437809,-1.2200037153197627,-1.1030602673391512,-0.11694344798061151,149.68560001526262,145.9672477722168,142.248895529171,0.416863173906578,124200,bull,hold
2026-05-01,144.5226287841797,145.96625902255298,144.51266296987035,145.64765680045647,8865800,145.8851104736328,148.4388671875,145.34313808441163,-0.011238954331171613,45.31570625437666,-1.1523273271855032,-1.1129136793084218,-0.03941364787708146,149.65455223653075,145.8851104736328,142.11566871073487,0.31927274976578424,-8741600,bull,hold
2026-05-04,144.09449768066406,144.57240097644222,143.68630950422997,143.92524596033013,10885900,145.807950592041,148.2109130859375,145.41140209198,-0.010596141531384773,44.11712998844403,-1.1203254891591996,-1.1143960412785774,-0.005929447880622218,149.65683258517188,145.807950592041,141.95906859891014,0.2774090093649327,-19627500,bull,hold
2026-05-05,144.66200256347656,145.02042244044642,143.78586171048605,144.64208612814798,7174900,145.74472885131837,147.96020050048827,145.4868281173706,-0.008664878257655384,46.15031813094057,-1.0372145372144246,-1.098959740465747,0.06174520325132238,149.6251587496924,145.74472885131837,141.86429895294435,0.3604888741456851,-12452600,bull,hold
2026-05-06,144.7615509033203,145.50825769654608,144.26374637450314,144.72173322540192,10613500,145.53216552734375,147.724765625,145.5664374923706,-0.028529535607468737,46.5179019657355,-0.9523378322306542,-1.0696353588187284,0.11729752658807424,149.12858746796024,145.53216552734375,141.93574358672726,0.39286370777015395,-1839100,bull,hold
2026-05-07,144.0845489501953,145.1996262714032,143.6365278973378,144.54252062492463,7608000,145.30267715454102,147.47658355712892,145.63067127227782,-0.030871286762894745,44.30303656151473,-0.9289919903162627,-1.0415066851182353,0.11251469480197263,148.64454600948815,145.30267715454102,141.96080829959388,0.3177474555079493,-9447100,bull,hold
2026-05-08,142.85995483398438,144.43301903066,142.55130325273277,143.95511572588998,10165400,145.1125160217285,147.21204010009765,145.67531719207764,-0.02593168047585248,40.54269919838045,-0.9978027047498301,-1.0327658890445544,0.034963184294724226,148.55440920024526,145.1125160217285,141.67062284321176,0.17277293760829993,-19612500,bull,hold
2026-05-11,142.41192626953125,144.3832433265292,142.0435557450473,143.11881545110344,9255700,144.867098236084,146.8834069824219,145.72022930145263,-0.033317582934549894,39.230746706104945,-1.0760834325416226,-1.0414293977439681,-0.0346540347976545,148.34409406420525,144.867098236084,141.39010240796273,0.1469406223188722,-28868200,bull,hold
2026-05-12,145.2095947265625,145.99611923883873,142.56127084872918,143.17854363537103,11897200,144.7187530517578,146.6438446044922,145.775591545105,-0.020022768241238276,50.09140232721224,-0.901975596688942,-1.013538637532963,0.11156304084402091,147.8547552323711,144.7187530517578,141.5827508711445,0.5782591411828524,-16971000,bull,hold
2026-05-13,146.06581115722656,146.33461466401417,144.49274702716343,144.68191517831747,15841800,144.66598587036134,146.45690338134764,145.8410827255249,-0.0071732962500927755,52.867680330967154,-0.6869852339970635,-0.9482279568257831,0.26124272282871963,147.67131088860077,144.66598587036134,141.6606608521219,0.7328908318350977,-1129200,bull,hold
2026-05-14,145.9861602783203,146.75276831091423,145.29918760117917,146.20519548528674,7763800,144.66698150634767,146.2622213745117,145.91040180206298,0.00013642002901104178,52.574688178291375,-0.517070515857796,-0.8619964686321857,0.34492595277438975,147.67404161582348,144.66698150634767,141.65992139687185,0.7193469242293599,-8893000,bull,hold
2026-05-15,144.462890625,146.5138429990653,144.2538060236233,146.1155902325834,9039900,144.48279418945313,146.0993423461914,145.97328395843505,-0.024865541421729143,47.188597016348375,-0.4995682957473946,-0.7895108340552275,0.2899425383078329,147.0310172624005,144.48279418945313,141.93457111650577,0.4960946189004345,-17932900,bull,hold
2026-05-18,145.0801544189453,145.14983915388612,143.48717383546503,143.86551014219407,7949200,144.3981674194336,145.97280364990235,146.05772968292237,-0.011531678014990332,49.448599335032135,-0.4309222275313971,-0.7177931127504615,0.28687088521906445,146.74069543811132,144.3981674194336,142.0556394007559,0.6455664551446153,-9983700,bear,death_cross
2026-05-19,146.6731414794922,147.41984831251264,144.21398576073497,144.98059383788095,12388200,144.46786041259764,145.84718902587892,146.1467003250122,0.00959434716206431,54.821835064075906,-0.24515300996773703,-0.6232650921939166,0.37811208222617954,146.98735203082956,144.46786041259764,141.94836879436573,0.9376440570264986,2404500,bear,hold
2026-05-20,146.48397827148438,147.37006980229575,145.6476550444592,146.8921664749128,10527900,144.50519638061525,145.73980346679687,146.22548664093017,0.005123736825645153,54.08664129192181,-0.11190350271513694,-0.5209927742981607,0.4090892715830238,147.1191844928448,144.50519638061525,141.8912082683857,0.8784986399921625,-8123400,bear,hold
2026-05-21,147.49948120117188,147.64883168034717,145.19962662469027,146.2549698336568,7157000,144.60027618408202,145.6586764526367,146.31185665130616,0.013060602271894872,57.39023466781636,0.07477829368534117,-0.40183856070146035,0.4766168543868015,147.49010796996205,144.60027618408202,141.710444398202,1.0016217606947955,-966400,bear,hold
2026-05-22,149.23184204101562,149.65996183839692,148.34575058145566,148.43535175121383,6915200,144.88452224731446,145.66554138183594,146.4166676712036,0.0396032268327442,62.36508806780003,0.3583808132038939,-0.2497946859203895,0.6081754991242834,148.3624977198071,144.88452224731446,141.40654677482183,1.1249785008669828,5948800,bear,hold
2026-05-26,147.85791015625,149.64005905129824,147.78822541512318,149.29158977029394,6590400,145.1359130859375,145.6522653198242,146.52198028564453,0.035201382659262315,56.70996510113261,0.46689100363511216,-0.10645754800928917,0.5733485516444013,148.70909031532727,145.1359130859375,141.5627358565477,0.8808930953555535,-641600,bear,hold
2026-05-27,148.1366729736328,149.54048546647863,147.62891779595617,148.03712117758474,10062500,145.38232650756837,145.62037109375,146.62303535461425,0.03441326260433075,57.55101573377229,0.5688229046059519,0.02859854251375904,0.5402243620921928,149.06778053085523,145.38232650756837,141.6968724842815,0.8736780392131969,9420900,bear,hold
2026-05-28,150.21751403808594,150.68545155587515,148.4552815815561,148.49509926333408,10397400,145.78256225585938,145.65726165771486,146.73385597229003,0.05628688147648875,63.28511407751386,0.8081947876636377,0.1845177915437348,0.6236769961199029,149.73331453857068,145.78256225585938,141.83180997314807,1.0612794051444503,19818300,bear,hold
2026-05-29,148.81369018554688,150.37678853913314,148.44531968785748,150.18763557531219,13195800,145.9557975769043,145.71565216064454,146.83323455810546,0.023837156140757987,57.62924728576959,0.8745407159231888,0.3225223764196256,0.5520183395035632,150.1137238553677,145.9557975769043,141.7978712984409,0.8436680231014977,6622500,bear,hold
2026-06-01,147.1908416748047,148.22628361790495,146.61338658957357,147.86786374403007,12582900,146.08920822143554,145.75209625244142,146.91417922973633,0.018462249912500006,51.859270621696496,0.7870968672249035,0.4154372745806812,0.37165959264422227,150.22580459573936,146.08920822143554,141.95261184713172,0.6331569911210576,-5960400,bear,hold
2026-06-02,145.75717163085938,146.62336191076818,144.6719613171809,146.1056409056467,12024300,146.1723419189453,145.78524993896485,146.9846629333496,0.011538774741281621,47.34904520172896,0.5952501233747967,0.4513998443395043,0.14385027903529235,150.2109134917245,146.1723419189453,142.1337703461661,0.44859936482440177,-17984700,bear,hold
2026-06-03,146.90213012695312,147.39993469180774,145.4286328686846,145.5182340443289,9836000,146.28434829711915,145.84060577392577,147.0498146057129,0.015485251992786608,51.013218199177416,0.5294950887261791,0.4670188932168393,0.062476195509339805,150.27310396843166,146.28434829711915,142.29559262580665,0.5774404201136104,-8148700,bear,hold
2026-06-04,151.4122314453125,151.87020311693655,149.63008267604906,149.71969903944418,14051800,146.61688232421875,145.98576568603517,147.13908935546874,0.045942313414657265,62.17889731747459,0.8317236415204832,0.539959842877568,0.29176379864291513,151.11833886899453,146.61688232421875,142.11542577944297,1.0326441645492561,5903100,bear,hold
2026-06-05,152.33815002441406,154.02073191254732,152.248548847266,152.706535739006,20723000,147.0295623779297,146.12057098388672,147.22871841430663,0.057283040647694294,63.993407623859824,1.1328965123671821,0.6585471767754909,0.47434933559169123,152.01413157431995,147.0295623779297,142.04499318153944,1.0325021518739037,26626100,bear,hold
2026-06-08,151.97972106933594,153.7917368999195,151.74078461117657,152.56714197648554,10639500,147.48555068969728,146.2581637573242,147.31291877746582,0.06383710708819357,62.738605953543455,1.3273550385529234,0.7923087491309775,0.5350462894219459,152.52915233055316,147.48555068969728,142.4419490488414,0.945531853986392,15986600,bear,hold
2026-06-09,153.8913116455078,154.29949984604318,152.50740036053372,152.80608614008358,13125500,148.05951995849608,146.48337097167968,147.40893768310548,0.0806069103668361,66.51023076767754,1.6170735874978277,0.9572617168043476,0.6598118706934801,153.2728275802233,148.05951995849608,142.84621233676887,1.059317817992065,29112100,bear,hold
2026-06-10,152.17886352539062,154.4488511552092,152.14899646645537,154.27959942397948,11712200,148.4079833984375,146.66317810058592,147.49084129333497,0.04799454755005428,60.59324130594333,1.689027317545083,1.1036148369524947,0.5854124805925882,153.74298600403728,148.4079833984375,143.0729807928377,0.8534093988065815,17399900,bear,hold
2026-06-11,153.4134063720703,154.47871542751025,152.18881140244568,152.78618295395455,10548800,148.77536315917968,146.81212127685546,147.58859848022462,0.05030331982981795,63.139195459786094,1.8246351984563205,1.24781890925326,0.5768162892030606,154.41771009240165,148.77536315917968,143.1330162259577,0.9110030159242757,27948700,bear,hold
2026-06-12,153.13462829589844,154.4787066142165,152.6965578753566,154.28953846063808,9111000,149.1327865600586,146.93318725585937,147.6807847595215,0.04896675139581519,62.162530332278216,1.8878484187524975,1.3758248111531075,0.51202360759939,154.92673002968095,149.1327865600586,143.33884309043626,0.8453469779970665,18837700,bear,hold
2026-06-15,152.2186737060547,153.2043321777189,151.10359638264487,153.03508045482914,9525300,149.52057571411132,147.05425323486327,147.7687843322754,0.053687026803217686,58.93676379380247,1.8427929013474227,1.4692184291919708,0.3735744721554519,155.04427135234894,149.52057571411132,143.9968800758737,0.7442294225324314,9312400,bear,hold
2026-06-16,152.26846313476562,153.04503704266804,151.05381877793573,152.92556880815684,8630000,149.87999114990234,147.18686859130858,147.85968658447266,0.049547153741391625,59.061125887894995,1.7904643119232446,1.5334676057382255,0.25699670618501913,155.12986776574309,149.87999114990234,144.6301145340616,0.7274788685182063,17942400,bear,hold
2026-06-17,150.04824829101562,151.90008175243497,149.31149211671723,151.38236078693367,10991400,150.04874649047852,147.26930480957031,147.93457359313965,0.023011076039407996,51.56205267777641,1.5519508219963427,1.5371642489898492,0.014786573006493553,155.08820838169714,150.04874649047852,145.0092845992599,0.4999505701726047,6951000,bear,hold
2026-06-18,148.74398803710938,150.6057873166077,148.13666590059287,150.6057873166077,10879300,150.16174697875977,147.26392822265626,148.00230049133302,0.015428375118516025,47.72820450654499,1.2433516763346404,1.4784017344588076,-0.23505005812416724,154.97257478122114,150.16174697875977,145.3509191762984,0.3526491697619047,-3928300,bear,hold
2026-06-22,150.05999755859375,150.6199951171875,149.05999755859375,149.3300018310547,11706100,150.28977279663087,147.2916418457031,148.0798016357422,0.017359493989878017,51.63578813758423,1.0923832855632725,1.4011980446797008,-0.3088147591164283,154.94412994661053,150.28977279663087,145.6354156466512,0.47531611448875116,7777800,bear,hold
2026-06-23,152.17999267578125,152.42999267578125,151.0,151.49000549316406,9479900,150.43718032836915,147.40197814941405,148.165347366333,0.01975550656243552,57.18800976991301,1.1307708145572235,1.3471125986552055,-0.216341784097982,155.13471875817322,150.43718032836915,145.73964189856508,0.6855027237621545,17257700,bear,hold
2026-06-24,153.35000610351562,154.6699981689453,152.4600067138672,153.1300048828125,10070100,150.71178512573243,147.52257263183594,148.25443359375,0.037144417511797645,59.9225447632002,1.2412946413141128,1.325949007186987,-0.08465436587287423,155.41621070125825,150.71178512573243,146.00735955020662,0.7803977802846116,27327800,bear,hold
2026-06-25,155.6300048828125,157.2100067138672,153.58999633789062,153.9499969482422,9419200,151.0864517211914,147.67164276123046,148.35516540527342,0.050583908486411255,64.65969167623689,1.495621819699295,1.3598835696894487,0.1357382500098463,156.09461070042306,151.0864517211914,146.07829274195973,0.9536151089115547,36747000,bear,hold
2026-06-26,160.33999633789062,160.63999938964844,156.17999267578125,156.32000732421875,16563800,151.59257583618165,147.93601959228516,148.4758106994629,0.06738550005053501,72.0178346560042,2.0535626958227056,1.4986193949161002,0.5549433009066054,157.99816846585964,151.59257583618165,145.18698320650367,1.1827955668911088,53310800,bear,hold
2026-06-29,160.74000549316406,161.08999633789062,159.8800048828125,160.6999969482422,12935000,152.1888916015625,148.23149475097657,148.60464790344238,0.08014259503105503,72.54073779404955,2.4992029992366724,1.6987361157802148,0.8004668834564577,159.59158703925584,152.1888916015625,144.78619616386914,1.0775675876154958,66245800,bear,hold
2026-06-30,158.66000366210938,161.25,157.9600067138672,161.00999450683594,11559400,152.76234970092773,148.44176208496094,148.71134017944337,0.07792035059249147,65.66882492961071,2.653944367249096,1.8897777660739914,0.7641666011751047,160.30313484720358,152.76234970092773,145.22156455465188,0.891050391091855,54686400,bear,hold
2026-07-01,159.5399932861328,159.9600067138672,158.5,159.61000061035156,10123700,153.4514907836914,148.69710815429687,148.83034423828124,0.09456016126725775,67.08929277808701,2.815134704021375,2.074849153663468,0.7402855503579069,160.822824818276,153.4514907836914,146.08015674910683,0.9129851173393831,64810100,bear,hold
2026-07-02,163.74000549316406,163.85000610351562,160.3800048828125,160.6699981689453,14719400,154.29338455200195,149.06632263183593,148.97614723205567,0.11461968149583401,72.86089010816335,3.2443858310674614,2.308756489144267,0.9356293419231942,162.29921411326205,154.29338455200195,146.28755499074185,1.0899838904186734,79529500,bull,golden_cross
2026-07-06,161.9600067138672,163.4499969482422,160.25,163.1999969482422,16123400,154.82077331542968,149.39077758789062,149.11305023193358,0.06966263668311612,67.46122451889747,3.4017264316175613,2.527350477638926,0.8743759539786353,163.3692212308416,154.82077331542968,146.27232540001776,0.917574831658403,63406100,bull,hold
2026-07-07,164.44000244140625,165.61000061035156,163.8800048828125,164.75,12143500,155.4258659362793,149.76761993408203,149.26102630615233,0.079440720627451,70.71733344751689,3.684067285736944,2.75869383925853,0.9253734464784142,164.85373120673543,155.4258659362793,145.99800066582318,0.9780581948585076,75549600,bull,hold
2026-07-08,162.3000030517578,163.99000549316406,162.25999450683594,163.4199981689453,9287900,155.9418800354004,150.14268157958983,149.3969755554199,0.0679056515554044,64.70069308220957,3.692578632830191,2.9454707979728623,0.7471078348573288,165.68329321232673,155.9418800354004,146.20046685847407,0.8263450025617107,66261700,bull,hold
2026-07-09,162.1699981689453,163.4199981689453,161.36000061035156,161.8000030517578,9576400,156.35581436157227,150.52947967529298,149.53315925598145,0.05379567199029167,64.3425495271205,3.6467956390996505,3.08573576619822,0.5610598729014304,166.41199102722476,156.35581436157227,146.29963769591978,0.7890852060719934,56685300,bull,hold
2026-07-10,160.83999633789062,162.66000366210938,160.24000549316406,162.47999572753906,9497100,156.78887100219725,150.88211151123048,149.66286575317383,0.05691416410830863,60.64414555450309,3.4632698353906903,3.1612425800367143,0.302027255353976,166.83420478742454,156.78887100219725,146.74353721696997,0.7016421466079591,47188200,bull,hold
2026-07-13,161.41000366210938,162.24000549316406,160.32000732421875,160.97000122070312,6873000,157.1887008666992,151.26605560302735,149.79389190673828,0.05212450123586376,61.66125309936815,3.325485019768479,3.1940910679830674,0.13139395178541147,167.30114351388846,157.1887008666992,147.07625821950995,0.7087182564433864,54061200,bull,hold
2026-07-14,158.2899932861328,160.0800018310547,157.77999877929688,159.77999877929688,11523000,157.44646911621095,151.52487579345703,149.91203315734865,0.03366557288579286,53.5095376037532,2.9307469716131607,3.141422248709086,-0.21067527709592548,167.3938902155524,157.44646911621095,147.4990480168695,0.5423991385052407,42538200,bull,hold
2026-07-15,158.2899932861328,159.35000610351562,157.25,157.3800048828125,10885300,157.75003509521486,151.8002230834961,150.04133125305177,0.03988551097089621,53.5095376037532,2.5880804441796386,3.030753887803197,-0.4426734436235584,167.40710064061463,157.75003509521486,148.09296954981508,0.5279566390214246,53423500,bull,hold
2026-07-16,161.8000030517578,162.63999938964844,159.94000244140625,160.35000610351562,11819000,158.22661209106445,152.15433319091798,150.18141616821288,0.06259694043510677,60.34887239163892,2.5701165029162496,2.9386264108258073,-0.36850990790955773,167.69346659900657,158.22661209106445,148.75975758312234,0.6887316931772587,65242500,bull,hold
2026-07-17,161.08999633789062,164.0,160.8800048828125,161.80999755859375,9166500,158.7786994934082,152.48289306640626,150.31597648620607,0.07358798368282016,58.474920441176735,2.4701144007869686,2.84492400881804,-0.3748096080310712,167.53454321374963,158.7786994934082,150.02285577306677,0.6319859580815074,56076000,bull,hold
2026-07-20,159.25,161.49000549316406,159.17999267578125,161.0,6635300,159.30400009155272,152.77266204833984,150.42519393920898,0.07063150653369288,53.81150984184322,2.216835388964654,2.719306284847363,-0.5024708958827091,166.75157516083982,159.30400009155272,151.85642502226563,0.4963746527527186,49440700,bull,hold
2026-07-21,160.25,160.3699951171875,157.22999572753906,157.52999877929688,6594900,159.81350021362306,153.09597106933595,150.51818382263184,0.06790618823932326,55.87129952651407,2.072906415155529,2.5900263109089963,-0.5171198957534671,165.9385862958422,159.81350021362306,153.6884141314039,0.5356321348400377,56035600,bull,hold
2026-07-22,159.42999267578125,160.97000122070312,158.9499969482422,160.97000122070312,5599500,160.17600021362304,153.42737182617188,150.60845596313476,0.047640953797692065,53.75437514147526,1.8711049948243215,2.4462420476920617,-0.5751370528677402,165.21250521757705,160.17600021362304,155.13949520966904,0.4259399586363834,50436100,bull,hold
2026-07-23,161.44000244140625,161.61000061035156,159.32000732421875,159.89999389648438,6448200,160.58050003051758,153.80793334960939,150.70073135375978,0.052755109330935746,57.95924183203231,1.8520179944457595,2.3273972370428013,-0.4753792425970418,164.5444126753052,160.58050003051758,156.61658738572996,0.6084159122450484,56884300,bull,hold
2026-07-24,162.57000732421875,163.25,161.5800018310547,162.47000122070312,7647900,160.9275001525879,154.1551416015625,150.80211242675782,0.04459295909315175,60.15278597341109,1.9061010133541743,2.2431379923050763,-0.337036978950902,164.2623336610989,160.9275001525879,157.5926666440769,0.7462652434430277,64532200,bull,hold
2026-07-27,163.39999389648438,164.57000732421875,162.35000610351562,163.00999450683594,8056000,161.08050003051758,154.50182525634764,150.9071004486084,0.01908443076264832,61.732160789993124,1.9929615551485824,2.1931027048737777,-0.20014114972519526,164.57064208997113,161.08050003051758,157.59035797106404,0.8322921855980205,72588200,bull,hold
2026-07-28,167.25999450683594,168.52999877929688,165.75,165.99000549316406,12774800,161.40649948120117,154.92730194091797,151.03000625610352,0.04056232917043889,68.07055938642856,2.3462231501990516,2.2237267939388325,0.12249635626021904,165.807639347004,161.40649948120117,157.00535961539833,1.1649976147221361,85363000,bull,hold
2026-07-29,166.24000549316406,168.16000366210938,165.77000427246094,167.14999389648438,11656900,161.7854995727539,155.36284423828124,151.14939178466796,0.047775127039562326,65.00651336890351,2.5148908244306085,2.281959600037188,0.2329312243934205,166.4715828047772,161.7854995727539,157.0994163407306,0.9752909519371523,73706100,bull,hold
2026-07-30,163.52000427246094,163.9499969482422,161.86000061035156,163.25,12475200,161.9845001220703,155.73164123535156,151.26544548034667,0.02494679173760539,57.56512904832329,2.4013979837932027,2.305847276788391,0.09555070700481183,166.6098879757478,161.9845001220703,157.3591122683928,0.665986529018297,61230900,bull,hold
2026-07-31,162.5500030517578,163.22999572753906,160.72999572753906,162.30999755859375,9604900,161.925,156.0491784667969,151.37743911743163,-0.007267634063050865,55.14098059656125,2.2077337180092798,2.2862245650325685,-0.07849084702328879,166.48873209445418,161.925,157.36126790554584,0.5684749935822595,51626000,bull,hold
2026-08-03,162.24000549316406,164.72999572753906,161.35000610351562,163.6300048828125,10986300,161.93899993896486,156.36429901123046,151.48595748901369,0.0017288143226095176,54.353217444325416,2.0061139470598732,2.2302024414380295,-0.22408849437815626,166.5047931049907,161.93899993896486,157.373206772939,0.5329631176067058,40639700,bull,hold
2026-08-04,162.10000610351562,162.49000549316406,160.97000122070312,162.0,15129600,161.8220001220703,156.65630950927735,151.592689743042,-0.014230091845957138,53.9781651319938,1.814119999169634,2.1469859529843505,-0.3328659538147165,166.2430738943428,161.8220001220703,157.4009263497978,0.5314410023181335,25510100,bull,hold
2026-08-05,164.16000366210938,165.35000610351562,162.6199951171875,163.63999938964844,15216000,161.91500015258788,156.9548727416992,151.71090675354003,0.0114602623251856,58.51434049377086,1.8073539478138798,2.079059551950256,-0.27170560413637634,166.44918718309953,161.91500015258788,157.38081312207623,0.7475640610339099,40726100,bull,hold
2026-08-06,164.4499969482422,167.02000427246094,163.02999877929688,166.13999938964844,9435100,162.02900009155275,157.28671447753905,151.8258839416504,0.014059313097615211,59.1251253497381,1.804589651795709,2.024165571919347,-0.21957592012363802,166.6958089623391,162.02900009155275,157.3621912207664,0.7593846163107923,50161200,bull,hold
2026-08-07,165.67999267578125,165.77000427246094,162.9199981689453,163.9199981689453,7971800,162.27099990844727,157.63758087158203,151.9395073699951,0.03009199482772207,61.70074056096858,1.8799780858666963,1.9953280747088171,-0.11534998884212078,167.16263079964463,162.27099990844727,157.3793690172499,0.848451553598266,58133000,bull,hold
2026-08-10,168.44000244140625,168.5,165.5500030517578,165.67999267578125,6995900,162.62249984741212,158.00203063964844,152.06525245666504,0.043553674616185756,66.7619244540852,2.1377905658198415,2.0238205729310224,0.11396999288881915,168.18099780013608,162.62249984741212,157.06400189468815,1.0232980783183738,65128900,bull,hold
2026-08-11,168.00999450683594,169.66000366210938,167.63999938964844,168.27999877929688,6680900,163.10849990844727,158.38595672607423,152.18475006103515,0.06140628992972896,65.31376300925317,2.2811154876314674,2.0752795558711115,0.20583593176035597,168.76562041038906,163.10849990844727,157.45137940650548,0.9332146183474651,58448000,bull,hold
2026-08-12,168.44000244140625,168.8800048828125,165.75999450683594,166.4199981689453,7138300,163.61600036621093,158.81093994140625,152.30600288391113,0.06412287311760623,66.10553761195311,2.401714102205915,2.1405664651380722,0.2611476370678427,169.2741067767427,163.61600036621093,157.95789395567914,0.9262912116866614,65586300,bull,hold
2026-08-13,168.3800048828125,169.7100067138672,167.83999633789062,169.49000549316406,6730100,163.94500045776368,159.26339660644533,152.4270050048828,0.040667501279031626,65.87957480547037,2.4640441049367325,2.2052619930978046,0.25878211183892796,169.89989613019608,163.94500045776368,157.99010478533128,0.8723830499315236,58856200,bull,hold
2026-08-14,167.3699951171875,167.77000427246094,166.4499969482422,167.66000366210938,5023800,164.2590003967285,159.67275390625,152.54127861022948,0.03898441195643465,62.03529785164443,2.404227298366152,2.245055054151474,0.15917224421467768,170.24083177193398,164.2590003967285,158.27716902152304,0.7600369790892115,53832400,bull,hold
2026-08-17,167.0500030517578,167.8699951171875,165.86000061035156,166.4499969482422,7225500,164.6490005493164,159.9855093383789,152.65849395751954,0.048979611000049106,60.82431107958034,2.3044372447125454,2.2569314922636887,0.047505752448856686,170.2805037495738,164.6490005493164,159.01749734905903,0.7131759866825312,46606900,bull,hold
2026-08-18,169.72999572753906,170.3000030517578,168.4499969482422,168.6699981689453,7529600,165.12300033569335,160.3333462524414,152.79636611938477,0.059157539641429446,66.68925603827188,2.413781350662134,2.2883014639433776,0.12547988671875654,170.78940892828663,165.12300033569335,159.45659174310006,0.9065181072423583,54136500,bull,hold
2026-08-19,175.67999267578125,176.60000610351562,172.2899932861328,172.47000122070312,16538900,165.93550033569335,160.8073516845703,152.96240852355956,0.10192561466803918,75.46972235548043,2.9465859611586325,2.419958363386429,0.5266275977722037,172.66420835051957,165.93550033569335,159.20679232086712,1.2240983201096416,70675400,bull,hold
2026-08-20,172.38999938964844,175.19000244140625,172.33999633789062,174.19000244140625,9673400,166.48300018310547,161.1773254394531,153.11224784851075,0.06782703656249289,65.23090889335188,3.0679965367431805,2.549565998057779,0.5184305386854016,173.4376172510047,166.48300018310547,159.52838311520625,0.9246818443684124,61002000,bull,hold
2026-08-21,174.6199951171875,175.60000610351562,171.7899932861328,171.91000366210938,10166900,167.08549957275392,161.62614807128907,153.2722498321533,0.0741218382855644,68.36386297133565,3.3060472561445238,2.700862249675128,0.6051850064693958,174.6415905721877,167.08549957275392,159.52940857332013,0.9985709902777886,71168900,bull,hold
2026-08-24,174.6999969482422,174.9199981689453,173.3300018310547,174.41000366210938,5930800,167.6504997253418,162.0518798828125,153.42944290161134,0.06915546801621364,68.47361572754862,3.461260390276493,2.852941877795401,0.6083185124810919,175.69395259959475,167.6504997253418,159.60704685108885,0.9382133726092801,77099700,bull,hold
2026-08-25,175.2899932861328,175.82000732421875,174.0399932861328,174.4499969482422,5434000,168.05199966430663,162.4949871826172,153.58682151794434,0.04800908192645359,69.31896477765845,3.590486794225569,3.000450861081435,0.5900359331441343,176.75224097385149,168.05199966430663,159.35175835476178,0.915965107420959,82533700,bull,hold
2026-08-26,173.5399932861328,174.83999633789062,173.4499969482422,174.3300018310547,5617400,168.41699905395507,162.92141357421875,153.73406784057616,0.043912340903218494,63.8501032847577,3.511214184279993,3.102603525721147,0.40861065855884604,177.3907524966303,168.41699905395507,159.44324561127982,0.7854432242262767,76916300,bull,hold
2026-08-27,171.5800018310547,173.11000061035156,171.42999267578125,171.9499969482422,7110400,168.81999893188475,163.30764434814452,153.87052688598632,0.049290590435430603,58.302179818341735,3.252739582529699,3.1326307370828577,0.12010884544684153,177.59971538397318,168.81999893188475,160.04028247979633,0.6571806398436372,69805900,bull,hold
2026-08-28,171.16000366210938,171.7100067138672,170.58999633789062,171.42999267578125,4911700,169.25049896240233,163.72987945556642,153.99925819396972,0.052968320201200125,57.156114275199435,2.9796586066268276,3.1020363109916516,-0.12237770436482398,177.59164124833075,169.25049896240233,160.90935667647392,0.6144630216252512,64894200,bull,hold
2026-08-31,170.5399932861328,170.97999572753906,169.1999969482422,170.25,7312600,169.66549835205078,164.16579956054687,154.10810485839843,0.051158700147593716,55.42406871641206,2.682290534469729,3.018087155687267,-0.33579662121753806,177.37191853565153,169.66549835205078,161.95907816845002,0.5567380776837837,57581600,bull,hold
2026-09-01,171.6699981689453,173.52999877929688,171.02999877929688,172.6199951171875,7821200,170.14399795532228,164.5979995727539,154.21203704833985,0.05903757992037573,57.92654972102164,2.508885277312089,2.916246780012232,-0.4073615027001427,177.05987345127664,170.14399795532228,163.2281224593679,0.6103258882057457,65402800,bull,hold
2026-09-02,172.9499969482422,174.47999572753906,172.08999633789062,172.08999633789062,7805000,170.5834976196289,165.01339965820313,154.32276420593263,0.053545279544615854,60.623200437161884,2.4465433371203744,2.8223060914338607,-0.37576275431348627,177.0232012296759,170.5834976196289,164.1437940095819,0.6837428763740897,73207800,bull,hold
2026-09-03,173.25999450683594,174.16000366210938,171.3800048828125,174.07000732421875,5933900,171.02399749755858,165.41159942626953,154.4395337677002,0.05357250059035601,61.270626887919846,2.3945482509078886,2.7367545233286665,-0.34220627242077795,176.90637652612295,171.02399749755858,165.1416184689942,0.69005890290472,79141700,bull,hold
2026-09-04,171.4499969482422,172.52999877929688,171.24000549316406,171.38999938964844,6083000,171.31249771118163,165.72799926757813,154.54789505004882,0.03482619825890643,55.52972715112136,2.1821357912136534,2.625830776905664,-0.4436949856920105,176.65984014850622,171.31249771118163,165.96515527385705,0.5128567824739262,73058700,bull,hold
2026-09-08,167.1300048828125,168.75,166.94000244140625,168.2899932861328,11066600,171.24699783325195,165.86379943847658,154.63026275634766,-0.007777235452424369,44.751949080988226,1.6462333769321447,2.42991129691096,-0.7836779199788153,176.7629124122563,171.24699783325195,165.7310832542476,0.12680776764470905,61992100,bull,hold
2026-09-09,166.5800018310547,167.41000366210938,166.38999938964844,167.30999755859375,8018100,171.17549819946288,165.98059936523438,154.71116401672364,-0.008511354815400995,43.5919000916007,1.1637314313926765,2.1766753238073036,-1.012943892414627,176.89086319937357,171.17549819946288,165.4601331995522,0.09797000117402807,53974000,bull,hold
2026-09-10,165.66000366210938,167.0800018310547,165.5800018310547,166.5,7932400,171.03649826049804,166.12059936523437,154.79195762634276,-0.01650438576943103,41.647182476372905,0.6990507776052084,1.8811504145668845,-1.182099636961676,177.13368299936903,171.03649826049804,164.93931352162704,0.059100238171213904,46041600,bull,hold
2026-09-11,165.36000061035156,167.1300048828125,165.11000061035156,166.8300018310547,6501800,170.885498046875,166.23699951171875,154.85550331115724,-0.017935646661625726,41.004777930192525,0.30308648030836594,1.5655376277151807,-1.2624511474068147,177.37530476072638,170.885498046875,164.39569133302362,0.07429414463683404,39539800,bull,hold
